2026-10-09T11:45:19.0361051Z Note: This linter can be disabled with `set_option linter.unusedVariables false`
2026-10-09T11:45:19.0361406Z warning: OIBridge/DitaTorusLocus.lean:3523:6: Variable name `Δc` is not explicitly referenced.
2026-10-09T11:45:19.0361413Z 
2026-10-09T11:45:19.0361819Z Hint: The binding can be removed (if unused) or named `_` (if used implicitly). Alternatively, prefix the name with `_` to silence this warning:
2026-10-09T11:45:19.0361920Z   [apply] _Δc
2026-10-09T11:45:19.0361923Z 
2026-10-09T11:45:19.0362134Z Note: This linter can be disabled with `set_option linter.unusedVariables false`
2026-10-09T11:45:19.0362474Z warning: OIBridge/DitaTorusLocus.lean:3524:6: Variable name `Δr` is not explicitly referenced.
2026-10-09T11:45:19.0362477Z 
2026-10-09T11:45:19.0362912Z Hint: The binding can be removed (if unused) or named `_` (if used implicitly). Alternatively, prefix the name with `_` to silence this warning:
2026-10-09T11:45:19.0363022Z   [apply] _Δr
2026-10-09T11:45:19.0363027Z 
2026-10-09T11:45:19.0363319Z Note: This linter can be disabled with `set_option linter.unusedVariables false`
2026-10-09T11:45:19.0363585Z warning: OIBridge/DitaTorusLocus.lean:3527:6: Variable name `dgT` is not explicitly referenced.
2026-10-09T11:45:19.0363644Z 
2026-10-09T11:45:19.0364043Z Hint: The binding can be removed (if unused) or named `_` (if used implicitly). Alternatively, prefix the name with `_` to silence this warning:
2026-10-09T11:45:19.0364130Z   [apply] _dgT
2026-10-09T11:45:19.0364133Z 
2026-10-09T11:45:19.0364335Z Note: This linter can be disabled with `set_option linter.unusedVariables false`
2026-10-09T11:45:19.0364619Z warning: OIBridge/DitaTorusLocus.lean:3531:6: Variable name `dita28` is not explicitly referenced.
2026-10-09T11:45:19.0364623Z 
2026-10-09T11:45:19.0365017Z Hint: The binding can be removed (if unused) or named `_` (if used implicitly). Alternatively, prefix the name with `_` to silence this warning:
2026-10-09T11:45:19.0365099Z   [apply] _dita28
2026-10-09T11:45:19.0365102Z 
2026-10-09T11:45:19.0365313Z Note: This linter can be disabled with `set_option linter.unusedVariables false`
2026-10-09T11:45:19.0365583Z warning: OIBridge/DitaTorusLocus.lean:3534:6: Variable name `dita82` is not explicitly referenced.
2026-10-09T11:45:19.0365589Z 
2026-10-09T11:45:19.0365976Z Hint: The binding can be removed (if unused) or named `_` (if used implicitly). Alternatively, prefix the name with `_` to silence this warning:
2026-10-09T11:45:19.0366064Z   [apply] _dita82
2026-10-09T11:45:19.0366068Z 
2026-10-09T11:45:19.0366275Z Note: This linter can be disabled with `set_option linter.unusedVariables false`
2026-10-09T11:45:19.0366655Z warning: OIBridge/DitaTorusLocus.lean:3541:6: Variable name `P` is not explicitly referenced.
2026-10-09T11:45:19.0366659Z 
2026-10-09T11:45:19.0367053Z Hint: The binding can be removed (if unused) or named `_` (if used implicitly). Alternatively, prefix the name with `_` to silence this warning:
2026-10-09T11:45:19.0367145Z   [apply] _P
2026-10-09T11:45:19.0367148Z 
2026-10-09T11:45:19.0367353Z Note: This linter can be disabled with `set_option linter.unusedVariables false`
2026-10-09T11:45:19.0367623Z warning: OIBridge/DitaTorusLocus.lean:3547:6: Variable name `ditak2` is not explicitly referenced.
2026-10-09T11:45:19.0367629Z 
2026-10-09T11:45:19.0368026Z Hint: The binding can be removed (if unused) or named `_` (if used implicitly). Alternatively, prefix the name with `_` to silence this warning:
2026-10-09T11:45:19.0368107Z   [apply] _ditak2
2026-10-09T11:45:19.0368116Z 
2026-10-09T11:45:19.0368325Z Note: This linter can be disabled with `set_option linter.unusedVariables false`
2026-10-09T11:45:19.0368656Z warning: OIBridge/DitaTorusLocus.lean:3550:6: Variable name `ditak3` is not explicitly referenced.
2026-10-09T11:45:19.0368660Z 
2026-10-09T11:45:19.0369056Z Hint: The binding can be removed (if unused) or named `_` (if used implicitly). Alternatively, prefix the name with `_` to silence this warning:
2026-10-09T11:45:19.0369157Z   [apply] _ditak3
2026-10-09T11:45:19.0369160Z 
2026-10-09T11:45:19.0369370Z Note: This linter can be disabled with `set_option linter.unusedVariables false`
2026-10-09T11:45:19.0369641Z warning: OIBridge/DitaTorusLocus.lean:3553:6: Variable name `ditak4` is not explicitly referenced.
2026-10-09T11:45:19.0369646Z 
2026-10-09T11:45:19.0370034Z Hint: The binding can be removed (if unused) or named `_` (if used implicitly). Alternatively, prefix the name with `_` to silence this warning:
2026-10-09T11:45:19.0370122Z   [apply] _ditak4
2026-10-09T11:45:19.0370125Z 
2026-10-09T11:45:19.0370489Z Note: This linter can be disabled with `set_option linter.unusedVariables false`
2026-10-09T11:45:19.0370757Z warning: OIBridge/DitaTorusLocus.lean:3556:6: Variable name `ditae1` is not explicitly referenced.
2026-10-09T11:45:19.0370761Z 
2026-10-09T11:45:19.0371157Z Hint: The binding can be removed (if unused) or named `_` (if used implicitly). Alternatively, prefix the name with `_` to silence this warning:
2026-10-09T11:45:19.0371241Z   [apply] _ditae1
2026-10-09T11:45:19.0371244Z 
2026-10-09T11:45:19.0371513Z Note: This linter can be disabled with `set_option linter.unusedVariables false`
2026-10-09T11:45:19.0371785Z warning: OIBridge/DitaTorusLocus.lean:3559:6: Variable name `ditae2` is not explicitly referenced.
2026-10-09T11:45:19.0371851Z 
2026-10-09T11:45:19.0372250Z Hint: The binding can be removed (if unused) or named `_` (if used implicitly). Alternatively, prefix the name with `_` to silence this warning:
2026-10-09T11:45:19.0372332Z   [apply] _ditae2
2026-10-09T11:45:19.0372343Z 
2026-10-09T11:45:19.0372547Z Note: This linter can be disabled with `set_option linter.unusedVariables false`
2026-10-09T11:45:19.0372816Z warning: OIBridge/DitaTorusLocus.lean:3562:6: Variable name `ditat2` is not explicitly referenced.
2026-10-09T11:45:19.0372820Z 
2026-10-09T11:45:19.0373212Z Hint: The binding can be removed (if unused) or named `_` (if used implicitly). Alternatively, prefix the name with `_` to silence this warning:
2026-10-09T11:45:19.0373293Z   [apply] _ditat2
2026-10-09T11:45:19.0373298Z 
2026-10-09T11:45:19.0373506Z Note: This linter can be disabled with `set_option linter.unusedVariables false`
2026-10-09T11:45:19.0373777Z warning: OIBridge/DitaTorusLocus.lean:3565:6: Variable name `ditat3` is not explicitly referenced.
2026-10-09T11:45:19.0373782Z 
2026-10-09T11:45:19.0374169Z Hint: The binding can be removed (if unused) or named `_` (if used implicitly). Alternatively, prefix the name with `_` to silence this warning:
2026-10-09T11:45:19.0374254Z   [apply] _ditat3
2026-10-09T11:45:19.0374318Z 
2026-10-09T11:45:19.0374533Z Note: This linter can be disabled with `set_option linter.unusedVariables false`
2026-10-09T11:45:19.0374790Z warning: OIBridge/DitaTorusLocus.lean:3567:6: Variable name `Hu` is not explicitly referenced.
2026-10-09T11:45:19.0374794Z 
2026-10-09T11:45:19.0375184Z Hint: The binding can be removed (if unused) or named `_` (if used implicitly). Alternatively, prefix the name with `_` to silence this warning:
2026-10-09T11:45:19.0375268Z   [apply] _Hu
2026-10-09T11:45:19.0375274Z 
2026-10-09T11:45:19.0375476Z Note: This linter can be disabled with `set_option linter.unusedVariables false`
2026-10-09T11:45:19.0375747Z warning: OIBridge/DitaTorusLocus.lean:3574:6: Variable name `ditamc` is not explicitly referenced.
2026-10-09T11:45:19.0375753Z 
2026-10-09T11:45:19.0376147Z Hint: The binding can be removed (if unused) or named `_` (if used implicitly). Alternatively, prefix the name with `_` to silence this warning:
2026-10-09T11:45:19.0376230Z   [apply] _ditamc
2026-10-09T11:45:19.0376236Z 
2026-10-09T11:45:19.0376499Z Note: This linter can be disabled with `set_option linter.unusedVariables false`
2026-10-09T11:45:19.0376772Z warning: OIBridge/DitaTorusLocus.lean:3577:6: Variable name `ditamr` is not explicitly referenced.
2026-10-09T11:45:19.0376776Z 
2026-10-09T11:45:19.0377163Z Hint: The binding can be removed (if unused) or named `_` (if used implicitly). Alternatively, prefix the name with `_` to silence this warning:
2026-10-09T11:45:19.0377247Z   [apply] _ditamr
2026-10-09T11:45:19.0377253Z 
2026-10-09T11:45:19.0377459Z Note: This linter can be disabled with `set_option linter.unusedVariables false`
2026-10-09T11:45:19.0377904Z info: OIBridge/DitaTorusLocus.lean:3584:0: 'OIBridge.DitaTorusLocus.a40_shared_excl_k1_r' depends on axioms: [propext, Classical.choice, Quot.sound]
2026-10-09T11:45:19.0378178Z warning: OIBridge/DitaTorusLocus.lean:3592:6: Variable name `pt` is not explicitly referenced.
2026-10-09T11:45:19.0378182Z 
2026-10-09T11:45:19.0378580Z Hint: The binding can be removed (if unused) or named `_` (if used implicitly). Alternatively, prefix the name with `_` to silence this warning:
2026-10-09T11:45:19.0378661Z   [apply] _pt
2026-10-09T11:45:19.0378664Z 
2026-10-09T11:45:19.0378878Z Note: This linter can be disabled with `set_option linter.unusedVariables false`
2026-10-09T11:45:19.0379137Z warning: OIBridge/DitaTorusLocus.lean:3596:6: Variable name `S` is not explicitly referenced.
2026-10-09T11:45:19.0379141Z 
2026-10-09T11:45:19.0379568Z Hint: The binding can be removed (if unused) or named `_` (if used implicitly). Alternatively, prefix the name with `_` to silence this warning:
2026-10-09T11:45:19.0379653Z   [apply] _S
2026-10-09T11:45:19.0379695Z 
2026-10-09T11:45:19.0379902Z Note: This linter can be disabled with `set_option linter.unusedVariables false`
2026-10-09T11:45:19.0380162Z warning: OIBridge/DitaTorusLocus.lean:3597:6: Variable name `tor` is not explicitly referenced.
2026-10-09T11:45:19.0380171Z 
2026-10-09T11:45:19.0380689Z Hint: The binding can be removed (if unused) or named `_` (if used implicitly). Alternatively, prefix the name with `_` to silence this warning:
2026-10-09T11:45:19.0380779Z   [apply] _tor
2026-10-09T11:45:19.0380783Z 
2026-10-09T11:45:19.0380989Z Note: This linter can be disabled with `set_option linter.unusedVariables false`
2026-10-09T11:45:19.0381248Z warning: OIBridge/DitaTorusLocus.lean:3598:6: Variable name `adj` is not explicitly referenced.
2026-10-09T11:45:19.0381251Z 
2026-10-09T11:45:19.0381648Z Hint: The binding can be removed (if unused) or named `_` (if used implicitly). Alternatively, prefix the name with `_` to silence this warning:
2026-10-09T11:45:19.0381732Z   [apply] _adj
2026-10-09T11:45:19.0381737Z 
2026-10-09T11:45:19.0382065Z Note: This linter can be disabled with `set_option linter.unusedVariables false`
2026-10-09T11:45:19.0382743Z warning: OIBridge/DitaTorusLocus.lean:3599:6: Variable name `μ` is not explicitly referenced.
2026-10-09T11:45:19.0382752Z 
2026-10-09T11:45:19.0383302Z Hint: The binding can be removed (if unused) or named `_` (if used implicitly). Alternatively, prefix the name with `_` to silence this warning:
2026-10-09T11:45:19.0383514Z   [apply] _μ
2026-10-09T11:45:19.0383517Z 
2026-10-09T11:45:19.0383868Z Note: This linter can be disabled with `set_option linter.unusedVariables false`
2026-10-09T11:45:19.0384271Z warning: OIBridge/DitaTorusLocus.lean:3601:6: Variable name `N` is not explicitly referenced.
2026-10-09T11:45:19.0384276Z 
2026-10-09T11:45:19.0384762Z Hint: The binding can be removed (if unused) or named `_` (if used implicitly). Alternatively, prefix the name with `_` to silence this warning:
2026-10-09T11:45:19.0384915Z   [apply] _N
2026-10-09T11:45:19.0384925Z 
2026-10-09T11:45:19.0385251Z Note: This linter can be disabled with `set_option linter.unusedVariables false`
2026-10-09T11:45:19.0385600Z warning: OIBridge/DitaTorusLocus.lean:3606:6: Variable name `Δc` is not explicitly referenced.
2026-10-09T11:45:19.0385604Z 
2026-10-09T11:45:19.0386105Z Hint: The binding can be removed (if unused) or named `_` (if used implicitly). Alternatively, prefix the name with `_` to silence this warning:
2026-10-09T11:45:19.0386306Z   [apply] _Δc
2026-10-09T11:45:19.0386313Z 
2026-10-09T11:45:19.0386747Z Note: This linter can be disabled with `set_option linter.unusedVariables false`
2026-10-09T11:45:19.0387348Z warning: OIBridge/DitaTorusLocus.lean:3607:6: Variable name `Δr` is not explicitly referenced.
2026-10-09T11:45:19.0387353Z 
2026-10-09T11:45:19.0387888Z Hint: The binding can be removed (if unused) or named `_` (if used implicitly). Alternatively, prefix the name with `_` to silence this warning:
2026-10-09T11:45:19.0387998Z   [apply] _Δr
2026-10-09T11:45:19.0388005Z 
2026-10-09T11:45:19.0388225Z Note: This linter can be disabled with `set_option linter.unusedVariables false`
2026-10-09T11:45:19.0388500Z warning: OIBridge/DitaTorusLocus.lean:3610:6: Variable name `dgT` is not explicitly referenced.
2026-10-09T11:45:19.0388504Z 
2026-10-09T11:45:19.0389115Z Hint: The binding can be removed (if unused) or named `_` (if used implicitly). Alternatively, prefix the name with `_` to silence this warning:
2026-10-09T11:45:19.0389261Z   [apply] _dgT
2026-10-09T11:45:19.0389265Z 
2026-10-09T11:45:19.0389484Z Note: This linter can be disabled with `set_option linter.unusedVariables false`
2026-10-09T11:45:19.0389756Z warning: OIBridge/DitaTorusLocus.lean:3614:6: Variable name `dita28` is not explicitly referenced.
2026-10-09T11:45:19.0389759Z 
2026-10-09T11:45:19.0390741Z Hint: The binding can be removed (if unused) or named `_` (if used implicitly). Alternatively, prefix the name with `_` to silence this warning:
2026-10-09T11:45:19.0390851Z   [apply] _dita28
2026-10-09T11:45:19.0390944Z 
2026-10-09T11:45:19.0391283Z Note: This linter can be disabled with `set_option linter.unusedVariables false`
2026-10-09T11:45:19.0391695Z warning: OIBridge/DitaTorusLocus.lean:3617:6: Variable name `dita82` is not explicitly referenced.
2026-10-09T11:45:19.0391700Z 
2026-10-09T11:45:19.0392460Z Hint: The binding can be removed (if unused) or named `_` (if used implicitly). Alternatively, prefix the name with `_` to silence this warning:
2026-10-09T11:45:19.0392553Z   [apply] _dita82
2026-10-09T11:45:19.0392597Z 
2026-10-09T11:45:19.0392898Z Note: This linter can be disabled with `set_option linter.unusedVariables false`
2026-10-09T11:45:19.0393172Z warning: OIBridge/DitaTorusLocus.lean:3624:6: Variable name `P` is not explicitly referenced.
2026-10-09T11:45:19.0393176Z 
2026-10-09T11:45:19.0393713Z Hint: The binding can be removed (if unused) or named `_` (if used implicitly). Alternatively, prefix the name with `_` to silence this warning:
2026-10-09T11:45:19.0393797Z   [apply] _P
2026-10-09T11:45:19.0393803Z 
2026-10-09T11:45:19.0394016Z Note: This linter can be disabled with `set_option linter.unusedVariables false`
2026-10-09T11:45:19.0394296Z warning: OIBridge/DitaTorusLocus.lean:3627:6: Variable name `ditak1` is not explicitly referenced.
2026-10-09T11:45:19.0394300Z 
2026-10-09T11:45:19.0394700Z Hint: The binding can be removed (if unused) or named `_` (if used implicitly). Alternatively, prefix the name with `_` to silence this warning:
2026-10-09T11:45:19.0394873Z   [apply] _ditak1
2026-10-09T11:45:19.0394877Z 
2026-10-09T11:45:19.0395089Z Note: This linter can be disabled with `set_option linter.unusedVariables false`
2026-10-09T11:45:19.0395358Z warning: OIBridge/DitaTorusLocus.lean:3633:6: Variable name `ditak3` is not explicitly referenced.
2026-10-09T11:45:19.0395361Z 
2026-10-09T11:45:19.0395763Z Hint: The binding can be removed (if unused) or named `_` (if used implicitly). Alternatively, prefix the name with `_` to silence this warning:
2026-10-09T11:45:19.0395850Z   [apply] _ditak3
2026-10-09T11:45:19.0395856Z 
2026-10-09T11:45:19.0396060Z Note: This linter can be disabled with `set_option linter.unusedVariables false`
2026-10-09T11:45:19.0396331Z warning: OIBridge/DitaTorusLocus.lean:3636:6: Variable name `ditak4` is not explicitly referenced.
2026-10-09T11:45:19.0396334Z 
2026-10-09T11:45:19.0396796Z Hint: The binding can be removed (if unused) or named `_` (if used implicitly). Alternatively, prefix the name with `_` to silence this warning:
2026-10-09T11:45:19.0396878Z   [apply] _ditak4
2026-10-09T11:45:19.0396881Z 
2026-10-09T11:45:19.0397092Z Note: This linter can be disabled with `set_option linter.unusedVariables false`
2026-10-09T11:45:19.0397361Z warning: OIBridge/DitaTorusLocus.lean:3639:6: Variable name `ditae1` is not explicitly referenced.
2026-10-09T11:45:19.0397364Z 
2026-10-09T11:45:19.0397756Z Hint: The binding can be removed (if unused) or named `_` (if used implicitly). Alternatively, prefix the name with `_` to silence this warning:
2026-10-09T11:45:19.0397844Z   [apply] _ditae1
2026-10-09T11:45:19.0397848Z 
2026-10-09T11:45:19.0398054Z Note: This linter can be disabled with `set_option linter.unusedVariables false`
2026-10-09T11:45:19.0398485Z warning: OIBridge/DitaTorusLocus.lean:3642:6: Variable name `ditae2` is not explicitly referenced.
2026-10-09T11:45:19.0398490Z 
2026-10-09T11:45:19.0399025Z Hint: The binding can be removed (if unused) or named `_` (if used implicitly). Alternatively, prefix the name with `_` to silence this warning:
2026-10-09T11:45:19.0399114Z   [apply] _ditae2
2026-10-09T11:45:19.0399117Z 
2026-10-09T11:45:19.0399323Z Note: This linter can be disabled with `set_option linter.unusedVariables false`
2026-10-09T11:45:19.0399596Z warning: OIBridge/DitaTorusLocus.lean:3645:6: Variable name `ditat2` is not explicitly referenced.
2026-10-09T11:45:19.0399599Z 
2026-10-09T11:45:19.0400441Z Hint: The binding can be removed (if unused) or named `_` (if used implicitly). Alternatively, prefix the name with `_` to silence this warning:
2026-10-09T11:45:19.0400677Z   [apply] _ditat2
2026-10-09T11:45:19.0400687Z 
2026-10-09T11:45:19.0401104Z Note: This linter can be disabled with `set_option linter.unusedVariables false`
2026-10-09T11:45:19.0401446Z warning: OIBridge/DitaTorusLocus.lean:3648:6: Variable name `ditat3` is not explicitly referenced.
2026-10-09T11:45:19.0401453Z 
2026-10-09T11:45:19.0401866Z Hint: The binding can be removed (if unused) or named `_` (if used implicitly). Alternatively, prefix the name with `_` to silence this warning:
2026-10-09T11:45:19.0401949Z   [apply] _ditat3
2026-10-09T11:45:19.0401952Z 
2026-10-09T11:45:19.0402165Z Note: This linter can be disabled with `set_option linter.unusedVariables false`
2026-10-09T11:45:19.0402437Z warning: OIBridge/DitaTorusLocus.lean:3650:6: Variable name `Hu` is not explicitly referenced.
2026-10-09T11:45:19.0402443Z 
2026-10-09T11:45:19.0402840Z Hint: The binding can be removed (if unused) or named `_` (if used implicitly). Alternatively, prefix the name with `_` to silence this warning:
2026-10-09T11:45:19.0402930Z   [apply] _Hu
2026-10-09T11:45:19.0402934Z 
2026-10-09T11:45:19.0403144Z Note: This linter can be disabled with `set_option linter.unusedVariables false`
2026-10-09T11:45:19.0403409Z warning: OIBridge/DitaTorusLocus.lean:3657:6: Variable name `ditamc` is not explicitly referenced.
2026-10-09T11:45:19.0403488Z 
2026-10-09T11:45:19.0403889Z Hint: The binding can be removed (if unused) or named `_` (if used implicitly). Alternatively, prefix the name with `_` to silence this warning:
2026-10-09T11:45:19.0403975Z   [apply] _ditamc
2026-10-09T11:45:19.0403978Z 
2026-10-09T11:45:19.0404176Z Note: This linter can be disabled with `set_option linter.unusedVariables false`
2026-10-09T11:45:19.0404443Z warning: OIBridge/DitaTorusLocus.lean:3660:6: Variable name `ditamr` is not explicitly referenced.
2026-10-09T11:45:19.0404448Z 
2026-10-09T11:45:19.0404840Z Hint: The binding can be removed (if unused) or named `_` (if used implicitly). Alternatively, prefix the name with `_` to silence this warning:
2026-10-09T11:45:19.0404920Z   [apply] _ditamr
2026-10-09T11:45:19.0404923Z 
2026-10-09T11:45:19.0405130Z Note: This linter can be disabled with `set_option linter.unusedVariables false`
2026-10-09T11:45:19.0405719Z info: OIBridge/DitaTorusLocus.lean:3667:0: 'OIBridge.DitaTorusLocus.a40_shared_excl_k2_c' depends on axioms: [propext, Classical.choice, Quot.sound]
2026-10-09T11:45:19.0406255Z warning: OIBridge/DitaTorusLocus.lean:3675:6: Variable name `pt` is not explicitly referenced.
2026-10-09T11:45:19.0406261Z 
2026-10-09T11:45:19.0406670Z Hint: The binding can be removed (if unused) or named `_` (if used implicitly). Alternatively, prefix the name with `_` to silence this warning:
2026-10-09T11:45:19.0406756Z   [apply] _pt
2026-10-09T11:45:19.0406759Z 
2026-10-09T11:45:19.0406965Z Note: This linter can be disabled with `set_option linter.unusedVariables false`
2026-10-09T11:45:19.0407226Z warning: OIBridge/DitaTorusLocus.lean:3679:6: Variable name `S` is not explicitly referenced.
2026-10-09T11:45:19.0407231Z 
2026-10-09T11:45:19.0407625Z Hint: The binding can be removed (if unused) or named `_` (if used implicitly). Alternatively, prefix the name with `_` to silence this warning:
2026-10-09T11:45:19.0407702Z   [apply] _S
2026-10-09T11:45:19.0407706Z 
2026-10-09T11:45:19.0407914Z Note: This linter can be disabled with `set_option linter.unusedVariables false`
2026-10-09T11:45:19.0408192Z warning: OIBridge/DitaTorusLocus.lean:3680:6: Variable name `tor` is not explicitly referenced.
2026-10-09T11:45:19.0408196Z 
2026-10-09T11:45:19.0408585Z Hint: The binding can be removed (if unused) or named `_` (if used implicitly). Alternatively, prefix the name with `_` to silence this warning:
2026-10-09T11:45:19.0408671Z   [apply] _tor
2026-10-09T11:45:19.0408674Z 
2026-10-09T11:45:19.0408943Z Note: This linter can be disabled with `set_option linter.unusedVariables false`
2026-10-09T11:45:19.0409204Z warning: OIBridge/DitaTorusLocus.lean:3681:6: Variable name `adj` is not explicitly referenced.
2026-10-09T11:45:19.0409246Z 
2026-10-09T11:45:19.0409644Z Hint: The binding can be removed (if unused) or named `_` (if used implicitly). Alternatively, prefix the name with `_` to silence this warning:
2026-10-09T11:45:19.0409729Z   [apply] _adj
2026-10-09T11:45:19.0409732Z 
2026-10-09T11:45:19.0409934Z Note: This linter can be disabled with `set_option linter.unusedVariables false`
2026-10-09T11:45:19.0410457Z warning: OIBridge/DitaTorusLocus.lean:3682:6: Variable name `μ` is not explicitly referenced.
2026-10-09T11:45:19.0410462Z 
2026-10-09T11:45:19.0410860Z Hint: The binding can be removed (if unused) or named `_` (if used implicitly). Alternatively, prefix the name with `_` to silence this warning:
2026-10-09T11:45:19.0410960Z   [apply] _μ
2026-10-09T11:45:19.0410964Z 
2026-10-09T11:45:19.0411169Z Note: This linter can be disabled with `set_option linter.unusedVariables false`
2026-10-09T11:45:19.0411425Z warning: OIBridge/DitaTorusLocus.lean:3684:6: Variable name `N` is not explicitly referenced.
2026-10-09T11:45:19.0411432Z 
2026-10-09T11:45:19.0411827Z Hint: The binding can be removed (if unused) or named `_` (if used implicitly). Alternatively, prefix the name with `_` to silence this warning:
2026-10-09T11:45:19.0411903Z   [apply] _N
2026-10-09T11:45:19.0411906Z 
2026-10-09T11:45:19.0412111Z Note: This linter can be disabled with `set_option linter.unusedVariables false`
2026-10-09T11:45:19.0412525Z warning: OIBridge/DitaTorusLocus.lean:3689:6: Variable name `Δc` is not explicitly referenced.
2026-10-09T11:45:19.0412530Z 
2026-10-09T11:45:19.0412928Z Hint: The binding can be removed (if unused) or named `_` (if used implicitly). Alternatively, prefix the name with `_` to silence this warning:
2026-10-09T11:45:19.0413032Z   [apply] _Δc
2026-10-09T11:45:19.0413036Z 
2026-10-09T11:45:19.0413248Z Note: This linter can be disabled with `set_option linter.unusedVariables false`
2026-10-09T11:45:19.0413571Z warning: OIBridge/DitaTorusLocus.lean:3690:6: Variable name `Δr` is not explicitly referenced.
2026-10-09T11:45:19.0413578Z 
2026-10-09T11:45:19.0413971Z Hint: The binding can be removed (if unused) or named `_` (if used implicitly). Alternatively, prefix the name with `_` to silence this warning:
2026-10-09T11:45:19.0414079Z   [apply] _Δr
2026-10-09T11:45:19.0414082Z 
2026-10-09T11:45:19.0414283Z Note: This linter can be disabled with `set_option linter.unusedVariables false`
2026-10-09T11:45:19.0414614Z warning: OIBridge/DitaTorusLocus.lean:3693:6: Variable name `dgT` is not explicitly referenced.
2026-10-09T11:45:19.0414619Z 
2026-10-09T11:45:19.0415019Z Hint: The binding can be removed (if unused) or named `_` (if used implicitly). Alternatively, prefix the name with `_` to silence this warning:
2026-10-09T11:45:19.0415098Z   [apply] _dgT
2026-10-09T11:45:19.0415102Z 
2026-10-09T11:45:19.0415310Z Note: This linter can be disabled with `set_option linter.unusedVariables false`
2026-10-09T11:45:19.0415589Z warning: OIBridge/DitaTorusLocus.lean:3697:6: Variable name `dita28` is not explicitly referenced.
2026-10-09T11:45:19.0415595Z 
2026-10-09T11:45:19.0415986Z Hint: The binding can be removed (if unused) or named `_` (if used implicitly). Alternatively, prefix the name with `_` to silence this warning:
2026-10-09T11:45:19.0416071Z   [apply] _dita28
2026-10-09T11:45:19.0416075Z 
2026-10-09T11:45:19.0416282Z Note: This linter can be disabled with `set_option linter.unusedVariables false`
2026-10-09T11:45:19.0416550Z warning: OIBridge/DitaTorusLocus.lean:3700:6: Variable name `dita82` is not explicitly referenced.
2026-10-09T11:45:19.0416554Z 
2026-10-09T11:45:19.0416953Z Hint: The binding can be removed (if unused) or named `_` (if used implicitly). Alternatively, prefix the name with `_` to silence this warning:
2026-10-09T11:45:19.0417039Z   [apply] _dita82
2026-10-09T11:45:19.0417042Z 
2026-10-09T11:45:19.0417299Z Note: This linter can be disabled with `set_option linter.unusedVariables false`
2026-10-09T11:45:19.0417564Z warning: OIBridge/DitaTorusLocus.lean:3707:6: Variable name `P` is not explicitly referenced.
2026-10-09T11:45:19.0417620Z 
2026-10-09T11:45:19.0418016Z Hint: The binding can be removed (if unused) or named `_` (if used implicitly). Alternatively, prefix the name with `_` to silence this warning:
2026-10-09T11:45:19.0418094Z   [apply] _P
2026-10-09T11:45:19.0418105Z 
2026-10-09T11:45:19.0418305Z Note: This linter can be disabled with `set_option linter.unusedVariables false`
2026-10-09T11:45:19.0418577Z warning: OIBridge/DitaTorusLocus.lean:3710:6: Variable name `ditak1` is not explicitly referenced.
2026-10-09T11:45:19.0418580Z 
2026-10-09T11:45:19.0418969Z Hint: The binding can be removed (if unused) or named `_` (if used implicitly). Alternatively, prefix the name with `_` to silence this warning:
2026-10-09T11:45:19.0419047Z   [apply] _ditak1
2026-10-09T11:45:19.0419051Z 
2026-10-09T11:45:19.0419256Z Note: This linter can be disabled with `set_option linter.unusedVariables false`
2026-10-09T11:45:19.0419521Z warning: OIBridge/DitaTorusLocus.lean:3716:6: Variable name `ditak3` is not explicitly referenced.
2026-10-09T11:45:19.0419527Z 
2026-10-09T11:45:19.0419910Z Hint: The binding can be removed (if unused) or named `_` (if used implicitly). Alternatively, prefix the name with `_` to silence this warning:
2026-10-09T11:45:19.0419992Z   [apply] _ditak3
2026-10-09T11:45:19.0419995Z 
2026-10-09T11:45:19.0420199Z Note: This linter can be disabled with `set_option linter.unusedVariables false`
2026-10-09T11:45:19.0420749Z warning: OIBridge/DitaTorusLocus.lean:3719:6: Variable name `ditak4` is not explicitly referenced.
2026-10-09T11:45:19.0420754Z 
2026-10-09T11:45:19.0421167Z Hint: The binding can be removed (if unused) or named `_` (if used implicitly). Alternatively, prefix the name with `_` to silence this warning:
2026-10-09T11:45:19.0421252Z   [apply] _ditak4
2026-10-09T11:45:19.0421255Z 
2026-10-09T11:45:19.0421464Z Note: This linter can be disabled with `set_option linter.unusedVariables false`
2026-10-09T11:45:19.0421735Z warning: OIBridge/DitaTorusLocus.lean:3722:6: Variable name `ditae1` is not explicitly referenced.
2026-10-09T11:45:19.0421741Z 
2026-10-09T11:45:19.0422138Z Hint: The binding can be removed (if unused) or named `_` (if used implicitly). Alternatively, prefix the name with `_` to silence this warning:
2026-10-09T11:45:19.0422216Z   [apply] _ditae1
2026-10-09T11:45:19.0422219Z 
2026-10-09T11:45:19.0422426Z Note: This linter can be disabled with `set_option linter.unusedVariables false`
2026-10-09T11:45:19.0422767Z warning: OIBridge/DitaTorusLocus.lean:3725:6: Variable name `ditae2` is not explicitly referenced.
2026-10-09T11:45:19.0422771Z 
2026-10-09T11:45:19.0423163Z Hint: The binding can be removed (if unused) or named `_` (if used implicitly). Alternatively, prefix the name with `_` to silence this warning:
2026-10-09T11:45:19.0423246Z   [apply] _ditae2
2026-10-09T11:45:19.0423250Z 
2026-10-09T11:45:19.0423459Z Note: This linter can be disabled with `set_option linter.unusedVariables false`
2026-10-09T11:45:19.0423723Z warning: OIBridge/DitaTorusLocus.lean:3728:6: Variable name `ditat2` is not explicitly referenced.
2026-10-09T11:45:19.0423728Z 
2026-10-09T11:45:19.0424120Z Hint: The binding can be removed (if unused) or named `_` (if used implicitly). Alternatively, prefix the name with `_` to silence this warning:
2026-10-09T11:45:19.0424202Z   [apply] _ditat2
2026-10-09T11:45:19.0424206Z 
2026-10-09T11:45:19.0424407Z Note: This linter can be disabled with `set_option linter.unusedVariables false`
2026-10-09T11:45:19.0424677Z warning: OIBridge/DitaTorusLocus.lean:3731:6: Variable name `ditat3` is not explicitly referenced.
2026-10-09T11:45:19.0424681Z 
2026-10-09T11:45:19.0425074Z Hint: The binding can be removed (if unused) or named `_` (if used implicitly). Alternatively, prefix the name with `_` to silence this warning:
2026-10-09T11:45:19.0425150Z   [apply] _ditat3
2026-10-09T11:45:19.0425153Z 
2026-10-09T11:45:19.0425419Z Note: This linter can be disabled with `set_option linter.unusedVariables false`
2026-10-09T11:45:19.0425684Z warning: OIBridge/DitaTorusLocus.lean:3733:6: Variable name `Hu` is not explicitly referenced.
2026-10-09T11:45:19.0425742Z 
2026-10-09T11:45:19.0426133Z Hint: The binding can be removed (if unused) or named `_` (if used implicitly). Alternatively, prefix the name with `_` to silence this warning:
2026-10-09T11:45:19.0426216Z   [apply] _Hu
2026-10-09T11:45:19.0426220Z 
2026-10-09T11:45:19.0426426Z Note: This linter can be disabled with `set_option linter.unusedVariables false`
2026-10-09T11:45:19.0426693Z warning: OIBridge/DitaTorusLocus.lean:3740:6: Variable name `ditamc` is not explicitly referenced.
2026-10-09T11:45:19.0426703Z 
2026-10-09T11:45:19.0427086Z Hint: The binding can be removed (if unused) or named `_` (if used implicitly). Alternatively, prefix the name with `_` to silence this warning:
2026-10-09T11:45:19.0427170Z   [apply] _ditamc
2026-10-09T11:45:19.0427173Z 
2026-10-09T11:45:19.0427379Z Note: This linter can be disabled with `set_option linter.unusedVariables false`
2026-10-09T11:45:19.0427642Z warning: OIBridge/DitaTorusLocus.lean:3743:6: Variable name `ditamr` is not explicitly referenced.
2026-10-09T11:45:19.0427647Z 
2026-10-09T11:45:19.0428038Z Hint: The binding can be removed (if unused) or named `_` (if used implicitly). Alternatively, prefix the name with `_` to silence this warning:
2026-10-09T11:45:19.0428121Z   [apply] _ditamr
2026-10-09T11:45:19.0428124Z 
2026-10-09T11:45:19.0428402Z Note: This linter can be disabled with `set_option linter.unusedVariables false`
2026-10-09T11:45:19.0428857Z info: OIBridge/DitaTorusLocus.lean:3750:0: 'OIBridge.DitaTorusLocus.a40_shared_excl_k2_r' depends on axioms: [propext, Classical.choice, Quot.sound]
2026-10-09T11:45:19.0429120Z warning: OIBridge/DitaTorusLocus.lean:3758:6: Variable name `pt` is not explicitly referenced.
2026-10-09T11:45:19.0429123Z 
2026-10-09T11:45:19.0429513Z Hint: The binding can be removed (if unused) or named `_` (if used implicitly). Alternatively, prefix the name with `_` to silence this warning:
2026-10-09T11:45:19.0429602Z   [apply] _pt
2026-10-09T11:45:19.0429608Z 
2026-10-09T11:45:19.0429814Z Note: This linter can be disabled with `set_option linter.unusedVariables false`
2026-10-09T11:45:19.0430067Z warning: OIBridge/DitaTorusLocus.lean:3762:6: Variable name `S` is not explicitly referenced.
2026-10-09T11:45:19.0430070Z 
2026-10-09T11:45:19.0430610Z Hint: The binding can be removed (if unused) or named `_` (if used implicitly). Alternatively, prefix the name with `_` to silence this warning:
2026-10-09T11:45:19.0430766Z   [apply] _S
2026-10-09T11:45:19.0430770Z 
2026-10-09T11:45:19.0430977Z Note: This linter can be disabled with `set_option linter.unusedVariables false`
2026-10-09T11:45:19.0431241Z warning: OIBridge/DitaTorusLocus.lean:3763:6: Variable name `tor` is not explicitly referenced.
2026-10-09T11:45:19.0431245Z 
2026-10-09T11:45:19.0431643Z Hint: The binding can be removed (if unused) or named `_` (if used implicitly). Alternatively, prefix the name with `_` to silence this warning:
2026-10-09T11:45:19.0431721Z   [apply] _tor
2026-10-09T11:45:19.0431725Z 
2026-10-09T11:45:19.0431935Z Note: This linter can be disabled with `set_option linter.unusedVariables false`
2026-10-09T11:45:19.0432199Z warning: OIBridge/DitaTorusLocus.lean:3764:6: Variable name `adj` is not explicitly referenced.
2026-10-09T11:45:19.0432203Z 
2026-10-09T11:45:19.0432589Z Hint: The binding can be removed (if unused) or named `_` (if used implicitly). Alternatively, prefix the name with `_` to silence this warning:
2026-10-09T11:45:19.0432677Z   [apply] _adj
2026-10-09T11:45:19.0432680Z 
2026-10-09T11:45:19.0432886Z Note: This linter can be disabled with `set_option linter.unusedVariables false`
2026-10-09T11:45:19.0433222Z warning: OIBridge/DitaTorusLocus.lean:3765:6: Variable name `μ` is not explicitly referenced.
2026-10-09T11:45:19.0433226Z 
2026-10-09T11:45:19.0433678Z Hint: The binding can be removed (if unused) or named `_` (if used implicitly). Alternatively, prefix the name with `_` to silence this warning:
2026-10-09T11:45:19.0433778Z   [apply] _μ
2026-10-09T11:45:19.0433782Z 
2026-10-09T11:45:19.0434083Z Note: This linter can be disabled with `set_option linter.unusedVariables false`
2026-10-09T11:45:19.0434344Z warning: OIBridge/DitaTorusLocus.lean:3767:6: Variable name `N` is not explicitly referenced.
2026-10-09T11:45:19.0434348Z 
2026-10-09T11:45:19.0434742Z Hint: The binding can be removed (if unused) or named `_` (if used implicitly). Alternatively, prefix the name with `_` to silence this warning:
2026-10-09T11:45:19.0434827Z   [apply] _N
2026-10-09T11:45:19.0434837Z 
2026-10-09T11:45:19.0435040Z Note: This linter can be disabled with `set_option linter.unusedVariables false`
2026-10-09T11:45:19.0435517Z warning: OIBridge/DitaTorusLocus.lean:3772:6: Variable name `Δc` is not explicitly referenced.
2026-10-09T11:45:19.0435524Z 
2026-10-09T11:45:19.0436065Z Hint: The binding can be removed (if unused) or named `_` (if used implicitly). Alternatively, prefix the name with `_` to silence this warning:
2026-10-09T11:45:19.0436207Z   [apply] _Δc
2026-10-09T11:45:19.0436211Z 
2026-10-09T11:45:19.0436430Z Note: This linter can be disabled with `set_option linter.unusedVariables false`
2026-10-09T11:45:19.0436909Z warning: OIBridge/DitaTorusLocus.lean:3773:6: Variable name `Δr` is not explicitly referenced.
2026-10-09T11:45:19.0436915Z 
2026-10-09T11:45:19.0437543Z Hint: The binding can be removed (if unused) or named `_` (if used implicitly). Alternatively, prefix the name with `_` to silence this warning:
2026-10-09T11:45:19.0437774Z   [apply] _Δr
2026-10-09T11:45:19.0437778Z 
2026-10-09T11:45:19.0438091Z Note: This linter can be disabled with `set_option linter.unusedVariables false`
2026-10-09T11:45:19.0438487Z warning: OIBridge/DitaTorusLocus.lean:3776:6: Variable name `dgT` is not explicitly referenced.
2026-10-09T11:45:19.0438495Z 
2026-10-09T11:45:19.0439064Z Hint: The binding can be removed (if unused) or named `_` (if used implicitly). Alternatively, prefix the name with `_` to silence this warning:
2026-10-09T11:45:19.0439211Z   [apply] _dgT
2026-10-09T11:45:19.0439214Z 
2026-10-09T11:45:19.0439424Z Note: This linter can be disabled with `set_option linter.unusedVariables false`
2026-10-09T11:45:19.0439697Z warning: OIBridge/DitaTorusLocus.lean:3780:6: Variable name `dita28` is not explicitly referenced.
2026-10-09T11:45:19.0439701Z 
2026-10-09T11:45:19.0440096Z Hint: The binding can be removed (if unused) or named `_` (if used implicitly). Alternatively, prefix the name with `_` to silence this warning:
2026-10-09T11:45:19.0440433Z   [apply] _dita28
2026-10-09T11:45:19.0440442Z 
2026-10-09T11:45:19.0440714Z Note: This linter can be disabled with `set_option linter.unusedVariables false`
2026-10-09T11:45:19.0441184Z warning: OIBridge/DitaTorusLocus.lean:3783:6: Variable name `dita82` is not explicitly referenced.
2026-10-09T11:45:19.0441191Z 
2026-10-09T11:45:19.0441765Z Hint: The binding can be removed (if unused) or named `_` (if used implicitly). Alternatively, prefix the name with `_` to silence this warning:
2026-10-09T11:45:19.0441919Z   [apply] _dita82
2026-10-09T11:45:19.0441929Z 
2026-10-09T11:45:19.0442211Z Note: This linter can be disabled with `set_option linter.unusedVariables false`
2026-10-09T11:45:19.0442695Z warning: OIBridge/DitaTorusLocus.lean:3790:6: Variable name `P` is not explicitly referenced.
2026-10-09T11:45:19.0442700Z 
2026-10-09T11:45:19.0443111Z Hint: The binding can be removed (if unused) or named `_` (if used implicitly). Alternatively, prefix the name with `_` to silence this warning:
2026-10-09T11:45:19.0443202Z   [apply] _P
2026-10-09T11:45:19.0443205Z 
2026-10-09T11:45:19.0443410Z Note: This linter can be disabled with `set_option linter.unusedVariables false`
2026-10-09T11:45:19.0443685Z warning: OIBridge/DitaTorusLocus.lean:3793:6: Variable name `ditak1` is not explicitly referenced.
2026-10-09T11:45:19.0443688Z 
2026-10-09T11:45:19.0444189Z Hint: The binding can be removed (if unused) or named `_` (if used implicitly). Alternatively, prefix the name with `_` to silence this warning:
2026-10-09T11:45:19.0444275Z   [apply] _ditak1
2026-10-09T11:45:19.0444338Z 
2026-10-09T11:45:19.0444547Z Note: This linter can be disabled with `set_option linter.unusedVariables false`
2026-10-09T11:45:19.0444819Z warning: OIBridge/DitaTorusLocus.lean:3796:6: Variable name `ditak2` is not explicitly referenced.
2026-10-09T11:45:19.0444822Z 
2026-10-09T11:45:19.0445220Z Hint: The binding can be removed (if unused) or named `_` (if used implicitly). Alternatively, prefix the name with `_` to silence this warning:
2026-10-09T11:45:19.0445311Z   [apply] _ditak2
2026-10-09T11:45:19.0445314Z 
2026-10-09T11:45:19.0445522Z Note: This linter can be disabled with `set_option linter.unusedVariables false`
2026-10-09T11:45:19.0445787Z warning: OIBridge/DitaTorusLocus.lean:3802:6: Variable name `ditak4` is not explicitly referenced.
2026-10-09T11:45:19.0445796Z 
2026-10-09T11:45:19.0446187Z Hint: The binding can be removed (if unused) or named `_` (if used implicitly). Alternatively, prefix the name with `_` to silence this warning:
2026-10-09T11:45:19.0446274Z   [apply] _ditak4
2026-10-09T11:45:19.0446279Z 
2026-10-09T11:45:19.0446486Z Note: This linter can be disabled with `set_option linter.unusedVariables false`
2026-10-09T11:45:19.0446753Z warning: OIBridge/DitaTorusLocus.lean:3805:6: Variable name `ditae1` is not explicitly referenced.
2026-10-09T11:45:19.0446756Z 
2026-10-09T11:45:19.0447154Z Hint: The binding can be removed (if unused) or named `_` (if used implicitly). Alternatively, prefix the name with `_` to silence this warning:
2026-10-09T11:45:19.0447320Z   [apply] _ditae1
2026-10-09T11:45:19.0447323Z 
2026-10-09T11:45:19.0447526Z Note: This linter can be disabled with `set_option linter.unusedVariables false`
2026-10-09T11:45:19.0447795Z warning: OIBridge/DitaTorusLocus.lean:3808:6: Variable name `ditae2` is not explicitly referenced.
2026-10-09T11:45:19.0447799Z 
2026-10-09T11:45:19.0448206Z Hint: The binding can be removed (if unused) or named `_` (if used implicitly). Alternatively, prefix the name with `_` to silence this warning:
2026-10-09T11:45:19.0448285Z   [apply] _ditae2
2026-10-09T11:45:19.0448290Z 
2026-10-09T11:45:19.0448497Z Note: This linter can be disabled with `set_option linter.unusedVariables false`
2026-10-09T11:45:19.0448764Z warning: OIBridge/DitaTorusLocus.lean:3811:6: Variable name `ditat2` is not explicitly referenced.
2026-10-09T11:45:19.0448768Z 
2026-10-09T11:45:19.0449218Z Hint: The binding can be removed (if unused) or named `_` (if used implicitly). Alternatively, prefix the name with `_` to silence this warning:
2026-10-09T11:45:19.0449307Z   [apply] _ditat2
2026-10-09T11:45:19.0449311Z 
2026-10-09T11:45:19.0449520Z Note: This linter can be disabled with `set_option linter.unusedVariables false`
2026-10-09T11:45:19.0449784Z warning: OIBridge/DitaTorusLocus.lean:3814:6: Variable name `ditat3` is not explicitly referenced.
2026-10-09T11:45:19.0449788Z 
2026-10-09T11:45:19.0450184Z Hint: The binding can be removed (if unused) or named `_` (if used implicitly). Alternatively, prefix the name with `_` to silence this warning:
2026-10-09T11:45:19.0450447Z   [apply] _ditat3
2026-10-09T11:45:19.0450451Z 
2026-10-09T11:45:19.0450672Z Note: This linter can be disabled with `set_option linter.unusedVariables false`
2026-10-09T11:45:19.0450942Z warning: OIBridge/DitaTorusLocus.lean:3816:6: Variable name `Hu` is not explicitly referenced.
2026-10-09T11:45:19.0450946Z 
2026-10-09T11:45:19.0451348Z Hint: The binding can be removed (if unused) or named `_` (if used implicitly). Alternatively, prefix the name with `_` to silence this warning:
2026-10-09T11:45:19.0451426Z   [apply] _Hu
2026-10-09T11:45:19.0451429Z 
2026-10-09T11:45:19.0451638Z Note: This linter can be disabled with `set_option linter.unusedVariables false`
2026-10-09T11:45:19.0451908Z warning: OIBridge/DitaTorusLocus.lean:3823:6: Variable name `ditamc` is not explicitly referenced.
2026-10-09T11:45:19.0451912Z 
2026-10-09T11:45:19.0452365Z Hint: The binding can be removed (if unused) or named `_` (if used implicitly). Alternatively, prefix the name with `_` to silence this warning:
2026-10-09T11:45:19.0452510Z   [apply] _ditamc
2026-10-09T11:45:19.0452514Z 
2026-10-09T11:45:19.0452723Z Note: This linter can be disabled with `set_option linter.unusedVariables false`
2026-10-09T11:45:19.0452989Z warning: OIBridge/DitaTorusLocus.lean:3826:6: Variable name `ditamr` is not explicitly referenced.
2026-10-09T11:45:19.0452999Z 
2026-10-09T11:45:19.0453393Z Hint: The binding can be removed (if unused) or named `_` (if used implicitly). Alternatively, prefix the name with `_` to silence this warning:
2026-10-09T11:45:19.0453477Z   [apply] _ditamr
2026-10-09T11:45:19.0453480Z 
2026-10-09T11:45:19.0453683Z Note: This linter can be disabled with `set_option linter.unusedVariables false`
2026-10-09T11:45:19.0454136Z info: OIBridge/DitaTorusLocus.lean:3833:0: 'OIBridge.DitaTorusLocus.a40_shared_excl_k3_c' depends on axioms: [propext, Classical.choice, Quot.sound]
2026-10-09T11:45:19.0454400Z warning: OIBridge/DitaTorusLocus.lean:3841:6: Variable name `pt` is not explicitly referenced.
2026-10-09T11:45:19.0454403Z 
2026-10-09T11:45:19.0454802Z Hint: The binding can be removed (if unused) or named `_` (if used implicitly). Alternatively, prefix the name with `_` to silence this warning:
2026-10-09T11:45:19.0454893Z   [apply] _pt
2026-10-09T11:45:19.0454896Z 
2026-10-09T11:45:19.0455106Z Note: This linter can be disabled with `set_option linter.unusedVariables false`
2026-10-09T11:45:19.0455439Z warning: OIBridge/DitaTorusLocus.lean:3845:6: Variable name `S` is not explicitly referenced.
2026-10-09T11:45:19.0455442Z 
2026-10-09T11:45:19.0455832Z Hint: The binding can be removed (if unused) or named `_` (if used implicitly). Alternatively, prefix the name with `_` to silence this warning:
2026-10-09T11:45:19.0455919Z   [apply] _S
2026-10-09T11:45:19.0455923Z 
2026-10-09T11:45:19.0456134Z Note: This linter can be disabled with `set_option linter.unusedVariables false`
2026-10-09T11:45:19.0456393Z warning: OIBridge/DitaTorusLocus.lean:3846:6: Variable name `tor` is not explicitly referenced.
2026-10-09T11:45:19.0456397Z 
2026-10-09T11:45:19.0456796Z Hint: The binding can be removed (if unused) or named `_` (if used implicitly). Alternatively, prefix the name with `_` to silence this warning:
2026-10-09T11:45:19.0456882Z   [apply] _tor
2026-10-09T11:45:19.0456885Z 
2026-10-09T11:45:19.0457085Z Note: This linter can be disabled with `set_option linter.unusedVariables false`
2026-10-09T11:45:19.0457409Z warning: OIBridge/DitaTorusLocus.lean:3847:6: Variable name `adj` is not explicitly referenced.
2026-10-09T11:45:19.0457413Z 
2026-10-09T11:45:19.0457812Z Hint: The binding can be removed (if unused) or named `_` (if used implicitly). Alternatively, prefix the name with `_` to silence this warning:
2026-10-09T11:45:19.0457891Z   [apply] _adj
2026-10-09T11:45:19.0457894Z 
2026-10-09T11:45:19.0458106Z Note: This linter can be disabled with `set_option linter.unusedVariables false`
2026-10-09T11:45:19.0458475Z warning: OIBridge/DitaTorusLocus.lean:3848:6: Variable name `μ` is not explicitly referenced.
2026-10-09T11:45:19.0458478Z 
2026-10-09T11:45:19.0458874Z Hint: The binding can be removed (if unused) or named `_` (if used implicitly). Alternatively, prefix the name with `_` to silence this warning:
2026-10-09T11:45:19.0458971Z   [apply] _μ
2026-10-09T11:45:19.0458975Z 
2026-10-09T11:45:19.0459192Z Note: This linter can be disabled with `set_option linter.unusedVariables false`
2026-10-09T11:45:19.0459458Z warning: OIBridge/DitaTorusLocus.lean:3850:6: Variable name `N` is not explicitly referenced.
2026-10-09T11:45:19.0459462Z 
2026-10-09T11:45:19.0459866Z Hint: The binding can be removed (if unused) or named `_` (if used implicitly). Alternatively, prefix the name with `_` to silence this warning:
2026-10-09T11:45:19.0459947Z   [apply] _N
2026-10-09T11:45:19.0459951Z 
2026-10-09T11:45:19.0460211Z Note: This linter can be disabled with `set_option linter.unusedVariables false`
2026-10-09T11:45:19.0460724Z warning: OIBridge/DitaTorusLocus.lean:3855:6: Variable name `Δc` is not explicitly referenced.
2026-10-09T11:45:19.0460728Z 
2026-10-09T11:45:19.0461200Z Hint: The binding can be removed (if unused) or named `_` (if used implicitly). Alternatively, prefix the name with `_` to silence this warning:
2026-10-09T11:45:19.0461301Z   [apply] _Δc
2026-10-09T11:45:19.0461305Z 
2026-10-09T11:45:19.0461516Z Note: This linter can be disabled with `set_option linter.unusedVariables false`
2026-10-09T11:45:19.0461852Z warning: OIBridge/DitaTorusLocus.lean:3856:6: Variable name `Δr` is not explicitly referenced.
2026-10-09T11:45:19.0461855Z 
2026-10-09T11:45:19.0462290Z Hint: The binding can be removed (if unused) or named `_` (if used implicitly). Alternatively, prefix the name with `_` to silence this warning:
2026-10-09T11:45:19.0462397Z   [apply] _Δr
2026-10-09T11:45:19.0462400Z 
2026-10-09T11:45:19.0462615Z Note: This linter can be disabled with `set_option linter.unusedVariables false`
2026-10-09T11:45:19.0462874Z warning: OIBridge/DitaTorusLocus.lean:3859:6: Variable name `dgT` is not explicitly referenced.
2026-10-09T11:45:19.0462884Z 
2026-10-09T11:45:19.0463277Z Hint: The binding can be removed (if unused) or named `_` (if used implicitly). Alternatively, prefix the name with `_` to silence this warning:
2026-10-09T11:45:19.0463360Z   [apply] _dgT
2026-10-09T11:45:19.0463364Z 
2026-10-09T11:45:19.0463573Z Note: This linter can be disabled with `set_option linter.unusedVariables false`
2026-10-09T11:45:19.0463914Z warning: OIBridge/DitaTorusLocus.lean:3863:6: Variable name `dita28` is not explicitly referenced.
2026-10-09T11:45:19.0463917Z 
2026-10-09T11:45:19.0464313Z Hint: The binding can be removed (if unused) or named `_` (if used implicitly). Alternatively, prefix the name with `_` to silence this warning:
2026-10-09T11:45:19.0464400Z   [apply] _dita28
2026-10-09T11:45:19.0464404Z 
2026-10-09T11:45:19.0464606Z Note: This linter can be disabled with `set_option linter.unusedVariables false`
2026-10-09T11:45:19.0464879Z warning: OIBridge/DitaTorusLocus.lean:3866:6: Variable name `dita82` is not explicitly referenced.
2026-10-09T11:45:19.0464883Z 
2026-10-09T11:45:19.0465277Z Hint: The binding can be removed (if unused) or named `_` (if used implicitly). Alternatively, prefix the name with `_` to silence this warning:
2026-10-09T11:45:19.0465356Z   [apply] _dita82
2026-10-09T11:45:19.0465359Z 
2026-10-09T11:45:19.0465565Z Note: This linter can be disabled with `set_option linter.unusedVariables false`
2026-10-09T11:45:19.0465889Z warning: OIBridge/DitaTorusLocus.lean:3873:6: Variable name `P` is not explicitly referenced.
2026-10-09T11:45:19.0465893Z 
2026-10-09T11:45:19.0466285Z Hint: The binding can be removed (if unused) or named `_` (if used implicitly). Alternatively, prefix the name with `_` to silence this warning:
2026-10-09T11:45:19.0466369Z   [apply] _P
2026-10-09T11:45:19.0466372Z 
2026-10-09T11:45:19.0466584Z Note: This linter can be disabled with `set_option linter.unusedVariables false`
2026-10-09T11:45:19.0466846Z warning: OIBridge/DitaTorusLocus.lean:3876:6: Variable name `ditak1` is not explicitly referenced.
2026-10-09T11:45:19.0466851Z 
2026-10-09T11:45:19.0467248Z Hint: The binding can be removed (if unused) or named `_` (if used implicitly). Alternatively, prefix the name with `_` to silence this warning:
2026-10-09T11:45:19.0467332Z   [apply] _ditak1
2026-10-09T11:45:19.0467336Z 
2026-10-09T11:45:19.0467538Z Note: This linter can be disabled with `set_option linter.unusedVariables false`
2026-10-09T11:45:19.0467810Z warning: OIBridge/DitaTorusLocus.lean:3879:6: Variable name `ditak2` is not explicitly referenced.
2026-10-09T11:45:19.0467814Z 
2026-10-09T11:45:19.0468214Z Hint: The binding can be removed (if unused) or named `_` (if used implicitly). Alternatively, prefix the name with `_` to silence this warning:
2026-10-09T11:45:19.0468294Z   [apply] _ditak2
2026-10-09T11:45:19.0468297Z 
2026-10-09T11:45:19.0468564Z Note: This linter can be disabled with `set_option linter.unusedVariables false`
2026-10-09T11:45:19.0468837Z warning: OIBridge/DitaTorusLocus.lean:3885:6: Variable name `ditak4` is not explicitly referenced.
2026-10-09T11:45:19.0468890Z 
2026-10-09T11:45:19.0469284Z Hint: The binding can be removed (if unused) or named `_` (if used implicitly). Alternatively, prefix the name with `_` to silence this warning:
2026-10-09T11:45:19.0469371Z   [apply] _ditak4
2026-10-09T11:45:19.0469374Z 
2026-10-09T11:45:19.0469581Z Note: This linter can be disabled with `set_option linter.unusedVariables false`
2026-10-09T11:45:19.0469849Z warning: OIBridge/DitaTorusLocus.lean:3888:6: Variable name `ditae1` is not explicitly referenced.
2026-10-09T11:45:19.0469859Z 
2026-10-09T11:45:19.0470413Z Hint: The binding can be removed (if unused) or named `_` (if used implicitly). Alternatively, prefix the name with `_` to silence this warning:
2026-10-09T11:45:19.0470502Z   [apply] _ditae1
2026-10-09T11:45:19.0470505Z 
2026-10-09T11:45:19.0470722Z Note: This linter can be disabled with `set_option linter.unusedVariables false`
2026-10-09T11:45:19.0470994Z warning: OIBridge/DitaTorusLocus.lean:3891:6: Variable name `ditae2` is not explicitly referenced.
2026-10-09T11:45:19.0470999Z 
2026-10-09T11:45:19.0471402Z Hint: The binding can be removed (if unused) or named `_` (if used implicitly). Alternatively, prefix the name with `_` to silence this warning:
2026-10-09T11:45:19.0471488Z   [apply] _ditae2
2026-10-09T11:45:19.0471492Z 
2026-10-09T11:45:19.0471692Z Note: This linter can be disabled with `set_option linter.unusedVariables false`
2026-10-09T11:45:19.0472043Z warning: OIBridge/DitaTorusLocus.lean:3894:6: Variable name `ditat2` is not explicitly referenced.
2026-10-09T11:45:19.0472047Z 
2026-10-09T11:45:19.0472446Z Hint: The binding can be removed (if unused) or named `_` (if used implicitly). Alternatively, prefix the name with `_` to silence this warning:
2026-10-09T11:45:19.0472525Z   [apply] _ditat2
2026-10-09T11:45:19.0472528Z 
2026-10-09T11:45:19.0472740Z Note: This linter can be disabled with `set_option linter.unusedVariables false`
2026-10-09T11:45:19.0473009Z warning: OIBridge/DitaTorusLocus.lean:3897:6: Variable name `ditat3` is not explicitly referenced.
2026-10-09T11:45:19.0473014Z 
2026-10-09T11:45:19.0473404Z Hint: The binding can be removed (if unused) or named `_` (if used implicitly). Alternatively, prefix the name with `_` to silence this warning:
2026-10-09T11:45:19.0473493Z   [apply] _ditat3
2026-10-09T11:45:19.0473496Z 
2026-10-09T11:45:19.0473707Z Note: This linter can be disabled with `set_option linter.unusedVariables false`
2026-10-09T11:45:19.0474020Z warning: OIBridge/DitaTorusLocus.lean:3899:6: Variable name `Hu` is not explicitly referenced.
2026-10-09T11:45:19.0474025Z 
2026-10-09T11:45:19.0474422Z Hint: The binding can be removed (if unused) or named `_` (if used implicitly). Alternatively, prefix the name with `_` to silence this warning:
2026-10-09T11:45:19.0474511Z   [apply] _Hu
2026-10-09T11:45:19.0474514Z 
2026-10-09T11:45:19.0474719Z Note: This linter can be disabled with `set_option linter.unusedVariables false`
2026-10-09T11:45:19.0474990Z warning: OIBridge/DitaTorusLocus.lean:3906:6: Variable name `ditamc` is not explicitly referenced.
2026-10-09T11:45:19.0474995Z 
2026-10-09T11:45:19.0475391Z Hint: The binding can be removed (if unused) or named `_` (if used implicitly). Alternatively, prefix the name with `_` to silence this warning:
2026-10-09T11:45:19.0475473Z   [apply] _ditamc
2026-10-09T11:45:19.0475476Z 
2026-10-09T11:45:19.0475691Z Note: This linter can be disabled with `set_option linter.unusedVariables false`
2026-10-09T11:45:19.0475967Z warning: OIBridge/DitaTorusLocus.lean:3909:6: Variable name `ditamr` is not explicitly referenced.
2026-10-09T11:45:19.0475971Z 
2026-10-09T11:45:19.0476364Z Hint: The binding can be removed (if unused) or named `_` (if used implicitly). Alternatively, prefix the name with `_` to silence this warning:
2026-10-09T11:45:19.0476453Z   [apply] _ditamr
2026-10-09T11:45:19.0476457Z 
2026-10-09T11:45:19.0476726Z Note: This linter can be disabled with `set_option linter.unusedVariables false`
2026-10-09T11:45:19.0477172Z info: OIBridge/DitaTorusLocus.lean:3916:0: 'OIBridge.DitaTorusLocus.a40_shared_excl_k3_r' depends on axioms: [propext, Classical.choice, Quot.sound]
2026-10-09T11:45:19.0477489Z warning: OIBridge/DitaTorusLocus.lean:3924:6: Variable name `pt` is not explicitly referenced.
2026-10-09T11:45:19.0477493Z 
2026-10-09T11:45:19.0477898Z Hint: The binding can be removed (if unused) or named `_` (if used implicitly). Alternatively, prefix the name with `_` to silence this warning:
2026-10-09T11:45:19.0477983Z   [apply] _pt
2026-10-09T11:45:19.0477994Z 
2026-10-09T11:45:19.0478198Z Note: This linter can be disabled with `set_option linter.unusedVariables false`
2026-10-09T11:45:19.0478461Z warning: OIBridge/DitaTorusLocus.lean:3928:6: Variable name `S` is not explicitly referenced.
2026-10-09T11:45:19.0478465Z 
2026-10-09T11:45:19.0478865Z Hint: The binding can be removed (if unused) or named `_` (if used implicitly). Alternatively, prefix the name with `_` to silence this warning:
2026-10-09T11:45:19.0478943Z   [apply] _S
2026-10-09T11:45:19.0478947Z 
2026-10-09T11:45:19.0479154Z Note: This linter can be disabled with `set_option linter.unusedVariables false`
2026-10-09T11:45:19.0479422Z warning: OIBridge/DitaTorusLocus.lean:3929:6: Variable name `tor` is not explicitly referenced.
2026-10-09T11:45:19.0479425Z 
2026-10-09T11:45:19.0479813Z Hint: The binding can be removed (if unused) or named `_` (if used implicitly). Alternatively, prefix the name with `_` to silence this warning:
2026-10-09T11:45:19.0479942Z   [apply] _tor
2026-10-09T11:45:19.0479946Z 
2026-10-09T11:45:19.0480152Z Note: This linter can be disabled with `set_option linter.unusedVariables false`
2026-10-09T11:45:19.0480667Z warning: OIBridge/DitaTorusLocus.lean:3930:6: Variable name `adj` is not explicitly referenced.
2026-10-09T11:45:19.0480672Z 
2026-10-09T11:45:19.0481087Z Hint: The binding can be removed (if unused) or named `_` (if used implicitly). Alternatively, prefix the name with `_` to silence this warning:
2026-10-09T11:45:19.0481173Z   [apply] _adj
2026-10-09T11:45:19.0481176Z 
2026-10-09T11:45:19.0481386Z Note: This linter can be disabled with `set_option linter.unusedVariables false`
2026-10-09T11:45:19.0481731Z warning: OIBridge/DitaTorusLocus.lean:3931:6: Variable name `μ` is not explicitly referenced.
2026-10-09T11:45:19.0481734Z 
2026-10-09T11:45:19.0482133Z Hint: The binding can be removed (if unused) or named `_` (if used implicitly). Alternatively, prefix the name with `_` to silence this warning:
2026-10-09T11:45:19.0482302Z   [apply] _μ
2026-10-09T11:45:19.0482308Z 
2026-10-09T11:45:19.0482521Z Note: This linter can be disabled with `set_option linter.unusedVariables false`
2026-10-09T11:45:19.0482781Z warning: OIBridge/DitaTorusLocus.lean:3933:6: Variable name `N` is not explicitly referenced.
2026-10-09T11:45:19.0482784Z 
2026-10-09T11:45:19.0483180Z Hint: The binding can be removed (if unused) or named `_` (if used implicitly). Alternatively, prefix the name with `_` to silence this warning:
2026-10-09T11:45:19.0483263Z   [apply] _N
2026-10-09T11:45:19.0483266Z 
2026-10-09T11:45:19.0483472Z Note: This linter can be disabled with `set_option linter.unusedVariables false`
2026-10-09T11:45:19.0483802Z warning: OIBridge/DitaTorusLocus.lean:3938:6: Variable name `Δc` is not explicitly referenced.
2026-10-09T11:45:19.0483805Z 
2026-10-09T11:45:19.0484201Z Hint: The binding can be removed (if unused) or named `_` (if used implicitly). Alternatively, prefix the name with `_` to silence this warning:
2026-10-09T11:45:19.0484306Z   [apply] _Δc
2026-10-09T11:45:19.0484313Z 
2026-10-09T11:45:19.0484516Z Note: This linter can be disabled with `set_option linter.unusedVariables false`
2026-10-09T11:45:19.0484839Z warning: OIBridge/DitaTorusLocus.lean:3939:6: Variable name `Δr` is not explicitly referenced.
2026-10-09T11:45:19.0484842Z 
2026-10-09T11:45:19.0485299Z Hint: The binding can be removed (if unused) or named `_` (if used implicitly). Alternatively, prefix the name with `_` to silence this warning:
2026-10-09T11:45:19.0485398Z   [apply] _Δr
2026-10-09T11:45:19.0485401Z 
2026-10-09T11:45:19.0485607Z Note: This linter can be disabled with `set_option linter.unusedVariables false`
2026-10-09T11:45:19.0485933Z warning: OIBridge/DitaTorusLocus.lean:3942:6: Variable name `dgT` is not explicitly referenced.
2026-10-09T11:45:19.0485937Z 
2026-10-09T11:45:19.0486347Z Hint: The binding can be removed (if unused) or named `_` (if used implicitly). Alternatively, prefix the name with `_` to silence this warning:
2026-10-09T11:45:19.0486437Z   [apply] _dgT
2026-10-09T11:45:19.0486443Z 
2026-10-09T11:45:19.0486655Z Note: This linter can be disabled with `set_option linter.unusedVariables false`
2026-10-09T11:45:19.0486930Z warning: OIBridge/DitaTorusLocus.lean:3946:6: Variable name `dita28` is not explicitly referenced.
2026-10-09T11:45:19.0486939Z 
2026-10-09T11:45:19.0487335Z Hint: The binding can be removed (if unused) or named `_` (if used implicitly). Alternatively, prefix the name with `_` to silence this warning:
2026-10-09T11:45:19.0487421Z   [apply] _dita28
2026-10-09T11:45:19.0487425Z 
2026-10-09T11:45:19.0487635Z Note: This linter can be disabled with `set_option linter.unusedVariables false`
2026-10-09T11:45:19.0487901Z warning: OIBridge/DitaTorusLocus.lean:3949:6: Variable name `dita82` is not explicitly referenced.
2026-10-09T11:45:19.0487905Z 
2026-10-09T11:45:19.0488310Z Hint: The binding can be removed (if unused) or named `_` (if used implicitly). Alternatively, prefix the name with `_` to silence this warning:
2026-10-09T11:45:19.0488457Z   [apply] _dita82
2026-10-09T11:45:19.0488461Z 
2026-10-09T11:45:19.0488661Z Note: This linter can be disabled with `set_option linter.unusedVariables false`
2026-10-09T11:45:19.0488921Z warning: OIBridge/DitaTorusLocus.lean:3956:6: Variable name `P` is not explicitly referenced.
2026-10-09T11:45:19.0488924Z 
2026-10-09T11:45:19.0489318Z Hint: The binding can be removed (if unused) or named `_` (if used implicitly). Alternatively, prefix the name with `_` to silence this warning:
2026-10-09T11:45:19.0489397Z   [apply] _P
2026-10-09T11:45:19.0489400Z 
2026-10-09T11:45:19.0489615Z Note: This linter can be disabled with `set_option linter.unusedVariables false`
2026-10-09T11:45:19.0489887Z warning: OIBridge/DitaTorusLocus.lean:3959:6: Variable name `ditak1` is not explicitly referenced.
2026-10-09T11:45:19.0489890Z 
2026-10-09T11:45:19.0490418Z Hint: The binding can be removed (if unused) or named `_` (if used implicitly). Alternatively, prefix the name with `_` to silence this warning:
2026-10-09T11:45:19.0490577Z   [apply] _ditak1
2026-10-09T11:45:19.0490581Z 
2026-10-09T11:45:19.0490794Z Note: This linter can be disabled with `set_option linter.unusedVariables false`
2026-10-09T11:45:19.0491059Z warning: OIBridge/DitaTorusLocus.lean:3962:6: Variable name `ditak2` is not explicitly referenced.
2026-10-09T11:45:19.0491062Z 
2026-10-09T11:45:19.0491458Z Hint: The binding can be removed (if unused) or named `_` (if used implicitly). Alternatively, prefix the name with `_` to silence this warning:
2026-10-09T11:45:19.0491545Z   [apply] _ditak2
2026-10-09T11:45:19.0491549Z 
2026-10-09T11:45:19.0491753Z Note: This linter can be disabled with `set_option linter.unusedVariables false`
2026-10-09T11:45:19.0492023Z warning: OIBridge/DitaTorusLocus.lean:3965:6: Variable name `ditak3` is not explicitly referenced.
2026-10-09T11:45:19.0492026Z 
2026-10-09T11:45:19.0492419Z Hint: The binding can be removed (if unused) or named `_` (if used implicitly). Alternatively, prefix the name with `_` to silence this warning:
2026-10-09T11:45:19.0492503Z   [apply] _ditak3
2026-10-09T11:45:19.0492506Z 
2026-10-09T11:45:19.0492715Z Note: This linter can be disabled with `set_option linter.unusedVariables false`
2026-10-09T11:45:19.0492984Z warning: OIBridge/DitaTorusLocus.lean:3971:6: Variable name `ditae1` is not explicitly referenced.
2026-10-09T11:45:19.0492987Z 
2026-10-09T11:45:19.0493440Z Hint: The binding can be removed (if unused) or named `_` (if used implicitly). Alternatively, prefix the name with `_` to silence this warning:
2026-10-09T11:45:19.0493528Z   [apply] _ditae1
2026-10-09T11:45:19.0493586Z 
2026-10-09T11:45:19.0493799Z Note: This linter can be disabled with `set_option linter.unusedVariables false`
2026-10-09T11:45:19.0494062Z warning: OIBridge/DitaTorusLocus.lean:3974:6: Variable name `ditae2` is not explicitly referenced.
2026-10-09T11:45:19.0494066Z 
2026-10-09T11:45:19.0494463Z Hint: The binding can be removed (if unused) or named `_` (if used implicitly). Alternatively, prefix the name with `_` to silence this warning:
2026-10-09T11:45:19.0494554Z   [apply] _ditae2
2026-10-09T11:45:19.0494557Z 
2026-10-09T11:45:19.0494764Z Note: This linter can be disabled with `set_option linter.unusedVariables false`
2026-10-09T11:45:19.0495037Z warning: OIBridge/DitaTorusLocus.lean:3977:6: Variable name `ditat2` is not explicitly referenced.
2026-10-09T11:45:19.0495040Z 
2026-10-09T11:45:19.0495441Z Hint: The binding can be removed (if unused) or named `_` (if used implicitly). Alternatively, prefix the name with `_` to silence this warning:
2026-10-09T11:45:19.0495528Z   [apply] _ditat2
2026-10-09T11:45:19.0495534Z 
2026-10-09T11:45:19.0495736Z Note: This linter can be disabled with `set_option linter.unusedVariables false`
2026-10-09T11:45:19.0496007Z warning: OIBridge/DitaTorusLocus.lean:3980:6: Variable name `ditat3` is not explicitly referenced.
2026-10-09T11:45:19.0496010Z 
2026-10-09T11:45:19.0496405Z Hint: The binding can be removed (if unused) or named `_` (if used implicitly). Alternatively, prefix the name with `_` to silence this warning:
2026-10-09T11:45:19.0496547Z   [apply] _ditat3
2026-10-09T11:45:19.0496551Z 
2026-10-09T11:45:19.0496758Z Note: This linter can be disabled with `set_option linter.unusedVariables false`
2026-10-09T11:45:19.0497022Z warning: OIBridge/DitaTorusLocus.lean:3982:6: Variable name `Hu` is not explicitly referenced.
2026-10-09T11:45:19.0497025Z 
2026-10-09T11:45:19.0497419Z Hint: The binding can be removed (if unused) or named `_` (if used implicitly). Alternatively, prefix the name with `_` to silence this warning:
2026-10-09T11:45:19.0497504Z   [apply] _Hu
2026-10-09T11:45:19.0497508Z 
2026-10-09T11:45:19.0497718Z Note: This linter can be disabled with `set_option linter.unusedVariables false`
2026-10-09T11:45:19.0497982Z warning: OIBridge/DitaTorusLocus.lean:3989:6: Variable name `ditamc` is not explicitly referenced.
2026-10-09T11:45:19.0497986Z 
2026-10-09T11:45:19.0498430Z Hint: The binding can be removed (if unused) or named `_` (if used implicitly). Alternatively, prefix the name with `_` to silence this warning:
2026-10-09T11:45:19.0498525Z   [apply] _ditamc
2026-10-09T11:45:19.0498528Z 
2026-10-09T11:45:19.0498727Z Note: This linter can be disabled with `set_option linter.unusedVariables false`
2026-10-09T11:45:19.0498998Z warning: OIBridge/DitaTorusLocus.lean:3992:6: Variable name `ditamr` is not explicitly referenced.
2026-10-09T11:45:19.0499002Z 
2026-10-09T11:45:19.0499397Z Hint: The binding can be removed (if unused) or named `_` (if used implicitly). Alternatively, prefix the name with `_` to silence this warning:
2026-10-09T11:45:19.0499476Z   [apply] _ditamr
2026-10-09T11:45:19.0499481Z 
2026-10-09T11:45:19.0499687Z Note: This linter can be disabled with `set_option linter.unusedVariables false`
2026-10-09T11:45:19.0500141Z info: OIBridge/DitaTorusLocus.lean:3999:0: 'OIBridge.DitaTorusLocus.a40_shared_excl_k4_c' depends on axioms: [propext, Classical.choice, Quot.sound]
2026-10-09T11:45:19.0500632Z warning: OIBridge/DitaTorusLocus.lean:4007:6: Variable name `pt` is not explicitly referenced.
2026-10-09T11:45:19.0500639Z 
2026-10-09T11:45:19.0501043Z Hint: The binding can be removed (if unused) or named `_` (if used implicitly). Alternatively, prefix the name with `_` to silence this warning:
2026-10-09T11:45:19.0501125Z   [apply] _pt
2026-10-09T11:45:19.0501129Z 
2026-10-09T11:45:19.0501330Z Note: This linter can be disabled with `set_option linter.unusedVariables false`
2026-10-09T11:45:19.0501713Z warning: OIBridge/DitaTorusLocus.lean:4011:6: Variable name `S` is not explicitly referenced.
2026-10-09T11:45:19.0501718Z 
2026-10-09T11:45:19.0502121Z Hint: The binding can be removed (if unused) or named `_` (if used implicitly). Alternatively, prefix the name with `_` to silence this warning:
2026-10-09T11:45:19.0503267Z   [apply] _S
2026-10-09T11:45:19.0503271Z 
2026-10-09T11:45:19.0503481Z Note: This linter can be disabled with `set_option linter.unusedVariables false`
2026-10-09T11:45:19.0503747Z warning: OIBridge/DitaTorusLocus.lean:4012:6: Variable name `tor` is not explicitly referenced.
2026-10-09T11:45:19.0503752Z 
2026-10-09T11:45:19.0504143Z Hint: The binding can be removed (if unused) or named `_` (if used implicitly). Alternatively, prefix the name with `_` to silence this warning:
2026-10-09T11:45:19.0504226Z   [apply] _tor
2026-10-09T11:45:19.0504229Z 
2026-10-09T11:45:19.0504436Z Note: This linter can be disabled with `set_option linter.unusedVariables false`
2026-10-09T11:45:19.0504694Z warning: OIBridge/DitaTorusLocus.lean:4013:6: Variable name `adj` is not explicitly referenced.
2026-10-09T11:45:19.0504704Z 
2026-10-09T11:45:19.0505091Z Hint: The binding can be removed (if unused) or named `_` (if used implicitly). Alternatively, prefix the name with `_` to silence this warning:
2026-10-09T11:45:19.0505176Z   [apply] _adj
2026-10-09T11:45:19.0505180Z 
2026-10-09T11:45:19.0505385Z Note: This linter can be disabled with `set_option linter.unusedVariables false`
2026-10-09T11:45:19.0505783Z warning: OIBridge/DitaTorusLocus.lean:4014:6: Variable name `μ` is not explicitly referenced.
2026-10-09T11:45:19.0505790Z 
2026-10-09T11:45:19.0506184Z Hint: The binding can be removed (if unused) or named `_` (if used implicitly). Alternatively, prefix the name with `_` to silence this warning:
2026-10-09T11:45:19.0506276Z   [apply] _μ
2026-10-09T11:45:19.0506279Z 
2026-10-09T11:45:19.0506479Z Note: This linter can be disabled with `set_option linter.unusedVariables false`
2026-10-09T11:45:19.0506739Z warning: OIBridge/DitaTorusLocus.lean:4016:6: Variable name `N` is not explicitly referenced.
2026-10-09T11:45:19.0506743Z 
2026-10-09T11:45:19.0507136Z Hint: The binding can be removed (if unused) or named `_` (if used implicitly). Alternatively, prefix the name with `_` to silence this warning:
2026-10-09T11:45:19.0507215Z   [apply] _N
2026-10-09T11:45:19.0507219Z 
2026-10-09T11:45:19.0507429Z Note: This linter can be disabled with `set_option linter.unusedVariables false`
2026-10-09T11:45:19.0507757Z warning: OIBridge/DitaTorusLocus.lean:4021:6: Variable name `Δc` is not explicitly referenced.
2026-10-09T11:45:19.0507821Z 
2026-10-09T11:45:19.0508212Z Hint: The binding can be removed (if unused) or named `_` (if used implicitly). Alternatively, prefix the name with `_` to silence this warning:
2026-10-09T11:45:19.0508323Z   [apply] _Δc
2026-10-09T11:45:19.0508327Z 
2026-10-09T11:45:19.0508532Z Note: This linter can be disabled with `set_option linter.unusedVariables false`
2026-10-09T11:45:19.0508852Z warning: OIBridge/DitaTorusLocus.lean:4022:6: Variable name `Δr` is not explicitly referenced.
2026-10-09T11:45:19.0508856Z 
2026-10-09T11:45:19.0509250Z Hint: The binding can be removed (if unused) or named `_` (if used implicitly). Alternatively, prefix the name with `_` to silence this warning:
2026-10-09T11:45:19.0509355Z   [apply] _Δr
2026-10-09T11:45:19.0509359Z 
2026-10-09T11:45:19.0509563Z Note: This linter can be disabled with `set_option linter.unusedVariables false`
2026-10-09T11:45:19.0509829Z warning: OIBridge/DitaTorusLocus.lean:4025:6: Variable name `dgT` is not explicitly referenced.
2026-10-09T11:45:19.0509836Z 
2026-10-09T11:45:19.0510233Z Hint: The binding can be removed (if unused) or named `_` (if used implicitly). Alternatively, prefix the name with `_` to silence this warning:
2026-10-09T11:45:19.0510500Z   [apply] _dgT
2026-10-09T11:45:19.0510504Z 
2026-10-09T11:45:19.0510714Z Note: This linter can be disabled with `set_option linter.unusedVariables false`
2026-10-09T11:45:19.0511073Z warning: OIBridge/DitaTorusLocus.lean:4029:6: Variable name `dita28` is not explicitly referenced.
2026-10-09T11:45:19.0511078Z 
2026-10-09T11:45:19.0511470Z Hint: The binding can be removed (if unused) or named `_` (if used implicitly). Alternatively, prefix the name with `_` to silence this warning:
2026-10-09T11:45:19.0511611Z   [apply] _dita28
2026-10-09T11:45:19.0511615Z 
2026-10-09T11:45:19.0511821Z Note: This linter can be disabled with `set_option linter.unusedVariables false`
2026-10-09T11:45:19.0512089Z warning: OIBridge/DitaTorusLocus.lean:4032:6: Variable name `dita82` is not explicitly referenced.
2026-10-09T11:45:19.0512093Z 
2026-10-09T11:45:19.0512488Z Hint: The binding can be removed (if unused) or named `_` (if used implicitly). Alternatively, prefix the name with `_` to silence this warning:
2026-10-09T11:45:19.0512573Z   [apply] _dita82
2026-10-09T11:45:19.0512576Z 
2026-10-09T11:45:19.0512777Z Note: This linter can be disabled with `set_option linter.unusedVariables false`
2026-10-09T11:45:19.0513038Z warning: OIBridge/DitaTorusLocus.lean:4039:6: Variable name `P` is not explicitly referenced.
2026-10-09T11:45:19.0513042Z 
2026-10-09T11:45:19.0513439Z Hint: The binding can be removed (if unused) or named `_` (if used implicitly). Alternatively, prefix the name with `_` to silence this warning:
2026-10-09T11:45:19.0513523Z   [apply] _P
2026-10-09T11:45:19.0513527Z 
2026-10-09T11:45:19.0513727Z Note: This linter can be disabled with `set_option linter.unusedVariables false`
2026-10-09T11:45:19.0514054Z warning: OIBridge/DitaTorusLocus.lean:4042:6: Variable name `ditak1` is not explicitly referenced.
2026-10-09T11:45:19.0514058Z 
2026-10-09T11:45:19.0514455Z Hint: The binding can be removed (if unused) or named `_` (if used implicitly). Alternatively, prefix the name with `_` to silence this warning:
2026-10-09T11:45:19.0514533Z   [apply] _ditak1
2026-10-09T11:45:19.0514536Z 
2026-10-09T11:45:19.0514746Z Note: This linter can be disabled with `set_option linter.unusedVariables false`
2026-10-09T11:45:19.0515018Z warning: OIBridge/DitaTorusLocus.lean:4045:6: Variable name `ditak2` is not explicitly referenced.
2026-10-09T11:45:19.0515021Z 
2026-10-09T11:45:19.0515410Z Hint: The binding can be removed (if unused) or named `_` (if used implicitly). Alternatively, prefix the name with `_` to silence this warning:
2026-10-09T11:45:19.0515496Z   [apply] _ditak2
2026-10-09T11:45:19.0515500Z 
2026-10-09T11:45:19.0515712Z Note: This linter can be disabled with `set_option linter.unusedVariables false`
2026-10-09T11:45:19.0516037Z warning: OIBridge/DitaTorusLocus.lean:4048:6: Variable name `ditak3` is not explicitly referenced.
2026-10-09T11:45:19.0516041Z 
2026-10-09T11:45:19.0516440Z Hint: The binding can be removed (if unused) or named `_` (if used implicitly). Alternatively, prefix the name with `_` to silence this warning:
2026-10-09T11:45:19.0516527Z   [apply] _ditak3
2026-10-09T11:45:19.0516531Z 
2026-10-09T11:45:19.0516736Z Note: This linter can be disabled with `set_option linter.unusedVariables false`
2026-10-09T11:45:19.0517010Z warning: OIBridge/DitaTorusLocus.lean:4054:6: Variable name `ditae1` is not explicitly referenced.
2026-10-09T11:45:19.0517014Z 
2026-10-09T11:45:19.0517411Z Hint: The binding can be removed (if unused) or named `_` (if used implicitly). Alternatively, prefix the name with `_` to silence this warning:
2026-10-09T11:45:19.0517491Z   [apply] _ditae1
2026-10-09T11:45:19.0517494Z 
2026-10-09T11:45:19.0517702Z Note: This linter can be disabled with `set_option linter.unusedVariables false`
2026-10-09T11:45:19.0517975Z warning: OIBridge/DitaTorusLocus.lean:4057:6: Variable name `ditae2` is not explicitly referenced.
2026-10-09T11:45:19.0517979Z 
2026-10-09T11:45:19.0518367Z Hint: The binding can be removed (if unused) or named `_` (if used implicitly). Alternatively, prefix the name with `_` to silence this warning:
2026-10-09T11:45:19.0518453Z   [apply] _ditae2
2026-10-09T11:45:19.0518456Z 
2026-10-09T11:45:19.0518712Z Note: This linter can be disabled with `set_option linter.unusedVariables false`
2026-10-09T11:45:19.0518978Z warning: OIBridge/DitaTorusLocus.lean:4060:6: Variable name `ditat2` is not explicitly referenced.
2026-10-09T11:45:19.0519019Z 
2026-10-09T11:45:19.0519418Z Hint: The binding can be removed (if unused) or named `_` (if used implicitly). Alternatively, prefix the name with `_` to silence this warning:
2026-10-09T11:45:19.0519503Z   [apply] _ditat2
2026-10-09T11:45:19.0519506Z 
2026-10-09T11:45:19.0519709Z Note: This linter can be disabled with `set_option linter.unusedVariables false`
2026-10-09T11:45:19.0519980Z warning: OIBridge/DitaTorusLocus.lean:4063:6: Variable name `ditat3` is not explicitly referenced.
2026-10-09T11:45:19.0519984Z 
2026-10-09T11:45:19.0520614Z Hint: The binding can be removed (if unused) or named `_` (if used implicitly). Alternatively, prefix the name with `_` to silence this warning:
2026-10-09T11:45:19.0520699Z   [apply] _ditat3
2026-10-09T11:45:19.0520709Z 
2026-10-09T11:45:19.0520918Z Note: This linter can be disabled with `set_option linter.unusedVariables false`
2026-10-09T11:45:19.0521178Z warning: OIBridge/DitaTorusLocus.lean:4065:6: Variable name `Hu` is not explicitly referenced.
2026-10-09T11:45:19.0521184Z 
2026-10-09T11:45:19.0521578Z Hint: The binding can be removed (if unused) or named `_` (if used implicitly). Alternatively, prefix the name with `_` to silence this warning:
2026-10-09T11:45:19.0521656Z   [apply] _Hu
2026-10-09T11:45:19.0521660Z 
2026-10-09T11:45:19.0521869Z Note: This linter can be disabled with `set_option linter.unusedVariables false`
2026-10-09T11:45:19.0522219Z warning: OIBridge/DitaTorusLocus.lean:4072:6: Variable name `ditamc` is not explicitly referenced.
2026-10-09T11:45:19.0522222Z 
2026-10-09T11:45:19.0522611Z Hint: The binding can be removed (if unused) or named `_` (if used implicitly). Alternatively, prefix the name with `_` to silence this warning:
2026-10-09T11:45:19.0522694Z   [apply] _ditamc
2026-10-09T11:45:19.0522698Z 
2026-10-09T11:45:19.0522906Z Note: This linter can be disabled with `set_option linter.unusedVariables false`
2026-10-09T11:45:19.0523167Z warning: OIBridge/DitaTorusLocus.lean:4075:6: Variable name `ditamr` is not explicitly referenced.
2026-10-09T11:45:19.0523173Z 
2026-10-09T11:45:19.0523567Z Hint: The binding can be removed (if unused) or named `_` (if used implicitly). Alternatively, prefix the name with `_` to silence this warning:
2026-10-09T11:45:19.0523651Z   [apply] _ditamr
2026-10-09T11:45:19.0523654Z 
2026-10-09T11:45:19.0523854Z Note: This linter can be disabled with `set_option linter.unusedVariables false`
2026-10-09T11:45:19.0524362Z info: OIBridge/DitaTorusLocus.lean:4082:0: 'OIBridge.DitaTorusLocus.a40_shared_excl_k4_r' depends on axioms: [propext, Classical.choice, Quot.sound]
2026-10-09T11:45:19.0524626Z warning: OIBridge/DitaTorusLocus.lean:4090:6: Variable name `pt` is not explicitly referenced.
2026-10-09T11:45:19.0524630Z 
2026-10-09T11:45:19.0525019Z Hint: The binding can be removed (if unused) or named `_` (if used implicitly). Alternatively, prefix the name with `_` to silence this warning:
2026-10-09T11:45:19.0525103Z   [apply] _pt
2026-10-09T11:45:19.0525106Z 
2026-10-09T11:45:19.0525312Z Note: This linter can be disabled with `set_option linter.unusedVariables false`
2026-10-09T11:45:19.0525564Z warning: OIBridge/DitaTorusLocus.lean:4094:6: Variable name `S` is not explicitly referenced.
2026-10-09T11:45:19.0525568Z 
2026-10-09T11:45:19.0525964Z Hint: The binding can be removed (if unused) or named `_` (if used implicitly). Alternatively, prefix the name with `_` to silence this warning:
2026-10-09T11:45:19.0526047Z   [apply] _S
2026-10-09T11:45:19.0526053Z 
2026-10-09T11:45:19.0526253Z Note: This linter can be disabled with `set_option linter.unusedVariables false`
2026-10-09T11:45:19.0526515Z warning: OIBridge/DitaTorusLocus.lean:4095:6: Variable name `tor` is not explicitly referenced.
2026-10-09T11:45:19.0526519Z 
2026-10-09T11:45:19.0526967Z Hint: The binding can be removed (if unused) or named `_` (if used implicitly). Alternatively, prefix the name with `_` to silence this warning:
2026-10-09T11:45:19.0527049Z   [apply] _tor
2026-10-09T11:45:19.0527052Z 
2026-10-09T11:45:19.0527261Z Note: This linter can be disabled with `set_option linter.unusedVariables false`
2026-10-09T11:45:19.0527575Z warning: OIBridge/DitaTorusLocus.lean:4096:6: Variable name `adj` is not explicitly referenced.
2026-10-09T11:45:19.0527579Z 
2026-10-09T11:45:19.0527962Z Hint: The binding can be removed (if unused) or named `_` (if used implicitly). Alternatively, prefix the name with `_` to silence this warning:
2026-10-09T11:45:19.0528048Z   [apply] _adj
2026-10-09T11:45:19.0528053Z 
2026-10-09T11:45:19.0528259Z Note: This linter can be disabled with `set_option linter.unusedVariables false`
2026-10-09T11:45:19.0528594Z warning: OIBridge/DitaTorusLocus.lean:4097:6: Variable name `μ` is not explicitly referenced.
2026-10-09T11:45:19.0528604Z 
2026-10-09T11:45:19.0529003Z Hint: The binding can be removed (if unused) or named `_` (if used implicitly). Alternatively, prefix the name with `_` to silence this warning:
2026-10-09T11:45:19.0529095Z   [apply] _μ
2026-10-09T11:45:19.0529098Z 
2026-10-09T11:45:19.0529298Z Note: This linter can be disabled with `set_option linter.unusedVariables false`
2026-10-09T11:45:19.0529557Z warning: OIBridge/DitaTorusLocus.lean:4099:6: Variable name `N` is not explicitly referenced.
2026-10-09T11:45:19.0529561Z 
2026-10-09T11:45:19.0529952Z Hint: The binding can be removed (if unused) or named `_` (if used implicitly). Alternatively, prefix the name with `_` to silence this warning:
2026-10-09T11:45:19.0530082Z   [apply] _N
2026-10-09T11:45:19.0530085Z 
2026-10-09T11:45:19.0530692Z Note: This linter can be disabled with `set_option linter.unusedVariables false`
2026-10-09T11:45:19.0531083Z warning: OIBridge/DitaTorusLocus.lean:4104:6: Variable name `Δc` is not explicitly referenced.
2026-10-09T11:45:19.0531087Z 
2026-10-09T11:45:19.0531488Z Hint: The binding can be removed (if unused) or named `_` (if used implicitly). Alternatively, prefix the name with `_` to silence this warning:
2026-10-09T11:45:19.0531587Z   [apply] _Δc
2026-10-09T11:45:19.0531591Z 
2026-10-09T11:45:19.0531797Z Note: This linter can be disabled with `set_option linter.unusedVariables false`
2026-10-09T11:45:19.0532126Z warning: OIBridge/DitaTorusLocus.lean:4105:6: Variable name `Δr` is not explicitly referenced.
2026-10-09T11:45:19.0532130Z 
2026-10-09T11:45:19.0532521Z Hint: The binding can be removed (if unused) or named `_` (if used implicitly). Alternatively, prefix the name with `_` to silence this warning:
2026-10-09T11:45:19.0532628Z   [apply] _Δr
2026-10-09T11:45:19.0532631Z 
2026-10-09T11:45:19.0532916Z Note: This linter can be disabled with `set_option linter.unusedVariables false`
2026-10-09T11:45:19.0533177Z warning: OIBridge/DitaTorusLocus.lean:4108:6: Variable name `dgT` is not explicitly referenced.
2026-10-09T11:45:19.0533181Z 
2026-10-09T11:45:19.0533578Z Hint: The binding can be removed (if unused) or named `_` (if used implicitly). Alternatively, prefix the name with `_` to silence this warning:
2026-10-09T11:45:19.0533663Z   [apply] _dgT
2026-10-09T11:45:19.0533666Z 
2026-10-09T11:45:19.0533867Z Note: This linter can be disabled with `set_option linter.unusedVariables false`
2026-10-09T11:45:19.0534145Z warning: OIBridge/DitaTorusLocus.lean:4112:6: Variable name `dita28` is not explicitly referenced.
2026-10-09T11:45:19.0534148Z 
2026-10-09T11:45:19.0534542Z Hint: The binding can be removed (if unused) or named `_` (if used implicitly). Alternatively, prefix the name with `_` to silence this warning:
2026-10-09T11:45:19.0534625Z   [apply] _dita28
2026-10-09T11:45:19.0534630Z 
2026-10-09T11:45:19.0534848Z Note: This linter can be disabled with `set_option linter.unusedVariables false`
2026-10-09T11:45:19.0535118Z warning: OIBridge/DitaTorusLocus.lean:4115:6: Variable name `dita82` is not explicitly referenced.
2026-10-09T11:45:19.0535121Z 
2026-10-09T11:45:19.0535573Z Hint: The binding can be removed (if unused) or named `_` (if used implicitly). Alternatively, prefix the name with `_` to silence this warning:
2026-10-09T11:45:19.0535662Z   [apply] _dita82
2026-10-09T11:45:19.0535666Z 
2026-10-09T11:45:19.0535877Z Note: This linter can be disabled with `set_option linter.unusedVariables false`
2026-10-09T11:45:19.0536185Z warning: OIBridge/DitaTorusLocus.lean:4122:6: Variable name `P` is not explicitly referenced.
2026-10-09T11:45:19.0536188Z 
2026-10-09T11:45:19.0536582Z Hint: The binding can be removed (if unused) or named `_` (if used implicitly). Alternatively, prefix the name with `_` to silence this warning:
2026-10-09T11:45:19.0536668Z   [apply] _P
2026-10-09T11:45:19.0536673Z 
2026-10-09T11:45:19.0536873Z Note: This linter can be disabled with `set_option linter.unusedVariables false`
2026-10-09T11:45:19.0537146Z warning: OIBridge/DitaTorusLocus.lean:4125:6: Variable name `ditak1` is not explicitly referenced.
2026-10-09T11:45:19.0537149Z 
2026-10-09T11:45:19.0537543Z Hint: The binding can be removed (if unused) or named `_` (if used implicitly). Alternatively, prefix the name with `_` to silence this warning:
2026-10-09T11:45:19.0537624Z   [apply] _ditak1
2026-10-09T11:45:19.0537634Z 
2026-10-09T11:45:19.0537837Z Note: This linter can be disabled with `set_option linter.unusedVariables false`
2026-10-09T11:45:19.0538109Z warning: OIBridge/DitaTorusLocus.lean:4128:6: Variable name `ditak2` is not explicitly referenced.
2026-10-09T11:45:19.0538113Z 
2026-10-09T11:45:19.0538503Z Hint: The binding can be removed (if unused) or named `_` (if used implicitly). Alternatively, prefix the name with `_` to silence this warning:
2026-10-09T11:45:19.0538641Z   [apply] _ditak2
2026-10-09T11:45:19.0538646Z 
2026-10-09T11:45:19.0538852Z Note: This linter can be disabled with `set_option linter.unusedVariables false`
2026-10-09T11:45:19.0539119Z warning: OIBridge/DitaTorusLocus.lean:4131:6: Variable name `ditak3` is not explicitly referenced.
2026-10-09T11:45:19.0539122Z 
2026-10-09T11:45:19.0539516Z Hint: The binding can be removed (if unused) or named `_` (if used implicitly). Alternatively, prefix the name with `_` to silence this warning:
2026-10-09T11:45:19.0539606Z   [apply] _ditak3
2026-10-09T11:45:19.0539610Z 
2026-10-09T11:45:19.0539814Z Note: This linter can be disabled with `set_option linter.unusedVariables false`
2026-10-09T11:45:19.0540075Z warning: OIBridge/DitaTorusLocus.lean:4134:6: Variable name `ditak4` is not explicitly referenced.
2026-10-09T11:45:19.0540079Z 
2026-10-09T11:45:19.0540628Z Hint: The binding can be removed (if unused) or named `_` (if used implicitly). Alternatively, prefix the name with `_` to silence this warning:
2026-10-09T11:45:19.0540789Z   [apply] _ditak4
2026-10-09T11:45:19.0540793Z 
2026-10-09T11:45:19.0540996Z Note: This linter can be disabled with `set_option linter.unusedVariables false`
2026-10-09T11:45:19.0541263Z warning: OIBridge/DitaTorusLocus.lean:4140:6: Variable name `ditae2` is not explicitly referenced.
2026-10-09T11:45:19.0541266Z 
2026-10-09T11:45:19.0541666Z Hint: The binding can be removed (if unused) or named `_` (if used implicitly). Alternatively, prefix the name with `_` to silence this warning:
2026-10-09T11:45:19.0541746Z   [apply] _ditae2
2026-10-09T11:45:19.0541749Z 
2026-10-09T11:45:19.0541957Z Note: This linter can be disabled with `set_option linter.unusedVariables false`
2026-10-09T11:45:19.0542223Z warning: OIBridge/DitaTorusLocus.lean:4143:6: Variable name `ditat2` is not explicitly referenced.
2026-10-09T11:45:19.0542226Z 
2026-10-09T11:45:19.0542625Z Hint: The binding can be removed (if unused) or named `_` (if used implicitly). Alternatively, prefix the name with `_` to silence this warning:
2026-10-09T11:45:19.0542716Z   [apply] _ditat2
2026-10-09T11:45:19.0542720Z 
2026-10-09T11:45:19.0542930Z Note: This linter can be disabled with `set_option linter.unusedVariables false`
2026-10-09T11:45:19.0543202Z warning: OIBridge/DitaTorusLocus.lean:4146:6: Variable name `ditat3` is not explicitly referenced.
2026-10-09T11:45:19.0543205Z 
2026-10-09T11:45:19.0543660Z Hint: The binding can be removed (if unused) or named `_` (if used implicitly). Alternatively, prefix the name with `_` to silence this warning:
2026-10-09T11:45:19.0543748Z   [apply] _ditat3
2026-10-09T11:45:19.0543751Z 
2026-10-09T11:45:19.0544008Z Note: This linter can be disabled with `set_option linter.unusedVariables false`
2026-10-09T11:45:19.0544269Z warning: OIBridge/DitaTorusLocus.lean:4148:6: Variable name `Hu` is not explicitly referenced.
2026-10-09T11:45:19.0544272Z 
2026-10-09T11:45:19.0544667Z Hint: The binding can be removed (if unused) or named `_` (if used implicitly). Alternatively, prefix the name with `_` to silence this warning:
2026-10-09T11:45:19.0544748Z   [apply] _Hu
2026-10-09T11:45:19.0544751Z 
2026-10-09T11:45:19.0544960Z Note: This linter can be disabled with `set_option linter.unusedVariables false`
2026-10-09T11:45:19.0545229Z warning: OIBridge/DitaTorusLocus.lean:4155:6: Variable name `ditamc` is not explicitly referenced.
2026-10-09T11:45:19.0545233Z 
2026-10-09T11:45:19.0545621Z Hint: The binding can be removed (if unused) or named `_` (if used implicitly). Alternatively, prefix the name with `_` to silence this warning:
2026-10-09T11:45:19.0545705Z   [apply] _ditamc
2026-10-09T11:45:19.0545710Z 
2026-10-09T11:45:19.0545916Z Note: This linter can be disabled with `set_option linter.unusedVariables false`
2026-10-09T11:45:19.0546177Z warning: OIBridge/DitaTorusLocus.lean:4158:6: Variable name `ditamr` is not explicitly referenced.
2026-10-09T11:45:19.0546186Z 
2026-10-09T11:45:19.0546572Z Hint: The binding can be removed (if unused) or named `_` (if used implicitly). Alternatively, prefix the name with `_` to silence this warning:
2026-10-09T11:45:19.0546717Z   [apply] _ditamr
2026-10-09T11:45:19.0546720Z 
2026-10-09T11:45:19.0546926Z Note: This linter can be disabled with `set_option linter.unusedVariables false`
2026-10-09T11:45:19.0547370Z info: OIBridge/DitaTorusLocus.lean:4165:0: 'OIBridge.DitaTorusLocus.a40_shared_excl_e1_c' depends on axioms: [propext, Classical.choice, Quot.sound]
2026-10-09T11:45:19.0547629Z warning: OIBridge/DitaTorusLocus.lean:4173:6: Variable name `pt` is not explicitly referenced.
2026-10-09T11:45:19.0547633Z 
2026-10-09T11:45:19.0548028Z Hint: The binding can be removed (if unused) or named `_` (if used implicitly). Alternatively, prefix the name with `_` to silence this warning:
2026-10-09T11:45:19.0548108Z   [apply] _pt
2026-10-09T11:45:19.0548112Z 
2026-10-09T11:45:19.0548319Z Note: This linter can be disabled with `set_option linter.unusedVariables false`
2026-10-09T11:45:19.0548570Z warning: OIBridge/DitaTorusLocus.lean:4177:6: Variable name `S` is not explicitly referenced.
2026-10-09T11:45:19.0548576Z 
2026-10-09T11:45:19.0549006Z Hint: The binding can be removed (if unused) or named `_` (if used implicitly). Alternatively, prefix the name with `_` to silence this warning:
2026-10-09T11:45:19.0549091Z   [apply] _S
2026-10-09T11:45:19.0549095Z 
2026-10-09T11:45:19.0549301Z Note: This linter can be disabled with `set_option linter.unusedVariables false`
2026-10-09T11:45:19.0549559Z warning: OIBridge/DitaTorusLocus.lean:4178:6: Variable name `tor` is not explicitly referenced.
2026-10-09T11:45:19.0549562Z 
2026-10-09T11:45:19.0549958Z Hint: The binding can be removed (if unused) or named `_` (if used implicitly). Alternatively, prefix the name with `_` to silence this warning:
2026-10-09T11:45:19.0550044Z   [apply] _tor
2026-10-09T11:45:19.0550047Z 
2026-10-09T11:45:19.0550393Z Note: This linter can be disabled with `set_option linter.unusedVariables false`
2026-10-09T11:45:19.0550660Z warning: OIBridge/DitaTorusLocus.lean:4179:6: Variable name `adj` is not explicitly referenced.
2026-10-09T11:45:19.0550666Z 
2026-10-09T11:45:19.0551060Z Hint: The binding can be removed (if unused) or named `_` (if used implicitly). Alternatively, prefix the name with `_` to silence this warning:
2026-10-09T11:45:19.0551139Z   [apply] _adj
2026-10-09T11:45:19.0551142Z 
2026-10-09T11:45:19.0551347Z Note: This linter can be disabled with `set_option linter.unusedVariables false`
2026-10-09T11:45:19.0551766Z warning: OIBridge/DitaTorusLocus.lean:4180:6: Variable name `μ` is not explicitly referenced.
2026-10-09T11:45:19.0551771Z 
2026-10-09T11:45:19.0552161Z Hint: The binding can be removed (if unused) or named `_` (if used implicitly). Alternatively, prefix the name with `_` to silence this warning:
2026-10-09T11:45:19.0552312Z   [apply] _μ
2026-10-09T11:45:19.0552316Z 
2026-10-09T11:45:19.0552524Z Note: This linter can be disabled with `set_option linter.unusedVariables false`
2026-10-09T11:45:19.0552775Z warning: OIBridge/DitaTorusLocus.lean:4182:6: Variable name `N` is not explicitly referenced.
2026-10-09T11:45:19.0552782Z 
2026-10-09T11:45:19.0553183Z Hint: The binding can be removed (if unused) or named `_` (if used implicitly). Alternatively, prefix the name with `_` to silence this warning:
2026-10-09T11:45:19.0553265Z   [apply] _N
2026-10-09T11:45:19.0553269Z 
2026-10-09T11:45:19.0553467Z Note: This linter can be disabled with `set_option linter.unusedVariables false`
2026-10-09T11:45:19.0553798Z warning: OIBridge/DitaTorusLocus.lean:4187:6: Variable name `Δc` is not explicitly referenced.
2026-10-09T11:45:19.0553802Z 
2026-10-09T11:45:19.0554196Z Hint: The binding can be removed (if unused) or named `_` (if used implicitly). Alternatively, prefix the name with `_` to silence this warning:
2026-10-09T11:45:19.0554298Z   [apply] _Δc
2026-10-09T11:45:19.0554306Z 
2026-10-09T11:45:19.0554508Z Note: This linter can be disabled with `set_option linter.unusedVariables false`
2026-10-09T11:45:19.0554829Z warning: OIBridge/DitaTorusLocus.lean:4188:6: Variable name `Δr` is not explicitly referenced.
2026-10-09T11:45:19.0554892Z 
2026-10-09T11:45:19.0555287Z Hint: The binding can be removed (if unused) or named `_` (if used implicitly). Alternatively, prefix the name with `_` to silence this warning:
2026-10-09T11:45:19.0555385Z   [apply] _Δr
2026-10-09T11:45:19.0555388Z 
2026-10-09T11:45:19.0555593Z Note: This linter can be disabled with `set_option linter.unusedVariables false`
2026-10-09T11:45:19.0555867Z warning: OIBridge/DitaTorusLocus.lean:4191:6: Variable name `dgT` is not explicitly referenced.
2026-10-09T11:45:19.0555871Z 
2026-10-09T11:45:19.0556273Z Hint: The binding can be removed (if unused) or named `_` (if used implicitly). Alternatively, prefix the name with `_` to silence this warning:
2026-10-09T11:45:19.0556363Z   [apply] _dgT
2026-10-09T11:45:19.0556367Z 
2026-10-09T11:45:19.0556582Z Note: This linter can be disabled with `set_option linter.unusedVariables false`
2026-10-09T11:45:19.0556855Z warning: OIBridge/DitaTorusLocus.lean:4195:6: Variable name `dita28` is not explicitly referenced.
2026-10-09T11:45:19.0556862Z 
2026-10-09T11:45:19.0557317Z Hint: The binding can be removed (if unused) or named `_` (if used implicitly). Alternatively, prefix the name with `_` to silence this warning:
2026-10-09T11:45:19.0557410Z   [apply] _dita28
2026-10-09T11:45:19.0557414Z 
2026-10-09T11:45:19.0557620Z Note: This linter can be disabled with `set_option linter.unusedVariables false`
2026-10-09T11:45:19.0557894Z warning: OIBridge/DitaTorusLocus.lean:4198:6: Variable name `dita82` is not explicitly referenced.
2026-10-09T11:45:19.0557897Z 
2026-10-09T11:45:19.0558292Z Hint: The binding can be removed (if unused) or named `_` (if used implicitly). Alternatively, prefix the name with `_` to silence this warning:
2026-10-09T11:45:19.0558376Z   [apply] _dita82
2026-10-09T11:45:19.0558379Z 
2026-10-09T11:45:19.0558588Z Note: This linter can be disabled with `set_option linter.unusedVariables false`
2026-10-09T11:45:19.0558850Z warning: OIBridge/DitaTorusLocus.lean:4205:6: Variable name `P` is not explicitly referenced.
2026-10-09T11:45:19.0558857Z 
2026-10-09T11:45:19.0559244Z Hint: The binding can be removed (if unused) or named `_` (if used implicitly). Alternatively, prefix the name with `_` to silence this warning:
2026-10-09T11:45:19.0559327Z   [apply] _P
2026-10-09T11:45:19.0559330Z 
2026-10-09T11:45:19.0559534Z Note: This linter can be disabled with `set_option linter.unusedVariables false`
2026-10-09T11:45:19.0559842Z warning: OIBridge/DitaTorusLocus.lean:4208:6: Variable name `ditak1` is not explicitly referenced.
2026-10-09T11:45:19.0559847Z 
2026-10-09T11:45:19.0560410Z Hint: The binding can be removed (if unused) or named `_` (if used implicitly). Alternatively, prefix the name with `_` to silence this warning:
2026-10-09T11:45:19.0560622Z   [apply] _ditak1
2026-10-09T11:45:19.0560626Z 
2026-10-09T11:45:19.0560847Z Note: This linter can be disabled with `set_option linter.unusedVariables false`
2026-10-09T11:45:19.0561127Z warning: OIBridge/DitaTorusLocus.lean:4211:6: Variable name `ditak2` is not explicitly referenced.
2026-10-09T11:45:19.0561135Z 
2026-10-09T11:45:19.0561575Z Hint: The binding can be removed (if unused) or named `_` (if used implicitly). Alternatively, prefix the name with `_` to silence this warning:
2026-10-09T11:45:19.0561654Z   [apply] _ditak2
2026-10-09T11:45:19.0561658Z 
2026-10-09T11:45:19.0561866Z Note: This linter can be disabled with `set_option linter.unusedVariables false`
2026-10-09T11:45:19.0562143Z warning: OIBridge/DitaTorusLocus.lean:4214:6: Variable name `ditak3` is not explicitly referenced.
2026-10-09T11:45:19.0562146Z 
2026-10-09T11:45:19.0562544Z Hint: The binding can be removed (if unused) or named `_` (if used implicitly). Alternatively, prefix the name with `_` to silence this warning:
2026-10-09T11:45:19.0562624Z   [apply] _ditak3
2026-10-09T11:45:19.0562627Z 
2026-10-09T11:45:19.0562835Z Note: This linter can be disabled with `set_option linter.unusedVariables false`
2026-10-09T11:45:19.0563170Z warning: OIBridge/DitaTorusLocus.lean:4217:6: Variable name `ditak4` is not explicitly referenced.
2026-10-09T11:45:19.0563181Z 
2026-10-09T11:45:19.0563575Z Hint: The binding can be removed (if unused) or named `_` (if used implicitly). Alternatively, prefix the name with `_` to silence this warning:
2026-10-09T11:45:19.0563659Z   [apply] _ditak4
2026-10-09T11:45:19.0563663Z 
2026-10-09T11:45:19.0563875Z Note: This linter can be disabled with `set_option linter.unusedVariables false`
2026-10-09T11:45:19.0564149Z warning: OIBridge/DitaTorusLocus.lean:4223:6: Variable name `ditae2` is not explicitly referenced.
2026-10-09T11:45:19.0564153Z 
2026-10-09T11:45:19.0564560Z Hint: The binding can be removed (if unused) or named `_` (if used implicitly). Alternatively, prefix the name with `_` to silence this warning:
2026-10-09T11:45:19.0564646Z   [apply] _ditae2
2026-10-09T11:45:19.0564649Z 
2026-10-09T11:45:19.0564857Z Note: This linter can be disabled with `set_option linter.unusedVariables false`
2026-10-09T11:45:19.0565230Z warning: OIBridge/DitaTorusLocus.lean:4226:6: Variable name `ditat2` is not explicitly referenced.
2026-10-09T11:45:19.0565234Z 
2026-10-09T11:45:19.0565633Z Hint: The binding can be removed (if unused) or named `_` (if used implicitly). Alternatively, prefix the name with `_` to silence this warning:
2026-10-09T11:45:19.0565711Z   [apply] _ditat2
2026-10-09T11:45:19.0565714Z 
2026-10-09T11:45:19.0565923Z Note: This linter can be disabled with `set_option linter.unusedVariables false`
2026-10-09T11:45:19.0566192Z warning: OIBridge/DitaTorusLocus.lean:4229:6: Variable name `ditat3` is not explicitly referenced.
2026-10-09T11:45:19.0566195Z 
2026-10-09T11:45:19.0566588Z Hint: The binding can be removed (if unused) or named `_` (if used implicitly). Alternatively, prefix the name with `_` to silence this warning:
2026-10-09T11:45:19.0566673Z   [apply] _ditat3
2026-10-09T11:45:19.0566676Z 
2026-10-09T11:45:19.0566883Z Note: This linter can be disabled with `set_option linter.unusedVariables false`
2026-10-09T11:45:19.0567148Z warning: OIBridge/DitaTorusLocus.lean:4231:6: Variable name `Hu` is not explicitly referenced.
2026-10-09T11:45:19.0567151Z 
2026-10-09T11:45:19.0567545Z Hint: The binding can be removed (if unused) or named `_` (if used implicitly). Alternatively, prefix the name with `_` to silence this warning:
2026-10-09T11:45:19.0567630Z   [apply] _Hu
2026-10-09T11:45:19.0567633Z 
2026-10-09T11:45:19.0567887Z Note: This linter can be disabled with `set_option linter.unusedVariables false`
2026-10-09T11:45:19.0568158Z warning: OIBridge/DitaTorusLocus.lean:4238:6: Variable name `ditamc` is not explicitly referenced.
2026-10-09T11:45:19.0568161Z 
2026-10-09T11:45:19.0568593Z Hint: The binding can be removed (if unused) or named `_` (if used implicitly). Alternatively, prefix the name with `_` to silence this warning:
2026-10-09T11:45:19.0568671Z   [apply] _ditamc
2026-10-09T11:45:19.0568675Z 
2026-10-09T11:45:19.0568881Z Note: This linter can be disabled with `set_option linter.unusedVariables false`
2026-10-09T11:45:19.0569154Z warning: OIBridge/DitaTorusLocus.lean:4241:6: Variable name `ditamr` is not explicitly referenced.
2026-10-09T11:45:19.0569157Z 
2026-10-09T11:45:19.0569543Z Hint: The binding can be removed (if unused) or named `_` (if used implicitly). Alternatively, prefix the name with `_` to silence this warning:
2026-10-09T11:45:19.0569628Z   [apply] _ditamr
2026-10-09T11:45:19.0569631Z 
2026-10-09T11:45:19.0569838Z Note: This linter can be disabled with `set_option linter.unusedVariables false`
2026-10-09T11:45:19.0570449Z info: OIBridge/DitaTorusLocus.lean:4248:0: 'OIBridge.DitaTorusLocus.a40_shared_excl_e1_r' depends on axioms: [propext, Classical.choice, Quot.sound]
2026-10-09T11:45:19.0570721Z warning: OIBridge/DitaTorusLocus.lean:4256:6: Variable name `pt` is not explicitly referenced.
2026-10-09T11:45:19.0570724Z 
2026-10-09T11:45:19.0571120Z Hint: The binding can be removed (if unused) or named `_` (if used implicitly). Alternatively, prefix the name with `_` to silence this warning:
2026-10-09T11:45:19.0571270Z   [apply] _pt
2026-10-09T11:45:19.0571273Z 
2026-10-09T11:45:19.0571478Z Note: This linter can be disabled with `set_option linter.unusedVariables false`
2026-10-09T11:45:19.0571738Z warning: OIBridge/DitaTorusLocus.lean:4260:6: Variable name `S` is not explicitly referenced.
2026-10-09T11:45:19.0571742Z 
2026-10-09T11:45:19.0572137Z Hint: The binding can be removed (if unused) or named `_` (if used implicitly). Alternatively, prefix the name with `_` to silence this warning:
2026-10-09T11:45:19.0572216Z   [apply] _S
2026-10-09T11:45:19.0572219Z 
2026-10-09T11:45:19.0572425Z Note: This linter can be disabled with `set_option linter.unusedVariables false`
2026-10-09T11:45:19.0572694Z warning: OIBridge/DitaTorusLocus.lean:4261:6: Variable name `tor` is not explicitly referenced.
2026-10-09T11:45:19.0572698Z 
2026-10-09T11:45:19.0573088Z Hint: The binding can be removed (if unused) or named `_` (if used implicitly). Alternatively, prefix the name with `_` to silence this warning:
2026-10-09T11:45:19.0573174Z   [apply] _tor
2026-10-09T11:45:19.0573177Z 
2026-10-09T11:45:19.0573447Z Note: This linter can be disabled with `set_option linter.unusedVariables false`
2026-10-09T11:45:19.0573711Z warning: OIBridge/DitaTorusLocus.lean:4262:6: Variable name `adj` is not explicitly referenced.
2026-10-09T11:45:19.0573714Z 
2026-10-09T11:45:19.0574108Z Hint: The binding can be removed (if unused) or named `_` (if used implicitly). Alternatively, prefix the name with `_` to silence this warning:
2026-10-09T11:45:19.0574190Z   [apply] _adj
2026-10-09T11:45:19.0574194Z 
2026-10-09T11:45:19.0574391Z Note: This linter can be disabled with `set_option linter.unusedVariables false`
2026-10-09T11:45:19.0574739Z warning: OIBridge/DitaTorusLocus.lean:4263:6: Variable name `μ` is not explicitly referenced.
2026-10-09T11:45:19.0574743Z 
2026-10-09T11:45:19.0575137Z Hint: The binding can be removed (if unused) or named `_` (if used implicitly). Alternatively, prefix the name with `_` to silence this warning:
2026-10-09T11:45:19.0575229Z   [apply] _μ
2026-10-09T11:45:19.0575232Z 
2026-10-09T11:45:19.0575441Z Note: This linter can be disabled with `set_option linter.unusedVariables false`
2026-10-09T11:45:19.0575697Z warning: OIBridge/DitaTorusLocus.lean:4265:6: Variable name `N` is not explicitly referenced.
2026-10-09T11:45:19.0575700Z 
2026-10-09T11:45:19.0576152Z Hint: The binding can be removed (if unused) or named `_` (if used implicitly). Alternatively, prefix the name with `_` to silence this warning:
2026-10-09T11:45:19.0576242Z   [apply] _N
2026-10-09T11:45:19.0576246Z 
2026-10-09T11:45:19.0576455Z Note: This linter can be disabled with `set_option linter.unusedVariables false`
2026-10-09T11:45:19.0576835Z warning: OIBridge/DitaTorusLocus.lean:4270:6: Variable name `Δc` is not explicitly referenced.
2026-10-09T11:45:19.0576838Z 
2026-10-09T11:45:19.0577233Z Hint: The binding can be removed (if unused) or named `_` (if used implicitly). Alternatively, prefix the name with `_` to silence this warning:
2026-10-09T11:45:19.0577342Z   [apply] _Δc
2026-10-09T11:45:19.0577345Z 
2026-10-09T11:45:19.0577551Z Note: This linter can be disabled with `set_option linter.unusedVariables false`
2026-10-09T11:45:19.0577877Z warning: OIBridge/DitaTorusLocus.lean:4271:6: Variable name `Δr` is not explicitly referenced.
2026-10-09T11:45:19.0577880Z 
2026-10-09T11:45:19.0578277Z Hint: The binding can be removed (if unused) or named `_` (if used implicitly). Alternatively, prefix the name with `_` to silence this warning:
2026-10-09T11:45:19.0578374Z   [apply] _Δr
2026-10-09T11:45:19.0578384Z 
2026-10-09T11:45:19.0578593Z Note: This linter can be disabled with `set_option linter.unusedVariables false`
2026-10-09T11:45:19.0578861Z warning: OIBridge/DitaTorusLocus.lean:4274:6: Variable name `dgT` is not explicitly referenced.
2026-10-09T11:45:19.0578864Z 
2026-10-09T11:45:19.0579256Z Hint: The binding can be removed (if unused) or named `_` (if used implicitly). Alternatively, prefix the name with `_` to silence this warning:
2026-10-09T11:45:19.0579380Z   [apply] _dgT
2026-10-09T11:45:19.0579383Z 
2026-10-09T11:45:19.0579590Z Note: This linter can be disabled with `set_option linter.unusedVariables false`
2026-10-09T11:45:19.0579866Z warning: OIBridge/DitaTorusLocus.lean:4278:6: Variable name `dita28` is not explicitly referenced.
2026-10-09T11:45:19.0579870Z 
2026-10-09T11:45:19.0580487Z Hint: The binding can be removed (if unused) or named `_` (if used implicitly). Alternatively, prefix the name with `_` to silence this warning:
2026-10-09T11:45:19.0580601Z   [apply] _dita28
2026-10-09T11:45:19.0580605Z 
2026-10-09T11:45:19.0580819Z Note: This linter can be disabled with `set_option linter.unusedVariables false`
2026-10-09T11:45:19.0581089Z warning: OIBridge/DitaTorusLocus.lean:4281:6: Variable name `dita82` is not explicitly referenced.
2026-10-09T11:45:19.0581092Z 
2026-10-09T11:45:19.0581490Z Hint: The binding can be removed (if unused) or named `_` (if used implicitly). Alternatively, prefix the name with `_` to silence this warning:
2026-10-09T11:45:19.0581576Z   [apply] _dita82
2026-10-09T11:45:19.0581579Z 
2026-10-09T11:45:19.0581853Z Note: This linter can be disabled with `set_option linter.unusedVariables false`
2026-10-09T11:45:19.0582119Z warning: OIBridge/DitaTorusLocus.lean:4288:6: Variable name `P` is not explicitly referenced.
2026-10-09T11:45:19.0582122Z 
2026-10-09T11:45:19.0582520Z Hint: The binding can be removed (if unused) or named `_` (if used implicitly). Alternatively, prefix the name with `_` to silence this warning:
2026-10-09T11:45:19.0582598Z   [apply] _P
2026-10-09T11:45:19.0582601Z 
2026-10-09T11:45:19.0582808Z Note: This linter can be disabled with `set_option linter.unusedVariables false`
2026-10-09T11:45:19.0583079Z warning: OIBridge/DitaTorusLocus.lean:4291:6: Variable name `ditak1` is not explicitly referenced.
2026-10-09T11:45:19.0583083Z 
2026-10-09T11:45:19.0583470Z Hint: The binding can be removed (if unused) or named `_` (if used implicitly). Alternatively, prefix the name with `_` to silence this warning:
2026-10-09T11:45:19.0583557Z   [apply] _ditak1
2026-10-09T11:45:19.0583561Z 
2026-10-09T11:45:19.0583769Z Note: This linter can be disabled with `set_option linter.unusedVariables false`
2026-10-09T11:45:19.0584033Z warning: OIBridge/DitaTorusLocus.lean:4294:6: Variable name `ditak2` is not explicitly referenced.
2026-10-09T11:45:19.0584037Z 
2026-10-09T11:45:19.0584485Z Hint: The binding can be removed (if unused) or named `_` (if used implicitly). Alternatively, prefix the name with `_` to silence this warning:
2026-10-09T11:45:19.0584570Z   [apply] _ditak2
2026-10-09T11:45:19.0584573Z 
2026-10-09T11:45:19.0584775Z Note: This linter can be disabled with `set_option linter.unusedVariables false`
2026-10-09T11:45:19.0585101Z warning: OIBridge/DitaTorusLocus.lean:4297:6: Variable name `ditak3` is not explicitly referenced.
2026-10-09T11:45:19.0585105Z 
2026-10-09T11:45:19.0585502Z Hint: The binding can be removed (if unused) or named `_` (if used implicitly). Alternatively, prefix the name with `_` to silence this warning:
2026-10-09T11:45:19.0585583Z   [apply] _ditak3
2026-10-09T11:45:19.0585588Z 
2026-10-09T11:45:19.0585796Z Note: This linter can be disabled with `set_option linter.unusedVariables false`
2026-10-09T11:45:19.0586067Z warning: OIBridge/DitaTorusLocus.lean:4300:6: Variable name `ditak4` is not explicitly referenced.
2026-10-09T11:45:19.0586070Z 
2026-10-09T11:45:19.0586460Z Hint: The binding can be removed (if unused) or named `_` (if used implicitly). Alternatively, prefix the name with `_` to silence this warning:
2026-10-09T11:45:19.0586548Z   [apply] _ditak4
2026-10-09T11:45:19.0586551Z 
2026-10-09T11:45:19.0586760Z Note: This linter can be disabled with `set_option linter.unusedVariables false`
2026-10-09T11:45:19.0587027Z warning: OIBridge/DitaTorusLocus.lean:4303:6: Variable name `ditae1` is not explicitly referenced.
2026-10-09T11:45:19.0587036Z 
2026-10-09T11:45:19.0587422Z Hint: The binding can be removed (if unused) or named `_` (if used implicitly). Alternatively, prefix the name with `_` to silence this warning:
2026-10-09T11:45:19.0587566Z   [apply] _ditae1
2026-10-09T11:45:19.0587571Z 
2026-10-09T11:45:19.0587777Z Note: This linter can be disabled with `set_option linter.unusedVariables false`
2026-10-09T11:45:19.0588038Z warning: OIBridge/DitaTorusLocus.lean:4309:6: Variable name `ditat2` is not explicitly referenced.
2026-10-09T11:45:19.0588041Z 
2026-10-09T11:45:19.0588432Z Hint: The binding can be removed (if unused) or named `_` (if used implicitly). Alternatively, prefix the name with `_` to silence this warning:
2026-10-09T11:45:19.0588515Z   [apply] _ditat2
2026-10-09T11:45:19.0588518Z 
2026-10-09T11:45:19.0588721Z Note: This linter can be disabled with `set_option linter.unusedVariables false`
2026-10-09T11:45:19.0588997Z warning: OIBridge/DitaTorusLocus.lean:4312:6: Variable name `ditat3` is not explicitly referenced.
2026-10-09T11:45:19.0589001Z 
2026-10-09T11:45:19.0589394Z Hint: The binding can be removed (if unused) or named `_` (if used implicitly). Alternatively, prefix the name with `_` to silence this warning:
2026-10-09T11:45:19.0589532Z   [apply] _ditat3
2026-10-09T11:45:19.0589536Z 
2026-10-09T11:45:19.0589746Z Note: This linter can be disabled with `set_option linter.unusedVariables false`
2026-10-09T11:45:19.0590009Z warning: OIBridge/DitaTorusLocus.lean:4314:6: Variable name `Hu` is not explicitly referenced.
2026-10-09T11:45:19.0590013Z 
2026-10-09T11:45:19.0590564Z Hint: The binding can be removed (if unused) or named `_` (if used implicitly). Alternatively, prefix the name with `_` to silence this warning:
2026-10-09T11:45:19.0590651Z   [apply] _Hu
2026-10-09T11:45:19.0590654Z 
2026-10-09T11:45:19.0590862Z Note: This linter can be disabled with `set_option linter.unusedVariables false`
2026-10-09T11:45:19.0591127Z warning: OIBridge/DitaTorusLocus.lean:4321:6: Variable name `ditamc` is not explicitly referenced.
2026-10-09T11:45:19.0591130Z 
2026-10-09T11:45:19.0591526Z Hint: The binding can be removed (if unused) or named `_` (if used implicitly). Alternatively, prefix the name with `_` to silence this warning:
2026-10-09T11:45:19.0591616Z   [apply] _ditamc
2026-10-09T11:45:19.0591619Z 
2026-10-09T11:45:19.0591820Z Note: This linter can be disabled with `set_option linter.unusedVariables false`
2026-10-09T11:45:19.0592088Z warning: OIBridge/DitaTorusLocus.lean:4324:6: Variable name `ditamr` is not explicitly referenced.
2026-10-09T11:45:19.0592091Z 
2026-10-09T11:45:19.0592555Z Hint: The binding can be removed (if unused) or named `_` (if used implicitly). Alternatively, prefix the name with `_` to silence this warning:
2026-10-09T11:45:19.0592638Z   [apply] _ditamr
2026-10-09T11:45:19.0592641Z 
2026-10-09T11:45:19.0592903Z Note: This linter can be disabled with `set_option linter.unusedVariables false`
2026-10-09T11:45:19.0593350Z info: OIBridge/DitaTorusLocus.lean:4331:0: 'OIBridge.DitaTorusLocus.a40_shared_excl_e2_c' depends on axioms: [propext, Classical.choice, Quot.sound]
2026-10-09T11:45:19.0593607Z warning: OIBridge/DitaTorusLocus.lean:4339:6: Variable name `pt` is not explicitly referenced.
2026-10-09T11:45:19.0593613Z 
2026-10-09T11:45:19.0594010Z Hint: The binding can be removed (if unused) or named `_` (if used implicitly). Alternatively, prefix the name with `_` to silence this warning:
2026-10-09T11:45:19.0594101Z   [apply] _pt
2026-10-09T11:45:19.0594104Z 
2026-10-09T11:45:19.0594303Z Note: This linter can be disabled with `set_option linter.unusedVariables false`
2026-10-09T11:45:19.0594564Z warning: OIBridge/DitaTorusLocus.lean:4343:6: Variable name `S` is not explicitly referenced.
2026-10-09T11:45:19.0594567Z 
2026-10-09T11:45:19.0594960Z Hint: The binding can be removed (if unused) or named `_` (if used implicitly). Alternatively, prefix the name with `_` to silence this warning:
2026-10-09T11:45:19.0595039Z   [apply] _S
2026-10-09T11:45:19.0595049Z 
2026-10-09T11:45:19.0595252Z Note: This linter can be disabled with `set_option linter.unusedVariables false`
2026-10-09T11:45:19.0595514Z warning: OIBridge/DitaTorusLocus.lean:4344:6: Variable name `tor` is not explicitly referenced.
2026-10-09T11:45:19.0595587Z 
2026-10-09T11:45:19.0595986Z Hint: The binding can be removed (if unused) or named `_` (if used implicitly). Alternatively, prefix the name with `_` to silence this warning:
2026-10-09T11:45:19.0596067Z   [apply] _tor
2026-10-09T11:45:19.0596071Z 
2026-10-09T11:45:19.0596276Z Note: This linter can be disabled with `set_option linter.unusedVariables false`
2026-10-09T11:45:19.0596537Z warning: OIBridge/DitaTorusLocus.lean:4345:6: Variable name `adj` is not explicitly referenced.
2026-10-09T11:45:19.0596541Z 
2026-10-09T11:45:19.0596926Z Hint: The binding can be removed (if unused) or named `_` (if used implicitly). Alternatively, prefix the name with `_` to silence this warning:
2026-10-09T11:45:19.0597014Z   [apply] _adj
2026-10-09T11:45:19.0597017Z 
2026-10-09T11:45:19.0597226Z Note: This linter can be disabled with `set_option linter.unusedVariables false`
2026-10-09T11:45:19.0597578Z warning: OIBridge/DitaTorusLocus.lean:4346:6: Variable name `μ` is not explicitly referenced.
2026-10-09T11:45:19.0597584Z 
2026-10-09T11:45:19.0598046Z Hint: The binding can be removed (if unused) or named `_` (if used implicitly). Alternatively, prefix the name with `_` to silence this warning:
2026-10-09T11:45:19.0598146Z   [apply] _μ
2026-10-09T11:45:19.0598150Z 
2026-10-09T11:45:19.0598351Z Note: This linter can be disabled with `set_option linter.unusedVariables false`
2026-10-09T11:45:19.0598609Z warning: OIBridge/DitaTorusLocus.lean:4348:6: Variable name `N` is not explicitly referenced.
2026-10-09T11:45:19.0598612Z 
2026-10-09T11:45:19.0599000Z Hint: The binding can be removed (if unused) or named `_` (if used implicitly). Alternatively, prefix the name with `_` to silence this warning:
2026-10-09T11:45:19.0599080Z   [apply] _N
2026-10-09T11:45:19.0599084Z 
2026-10-09T11:45:19.0599290Z Note: This linter can be disabled with `set_option linter.unusedVariables false`
2026-10-09T11:45:19.0599613Z warning: OIBridge/DitaTorusLocus.lean:4353:6: Variable name `Δc` is not explicitly referenced.
2026-10-09T11:45:19.0599620Z 
2026-10-09T11:45:19.0600010Z Hint: The binding can be removed (if unused) or named `_` (if used implicitly). Alternatively, prefix the name with `_` to silence this warning:
2026-10-09T11:45:19.0600115Z   [apply] _Δc
2026-10-09T11:45:19.0600119Z 
2026-10-09T11:45:19.0600583Z Note: This linter can be disabled with `set_option linter.unusedVariables false`
2026-10-09T11:45:19.0600999Z warning: OIBridge/DitaTorusLocus.lean:4354:6: Variable name `Δr` is not explicitly referenced.
2026-10-09T11:45:19.0601004Z 
2026-10-09T11:45:19.0601407Z Hint: The binding can be removed (if unused) or named `_` (if used implicitly). Alternatively, prefix the name with `_` to silence this warning:
2026-10-09T11:45:19.0601572Z   [apply] _Δr
2026-10-09T11:45:19.0601575Z 
2026-10-09T11:45:19.0601777Z Note: This linter can be disabled with `set_option linter.unusedVariables false`
2026-10-09T11:45:19.0602040Z warning: OIBridge/DitaTorusLocus.lean:4357:6: Variable name `dgT` is not explicitly referenced.
2026-10-09T11:45:19.0602047Z 
2026-10-09T11:45:19.0602441Z Hint: The binding can be removed (if unused) or named `_` (if used implicitly). Alternatively, prefix the name with `_` to silence this warning:
2026-10-09T11:45:19.0602521Z   [apply] _dgT
2026-10-09T11:45:19.0602524Z 
2026-10-09T11:45:19.0602728Z Note: This linter can be disabled with `set_option linter.unusedVariables false`
2026-10-09T11:45:19.0602997Z warning: OIBridge/DitaTorusLocus.lean:4361:6: Variable name `dita28` is not explicitly referenced.
2026-10-09T11:45:19.0603001Z 
2026-10-09T11:45:19.0603391Z Hint: The binding can be removed (if unused) or named `_` (if used implicitly). Alternatively, prefix the name with `_` to silence this warning:
2026-10-09T11:45:19.0603481Z   [apply] _dita28
2026-10-09T11:45:19.0603484Z 
2026-10-09T11:45:19.0603690Z Note: This linter can be disabled with `set_option linter.unusedVariables false`
2026-10-09T11:45:19.0603950Z warning: OIBridge/DitaTorusLocus.lean:4364:6: Variable name `dita82` is not explicitly referenced.
2026-10-09T11:45:19.0604018Z 
2026-10-09T11:45:19.0604406Z Hint: The binding can be removed (if unused) or named `_` (if used implicitly). Alternatively, prefix the name with `_` to silence this warning:
2026-10-09T11:45:19.0604491Z   [apply] _dita82
2026-10-09T11:45:19.0604494Z 
2026-10-09T11:45:19.0604702Z Note: This linter can be disabled with `set_option linter.unusedVariables false`
2026-10-09T11:45:19.0604956Z warning: OIBridge/DitaTorusLocus.lean:4371:6: Variable name `P` is not explicitly referenced.
2026-10-09T11:45:19.0604959Z 
2026-10-09T11:45:19.0605354Z Hint: The binding can be removed (if unused) or named `_` (if used implicitly). Alternatively, prefix the name with `_` to silence this warning:
2026-10-09T11:45:19.0605438Z   [apply] _P
2026-10-09T11:45:19.0605442Z 
2026-10-09T11:45:19.0605789Z Note: This linter can be disabled with `set_option linter.unusedVariables false`
2026-10-09T11:45:19.0606059Z warning: OIBridge/DitaTorusLocus.lean:4374:6: Variable name `ditak1` is not explicitly referenced.
2026-10-09T11:45:19.0606066Z 
2026-10-09T11:45:19.0606523Z Hint: The binding can be removed (if unused) or named `_` (if used implicitly). Alternatively, prefix the name with `_` to silence this warning:
2026-10-09T11:45:19.0606603Z   [apply] _ditak1
2026-10-09T11:45:19.0606606Z 
2026-10-09T11:45:19.0606813Z Note: This linter can be disabled with `set_option linter.unusedVariables false`
2026-10-09T11:45:19.0607084Z warning: OIBridge/DitaTorusLocus.lean:4377:6: Variable name `ditak2` is not explicitly referenced.
2026-10-09T11:45:19.0607087Z 
2026-10-09T11:45:19.0607472Z Hint: The binding can be removed (if unused) or named `_` (if used implicitly). Alternatively, prefix the name with `_` to silence this warning:
2026-10-09T11:45:19.0607558Z   [apply] _ditak2
2026-10-09T11:45:19.0607561Z 
2026-10-09T11:45:19.0607764Z Note: This linter can be disabled with `set_option linter.unusedVariables false`
2026-10-09T11:45:19.0608025Z warning: OIBridge/DitaTorusLocus.lean:4380:6: Variable name `ditak3` is not explicitly referenced.
2026-10-09T11:45:19.0608031Z 
2026-10-09T11:45:19.0608428Z Hint: The binding can be removed (if unused) or named `_` (if used implicitly). Alternatively, prefix the name with `_` to silence this warning:
2026-10-09T11:45:19.0608512Z   [apply] _ditak3
2026-10-09T11:45:19.0608516Z 
2026-10-09T11:45:19.0608719Z Note: This linter can be disabled with `set_option linter.unusedVariables false`
2026-10-09T11:45:19.0609039Z warning: OIBridge/DitaTorusLocus.lean:4383:6: Variable name `ditak4` is not explicitly referenced.
2026-10-09T11:45:19.0609043Z 
2026-10-09T11:45:19.0609439Z Hint: The binding can be removed (if unused) or named `_` (if used implicitly). Alternatively, prefix the name with `_` to silence this warning:
2026-10-09T11:45:19.0609555Z   [apply] _ditak4
2026-10-09T11:45:19.0609558Z 
2026-10-09T11:45:19.0609765Z Note: This linter can be disabled with `set_option linter.unusedVariables false`
2026-10-09T11:45:19.0610030Z warning: OIBridge/DitaTorusLocus.lean:4386:6: Variable name `ditae1` is not explicitly referenced.
2026-10-09T11:45:19.0610037Z 
2026-10-09T11:45:19.0610700Z Hint: The binding can be removed (if unused) or named `_` (if used implicitly). Alternatively, prefix the name with `_` to silence this warning:
2026-10-09T11:45:19.0610792Z   [apply] _ditae1
2026-10-09T11:45:19.0610795Z 
2026-10-09T11:45:19.0611006Z Note: This linter can be disabled with `set_option linter.unusedVariables false`
2026-10-09T11:45:19.0611272Z warning: OIBridge/DitaTorusLocus.lean:4392:6: Variable name `ditat2` is not explicitly referenced.
2026-10-09T11:45:19.0611281Z 
2026-10-09T11:45:19.0611669Z Hint: The binding can be removed (if unused) or named `_` (if used implicitly). Alternatively, prefix the name with `_` to silence this warning:
2026-10-09T11:45:19.0611759Z   [apply] _ditat2
2026-10-09T11:45:19.0611763Z 
2026-10-09T11:45:19.0611963Z Note: This linter can be disabled with `set_option linter.unusedVariables false`
2026-10-09T11:45:19.0612308Z warning: OIBridge/DitaTorusLocus.lean:4395:6: Variable name `ditat3` is not explicitly referenced.
2026-10-09T11:45:19.0612314Z 
2026-10-09T11:45:19.0612707Z Hint: The binding can be removed (if unused) or named `_` (if used implicitly). Alternatively, prefix the name with `_` to silence this warning:
2026-10-09T11:45:19.0612791Z   [apply] _ditat3
2026-10-09T11:45:19.0612795Z 
2026-10-09T11:45:19.0612996Z Note: This linter can be disabled with `set_option linter.unusedVariables false`
2026-10-09T11:45:19.0613266Z warning: OIBridge/DitaTorusLocus.lean:4397:6: Variable name `Hu` is not explicitly referenced.
2026-10-09T11:45:19.0613270Z 
2026-10-09T11:45:19.0618319Z Hint: The binding can be removed (if unused) or named `_` (if used implicitly). Alternatively, prefix the name with `_` to silence this warning:
2026-10-09T11:45:19.0618433Z   [apply] _Hu
2026-10-09T11:45:19.0618438Z 
2026-10-09T11:45:19.0618664Z Note: This linter can be disabled with `set_option linter.unusedVariables false`
2026-10-09T11:45:19.0618967Z warning: OIBridge/DitaTorusLocus.lean:4404:6: Variable name `ditamc` is not explicitly referenced.
2026-10-09T11:45:19.0619074Z 
2026-10-09T11:45:19.0619495Z Hint: The binding can be removed (if unused) or named `_` (if used implicitly). Alternatively, prefix the name with `_` to silence this warning:
2026-10-09T11:45:19.0619581Z   [apply] _ditamc
2026-10-09T11:45:19.0619584Z 
2026-10-09T11:45:19.0619800Z Note: This linter can be disabled with `set_option linter.unusedVariables false`
2026-10-09T11:45:19.0620081Z warning: OIBridge/DitaTorusLocus.lean:4407:6: Variable name `ditamr` is not explicitly referenced.
2026-10-09T11:45:19.0620085Z 
2026-10-09T11:45:19.0620687Z Hint: The binding can be removed (if unused) or named `_` (if used implicitly). Alternatively, prefix the name with `_` to silence this warning:
2026-10-09T11:45:19.0620781Z   [apply] _ditamr
2026-10-09T11:45:19.0620785Z 
2026-10-09T11:45:19.0621006Z Note: This linter can be disabled with `set_option linter.unusedVariables false`
2026-10-09T11:45:19.0621475Z info: OIBridge/DitaTorusLocus.lean:4414:0: 'OIBridge.DitaTorusLocus.a40_shared_excl_e2_r' depends on axioms: [propext, Classical.choice, Quot.sound]
2026-10-09T11:45:19.0621753Z warning: OIBridge/DitaTorusLocus.lean:4422:6: Variable name `pt` is not explicitly referenced.
2026-10-09T11:45:19.0621756Z 
2026-10-09T11:45:19.0622161Z Hint: The binding can be removed (if unused) or named `_` (if used implicitly). Alternatively, prefix the name with `_` to silence this warning:
2026-10-09T11:45:19.0622323Z   [apply] _pt
2026-10-09T11:45:19.0622328Z 
2026-10-09T11:45:19.0622535Z Note: This linter can be disabled with `set_option linter.unusedVariables false`
2026-10-09T11:45:19.0622859Z warning: OIBridge/DitaTorusLocus.lean:4426:6: Variable name `S` is not explicitly referenced.
2026-10-09T11:45:19.0622863Z 
2026-10-09T11:45:19.0623266Z Hint: The binding can be removed (if unused) or named `_` (if used implicitly). Alternatively, prefix the name with `_` to silence this warning:
2026-10-09T11:45:19.0623350Z   [apply] _S
2026-10-09T11:45:19.0623354Z 
2026-10-09T11:45:19.0623568Z Note: This linter can be disabled with `set_option linter.unusedVariables false`
2026-10-09T11:45:19.0623840Z warning: OIBridge/DitaTorusLocus.lean:4427:6: Variable name `tor` is not explicitly referenced.
2026-10-09T11:45:19.0623844Z 
2026-10-09T11:45:19.0624240Z Hint: The binding can be removed (if unused) or named `_` (if used implicitly). Alternatively, prefix the name with `_` to silence this warning:
2026-10-09T11:45:19.0624325Z   [apply] _tor
2026-10-09T11:45:19.0624328Z 
2026-10-09T11:45:19.0624538Z Note: This linter can be disabled with `set_option linter.unusedVariables false`
2026-10-09T11:45:19.0624802Z warning: OIBridge/DitaTorusLocus.lean:4428:6: Variable name `adj` is not explicitly referenced.
2026-10-09T11:45:19.0624805Z 
2026-10-09T11:45:19.0625202Z Hint: The binding can be removed (if unused) or named `_` (if used implicitly). Alternatively, prefix the name with `_` to silence this warning:
2026-10-09T11:45:19.0625352Z   [apply] _adj
2026-10-09T11:45:19.0625356Z 
2026-10-09T11:45:19.0625562Z Note: This linter can be disabled with `set_option linter.unusedVariables false`
2026-10-09T11:45:19.0625949Z warning: OIBridge/DitaTorusLocus.lean:4429:6: Variable name `μ` is not explicitly referenced.
2026-10-09T11:45:19.0625953Z 
2026-10-09T11:45:19.0626354Z Hint: The binding can be removed (if unused) or named `_` (if used implicitly). Alternatively, prefix the name with `_` to silence this warning:
2026-10-09T11:45:19.0626447Z   [apply] _μ
2026-10-09T11:45:19.0626451Z 
2026-10-09T11:45:19.0626662Z Note: This linter can be disabled with `set_option linter.unusedVariables false`
2026-10-09T11:45:19.0626927Z warning: OIBridge/DitaTorusLocus.lean:4431:6: Variable name `N` is not explicitly referenced.
2026-10-09T11:45:19.0626931Z 
2026-10-09T11:45:19.0627324Z Hint: The binding can be removed (if unused) or named `_` (if used implicitly). Alternatively, prefix the name with `_` to silence this warning:
2026-10-09T11:45:19.0627412Z   [apply] _N
2026-10-09T11:45:19.0627416Z 
2026-10-09T11:45:19.0627691Z Note: This linter can be disabled with `set_option linter.unusedVariables false`
2026-10-09T11:45:19.0628021Z warning: OIBridge/DitaTorusLocus.lean:4436:6: Variable name `Δc` is not explicitly referenced.
2026-10-09T11:45:19.0628025Z 
2026-10-09T11:45:19.0628422Z Hint: The binding can be removed (if unused) or named `_` (if used implicitly). Alternatively, prefix the name with `_` to silence this warning:
2026-10-09T11:45:19.0628532Z   [apply] _Δc
2026-10-09T11:45:19.0628537Z 
2026-10-09T11:45:19.0628739Z Note: This linter can be disabled with `set_option linter.unusedVariables false`
2026-10-09T11:45:19.0629077Z warning: OIBridge/DitaTorusLocus.lean:4437:6: Variable name `Δr` is not explicitly referenced.
2026-10-09T11:45:19.0629080Z 
2026-10-09T11:45:19.0629483Z Hint: The binding can be removed (if unused) or named `_` (if used implicitly). Alternatively, prefix the name with `_` to silence this warning:
2026-10-09T11:45:19.0629590Z   [apply] _Δr
2026-10-09T11:45:19.0629594Z 
2026-10-09T11:45:19.0629809Z Note: This linter can be disabled with `set_option linter.unusedVariables false`
2026-10-09T11:45:19.0630080Z warning: OIBridge/DitaTorusLocus.lean:4440:6: Variable name `dgT` is not explicitly referenced.
2026-10-09T11:45:19.0630083Z 
2026-10-09T11:45:19.0630614Z Hint: The binding can be removed (if unused) or named `_` (if used implicitly). Alternatively, prefix the name with `_` to silence this warning:
2026-10-09T11:45:19.0630767Z   [apply] _dgT
2026-10-09T11:45:19.0630771Z 
2026-10-09T11:45:19.0630982Z Note: This linter can be disabled with `set_option linter.unusedVariables false`
2026-10-09T11:45:19.0631307Z warning: OIBridge/DitaTorusLocus.lean:4447:6: Variable name `dita82` is not explicitly referenced.
2026-10-09T11:45:19.0631317Z 
2026-10-09T11:45:19.0631856Z Hint: The binding can be removed (if unused) or named `_` (if used implicitly). Alternatively, prefix the name with `_` to silence this warning:
2026-10-09T11:45:19.0632003Z   [apply] _dita82
2026-10-09T11:45:19.0632008Z 
2026-10-09T11:45:19.0632372Z Note: This linter can be disabled with `set_option linter.unusedVariables false`
2026-10-09T11:45:19.0632789Z warning: OIBridge/DitaTorusLocus.lean:4454:6: Variable name `P` is not explicitly referenced.
2026-10-09T11:45:19.0632799Z 
2026-10-09T11:45:19.0633264Z Hint: The binding can be removed (if unused) or named `_` (if used implicitly). Alternatively, prefix the name with `_` to silence this warning:
2026-10-09T11:45:19.0633354Z   [apply] _P
2026-10-09T11:45:19.0633358Z 
2026-10-09T11:45:19.0633565Z Note: This linter can be disabled with `set_option linter.unusedVariables false`
2026-10-09T11:45:19.0633847Z warning: OIBridge/DitaTorusLocus.lean:4457:6: Variable name `ditak1` is not explicitly referenced.
2026-10-09T11:45:19.0633850Z 
2026-10-09T11:45:19.0634247Z Hint: The binding can be removed (if unused) or named `_` (if used implicitly). Alternatively, prefix the name with `_` to silence this warning:
2026-10-09T11:45:19.0634473Z   [apply] _ditak1
2026-10-09T11:45:19.0634477Z 
2026-10-09T11:45:19.0634725Z Note: This linter can be disabled with `set_option linter.unusedVariables false`
2026-10-09T11:45:19.0635003Z warning: OIBridge/DitaTorusLocus.lean:4460:6: Variable name `ditak2` is not explicitly referenced.
2026-10-09T11:45:19.0635006Z 
2026-10-09T11:45:19.0635398Z Hint: The binding can be removed (if unused) or named `_` (if used implicitly). Alternatively, prefix the name with `_` to silence this warning:
2026-10-09T11:45:19.0635489Z   [apply] _ditak2
2026-10-09T11:45:19.0635493Z 
2026-10-09T11:45:19.0635703Z Note: This linter can be disabled with `set_option linter.unusedVariables false`
2026-10-09T11:45:19.0635973Z warning: OIBridge/DitaTorusLocus.lean:4463:6: Variable name `ditak3` is not explicitly referenced.
2026-10-09T11:45:19.0635977Z 
2026-10-09T11:45:19.0636374Z Hint: The binding can be removed (if unused) or named `_` (if used implicitly). Alternatively, prefix the name with `_` to silence this warning:
2026-10-09T11:45:19.0636466Z   [apply] _ditak3
2026-10-09T11:45:19.0636469Z 
2026-10-09T11:45:19.0636744Z Note: This linter can be disabled with `set_option linter.unusedVariables false`
2026-10-09T11:45:19.0637019Z warning: OIBridge/DitaTorusLocus.lean:4466:6: Variable name `ditak4` is not explicitly referenced.
2026-10-09T11:45:19.0637022Z 
2026-10-09T11:45:19.0637421Z Hint: The binding can be removed (if unused) or named `_` (if used implicitly). Alternatively, prefix the name with `_` to silence this warning:
2026-10-09T11:45:19.0637506Z   [apply] _ditak4
2026-10-09T11:45:19.0637509Z 
2026-10-09T11:45:19.0637721Z Note: This linter can be disabled with `set_option linter.unusedVariables false`
2026-10-09T11:45:19.0637993Z warning: OIBridge/DitaTorusLocus.lean:4469:6: Variable name `ditae1` is not explicitly referenced.
2026-10-09T11:45:19.0637996Z 
2026-10-09T11:45:19.0638383Z Hint: The binding can be removed (if unused) or named `_` (if used implicitly). Alternatively, prefix the name with `_` to silence this warning:
2026-10-09T11:45:19.0638472Z   [apply] _ditae1
2026-10-09T11:45:19.0638475Z 
2026-10-09T11:45:19.0638689Z Note: This linter can be disabled with `set_option linter.unusedVariables false`
2026-10-09T11:45:19.0638954Z warning: OIBridge/DitaTorusLocus.lean:4472:6: Variable name `ditae2` is not explicitly referenced.
2026-10-09T11:45:19.0638965Z 
2026-10-09T11:45:19.0639403Z Hint: The binding can be removed (if unused) or named `_` (if used implicitly). Alternatively, prefix the name with `_` to silence this warning:
2026-10-09T11:45:19.0639500Z   [apply] _ditae2
2026-10-09T11:45:19.0639503Z 
2026-10-09T11:45:19.0639713Z Note: This linter can be disabled with `set_option linter.unusedVariables false`
2026-10-09T11:45:19.0640025Z warning: OIBridge/DitaTorusLocus.lean:4475:6: Variable name `ditat2` is not explicitly referenced.
2026-10-09T11:45:19.0640029Z 
2026-10-09T11:45:19.0640943Z Hint: The binding can be removed (if unused) or named `_` (if used implicitly). Alternatively, prefix the name with `_` to silence this warning:
2026-10-09T11:45:19.0641105Z   [apply] _ditat2
2026-10-09T11:45:19.0641109Z 
2026-10-09T11:45:19.0641327Z Note: This linter can be disabled with `set_option linter.unusedVariables false`
2026-10-09T11:45:19.0641604Z warning: OIBridge/DitaTorusLocus.lean:4478:6: Variable name `ditat3` is not explicitly referenced.
2026-10-09T11:45:19.0641608Z 
2026-10-09T11:45:19.0642038Z Hint: The binding can be removed (if unused) or named `_` (if used implicitly). Alternatively, prefix the name with `_` to silence this warning:
2026-10-09T11:45:19.0642121Z   [apply] _ditat3
2026-10-09T11:45:19.0642125Z 
2026-10-09T11:45:19.0642336Z Note: This linter can be disabled with `set_option linter.unusedVariables false`
2026-10-09T11:45:19.0642608Z warning: OIBridge/DitaTorusLocus.lean:4480:6: Variable name `Hu` is not explicitly referenced.
2026-10-09T11:45:19.0642611Z 
2026-10-09T11:45:19.0643004Z Hint: The binding can be removed (if unused) or named `_` (if used implicitly). Alternatively, prefix the name with `_` to silence this warning:
2026-10-09T11:45:19.0643244Z   [apply] _Hu
2026-10-09T11:45:19.0643252Z 
2026-10-09T11:45:19.0643467Z Note: This linter can be disabled with `set_option linter.unusedVariables false`
2026-10-09T11:45:19.0643741Z warning: OIBridge/DitaTorusLocus.lean:4487:6: Variable name `ditamc` is not explicitly referenced.
2026-10-09T11:45:19.0643744Z 
2026-10-09T11:45:19.0644153Z Hint: The binding can be removed (if unused) or named `_` (if used implicitly). Alternatively, prefix the name with `_` to silence this warning:
2026-10-09T11:45:19.0644247Z   [apply] _ditamc
2026-10-09T11:45:19.0644251Z 
2026-10-09T11:45:19.0644453Z Note: This linter can be disabled with `set_option linter.unusedVariables false`
2026-10-09T11:45:19.0644730Z warning: OIBridge/DitaTorusLocus.lean:4490:6: Variable name `ditamr` is not explicitly referenced.
2026-10-09T11:45:19.0644734Z 
2026-10-09T11:45:19.0645131Z Hint: The binding can be removed (if unused) or named `_` (if used implicitly). Alternatively, prefix the name with `_` to silence this warning:
2026-10-09T11:45:19.0645219Z   [apply] _ditamr
2026-10-09T11:45:19.0645307Z 
2026-10-09T11:45:19.0645528Z Note: This linter can be disabled with `set_option linter.unusedVariables false`
2026-10-09T11:45:19.0645991Z info: OIBridge/DitaTorusLocus.lean:4497:0: 'OIBridge.DitaTorusLocus.a40_shared_excl_t1_c' depends on axioms: [propext, Classical.choice, Quot.sound]
2026-10-09T11:45:19.0646252Z warning: OIBridge/DitaTorusLocus.lean:4505:6: Variable name `pt` is not explicitly referenced.
2026-10-09T11:45:19.0646255Z 
2026-10-09T11:45:19.0646656Z Hint: The binding can be removed (if unused) or named `_` (if used implicitly). Alternatively, prefix the name with `_` to silence this warning:
2026-10-09T11:45:19.0646745Z   [apply] _pt
2026-10-09T11:45:19.0646749Z 
2026-10-09T11:45:19.0646952Z Note: This linter can be disabled with `set_option linter.unusedVariables false`
2026-10-09T11:45:19.0647217Z warning: OIBridge/DitaTorusLocus.lean:4509:6: Variable name `S` is not explicitly referenced.
2026-10-09T11:45:19.0647226Z 
2026-10-09T11:45:19.0647626Z Hint: The binding can be removed (if unused) or named `_` (if used implicitly). Alternatively, prefix the name with `_` to silence this warning:
2026-10-09T11:45:19.0647704Z   [apply] _S
2026-10-09T11:45:19.0647715Z 
2026-10-09T11:45:19.0647921Z Note: This linter can be disabled with `set_option linter.unusedVariables false`
2026-10-09T11:45:19.0648274Z warning: OIBridge/DitaTorusLocus.lean:4510:6: Variable name `tor` is not explicitly referenced.
2026-10-09T11:45:19.0648278Z 
2026-10-09T11:45:19.0648689Z Hint: The binding can be removed (if unused) or named `_` (if used implicitly). Alternatively, prefix the name with `_` to silence this warning:
2026-10-09T11:45:19.0648826Z   [apply] _tor
2026-10-09T11:45:19.0648829Z 
2026-10-09T11:45:19.0649038Z Note: This linter can be disabled with `set_option linter.unusedVariables false`
2026-10-09T11:45:19.0649305Z warning: OIBridge/DitaTorusLocus.lean:4511:6: Variable name `adj` is not explicitly referenced.
2026-10-09T11:45:19.0649313Z 
2026-10-09T11:45:19.0649703Z Hint: The binding can be removed (if unused) or named `_` (if used implicitly). Alternatively, prefix the name with `_` to silence this warning:
2026-10-09T11:45:19.0649787Z   [apply] _adj
2026-10-09T11:45:19.0649791Z 
2026-10-09T11:45:19.0650005Z Note: This linter can be disabled with `set_option linter.unusedVariables false`
2026-10-09T11:45:19.0650606Z warning: OIBridge/DitaTorusLocus.lean:4512:6: Variable name `μ` is not explicitly referenced.
2026-10-09T11:45:19.0650612Z 
2026-10-09T11:45:19.0651020Z Hint: The binding can be removed (if unused) or named `_` (if used implicitly). Alternatively, prefix the name with `_` to silence this warning:
2026-10-09T11:45:19.0651124Z   [apply] _μ
2026-10-09T11:45:19.0651128Z 
2026-10-09T11:45:19.0651333Z Note: This linter can be disabled with `set_option linter.unusedVariables false`
2026-10-09T11:45:19.0651592Z warning: OIBridge/DitaTorusLocus.lean:4514:6: Variable name `N` is not explicitly referenced.
2026-10-09T11:45:19.0651699Z 
2026-10-09T11:45:19.0652118Z Hint: The binding can be removed (if unused) or named `_` (if used implicitly). Alternatively, prefix the name with `_` to silence this warning:
2026-10-09T11:45:19.0652197Z   [apply] _N
2026-10-09T11:45:19.0652201Z 
2026-10-09T11:45:19.0652412Z Note: This linter can be disabled with `set_option linter.unusedVariables false`
2026-10-09T11:45:19.0652752Z warning: OIBridge/DitaTorusLocus.lean:4519:6: Variable name `Δc` is not explicitly referenced.
2026-10-09T11:45:19.0652755Z 
2026-10-09T11:45:19.0653155Z Hint: The binding can be removed (if unused) or named `_` (if used implicitly). Alternatively, prefix the name with `_` to silence this warning:
2026-10-09T11:45:19.0653265Z   [apply] _Δc
2026-10-09T11:45:19.0653268Z 
2026-10-09T11:45:19.0653516Z Note: This linter can be disabled with `set_option linter.unusedVariables false`
2026-10-09T11:45:19.0653840Z warning: OIBridge/DitaTorusLocus.lean:4520:6: Variable name `Δr` is not explicitly referenced.
2026-10-09T11:45:19.0653848Z 
2026-10-09T11:45:19.0654318Z Hint: The binding can be removed (if unused) or named `_` (if used implicitly). Alternatively, prefix the name with `_` to silence this warning:
2026-10-09T11:45:19.0654427Z   [apply] _Δr
2026-10-09T11:45:19.0654430Z 
2026-10-09T11:45:19.0654635Z Note: This linter can be disabled with `set_option linter.unusedVariables false`
2026-10-09T11:45:19.0654906Z warning: OIBridge/DitaTorusLocus.lean:4523:6: Variable name `dgT` is not explicitly referenced.
2026-10-09T11:45:19.0654909Z 
2026-10-09T11:45:19.0655306Z Hint: The binding can be removed (if unused) or named `_` (if used implicitly). Alternatively, prefix the name with `_` to silence this warning:
2026-10-09T11:45:19.0655389Z   [apply] _dgT
2026-10-09T11:45:19.0655392Z 
2026-10-09T11:45:19.0655602Z Note: This linter can be disabled with `set_option linter.unusedVariables false`
2026-10-09T11:45:19.0655881Z warning: OIBridge/DitaTorusLocus.lean:4530:6: Variable name `dita82` is not explicitly referenced.
2026-10-09T11:45:19.0655888Z 
2026-10-09T11:45:19.0656279Z Hint: The binding can be removed (if unused) or named `_` (if used implicitly). Alternatively, prefix the name with `_` to silence this warning:
2026-10-09T11:45:19.0656368Z   [apply] _dita82
2026-10-09T11:45:19.0656372Z 
2026-10-09T11:45:19.0656583Z Note: This linter can be disabled with `set_option linter.unusedVariables false`
2026-10-09T11:45:19.0656899Z warning: OIBridge/DitaTorusLocus.lean:4537:6: Variable name `P` is not explicitly referenced.
2026-10-09T11:45:19.0656911Z 
2026-10-09T11:45:19.0657303Z Hint: The binding can be removed (if unused) or named `_` (if used implicitly). Alternatively, prefix the name with `_` to silence this warning:
2026-10-09T11:45:19.0657443Z   [apply] _P
2026-10-09T11:45:19.0657446Z 
2026-10-09T11:45:19.0657658Z Note: This linter can be disabled with `set_option linter.unusedVariables false`
2026-10-09T11:45:19.0657924Z warning: OIBridge/DitaTorusLocus.lean:4540:6: Variable name `ditak1` is not explicitly referenced.
2026-10-09T11:45:19.0657930Z 
2026-10-09T11:45:19.0658332Z Hint: The binding can be removed (if unused) or named `_` (if used implicitly). Alternatively, prefix the name with `_` to silence this warning:
2026-10-09T11:45:19.0658425Z   [apply] _ditak1
2026-10-09T11:45:19.0658429Z 
2026-10-09T11:45:19.0658629Z Note: This linter can be disabled with `set_option linter.unusedVariables false`
2026-10-09T11:45:19.0658900Z warning: OIBridge/DitaTorusLocus.lean:4543:6: Variable name `ditak2` is not explicitly referenced.
2026-10-09T11:45:19.0658903Z 
2026-10-09T11:45:19.0659300Z Hint: The binding can be removed (if unused) or named `_` (if used implicitly). Alternatively, prefix the name with `_` to silence this warning:
2026-10-09T11:45:19.0659384Z   [apply] _ditak2
2026-10-09T11:45:19.0659387Z 
2026-10-09T11:45:19.0659599Z Note: This linter can be disabled with `set_option linter.unusedVariables false`
2026-10-09T11:45:19.0659873Z warning: OIBridge/DitaTorusLocus.lean:4546:6: Variable name `ditak3` is not explicitly referenced.
2026-10-09T11:45:19.0659919Z 
2026-10-09T11:45:19.0660440Z Hint: The binding can be removed (if unused) or named `_` (if used implicitly). Alternatively, prefix the name with `_` to silence this warning:
2026-10-09T11:45:19.0660535Z   [apply] _ditak3
2026-10-09T11:45:19.0660539Z 
2026-10-09T11:45:19.0660751Z Note: This linter can be disabled with `set_option linter.unusedVariables false`
2026-10-09T11:45:19.0661055Z warning: OIBridge/DitaTorusLocus.lean:4549:6: Variable name `ditak4` is not explicitly referenced.
2026-10-09T11:45:19.0661059Z 
2026-10-09T11:45:19.0661460Z Hint: The binding can be removed (if unused) or named `_` (if used implicitly). Alternatively, prefix the name with `_` to silence this warning:
2026-10-09T11:45:19.0661553Z   [apply] _ditak4
2026-10-09T11:45:19.0661557Z 
2026-10-09T11:45:19.0661760Z Note: This linter can be disabled with `set_option linter.unusedVariables false`
2026-10-09T11:45:19.0662034Z warning: OIBridge/DitaTorusLocus.lean:4552:6: Variable name `ditae1` is not explicitly referenced.
2026-10-09T11:45:19.0662039Z 
2026-10-09T11:45:19.0662505Z Hint: The binding can be removed (if unused) or named `_` (if used implicitly). Alternatively, prefix the name with `_` to silence this warning:
2026-10-09T11:45:19.0662590Z   [apply] _ditae1
2026-10-09T11:45:19.0662594Z 
2026-10-09T11:45:19.0662806Z Note: This linter can be disabled with `set_option linter.unusedVariables false`
2026-10-09T11:45:19.0663084Z warning: OIBridge/DitaTorusLocus.lean:4555:6: Variable name `ditae2` is not explicitly referenced.
2026-10-09T11:45:19.0663087Z 
2026-10-09T11:45:19.0663476Z Hint: The binding can be removed (if unused) or named `_` (if used implicitly). Alternatively, prefix the name with `_` to silence this warning:
2026-10-09T11:45:19.0663569Z   [apply] _ditae2
2026-10-09T11:45:19.0663573Z 
2026-10-09T11:45:19.0663785Z Note: This linter can be disabled with `set_option linter.unusedVariables false`
2026-10-09T11:45:19.0664048Z warning: OIBridge/DitaTorusLocus.lean:4558:6: Variable name `ditat2` is not explicitly referenced.
2026-10-09T11:45:19.0664053Z 
2026-10-09T11:45:19.0664451Z Hint: The binding can be removed (if unused) or named `_` (if used implicitly). Alternatively, prefix the name with `_` to silence this warning:
2026-10-09T11:45:19.0664537Z   [apply] _ditat2
2026-10-09T11:45:19.0664540Z 
2026-10-09T11:45:19.0664741Z Note: This linter can be disabled with `set_option linter.unusedVariables false`
2026-10-09T11:45:19.0665076Z warning: OIBridge/DitaTorusLocus.lean:4561:6: Variable name `ditat3` is not explicitly referenced.
2026-10-09T11:45:19.0665080Z 
2026-10-09T11:45:19.0665477Z Hint: The binding can be removed (if unused) or named `_` (if used implicitly). Alternatively, prefix the name with `_` to silence this warning:
2026-10-09T11:45:19.0665618Z   [apply] _ditat3
2026-10-09T11:45:19.0665622Z 
2026-10-09T11:45:19.0665824Z Note: This linter can be disabled with `set_option linter.unusedVariables false`
2026-10-09T11:45:19.0666089Z warning: OIBridge/DitaTorusLocus.lean:4563:6: Variable name `Hu` is not explicitly referenced.
2026-10-09T11:45:19.0666094Z 
2026-10-09T11:45:19.0666492Z Hint: The binding can be removed (if unused) or named `_` (if used implicitly). Alternatively, prefix the name with `_` to silence this warning:
2026-10-09T11:45:19.0666571Z   [apply] _Hu
2026-10-09T11:45:19.0666574Z 
2026-10-09T11:45:19.0666784Z Note: This linter can be disabled with `set_option linter.unusedVariables false`
2026-10-09T11:45:19.0667060Z warning: OIBridge/DitaTorusLocus.lean:4570:6: Variable name `ditamc` is not explicitly referenced.
2026-10-09T11:45:19.0667064Z 
2026-10-09T11:45:19.0667458Z Hint: The binding can be removed (if unused) or named `_` (if used implicitly). Alternatively, prefix the name with `_` to silence this warning:
2026-10-09T11:45:19.0667540Z   [apply] _ditamc
2026-10-09T11:45:19.0667543Z 
2026-10-09T11:45:19.0667752Z Note: This linter can be disabled with `set_option linter.unusedVariables false`
2026-10-09T11:45:19.0668023Z warning: OIBridge/DitaTorusLocus.lean:4573:6: Variable name `ditamr` is not explicitly referenced.
2026-10-09T11:45:19.0668088Z 
2026-10-09T11:45:19.0668491Z Hint: The binding can be removed (if unused) or named `_` (if used implicitly). Alternatively, prefix the name with `_` to silence this warning:
2026-10-09T11:45:19.0668578Z   [apply] _ditamr
2026-10-09T11:45:19.0668581Z 
2026-10-09T11:45:19.0668790Z Note: This linter can be disabled with `set_option linter.unusedVariables false`
2026-10-09T11:45:19.0669239Z info: OIBridge/DitaTorusLocus.lean:4580:0: 'OIBridge.DitaTorusLocus.a40_shared_excl_t1_r' depends on axioms: [propext, Classical.choice, Quot.sound]
2026-10-09T11:45:19.0669508Z warning: OIBridge/DitaTorusLocus.lean:4588:6: Variable name `pt` is not explicitly referenced.
2026-10-09T11:45:19.0669511Z 
2026-10-09T11:45:19.0669909Z Hint: The binding can be removed (if unused) or named `_` (if used implicitly). Alternatively, prefix the name with `_` to silence this warning:
2026-10-09T11:45:19.0669988Z   [apply] _pt
2026-10-09T11:45:19.0669994Z 
2026-10-09T11:45:19.0670376Z Note: This linter can be disabled with `set_option linter.unusedVariables false`
2026-10-09T11:45:19.0670663Z warning: OIBridge/DitaTorusLocus.lean:4592:6: Variable name `S` is not explicitly referenced.
2026-10-09T11:45:19.0670666Z 
2026-10-09T11:45:19.0671074Z Hint: The binding can be removed (if unused) or named `_` (if used implicitly). Alternatively, prefix the name with `_` to silence this warning:
2026-10-09T11:45:19.0671160Z   [apply] _S
2026-10-09T11:45:19.0671166Z 
2026-10-09T11:45:19.0671381Z Note: This linter can be disabled with `set_option linter.unusedVariables false`
2026-10-09T11:45:19.0671651Z warning: OIBridge/DitaTorusLocus.lean:4593:6: Variable name `tor` is not explicitly referenced.
2026-10-09T11:45:19.0671657Z 
2026-10-09T11:45:19.0672052Z Hint: The binding can be removed (if unused) or named `_` (if used implicitly). Alternatively, prefix the name with `_` to silence this warning:
2026-10-09T11:45:19.0672136Z   [apply] _tor
2026-10-09T11:45:19.0672142Z 
2026-10-09T11:45:19.0672345Z Note: This linter can be disabled with `set_option linter.unusedVariables false`
2026-10-09T11:45:19.0672609Z warning: OIBridge/DitaTorusLocus.lean:4594:6: Variable name `adj` is not explicitly referenced.
2026-10-09T11:45:19.0672612Z 
2026-10-09T11:45:19.0673008Z Hint: The binding can be removed (if unused) or named `_` (if used implicitly). Alternatively, prefix the name with `_` to silence this warning:
2026-10-09T11:45:19.0673090Z   [apply] _adj
2026-10-09T11:45:19.0673164Z 
2026-10-09T11:45:19.0673368Z Note: This linter can be disabled with `set_option linter.unusedVariables false`
2026-10-09T11:45:19.0673711Z warning: OIBridge/DitaTorusLocus.lean:4595:6: Variable name `μ` is not explicitly referenced.
2026-10-09T11:45:19.0673771Z 
2026-10-09T11:45:19.0674173Z Hint: The binding can be removed (if unused) or named `_` (if used implicitly). Alternatively, prefix the name with `_` to silence this warning:
2026-10-09T11:45:19.0674264Z   [apply] _μ
2026-10-09T11:45:19.0674271Z 
2026-10-09T11:45:19.0674488Z Note: This linter can be disabled with `set_option linter.unusedVariables false`
2026-10-09T11:45:19.0674746Z warning: OIBridge/DitaTorusLocus.lean:4597:6: Variable name `N` is not explicitly referenced.
2026-10-09T11:45:19.0674749Z 
2026-10-09T11:45:19.0675144Z Hint: The binding can be removed (if unused) or named `_` (if used implicitly). Alternatively, prefix the name with `_` to silence this warning:
2026-10-09T11:45:19.0675228Z   [apply] _N
2026-10-09T11:45:19.0675235Z 
2026-10-09T11:45:19.0675444Z Note: This linter can be disabled with `set_option linter.unusedVariables false`
2026-10-09T11:45:19.0675773Z warning: OIBridge/DitaTorusLocus.lean:4602:6: Variable name `Δc` is not explicitly referenced.
2026-10-09T11:45:19.0675780Z 
2026-10-09T11:45:19.0676179Z Hint: The binding can be removed (if unused) or named `_` (if used implicitly). Alternatively, prefix the name with `_` to silence this warning:
2026-10-09T11:45:19.0676284Z   [apply] _Δc
2026-10-09T11:45:19.0676347Z 
2026-10-09T11:45:19.0676556Z Note: This linter can be disabled with `set_option linter.unusedVariables false`
2026-10-09T11:45:19.0676885Z warning: OIBridge/DitaTorusLocus.lean:4603:6: Variable name `Δr` is not explicitly referenced.
2026-10-09T11:45:19.0676888Z 
2026-10-09T11:45:19.0677284Z Hint: The binding can be removed (if unused) or named `_` (if used implicitly). Alternatively, prefix the name with `_` to silence this warning:
2026-10-09T11:45:19.0677382Z   [apply] _Δr
2026-10-09T11:45:19.0677388Z 
2026-10-09T11:45:19.0677596Z Note: This linter can be disabled with `set_option linter.unusedVariables false`
2026-10-09T11:45:19.0677864Z warning: OIBridge/DitaTorusLocus.lean:4606:6: Variable name `dgT` is not explicitly referenced.
2026-10-09T11:45:19.0677871Z 
2026-10-09T11:45:19.0678265Z Hint: The binding can be removed (if unused) or named `_` (if used implicitly). Alternatively, prefix the name with `_` to silence this warning:
2026-10-09T11:45:19.0678348Z   [apply] _dgT
2026-10-09T11:45:19.0678355Z 
2026-10-09T11:45:19.0678805Z Note: This linter can be disabled with `set_option linter.unusedVariables false`
2026-10-09T11:45:19.0679111Z warning: OIBridge/DitaTorusLocus.lean:4610:6: Variable name `dita28` is not explicitly referenced.
2026-10-09T11:45:19.0679115Z 
2026-10-09T11:45:19.0679523Z Hint: The binding can be removed (if unused) or named `_` (if used implicitly). Alternatively, prefix the name with `_` to silence this warning:
2026-10-09T11:45:19.0679607Z   [apply] _dita28
2026-10-09T11:45:19.0679613Z 
2026-10-09T11:45:19.0679921Z Note: This linter can be disabled with `set_option linter.unusedVariables false`
2026-10-09T11:45:19.0680468Z warning: OIBridge/DitaTorusLocus.lean:4613:6: Variable name `dita82` is not explicitly referenced.
2026-10-09T11:45:19.0680480Z 
2026-10-09T11:45:19.0681117Z Hint: The binding can be removed (if unused) or named `_` (if used implicitly). Alternatively, prefix the name with `_` to silence this warning:
2026-10-09T11:45:19.0681203Z   [apply] _dita82
2026-10-09T11:45:19.0681211Z 
2026-10-09T11:45:19.0681426Z Note: This linter can be disabled with `set_option linter.unusedVariables false`
2026-10-09T11:45:19.0681822Z warning: OIBridge/DitaTorusLocus.lean:4620:6: Variable name `P` is not explicitly referenced.
2026-10-09T11:45:19.0681827Z 
2026-10-09T11:45:19.0682221Z Hint: The binding can be removed (if unused) or named `_` (if used implicitly). Alternatively, prefix the name with `_` to silence this warning:
2026-10-09T11:45:19.0682399Z   [apply] _P
2026-10-09T11:45:19.0682404Z 
2026-10-09T11:45:19.0682617Z Note: This linter can be disabled with `set_option linter.unusedVariables false`
2026-10-09T11:45:19.0683064Z warning: OIBridge/DitaTorusLocus.lean:4623:6: Variable name `ditak1` is not explicitly referenced.
2026-10-09T11:45:19.0683074Z 
2026-10-09T11:45:19.0683467Z Hint: The binding can be removed (if unused) or named `_` (if used implicitly). Alternatively, prefix the name with `_` to silence this warning:
2026-10-09T11:45:19.0683552Z   [apply] _ditak1
2026-10-09T11:45:19.0683558Z 
2026-10-09T11:45:19.0683772Z Note: This linter can be disabled with `set_option linter.unusedVariables false`
2026-10-09T11:45:19.0684039Z warning: OIBridge/DitaTorusLocus.lean:4626:6: Variable name `ditak2` is not explicitly referenced.
2026-10-09T11:45:19.0684042Z 
2026-10-09T11:45:19.0684438Z Hint: The binding can be removed (if unused) or named `_` (if used implicitly). Alternatively, prefix the name with `_` to silence this warning:
2026-10-09T11:45:19.0684530Z   [apply] _ditak2
2026-10-09T11:45:19.0684534Z 
2026-10-09T11:45:19.0684735Z Note: This linter can be disabled with `set_option linter.unusedVariables false`
2026-10-09T11:45:19.0685009Z warning: OIBridge/DitaTorusLocus.lean:4629:6: Variable name `ditak3` is not explicitly referenced.
2026-10-09T11:45:19.0685012Z 
2026-10-09T11:45:19.0685429Z Hint: The binding can be removed (if unused) or named `_` (if used implicitly). Alternatively, prefix the name with `_` to silence this warning:
2026-10-09T11:45:19.0685579Z   [apply] _ditak3
2026-10-09T11:45:19.0685583Z 
2026-10-09T11:45:19.0685792Z Note: This linter can be disabled with `set_option linter.unusedVariables false`
2026-10-09T11:45:19.0686060Z warning: OIBridge/DitaTorusLocus.lean:4632:6: Variable name `ditak4` is not explicitly referenced.
2026-10-09T11:45:19.0686063Z 
2026-10-09T11:45:19.0686450Z Hint: The binding can be removed (if unused) or named `_` (if used implicitly). Alternatively, prefix the name with `_` to silence this warning:
2026-10-09T11:45:19.0686538Z   [apply] _ditak4
2026-10-09T11:45:19.0686541Z 
2026-10-09T11:45:19.0686802Z Note: This linter can be disabled with `set_option linter.unusedVariables false`
2026-10-09T11:45:19.0687077Z warning: OIBridge/DitaTorusLocus.lean:4635:6: Variable name `ditae1` is not explicitly referenced.
2026-10-09T11:45:19.0687087Z 
2026-10-09T11:45:19.0687512Z Hint: The binding can be removed (if unused) or named `_` (if used implicitly). Alternatively, prefix the name with `_` to silence this warning:
2026-10-09T11:45:19.0687608Z   [apply] _ditae1
2026-10-09T11:45:19.0687611Z 
2026-10-09T11:45:19.0687903Z Note: This linter can be disabled with `set_option linter.unusedVariables false`
2026-10-09T11:45:19.0688186Z warning: OIBridge/DitaTorusLocus.lean:4638:6: Variable name `ditae2` is not explicitly referenced.
2026-10-09T11:45:19.0688189Z 
2026-10-09T11:45:19.0688586Z Hint: The binding can be removed (if unused) or named `_` (if used implicitly). Alternatively, prefix the name with `_` to silence this warning:
2026-10-09T11:45:19.0688675Z   [apply] _ditae2
2026-10-09T11:45:19.0688679Z 
2026-10-09T11:45:19.0688887Z Note: This linter can be disabled with `set_option linter.unusedVariables false`
2026-10-09T11:45:19.0689150Z warning: OIBridge/DitaTorusLocus.lean:4644:6: Variable name `ditat3` is not explicitly referenced.
2026-10-09T11:45:19.0689153Z 
2026-10-09T11:45:19.0689551Z Hint: The binding can be removed (if unused) or named `_` (if used implicitly). Alternatively, prefix the name with `_` to silence this warning:
2026-10-09T11:45:19.0689643Z   [apply] _ditat3
2026-10-09T11:45:19.0689647Z 
2026-10-09T11:45:19.0689860Z Note: This linter can be disabled with `set_option linter.unusedVariables false`
2026-10-09T11:45:19.0690120Z warning: OIBridge/DitaTorusLocus.lean:4646:6: Variable name `Hu` is not explicitly referenced.
2026-10-09T11:45:19.0690123Z 
2026-10-09T11:45:19.0690927Z Hint: The binding can be removed (if unused) or named `_` (if used implicitly). Alternatively, prefix the name with `_` to silence this warning:
2026-10-09T11:45:19.0691029Z   [apply] _Hu
2026-10-09T11:45:19.0691033Z 
2026-10-09T11:45:19.0691245Z Note: This linter can be disabled with `set_option linter.unusedVariables false`
2026-10-09T11:45:19.0691581Z warning: OIBridge/DitaTorusLocus.lean:4653:6: Variable name `ditamc` is not explicitly referenced.
2026-10-09T11:45:19.0691585Z 
2026-10-09T11:45:19.0691980Z Hint: The binding can be removed (if unused) or named `_` (if used implicitly). Alternatively, prefix the name with `_` to silence this warning:
2026-10-09T11:45:19.0692063Z   [apply] _ditamc
2026-10-09T11:45:19.0692074Z 
2026-10-09T11:45:19.0692279Z Note: This linter can be disabled with `set_option linter.unusedVariables false`
2026-10-09T11:45:19.0692552Z warning: OIBridge/DitaTorusLocus.lean:4656:6: Variable name `ditamr` is not explicitly referenced.
2026-10-09T11:45:19.0692556Z 
2026-10-09T11:45:19.0692955Z Hint: The binding can be removed (if unused) or named `_` (if used implicitly). Alternatively, prefix the name with `_` to silence this warning:
2026-10-09T11:45:19.0693036Z   [apply] _ditamr
2026-10-09T11:45:19.0693039Z 
2026-10-09T11:45:19.0693248Z Note: This linter can be disabled with `set_option linter.unusedVariables false`
2026-10-09T11:45:19.0693705Z info: OIBridge/DitaTorusLocus.lean:4663:0: 'OIBridge.DitaTorusLocus.a40_shared_excl_t2_c' depends on axioms: [propext, Classical.choice, Quot.sound]
2026-10-09T11:45:19.0693965Z warning: OIBridge/DitaTorusLocus.lean:4671:6: Variable name `pt` is not explicitly referenced.
2026-10-09T11:45:19.0694026Z 
2026-10-09T11:45:19.0694430Z Hint: The binding can be removed (if unused) or named `_` (if used implicitly). Alternatively, prefix the name with `_` to silence this warning:
2026-10-09T11:45:19.0694516Z   [apply] _pt
2026-10-09T11:45:19.0694519Z 
2026-10-09T11:45:19.0694722Z Note: This linter can be disabled with `set_option linter.unusedVariables false`
2026-10-09T11:45:19.0694985Z warning: OIBridge/DitaTorusLocus.lean:4675:6: Variable name `S` is not explicitly referenced.
2026-10-09T11:45:19.0694990Z 
2026-10-09T11:45:19.0695385Z Hint: The binding can be removed (if unused) or named `_` (if used implicitly). Alternatively, prefix the name with `_` to silence this warning:
2026-10-09T11:45:19.0695471Z   [apply] _S
2026-10-09T11:45:19.0695475Z 
2026-10-09T11:45:19.0695681Z Note: This linter can be disabled with `set_option linter.unusedVariables false`
2026-10-09T11:45:19.0695949Z warning: OIBridge/DitaTorusLocus.lean:4676:6: Variable name `tor` is not explicitly referenced.
2026-10-09T11:45:19.0695955Z 
2026-10-09T11:45:19.0696400Z Hint: The binding can be removed (if unused) or named `_` (if used implicitly). Alternatively, prefix the name with `_` to silence this warning:
2026-10-09T11:45:19.0696491Z   [apply] _tor
2026-10-09T11:45:19.0696494Z 
2026-10-09T11:45:19.0696700Z Note: This linter can be disabled with `set_option linter.unusedVariables false`
2026-10-09T11:45:19.0696955Z warning: OIBridge/DitaTorusLocus.lean:4677:6: Variable name `adj` is not explicitly referenced.
2026-10-09T11:45:19.0696960Z 
2026-10-09T11:45:19.0697356Z Hint: The binding can be removed (if unused) or named `_` (if used implicitly). Alternatively, prefix the name with `_` to silence this warning:
2026-10-09T11:45:19.0697442Z   [apply] _adj
2026-10-09T11:45:19.0697446Z 
2026-10-09T11:45:19.0697646Z Note: This linter can be disabled with `set_option linter.unusedVariables false`
2026-10-09T11:45:19.0698010Z warning: OIBridge/DitaTorusLocus.lean:4678:6: Variable name `μ` is not explicitly referenced.
2026-10-09T11:45:19.0698018Z 
2026-10-09T11:45:19.0698418Z Hint: The binding can be removed (if unused) or named `_` (if used implicitly). Alternatively, prefix the name with `_` to silence this warning:
2026-10-09T11:45:19.0698522Z   [apply] _μ
2026-10-09T11:45:19.0698526Z 
2026-10-09T11:45:19.0698728Z Note: This linter can be disabled with `set_option linter.unusedVariables false`
2026-10-09T11:45:19.0698988Z warning: OIBridge/DitaTorusLocus.lean:4680:6: Variable name `N` is not explicitly referenced.
2026-10-09T11:45:19.0699039Z 
2026-10-09T11:45:19.0699438Z Hint: The binding can be removed (if unused) or named `_` (if used implicitly). Alternatively, prefix the name with `_` to silence this warning:
2026-10-09T11:45:19.0699596Z   [apply] _N
2026-10-09T11:45:19.0699600Z 
2026-10-09T11:45:19.0699810Z Note: This linter can be disabled with `set_option linter.unusedVariables false`
2026-10-09T11:45:19.0700139Z warning: OIBridge/DitaTorusLocus.lean:4685:6: Variable name `Δc` is not explicitly referenced.
2026-10-09T11:45:19.0700147Z 
2026-10-09T11:45:19.0700695Z Hint: The binding can be removed (if unused) or named `_` (if used implicitly). Alternatively, prefix the name with `_` to silence this warning:
2026-10-09T11:45:19.0700806Z   [apply] _Δc
2026-10-09T11:45:19.0700810Z 
2026-10-09T11:45:19.0701023Z Note: This linter can be disabled with `set_option linter.unusedVariables false`
2026-10-09T11:45:19.0701343Z warning: OIBridge/DitaTorusLocus.lean:4686:6: Variable name `Δr` is not explicitly referenced.
2026-10-09T11:45:19.0701351Z 
2026-10-09T11:45:19.0701749Z Hint: The binding can be removed (if unused) or named `_` (if used implicitly). Alternatively, prefix the name with `_` to silence this warning:
2026-10-09T11:45:19.0701860Z   [apply] _Δr
2026-10-09T11:45:19.0701864Z 
2026-10-09T11:45:19.0702064Z Note: This linter can be disabled with `set_option linter.unusedVariables false`
2026-10-09T11:45:19.0702328Z warning: OIBridge/DitaTorusLocus.lean:4689:6: Variable name `dgT` is not explicitly referenced.
2026-10-09T11:45:19.0702402Z 
2026-10-09T11:45:19.0702801Z Hint: The binding can be removed (if unused) or named `_` (if used implicitly). Alternatively, prefix the name with `_` to silence this warning:
2026-10-09T11:45:19.0702880Z   [apply] _dgT
2026-10-09T11:45:19.0702884Z 
2026-10-09T11:45:19.0703092Z Note: This linter can be disabled with `set_option linter.unusedVariables false`
2026-10-09T11:45:19.0703362Z warning: OIBridge/DitaTorusLocus.lean:4693:6: Variable name `dita28` is not explicitly referenced.
2026-10-09T11:45:19.0703368Z 
2026-10-09T11:45:19.0703756Z Hint: The binding can be removed (if unused) or named `_` (if used implicitly). Alternatively, prefix the name with `_` to silence this warning:
2026-10-09T11:45:19.0703845Z   [apply] _dita28
2026-10-09T11:45:19.0703848Z 
2026-10-09T11:45:19.0704054Z Note: This linter can be disabled with `set_option linter.unusedVariables false`
2026-10-09T11:45:19.0704317Z warning: OIBridge/DitaTorusLocus.lean:4696:6: Variable name `dita82` is not explicitly referenced.
2026-10-09T11:45:19.0704329Z 
2026-10-09T11:45:19.0704771Z Hint: The binding can be removed (if unused) or named `_` (if used implicitly). Alternatively, prefix the name with `_` to silence this warning:
2026-10-09T11:45:19.0704858Z   [apply] _dita82
2026-10-09T11:45:19.0704862Z 
2026-10-09T11:45:19.0705061Z Note: This linter can be disabled with `set_option linter.unusedVariables false`
2026-10-09T11:45:19.0705320Z warning: OIBridge/DitaTorusLocus.lean:4703:6: Variable name `P` is not explicitly referenced.
2026-10-09T11:45:19.0705326Z 
2026-10-09T11:45:19.0705717Z Hint: The binding can be removed (if unused) or named `_` (if used implicitly). Alternatively, prefix the name with `_` to silence this warning:
2026-10-09T11:45:19.0705801Z   [apply] _P
2026-10-09T11:45:19.0705805Z 
2026-10-09T11:45:19.0706005Z Note: This linter can be disabled with `set_option linter.unusedVariables false`
2026-10-09T11:45:19.0706271Z warning: OIBridge/DitaTorusLocus.lean:4706:6: Variable name `ditak1` is not explicitly referenced.
2026-10-09T11:45:19.0706277Z 
2026-10-09T11:45:19.0706672Z Hint: The binding can be removed (if unused) or named `_` (if used implicitly). Alternatively, prefix the name with `_` to silence this warning:
2026-10-09T11:45:19.0706750Z   [apply] _ditak1
2026-10-09T11:45:19.0706754Z 
2026-10-09T11:45:19.0706958Z Note: This linter can be disabled with `set_option linter.unusedVariables false`
2026-10-09T11:45:19.0707285Z warning: OIBridge/DitaTorusLocus.lean:4709:6: Variable name `ditak2` is not explicitly referenced.
2026-10-09T11:45:19.0707289Z 
2026-10-09T11:45:19.0707679Z Hint: The binding can be removed (if unused) or named `_` (if used implicitly). Alternatively, prefix the name with `_` to silence this warning:
2026-10-09T11:45:19.0707817Z   [apply] _ditak2
2026-10-09T11:45:19.0707821Z 
2026-10-09T11:45:19.0708028Z Note: This linter can be disabled with `set_option linter.unusedVariables false`
2026-10-09T11:45:19.0708292Z warning: OIBridge/DitaTorusLocus.lean:4712:6: Variable name `ditak3` is not explicitly referenced.
2026-10-09T11:45:19.0708298Z 
2026-10-09T11:45:19.0708699Z Hint: The binding can be removed (if unused) or named `_` (if used implicitly). Alternatively, prefix the name with `_` to silence this warning:
2026-10-09T11:45:19.0708782Z   [apply] _ditak3
2026-10-09T11:45:19.0708785Z 
2026-10-09T11:45:19.0708986Z Note: This linter can be disabled with `set_option linter.unusedVariables false`
2026-10-09T11:45:19.0709256Z warning: OIBridge/DitaTorusLocus.lean:4715:6: Variable name `ditak4` is not explicitly referenced.
2026-10-09T11:45:19.0709259Z 
2026-10-09T11:45:19.0709651Z Hint: The binding can be removed (if unused) or named `_` (if used implicitly). Alternatively, prefix the name with `_` to silence this warning:
2026-10-09T11:45:19.0709731Z   [apply] _ditak4
2026-10-09T11:45:19.0709734Z 
2026-10-09T11:45:19.0709939Z Note: This linter can be disabled with `set_option linter.unusedVariables false`
2026-10-09T11:45:19.0710204Z warning: OIBridge/DitaTorusLocus.lean:4718:6: Variable name `ditae1` is not explicitly referenced.
2026-10-09T11:45:19.0710377Z 
2026-10-09T11:45:19.0710983Z Hint: The binding can be removed (if unused) or named `_` (if used implicitly). Alternatively, prefix the name with `_` to silence this warning:
2026-10-09T11:45:19.0711078Z   [apply] _ditae1
2026-10-09T11:45:19.0711082Z 
2026-10-09T11:45:19.0711290Z Note: This linter can be disabled with `set_option linter.unusedVariables false`
2026-10-09T11:45:19.0711557Z warning: OIBridge/DitaTorusLocus.lean:4721:6: Variable name `ditae2` is not explicitly referenced.
2026-10-09T11:45:19.0711561Z 
2026-10-09T11:45:19.0711955Z Hint: The binding can be removed (if unused) or named `_` (if used implicitly). Alternatively, prefix the name with `_` to silence this warning:
2026-10-09T11:45:19.0712042Z   [apply] _ditae2
2026-10-09T11:45:19.0712045Z 
2026-10-09T11:45:19.0712246Z Note: This linter can be disabled with `set_option linter.unusedVariables false`
2026-10-09T11:45:19.0712514Z warning: OIBridge/DitaTorusLocus.lean:4727:6: Variable name `ditat3` is not explicitly referenced.
2026-10-09T11:45:19.0712520Z 
2026-10-09T11:45:19.0713012Z Hint: The binding can be removed (if unused) or named `_` (if used implicitly). Alternatively, prefix the name with `_` to silence this warning:
2026-10-09T11:45:19.0713094Z   [apply] _ditat3
2026-10-09T11:45:19.0713103Z 
2026-10-09T11:45:19.0713304Z Note: This linter can be disabled with `set_option linter.unusedVariables false`
2026-10-09T11:45:19.0713569Z warning: OIBridge/DitaTorusLocus.lean:4729:6: Variable name `Hu` is not explicitly referenced.
2026-10-09T11:45:19.0713573Z 
2026-10-09T11:45:19.0713967Z Hint: The binding can be removed (if unused) or named `_` (if used implicitly). Alternatively, prefix the name with `_` to silence this warning:
2026-10-09T11:45:19.0714048Z   [apply] _Hu
2026-10-09T11:45:19.0714051Z 
2026-10-09T11:45:19.0714257Z Note: This linter can be disabled with `set_option linter.unusedVariables false`
2026-10-09T11:45:19.0714526Z warning: OIBridge/DitaTorusLocus.lean:4736:6: Variable name `ditamc` is not explicitly referenced.
2026-10-09T11:45:19.0714531Z 
2026-10-09T11:45:19.0714923Z Hint: The binding can be removed (if unused) or named `_` (if used implicitly). Alternatively, prefix the name with `_` to silence this warning:
2026-10-09T11:45:19.0715013Z   [apply] _ditamc
2026-10-09T11:45:19.0715016Z 
2026-10-09T11:45:19.0715225Z Note: This linter can be disabled with `set_option linter.unusedVariables false`
2026-10-09T11:45:19.0715549Z warning: OIBridge/DitaTorusLocus.lean:4739:6: Variable name `ditamr` is not explicitly referenced.
2026-10-09T11:45:19.0715554Z 
2026-10-09T11:45:19.0715952Z Hint: The binding can be removed (if unused) or named `_` (if used implicitly). Alternatively, prefix the name with `_` to silence this warning:
2026-10-09T11:45:19.0716089Z   [apply] _ditamr
2026-10-09T11:45:19.0716092Z 
2026-10-09T11:45:19.0716295Z Note: This linter can be disabled with `set_option linter.unusedVariables false`
2026-10-09T11:45:19.0716743Z info: OIBridge/DitaTorusLocus.lean:4746:0: 'OIBridge.DitaTorusLocus.a40_shared_excl_t2_r' depends on axioms: [propext, Classical.choice, Quot.sound]
2026-10-09T11:45:19.0717007Z warning: OIBridge/DitaTorusLocus.lean:4754:6: Variable name `pt` is not explicitly referenced.
2026-10-09T11:45:19.0717011Z 
2026-10-09T11:45:19.0717401Z Hint: The binding can be removed (if unused) or named `_` (if used implicitly). Alternatively, prefix the name with `_` to silence this warning:
2026-10-09T11:45:19.0717485Z   [apply] _pt
2026-10-09T11:45:19.0717490Z 
2026-10-09T11:45:19.0717700Z Note: This linter can be disabled with `set_option linter.unusedVariables false`
2026-10-09T11:45:19.0717952Z warning: OIBridge/DitaTorusLocus.lean:4758:6: Variable name `S` is not explicitly referenced.
2026-10-09T11:45:19.0717957Z 
2026-10-09T11:45:19.0718350Z Hint: The binding can be removed (if unused) or named `_` (if used implicitly). Alternatively, prefix the name with `_` to silence this warning:
2026-10-09T11:45:19.0718433Z   [apply] _S
2026-10-09T11:45:19.0718497Z 
2026-10-09T11:45:19.0718700Z Note: This linter can be disabled with `set_option linter.unusedVariables false`
2026-10-09T11:45:19.0718966Z warning: OIBridge/DitaTorusLocus.lean:4759:6: Variable name `tor` is not explicitly referenced.
2026-10-09T11:45:19.0718970Z 
2026-10-09T11:45:19.0719361Z Hint: The binding can be removed (if unused) or named `_` (if used implicitly). Alternatively, prefix the name with `_` to silence this warning:
2026-10-09T11:45:19.0719441Z   [apply] _tor
2026-10-09T11:45:19.0719446Z 
2026-10-09T11:45:19.0719654Z Note: This linter can be disabled with `set_option linter.unusedVariables false`
2026-10-09T11:45:19.0719917Z warning: OIBridge/DitaTorusLocus.lean:4760:6: Variable name `adj` is not explicitly referenced.
2026-10-09T11:45:19.0719922Z 
2026-10-09T11:45:19.0720572Z Hint: The binding can be removed (if unused) or named `_` (if used implicitly). Alternatively, prefix the name with `_` to silence this warning:
2026-10-09T11:45:19.0720668Z   [apply] _adj
2026-10-09T11:45:19.0720675Z 
2026-10-09T11:45:19.0720963Z Note: This linter can be disabled with `set_option linter.unusedVariables false`
2026-10-09T11:45:19.0721314Z warning: OIBridge/DitaTorusLocus.lean:4761:6: Variable name `μ` is not explicitly referenced.
2026-10-09T11:45:19.0721324Z 
2026-10-09T11:45:19.0721717Z Hint: The binding can be removed (if unused) or named `_` (if used implicitly). Alternatively, prefix the name with `_` to silence this warning:
2026-10-09T11:45:19.0721815Z   [apply] _μ
2026-10-09T11:45:19.0721819Z 
2026-10-09T11:45:19.0722032Z Note: This linter can be disabled with `set_option linter.unusedVariables false`
2026-10-09T11:45:19.0722285Z warning: OIBridge/DitaTorusLocus.lean:4763:6: Variable name `N` is not explicitly referenced.
2026-10-09T11:45:19.0722292Z 
2026-10-09T11:45:19.0722690Z Hint: The binding can be removed (if unused) or named `_` (if used implicitly). Alternatively, prefix the name with `_` to silence this warning:
2026-10-09T11:45:19.0722777Z   [apply] _N
2026-10-09T11:45:19.0722781Z 
2026-10-09T11:45:19.0722986Z Note: This linter can be disabled with `set_option linter.unusedVariables false`
2026-10-09T11:45:19.0723317Z warning: OIBridge/DitaTorusLocus.lean:4768:6: Variable name `Δc` is not explicitly referenced.
2026-10-09T11:45:19.0723321Z 
2026-10-09T11:45:19.0723712Z Hint: The binding can be removed (if unused) or named `_` (if used implicitly). Alternatively, prefix the name with `_` to silence this warning:
2026-10-09T11:45:19.0723812Z   [apply] _Δc
2026-10-09T11:45:19.0723816Z 
2026-10-09T11:45:19.0724089Z Note: This linter can be disabled with `set_option linter.unusedVariables false`
2026-10-09T11:45:19.0724416Z warning: OIBridge/DitaTorusLocus.lean:4769:6: Variable name `Δr` is not explicitly referenced.
2026-10-09T11:45:19.0724473Z 
2026-10-09T11:45:19.0724867Z Hint: The binding can be removed (if unused) or named `_` (if used implicitly). Alternatively, prefix the name with `_` to silence this warning:
2026-10-09T11:45:19.0724971Z   [apply] _Δr
2026-10-09T11:45:19.0724974Z 
2026-10-09T11:45:19.0725184Z Note: This linter can be disabled with `set_option linter.unusedVariables false`
2026-10-09T11:45:19.0725444Z warning: OIBridge/DitaTorusLocus.lean:4772:6: Variable name `dgT` is not explicitly referenced.
2026-10-09T11:45:19.0725449Z 
2026-10-09T11:45:19.0725841Z Hint: The binding can be removed (if unused) or named `_` (if used implicitly). Alternatively, prefix the name with `_` to silence this warning:
2026-10-09T11:45:19.0725923Z   [apply] _dgT
2026-10-09T11:45:19.0725927Z 
2026-10-09T11:45:19.0726128Z Note: This linter can be disabled with `set_option linter.unusedVariables false`
2026-10-09T11:45:19.0726395Z warning: OIBridge/DitaTorusLocus.lean:4776:6: Variable name `dita28` is not explicitly referenced.
2026-10-09T11:45:19.0726401Z 
2026-10-09T11:45:19.0726794Z Hint: The binding can be removed (if unused) or named `_` (if used implicitly). Alternatively, prefix the name with `_` to silence this warning:
2026-10-09T11:45:19.0726873Z   [apply] _dita28
2026-10-09T11:45:19.0726936Z 
2026-10-09T11:45:19.0727151Z Note: This linter can be disabled with `set_option linter.unusedVariables false`
2026-10-09T11:45:19.0727420Z warning: OIBridge/DitaTorusLocus.lean:4779:6: Variable name `dita82` is not explicitly referenced.
2026-10-09T11:45:19.0727423Z 
2026-10-09T11:45:19.0727809Z Hint: The binding can be removed (if unused) or named `_` (if used implicitly). Alternatively, prefix the name with `_` to silence this warning:
2026-10-09T11:45:19.0727895Z   [apply] _dita82
2026-10-09T11:45:19.0727900Z 
2026-10-09T11:45:19.0728106Z Note: This linter can be disabled with `set_option linter.unusedVariables false`
2026-10-09T11:45:19.0728357Z warning: OIBridge/DitaTorusLocus.lean:4786:6: Variable name `P` is not explicitly referenced.
2026-10-09T11:45:19.0728363Z 
2026-10-09T11:45:19.0728759Z Hint: The binding can be removed (if unused) or named `_` (if used implicitly). Alternatively, prefix the name with `_` to silence this warning:
2026-10-09T11:45:19.0728840Z   [apply] _P
2026-10-09T11:45:19.0728846Z 
2026-10-09T11:45:19.0729089Z Note: This linter can be disabled with `set_option linter.unusedVariables false`
2026-10-09T11:45:19.0729358Z warning: OIBridge/DitaTorusLocus.lean:4789:6: Variable name `ditak1` is not explicitly referenced.
2026-10-09T11:45:19.0729362Z 
2026-10-09T11:45:19.0729754Z Hint: The binding can be removed (if unused) or named `_` (if used implicitly). Alternatively, prefix the name with `_` to silence this warning:
2026-10-09T11:45:19.0729832Z   [apply] _ditak1
2026-10-09T11:45:19.0729845Z 
2026-10-09T11:45:19.0730046Z Note: This linter can be disabled with `set_option linter.unusedVariables false`
2026-10-09T11:45:19.0730500Z warning: OIBridge/DitaTorusLocus.lean:4792:6: Variable name `ditak2` is not explicitly referenced.
2026-10-09T11:45:19.0730507Z 
2026-10-09T11:45:19.0730921Z Hint: The binding can be removed (if unused) or named `_` (if used implicitly). Alternatively, prefix the name with `_` to silence this warning:
2026-10-09T11:45:19.0731001Z   [apply] _ditak2
2026-10-09T11:45:19.0731006Z 
2026-10-09T11:45:19.0731220Z Note: This linter can be disabled with `set_option linter.unusedVariables false`
2026-10-09T11:45:19.0731488Z warning: OIBridge/DitaTorusLocus.lean:4795:6: Variable name `ditak3` is not explicitly referenced.
2026-10-09T11:45:19.0731492Z 
2026-10-09T11:45:19.0731880Z Hint: The binding can be removed (if unused) or named `_` (if used implicitly). Alternatively, prefix the name with `_` to silence this warning:
2026-10-09T11:45:19.0731964Z   [apply] _ditak3
2026-10-09T11:45:19.0732047Z 
2026-10-09T11:45:19.0732256Z Note: This linter can be disabled with `set_option linter.unusedVariables false`
2026-10-09T11:45:19.0732515Z warning: OIBridge/DitaTorusLocus.lean:4798:6: Variable name `ditak4` is not explicitly referenced.
2026-10-09T11:45:19.0732575Z 
2026-10-09T11:45:19.0732969Z Hint: The binding can be removed (if unused) or named `_` (if used implicitly). Alternatively, prefix the name with `_` to silence this warning:
2026-10-09T11:45:19.0733052Z   [apply] _ditak4
2026-10-09T11:45:19.0733058Z 
2026-10-09T11:45:19.0733259Z Note: This linter can be disabled with `set_option linter.unusedVariables false`
2026-10-09T11:45:19.0733526Z warning: OIBridge/DitaTorusLocus.lean:4801:6: Variable name `ditae1` is not explicitly referenced.
2026-10-09T11:45:19.0733529Z 
2026-10-09T11:45:19.0733923Z Hint: The binding can be removed (if unused) or named `_` (if used implicitly). Alternatively, prefix the name with `_` to silence this warning:
2026-10-09T11:45:19.0734004Z   [apply] _ditae1
2026-10-09T11:45:19.0734007Z 
2026-10-09T11:45:19.0734215Z Note: This linter can be disabled with `set_option linter.unusedVariables false`
2026-10-09T11:45:19.0734487Z warning: OIBridge/DitaTorusLocus.lean:4804:6: Variable name `ditae2` is not explicitly referenced.
2026-10-09T11:45:19.0734490Z 
2026-10-09T11:45:19.0734877Z Hint: The binding can be removed (if unused) or named `_` (if used implicitly). Alternatively, prefix the name with `_` to silence this warning:
2026-10-09T11:45:19.0735022Z   [apply] _ditae2
2026-10-09T11:45:19.0735025Z 
2026-10-09T11:45:19.0735233Z Note: This linter can be disabled with `set_option linter.unusedVariables false`
2026-10-09T11:45:19.0735495Z warning: OIBridge/DitaTorusLocus.lean:4807:6: Variable name `ditat2` is not explicitly referenced.
2026-10-09T11:45:19.0735499Z 
2026-10-09T11:45:19.0735890Z Hint: The binding can be removed (if unused) or named `_` (if used implicitly). Alternatively, prefix the name with `_` to silence this warning:
2026-10-09T11:45:19.0735977Z   [apply] _ditat2
2026-10-09T11:45:19.0735981Z 
2026-10-09T11:45:19.0736180Z Note: This linter can be disabled with `set_option linter.unusedVariables false`
2026-10-09T11:45:19.0736441Z warning: OIBridge/DitaTorusLocus.lean:4812:6: Variable name `Hu` is not explicitly referenced.
2026-10-09T11:45:19.0736444Z 
2026-10-09T11:45:19.0736840Z Hint: The binding can be removed (if unused) or named `_` (if used implicitly). Alternatively, prefix the name with `_` to silence this warning:
2026-10-09T11:45:19.0736918Z   [apply] _Hu
2026-10-09T11:45:19.0736928Z 
2026-10-09T11:45:19.0737184Z Note: This linter can be disabled with `set_option linter.unusedVariables false`
2026-10-09T11:45:19.0737455Z warning: OIBridge/DitaTorusLocus.lean:4819:6: Variable name `ditamc` is not explicitly referenced.
2026-10-09T11:45:19.0737459Z 
2026-10-09T11:45:19.0737855Z Hint: The binding can be removed (if unused) or named `_` (if used implicitly). Alternatively, prefix the name with `_` to silence this warning:
2026-10-09T11:45:19.0737934Z   [apply] _ditamc
2026-10-09T11:45:19.0737937Z 
2026-10-09T11:45:19.0738147Z Note: This linter can be disabled with `set_option linter.unusedVariables false`
2026-10-09T11:45:19.0738418Z warning: OIBridge/DitaTorusLocus.lean:4822:6: Variable name `ditamr` is not explicitly referenced.
2026-10-09T11:45:19.0738421Z 
2026-10-09T11:45:19.0738809Z Hint: The binding can be removed (if unused) or named `_` (if used implicitly). Alternatively, prefix the name with `_` to silence this warning:
2026-10-09T11:45:19.0738896Z   [apply] _ditamr
2026-10-09T11:45:19.0738899Z 
2026-10-09T11:45:19.0739106Z Note: This linter can be disabled with `set_option linter.unusedVariables false`
2026-10-09T11:45:19.0739551Z info: OIBridge/DitaTorusLocus.lean:4829:0: 'OIBridge.DitaTorusLocus.a40_shared_excl_t3_c' depends on axioms: [propext, Classical.choice, Quot.sound]
2026-10-09T11:45:19.0739810Z warning: OIBridge/DitaTorusLocus.lean:4837:6: Variable name `pt` is not explicitly referenced.
2026-10-09T11:45:19.0739813Z 
2026-10-09T11:45:19.0740394Z Hint: The binding can be removed (if unused) or named `_` (if used implicitly). Alternatively, prefix the name with `_` to silence this warning:
2026-10-09T11:45:19.0740540Z   [apply] _pt
2026-10-09T11:45:19.0740543Z 
2026-10-09T11:45:19.0740767Z Note: This linter can be disabled with `set_option linter.unusedVariables false`
2026-10-09T11:45:19.0741040Z warning: OIBridge/DitaTorusLocus.lean:4841:6: Variable name `S` is not explicitly referenced.
2026-10-09T11:45:19.0741044Z 
2026-10-09T11:45:19.0741445Z Hint: The binding can be removed (if unused) or named `_` (if used implicitly). Alternatively, prefix the name with `_` to silence this warning:
2026-10-09T11:45:19.0741530Z   [apply] _S
2026-10-09T11:45:19.0741535Z 
2026-10-09T11:45:19.0741747Z Note: This linter can be disabled with `set_option linter.unusedVariables false`
2026-10-09T11:45:19.0742011Z warning: OIBridge/DitaTorusLocus.lean:4842:6: Variable name `tor` is not explicitly referenced.
2026-10-09T11:45:19.0742014Z 
2026-10-09T11:45:19.0742416Z Hint: The binding can be removed (if unused) or named `_` (if used implicitly). Alternatively, prefix the name with `_` to silence this warning:
2026-10-09T11:45:19.0742502Z   [apply] _tor
2026-10-09T11:45:19.0742505Z 
2026-10-09T11:45:19.0742708Z Note: This linter can be disabled with `set_option linter.unusedVariables false`
2026-10-09T11:45:19.0742975Z warning: OIBridge/DitaTorusLocus.lean:4843:6: Variable name `adj` is not explicitly referenced.
2026-10-09T11:45:19.0742978Z 
2026-10-09T11:45:19.0743439Z Hint: The binding can be removed (if unused) or named `_` (if used implicitly). Alternatively, prefix the name with `_` to silence this warning:
2026-10-09T11:45:19.0743517Z   [apply] _adj
2026-10-09T11:45:19.0743520Z 
2026-10-09T11:45:19.0743724Z Note: This linter can be disabled with `set_option linter.unusedVariables false`
2026-10-09T11:45:19.0744064Z warning: OIBridge/DitaTorusLocus.lean:4844:6: Variable name `μ` is not explicitly referenced.
2026-10-09T11:45:19.0744068Z 
2026-10-09T11:45:19.0744462Z Hint: The binding can be removed (if unused) or named `_` (if used implicitly). Alternatively, prefix the name with `_` to silence this warning:
2026-10-09T11:45:19.0744557Z   [apply] _μ
2026-10-09T11:45:19.0744561Z 
2026-10-09T11:45:19.0744767Z Note: This linter can be disabled with `set_option linter.unusedVariables false`
2026-10-09T11:45:19.0745021Z warning: OIBridge/DitaTorusLocus.lean:4846:6: Variable name `N` is not explicitly referenced.
2026-10-09T11:45:19.0745034Z 
2026-10-09T11:45:19.0745484Z Hint: The binding can be removed (if unused) or named `_` (if used implicitly). Alternatively, prefix the name with `_` to silence this warning:
2026-10-09T11:45:19.0745570Z   [apply] _N
2026-10-09T11:45:19.0745573Z 
2026-10-09T11:45:19.0745776Z Note: This linter can be disabled with `set_option linter.unusedVariables false`
2026-10-09T11:45:19.0746105Z warning: OIBridge/DitaTorusLocus.lean:4851:6: Variable name `Δc` is not explicitly referenced.
2026-10-09T11:45:19.0746109Z 
2026-10-09T11:45:19.0746504Z Hint: The binding can be removed (if unused) or named `_` (if used implicitly). Alternatively, prefix the name with `_` to silence this warning:
2026-10-09T11:45:19.0746609Z   [apply] _Δc
2026-10-09T11:45:19.0746613Z 
2026-10-09T11:45:19.0746813Z Note: This linter can be disabled with `set_option linter.unusedVariables false`
2026-10-09T11:45:19.0747138Z warning: OIBridge/DitaTorusLocus.lean:4852:6: Variable name `Δr` is not explicitly referenced.
2026-10-09T11:45:19.0747142Z 
2026-10-09T11:45:19.0747543Z Hint: The binding can be removed (if unused) or named `_` (if used implicitly). Alternatively, prefix the name with `_` to silence this warning:
2026-10-09T11:45:19.0747644Z   [apply] _Δr
2026-10-09T11:45:19.0747648Z 
2026-10-09T11:45:19.0747853Z Note: This linter can be disabled with `set_option linter.unusedVariables false`
2026-10-09T11:45:19.0748117Z warning: OIBridge/DitaTorusLocus.lean:4855:6: Variable name `dgT` is not explicitly referenced.
2026-10-09T11:45:19.0748121Z 
2026-10-09T11:45:19.0748570Z Hint: The binding can be removed (if unused) or named `_` (if used implicitly). Alternatively, prefix the name with `_` to silence this warning:
2026-10-09T11:45:19.0748698Z   [apply] _dgT
2026-10-09T11:45:19.0748701Z 
2026-10-09T11:45:19.0748908Z Note: This linter can be disabled with `set_option linter.unusedVariables false`
2026-10-09T11:45:19.0749174Z warning: OIBridge/DitaTorusLocus.lean:4859:6: Variable name `dita28` is not explicitly referenced.
2026-10-09T11:45:19.0749178Z 
2026-10-09T11:45:19.0749579Z Hint: The binding can be removed (if unused) or named `_` (if used implicitly). Alternatively, prefix the name with `_` to silence this warning:
2026-10-09T11:45:19.0749666Z   [apply] _dita28
2026-10-09T11:45:19.0749670Z 
2026-10-09T11:45:19.0750493Z Note: This linter can be disabled with `set_option linter.unusedVariables false`
2026-10-09T11:45:19.0750920Z warning: OIBridge/DitaTorusLocus.lean:4862:6: Variable name `dita82` is not explicitly referenced.
2026-10-09T11:45:19.0750925Z 
2026-10-09T11:45:19.0751337Z Hint: The binding can be removed (if unused) or named `_` (if used implicitly). Alternatively, prefix the name with `_` to silence this warning:
2026-10-09T11:45:19.0751421Z   [apply] _dita82
2026-10-09T11:45:19.0751424Z 
2026-10-09T11:45:19.0751634Z Note: This linter can be disabled with `set_option linter.unusedVariables false`
2026-10-09T11:45:19.0751896Z warning: OIBridge/DitaTorusLocus.lean:4869:6: Variable name `P` is not explicitly referenced.
2026-10-09T11:45:19.0751991Z 
2026-10-09T11:45:19.0752386Z Hint: The binding can be removed (if unused) or named `_` (if used implicitly). Alternatively, prefix the name with `_` to silence this warning:
2026-10-09T11:45:19.0752470Z   [apply] _P
2026-10-09T11:45:19.0752474Z 
2026-10-09T11:45:19.0752681Z Note: This linter can be disabled with `set_option linter.unusedVariables false`
2026-10-09T11:45:19.0752947Z warning: OIBridge/DitaTorusLocus.lean:4872:6: Variable name `ditak1` is not explicitly referenced.
2026-10-09T11:45:19.0752953Z 
2026-10-09T11:45:19.0753349Z Hint: The binding can be removed (if unused) or named `_` (if used implicitly). Alternatively, prefix the name with `_` to silence this warning:
2026-10-09T11:45:19.0753437Z   [apply] _ditak1
2026-10-09T11:45:19.0753440Z 
2026-10-09T11:45:19.0753639Z Note: This linter can be disabled with `set_option linter.unusedVariables false`
2026-10-09T11:45:19.0753909Z warning: OIBridge/DitaTorusLocus.lean:4875:6: Variable name `ditak2` is not explicitly referenced.
2026-10-09T11:45:19.0753915Z 
2026-10-09T11:45:19.0754368Z Hint: The binding can be removed (if unused) or named `_` (if used implicitly). Alternatively, prefix the name with `_` to silence this warning:
2026-10-09T11:45:19.0754450Z   [apply] _ditak2
2026-10-09T11:45:19.0754461Z 
2026-10-09T11:45:19.0754661Z Note: This linter can be disabled with `set_option linter.unusedVariables false`
2026-10-09T11:45:19.0754929Z warning: OIBridge/DitaTorusLocus.lean:4878:6: Variable name `ditak3` is not explicitly referenced.
2026-10-09T11:45:19.0754935Z 
2026-10-09T11:45:19.0755328Z Hint: The binding can be removed (if unused) or named `_` (if used implicitly). Alternatively, prefix the name with `_` to silence this warning:
2026-10-09T11:45:19.0755408Z   [apply] _ditak3
2026-10-09T11:45:19.0755411Z 
2026-10-09T11:45:19.0755619Z Note: This linter can be disabled with `set_option linter.unusedVariables false`
2026-10-09T11:45:19.0755887Z warning: OIBridge/DitaTorusLocus.lean:4881:6: Variable name `ditak4` is not explicitly referenced.
2026-10-09T11:45:19.0755893Z 
2026-10-09T11:45:19.0756280Z Hint: The binding can be removed (if unused) or named `_` (if used implicitly). Alternatively, prefix the name with `_` to silence this warning:
2026-10-09T11:45:19.0756364Z   [apply] _ditak4
2026-10-09T11:45:19.0756368Z 
2026-10-09T11:45:19.0756573Z Note: This linter can be disabled with `set_option linter.unusedVariables false`
2026-10-09T11:45:19.0756897Z warning: OIBridge/DitaTorusLocus.lean:4884:6: Variable name `ditae1` is not explicitly referenced.
2026-10-09T11:45:19.0756901Z 
2026-10-09T11:45:19.0757297Z Hint: The binding can be removed (if unused) or named `_` (if used implicitly). Alternatively, prefix the name with `_` to silence this warning:
2026-10-09T11:45:19.0757437Z   [apply] _ditae1
2026-10-09T11:45:19.0757440Z 
2026-10-09T11:45:19.0757639Z Note: This linter can be disabled with `set_option linter.unusedVariables false`
2026-10-09T11:45:19.0757906Z warning: OIBridge/DitaTorusLocus.lean:4887:6: Variable name `ditae2` is not explicitly referenced.
2026-10-09T11:45:19.0757912Z 
2026-10-09T11:45:19.0758308Z Hint: The binding can be removed (if unused) or named `_` (if used implicitly). Alternatively, prefix the name with `_` to silence this warning:
2026-10-09T11:45:19.0758387Z   [apply] _ditae2
2026-10-09T11:45:19.0758390Z 
2026-10-09T11:45:19.0758598Z Note: This linter can be disabled with `set_option linter.unusedVariables false`
2026-10-09T11:45:19.0758865Z warning: OIBridge/DitaTorusLocus.lean:4890:6: Variable name `ditat2` is not explicitly referenced.
2026-10-09T11:45:19.0758868Z 
2026-10-09T11:45:19.0759256Z Hint: The binding can be removed (if unused) or named `_` (if used implicitly). Alternatively, prefix the name with `_` to silence this warning:
2026-10-09T11:45:19.0759344Z   [apply] _ditat2
2026-10-09T11:45:19.0759347Z 
2026-10-09T11:45:19.0759557Z Note: This linter can be disabled with `set_option linter.unusedVariables false`
2026-10-09T11:45:19.0759813Z warning: OIBridge/DitaTorusLocus.lean:4895:6: Variable name `Hu` is not explicitly referenced.
2026-10-09T11:45:19.0759859Z 
2026-10-09T11:45:19.0760519Z Hint: The binding can be removed (if unused) or named `_` (if used implicitly). Alternatively, prefix the name with `_` to silence this warning:
2026-10-09T11:45:19.0760621Z   [apply] _Hu
2026-10-09T11:45:19.0760625Z 
2026-10-09T11:45:19.0760839Z Note: This linter can be disabled with `set_option linter.unusedVariables false`
2026-10-09T11:45:19.0761143Z warning: OIBridge/DitaTorusLocus.lean:4902:6: Variable name `ditamc` is not explicitly referenced.
2026-10-09T11:45:19.0761147Z 
2026-10-09T11:45:19.0761544Z Hint: The binding can be removed (if unused) or named `_` (if used implicitly). Alternatively, prefix the name with `_` to silence this warning:
2026-10-09T11:45:19.0761631Z   [apply] _ditamc
2026-10-09T11:45:19.0761634Z 
2026-10-09T11:45:19.0761847Z Note: This linter can be disabled with `set_option linter.unusedVariables false`
2026-10-09T11:45:19.0762118Z warning: OIBridge/DitaTorusLocus.lean:4905:6: Variable name `ditamr` is not explicitly referenced.
2026-10-09T11:45:19.0762123Z 
2026-10-09T11:45:19.0762593Z Hint: The binding can be removed (if unused) or named `_` (if used implicitly). Alternatively, prefix the name with `_` to silence this warning:
2026-10-09T11:45:19.0762683Z   [apply] _ditamr
2026-10-09T11:45:19.0762686Z 
2026-10-09T11:45:19.0762899Z Note: This linter can be disabled with `set_option linter.unusedVariables false`
2026-10-09T11:45:19.0763346Z info: OIBridge/DitaTorusLocus.lean:4912:0: 'OIBridge.DitaTorusLocus.a40_shared_excl_t3_r' depends on axioms: [propext, Classical.choice, Quot.sound]
2026-10-09T11:45:19.0763612Z warning: OIBridge/DitaTorusLocus.lean:4920:6: Variable name `pt` is not explicitly referenced.
2026-10-09T11:45:19.0763618Z 
2026-10-09T11:45:19.0764014Z Hint: The binding can be removed (if unused) or named `_` (if used implicitly). Alternatively, prefix the name with `_` to silence this warning:
2026-10-09T11:45:19.0764101Z   [apply] _pt
2026-10-09T11:45:19.0764104Z 
2026-10-09T11:45:19.0764307Z Note: This linter can be disabled with `set_option linter.unusedVariables false`
2026-10-09T11:45:19.0764565Z warning: OIBridge/DitaTorusLocus.lean:4924:6: Variable name `S` is not explicitly referenced.
2026-10-09T11:45:19.0764568Z 
2026-10-09T11:45:19.0764962Z Hint: The binding can be removed (if unused) or named `_` (if used implicitly). Alternatively, prefix the name with `_` to silence this warning:
2026-10-09T11:45:19.0765041Z   [apply] _S
2026-10-09T11:45:19.0765045Z 
2026-10-09T11:45:19.0765353Z Note: This linter can be disabled with `set_option linter.unusedVariables false`
2026-10-09T11:45:19.0765621Z warning: OIBridge/DitaTorusLocus.lean:4925:6: Variable name `tor` is not explicitly referenced.
2026-10-09T11:45:19.0765676Z 
2026-10-09T11:45:19.0766066Z Hint: The binding can be removed (if unused) or named `_` (if used implicitly). Alternatively, prefix the name with `_` to silence this warning:
2026-10-09T11:45:19.0766150Z   [apply] _tor
2026-10-09T11:45:19.0766154Z 
2026-10-09T11:45:19.0766360Z Note: This linter can be disabled with `set_option linter.unusedVariables false`
2026-10-09T11:45:19.0766618Z warning: OIBridge/DitaTorusLocus.lean:4926:6: Variable name `adj` is not explicitly referenced.
2026-10-09T11:45:19.0766622Z 
2026-10-09T11:45:19.0767014Z Hint: The binding can be removed (if unused) or named `_` (if used implicitly). Alternatively, prefix the name with `_` to silence this warning:
2026-10-09T11:45:19.0767095Z   [apply] _adj
2026-10-09T11:45:19.0767098Z 
2026-10-09T11:45:19.0767301Z Note: This linter can be disabled with `set_option linter.unusedVariables false`
2026-10-09T11:45:19.0767672Z warning: OIBridge/DitaTorusLocus.lean:4927:6: Variable name `μ` is not explicitly referenced.
2026-10-09T11:45:19.0767678Z 
2026-10-09T11:45:19.0768074Z Hint: The binding can be removed (if unused) or named `_` (if used implicitly). Alternatively, prefix the name with `_` to silence this warning:
2026-10-09T11:45:19.0768163Z   [apply] _μ
2026-10-09T11:45:19.0768166Z 
2026-10-09T11:45:19.0768438Z Note: This linter can be disabled with `set_option linter.unusedVariables false`
2026-10-09T11:45:19.0768695Z warning: OIBridge/DitaTorusLocus.lean:4929:6: Variable name `N` is not explicitly referenced.
2026-10-09T11:45:19.0768699Z 
2026-10-09T11:45:19.0769092Z Hint: The binding can be removed (if unused) or named `_` (if used implicitly). Alternatively, prefix the name with `_` to silence this warning:
2026-10-09T11:45:19.0769173Z   [apply] _N
2026-10-09T11:45:19.0769177Z 
2026-10-09T11:45:19.0769388Z Note: This linter can be disabled with `set_option linter.unusedVariables false`
2026-10-09T11:45:19.0769708Z warning: OIBridge/DitaTorusLocus.lean:4934:6: Variable name `Δc` is not explicitly referenced.
2026-10-09T11:45:19.0769717Z 
2026-10-09T11:45:19.0770110Z Hint: The binding can be removed (if unused) or named `_` (if used implicitly). Alternatively, prefix the name with `_` to silence this warning:
2026-10-09T11:45:19.0770214Z   [apply] _Δc
2026-10-09T11:45:19.0770217Z 
2026-10-09T11:45:19.0770603Z Note: This linter can be disabled with `set_option linter.unusedVariables false`
2026-10-09T11:45:19.0771024Z warning: OIBridge/DitaTorusLocus.lean:4935:6: Variable name `Δr` is not explicitly referenced.
2026-10-09T11:45:19.0771029Z 
2026-10-09T11:45:19.0771427Z Hint: The binding can be removed (if unused) or named `_` (if used implicitly). Alternatively, prefix the name with `_` to silence this warning:
2026-10-09T11:45:19.0771526Z   [apply] _Δr
2026-10-09T11:45:19.0771536Z 
2026-10-09T11:45:19.0771741Z Note: This linter can be disabled with `set_option linter.unusedVariables false`
2026-10-09T11:45:19.0772007Z warning: OIBridge/DitaTorusLocus.lean:4938:6: Variable name `dgT` is not explicitly referenced.
2026-10-09T11:45:19.0772014Z 
2026-10-09T11:45:19.0772409Z Hint: The binding can be removed (if unused) or named `_` (if used implicitly). Alternatively, prefix the name with `_` to silence this warning:
2026-10-09T11:45:19.0772486Z   [apply] _dgT
2026-10-09T11:45:19.0772490Z 
2026-10-09T11:45:19.0772697Z Note: This linter can be disabled with `set_option linter.unusedVariables false`
2026-10-09T11:45:19.0772978Z warning: OIBridge/DitaTorusLocus.lean:4942:6: Variable name `dita28` is not explicitly referenced.
2026-10-09T11:45:19.0772982Z 
2026-10-09T11:45:19.0773371Z Hint: The binding can be removed (if unused) or named `_` (if used implicitly). Alternatively, prefix the name with `_` to silence this warning:
2026-10-09T11:45:19.0773456Z   [apply] _dita28
2026-10-09T11:45:19.0773459Z 
2026-10-09T11:45:19.0773727Z Note: This linter can be disabled with `set_option linter.unusedVariables false`
2026-10-09T11:45:19.0773995Z warning: OIBridge/DitaTorusLocus.lean:4945:6: Variable name `dita82` is not explicitly referenced.
2026-10-09T11:45:19.0774051Z 
2026-10-09T11:45:19.0774451Z Hint: The binding can be removed (if unused) or named `_` (if used implicitly). Alternatively, prefix the name with `_` to silence this warning:
2026-10-09T11:45:19.0774536Z   [apply] _dita82
2026-10-09T11:45:19.0774539Z 
2026-10-09T11:45:19.0774741Z Note: This linter can be disabled with `set_option linter.unusedVariables false`
2026-10-09T11:45:19.0774997Z warning: OIBridge/DitaTorusLocus.lean:4952:6: Variable name `P` is not explicitly referenced.
2026-10-09T11:45:19.0775001Z 
2026-10-09T11:45:19.0775396Z Hint: The binding can be removed (if unused) or named `_` (if used implicitly). Alternatively, prefix the name with `_` to silence this warning:
2026-10-09T11:45:19.0775474Z   [apply] _P
2026-10-09T11:45:19.0775478Z 
2026-10-09T11:45:19.0775685Z Note: This linter can be disabled with `set_option linter.unusedVariables false`
2026-10-09T11:45:19.0775953Z warning: OIBridge/DitaTorusLocus.lean:4955:6: Variable name `ditak1` is not explicitly referenced.
2026-10-09T11:45:19.0775958Z 
2026-10-09T11:45:19.0776343Z Hint: The binding can be removed (if unused) or named `_` (if used implicitly). Alternatively, prefix the name with `_` to silence this warning:
2026-10-09T11:45:19.0776428Z   [apply] _ditak1
2026-10-09T11:45:19.0776432Z 
2026-10-09T11:45:19.0776697Z Note: This linter can be disabled with `set_option linter.unusedVariables false`
2026-10-09T11:45:19.0776961Z warning: OIBridge/DitaTorusLocus.lean:4958:6: Variable name `ditak2` is not explicitly referenced.
2026-10-09T11:45:19.0776965Z 
2026-10-09T11:45:19.0777359Z Hint: The binding can be removed (if unused) or named `_` (if used implicitly). Alternatively, prefix the name with `_` to silence this warning:
2026-10-09T11:45:19.0777442Z   [apply] _ditak2
2026-10-09T11:45:19.0777446Z 
2026-10-09T11:45:19.0777647Z Note: This linter can be disabled with `set_option linter.unusedVariables false`
2026-10-09T11:45:19.0777925Z warning: OIBridge/DitaTorusLocus.lean:4961:6: Variable name `ditak3` is not explicitly referenced.
2026-10-09T11:45:19.0777931Z 
2026-10-09T11:45:19.0778323Z Hint: The binding can be removed (if unused) or named `_` (if used implicitly). Alternatively, prefix the name with `_` to silence this warning:
2026-10-09T11:45:19.0778403Z   [apply] _ditak3
2026-10-09T11:45:19.0778410Z 
2026-10-09T11:45:19.0778662Z Note: This linter can be disabled with `set_option linter.unusedVariables false`
2026-10-09T11:45:19.0778940Z warning: OIBridge/DitaTorusLocus.lean:4964:6: Variable name `ditak4` is not explicitly referenced.
2026-10-09T11:45:19.0778944Z 
2026-10-09T11:45:19.0779332Z Hint: The binding can be removed (if unused) or named `_` (if used implicitly). Alternatively, prefix the name with `_` to silence this warning:
2026-10-09T11:45:19.0779419Z   [apply] _ditak4
2026-10-09T11:45:19.0779424Z 
2026-10-09T11:45:19.0779630Z Note: This linter can be disabled with `set_option linter.unusedVariables false`
2026-10-09T11:45:19.0779894Z warning: OIBridge/DitaTorusLocus.lean:4967:6: Variable name `ditae1` is not explicitly referenced.
2026-10-09T11:45:19.0779907Z 
2026-10-09T11:45:19.0780426Z Hint: The binding can be removed (if unused) or named `_` (if used implicitly). Alternatively, prefix the name with `_` to silence this warning:
2026-10-09T11:45:19.0780516Z   [apply] _ditae1
2026-10-09T11:45:19.0780522Z 
2026-10-09T11:45:19.0780732Z Note: This linter can be disabled with `set_option linter.unusedVariables false`
2026-10-09T11:45:19.0780994Z warning: OIBridge/DitaTorusLocus.lean:4970:6: Variable name `ditae2` is not explicitly referenced.
2026-10-09T11:45:19.0780997Z 
2026-10-09T11:45:19.0781394Z Hint: The binding can be removed (if unused) or named `_` (if used implicitly). Alternatively, prefix the name with `_` to silence this warning:
2026-10-09T11:45:19.0781477Z   [apply] _ditae2
2026-10-09T11:45:19.0781548Z 
2026-10-09T11:45:19.0781751Z Note: This linter can be disabled with `set_option linter.unusedVariables false`
2026-10-09T11:45:19.0782024Z warning: OIBridge/DitaTorusLocus.lean:4973:6: Variable name `ditat2` is not explicitly referenced.
2026-10-09T11:45:19.0782081Z 
2026-10-09T11:45:19.0782484Z Hint: The binding can be removed (if unused) or named `_` (if used implicitly). Alternatively, prefix the name with `_` to silence this warning:
2026-10-09T11:45:19.0782563Z   [apply] _ditat2
2026-10-09T11:45:19.0782568Z 
2026-10-09T11:45:19.0782786Z Note: This linter can be disabled with `set_option linter.unusedVariables false`
2026-10-09T11:45:19.0783059Z warning: OIBridge/DitaTorusLocus.lean:4976:6: Variable name `ditat3` is not explicitly referenced.
2026-10-09T11:45:19.0783063Z 
2026-10-09T11:45:19.0783456Z Hint: The binding can be removed (if unused) or named `_` (if used implicitly). Alternatively, prefix the name with `_` to silence this warning:
2026-10-09T11:45:19.0783541Z   [apply] _ditat3
2026-10-09T11:45:19.0783545Z 
2026-10-09T11:45:19.0783760Z Note: This linter can be disabled with `set_option linter.unusedVariables false`
2026-10-09T11:45:19.0784026Z warning: OIBridge/DitaTorusLocus.lean:4978:6: Variable name `Hu` is not explicitly referenced.
2026-10-09T11:45:19.0784030Z 
2026-10-09T11:45:19.0784431Z Hint: The binding can be removed (if unused) or named `_` (if used implicitly). Alternatively, prefix the name with `_` to silence this warning:
2026-10-09T11:45:19.0784514Z   [apply] _Hu
2026-10-09T11:45:19.0784574Z 
2026-10-09T11:45:19.0784779Z Note: This linter can be disabled with `set_option linter.unusedVariables false`
2026-10-09T11:45:19.0785054Z warning: OIBridge/DitaTorusLocus.lean:4988:6: Variable name `ditamr` is not explicitly referenced.
2026-10-09T11:45:19.0785057Z 
2026-10-09T11:45:19.0785452Z Hint: The binding can be removed (if unused) or named `_` (if used implicitly). Alternatively, prefix the name with `_` to silence this warning:
2026-10-09T11:45:19.0785532Z   [apply] _ditamr
2026-10-09T11:45:19.0785536Z 
2026-10-09T11:45:19.0785744Z Note: This linter can be disabled with `set_option linter.unusedVariables false`
2026-10-09T11:45:19.0786194Z info: OIBridge/DitaTorusLocus.lean:4995:0: 'OIBridge.DitaTorusLocus.a40_shared_excl_mc_c' depends on axioms: [propext, Classical.choice, Quot.sound]
2026-10-09T11:45:19.0786451Z warning: OIBridge/DitaTorusLocus.lean:5003:6: Variable name `pt` is not explicitly referenced.
2026-10-09T11:45:19.0786460Z 
2026-10-09T11:45:19.0786907Z Hint: The binding can be removed (if unused) or named `_` (if used implicitly). Alternatively, prefix the name with `_` to silence this warning:
2026-10-09T11:45:19.0786995Z   [apply] _pt
2026-10-09T11:45:19.0786999Z 
2026-10-09T11:45:19.0787198Z Note: This linter can be disabled with `set_option linter.unusedVariables false`
2026-10-09T11:45:19.0787457Z warning: OIBridge/DitaTorusLocus.lean:5007:6: Variable name `S` is not explicitly referenced.
2026-10-09T11:45:19.0787461Z 
2026-10-09T11:45:19.0787855Z Hint: The binding can be removed (if unused) or named `_` (if used implicitly). Alternatively, prefix the name with `_` to silence this warning:
2026-10-09T11:45:19.0787939Z   [apply] _S
2026-10-09T11:45:19.0787942Z 
2026-10-09T11:45:19.0788144Z Note: This linter can be disabled with `set_option linter.unusedVariables false`
2026-10-09T11:45:19.0788413Z warning: OIBridge/DitaTorusLocus.lean:5008:6: Variable name `tor` is not explicitly referenced.
2026-10-09T11:45:19.0788417Z 
2026-10-09T11:45:19.0788820Z Hint: The binding can be removed (if unused) or named `_` (if used implicitly). Alternatively, prefix the name with `_` to silence this warning:
2026-10-09T11:45:19.0788899Z   [apply] _tor
2026-10-09T11:45:19.0788905Z 
2026-10-09T11:45:19.0789111Z Note: This linter can be disabled with `set_option linter.unusedVariables false`
2026-10-09T11:45:19.0789374Z warning: OIBridge/DitaTorusLocus.lean:5009:6: Variable name `adj` is not explicitly referenced.
2026-10-09T11:45:19.0789377Z 
2026-10-09T11:45:19.0789807Z Hint: The binding can be removed (if unused) or named `_` (if used implicitly). Alternatively, prefix the name with `_` to silence this warning:
2026-10-09T11:45:19.0789929Z   [apply] _adj
2026-10-09T11:45:19.0789932Z 
2026-10-09T11:45:19.0790140Z Note: This linter can be disabled with `set_option linter.unusedVariables false`
2026-10-09T11:45:19.0790835Z warning: OIBridge/DitaTorusLocus.lean:5010:6: Variable name `μ` is not explicitly referenced.
2026-10-09T11:45:19.0790843Z 
2026-10-09T11:45:19.0791264Z Hint: The binding can be removed (if unused) or named `_` (if used implicitly). Alternatively, prefix the name with `_` to silence this warning:
2026-10-09T11:45:19.0791375Z   [apply] _μ
2026-10-09T11:45:19.0791378Z 
2026-10-09T11:45:19.0791588Z Note: This linter can be disabled with `set_option linter.unusedVariables false`
2026-10-09T11:45:19.0791851Z warning: OIBridge/DitaTorusLocus.lean:5012:6: Variable name `N` is not explicitly referenced.
2026-10-09T11:45:19.0791854Z 
2026-10-09T11:45:19.0792258Z Hint: The binding can be removed (if unused) or named `_` (if used implicitly). Alternatively, prefix the name with `_` to silence this warning:
2026-10-09T11:45:19.0792335Z   [apply] _N
2026-10-09T11:45:19.0792343Z 
2026-10-09T11:45:19.0792553Z Note: This linter can be disabled with `set_option linter.unusedVariables false`
2026-10-09T11:45:19.0792883Z warning: OIBridge/DitaTorusLocus.lean:5017:6: Variable name `Δc` is not explicitly referenced.
2026-10-09T11:45:19.0792887Z 
2026-10-09T11:45:19.0793278Z Hint: The binding can be removed (if unused) or named `_` (if used implicitly). Alternatively, prefix the name with `_` to silence this warning:
2026-10-09T11:45:19.0793474Z   [apply] _Δc
2026-10-09T11:45:19.0793478Z 
2026-10-09T11:45:19.0793687Z Note: This linter can be disabled with `set_option linter.unusedVariables false`
2026-10-09T11:45:19.0794005Z warning: OIBridge/DitaTorusLocus.lean:5018:6: Variable name `Δr` is not explicitly referenced.
2026-10-09T11:45:19.0794009Z 
2026-10-09T11:45:19.0794409Z Hint: The binding can be removed (if unused) or named `_` (if used implicitly). Alternatively, prefix the name with `_` to silence this warning:
2026-10-09T11:45:19.0794514Z   [apply] _Δr
2026-10-09T11:45:19.0794521Z 
2026-10-09T11:45:19.0794726Z Note: This linter can be disabled with `set_option linter.unusedVariables false`
2026-10-09T11:45:19.0794992Z warning: OIBridge/DitaTorusLocus.lean:5021:6: Variable name `dgT` is not explicitly referenced.
2026-10-09T11:45:19.0794995Z 
2026-10-09T11:45:19.0795450Z Hint: The binding can be removed (if unused) or named `_` (if used implicitly). Alternatively, prefix the name with `_` to silence this warning:
2026-10-09T11:45:19.0795535Z   [apply] _dgT
2026-10-09T11:45:19.0795538Z 
2026-10-09T11:45:19.0795747Z Note: This linter can be disabled with `set_option linter.unusedVariables false`
2026-10-09T11:45:19.0796017Z warning: OIBridge/DitaTorusLocus.lean:5025:6: Variable name `dita28` is not explicitly referenced.
2026-10-09T11:45:19.0796021Z 
2026-10-09T11:45:19.0796419Z Hint: The binding can be removed (if unused) or named `_` (if used implicitly). Alternatively, prefix the name with `_` to silence this warning:
2026-10-09T11:45:19.0796498Z   [apply] _dita28
2026-10-09T11:45:19.0796505Z 
2026-10-09T11:45:19.0796712Z Note: This linter can be disabled with `set_option linter.unusedVariables false`
2026-10-09T11:45:19.0796973Z warning: OIBridge/DitaTorusLocus.lean:5028:6: Variable name `dita82` is not explicitly referenced.
2026-10-09T11:45:19.0796983Z 
2026-10-09T11:45:19.0797372Z Hint: The binding can be removed (if unused) or named `_` (if used implicitly). Alternatively, prefix the name with `_` to silence this warning:
2026-10-09T11:45:19.0797458Z   [apply] _dita82
2026-10-09T11:45:19.0797461Z 
2026-10-09T11:45:19.0797668Z Note: This linter can be disabled with `set_option linter.unusedVariables false`
2026-10-09T11:45:19.0797928Z warning: OIBridge/DitaTorusLocus.lean:5035:6: Variable name `P` is not explicitly referenced.
2026-10-09T11:45:19.0797931Z 
2026-10-09T11:45:19.0798397Z Hint: The binding can be removed (if unused) or named `_` (if used implicitly). Alternatively, prefix the name with `_` to silence this warning:
2026-10-09T11:45:19.0798533Z   [apply] _P
2026-10-09T11:45:19.0798537Z 
2026-10-09T11:45:19.0798741Z Note: This linter can be disabled with `set_option linter.unusedVariables false`
2026-10-09T11:45:19.0799013Z warning: OIBridge/DitaTorusLocus.lean:5038:6: Variable name `ditak1` is not explicitly referenced.
2026-10-09T11:45:19.0799017Z 
2026-10-09T11:45:19.0799424Z Hint: The binding can be removed (if unused) or named `_` (if used implicitly). Alternatively, prefix the name with `_` to silence this warning:
2026-10-09T11:45:19.0799504Z   [apply] _ditak1
2026-10-09T11:45:19.0799508Z 
2026-10-09T11:45:19.0799714Z Note: This linter can be disabled with `set_option linter.unusedVariables false`
2026-10-09T11:45:19.0799988Z warning: OIBridge/DitaTorusLocus.lean:5041:6: Variable name `ditak2` is not explicitly referenced.
2026-10-09T11:45:19.0799992Z 
2026-10-09T11:45:19.0800692Z Hint: The binding can be removed (if unused) or named `_` (if used implicitly). Alternatively, prefix the name with `_` to silence this warning:
2026-10-09T11:45:19.0800791Z   [apply] _ditak2
2026-10-09T11:45:19.0800796Z 
2026-10-09T11:45:19.0801008Z Note: This linter can be disabled with `set_option linter.unusedVariables false`
2026-10-09T11:45:19.0801274Z warning: OIBridge/DitaTorusLocus.lean:5044:6: Variable name `ditak3` is not explicitly referenced.
2026-10-09T11:45:19.0801277Z 
2026-10-09T11:45:19.0801776Z Hint: The binding can be removed (if unused) or named `_` (if used implicitly). Alternatively, prefix the name with `_` to silence this warning:
2026-10-09T11:45:19.0801864Z   [apply] _ditak3
2026-10-09T11:45:19.0801867Z 
2026-10-09T11:45:19.0802069Z Note: This linter can be disabled with `set_option linter.unusedVariables false`
2026-10-09T11:45:19.0802337Z warning: OIBridge/DitaTorusLocus.lean:5047:6: Variable name `ditak4` is not explicitly referenced.
2026-10-09T11:45:19.0802340Z 
2026-10-09T11:45:19.0802739Z Hint: The binding can be removed (if unused) or named `_` (if used implicitly). Alternatively, prefix the name with `_` to silence this warning:
2026-10-09T11:45:19.0802819Z   [apply] _ditak4
2026-10-09T11:45:19.0802823Z 
2026-10-09T11:45:19.0803027Z Note: This linter can be disabled with `set_option linter.unusedVariables false`
2026-10-09T11:45:19.0803294Z warning: OIBridge/DitaTorusLocus.lean:5050:6: Variable name `ditae1` is not explicitly referenced.
2026-10-09T11:45:19.0803301Z 
2026-10-09T11:45:19.0803782Z Hint: The binding can be removed (if unused) or named `_` (if used implicitly). Alternatively, prefix the name with `_` to silence this warning:
2026-10-09T11:45:19.0803879Z   [apply] _ditae1
2026-10-09T11:45:19.0803884Z 
2026-10-09T11:45:19.0804095Z Note: This linter can be disabled with `set_option linter.unusedVariables false`
2026-10-09T11:45:19.0804361Z warning: OIBridge/DitaTorusLocus.lean:5053:6: Variable name `ditae2` is not explicitly referenced.
2026-10-09T11:45:19.0804376Z 
2026-10-09T11:45:19.0804761Z Hint: The binding can be removed (if unused) or named `_` (if used implicitly). Alternatively, prefix the name with `_` to silence this warning:
2026-10-09T11:45:19.0804846Z   [apply] _ditae2
2026-10-09T11:45:19.0804850Z 
2026-10-09T11:45:19.0805057Z Note: This linter can be disabled with `set_option linter.unusedVariables false`
2026-10-09T11:45:19.0805319Z warning: OIBridge/DitaTorusLocus.lean:5056:6: Variable name `ditat2` is not explicitly referenced.
2026-10-09T11:45:19.0805324Z 
2026-10-09T11:45:19.0805718Z Hint: The binding can be removed (if unused) or named `_` (if used implicitly). Alternatively, prefix the name with `_` to silence this warning:
2026-10-09T11:45:19.0805803Z   [apply] _ditat2
2026-10-09T11:45:19.0805806Z 
2026-10-09T11:45:19.0806005Z Note: This linter can be disabled with `set_option linter.unusedVariables false`
2026-10-09T11:45:19.0806271Z warning: OIBridge/DitaTorusLocus.lean:5059:6: Variable name `ditat3` is not explicitly referenced.
2026-10-09T11:45:19.0806337Z 
2026-10-09T11:45:19.0806732Z Hint: The binding can be removed (if unused) or named `_` (if used implicitly). Alternatively, prefix the name with `_` to silence this warning:
2026-10-09T11:45:19.0806866Z   [apply] _ditat3
2026-10-09T11:45:19.0806870Z 
2026-10-09T11:45:19.0807074Z Note: This linter can be disabled with `set_option linter.unusedVariables false`
2026-10-09T11:45:19.0807331Z warning: OIBridge/DitaTorusLocus.lean:5061:6: Variable name `Hu` is not explicitly referenced.
2026-10-09T11:45:19.0807336Z 
2026-10-09T11:45:19.0807725Z Hint: The binding can be removed (if unused) or named `_` (if used implicitly). Alternatively, prefix the name with `_` to silence this warning:
2026-10-09T11:45:19.0807808Z   [apply] _Hu
2026-10-09T11:45:19.0807812Z 
2026-10-09T11:45:19.0808016Z Note: This linter can be disabled with `set_option linter.unusedVariables false`
2026-10-09T11:45:19.0808278Z warning: OIBridge/DitaTorusLocus.lean:5068:6: Variable name `ditamc` is not explicitly referenced.
2026-10-09T11:45:19.0808281Z 
2026-10-09T11:45:19.0808672Z Hint: The binding can be removed (if unused) or named `_` (if used implicitly). Alternatively, prefix the name with `_` to silence this warning:
2026-10-09T11:45:19.0808760Z   [apply] _ditamc
2026-10-09T11:45:19.0808763Z 
2026-10-09T11:45:19.0808962Z Note: This linter can be disabled with `set_option linter.unusedVariables false`
2026-10-09T11:45:19.0809414Z info: OIBridge/DitaTorusLocus.lean:5078:0: 'OIBridge.DitaTorusLocus.a40_shared_excl_mr_r' depends on axioms: [propext, Classical.choice, Quot.sound]
2026-10-09T11:45:19.0809724Z warning: OIBridge/DitaTorusLocus.lean:5086:6: Variable name `pt` is not explicitly referenced.
2026-10-09T11:45:19.0809728Z 
2026-10-09T11:45:19.0810118Z Hint: The binding can be removed (if unused) or named `_` (if used implicitly). Alternatively, prefix the name with `_` to silence this warning:
2026-10-09T11:45:19.0810201Z   [apply] _pt
2026-10-09T11:45:19.0810205Z 
2026-10-09T11:45:19.0810657Z Note: This linter can be disabled with `set_option linter.unusedVariables false`
2026-10-09T11:45:19.0810914Z warning: OIBridge/DitaTorusLocus.lean:5090:6: Variable name `S` is not explicitly referenced.
2026-10-09T11:45:19.0810920Z 
2026-10-09T11:45:19.0811312Z Hint: The binding can be removed (if unused) or named `_` (if used implicitly). Alternatively, prefix the name with `_` to silence this warning:
2026-10-09T11:45:19.0811394Z   [apply] _S
2026-10-09T11:45:19.0811397Z 
2026-10-09T11:45:19.0811596Z Note: This linter can be disabled with `set_option linter.unusedVariables false`
2026-10-09T11:45:19.0811933Z warning: OIBridge/DitaTorusLocus.lean:5091:6: Variable name `tor` is not explicitly referenced.
2026-10-09T11:45:19.0811938Z 
2026-10-09T11:45:19.0812332Z Hint: The binding can be removed (if unused) or named `_` (if used implicitly). Alternatively, prefix the name with `_` to silence this warning:
2026-10-09T11:45:19.0812410Z   [apply] _tor
2026-10-09T11:45:19.0812420Z 
2026-10-09T11:45:19.0812621Z Note: This linter can be disabled with `set_option linter.unusedVariables false`
2026-10-09T11:45:19.0812882Z warning: OIBridge/DitaTorusLocus.lean:5092:6: Variable name `adj` is not explicitly referenced.
2026-10-09T11:45:19.0812887Z 
2026-10-09T11:45:19.0813282Z Hint: The binding can be removed (if unused) or named `_` (if used implicitly). Alternatively, prefix the name with `_` to silence this warning:
2026-10-09T11:45:19.0813360Z   [apply] _adj
2026-10-09T11:45:19.0813364Z 
2026-10-09T11:45:19.0813573Z Note: This linter can be disabled with `set_option linter.unusedVariables false`
2026-10-09T11:45:19.0813922Z warning: OIBridge/DitaTorusLocus.lean:5093:6: Variable name `μ` is not explicitly referenced.
2026-10-09T11:45:19.0813926Z 
2026-10-09T11:45:19.0814313Z Hint: The binding can be removed (if unused) or named `_` (if used implicitly). Alternatively, prefix the name with `_` to silence this warning:
2026-10-09T11:45:19.0814407Z   [apply] _μ
2026-10-09T11:45:19.0814411Z 
2026-10-09T11:45:19.0814681Z Note: This linter can be disabled with `set_option linter.unusedVariables false`
2026-10-09T11:45:19.0814935Z warning: OIBridge/DitaTorusLocus.lean:5095:6: Variable name `N` is not explicitly referenced.
2026-10-09T11:45:19.0814991Z 
2026-10-09T11:45:19.0815386Z Hint: The binding can be removed (if unused) or named `_` (if used implicitly). Alternatively, prefix the name with `_` to silence this warning:
2026-10-09T11:45:19.0815467Z   [apply] _N
2026-10-09T11:45:19.0815471Z 
2026-10-09T11:45:19.0815674Z Note: This linter can be disabled with `set_option linter.unusedVariables false`
2026-10-09T11:45:19.0816008Z warning: OIBridge/DitaTorusLocus.lean:5100:6: Variable name `Δc` is not explicitly referenced.
2026-10-09T11:45:19.0816012Z 
2026-10-09T11:45:19.0816405Z Hint: The binding can be removed (if unused) or named `_` (if used implicitly). Alternatively, prefix the name with `_` to silence this warning:
2026-10-09T11:45:19.0816502Z   [apply] _Δc
2026-10-09T11:45:19.0816506Z 
2026-10-09T11:45:19.0816715Z Note: This linter can be disabled with `set_option linter.unusedVariables false`
2026-10-09T11:45:19.0817041Z warning: OIBridge/DitaTorusLocus.lean:5101:6: Variable name `Δr` is not explicitly referenced.
2026-10-09T11:45:19.0817048Z 
2026-10-09T11:45:19.0817438Z Hint: The binding can be removed (if unused) or named `_` (if used implicitly). Alternatively, prefix the name with `_` to silence this warning:
2026-10-09T11:45:19.0817544Z   [apply] _Δr
2026-10-09T11:45:19.0817547Z 
2026-10-09T11:45:19.0817757Z Note: This linter can be disabled with `set_option linter.unusedVariables false`
2026-10-09T11:45:19.0818086Z warning: OIBridge/DitaTorusLocus.lean:5104:6: Variable name `dgT` is not explicitly referenced.
2026-10-09T11:45:19.0818090Z 
2026-10-09T11:45:19.0818484Z Hint: The binding can be removed (if unused) or named `_` (if used implicitly). Alternatively, prefix the name with `_` to silence this warning:
2026-10-09T11:45:19.0818569Z   [apply] _dgT
2026-10-09T11:45:19.0818573Z 
2026-10-09T11:45:19.0818786Z Note: This linter can be disabled with `set_option linter.unusedVariables false`
2026-10-09T11:45:19.0819057Z warning: OIBridge/DitaTorusLocus.lean:5111:6: Variable name `dita82` is not explicitly referenced.
2026-10-09T11:45:19.0819063Z 
2026-10-09T11:45:19.0819459Z Hint: The binding can be removed (if unused) or named `_` (if used implicitly). Alternatively, prefix the name with `_` to silence this warning:
2026-10-09T11:45:19.0819538Z   [apply] _dita82
2026-10-09T11:45:19.0819542Z 
2026-10-09T11:45:19.0819750Z Note: This linter can be disabled with `set_option linter.unusedVariables false`
2026-10-09T11:45:19.0820054Z warning: OIBridge/DitaTorusLocus.lean:5118:6: Variable name `P` is not explicitly referenced.
2026-10-09T11:45:19.0820058Z 
2026-10-09T11:45:19.0820575Z Hint: The binding can be removed (if unused) or named `_` (if used implicitly). Alternatively, prefix the name with `_` to silence this warning:
2026-10-09T11:45:19.0820662Z   [apply] _P
2026-10-09T11:45:19.0820666Z 
2026-10-09T11:45:19.0820880Z Note: This linter can be disabled with `set_option linter.unusedVariables false`
2026-10-09T11:45:19.0821137Z warning: OIBridge/DitaTorusLocus.lean:5144:6: Variable name `Hu` is not explicitly referenced.
2026-10-09T11:45:19.0821151Z 
2026-10-09T11:45:19.0821538Z Hint: The binding can be removed (if unused) or named `_` (if used implicitly). Alternatively, prefix the name with `_` to silence this warning:
2026-10-09T11:45:19.0821622Z   [apply] _Hu
2026-10-09T11:45:19.0821625Z 
2026-10-09T11:45:19.0821830Z Note: This linter can be disabled with `set_option linter.unusedVariables false`
2026-10-09T11:45:19.0822264Z info: OIBridge/DitaTorusLocus.lean:5232:0: 'OIBridge.DitaTorusLocus.a40_locus_kernel' depends on axioms: [propext, Classical.choice, Quot.sound]
2026-10-09T11:45:19.0822522Z warning: OIBridge/DitaTorusLocus.lean:5240:6: Variable name `pt` is not explicitly referenced.
2026-10-09T11:45:19.0822526Z 
2026-10-09T11:45:19.0823021Z Hint: The binding can be removed (if unused) or named `_` (if used implicitly). Alternatively, prefix the name with `_` to silence this warning:
2026-10-09T11:45:19.0823104Z   [apply] _pt
2026-10-09T11:45:19.0823108Z 
2026-10-09T11:45:19.0823326Z Note: This linter can be disabled with `set_option linter.unusedVariables false`
2026-10-09T11:45:19.0823642Z warning: OIBridge/DitaTorusLocus.lean:5244:6: Variable name `S` is not explicitly referenced.
2026-10-09T11:45:19.0823646Z 
2026-10-09T11:45:19.0824033Z Hint: The binding can be removed (if unused) or named `_` (if used implicitly). Alternatively, prefix the name with `_` to silence this warning:
2026-10-09T11:45:19.0824118Z   [apply] _S
2026-10-09T11:45:19.0824123Z 
2026-10-09T11:45:19.0824330Z Note: This linter can be disabled with `set_option linter.unusedVariables false`
2026-10-09T11:45:19.0824590Z warning: OIBridge/DitaTorusLocus.lean:5245:6: Variable name `tor` is not explicitly referenced.
2026-10-09T11:45:19.0824594Z 
2026-10-09T11:45:19.0824991Z Hint: The binding can be removed (if unused) or named `_` (if used implicitly). Alternatively, prefix the name with `_` to silence this warning:
2026-10-09T11:45:19.0825072Z   [apply] _tor
2026-10-09T11:45:19.0825075Z 
2026-10-09T11:45:19.0825274Z Note: This linter can be disabled with `set_option linter.unusedVariables false`
2026-10-09T11:45:19.0825535Z warning: OIBridge/DitaTorusLocus.lean:5246:6: Variable name `adj` is not explicitly referenced.
2026-10-09T11:45:19.0825539Z 
2026-10-09T11:45:19.0825928Z Hint: The binding can be removed (if unused) or named `_` (if used implicitly). Alternatively, prefix the name with `_` to silence this warning:
2026-10-09T11:45:19.0826061Z   [apply] _adj
2026-10-09T11:45:19.0826066Z 
2026-10-09T11:45:19.0826277Z Note: This linter can be disabled with `set_option linter.unusedVariables false`
2026-10-09T11:45:19.0826605Z warning: OIBridge/DitaTorusLocus.lean:5247:6: Variable name `μ` is not explicitly referenced.
2026-10-09T11:45:19.0826609Z 
2026-10-09T11:45:19.0826996Z Hint: The binding can be removed (if unused) or named `_` (if used implicitly). Alternatively, prefix the name with `_` to silence this warning:
2026-10-09T11:45:19.0827090Z   [apply] _μ
2026-10-09T11:45:19.0827094Z 
2026-10-09T11:45:19.0827302Z Note: This linter can be disabled with `set_option linter.unusedVariables false`
2026-10-09T11:45:19.0827553Z warning: OIBridge/DitaTorusLocus.lean:5249:6: Variable name `N` is not explicitly referenced.
2026-10-09T11:45:19.0827557Z 
2026-10-09T11:45:19.0827952Z Hint: The binding can be removed (if unused) or named `_` (if used implicitly). Alternatively, prefix the name with `_` to silence this warning:
2026-10-09T11:45:19.0828035Z   [apply] _N
2026-10-09T11:45:19.0828039Z 
2026-10-09T11:45:19.0828342Z Note: This linter can be disabled with `set_option linter.unusedVariables false`
2026-10-09T11:45:19.0828670Z warning: OIBridge/DitaTorusLocus.lean:5254:6: Variable name `Δc` is not explicitly referenced.
2026-10-09T11:45:19.0828674Z 
2026-10-09T11:45:19.0829068Z Hint: The binding can be removed (if unused) or named `_` (if used implicitly). Alternatively, prefix the name with `_` to silence this warning:
2026-10-09T11:45:19.0829165Z   [apply] _Δc
2026-10-09T11:45:19.0829173Z 
2026-10-09T11:45:19.0829375Z Note: This linter can be disabled with `set_option linter.unusedVariables false`
2026-10-09T11:45:19.0829706Z warning: OIBridge/DitaTorusLocus.lean:5255:6: Variable name `Δr` is not explicitly referenced.
2026-10-09T11:45:19.0829710Z 
2026-10-09T11:45:19.0830100Z Hint: The binding can be removed (if unused) or named `_` (if used implicitly). Alternatively, prefix the name with `_` to silence this warning:
2026-10-09T11:45:19.0830199Z   [apply] _Δr
2026-10-09T11:45:19.0830203Z 
2026-10-09T11:45:19.0830546Z Note: This linter can be disabled with `set_option linter.unusedVariables false`
2026-10-09T11:45:19.0830813Z warning: OIBridge/DitaTorusLocus.lean:5258:6: Variable name `dgT` is not explicitly referenced.
2026-10-09T11:45:19.0830816Z 
2026-10-09T11:45:19.0831278Z Hint: The binding can be removed (if unused) or named `_` (if used implicitly). Alternatively, prefix the name with `_` to silence this warning:
2026-10-09T11:45:19.0831364Z   [apply] _dgT
2026-10-09T11:45:19.0831368Z 
2026-10-09T11:45:19.0831576Z Note: This linter can be disabled with `set_option linter.unusedVariables false`
2026-10-09T11:45:19.0831899Z warning: OIBridge/DitaTorusLocus.lean:5265:6: Variable name `dita82` is not explicitly referenced.
2026-10-09T11:45:19.0831903Z 
2026-10-09T11:45:19.0832299Z Hint: The binding can be removed (if unused) or named `_` (if used implicitly). Alternatively, prefix the name with `_` to silence this warning:
2026-10-09T11:45:19.0832387Z   [apply] _dita82
2026-10-09T11:45:19.0832392Z 
2026-10-09T11:45:19.0832592Z Note: This linter can be disabled with `set_option linter.unusedVariables false`
2026-10-09T11:45:19.0832851Z warning: OIBridge/DitaTorusLocus.lean:5272:6: Variable name `P` is not explicitly referenced.
2026-10-09T11:45:19.0832854Z 
2026-10-09T11:45:19.0833251Z Hint: The binding can be removed (if unused) or named `_` (if used implicitly). Alternatively, prefix the name with `_` to silence this warning:
2026-10-09T11:45:19.0833328Z   [apply] _P
2026-10-09T11:45:19.0833331Z 
2026-10-09T11:45:19.0833538Z Note: This linter can be disabled with `set_option linter.unusedVariables false`
2026-10-09T11:45:19.0833800Z warning: OIBridge/DitaTorusLocus.lean:5298:6: Variable name `Hu` is not explicitly referenced.
2026-10-09T11:45:19.0833803Z 
2026-10-09T11:45:19.0834191Z Hint: The binding can be removed (if unused) or named `_` (if used implicitly). Alternatively, prefix the name with `_` to silence this warning:
2026-10-09T11:45:19.0834332Z   [apply] _Hu
2026-10-09T11:45:19.0834337Z 
2026-10-09T11:45:19.0834546Z Note: This linter can be disabled with `set_option linter.unusedVariables false`
2026-10-09T11:45:19.0834799Z warning: OIBridge/DitaTorusLocus.lean:5363:6: Variable name `pt` is not explicitly referenced.
2026-10-09T11:45:19.0834802Z 
2026-10-09T11:45:19.0835199Z Hint: The binding can be removed (if unused) or named `_` (if used implicitly). Alternatively, prefix the name with `_` to silence this warning:
2026-10-09T11:45:19.0835281Z   [apply] _pt
2026-10-09T11:45:19.0835284Z 
2026-10-09T11:45:19.0835485Z Note: This linter can be disabled with `set_option linter.unusedVariables false`
2026-10-09T11:45:19.0835741Z warning: OIBridge/DitaTorusLocus.lean:5367:6: Variable name `S` is not explicitly referenced.
2026-10-09T11:45:19.0835745Z 
2026-10-09T11:45:19.0836138Z Hint: The binding can be removed (if unused) or named `_` (if used implicitly). Alternatively, prefix the name with `_` to silence this warning:
2026-10-09T11:45:19.0836217Z   [apply] _S
2026-10-09T11:45:19.0836220Z 
2026-10-09T11:45:19.0836485Z Note: This linter can be disabled with `set_option linter.unusedVariables false`
2026-10-09T11:45:19.0836754Z warning: OIBridge/DitaTorusLocus.lean:5368:6: Variable name `tor` is not explicitly referenced.
2026-10-09T11:45:19.0836757Z 
2026-10-09T11:45:19.0837147Z Hint: The binding can be removed (if unused) or named `_` (if used implicitly). Alternatively, prefix the name with `_` to silence this warning:
2026-10-09T11:45:19.0837230Z   [apply] _tor
2026-10-09T11:45:19.0837233Z 
2026-10-09T11:45:19.0837443Z Note: This linter can be disabled with `set_option linter.unusedVariables false`
2026-10-09T11:45:19.0837700Z warning: OIBridge/DitaTorusLocus.lean:5369:6: Variable name `adj` is not explicitly referenced.
2026-10-09T11:45:19.0837709Z 
2026-10-09T11:45:19.0838096Z Hint: The binding can be removed (if unused) or named `_` (if used implicitly). Alternatively, prefix the name with `_` to silence this warning:
2026-10-09T11:45:19.0838181Z   [apply] _adj
2026-10-09T11:45:19.0838184Z 
2026-10-09T11:45:19.0838385Z Note: This linter can be disabled with `set_option linter.unusedVariables false`
2026-10-09T11:45:19.0838726Z warning: OIBridge/DitaTorusLocus.lean:5370:6: Variable name `μ` is not explicitly referenced.
2026-10-09T11:45:19.0838729Z 
2026-10-09T11:45:19.0839169Z Hint: The binding can be removed (if unused) or named `_` (if used implicitly). Alternatively, prefix the name with `_` to silence this warning:
2026-10-09T11:45:19.0839267Z   [apply] _μ
2026-10-09T11:45:19.0839271Z 
2026-10-09T11:45:19.0839472Z Note: This linter can be disabled with `set_option linter.unusedVariables false`
2026-10-09T11:45:19.0839769Z warning: OIBridge/DitaTorusLocus.lean:5372:6: Variable name `N` is not explicitly referenced.
2026-10-09T11:45:19.0839772Z 
2026-10-09T11:45:19.0840167Z Hint: The binding can be removed (if unused) or named `_` (if used implicitly). Alternatively, prefix the name with `_` to silence this warning:
2026-10-09T11:45:19.0840437Z   [apply] _N
2026-10-09T11:45:19.0840444Z 
2026-10-09T11:45:19.0840707Z Note: This linter can be disabled with `set_option linter.unusedVariables false`
2026-10-09T11:45:19.0841047Z warning: OIBridge/DitaTorusLocus.lean:5377:6: Variable name `Δc` is not explicitly referenced.
2026-10-09T11:45:19.0841051Z 
2026-10-09T11:45:19.0841448Z Hint: The binding can be removed (if unused) or named `_` (if used implicitly). Alternatively, prefix the name with `_` to silence this warning:
2026-10-09T11:45:19.0841554Z   [apply] _Δc
2026-10-09T11:45:19.0841557Z 
2026-10-09T11:45:19.0841765Z Note: This linter can be disabled with `set_option linter.unusedVariables false`
2026-10-09T11:45:19.0842087Z warning: OIBridge/DitaTorusLocus.lean:5378:6: Variable name `Δr` is not explicitly referenced.
2026-10-09T11:45:19.0842090Z 
2026-10-09T11:45:19.0842483Z Hint: The binding can be removed (if unused) or named `_` (if used implicitly). Alternatively, prefix the name with `_` to silence this warning:
2026-10-09T11:45:19.0842674Z   [apply] _Δr
2026-10-09T11:45:19.0842678Z 
2026-10-09T11:45:19.0842882Z Note: This linter can be disabled with `set_option linter.unusedVariables false`
2026-10-09T11:45:19.0843146Z warning: OIBridge/DitaTorusLocus.lean:5381:6: Variable name `dgT` is not explicitly referenced.
2026-10-09T11:45:19.0843150Z 
2026-10-09T11:45:19.0843547Z Hint: The binding can be removed (if unused) or named `_` (if used implicitly). Alternatively, prefix the name with `_` to silence this warning:
2026-10-09T11:45:19.0843625Z   [apply] _dgT
2026-10-09T11:45:19.0843628Z 
2026-10-09T11:45:19.0843834Z Note: This linter can be disabled with `set_option linter.unusedVariables false`
2026-10-09T11:45:19.0844107Z warning: OIBridge/DitaTorusLocus.lean:5388:6: Variable name `dita82` is not explicitly referenced.
2026-10-09T11:45:19.0844111Z 
2026-10-09T11:45:19.0844500Z Hint: The binding can be removed (if unused) or named `_` (if used implicitly). Alternatively, prefix the name with `_` to silence this warning:
2026-10-09T11:45:19.0844586Z   [apply] _dita82
2026-10-09T11:45:19.0844590Z 
2026-10-09T11:45:19.0844857Z Note: This linter can be disabled with `set_option linter.unusedVariables false`
2026-10-09T11:45:19.0845113Z warning: OIBridge/DitaTorusLocus.lean:5395:6: Variable name `P` is not explicitly referenced.
2026-10-09T11:45:19.0845117Z 
2026-10-09T11:45:19.0845510Z Hint: The binding can be removed (if unused) or named `_` (if used implicitly). Alternatively, prefix the name with `_` to silence this warning:
2026-10-09T11:45:19.0845589Z   [apply] _P
2026-10-09T11:45:19.0845593Z 
2026-10-09T11:45:19.0845792Z Note: This linter can be disabled with `set_option linter.unusedVariables false`
2026-10-09T11:45:19.0846051Z warning: OIBridge/DitaTorusLocus.lean:5421:6: Variable name `Hu` is not explicitly referenced.
2026-10-09T11:45:19.0846055Z 
2026-10-09T11:45:19.0846446Z Hint: The binding can be removed (if unused) or named `_` (if used implicitly). Alternatively, prefix the name with `_` to silence this warning:
2026-10-09T11:45:19.0846522Z   [apply] _Hu
2026-10-09T11:45:19.0846532Z 
2026-10-09T11:45:19.0846733Z Note: This linter can be disabled with `set_option linter.unusedVariables false`
2026-10-09T11:45:19.0847171Z info: OIBridge/DitaTorusLocus.lean:5512:0: 'OIBridge.DitaTorusLocus.a40_c_exclusive' depends on axioms: [propext, Classical.choice, Quot.sound]
2026-10-09T11:45:20.7358639Z ℹ [3643/3655] Built OIBridge.FourCopyDefs (2.5s)
2026-10-09T11:45:20.7361020Z info: OIBridge/FourCopyDefs.lean:105:0: 'OIBridge.FourCopy.actTEquiv' depends on axioms: [propext, Classical.choice, Quot.sound]
2026-10-09T11:45:20.7363038Z info: OIBridge/FourCopyDefs.lean:106:0: 'OIBridge.FourCopy.cnotTw' depends on axioms: [propext, Classical.choice, Quot.sound]
2026-10-09T11:45:24.9449029Z ⚠ [3644/3655] Built OIBridge.FourCopyParity (4.2s)
2026-10-09T11:45:24.9450568Z warning: OIBridge/FourCopyParity.lean:79:47: Used `tac1 <;> tac2` where `(tac1; tac2)` would suffice
2026-10-09T11:45:24.9451418Z 
2026-10-09T11:45:24.9451960Z Note: This linter can be disabled with `set_option linter.unnecessarySeqFocus false`
2026-10-09T11:45:24.9453283Z warning: OIBridge/FourCopyParity.lean:102:29: Used `tac1 <;> tac2` where `(tac1; tac2)` would suffice
2026-10-09T11:45:24.9454112Z 
2026-10-09T11:45:24.9454611Z Note: This linter can be disabled with `set_option linter.unnecessarySeqFocus false`
2026-10-09T11:45:24.9456074Z info: OIBridge/FourCopyParity.lean:247:0: 'OIBridge.FourCopy.ipW_comm' depends on axioms: [propext, Classical.choice, Quot.sound]
2026-10-09T11:45:24.9457241Z info: OIBridge/FourCopyParity.lean:248:0: 'OIBridge.FourCopy.ipW_tens' depends on axioms: [propext, Classical.choice, Quot.sound]
2026-10-09T11:45:24.9458876Z info: OIBridge/FourCopyParity.lean:249:0: 'OIBridge.FourCopy.transposeW_transposeW' depends on axioms: [propext, Classical.choice, Quot.sound]
2026-10-09T11:45:24.9460743Z info: OIBridge/FourCopyParity.lean:250:0: 'OIBridge.FourCopy.ipW_dg_smul' depends on axioms: [propext, Classical.choice, Quot.sound]
2026-10-09T11:45:24.9462472Z info: OIBridge/FourCopyParity.lean:251:0: 'OIBridge.FourCopy.phiW_tabMul' depends on axioms: [propext, Classical.choice, Quot.sound]
2026-10-09T11:45:24.9463818Z info: OIBridge/FourCopyParity.lean:252:0: 'OIBridge.FourCopy.ipW_gateOf' depends on axioms: [propext, Classical.choice, Quot.sound]
2026-10-09T11:45:24.9465153Z info: OIBridge/FourCopyParity.lean:253:0: 'OIBridge.FourCopy.gateOf_sharp' depends on axioms: [propext, Classical.choice, Quot.sound]
2026-10-09T11:45:24.9466526Z info: OIBridge/FourCopyParity.lean:254:0: 'OIBridge.FourCopy.gate_sharp_mem_dualW' depends on axioms: [propext, Classical.choice, Quot.sound]
2026-10-09T11:45:24.9467889Z info: OIBridge/FourCopyParity.lean:255:0: 'OIBridge.FourCopy.dualW_of_inv' depends on axioms: [propext, Classical.choice, Quot.sound]
2026-10-09T11:45:24.9469182Z info: OIBridge/FourCopyParity.lean:256:0: 'OIBridge.FourCopy.incl_I' depends on axioms: [propext, Classical.choice, Quot.sound]
2026-10-09T11:45:24.9470774Z info: OIBridge/FourCopyParity.lean:257:0: 'OIBridge.FourCopy.incl_II' depends on axioms: [propext, Classical.choice, Quot.sound]
2026-10-09T11:45:24.9472085Z info: OIBridge/FourCopyParity.lean:258:0: 'OIBridge.FourCopy.incl_I_aligned' depends on axioms: [propext, Classical.choice, Quot.sound]
2026-10-09T11:45:24.9473421Z info: OIBridge/FourCopyParity.lean:259:0: 'OIBridge.FourCopy.incl_II_aligned' depends on axioms: [propext, Classical.choice, Quot.sound]
2026-10-09T11:45:24.9474825Z info: OIBridge/FourCopyParity.lean:260:0: 'OIBridge.FourCopy.cnotTw_prodState_xplus_z3' depends on axioms: [propext, Classical.choice, Quot.sound]
2026-10-09T11:45:24.9476278Z info: OIBridge/FourCopyParity.lean:261:0: 'OIBridge.FourCopy.gateOf_prodState_xplus_z3' depends on axioms: [propext, Classical.choice, Quot.sound]
2026-10-09T11:45:24.9477703Z info: OIBridge/FourCopyParity.lean:262:0: 'OIBridge.FourCopy.gateOf_prodState_neg' depends on axioms: [propext, Classical.choice, Quot.sound]
2026-10-09T11:45:24.9479089Z info: OIBridge/FourCopyParity.lean:263:0: 'OIBridge.FourCopy.kt4_parity_aligned' depends on axioms: [propext, Classical.choice, Quot.sound]
2026-10-09T11:45:27.9511961Z ℹ [3645/3655] Built OIBridge.FourCopyCore (2.0s)
2026-10-09T11:45:27.9542485Z info: OIBridge/FourCopyCore.lean:186:0: 'OIBridge.FourCopy.FourCopyCoherent.target01' depends on axioms: [propext, Classical.choice, Quot.sound]
2026-10-09T11:45:34.6711936Z ✖ [3646/3655] Building OIBridge.FourCopyBipolar (6.8s)
2026-10-09T11:45:34.6773174Z trace: .> LEAN_PATH=/home/runner/work/incompleteness/incompleteness/verification/lean-mathlib/.lake/packages/Cli/.lake/build/lib/lean:/home/runner/work/incompleteness/incompleteness/verification/lean-mathlib/.lake/packages/batteries/.lake/build/lib/lean:/home/runner/work/incompleteness/incompleteness/verification/lean-mathlib/.lake/packages/Qq/.lake/build/lib/lean:/home/runner/work/incompleteness/incompleteness/verification/lean-mathlib/.lake/packages/aesop/.lake/build/lib/lean:/home/runner/work/incompleteness/incompleteness/verification/lean-mathlib/.lake/packages/proofwidgets/.lake/build/lib/lean:/home/runner/work/incompleteness/incompleteness/verification/lean-mathlib/.lake/packages/importGraph/.lake/build/lib/lean:/home/runner/work/incompleteness/incompleteness/verification/lean-mathlib/.lake/packages/LeanSearchClient/.lake/build/lib/lean:/home/runner/work/incompleteness/incompleteness/verification/lean-mathlib/.lake/packages/plausible/.lake/build/lib/lean:/home/runner/work/incompleteness/incompleteness/verification/lean-mathlib/.lake/packages/mathlib/.lake/build/lib/lean:/home/runner/work/incompleteness/incompleteness/verification/lean-mathlib/.lake/build/lib/lean /home/runner/.elan/toolchains/leanprover--lean4---v4.33.0/bin/lean /home/runner/work/incompleteness/incompleteness/verification/lean-mathlib/OIBridge/FourCopyBipolar.lean -o /home/runner/work/incompleteness/incompleteness/verification/lean-mathlib/.lake/build/lib/lean/OIBridge/FourCopyBipolar.olean -i /home/runner/work/incompleteness/incompleteness/verification/lean-mathlib/.lake/build/lib/lean/OIBridge/FourCopyBipolar.ilean -c /home/runner/work/incompleteness/incompleteness/verification/lean-mathlib/.lake/build/ir/OIBridge/FourCopyBipolar.c --setup /home/runner/work/incompleteness/incompleteness/verification/lean-mathlib/.lake/build/ir/OIBridge/FourCopyBipolar.setup.json --json
2026-10-09T11:45:34.6787031Z warning: OIBridge/FourCopyBipolar.lean:34:22: `Set.mem_setOf_eq` has been deprecated: Use `Set.mem_ofPred_eq` instead
2026-10-09T11:45:34.6841650Z warning: OIBridge/FourCopyBipolar.lean:38:8: `continuous_finset_sum` has been deprecated: Use `continuous_finsetSum` instead
2026-10-09T11:45:34.6871404Z warning: OIBridge/FourCopyBipolar.lean:38:43: `continuous_finset_sum` has been deprecated: Use `continuous_finsetSum` instead
2026-10-09T11:45:34.6913967Z error: OIBridge/FourCopyBipolar.lean:39:4: Type mismatch
2026-10-09T11:45:34.6961353Z   Continuous.mul (Continuous.comp (continuous_apply ν) ?m.117) continuous_const
2026-10-09T11:45:34.7000988Z has type
2026-10-09T11:45:34.7031319Z   Continuous[?m.128, ?m.105 ν] ((fun p => p ν) ∘ ?m.112 * fun x => ?m.130)
2026-10-09T11:45:34.7032349Z but is expected to have type
2026-10-09T11:45:34.7032911Z   Continuous fun E => E μ ν * X μ ν
2026-10-09T11:45:34.7033488Z error: OIBridge/FourCopyBipolar.lean:42:38: Type mismatch
2026-10-09T11:45:34.7034073Z   mem_dualW.mp hE X hX
2026-10-09T11:45:34.7034451Z has type
2026-10-09T11:45:34.7034824Z   0 ≤ ipW E X
2026-10-09T11:45:34.7035178Z but is expected to have type
2026-10-09T11:45:34.7035649Z   0 ≤ ipW X E
2026-10-09T11:45:34.7036424Z warning: OIBridge/FourCopyBipolar.lean:93:6: `push_neg` has been deprecated. Prefer using `push Not` instead.
2026-10-09T11:45:34.7037660Z If you'd rather continue using `push_neg` in your project, you can implement it as follows:
2026-10-09T11:45:34.7038441Z ```
2026-10-09T11:45:34.7038784Z open Lean.Parser.Tactic in
2026-10-09T11:45:34.7039311Z macro "push_neg" cfg:optConfig loc:(location)? : tactic =>
2026-10-09T11:45:34.7039913Z   `(tactic| push $cfg:optConfig Not $[$loc]?)
2026-10-09T11:45:34.7040660Z ```
2026-10-09T11:45:34.7091425Z error: OIBridge/FourCopyBipolar.lean:104:8: Tactic `rewrite` failed: Did not find an occurrence of the pattern
2026-10-09T11:45:34.7120892Z   ipW (-?E) ?X
2026-10-09T11:45:34.7150859Z in the target expression
2026-10-09T11:45:34.7201059Z   0 ≤ ipW X (-E0)
2026-10-09T11:45:34.7230722Z 
2026-10-09T11:45:34.7260927Z case h₁
2026-10-09T11:45:34.7261422Z K : Set (W 3)
2026-10-09T11:45:34.7291152Z hK : IsConvexCone K
2026-10-09T11:45:34.7291954Z hne : K.Nonempty
2026-10-09T11:45:34.7320850Z X : W 3
2026-10-09T11:45:34.7321350Z hX : X ∈ dualW (dualW K)
2026-10-09T11:45:34.7321805Z hXK : X ∉ closure K
2026-10-09T11:45:34.7322475Z f : StrongDual ℝ (W 3)
2026-10-09T11:45:34.7322854Z u : ℝ
2026-10-09T11:45:34.7323241Z hfu : ∀ a ∈ closure K, f a < u
2026-10-09T11:45:34.7323632Z hux : u < f X
2026-10-09T11:45:34.7323945Z hu : 0 < u
2026-10-09T11:45:34.7324322Z hle : ∀ Y ∈ K, f Y ≤ 0
2026-10-09T11:45:34.7324677Z E0 : W 3
2026-10-09T11:45:34.7325091Z hE0 : E0 = fun μ ν => f (unitW μ ν)
2026-10-09T11:45:34.7325572Z hE : -E0 ∈ dualW K
2026-10-09T11:45:34.7325979Z hX0 : 0 ≤ ipW X (-E0)
2026-10-09T11:45:34.7326358Z ⊢ False
2026-10-09T11:45:34.7327313Z info: OIBridge/FourCopyBipolar.lean:208:0: 'OIBridge.FourCopy.isClosed_dualW' depends on axioms: [propext, sorryAx, Classical.choice, Quot.sound]
2026-10-09T11:45:34.7328958Z info: OIBridge/FourCopyBipolar.lean:209:0: 'OIBridge.FourCopy.table_decomp' depends on axioms: [propext, Classical.choice, Quot.sound]
2026-10-09T11:45:34.7330696Z info: OIBridge/FourCopyBipolar.lean:210:0: 'OIBridge.FourCopy.clm_eq_ipW' depends on axioms: [propext, Classical.choice, Quot.sound]
2026-10-09T11:45:34.7332367Z info: OIBridge/FourCopyBipolar.lean:211:0: 'OIBridge.FourCopy.dualW_dualW' depends on axioms: [propext, sorryAx, Classical.choice, Quot.sound]
2026-10-09T11:45:34.7351570Z info: OIBridge/FourCopyBipolar.lean:212:0: 'OIBridge.FourCopy.bidual_of_adm' depends on axioms: [propext, sorryAx, Classical.choice, Quot.sound]
2026-10-09T11:45:34.7353521Z info: OIBridge/FourCopyBipolar.lean:213:0: 'OIBridge.FourCopy.norm_le_sqrt_ipW' depends on axioms: [propext, Classical.choice, Quot.sound]
2026-10-09T11:45:34.7355104Z info: OIBridge/FourCopyBipolar.lean:214:0: 'OIBridge.FourCopy.ipW_self_le' depends on axioms: [propext, Classical.choice, Quot.sound]
2026-10-09T11:45:34.7356747Z info: OIBridge/FourCopyBipolar.lean:215:0: 'OIBridge.FourCopy.inv_mem_of_orth' depends on axioms: [propext, Classical.choice, Quot.sound]
2026-10-09T11:45:34.7357852Z error: Lean exited with code 1
2026-10-09T11:45:36.6712342Z ✖ [3647/3655] Building OIBridge.FourCopyEuler (8.7s)
2026-10-09T11:45:36.6753790Z trace: .> LEAN_PATH=/home/runner/work/incompleteness/incompleteness/verification/lean-mathlib/.lake/packages/Cli/.lake/build/lib/lean:/home/runner/work/incompleteness/incompleteness/verification/lean-mathlib/.lake/packages/batteries/.lake/build/lib/lean:/home/runner/work/incompleteness/incompleteness/verification/lean-mathlib/.lake/packages/Qq/.lake/build/lib/lean:/home/runner/work/incompleteness/incompleteness/verification/lean-mathlib/.lake/packages/aesop/.lake/build/lib/lean:/home/runner/work/incompleteness/incompleteness/verification/lean-mathlib/.lake/packages/proofwidgets/.lake/build/lib/lean:/home/runner/work/incompleteness/incompleteness/verification/lean-mathlib/.lake/packages/importGraph/.lake/build/lib/lean:/home/runner/work/incompleteness/incompleteness/verification/lean-mathlib/.lake/packages/LeanSearchClient/.lake/build/lib/lean:/home/runner/work/incompleteness/incompleteness/verification/lean-mathlib/.lake/packages/plausible/.lake/build/lib/lean:/home/runner/work/incompleteness/incompleteness/verification/lean-mathlib/.lake/packages/mathlib/.lake/build/lib/lean:/home/runner/work/incompleteness/incompleteness/verification/lean-mathlib/.lake/build/lib/lean /home/runner/.elan/toolchains/leanprover--lean4---v4.33.0/bin/lean /home/runner/work/incompleteness/incompleteness/verification/lean-mathlib/OIBridge/FourCopyEuler.lean -o /home/runner/work/incompleteness/incompleteness/verification/lean-mathlib/.lake/build/lib/lean/OIBridge/FourCopyEuler.olean -i /home/runner/work/incompleteness/incompleteness/verification/lean-mathlib/.lake/build/lib/lean/OIBridge/FourCopyEuler.ilean -c /home/runner/work/incompleteness/incompleteness/verification/lean-mathlib/.lake/build/ir/OIBridge/FourCopyEuler.c --setup /home/runner/work/incompleteness/incompleteness/verification/lean-mathlib/.lake/build/ir/OIBridge/FourCopyEuler.setup.json --json
2026-10-09T11:45:36.6781455Z warning: OIBridge/FourCopyEuler.lean:47:60: This simp argument is unused:
2026-10-09T11:45:36.6810955Z   Pi.single_apply
2026-10-09T11:45:36.6840699Z 
2026-10-09T11:45:36.6871045Z Hint: Omit it from the simp argument list.
2026-10-09T11:45:36.6871631Z   [apply] simp +decide [rotFun, Rz]
2026-10-09T11:45:36.6871973Z 
2026-10-09T11:45:36.6881304Z Note: This linter can be disabled with `set_option linter.unusedSimpArgs false`
2026-10-09T11:45:36.6882494Z warning: OIBridge/FourCopyEuler.lean:52:60: This simp argument is unused:
2026-10-09T11:45:36.6883303Z   Pi.single_apply
2026-10-09T11:45:36.6883645Z 
2026-10-09T11:45:36.6883928Z Hint: Omit it from the simp argument list.
2026-10-09T11:45:36.6884604Z   [apply] simp +decide [rotFun, Rx]
2026-10-09T11:45:36.6884981Z 
2026-10-09T11:45:36.6885437Z Note: This linter can be disabled with `set_option linter.unusedSimpArgs false`
2026-10-09T11:45:36.6886576Z warning: OIBridge/FourCopyEuler.lean:62:14: Used `tac1 <;> tac2` where `(tac1; tac2)` would suffice
2026-10-09T11:45:36.6887212Z 
2026-10-09T11:45:36.6887591Z Note: This linter can be disabled with `set_option linter.unnecessarySeqFocus false`
2026-10-09T11:45:36.6888566Z warning: OIBridge/FourCopyEuler.lean:72:14: Used `tac1 <;> tac2` where `(tac1; tac2)` would suffice
2026-10-09T11:45:36.6889147Z 
2026-10-09T11:45:36.6889510Z Note: This linter can be disabled with `set_option linter.unnecessarySeqFocus false`
2026-10-09T11:45:36.6890757Z error: OIBridge/FourCopyEuler.lean:94:13: Invalid projection: Projections cannot be used on functions, and
2026-10-09T11:45:36.6891824Z   Matrix.mem_orthogonalGroup_iff
2026-10-09T11:45:36.6892234Z has function type
2026-10-09T11:45:36.6893175Z   ∀ (n : Type ?u.39) [inst : DecidableEq n] [inst_1 : Fintype n] (R : Type ?u.38) [inst_2 : CommRing R]
2026-10-09T11:45:36.6894137Z     {A : Matrix n n R}, A ∈ Matrix.orthogonalGroup n R ↔ A * Aᵀ = 1
2026-10-09T11:45:36.6894812Z error: OIBridge/FourCopyEuler.lean:92:81: unsolved goals
2026-10-09T11:45:36.6895442Z S : Matrix (Fin 3) (Fin 3) ℝ
2026-10-09T11:45:36.6896037Z hS : S ∈ Matrix.specialOrthogonalGroup (Fin 3) ℝ
2026-10-09T11:45:36.6896540Z h02 : S 0 2 = 0
2026-10-09T11:45:36.6896881Z h12 : S 1 2 = 0
2026-10-09T11:45:36.6897220Z h22 : S 2 2 = 1
2026-10-09T11:45:36.6897671Z hO : S ∈ Matrix.orthogonalGroup (Fin 3) ℝ
2026-10-09T11:45:36.6898140Z hdet : S.det = 1
2026-10-09T11:45:36.6898521Z ⊢ ∃ φ, S = Rz φ
2026-10-09T11:45:36.6899270Z error: OIBridge/FourCopyEuler.lean:138:15: Invalid projection: Projections cannot be used on functions, and
2026-10-09T11:45:36.6900109Z   Matrix.mem_orthogonalGroup_iff'
2026-10-09T11:45:36.6901006Z has function type
2026-10-09T11:45:36.6901886Z   ∀ (n : Type ?u.112) [inst : DecidableEq n] [inst_1 : Fintype n] (R : Type ?u.111) [inst_2 : CommRing R]
2026-10-09T11:45:36.6902901Z     {A : Matrix n n R}, A ∈ Matrix.orthogonalGroup n R ↔ Aᵀ * A = 1
2026-10-09T11:45:36.6903608Z error: OIBridge/FourCopyEuler.lean:132:88: unsolved goals
2026-10-09T11:45:36.6904238Z R : (Fin 3 → ℝ) →ₗ[ℝ] Fin 3 → ℝ
2026-10-09T11:45:36.6904654Z hR : IsRot3 R
2026-10-09T11:45:36.6905047Z A : Matrix (Fin 3) (Fin 3) ℝ
2026-10-09T11:45:36.6905496Z hA : LinearMap.toMatrix' R = A
2026-10-09T11:45:36.6945481Z hAmem : A ∈ Matrix.specialOrthogonalGroup (Fin 3) ℝ
2026-10-09T11:45:36.6946197Z hAO : A ∈ Matrix.orthogonalGroup (Fin 3) ℝ
2026-10-09T11:45:36.6946967Z ⊢ ∃ ψ θ φ, R = ↑(rot3 ψ).linear ∘ₗ ↑(rotX θ).linear ∘ₗ ↑(rot3 φ).linear
2026-10-09T11:45:36.6948146Z info: OIBridge/FourCopyEuler.lean:183:0: 'OIBridge.FourCopy.toMatrix'_rot3' depends on axioms: [propext, Classical.choice, Quot.sound]
2026-10-09T11:45:36.6949835Z info: OIBridge/FourCopyEuler.lean:184:0: 'OIBridge.FourCopy.toMatrix'_rotX' depends on axioms: [propext, Classical.choice, Quot.sound]
2026-10-09T11:45:36.6951767Z info: OIBridge/FourCopyEuler.lean:185:0: 'OIBridge.FourCopy.Rz_mem' depends on axioms: [propext, Classical.choice, Quot.sound]
2026-10-09T11:45:36.6953576Z info: OIBridge/FourCopyEuler.lean:186:0: 'OIBridge.FourCopy.Rx_mem' depends on axioms: [propext, Classical.choice, Quot.sound]
2026-10-09T11:45:36.6955177Z info: OIBridge/FourCopyEuler.lean:187:0: 'OIBridge.FourCopy.exists_angle' depends on axioms: [propext, Classical.choice, Quot.sound]
2026-10-09T11:45:36.6956898Z info: OIBridge/FourCopyEuler.lean:188:0: 'OIBridge.FourCopy.stab_matrix' depends on axioms: [propext, sorryAx, Classical.choice, Quot.sound]
2026-10-09T11:45:36.6958576Z info: OIBridge/FourCopyEuler.lean:189:0: 'OIBridge.FourCopy.so3_euler' depends on axioms: [propext, sorryAx, Classical.choice, Quot.sound]
2026-10-09T11:45:36.6959745Z error: Lean exited with code 1
2026-10-09T11:45:37.9750760Z ✖ [3648/3655] Building OIBridge.FourCopyBridge (10s)
2026-10-09T11:45:37.9763704Z trace: .> LEAN_PATH=/home/runner/work/incompleteness/incompleteness/verification/lean-mathlib/.lake/packages/Cli/.lake/build/lib/lean:/home/runner/work/incompleteness/incompleteness/verification/lean-mathlib/.lake/packages/batteries/.lake/build/lib/lean:/home/runner/work/incompleteness/incompleteness/verification/lean-mathlib/.lake/packages/Qq/.lake/build/lib/lean:/home/runner/work/incompleteness/incompleteness/verification/lean-mathlib/.lake/packages/aesop/.lake/build/lib/lean:/home/runner/work/incompleteness/incompleteness/verification/lean-mathlib/.lake/packages/proofwidgets/.lake/build/lib/lean:/home/runner/work/incompleteness/incompleteness/verification/lean-mathlib/.lake/packages/importGraph/.lake/build/lib/lean:/home/runner/work/incompleteness/incompleteness/verification/lean-mathlib/.lake/packages/LeanSearchClient/.lake/build/lib/lean:/home/runner/work/incompleteness/incompleteness/verification/lean-mathlib/.lake/packages/plausible/.lake/build/lib/lean:/home/runner/work/incompleteness/incompleteness/verification/lean-mathlib/.lake/packages/mathlib/.lake/build/lib/lean:/home/runner/work/incompleteness/incompleteness/verification/lean-mathlib/.lake/build/lib/lean /home/runner/.elan/toolchains/leanprover--lean4---v4.33.0/bin/lean /home/runner/work/incompleteness/incompleteness/verification/lean-mathlib/OIBridge/FourCopyBridge.lean -o /home/runner/work/incompleteness/incompleteness/verification/lean-mathlib/.lake/build/lib/lean/OIBridge/FourCopyBridge.olean -i /home/runner/work/incompleteness/incompleteness/verification/lean-mathlib/.lake/build/lib/lean/OIBridge/FourCopyBridge.ilean -c /home/runner/work/incompleteness/incompleteness/verification/lean-mathlib/.lake/build/ir/OIBridge/FourCopyBridge.c --setup /home/runner/work/incompleteness/incompleteness/verification/lean-mathlib/.lake/build/ir/OIBridge/FourCopyBridge.setup.json --json
2026-10-09T11:45:37.9776873Z info: OIBridge/FourCopyBridge.lean:139:2: Try this:
2026-10-09T11:45:37.9777638Z   [apply] ring_nf
2026-10-09T11:45:37.9778024Z   
2026-10-09T11:45:37.9778607Z   The `ring` tactic failed to close the goal. Use `ring_nf` to obtain a normal form.
2026-10-09T11:45:37.9779319Z     
2026-10-09T11:45:37.9780755Z   Note that `ring` works primarily in *commutative* rings. If you have a noncommutative ring, abelian group or module, consider using `noncomm_ring`, `abel` or `module` instead.
2026-10-09T11:45:37.9782227Z error: OIBridge/FourCopyBridge.lean:134:79: unsolved goals
2026-10-09T11:45:37.9782864Z V : Type
2026-10-09T11:45:37.9783438Z inst✝¹ : NormedAddCommGroup V
2026-10-09T11:45:37.9784037Z inst✝ : NormedSpace ℝ V
2026-10-09T11:45:37.9784733Z D : ((Fin 16 → ℝ) →ᵃ[ℝ] ℝ) →ₗ[ℝ] ((Fin 16 → ℝ) →ᵃ[ℝ] ℝ) →ₗ[ℝ] V →ᵃ[ℝ] ℝ
2026-10-09T11:45:37.9785334Z E F : W 3
2026-10-09T11:45:37.9785761Z ω : V
2026-10-09T11:45:37.9786101Z a : Fin (3 + 1)
2026-10-09T11:45:37.9786526Z x✝³ : a ∈ Finset.univ
2026-10-09T11:45:37.9786955Z c : Fin (3 + 1)
2026-10-09T11:45:37.9787419Z x✝² : c ∈ Finset.univ
2026-10-09T11:45:37.9787860Z b : Fin (3 + 1)
2026-10-09T11:45:37.9788345Z x✝¹ : b ∈ Finset.univ
2026-10-09T11:45:37.9788736Z d : Fin (3 + 1)
2026-10-09T11:45:37.9789197Z x✝ : d ∈ Finset.univ
2026-10-09T11:45:37.9790115Z ⊢ E b d * F a c * ((D (tabCoord b d)) (tabCoord a c)) ω = E a c * F b d * ((D (tabCoord a c)) (tabCoord b d)) ω
2026-10-09T11:45:37.9791648Z warning: OIBridge/FourCopyBridge.lean:136:70: This simp argument is unused:
2026-10-09T11:45:37.9792422Z   Finset.mul_sum
2026-10-09T11:45:37.9792662Z 
2026-10-09T11:45:37.9792860Z Hint: Omit it from the simp argument list.
2026-10-09T11:45:37.9794027Z   [apply] simp only [tabEff, map_sum, LinearMap.map_smul, LinearMap.sum_apply, LinearMap.smul_apply, affine_sum_apply,
2026-10-09T11:45:37.9795068Z     AffineMap.coe_smul, Pi.smul_apply, smul_eq_mul]
2026-10-09T11:45:37.9795488Z 
2026-10-09T11:45:37.9795895Z Note: This linter can be disabled with `set_option linter.unusedSimpArgs false`
2026-10-09T11:45:37.9797177Z info: OIBridge/FourCopyBridge.lean:322:0: 'OIBridge.FourCopy.fourVal_eq_01' depends on axioms: [propext, Classical.choice, Quot.sound]
2026-10-09T11:45:37.9798804Z info: OIBridge/FourCopyBridge.lean:323:0: 'OIBridge.FourCopy.fourVal_eq_02' depends on axioms: [propext, Classical.choice, Quot.sound]
2026-10-09T11:45:37.9800809Z info: OIBridge/FourCopyBridge.lean:324:0: 'OIBridge.FourCopy.FourCopyCoherent.target02' depends on axioms: [propext, Classical.choice, Quot.sound]
2026-10-09T11:45:37.9802605Z info: OIBridge/FourCopyBridge.lean:325:0: 'OIBridge.FourCopy.abs_le_00_of_maxCone' depends on axioms: [propext, Classical.choice, Quot.sound]
2026-10-09T11:45:37.9804253Z info: OIBridge/FourCopyBridge.lean:326:0: 'OIBridge.FourCopy.eq_zero_of_maxCone_00' depends on axioms: [propext, Classical.choice, Quot.sound]
2026-10-09T11:45:37.9805958Z info: OIBridge/FourCopyBridge.lean:327:0: 'OIBridge.FourCopy.abs_le_one_of_maxCone' depends on axioms: [propext, Classical.choice, Quot.sound]
2026-10-09T11:45:37.9807826Z info: OIBridge/FourCopyBridge.lean:328:0: 'OIBridge.FourCopy.tabEff_flatW' depends on axioms: [propext, Classical.choice, Quot.sound]
2026-10-09T11:45:37.9809593Z info: OIBridge/FourCopyBridge.lean:329:0: 'OIBridge.FourCopy.bilin_tabEff' depends on axioms: [propext, sorryAx, Classical.choice, Quot.sound]
2026-10-09T11:45:37.9811683Z info: OIBridge/FourCopyBridge.lean:330:0: 'OIBridge.FourCopy.exists_effect_of_dualW' depends on axioms: [propext, Classical.choice, Quot.sound]
2026-10-09T11:45:37.9813418Z info: OIBridge/FourCopyBridge.lean:331:0: 'OIBridge.FourCopy.KT4.toCore' depends on axioms: [propext, Classical.choice, Quot.sound]
2026-10-09T11:45:37.9815170Z info: OIBridge/FourCopyBridge.lean:332:0: 'OIBridge.FourCopy.core_valI' depends on axioms: [propext, sorryAx, Classical.choice, Quot.sound]
2026-10-09T11:45:37.9816932Z info: OIBridge/FourCopyBridge.lean:333:0: 'OIBridge.FourCopy.core_valII' depends on axioms: [propext, sorryAx, Classical.choice, Quot.sound]
2026-10-09T11:45:37.9819038Z info: OIBridge/FourCopyBridge.lean:334:0: 'OIBridge.FourCopy.fourCopyCoherent_of_kt4Core' depends on axioms: [propext, sorryAx, Classical.choice, Quot.sound]
2026-10-09T11:45:37.9821348Z info: OIBridge/FourCopyBridge.lean:335:0: 'OIBridge.FourCopy.fourCopyCoherent_of_kt4' depends on axioms: [propext, sorryAx, Classical.choice, Quot.sound]
2026-10-09T11:45:37.9822630Z error: Lean exited with code 1
2026-10-09T11:45:38.0752914Z ✖ [3649/3655] Building OIBridge.FourCopyLocal (10s)
2026-10-09T11:45:38.0766428Z trace: .> LEAN_PATH=/home/runner/work/incompleteness/incompleteness/verification/lean-mathlib/.lake/packages/Cli/.lake/build/lib/lean:/home/runner/work/incompleteness/incompleteness/verification/lean-mathlib/.lake/packages/batteries/.lake/build/lib/lean:/home/runner/work/incompleteness/incompleteness/verification/lean-mathlib/.lake/packages/Qq/.lake/build/lib/lean:/home/runner/work/incompleteness/incompleteness/verification/lean-mathlib/.lake/packages/aesop/.lake/build/lib/lean:/home/runner/work/incompleteness/incompleteness/verification/lean-mathlib/.lake/packages/proofwidgets/.lake/build/lib/lean:/home/runner/work/incompleteness/incompleteness/verification/lean-mathlib/.lake/packages/importGraph/.lake/build/lib/lean:/home/runner/work/incompleteness/incompleteness/verification/lean-mathlib/.lake/packages/LeanSearchClient/.lake/build/lib/lean:/home/runner/work/incompleteness/incompleteness/verification/lean-mathlib/.lake/packages/plausible/.lake/build/lib/lean:/home/runner/work/incompleteness/incompleteness/verification/lean-mathlib/.lake/packages/mathlib/.lake/build/lib/lean:/home/runner/work/incompleteness/incompleteness/verification/lean-mathlib/.lake/build/lib/lean /home/runner/.elan/toolchains/leanprover--lean4---v4.33.0/bin/lean /home/runner/work/incompleteness/incompleteness/verification/lean-mathlib/OIBridge/FourCopyLocal.lean -o /home/runner/work/incompleteness/incompleteness/verification/lean-mathlib/.lake/build/lib/lean/OIBridge/FourCopyLocal.olean -i /home/runner/work/incompleteness/incompleteness/verification/lean-mathlib/.lake/build/lib/lean/OIBridge/FourCopyLocal.ilean -c /home/runner/work/incompleteness/incompleteness/verification/lean-mathlib/.lake/build/ir/OIBridge/FourCopyLocal.c --setup /home/runner/work/incompleteness/incompleteness/verification/lean-mathlib/.lake/build/ir/OIBridge/FourCopyLocal.setup.json --json
2026-10-09T11:45:38.0779671Z warning: OIBridge/FourCopyLocal.lean:84:41: Used `tac1 <;> tac2` where `(tac1; tac2)` would suffice
2026-10-09T11:45:38.0780663Z 
2026-10-09T11:45:38.0781113Z Note: This linter can be disabled with `set_option linter.unnecessarySeqFocus false`
2026-10-09T11:45:38.0782358Z error: OIBridge/FourCopyLocal.lean:131:8: Invalid projection: Projections cannot be used on functions, and
2026-10-09T11:45:38.0783339Z   Matrix.mem_orthogonalGroup_iff'
2026-10-09T11:45:38.0783840Z has function type
2026-10-09T11:45:38.0784794Z   ∀ (n : Type ?u.44) [inst : DecidableEq n] [inst_1 : Fintype n] (R : Type ?u.43) [inst_2 : CommRing R]
2026-10-09T11:45:38.0786130Z     {A : Matrix n n R}, A ∈ Matrix.orthogonalGroup n R ↔ Aᵀ * A = 1
2026-10-09T11:45:38.0787218Z error: OIBridge/FourCopyLocal.lean:136:8: Invalid projection: Projections cannot be used on functions, and
2026-10-09T11:45:38.0788175Z   Matrix.mem_orthogonalGroup_iff
2026-10-09T11:45:38.0788670Z has function type
2026-10-09T11:45:38.0789551Z   ∀ (n : Type ?u.44) [inst : DecidableEq n] [inst_1 : Fintype n] (R : Type ?u.43) [inst_2 : CommRing R]
2026-10-09T11:45:38.0790919Z     {A : Matrix n n R}, A ∈ Matrix.orthogonalGroup n R ↔ A * Aᵀ = 1
2026-10-09T11:45:38.0791983Z error: OIBridge/FourCopyLocal.lean:149:8: Invalid projection: Projections cannot be used on functions, and
2026-10-09T11:45:38.0792962Z   Matrix.mem_orthogonalGroup_iff'
2026-10-09T11:45:38.0793455Z has function type
2026-10-09T11:45:38.0794320Z   ∀ (n : Type ?u.21) [inst : DecidableEq n] [inst_1 : Fintype n] (R : Type ?u.20) [inst_2 : CommRing R]
2026-10-09T11:45:38.0795397Z     {A : Matrix n n R}, A ∈ Matrix.orthogonalGroup n R ↔ Aᵀ * A = 1
2026-10-09T11:45:38.0796766Z info: OIBridge/FourCopyLocal.lean:290:0: 'OIBridge.FourCopy.lin_adj' depends on axioms: [propext, Classical.choice, Quot.sound]
2026-10-09T11:45:38.0798420Z info: OIBridge/FourCopyLocal.lean:291:0: 'OIBridge.FourCopy.homMap_adj' depends on axioms: [propext, Classical.choice, Quot.sound]
2026-10-09T11:45:38.0800063Z info: OIBridge/FourCopyLocal.lean:292:0: 'OIBridge.FourCopy.ipW_actC' depends on axioms: [propext, Classical.choice, Quot.sound]
2026-10-09T11:45:38.0801979Z info: OIBridge/FourCopyLocal.lean:293:0: 'OIBridge.FourCopy.ipW_actT' depends on axioms: [propext, Classical.choice, Quot.sound]
2026-10-09T11:45:38.0803180Z info: OIBridge/FourCopyLocal.lean:294:0: 'OIBridge.FourCopy.actC_comp' depends on axioms: [propext, Classical.choice, Quot.sound]
2026-10-09T11:45:38.0804372Z info: OIBridge/FourCopyLocal.lean:295:0: 'OIBridge.FourCopy.actT_comp' depends on axioms: [propext, Classical.choice, Quot.sound]
2026-10-09T11:45:38.0805546Z info: OIBridge/FourCopyLocal.lean:296:0: 'OIBridge.FourCopy.actC_id' depends on axioms: [propext, Classical.choice, Quot.sound]
2026-10-09T11:45:38.0806706Z info: OIBridge/FourCopyLocal.lean:297:0: 'OIBridge.FourCopy.actT_id' depends on axioms: [propext, Classical.choice, Quot.sound]
2026-10-09T11:45:38.0807877Z info: OIBridge/FourCopyLocal.lean:298:0: 'OIBridge.FourCopy.actC_actT_comm' depends on axioms: [propext, Classical.choice, Quot.sound]
2026-10-09T11:45:38.0809221Z info: OIBridge/FourCopyLocal.lean:299:0: 'OIBridge.FourCopy.trn_trn' depends on axioms: [propext, Classical.choice, Quot.sound]
2026-10-09T11:45:38.0810587Z info: OIBridge/FourCopyLocal.lean:300:0: 'OIBridge.FourCopy.trn_comp_self' depends on axioms: [propext, sorryAx, Classical.choice, Quot.sound]
2026-10-09T11:45:38.0811937Z info: OIBridge/FourCopyLocal.lean:301:0: 'OIBridge.FourCopy.comp_trn_self' depends on axioms: [propext, sorryAx, Classical.choice, Quot.sound]
2026-10-09T11:45:38.0813193Z info: OIBridge/FourCopyLocal.lean:302:0: 'OIBridge.FourCopy.isOrth3_trn' depends on axioms: [propext, sorryAx, Classical.choice, Quot.sound]
2026-10-09T11:45:38.0814415Z info: OIBridge/FourCopyLocal.lean:303:0: 'OIBridge.FourCopy.isOrth3_comp' depends on axioms: [propext, Classical.choice, Quot.sound]
2026-10-09T11:45:38.0815399Z info: OIBridge/FourCopyLocal.lean:304:0: 'OIBridge.FourCopy.isOrth3_reflY' depends on axioms: [propext, Classical.choice, Quot.sound]
2026-10-09T11:45:38.0816347Z info: OIBridge/FourCopyLocal.lean:305:0: 'OIBridge.FourCopy.sumsq_orth' depends on axioms: [propext, sorryAx, Classical.choice, Quot.sound]
2026-10-09T11:45:38.0817303Z info: OIBridge/FourCopyLocal.lean:306:0: 'OIBridge.FourCopy.ipW_actC_orth' depends on axioms: [propext, sorryAx, Classical.choice, Quot.sound]
2026-10-09T11:45:38.0818264Z info: OIBridge/FourCopyLocal.lean:307:0: 'OIBridge.FourCopy.ipW_actT_orth' depends on axioms: [propext, sorryAx, Classical.choice, Quot.sound]
2026-10-09T11:45:38.0819240Z info: OIBridge/FourCopyLocal.lean:308:0: 'OIBridge.FourCopy.actC_reflY_cnot_actC_reflY' depends on axioms: [propext, Classical.choice, Quot.sound]
2026-10-09T11:45:38.0820472Z info: OIBridge/FourCopyLocal.lean:309:0: 'OIBridge.FourCopy.NClass.ipW_map' depends on axioms: [propext, sorryAx, Classical.choice, Quot.sound]
2026-10-09T11:45:38.0821484Z info: OIBridge/FourCopyLocal.lean:310:0: 'OIBridge.FourCopy.NClass.apply_prodState' depends on axioms: [propext, sorryAx, Classical.choice, Quot.sound]
2026-10-09T11:45:38.0822507Z info: OIBridge/FourCopyLocal.lean:311:0: 'OIBridge.FourCopy.NClass.bell_state' depends on axioms: [propext, sorryAx, Classical.choice, Quot.sound]
2026-10-09T11:45:38.0823502Z info: OIBridge/FourCopyLocal.lean:312:0: 'OIBridge.FourCopy.NClass.bell_effect' depends on axioms: [propext, sorryAx, Classical.choice, Quot.sound]
2026-10-09T11:45:38.0824451Z info: OIBridge/FourCopyLocal.lean:313:0: 'OIBridge.FourCopy.sharp_mem_dualW' depends on axioms: [propext, Classical.choice, Quot.sound]
2026-10-09T11:45:38.0825398Z info: OIBridge/FourCopyLocal.lean:314:0: 'OIBridge.FourCopy.bell_mem' depends on axioms: [propext, sorryAx, Classical.choice, Quot.sound]
2026-10-09T11:45:38.0826426Z info: OIBridge/FourCopyLocal.lean:315:0: 'OIBridge.FourCopy.bell_mem_dual' depends on axioms: [propext, sorryAx, Classical.choice, Quot.sound]
2026-10-09T11:45:38.0827056Z error: Lean exited with code 1
2026-10-09T11:45:39.3766028Z ⚠ [3651/3655] Built OIBridge.FourCopyIE1 (4.7s)
2026-10-09T11:45:39.3766703Z warning: OIBridge/FourCopyIE1.lean:38:8: declaration uses `sorry`
2026-10-09T11:45:39.3767391Z warning: OIBridge/FourCopyIE1.lean:47:8: declaration uses `sorry`
2026-10-09T11:45:39.3768049Z warning: OIBridge/FourCopyIE1.lean:58:8: declaration uses `sorry`
2026-10-09T11:45:39.3768703Z warning: OIBridge/FourCopyIE1.lean:63:8: declaration uses `sorry`
2026-10-09T11:45:39.3769347Z warning: OIBridge/FourCopyIE1.lean:68:8: declaration uses `sorry`
2026-10-09T11:45:39.3769981Z warning: OIBridge/FourCopyIE1.lean:79:8: declaration uses `sorry`
2026-10-09T11:45:39.3770868Z warning: OIBridge/FourCopyIE1.lean:87:8: declaration uses `sorry`
2026-10-09T11:45:39.3771537Z warning: OIBridge/FourCopyIE1.lean:96:8: declaration uses `sorry`
2026-10-09T11:45:39.3772192Z warning: OIBridge/FourCopyIE1.lean:105:8: declaration uses `sorry`
2026-10-09T11:45:39.3773064Z warning: OIBridge/FourCopyIE1.lean:116:8: declaration uses `sorry`
2026-10-09T11:45:39.3773708Z warning: OIBridge/FourCopyIE1.lean:122:8: declaration uses `sorry`
2026-10-09T11:45:39.3774342Z warning: OIBridge/FourCopyIE1.lean:128:8: declaration uses `sorry`
2026-10-09T11:45:39.3775263Z warning: OIBridge/FourCopyIE1.lean:134:8: declaration uses `sorry`
2026-10-09T11:45:39.3775920Z warning: OIBridge/FourCopyIE1.lean:162:8: declaration uses `sorry`
2026-10-09T11:45:39.3777030Z info: OIBridge/FourCopyIE1.lean:176:0: 'OIBridge.FourCopy.cross_rel' depends on axioms: [propext, sorryAx, Classical.choice, Quot.sound]
2026-10-09T11:45:39.3778399Z info: OIBridge/FourCopyIE1.lean:177:0: 'OIBridge.FourCopy.cross_rel_symm' depends on axioms: [propext, sorryAx, Classical.choice, Quot.sound]
2026-10-09T11:45:39.3779829Z info: OIBridge/FourCopyIE1.lean:178:0: 'OIBridge.FourCopy.cnot_prodState_rot' depends on axioms: [propext, sorryAx, Classical.choice, Quot.sound]
2026-10-09T11:45:39.3781464Z info: OIBridge/FourCopyIE1.lean:179:0: 'OIBridge.FourCopy.actC_rotWord_phiW' depends on axioms: [propext, sorryAx, Classical.choice, Quot.sound]
2026-10-09T11:45:39.3782839Z info: OIBridge/FourCopyIE1.lean:180:0: 'OIBridge.FourCopy.link_mem' depends on axioms: [propext, sorryAx, Classical.choice, Quot.sound]
2026-10-09T11:45:39.3784199Z info: OIBridge/FourCopyIE1.lean:181:0: 'OIBridge.FourCopy.inv_left_ctrl' depends on axioms: [propext, sorryAx, Classical.choice, Quot.sound]
2026-10-09T11:45:39.3785571Z info: OIBridge/FourCopyIE1.lean:182:0: 'OIBridge.FourCopy.inv_right_ctrl' depends on axioms: [propext, sorryAx, Classical.choice, Quot.sound]
2026-10-09T11:45:39.3786953Z info: OIBridge/FourCopyIE1.lean:183:0: 'OIBridge.FourCopy.inv_left_partner' depends on axioms: [propext, sorryAx, Classical.choice, Quot.sound]
2026-10-09T11:45:39.3788489Z info: OIBridge/FourCopyIE1.lean:184:0: 'OIBridge.FourCopy.inv_right_partner' depends on axioms: [propext, sorryAx, Classical.choice, Quot.sound]
2026-10-09T11:45:39.3789876Z info: OIBridge/FourCopyIE1.lean:185:0: 'OIBridge.FourCopy.rot_of_words' depends on axioms: [propext, sorryAx, Classical.choice, Quot.sound]
2026-10-09T11:45:39.3791405Z info: OIBridge/FourCopyIE1.lean:186:0: 'OIBridge.FourCopy.rot_of_words'' depends on axioms: [propext, sorryAx, Classical.choice, Quot.sound]
2026-10-09T11:45:39.3792771Z info: OIBridge/FourCopyIE1.lean:187:0: 'OIBridge.FourCopy.image_eq_of_rot' depends on axioms: [propext, sorryAx, Classical.choice, Quot.sound]
2026-10-09T11:45:39.3794141Z info: OIBridge/FourCopyIE1.lean:188:0: 'OIBridge.FourCopy.ie1_dualW' depends on axioms: [propext, sorryAx, Classical.choice, Quot.sound]
2026-10-09T11:45:39.3795528Z info: OIBridge/FourCopyIE1.lean:189:0: 'OIBridge.FourCopy.ie1_of_dualW' depends on axioms: [propext, sorryAx, Classical.choice, Quot.sound]
2026-10-09T11:45:39.3797029Z info: OIBridge/FourCopyIE1.lean:190:0: 'OIBridge.FourCopy.kt4_parity_of_witnesses' depends on axioms: [propext, Classical.choice, Quot.sound]
2026-10-09T11:45:39.3798458Z info: OIBridge/FourCopyIE1.lean:191:0: 'OIBridge.FourCopy.parity_witnesses' depends on axioms: [propext, sorryAx, Classical.choice, Quot.sound]
2026-10-09T11:45:39.4767582Z Some required targets logged failures:
2026-10-09T11:45:39.4768094Z - OIBridge.FourCopyBipolar
2026-10-09T11:45:39.4768514Z - OIBridge.FourCopyEuler
2026-10-09T11:45:39.4768902Z - OIBridge.FourCopyBridge
2026-10-09T11:45:39.4769315Z - OIBridge.FourCopyLocal
2026-10-09T11:45:39.4774630Z error: build failed
2026-10-09T11:45:39.5349366Z ##[error]Process completed with exit code 1.
2026-10-09T11:45:39.5511730Z Post job cleanup.
2026-10-09T11:45:39.7397841Z [command]/usr/bin/git version
2026-10-09T11:45:39.7455248Z git version 2.55.0
2026-10-09T11:45:39.7516355Z Temporarily overriding HOME='/home/runner/work/_temp/eed2b05f-29bd-4122-8217-aefb5a88b2b6' before making global git config changes
2026-10-09T11:45:39.7517836Z Adding repository directory to the temporary git global config as a safe directory
2026-10-09T11:45:39.7519073Z [command]/usr/bin/git config --global --add safe.directory /home/runner/work/incompleteness/incompleteness
2026-10-09T11:45:39.7577527Z [command]/usr/bin/git config --local --name-only --get-regexp core\.sshCommand
2026-10-09T11:45:39.7622271Z [command]/usr/bin/git submodule foreach --recursive sh -c "git config --local --name-only --get-regexp 'core\.sshCommand' && git config --local --unset-all 'core.sshCommand' || :"
2026-10-09T11:45:39.7985992Z [command]/usr/bin/git config --local --name-only --get-regexp http\.https\:\/\/github\.com\/\.extraheader
2026-10-09T11:45:39.8025890Z http.https://github.com/.extraheader
2026-10-09T11:45:39.8052005Z [command]/usr/bin/git config --local --unset-all http.https://github.com/.extraheader
2026-10-09T11:45:39.8103216Z [command]/usr/bin/git submodule foreach --recursive sh -c "git config --local --name-only --get-regexp 'http\.https\:\/\/github\.com\/\.extraheader' && git config --local --unset-all 'http.https://github.com/.extraheader' || :"
2026-10-09T11:45:39.8475550Z [command]/usr/bin/git config --local --name-only --get-regexp ^includeIf\.gitdir:
2026-10-09T11:45:39.8537984Z [command]/usr/bin/git submodule foreach --recursive git config --local --show-origin --name-only --get-regexp remote.origin.url
2026-10-09T11:45:39.9025561Z Cleaning up orphan processes
2026-10-09T11:45:39.9313865Z ##[warning]Node.js 20 is deprecated. The following actions target Node.js 20 but are being forced to run on Node.js 24: actions/cache@v4, actions/checkout@v4. For more information see: https://github.blog/changelog/2025-09-19-deprecation-of-node-20-on-github-actions-runners/