2026-09-26T13:13:50.5301834Z ℹ [3492/3600] Replayed OIBridge.QuarterTurn
2026-09-26T13:13:50.5302607Z info: OIBridge/QuarterTurn.lean:686:0: 'OIBridge.QuarterTurn.card_QT' depends on axioms: [propext, Classical.choice, Quot.sound]
2026-09-26T13:13:50.5303399Z info: OIBridge/QuarterTurn.lean:687:0: 'OIBridge.QuarterTurn.conjHom' depends on axioms: [propext, Classical.choice, Quot.sound]
2026-09-26T13:13:50.5304257Z info: OIBridge/QuarterTurn.lean:688:0: 'OIBridge.QuarterTurn.qtEquivLink_inv' depends on axioms: [propext, Classical.choice, Quot.sound]
2026-09-26T13:13:50.5305058Z info: OIBridge/QuarterTurn.lean:689:0: 'OIBridge.QuarterTurn.sym_linkAct' depends on axioms: [propext, Classical.choice, Quot.sound]
2026-09-26T13:13:50.5306007Z info: OIBridge/QuarterTurn.lean:690:0: 'OIBridge.QuarterTurn.linkAct_injective' depends on axioms: [propext, Classical.choice, Quot.sound]
2026-09-26T13:13:50.5306828Z info: OIBridge/QuarterTurn.lean:691:0: 'OIBridge.QuarterTurn.detLink_eq_det' depends on axioms: [propext, Classical.choice, Quot.sound]
2026-09-26T13:13:50.5307614Z info: OIBridge/QuarterTurn.lean:692:0: 'OIBridge.QuarterTurn.card_sym' depends on axioms: [propext, Classical.choice, Quot.sound]
2026-09-26T13:13:50.5308405Z info: OIBridge/QuarterTurn.lean:693:0: 'OIBridge.QuarterTurn.card_rot' depends on axioms: [propext, Classical.choice, Quot.sound]
2026-09-26T13:13:50.5309136Z info: OIBridge/QuarterTurn.lean:694:0: 'OIBridge.QuarterTurn.antiPerm_not_isRot' depends on axioms: [propext, Quot.sound]
2026-09-26T13:13:50.5309926Z info: OIBridge/QuarterTurn.lean:695:0: 'OIBridge.QuarterTurn.isRot_iff' depends on axioms: [propext, Classical.choice, Quot.sound]
2026-09-26T13:13:50.5310767Z info: OIBridge/QuarterTurn.lean:696:0: 'OIBridge.QuarterTurn.character_gate' depends on axioms: [propext, Classical.choice, Quot.sound]
2026-09-26T13:13:50.5311612Z info: OIBridge/QuarterTurn.lean:697:0: 'OIBridge.QuarterTurn.character_values' depends on axioms: [propext, Classical.choice, Quot.sound]
2026-09-26T13:13:50.5312492Z info: OIBridge/QuarterTurn.lean:698:0: 'OIBridge.QuarterTurn.character_rhoLinkQT' depends on axioms: [propext, Classical.choice, Quot.sound]
2026-09-26T13:13:50.5313496Z info: OIBridge/QuarterTurn.lean:699:0: 'OIBridge.QuarterTurn.character_rhoT_eq' depends on axioms: [propext, Classical.choice, Quot.sound]
2026-09-26T13:13:50.5314345Z info: OIBridge/QuarterTurn.lean:700:0: 'OIBridge.QuarterTurn.character_rhoE_eq' depends on axioms: [propext, Classical.choice, Quot.sound]
2026-09-26T13:13:50.5315200Z info: OIBridge/QuarterTurn.lean:701:0: 'OIBridge.QuarterTurn.character_rhoA_eq' depends on axioms: [propext, Classical.choice, Quot.sound]
2026-09-26T13:13:50.5316141Z info: OIBridge/QuarterTurn.lean:702:0: 'OIBridge.QuarterTurn.irr_orthonormal' depends on axioms: [propext, Classical.choice, Quot.sound]
2026-09-26T13:13:50.5316925Z info: OIBridge/QuarterTurn.lean:703:0: 'OIBridge.QuarterTurn.mult_link' depends on axioms: [propext, Classical.choice, Quot.sound]
2026-09-26T13:13:50.5317769Z info: OIBridge/QuarterTurn.lean:704:0: 'OIBridge.QuarterTurn.finrank_end_rhoT' depends on axioms: [propext, Classical.choice, Quot.sound]
2026-09-26T13:13:50.5318611Z info: OIBridge/QuarterTurn.lean:705:0: 'OIBridge.QuarterTurn.finrank_end_rhoE' depends on axioms: [propext, Classical.choice, Quot.sound]
2026-09-26T13:13:50.5319557Z info: OIBridge/QuarterTurn.lean:706:0: 'OIBridge.QuarterTurn.irreducible_rhoT' depends on axioms: [propext, Classical.choice, Quot.sound]
2026-09-26T13:13:50.5320418Z info: OIBridge/QuarterTurn.lean:707:0: 'OIBridge.QuarterTurn.irreducible_rhoE' depends on axioms: [propext, Classical.choice, Quot.sound]
2026-09-26T13:13:50.5321275Z info: OIBridge/QuarterTurn.lean:708:0: 'OIBridge.QuarterTurn.irreducible_rhoA' depends on axioms: [propext, Classical.choice, Quot.sound]
2026-09-26T13:13:50.5322185Z info: OIBridge/QuarterTurn.lean:709:0: 'OIBridge.QuarterTurn.decompEquiv_equivariant' depends on axioms: [propext, Classical.choice, Quot.sound]
2026-09-26T13:13:50.5322958Z info: OIBridge/QuarterTurn.lean:710:0: 'OIBridge.QuarterTurn.chiT_c4' depends on axioms: [propext, Classical.choice, Quot.sound]
2026-09-26T13:13:50.5323803Z info: OIBridge/QuarterTurn.lean:711:0: 'OIBridge.QuarterTurn.finrank_end_rhoA' depends on axioms: [propext, Classical.choice, Quot.sound]
2026-09-26T13:13:50.5324636Z info: OIBridge/QuarterTurn.lean:712:0: 'OIBridge.QuarterTurn.theorem_7_link' depends on axioms: [propext, Classical.choice, Quot.sound]
2026-09-26T13:13:50.5324957Z ℹ [3493/3600] Replayed OIBridge.TasteBranching
2026-09-26T13:13:50.5325926Z info: OIBridge/TasteBranching.lean:244:0: 'OIBridge.TasteBranching.axisAct_mul' depends on axioms: [propext, Classical.choice, Quot.sound]
2026-09-26T13:13:50.5326829Z info: OIBridge/TasteBranching.lean:245:0: 'OIBridge.TasteBranching.cornerAct_mate' depends on axioms: [propext, Classical.choice, Quot.sound]
2026-09-26T13:13:50.5327704Z info: OIBridge/TasteBranching.lean:246:0: 'OIBridge.TasteBranching.singlet_fixed' depends on axioms: [propext, Classical.choice, Quot.sound]
2026-09-26T13:13:50.5328654Z info: OIBridge/TasteBranching.lean:247:0: 'OIBridge.TasteBranching.cornerAct_axisCorner' depends on axioms: [propext, Classical.choice, Quot.sound]
2026-09-26T13:13:50.5329575Z info: OIBridge/TasteBranching.lean:248:0: 'OIBridge.TasteBranching.axis_transitive' depends on axioms: [propext, Classical.choice, Quot.sound]
2026-09-26T13:13:50.5330491Z info: OIBridge/TasteBranching.lean:249:0: 'OIBridge.TasteBranching.corners_exhausted' depends on axioms: [propext, Classical.choice, Quot.sound]
2026-09-26T13:13:50.5331441Z info: OIBridge/TasteBranching.lean:250:0: 'OIBridge.TasteBranching.axisRep_fixes_allOnes' depends on axioms: [propext, Classical.choice, Quot.sound]
2026-09-26T13:13:50.5332359Z info: OIBridge/TasteBranching.lean:251:0: 'OIBridge.TasteBranching.axis_rep_reducible' depends on axioms: [propext, Classical.choice, Quot.sound]
2026-09-26T13:13:50.5333206Z info: OIBridge/TasteBranching.lean:252:0: 'OIBridge.TasteBranching.theorem_8' depends on axioms: [propext, Classical.choice, Quot.sound]
2026-09-26T13:13:50.5333588Z ℹ [3494/3600] Replayed OIBridge.TurnpikeScopeTransfer
2026-09-26T13:13:50.5334547Z info: OIBridge/TurnpikeScopeTransfer.lean:847:0: 'OIBridge.ScopeTransfer.rational_point' depends on axioms: [propext, Classical.choice, Quot.sound]
2026-09-26T13:13:50.5335759Z info: OIBridge/TurnpikeScopeTransfer.lean:848:0: 'OIBridge.ScopeTransfer.rational_solutions' depends on axioms: [propext, Classical.choice, Quot.sound]
2026-09-26T13:13:50.5336569Z info: OIBridge/TurnpikeScopeTransfer.lean:849:0: 'OIBridge.ScopeTransfer.exists_int_scaling' depends on axioms: [propext, Classical.choice, Quot.sound]
2026-09-26T13:13:50.5337373Z info: OIBridge/TurnpikeScopeTransfer.lean:850:0: 'OIBridge.ScopeTransfer.integer_realization_of_real_realization' depends on axioms: [propext,
2026-09-26T13:13:50.5337531Z  Classical.choice,
2026-09-26T13:13:50.5337673Z  Quot.sound]
2026-09-26T13:13:50.5338703Z info: OIBridge/TurnpikeScopeTransfer.lean:851:0: 'OIBridge.ScopeTransfer.spectral_classification_of_BG' depends on axioms: [propext, Classical.choice, Quot.sound]
2026-09-26T13:13:50.5339666Z info: OIBridge/TurnpikeScopeTransfer.lean:852:0: 'OIBridge.ScopeTransfer.gaps_eq_of_equal_probabilities' depends on axioms: [propext, Classical.choice, Quot.sound]
2026-09-26T13:13:50.5340705Z info: OIBridge/TurnpikeScopeTransfer.lean:853:0: 'OIBridge.ScopeTransfer.twoBranch_of_BGClassification' depends on axioms: [propext, Classical.choice, Quot.sound]
2026-09-26T13:13:50.5341033Z ℹ [3495/3600] Replayed OIBridge.TwoByTwoNoGo
2026-09-26T13:13:50.5341808Z info: OIBridge/TwoByTwoNoGo.lean:800:0: 'OIBridge.TwoByTwoNoGo.twoByTwo_affine_rigidity' depends on axioms: [propext, Classical.choice, Quot.sound]
2026-09-26T13:13:50.5342667Z info: OIBridge/TwoByTwoNoGo.lean:801:0: 'OIBridge.TwoByTwoNoGo.twoByTwo_nonCP' depends on axioms: [propext, Classical.choice, Quot.sound]
2026-09-26T13:13:50.5343572Z info: OIBridge/TwoByTwoNoGo.lean:802:0: 'OIBridge.TwoByTwoNoGo.twoByTwo_no_local_lift' depends on axioms: [propext, Classical.choice, Quot.sound]
2026-09-26T13:13:50.5344009Z ℹ [3496/3600] Replayed OIBridge.JordanClassification
2026-09-26T13:13:50.5344862Z info: OIBridge/JordanClassification.lean:1134:0: 'OIBridge.JordanClassification.psd_iff_trace_nonneg' depends on axioms: [propext, Classical.choice, Quot.sound]
2026-09-26T13:13:50.5345904Z info: OIBridge/JordanClassification.lean:1135:0: 'OIBridge.JordanClassification.jordan_complexify' depends on axioms: [propext, Classical.choice, Quot.sound]
2026-09-26T13:13:50.5346681Z info: OIBridge/JordanClassification.lean:1136:0: 'OIBridge.JordanClassification.orthogonal_resolution_rank_one' depends on axioms: [propext,
2026-09-26T13:13:50.5346853Z  Classical.choice,
2026-09-26T13:13:50.5347027Z  Quot.sound]
2026-09-26T13:13:50.5347873Z info: OIBridge/JordanClassification.lean:1137:0: 'OIBridge.JordanClassification.corner_form' depends on axioms: [propext, Classical.choice, Quot.sound]
2026-09-26T13:13:50.5348764Z info: OIBridge/JordanClassification.lean:1138:0: 'OIBridge.JordanClassification.corner_nilpotent' depends on axioms: [propext, Classical.choice, Quot.sound]
2026-09-26T13:13:50.5349652Z info: OIBridge/JordanClassification.lean:1139:0: 'OIBridge.JordanClassification.corner_unimodular' depends on axioms: [propext, Classical.choice, Quot.sound]
2026-09-26T13:13:50.5350438Z info: OIBridge/JordanClassification.lean:1140:0: 'OIBridge.JordanClassification.corner_cocycle' depends on axioms: [propext, Classical.choice, Quot.sound]
2026-09-26T13:13:50.5351429Z info: OIBridge/JordanClassification.lean:1141:0: 'OIBridge.JordanClassification.orientation_dichotomy' depends on axioms: [propext, Classical.choice, Quot.sound]
2026-09-26T13:13:50.5352390Z info: OIBridge/JordanClassification.lean:1142:0: 'OIBridge.JordanClassification.matrixJordan_unitary_or_transpose' depends on axioms: [propext,
2026-09-26T13:13:50.5352556Z  Classical.choice,
2026-09-26T13:13:50.5352718Z  Quot.sound]
2026-09-26T13:13:50.5353674Z info: OIBridge/JordanClassification.lean:1143:0: 'OIBridge.JordanClassification.sameData_orderIso' depends on axioms: [propext, Classical.choice, Quot.sound]
2026-09-26T13:13:50.5354685Z info: OIBridge/JordanClassification.lean:1144:0: 'OIBridge.JordanClassification.sameData_unitary_or_transpose' depends on axioms: [propext, Classical.choice, Quot.sound]
2026-09-26T13:13:50.5355235Z ℹ [3497/3600] Replayed OIBridge.OrientationSelection
2026-09-26T13:13:50.5356271Z info: OIBridge/OrientationSelection.lean:403:0: 'OIBridge.OrientationSelection.transpose_data_eq' depends on axioms: [propext, Classical.choice, Quot.sound]
2026-09-26T13:13:50.5357119Z info: OIBridge/OrientationSelection.lean:404:0: 'OIBridge.OrientationSelection.selector_factorization_invariant' does not depend on any axioms
2026-09-26T13:13:50.5358227Z info: OIBridge/OrientationSelection.lean:405:0: 'OIBridge.OrientationSelection.operational_orientation_noGo' depends on axioms: [propext, Classical.choice, Quot.sound]
2026-09-26T13:13:50.5359175Z info: OIBridge/OrientationSelection.lean:406:0: 'OIBridge.OrientationSelection.transpose_span' depends on axioms: [propext, Classical.choice, Quot.sound]
2026-09-26T13:13:50.5360086Z info: OIBridge/OrientationSelection.lean:407:0: 'OIBridge.OrientationSelection.transpose_sep' depends on axioms: [propext, Classical.choice, Quot.sound]
2026-09-26T13:13:50.5361152Z info: OIBridge/OrientationSelection.lean:408:0: 'OIBridge.OrientationSelection.transpose_cone' depends on axioms: [propext, Classical.choice, Quot.sound]
2026-09-26T13:13:50.5362029Z info: OIBridge/OrientationSelection.lean:409:0: 'OIBridge.OrientationSelection.transpose_completion_admissible' depends on axioms: [propext,
2026-09-26T13:13:50.5362195Z  Classical.choice,
2026-09-26T13:13:50.5362334Z  Quot.sound]
2026-09-26T13:13:50.5363199Z info: OIBridge/OrientationSelection.lean:410:0: 'OIBridge.OrientationSelection.transpose_realizes_second_branch' depends on axioms: [propext,
2026-09-26T13:13:50.5363370Z  Classical.choice,
2026-09-26T13:13:50.5363523Z  Quot.sound]
2026-09-26T13:13:50.5364533Z info: OIBridge/OrientationSelection.lean:411:0: 'OIBridge.OrientationSelection.transpose_not_inner' depends on axioms: [propext, Classical.choice, Quot.sound]
2026-09-26T13:13:50.5365443Z info: OIBridge/OrientationSelection.lean:412:0: 'OIBridge.OrientationSelection.orientedReference_excludes_transpose' depends on axioms: [propext,
2026-09-26T13:13:50.5365724Z  Classical.choice,
2026-09-26T13:13:50.5365884Z  Quot.sound]
2026-09-26T13:13:50.5366778Z info: OIBridge/OrientationSelection.lean:413:0: 'OIBridge.OrientationSelection.oriented_functional_not_data_definable' depends on axioms: [propext,
2026-09-26T13:13:50.5366951Z  Classical.choice,
2026-09-26T13:13:50.5367115Z  Quot.sound]
2026-09-26T13:13:50.5368003Z info: OIBridge/OrientationSelection.lean:414:0: 'OIBridge.OrientationSelection.sameData_unitary_of_orientedReference' depends on axioms: [propext,
2026-09-26T13:13:50.5368157Z  Classical.choice,
2026-09-26T13:13:50.5368303Z  Quot.sound]
2026-09-26T13:13:50.5369272Z info: OIBridge/OrientationSelection.lean:415:0: 'OIBridge.OrientationSelection.shellRepresentation_stationary_profile' depends on axioms: [propext,
2026-09-26T13:13:50.5369447Z  Classical.choice,
2026-09-26T13:13:50.5369607Z  Quot.sound]
2026-09-26T13:13:50.5370427Z info: OIBridge/OrientationSelection.lean:416:0: 'OIBridge.OrientationSelection.sameData_unitary_of_transitionIdentification' depends on axioms: [propext,
2026-09-26T13:13:50.5370564Z  Classical.choice,
2026-09-26T13:13:50.5370692Z  Quot.sound]
2026-09-26T13:13:50.5371434Z info: OIBridge/OrientationSelection.lean:417:0: 'OIBridge.OrientationSelection.sameData_unitary_of_shellRepresentation' depends on axioms: [propext,
2026-09-26T13:13:50.5371583Z  Classical.choice,
2026-09-26T13:13:50.5371724Z  Quot.sound]
2026-09-26T13:13:50.5372055Z ℹ [3498/3600] Replayed OIBridge.OrientationClosure
2026-09-26T13:13:50.5372809Z info: OIBridge/OrientationClosure.lean:290:0: 'OIBridge.OrientationClosure.conjM_conjM' depends on axioms: [propext, Classical.choice, Quot.sound]
2026-09-26T13:13:50.5373727Z info: OIBridge/OrientationClosure.lean:291:0: 'OIBridge.OrientationClosure.conjM_sandwich_transpose' depends on axioms: [propext, Classical.choice, Quot.sound]
2026-09-26T13:13:50.5374623Z info: OIBridge/OrientationClosure.lean:292:0: 'OIBridge.OrientationClosure.umat_reflect_conjM' depends on axioms: [propext, Classical.choice, Quot.sound]
2026-09-26T13:13:50.5375836Z info: OIBridge/OrientationClosure.lean:293:0: 'OIBridge.OrientationClosure.shellRepresentation_transpose_stable' depends on axioms: [propext,
2026-09-26T13:13:50.5376011Z  Classical.choice,
2026-09-26T13:13:50.5376157Z  Quot.sound]
2026-09-26T13:13:50.5377170Z info: OIBridge/OrientationClosure.lean:294:0: 'OIBridge.OrientationClosure.transitionIdentification_orientation_sensitive' depends on axioms: [propext,
2026-09-26T13:13:50.5377318Z  Classical.choice,
2026-09-26T13:13:50.5377472Z  Quot.sound]
2026-09-26T13:13:50.5378470Z info: OIBridge/OrientationClosure.lean:295:0: 'OIBridge.OrientationClosure.stationary_readout' depends on axioms: [propext, Classical.choice, Quot.sound]
2026-09-26T13:13:50.5379468Z info: OIBridge/OrientationClosure.lean:296:0: 'OIBridge.OrientationClosure.orientedShellRepresentation_orientation_sensitive' depends on axioms: [propext,
2026-09-26T13:13:50.5379628Z  Classical.choice,
2026-09-26T13:13:50.5379771Z  Quot.sound]
2026-09-26T13:13:50.5380684Z info: OIBridge/OrientationClosure.lean:297:0: 'OIBridge.OrientationClosure.no_universal_oriented_property' does not depend on any axioms
2026-09-26T13:13:50.5381702Z info: OIBridge/OrientationClosure.lean:298:0: 'OIBridge.OrientationClosure.no_symmetric_condition_forces_transitionIdentification' depends on axioms: [propext,
2026-09-26T13:13:50.5381872Z  Classical.choice,
2026-09-26T13:13:50.5382024Z  Quot.sound]
2026-09-26T13:13:50.5382987Z info: OIBridge/OrientationClosure.lean:299:0: 'OIBridge.OrientationClosure.no_symmetric_condition_forces_orientedShell' depends on axioms: [propext,
2026-09-26T13:13:50.5383150Z  Classical.choice,
2026-09-26T13:13:50.5383303Z  Quot.sound]
2026-09-26T13:13:50.5383693Z ℹ [3499/3600] Replayed OIBridge.InstrumentCompletion
2026-09-26T13:13:50.5384693Z info: OIBridge/InstrumentCompletion.lean:604:0: 'OIBridge.InstrumentCompletion.qBranch_add' depends on axioms: [propext, Classical.choice, Quot.sound]
2026-09-26T13:13:50.5385811Z info: OIBridge/InstrumentCompletion.lean:605:0: 'OIBridge.InstrumentCompletion.qBranch_smul' depends on axioms: [propext, Classical.choice, Quot.sound]
2026-09-26T13:13:50.5386812Z info: OIBridge/InstrumentCompletion.lean:606:0: 'OIBridge.InstrumentCompletion.qBranch_zero' depends on axioms: [propext, Classical.choice, Quot.sound]
2026-09-26T13:13:50.5387869Z info: OIBridge/InstrumentCompletion.lean:607:0: 'OIBridge.InstrumentCompletion.qBranch_star_mul_self' depends on axioms: [propext, Classical.choice, Quot.sound]
2026-09-26T13:13:50.5388846Z info: OIBridge/InstrumentCompletion.lean:608:0: 'OIBridge.InstrumentCompletion.sum_qBranch' depends on axioms: [propext, Classical.choice, Quot.sound]
2026-09-26T13:13:50.5389862Z info: OIBridge/InstrumentCompletion.lean:609:0: 'OIBridge.InstrumentCompletion.qBranch_sum_one' depends on axioms: [propext, Classical.choice, Quot.sound]
2026-09-26T13:13:50.5390844Z info: OIBridge/InstrumentCompletion.lean:610:0: 'OIBridge.InstrumentCompletion.qTotal_one' depends on axioms: [propext, Classical.choice, Quot.sound]
2026-09-26T13:13:50.5391910Z info: OIBridge/InstrumentCompletion.lean:611:0: 'OIBridge.InstrumentCompletion.qInstrument_of_kraus' depends on axioms: [propext, Classical.choice, Quot.sound]
2026-09-26T13:13:50.5392984Z info: OIBridge/InstrumentCompletion.lean:612:0: 'OIBridge.InstrumentCompletion.kraus_of_finiteSupport' depends on axioms: [propext, Classical.choice, Quot.sound]
2026-09-26T13:13:50.5394080Z info: OIBridge/InstrumentCompletion.lean:613:0: 'OIBridge.InstrumentCompletion.finiteSupport_iff_kraus' depends on axioms: [propext, Classical.choice, Quot.sound]
2026-09-26T13:13:50.5395140Z info: OIBridge/InstrumentCompletion.lean:614:0: 'OIBridge.InstrumentCompletion.qBranch_stage_inclObs' depends on axioms: [propext, Classical.choice, Quot.sound]
2026-09-26T13:13:50.5396091Z info: OIBridge/InstrumentCompletion.lean:615:0: 'OIBridge.InstrumentCompletion.qTotal_stage_of_disjoint' depends on axioms: [propext, Classical.choice, Quot.sound]
2026-09-26T13:13:50.5397212Z info: OIBridge/InstrumentCompletion.lean:616:0: 'OIBridge.InstrumentCompletion.star_wt_mul' depends on axioms: [propext, Classical.choice, Quot.sound]
2026-09-26T13:13:50.5398212Z info: OIBridge/InstrumentCompletion.lean:617:0: 'OIBridge.InstrumentCompletion.wtConj_apply' depends on axioms: [propext, Classical.choice, Quot.sound]
2026-09-26T13:13:50.5399265Z info: OIBridge/InstrumentCompletion.lean:618:0: 'OIBridge.InstrumentCompletion.wtU_mul_conjTranspose' depends on axioms: [propext, Classical.choice, Quot.sound]
2026-09-26T13:13:50.5400327Z info: OIBridge/InstrumentCompletion.lean:619:0: 'OIBridge.InstrumentCompletion.conjTranspose_mul_wtU' depends on axioms: [propext, Classical.choice, Quot.sound]
2026-09-26T13:13:50.5401302Z info: OIBridge/InstrumentCompletion.lean:620:0: 'OIBridge.InstrumentCompletion.wtConj_mul' depends on axioms: [propext, Classical.choice, Quot.sound]
2026-09-26T13:13:50.5402207Z info: OIBridge/InstrumentCompletion.lean:621:0: 'OIBridge.InstrumentCompletion.wtConj_one' depends on axioms: [propext, Classical.choice, Quot.sound]
2026-09-26T13:13:50.5403200Z info: OIBridge/InstrumentCompletion.lean:622:0: 'OIBridge.InstrumentCompletion.wtConj_add' depends on axioms: [propext, Classical.choice, Quot.sound]
2026-09-26T13:13:50.5404111Z info: OIBridge/InstrumentCompletion.lean:623:0: 'OIBridge.InstrumentCompletion.wtConj_smul' depends on axioms: [propext, Classical.choice, Quot.sound]
2026-09-26T13:13:50.5405035Z info: OIBridge/InstrumentCompletion.lean:624:0: 'OIBridge.InstrumentCompletion.wtConj_conjTranspose' depends on axioms: [propext, Classical.choice, Quot.sound]
2026-09-26T13:13:50.5406127Z info: OIBridge/InstrumentCompletion.lean:625:0: 'OIBridge.InstrumentCompletion.wtConj_injective' depends on axioms: [propext, Classical.choice, Quot.sound]
2026-09-26T13:13:50.5406821Z info: OIBridge/InstrumentCompletion.lean:626:0: 'OIBridge.InstrumentCompletion.inclObs_wtConj' depends on axioms: [propext, Classical.choice, Quot.sound]
2026-09-26T13:13:50.5407567Z info: OIBridge/InstrumentCompletion.lean:627:0: 'OIBridge.InstrumentCompletion.norm_wtConj' depends on axioms: [propext, Classical.choice, Quot.sound]
2026-09-26T13:13:50.5408324Z info: OIBridge/InstrumentCompletion.lean:628:0: 'OIBridge.InstrumentCompletion.wtLoc_ofM' depends on axioms: [propext, Classical.choice, Quot.sound]
2026-09-26T13:13:50.5409075Z info: OIBridge/InstrumentCompletion.lean:629:0: 'OIBridge.InstrumentCompletion.wtLoc_mul' depends on axioms: [propext, Classical.choice, Quot.sound]
2026-09-26T13:13:50.5409814Z info: OIBridge/InstrumentCompletion.lean:630:0: 'OIBridge.InstrumentCompletion.wtLoc_add' depends on axioms: [propext, Classical.choice, Quot.sound]
2026-09-26T13:13:50.5410583Z info: OIBridge/InstrumentCompletion.lean:631:0: 'OIBridge.InstrumentCompletion.wtLoc_smul' depends on axioms: [propext, Classical.choice, Quot.sound]
2026-09-26T13:13:50.5411344Z info: OIBridge/InstrumentCompletion.lean:632:0: 'OIBridge.InstrumentCompletion.wtLoc_star' depends on axioms: [propext, Classical.choice, Quot.sound]
2026-09-26T13:13:50.5412107Z info: OIBridge/InstrumentCompletion.lean:633:0: 'OIBridge.InstrumentCompletion.wtLoc_sub' depends on axioms: [propext, Classical.choice, Quot.sound]
2026-09-26T13:13:50.5412866Z info: OIBridge/InstrumentCompletion.lean:634:0: 'OIBridge.InstrumentCompletion.norm_wtLoc' depends on axioms: [propext, Classical.choice, Quot.sound]
2026-09-26T13:13:50.5413658Z info: OIBridge/InstrumentCompletion.lean:635:0: 'OIBridge.InstrumentCompletion.isometry_wtLoc' depends on axioms: [propext, Classical.choice, Quot.sound]
2026-09-26T13:13:50.5414389Z info: OIBridge/InstrumentCompletion.lean:636:0: 'OIBridge.InstrumentCompletion.wtQ_coe' depends on axioms: [propext, Classical.choice, Quot.sound]
2026-09-26T13:13:50.5415126Z info: OIBridge/InstrumentCompletion.lean:637:0: 'OIBridge.InstrumentCompletion.continuous_wtQ' depends on axioms: [propext, Classical.choice, Quot.sound]
2026-09-26T13:13:50.5415975Z info: OIBridge/InstrumentCompletion.lean:638:0: 'OIBridge.InstrumentCompletion.wtQ_stage' depends on axioms: [propext, Classical.choice, Quot.sound]
2026-09-26T13:13:50.5416949Z info: OIBridge/InstrumentCompletion.lean:639:0: 'OIBridge.InstrumentCompletion.wtQ_mul' depends on axioms: [propext, Classical.choice, Quot.sound]
2026-09-26T13:13:50.5417761Z info: OIBridge/InstrumentCompletion.lean:640:0: 'OIBridge.InstrumentCompletion.wtQ_add' depends on axioms: [propext, Classical.choice, Quot.sound]
2026-09-26T13:13:50.5418597Z info: OIBridge/InstrumentCompletion.lean:641:0: 'OIBridge.InstrumentCompletion.wtQ_smul' depends on axioms: [propext, Classical.choice, Quot.sound]
2026-09-26T13:13:50.5419374Z info: OIBridge/InstrumentCompletion.lean:642:0: 'OIBridge.InstrumentCompletion.wtQ_star' depends on axioms: [propext, Classical.choice, Quot.sound]
2026-09-26T13:13:50.5420213Z info: OIBridge/InstrumentCompletion.lean:643:0: 'OIBridge.InstrumentCompletion.norm_wtQ' depends on axioms: [propext, Classical.choice, Quot.sound]
2026-09-26T13:13:50.5421031Z info: OIBridge/InstrumentCompletion.lean:644:0: 'OIBridge.InstrumentCompletion.wtQ_one' depends on axioms: [propext, Classical.choice, Quot.sound]
2026-09-26T13:13:50.5421906Z info: OIBridge/InstrumentCompletion.lean:645:0: 'OIBridge.InstrumentCompletion.siteWt_unimodular' depends on axioms: [propext, Classical.choice, Quot.sound]
2026-09-26T13:13:50.5422641Z info: OIBridge/InstrumentCompletion.lean:646:0: 'OIBridge.InstrumentCompletion.phaseAllWt_unimodular' depends on axioms: [propext, Classical.choice, Quot.sound]
2026-09-26T13:13:50.5423292Z info: OIBridge/InstrumentCompletion.lean:647:0: 'OIBridge.InstrumentCompletion.ext_eq_of_mem' depends on axioms: [propext, Classical.choice, Quot.sound]
2026-09-26T13:13:50.5424025Z info: OIBridge/InstrumentCompletion.lean:648:0: 'OIBridge.InstrumentCompletion.ext_confRestrict' depends on axioms: [propext, Classical.choice, Quot.sound]
2026-09-26T13:13:50.5424818Z info: OIBridge/InstrumentCompletion.lean:649:0: 'OIBridge.InstrumentCompletion.phaseAllWt_compat' depends on axioms: [propext, Classical.choice, Quot.sound]
2026-09-26T13:13:50.5426293Z info: OIBridge/InstrumentCompletion.lean:650:0: 'OIBridge.InstrumentCompletion.phaseAllQ_mul' depends on axioms: [propext, Classical.choice, Quot.sound]
2026-09-26T13:13:50.5427055Z info: OIBridge/InstrumentCompletion.lean:651:0: 'OIBridge.InstrumentCompletion.phaseAllQ_star' depends on axioms: [propext, Classical.choice, Quot.sound]
2026-09-26T13:13:50.5427729Z info: OIBridge/InstrumentCompletion.lean:652:0: 'OIBridge.InstrumentCompletion.norm_phaseAllQ' depends on axioms: [propext, Classical.choice, Quot.sound]
2026-09-26T13:13:50.5428408Z info: OIBridge/InstrumentCompletion.lean:653:0: 'OIBridge.InstrumentCompletion.phaseAllQ_stage' depends on axioms: [propext, Classical.choice, Quot.sound]
2026-09-26T13:13:50.5429188Z info: OIBridge/InstrumentCompletion.lean:654:0: 'OIBridge.InstrumentCompletion.phaseAllWt_singleton' depends on axioms: [propext, Classical.choice, Quot.sound]
2026-09-26T13:13:50.5430053Z info: OIBridge/InstrumentCompletion.lean:655:0: 'OIBridge.InstrumentCompletion.phaseAll_not_finiteSupport' depends on axioms: [propext, Classical.choice, Quot.sound]
2026-09-26T13:13:50.5430935Z info: OIBridge/InstrumentCompletion.lean:656:0: 'OIBridge.InstrumentCompletion.instrument_audit_entry_one' depends on axioms: [propext, Classical.choice, Quot.sound]
2026-09-26T13:13:50.5431344Z ℹ [3500/3600] Replayed OIBridge.InstrumentAvailability
2026-09-26T13:13:50.5432163Z info: OIBridge/InstrumentAvailability.lean:378:0: 'OIBridge.InstrumentAvailability.isQInstrJ_fin' depends on axioms: [propext, Classical.choice, Quot.sound]
2026-09-26T13:13:50.5433021Z info: OIBridge/InstrumentAvailability.lean:379:0: 'OIBridge.InstrumentAvailability.isFSJ_fin' depends on axioms: [propext, Classical.choice, Quot.sound]
2026-09-26T13:13:50.5433823Z info: OIBridge/InstrumentAvailability.lean:380:0: 'OIBridge.InstrumentAvailability.qTotalJ_fin' depends on axioms: [propext, Classical.choice, Quot.sound]
2026-09-26T13:13:50.5434667Z info: OIBridge/InstrumentAvailability.lean:381:0: 'OIBridge.InstrumentAvailability.qTotalJ_equiv' depends on axioms: [propext, Classical.choice, Quot.sound]
2026-09-26T13:13:50.5435888Z info: OIBridge/InstrumentAvailability.lean:382:0: 'OIBridge.InstrumentAvailability.isQInstrJ_equiv' depends on axioms: [propext, Classical.choice, Quot.sound]
2026-09-26T13:13:50.5436752Z info: OIBridge/InstrumentAvailability.lean:383:0: 'OIBridge.InstrumentAvailability.qBranchJ_coarse' depends on axioms: [propext, Classical.choice, Quot.sound]
2026-09-26T13:13:50.5437598Z info: OIBridge/InstrumentAvailability.lean:384:0: 'OIBridge.InstrumentAvailability.sum_qBranchJ' depends on axioms: [propext, Classical.choice, Quot.sound]
2026-09-26T13:13:50.5438424Z info: OIBridge/InstrumentAvailability.lean:385:0: 'OIBridge.InstrumentAvailability.availFS_id' depends on axioms: [propext, Classical.choice, Quot.sound]
2026-09-26T13:13:50.5439307Z info: OIBridge/InstrumentAvailability.lean:386:0: 'OIBridge.InstrumentAvailability.mem_range_stage_mono' depends on axioms: [propext, Classical.choice, Quot.sound]
2026-09-26T13:13:50.5440314Z info: OIBridge/InstrumentAvailability.lean:387:0: 'OIBridge.InstrumentAvailability.availFS_comp' depends on axioms: [propext, Classical.choice, Quot.sound]
2026-09-26T13:13:50.5441211Z info: OIBridge/InstrumentAvailability.lean:388:0: 'OIBridge.InstrumentAvailability.availFS_relabel' depends on axioms: [propext, Classical.choice, Quot.sound]
2026-09-26T13:13:50.5442060Z info: OIBridge/InstrumentAvailability.lean:389:0: 'OIBridge.InstrumentAvailability.availFS_dyn' depends on axioms: [propext, Classical.choice, Quot.sound]
2026-09-26T13:13:50.5442977Z info: OIBridge/InstrumentAvailability.lean:390:0: 'OIBridge.InstrumentAvailability.availFS_of_kraus' depends on axioms: [propext, Classical.choice, Quot.sound]
2026-09-26T13:13:50.5443910Z info: OIBridge/InstrumentAvailability.lean:391:0: 'OIBridge.InstrumentAvailability.kraus_of_availFS' depends on axioms: [propext, Classical.choice, Quot.sound]
2026-09-26T13:13:50.5444895Z info: OIBridge/InstrumentAvailability.lean:392:0: 'OIBridge.InstrumentAvailability.qTotalJ_stage_of_disjoint' depends on axioms: [propext, Classical.choice, Quot.sound]
2026-09-26T13:13:50.5446043Z info: OIBridge/InstrumentAvailability.lean:393:0: 'OIBridge.InstrumentAvailability.phaseAll_not_availFS' depends on axioms: [propext, Classical.choice, Quot.sound]
2026-09-26T13:13:50.5446781Z info: OIBridge/InstrumentAvailability.lean:394:0: 'OIBridge.InstrumentAvailability.q3_countermodel' depends on axioms: [propext, Classical.choice, Quot.sound]
2026-09-26T13:13:50.5447655Z info: OIBridge/InstrumentAvailability.lean:395:0: 'OIBridge.InstrumentAvailability.states_untouched' depends on axioms: [propext, Classical.choice, Quot.sound]
2026-09-26T13:13:50.5448553Z info: OIBridge/InstrumentAvailability.lean:396:0: 'OIBridge.InstrumentAvailability.dynamics_untouched' depends on axioms: [propext, Classical.choice, Quot.sound]
2026-09-26T13:13:50.5448961Z ⚠ [3501/3600] Replayed OIBridge.PassiveObservation
2026-09-26T13:13:50.5449392Z warning: OIBridge/PassiveObservation.lean:62:80: This simp argument is unused:
2026-09-26T13:13:50.5449543Z   mul_assoc
2026-09-26T13:13:50.5449565Z 
2026-09-26T13:13:50.5449728Z Hint: Omit it from the simp argument list.
2026-09-26T13:13:50.5450102Z   [apply] simp [mulVec, dotProduct, vecMulVec, Finset.mul_sum, mul_comm, mul_left_comm]
2026-09-26T13:13:50.5450122Z 
2026-09-26T13:13:50.5450499Z Note: This linter can be disabled with `set_option linter.unusedSimpArgs false`
2026-09-26T13:13:50.5451452Z warning: OIBridge/PassiveObservation.lean:65:0: automatically included section variable(s) unused in theorem `OIBridge.PassiveObservation.vecMulVec_star_mulVec_orth`:
2026-09-26T13:13:50.5451629Z   [DecidableEq n]
2026-09-26T13:13:50.5452247Z consider restructuring your `variable` declarations so that the variables are not in scope or explicitly omit them:
2026-09-26T13:13:50.5452453Z   omit [DecidableEq n] in theorem ...
2026-09-26T13:13:50.5452461Z 
2026-09-26T13:13:50.5452874Z Note: This linter can be disabled with `set_option linter.unusedSectionVars false`
2026-09-26T13:13:50.5453946Z warning: OIBridge/PassiveObservation.lean:70:0: automatically included section variable(s) unused in theorem `OIBridge.PassiveObservation.star_dotProduct_comm_zero`:
2026-09-26T13:13:50.5454112Z   [DecidableEq n]
2026-09-26T13:13:50.5454673Z consider restructuring your `variable` declarations so that the variables are not in scope or explicitly omit them:
2026-09-26T13:13:50.5454866Z   omit [DecidableEq n] in theorem ...
2026-09-26T13:13:50.5454874Z 
2026-09-26T13:13:50.5455265Z Note: This linter can be disabled with `set_option linter.unusedSectionVars false`
2026-09-26T13:13:50.5456210Z warning: OIBridge/PassiveObservation.lean:241:0: automatically included section variable(s) unused in theorem `OIBridge.PassiveObservation.pureState_apply`:
2026-09-26T13:13:50.5456362Z   [Fintype S]
2026-09-26T13:13:50.5456940Z consider restructuring your `variable` declarations so that the variables are not in scope or explicitly omit them:
2026-09-26T13:13:50.5457130Z   omit [Fintype S] in theorem ...
2026-09-26T13:13:50.5457151Z 
2026-09-26T13:13:50.5457724Z Note: This linter can be disabled with `set_option linter.unusedSectionVars false`
2026-09-26T13:13:50.5458139Z warning: OIBridge/PassiveObservation.lean:294:62: This simp argument is unused:
2026-09-26T13:13:50.5458294Z   Finset.sum_ite_eq'
2026-09-26T13:13:50.5458303Z 
2026-09-26T13:13:50.5458509Z Hint: Omit it from the simp argument list.
2026-09-26T13:13:50.5458856Z   [apply] simp [Matrix.mul_apply, Matrix.single, Finset.sum_ite_eq, hi, hj]
2026-09-26T13:13:50.5458864Z 
2026-09-26T13:13:50.5459218Z Note: This linter can be disabled with `set_option linter.unusedSimpArgs false`
2026-09-26T13:13:50.5460054Z info: OIBridge/PassiveObservation.lean:353:0: 'OIBridge.PassiveObservation.psd_summand_of_rankOne' depends on axioms: [propext, Classical.choice, Quot.sound]
2026-09-26T13:13:50.5460894Z info: OIBridge/PassiveObservation.lean:354:0: 'OIBridge.PassiveObservation.choiMatrix_id' depends on axioms: [propext, Classical.choice, Quot.sound]
2026-09-26T13:13:50.5461797Z info: OIBridge/PassiveObservation.lean:355:0: 'OIBridge.PassiveObservation.passive_branch_scalar' depends on axioms: [propext, Classical.choice, Quot.sound]
2026-09-26T13:13:50.5462601Z info: OIBridge/PassiveObservation.lean:356:0: 'OIBridge.PassiveObservation.passive_outcome_state_independent' depends on axioms: [propext,
2026-09-26T13:13:50.5462780Z  Classical.choice,
2026-09-26T13:13:50.5462929Z  Quot.sound]
2026-09-26T13:13:50.5463921Z info: OIBridge/PassiveObservation.lean:357:0: 'OIBridge.PassiveObservation.no_complete_passive_observation' depends on axioms: [propext, Classical.choice, Quot.sound]
2026-09-26T13:13:50.5464821Z info: OIBridge/PassiveObservation.lean:358:0: 'OIBridge.PassiveObservation.pinching_cp' depends on axioms: [propext, Classical.choice, Quot.sound]
2026-09-26T13:13:50.5465965Z info: OIBridge/PassiveObservation.lean:359:0: 'OIBridge.PassiveObservation.pinching_passive_on_diagonal' depends on axioms: [propext, Classical.choice, Quot.sound]
2026-09-26T13:13:50.5467020Z info: OIBridge/PassiveObservation.lean:360:0: 'OIBridge.PassiveObservation.pinching_separates_diagonal' depends on axioms: [propext, Classical.choice, Quot.sound]
2026-09-26T13:13:50.5467923Z info: OIBridge/PassiveObservation.lean:361:0: 'OIBridge.PassiveObservation.pinching_sum_apply' depends on axioms: [propext, Classical.choice, Quot.sound]
2026-09-26T13:13:50.5468816Z info: OIBridge/PassiveObservation.lean:362:0: 'OIBridge.PassiveObservation.pinching_not_passive' depends on axioms: [propext, Classical.choice, Quot.sound]
2026-09-26T13:13:50.5469185Z ℹ [3502/3600] Replayed OIBridge.CentralObservation
2026-09-26T13:13:50.5470050Z info: OIBridge/CentralObservation.lean:628:0: 'OIBridge.CentralObservation.exists_kraus' depends on axioms: [propext, Classical.choice, Quot.sound]
2026-09-26T13:13:50.5470972Z info: OIBridge/CentralObservation.lean:629:0: 'OIBridge.CentralObservation.kraus_block_vanish' depends on axioms: [propext, Classical.choice, Quot.sound]
2026-09-26T13:13:50.5472147Z info: OIBridge/CentralObservation.lean:630:0: 'OIBridge.CentralObservation.branch_preserves_block' depends on axioms: [propext, Classical.choice, Quot.sound]
2026-09-26T13:13:50.5473128Z info: OIBridge/CentralObservation.lean:631:0: 'OIBridge.CentralObservation.choiMatrix_restrictMap' depends on axioms: [propext, Classical.choice, Quot.sound]
2026-09-26T13:13:50.5474132Z info: OIBridge/CentralObservation.lean:632:0: 'OIBridge.CentralObservation.restricted_passive' depends on axioms: [propext, Classical.choice, Quot.sound]
2026-09-26T13:13:50.5475122Z info: OIBridge/CentralObservation.lean:633:0: 'OIBridge.CentralObservation.branch_scalar_on_block' depends on axioms: [propext, Classical.choice, Quot.sound]
2026-09-26T13:13:50.5476263Z info: OIBridge/CentralObservation.lean:634:0: 'OIBridge.CentralObservation.central_classification' depends on axioms: [propext, Classical.choice, Quot.sound]
2026-09-26T13:13:50.5477347Z info: OIBridge/CentralObservation.lean:635:0: 'OIBridge.CentralObservation.blockPinch_passive' depends on axioms: [propext, Classical.choice, Quot.sound]
2026-09-26T13:13:50.5478481Z info: OIBridge/CentralObservation.lean:636:0: 'OIBridge.CentralObservation.no_complete_passive_of_block' depends on axioms: [propext, Classical.choice, Quot.sound]
2026-09-26T13:13:50.5479457Z info: OIBridge/CentralObservation.lean:637:0: 'OIBridge.CentralObservation.blockPinch_separates' depends on axioms: [propext, Classical.choice, Quot.sound]
2026-09-26T13:13:50.5480477Z info: OIBridge/CentralObservation.lean:638:0: 'OIBridge.CentralObservation.complete_passive_iff_injective' depends on axioms: [propext, Classical.choice, Quot.sound]
2026-09-26T13:13:50.5481509Z info: OIBridge/CentralObservation.lean:639:0: 'OIBridge.CentralObservation.injective_iff_commutative' depends on axioms: [propext, Classical.choice, Quot.sound]
2026-09-26T13:13:50.5482361Z info: OIBridge/CentralObservation.lean:640:0: 'OIBridge.CentralObservation.complete_passive_iff_commutative' depends on axioms: [propext,
2026-09-26T13:13:50.5482553Z  Classical.choice,
2026-09-26T13:13:50.5482693Z  Quot.sound]
2026-09-26T13:13:50.5483123Z ℹ [3503/3600] Replayed OIBridge.PassiveIndependence
2026-09-26T13:13:50.5484201Z info: OIBridge/PassiveIndependence.lean:345:0: 'OIBridge.PassiveIndependence.passivelyIncomplete_of_card' depends on axioms: [propext, Classical.choice, Quot.sound]
2026-09-26T13:13:50.5485225Z info: OIBridge/PassiveIndependence.lean:346:0: 'OIBridge.PassiveIndependence.passivelyIncomplete_qubit' depends on axioms: [propext, Classical.choice, Quot.sound]
2026-09-26T13:13:50.5486401Z info: OIBridge/PassiveIndependence.lean:347:0: 'OIBridge.PassiveIndependence.keepsLabels_localLuders' depends on axioms: [propext, Classical.choice, Quot.sound]
2026-09-26T13:13:50.5487313Z info: OIBridge/PassiveIndependence.lean:348:0: 'OIBridge.PassiveIndependence.tau_moves_label' depends on axioms: [propext, Classical.choice, Quot.sound]
2026-09-26T13:13:50.5488299Z info: OIBridge/PassiveIndependence.lean:349:0: 'OIBridge.PassiveIndependence.label_not_oiCore' depends on axioms: [propext, Classical.choice, Quot.sound]
2026-09-26T13:13:50.5489284Z info: OIBridge/PassiveIndependence.lean:350:0: 'OIBridge.PassiveIndependence.oiCore_to_passive_vacuous' depends on axioms: [propext, Classical.choice, Quot.sound]
2026-09-26T13:13:50.5490227Z info: OIBridge/PassiveIndependence.lean:351:0: 'OIBridge.PassiveIndependence.passivelyIncomplete_without_oiCore' depends on axioms: [propext,
2026-09-26T13:13:50.5490392Z  Classical.choice,
2026-09-26T13:13:50.5490542Z  Quot.sound]
2026-09-26T13:13:50.5491580Z info: OIBridge/PassiveIndependence.lean:352:0: 'OIBridge.PassiveIndependence.passive_not_implies_oiCore' depends on axioms: [propext, Classical.choice, Quot.sound]
2026-09-26T13:13:50.5492599Z info: OIBridge/PassiveIndependence.lean:353:0: 'OIBridge.PassiveIndependence.passive_nondiscriminating' depends on axioms: [propext, Classical.choice, Quot.sound]
2026-09-26T13:13:50.5493572Z info: OIBridge/PassiveIndependence.lean:354:0: 'OIBridge.PassiveIndependence.pinching_isKrausFamily' depends on axioms: [propext, Classical.choice, Quot.sound]
2026-09-26T13:13:50.5494750Z info: OIBridge/PassiveIndependence.lean:355:0: 'OIBridge.PassiveIndependence.pinching_preservesDiag' depends on axioms: [propext, Classical.choice, Quot.sound]
2026-09-26T13:13:50.5495820Z info: OIBridge/PassiveIndependence.lean:356:0: 'OIBridge.PassiveIndependence.diag_passivelyCompleteOnDiagonal' depends on axioms: [propext,
2026-09-26T13:13:50.5496008Z  Classical.choice,
2026-09-26T13:13:50.5496166Z  Quot.sound]
2026-09-26T13:13:50.5497134Z info: OIBridge/PassiveIndependence.lean:357:0: 'OIBridge.PassiveIndependence.label_passivelyCompleteOnDiagonal' depends on axioms: [propext,
2026-09-26T13:13:50.5497295Z  Classical.choice,
2026-09-26T13:13:50.5497459Z  Quot.sound]
2026-09-26T13:13:50.5498425Z info: OIBridge/PassiveIndependence.lean:358:0: 'OIBridge.PassiveIndependence.sector_diagram' depends on axioms: [propext, Classical.choice, Quot.sound]
2026-09-26T13:13:50.5498791Z ℹ [3504/3600] Replayed OIBridge.InternalObserver
2026-09-26T13:13:50.5499946Z info: OIBridge/InternalObserver.lean:321:0: 'OIBridge.InternalObserver.no_full_passive_self_record' depends on axioms: [propext, Classical.choice, Quot.sound]
2026-09-26T13:13:50.5500933Z info: OIBridge/InternalObserver.lean:322:0: 'OIBridge.InternalObserver.branch_kills_other_block' depends on axioms: [propext, Classical.choice, Quot.sound]
2026-09-26T13:13:50.5501877Z info: OIBridge/InternalObserver.lean:323:0: 'OIBridge.InternalObserver.branch_fixes_own_block' depends on axioms: [propext, Classical.choice, Quot.sound]
2026-09-26T13:13:50.5502941Z info: OIBridge/InternalObserver.lean:324:0: 'OIBridge.InternalObserver.internal_branch_eq_blockPart' depends on axioms: [propext, Classical.choice, Quot.sound]
2026-09-26T13:13:50.5503897Z info: OIBridge/InternalObserver.lean:325:0: 'OIBridge.InternalObserver.internal_outcome_law' depends on axioms: [propext, Classical.choice, Quot.sound]
2026-09-26T13:13:50.5504853Z info: OIBridge/InternalObserver.lean:326:0: 'OIBridge.InternalObserver.blockPinch_internal' depends on axioms: [propext, Classical.choice, Quot.sound]
2026-09-26T13:13:50.5506019Z info: OIBridge/InternalObserver.lean:327:0: 'OIBridge.InternalObserver.internal_complete_iff' depends on axioms: [propext, Classical.choice, Quot.sound]
2026-09-26T13:13:50.5507035Z info: OIBridge/InternalObserver.lean:328:0: 'OIBridge.InternalObserver.no_complete_internal_observer' depends on axioms: [propext, Classical.choice, Quot.sound]
2026-09-26T13:13:50.5507968Z info: OIBridge/InternalObserver.lean:329:0: 'OIBridge.InternalObserver.classical_control' depends on axioms: [propext, Classical.choice, Quot.sound]
2026-09-26T13:13:50.5508875Z info: OIBridge/InternalObserver.lean:330:0: 'OIBridge.InternalObserver.recordInstr_cp' depends on axioms: [propext, Classical.choice, Quot.sound]
2026-09-26T13:13:50.5509840Z info: OIBridge/InternalObserver.lean:331:0: 'OIBridge.InternalObserver.recordInstr_records' depends on axioms: [propext, Classical.choice, Quot.sound]
2026-09-26T13:13:50.5510799Z info: OIBridge/InternalObserver.lean:332:0: 'OIBridge.InternalObserver.recordInstr_writes' depends on axioms: [propext, Classical.choice, Quot.sound]
2026-09-26T13:13:50.5511783Z info: OIBridge/InternalObserver.lean:333:0: 'OIBridge.InternalObserver.recordInstr_not_passive' depends on axioms: [propext, Classical.choice, Quot.sound]
2026-09-26T13:13:50.5512779Z info: OIBridge/InternalObserver.lean:334:0: 'OIBridge.InternalObserver.recordInstr_not_internal' depends on axioms: [propext, Classical.choice, Quot.sound]
2026-09-26T13:13:50.5513142Z ℹ [3505/3600] Replayed OIBridge.LevelOneRecursion
2026-09-26T13:13:50.5514199Z info: OIBridge/LevelOneRecursion.lean:63:0: 'OIBridge.LevelOneRecursion.systemLoose_observerRecursion' depends on axioms: [propext, Classical.choice, Quot.sound]
2026-09-26T13:13:50.5515064Z info: OIBridge/LevelOneRecursion.lean:64:0: 'OIBridge.LevelOneRecursion.levelOne_independent_of_recursion' depends on axioms: [propext,
2026-09-26T13:13:50.5515378Z  Classical.choice,
2026-09-26T13:13:50.5515538Z  Quot.sound]
2026-09-26T13:13:50.5516525Z info: OIBridge/LevelOneRecursion.lean:65:0: 'OIBridge.LevelOneRecursion.levelOne_row' depends on axioms: [propext, Classical.choice, Quot.sound]
2026-09-26T13:13:50.5516847Z ℹ [3506/3600] Replayed OIBridge.TypedPositive
2026-09-26T13:13:50.5517803Z info: OIBridge/TypedPositive.lean:33:0: 'OIBridge.TypedPositive.typed_determined_of_oiPlusPos' depends on axioms: [propext, Classical.choice, Quot.sound]
2026-09-26T13:13:50.5518778Z info: OIBridge/TypedPositive.lean:45:0: 'OIBridge.TypedPositive.typed_determined_of_oiPlusMin' depends on axioms: [propext, Classical.choice, Quot.sound]
2026-09-26T13:13:50.5519145Z ℹ [3507/3600] Replayed OIBridge.BackgroundIndependence
2026-09-26T13:13:50.5520005Z info: OIBridge/BackgroundIndependence.lean:403:0: 'OIBridge.BackgroundIndependence.a6glob_of_a6inv' depends on axioms: [Quot.sound]
2026-09-26T13:13:50.5521063Z info: OIBridge/BackgroundIndependence.lean:404:0: 'OIBridge.BackgroundIndependence.leap_siteAct' depends on axioms: [propext, Classical.choice, Quot.sound]
2026-09-26T13:13:50.5522195Z info: OIBridge/BackgroundIndependence.lean:405:0: 'OIBridge.BackgroundIndependence.a6cov_all' depends on axioms: [propext, Quot.sound]
2026-09-26T13:13:50.5523212Z info: OIBridge/BackgroundIndependence.lean:406:0: 'OIBridge.BackgroundIndependence.d3b_witness' depends on axioms: [propext, Classical.choice, Quot.sound]
2026-09-26T13:13:50.5524235Z info: OIBridge/BackgroundIndependence.lean:407:0: 'OIBridge.BackgroundIndependence.d3b_not_a6inv' depends on axioms: [propext, Classical.choice, Quot.sound]
2026-09-26T13:13:50.5525288Z info: OIBridge/BackgroundIndependence.lean:408:0: 'OIBridge.BackgroundIndependence.d4a_single_edge' depends on axioms: [propext, Classical.choice, Quot.sound]
2026-09-26T13:13:50.5526457Z info: OIBridge/BackgroundIndependence.lean:409:0: 'OIBridge.BackgroundIndependence.d4b_edge_rigidity' depends on axioms: [propext, Classical.choice, Quot.sound]
2026-09-26T13:13:50.5527383Z info: OIBridge/BackgroundIndependence.lean:410:0: 'OIBridge.BackgroundIndependence.d4b_not_a6inv_of_nonconstant' depends on axioms: [propext,
2026-09-26T13:13:50.5527562Z  Classical.choice,
2026-09-26T13:13:50.5527726Z  Quot.sound]
2026-09-26T13:13:50.5528793Z info: OIBridge/BackgroundIndependence.lean:411:0: 'OIBridge.BackgroundIndependence.a6glob_constLink' depends on axioms: [propext, Classical.choice, Quot.sound]
2026-09-26T13:13:50.5529873Z info: OIBridge/BackgroundIndependence.lean:412:0: 'OIBridge.BackgroundIndependence.d4b_symmetric_point' depends on axioms: [propext, Classical.choice, Quot.sound]
2026-09-26T13:13:50.5530872Z info: OIBridge/BackgroundIndependence.lean:413:0: 'OIBridge.BackgroundIndependence.addAut_nontrivial_of_ne_neg' depends on axioms: [propext, Quot.sound]
2026-09-26T13:13:50.5531799Z info: OIBridge/BackgroundIndependence.lean:414:0: 'OIBridge.BackgroundIndependence.addAut_zmod_smul' depends on axioms: [propext, Quot.sound]
2026-09-26T13:13:50.5532796Z info: OIBridge/BackgroundIndependence.lean:415:0: 'OIBridge.BackgroundIndependence.d4b_mu_id' depends on axioms: [propext, Classical.choice, Quot.sound]
2026-09-26T13:13:50.5533854Z info: OIBridge/BackgroundIndependence.lean:416:0: 'OIBridge.BackgroundIndependence.d2i_wave_witness' depends on axioms: [propext, Classical.choice, Quot.sound]
2026-09-26T13:13:50.5534904Z info: OIBridge/BackgroundIndependence.lean:417:0: 'OIBridge.BackgroundIndependence.d2i_wave_not_a6inv' depends on axioms: [propext, Classical.choice, Quot.sound]
2026-09-26T13:13:50.5536099Z info: OIBridge/BackgroundIndependence.lean:418:0: 'OIBridge.BackgroundIndependence.d2ii_wave_a6glob' depends on axioms: [propext, Classical.choice, Quot.sound]
2026-09-26T13:13:50.5536443Z ℹ [3508/3600] Replayed OIBridge.A6Instantiation
2026-09-26T13:13:50.5537416Z info: OIBridge/A6Instantiation.lean:579:0: 'OIBridge.A6Instantiation.linkSubstratum_bridge' depends on axioms: [propext, Classical.choice, Quot.sound]
2026-09-26T13:13:50.5538363Z info: OIBridge/A6Instantiation.lean:580:0: 'OIBridge.A6Instantiation.linkSubstratum_A2' depends on axioms: [propext, Classical.choice, Quot.sound]
2026-09-26T13:13:50.5539494Z info: OIBridge/A6Instantiation.lean:581:0: 'OIBridge.A6Instantiation.linkSubstratum_A5' depends on axioms: [propext, Classical.choice, Quot.sound]
2026-09-26T13:13:50.5540432Z info: OIBridge/A6Instantiation.lean:582:0: 'OIBridge.A6Instantiation.linkSubstratum_A3' depends on axioms: [propext, Classical.choice, Quot.sound]
2026-09-26T13:13:50.5541288Z info: OIBridge/A6Instantiation.lean:583:0: 'OIBridge.A6Instantiation.nbrs_sub' depends on axioms: [propext, Classical.choice, Quot.sound]
2026-09-26T13:13:50.5542272Z info: OIBridge/A6Instantiation.lean:584:0: 'OIBridge.A6Instantiation.linkSubstratum_A4Exact' depends on axioms: [propext, Classical.choice, Quot.sound]
2026-09-26T13:13:50.5543176Z info: OIBridge/A6Instantiation.lean:585:0: 'OIBridge.A6Instantiation.pk1_packaging' depends on axioms: [propext, Classical.choice, Quot.sound]
2026-09-26T13:13:50.5544009Z info: OIBridge/A6Instantiation.lean:586:0: 'OIBridge.A6Instantiation.pk2a_bridge' depends on axioms: [propext, Classical.choice, Quot.sound]
2026-09-26T13:13:50.5545026Z info: OIBridge/A6Instantiation.lean:587:0: 'OIBridge.A6Instantiation.pk2b_covariance' depends on axioms: [propext, Classical.choice, Quot.sound]
2026-09-26T13:13:50.5545964Z info: OIBridge/A6Instantiation.lean:588:0: 'OIBridge.A6Instantiation.pk3a_A1' depends on axioms: [propext, Classical.choice, Quot.sound]
2026-09-26T13:13:50.5546795Z info: OIBridge/A6Instantiation.lean:589:0: 'OIBridge.A6Instantiation.pk3b_A2' depends on axioms: [propext, Classical.choice, Quot.sound]
2026-09-26T13:13:50.5547637Z info: OIBridge/A6Instantiation.lean:590:0: 'OIBridge.A6Instantiation.pk3c_A3' depends on axioms: [propext, Classical.choice, Quot.sound]
2026-09-26T13:13:50.5548515Z info: OIBridge/A6Instantiation.lean:591:0: 'OIBridge.A6Instantiation.pk3d_A4Exact' depends on axioms: [propext, Classical.choice, Quot.sound]
2026-09-26T13:13:50.5549344Z info: OIBridge/A6Instantiation.lean:592:0: 'OIBridge.A6Instantiation.pk3e_A5' depends on axioms: [propext, Classical.choice, Quot.sound]
2026-09-26T13:13:50.5550163Z info: OIBridge/A6Instantiation.lean:593:0: 'OIBridge.A6Instantiation.pk4_shift_not_scalar' depends on axioms: [propext, Quot.sound]
2026-09-26T13:13:50.5551094Z info: OIBridge/A6Instantiation.lean:594:0: 'OIBridge.A6Instantiation.pk5_symmetric_point' depends on axioms: [propext, Classical.choice, Quot.sound]
2026-09-26T13:13:50.5552039Z info: OIBridge/A6Instantiation.lean:595:0: 'OIBridge.A6Instantiation.cx1_complex_covariance' depends on axioms: [propext, Classical.choice, Quot.sound]
2026-09-26T13:13:50.5552974Z info: OIBridge/A6Instantiation.lean:596:0: 'OIBridge.A6Instantiation.cx2_clinear_forgets' depends on axioms: [propext, Classical.choice, Quot.sound]
2026-09-26T13:13:50.5553896Z info: OIBridge/A6Instantiation.lean:597:0: 'OIBridge.A6Instantiation.cx2_manuscript_law' depends on axioms: [propext, Classical.choice, Quot.sound]
2026-09-26T13:13:50.5554839Z info: OIBridge/A6Instantiation.lean:598:0: 'OIBridge.A6Instantiation.cx2_unitary_gaugeLink' depends on axioms: [propext, Classical.choice, Quot.sound]
2026-09-26T13:13:50.5555852Z info: OIBridge/A6Instantiation.lean:599:0: 'OIBridge.A6Instantiation.cx3a_complex_axioms' depends on axioms: [propext, Classical.choice, Quot.sound]
2026-09-26T13:13:50.5556781Z info: OIBridge/A6Instantiation.lean:600:0: 'OIBridge.A6Instantiation.cx3b_complex_not_A1' depends on axioms: [propext, Classical.choice, Quot.sound]
2026-09-26T13:13:50.5557691Z info: OIBridge/A6Instantiation.lean:601:0: 'OIBridge.A6Instantiation.as1_leap_covariant' depends on axioms: [propext, Classical.choice, Quot.sound]
2026-09-26T13:13:50.5558550Z info: OIBridge/A6Instantiation.lean:602:0: 'OIBridge.A6Instantiation.as1_finite' depends on axioms: [propext, Classical.choice, Quot.sound]
2026-09-26T13:13:50.5559426Z info: OIBridge/A6Instantiation.lean:603:0: 'OIBridge.A6Instantiation.as1_complex' depends on axioms: [propext, Classical.choice, Quot.sound]
2026-09-26T13:13:50.5559883Z ℹ [3509/3600] Replayed OIBridge.ScalarClosure
2026-09-26T13:13:50.5560816Z info: OIBridge/ScalarClosure.lean:215:0: 'OIBridge.ScalarClosure.genTheory_availExt_eq' depends on axioms: [propext, Classical.choice, Quot.sound]
2026-09-26T13:13:50.5561721Z info: OIBridge/ScalarClosure.lean:216:0: 'OIBridge.ScalarClosure.mem_scalarHull_self' depends on axioms: [propext, Classical.choice, Quot.sound]
2026-09-26T13:13:50.5562586Z info: OIBridge/ScalarClosure.lean:217:0: 'OIBridge.ScalarClosure.realized_mono' depends on axioms: [propext, Classical.choice, Quot.sound]
2026-09-26T13:13:50.5563451Z info: OIBridge/ScalarClosure.lean:218:0: 'OIBridge.ScalarClosure.realized_nsmul' depends on axioms: [propext, Classical.choice, Quot.sound]
2026-09-26T13:13:50.5564352Z info: OIBridge/ScalarClosure.lean:219:0: 'OIBridge.ScalarClosure.realized_real_smul' depends on axioms: [propext, Classical.choice, Quot.sound]
2026-09-26T13:13:50.5565290Z info: OIBridge/ScalarClosure.lean:220:0: 'OIBridge.ScalarClosure.realized_scalarHull_iff' depends on axioms: [propext, Classical.choice, Quot.sound]
2026-09-26T13:13:50.5566365Z info: OIBridge/ScalarClosure.lean:221:0: 'OIBridge.ScalarClosure.ancBlock_smul' depends on axioms: [propext, Classical.choice, Quot.sound]
2026-09-26T13:13:50.5567256Z info: OIBridge/ScalarClosure.lean:222:0: 'OIBridge.ScalarClosure.scalarHull_arch' depends on axioms: [propext, Classical.choice, Quot.sound]
2026-09-26T13:13:50.5568210Z info: OIBridge/ScalarClosure.lean:223:0: 'OIBridge.ScalarClosure.scalarHull_permClass_iff' depends on axioms: [propext, Classical.choice, Quot.sound]
2026-09-26T13:13:50.5569212Z info: OIBridge/ScalarClosure.lean:224:0: 'OIBridge.ScalarClosure.permClass_of_scalarHull_isometry' depends on axioms: [propext, Classical.choice, Quot.sound]
2026-09-26T13:13:50.5570164Z info: OIBridge/ScalarClosure.lean:225:0: 'OIBridge.ScalarClosure.instAvail_scalarHull_permClass' depends on axioms: [propext, Classical.choice, Quot.sound]
2026-09-26T13:13:50.5571150Z info: OIBridge/ScalarClosure.lean:226:0: 'OIBridge.ScalarClosure.permTheory_hull_availExt_iff' depends on axioms: [propext, Classical.choice, Quot.sound]
2026-09-26T13:13:50.5571533Z ℹ [3511/3600] Replayed OIBridge.InstrumentRealization
2026-09-26T13:13:50.5572713Z info: OIBridge/InstrumentRealization.lean:1218:0: 'OIBridge.InstrumentRealization.isGenInstrument_of_instAvail' depends on axioms: [propext, Classical.choice, Quot.sound]
2026-09-26T13:13:50.5573841Z info: OIBridge/InstrumentRealization.lean:1219:0: 'OIBridge.InstrumentRealization.genTheory_le_branchTheory' depends on axioms: [propext, Classical.choice, Quot.sound]
2026-09-26T13:13:50.5574837Z info: OIBridge/InstrumentRealization.lean:1220:0: 'OIBridge.InstrumentRealization.ones_apply' depends on axioms: [propext, Classical.choice, Quot.sound]
2026-09-26T13:13:50.5575907Z info: OIBridge/InstrumentRealization.lean:1221:0: 'OIBridge.InstrumentRealization.ones_prod' depends on axioms: [propext, Classical.choice, Quot.sound]
2026-09-26T13:13:50.5576950Z info: OIBridge/InstrumentRealization.lean:1222:0: 'OIBridge.InstrumentRealization.ones_sum' depends on axioms: [propext, Classical.choice, Quot.sound]
2026-09-26T13:13:50.5577962Z info: OIBridge/InstrumentRealization.lean:1223:0: 'OIBridge.InstrumentRealization.mulVec_sum'' depends on axioms: [propext, Classical.choice, Quot.sound]
2026-09-26T13:13:50.5579079Z info: OIBridge/InstrumentRealization.lean:1224:0: 'OIBridge.InstrumentRealization.star_ones_dotProduct_ones' depends on axioms: [propext, Classical.choice, Quot.sound]
2026-09-26T13:13:50.5580148Z info: OIBridge/InstrumentRealization.lean:1225:0: 'OIBridge.InstrumentRealization.unitary_eigen_ones' depends on axioms: [propext, Classical.choice, Quot.sound]
2026-09-26T13:13:50.5581140Z info: OIBridge/InstrumentRealization.lean:1226:0: 'OIBridge.InstrumentRealization.conjTranspose_mulVec_ones_of_eigen' depends on axioms: [propext,
2026-09-26T13:13:50.5581302Z  Classical.choice,
2026-09-26T13:13:50.5581460Z  Quot.sound]
2026-09-26T13:13:50.5582487Z info: OIBridge/InstrumentRealization.lean:1227:0: 'OIBridge.InstrumentRealization.readProj_sum' depends on axioms: [propext, Classical.choice, Quot.sound]
2026-09-26T13:13:50.5583637Z info: OIBridge/InstrumentRealization.lean:1228:0: 'OIBridge.InstrumentRealization.reindex_sum' depends on axioms: [propext, Classical.choice, Quot.sound]
2026-09-26T13:13:50.5584658Z info: OIBridge/InstrumentRealization.lean:1229:0: 'OIBridge.InstrumentRealization.reindex_one' depends on axioms: [propext, Classical.choice, Quot.sound]
2026-09-26T13:13:50.5585779Z info: OIBridge/InstrumentRealization.lean:1230:0: 'OIBridge.InstrumentRealization.sum_filter_comp' depends on axioms: [propext, Classical.choice, Quot.sound]
2026-09-26T13:13:50.5586854Z info: OIBridge/InstrumentRealization.lean:1231:0: 'OIBridge.InstrumentRealization.onesNormal_uniform' depends on axioms: [propext, Classical.choice, Quot.sound]
2026-09-26T13:13:50.5587840Z info: OIBridge/InstrumentRealization.lean:1232:0: 'OIBridge.InstrumentRealization.ancBlock_conjTranspose_mulVec_ones' depends on axioms: [propext,
2026-09-26T13:13:50.5588018Z  Classical.choice,
2026-09-26T13:13:50.5588170Z  Quot.sound]
2026-09-26T13:13:50.5589363Z info: OIBridge/InstrumentRealization.lean:1233:0: 'OIBridge.InstrumentRealization.splitWeight_sum_star' depends on axioms: [propext, Classical.choice, Quot.sound]
2026-09-26T13:13:50.5590482Z info: OIBridge/InstrumentRealization.lean:1234:0: 'OIBridge.InstrumentRealization.splitWeight_sum_normSq' depends on axioms: [propext, Classical.choice, Quot.sound]
2026-09-26T13:13:50.5591569Z info: OIBridge/InstrumentRealization.lean:1235:0: 'OIBridge.InstrumentRealization.instAvail_onesNormal' depends on axioms: [propext, Classical.choice, Quot.sound]
2026-09-26T13:13:50.5592716Z info: OIBridge/InstrumentRealization.lean:1236:0: 'OIBridge.InstrumentRealization.instAvail_unitary_fixes_ones' depends on axioms: [propext, Classical.choice, Quot.sound]
2026-09-26T13:13:50.5593804Z info: OIBridge/InstrumentRealization.lean:1237:0: 'OIBridge.InstrumentRealization.onesCompatible_one' depends on axioms: [propext, Classical.choice, Quot.sound]
2026-09-26T13:13:50.5594894Z info: OIBridge/InstrumentRealization.lean:1238:0: 'OIBridge.InstrumentRealization.onesCompatible_mul' depends on axioms: [propext, Classical.choice, Quot.sound]
2026-09-26T13:13:50.5596126Z info: OIBridge/InstrumentRealization.lean:1239:0: 'OIBridge.InstrumentRealization.unitary_conjTranspose_ones' depends on axioms: [propext, Classical.choice, Quot.sound]
2026-09-26T13:13:50.5597246Z info: OIBridge/InstrumentRealization.lean:1240:0: 'OIBridge.InstrumentRealization.onesClass_of_unitary_ones' depends on axioms: [propext, Classical.choice, Quot.sound]
2026-09-26T13:13:50.5598343Z info: OIBridge/InstrumentRealization.lean:1241:0: 'OIBridge.InstrumentRealization.permMatrix_mulVec_ones' depends on axioms: [propext, Classical.choice, Quot.sound]
2026-09-26T13:13:50.5599418Z info: OIBridge/InstrumentRealization.lean:1242:0: 'OIBridge.InstrumentRealization.onesClass_permMatrix' depends on axioms: [propext, Classical.choice, Quot.sound]
2026-09-26T13:13:50.5600411Z info: OIBridge/InstrumentRealization.lean:1243:0: 'OIBridge.InstrumentRealization.gateFlow_mulVec_ones' depends on axioms: [propext, Classical.choice, Quot.sound]
2026-09-26T13:13:50.5601388Z info: OIBridge/InstrumentRealization.lean:1244:0: 'OIBridge.InstrumentRealization.onesClass_gateFlow' depends on axioms: [propext, Classical.choice, Quot.sound]
2026-09-26T13:13:50.5602414Z info: OIBridge/InstrumentRealization.lean:1245:0: 'OIBridge.InstrumentRealization.onesCompatible_secEmb' depends on axioms: [propext, Classical.choice, Quot.sound]
2026-09-26T13:13:50.5603377Z info: OIBridge/InstrumentRealization.lean:1246:0: 'OIBridge.InstrumentRealization.ancBlock_eq_secEmb' depends on axioms: [propext, Classical.choice, Quot.sound]
2026-09-26T13:13:50.5604394Z info: OIBridge/InstrumentRealization.lean:1247:0: 'OIBridge.InstrumentRealization.readProj_conjTranspose' depends on axioms: [propext, Classical.choice, Quot.sound]
2026-09-26T13:13:50.5605346Z info: OIBridge/InstrumentRealization.lean:1248:0: 'OIBridge.InstrumentRealization.readProj_mul_self' depends on axioms: [propext, Classical.choice, Quot.sound]
2026-09-26T13:13:50.5606640Z info: OIBridge/InstrumentRealization.lean:1249:0: 'OIBridge.InstrumentRealization.fromBlocks_diag_unitary' depends on axioms: [propext, Classical.choice, Quot.sound]
2026-09-26T13:13:50.5607692Z info: OIBridge/InstrumentRealization.lean:1250:0: 'OIBridge.InstrumentRealization.fromBlocks_diag_mulVec_ones' depends on axioms: [propext, Classical.choice, Quot.sound]
2026-09-26T13:13:50.5608775Z info: OIBridge/InstrumentRealization.lean:1251:0: 'OIBridge.InstrumentRealization.onesCompatible_fromRows_left' depends on axioms: [propext, Classical.choice, Quot.sound]
2026-09-26T13:13:50.5609661Z info: OIBridge/InstrumentRealization.lean:1252:0: 'OIBridge.InstrumentRealization.onesCompatible_fromRows_right' depends on axioms: [propext,
2026-09-26T13:13:50.5609818Z  Classical.choice,
2026-09-26T13:13:50.5609955Z  Quot.sound]
2026-09-26T13:13:50.5610915Z info: OIBridge/InstrumentRealization.lean:1253:0: 'OIBridge.InstrumentRealization.onesClass_arch' depends on axioms: [propext, Classical.choice, Quot.sound]
2026-09-26T13:13:50.5612066Z info: OIBridge/InstrumentRealization.lean:1254:0: 'OIBridge.InstrumentRealization.tensorOf_eq_tensorRect' depends on axioms: [propext, Classical.choice, Quot.sound]
2026-09-26T13:13:50.5613046Z info: OIBridge/InstrumentRealization.lean:1255:0: 'OIBridge.InstrumentRealization.tensorRect_mul' depends on axioms: [propext, Classical.choice, Quot.sound]
2026-09-26T13:13:50.5614119Z info: OIBridge/InstrumentRealization.lean:1256:0: 'OIBridge.InstrumentRealization.tensorRect_conjTranspose' depends on axioms: [propext, Classical.choice, Quot.sound]
2026-09-26T13:13:50.5615107Z info: OIBridge/InstrumentRealization.lean:1257:0: 'OIBridge.InstrumentRealization.tensorRect_smul' depends on axioms: [propext, Classical.choice, Quot.sound]
2026-09-26T13:13:50.5616238Z info: OIBridge/InstrumentRealization.lean:1258:0: 'OIBridge.InstrumentRealization.tensorRect_mulVec_ones' depends on axioms: [propext, Classical.choice, Quot.sound]
2026-09-26T13:13:50.5617145Z info: OIBridge/InstrumentRealization.lean:1259:0: 'OIBridge.InstrumentRealization.onesCompatible_tensorRect_one' depends on axioms: [propext,
2026-09-26T13:13:50.5617304Z  Classical.choice,
2026-09-26T13:13:50.5617456Z  Quot.sound]
2026-09-26T13:13:50.5618491Z info: OIBridge/InstrumentRealization.lean:1260:0: 'OIBridge.InstrumentRealization.onesClass_contextStable' depends on axioms: [propext, Classical.choice, Quot.sound]
2026-09-26T13:13:50.5619366Z info: OIBridge/InstrumentRealization.lean:1261:0: 'OIBridge.InstrumentRealization.reindex_left_conjTranspose_mulVec' depends on axioms: [propext,
2026-09-26T13:13:50.5619514Z  Classical.choice,
2026-09-26T13:13:50.5619664Z  Quot.sound]
2026-09-26T13:13:50.5620738Z info: OIBridge/InstrumentRealization.lean:1262:0: 'OIBridge.InstrumentRealization.onesCompatible_reindex_left' depends on axioms: [propext, Classical.choice, Quot.sound]
2026-09-26T13:13:50.5621643Z info: OIBridge/InstrumentRealization.lean:1263:0: 'OIBridge.InstrumentRealization.onesClass_labelInvariant' depends on axioms: [propext, Classical.choice, Quot.sound]
2026-09-26T13:13:50.5622581Z info: OIBridge/InstrumentRealization.lean:1264:0: 'OIBridge.InstrumentRealization.onesClass_daggerStable' depends on axioms: [propext, Classical.choice, Quot.sound]
2026-09-26T13:13:50.5623567Z info: OIBridge/InstrumentRealization.lean:1265:0: 'OIBridge.InstrumentRealization.isometry_fixes_ones' depends on axioms: [propext, Classical.choice, Quot.sound]
2026-09-26T13:13:50.5624545Z info: OIBridge/InstrumentRealization.lean:1266:0: 'OIBridge.InstrumentRealization.pairProj_eq_diagonal' depends on axioms: [propext, Classical.choice, Quot.sound]
2026-09-26T13:13:50.5625520Z info: OIBridge/InstrumentRealization.lean:1267:0: 'OIBridge.InstrumentRealization.pairProj_mulVec_ones' depends on axioms: [propext, Classical.choice, Quot.sound]
2026-09-26T13:13:50.5626650Z info: OIBridge/InstrumentRealization.lean:1268:0: 'OIBridge.InstrumentRealization.transition_mulVec_ones' depends on axioms: [propext, Classical.choice, Quot.sound]
2026-09-26T13:13:50.5627868Z info: OIBridge/InstrumentRealization.lean:1269:0: 'OIBridge.InstrumentRealization.pairProj_conjTranspose' depends on axioms: [propext, Classical.choice, Quot.sound]
2026-09-26T13:13:50.5628860Z info: OIBridge/InstrumentRealization.lean:1270:0: 'OIBridge.InstrumentRealization.flow_mul_one_sub_pairProj' depends on axioms: [propext, Classical.choice, Quot.sound]
2026-09-26T13:13:50.5629819Z info: OIBridge/InstrumentRealization.lean:1271:0: 'OIBridge.InstrumentRealization.flow_mul_pairProj' depends on axioms: [propext, Classical.choice, Quot.sound]
2026-09-26T13:13:50.5630767Z info: OIBridge/InstrumentRealization.lean:1272:0: 'OIBridge.InstrumentRealization.exp_star_mul_self' depends on axioms: [propext, Classical.choice, Quot.sound]
2026-09-26T13:13:50.5631594Z info: OIBridge/InstrumentRealization.lean:1273:0: 'OIBridge.InstrumentRealization.exp_ofReal_mul_I_eq' depends on axioms: [propext, Classical.choice, Quot.sound]
2026-09-26T13:13:50.5632953Z info: OIBridge/InstrumentRealization.lean:1274:0: 'OIBridge.InstrumentRealization.star_exp_ofReal_mul_I' depends on axioms: [propext, Classical.choice, Quot.sound]
2026-09-26T13:13:50.5633900Z info: OIBridge/InstrumentRealization.lean:1275:0: 'OIBridge.InstrumentRealization.pairPhase_isometry' depends on axioms: [propext, Classical.choice, Quot.sound]
2026-09-26T13:13:50.5634879Z info: OIBridge/InstrumentRealization.lean:1276:0: 'OIBridge.InstrumentRealization.pairPhase_mulVec_ones' depends on axioms: [propext, Classical.choice, Quot.sound]
2026-09-26T13:13:50.5636069Z info: OIBridge/InstrumentRealization.lean:1277:0: 'OIBridge.InstrumentRealization.pairPhaseOf_star_mul_self' depends on axioms: [propext, Classical.choice, Quot.sound]
2026-09-26T13:13:50.5637155Z info: OIBridge/InstrumentRealization.lean:1278:0: 'OIBridge.InstrumentRealization.levelGate_isometry' depends on axioms: [propext, Classical.choice, Quot.sound]
2026-09-26T13:13:50.5638263Z info: OIBridge/InstrumentRealization.lean:1279:0: 'OIBridge.InstrumentRealization.levelGate_mulVec_ones' depends on axioms: [propext, Classical.choice, Quot.sound]
2026-09-26T13:13:50.5639334Z info: OIBridge/InstrumentRealization.lean:1280:0: 'OIBridge.InstrumentRealization.levelGate_ancBlock' depends on axioms: [propext, Classical.choice, Quot.sound]
2026-09-26T13:13:50.5640307Z info: OIBridge/InstrumentRealization.lean:1281:0: 'OIBridge.InstrumentRealization.secEmb_conjTranspose_mul_tensorOf' depends on axioms: [propext,
2026-09-26T13:13:50.5640477Z  Classical.choice,
2026-09-26T13:13:50.5640630Z  Quot.sound]
2026-09-26T13:13:50.5641733Z info: OIBridge/InstrumentRealization.lean:1282:0: 'OIBridge.InstrumentRealization.diagonal_pairPhase_eq' depends on axioms: [propext, Classical.choice, Quot.sound]
2026-09-26T13:13:50.5642758Z info: OIBridge/InstrumentRealization.lean:1283:0: 'OIBridge.InstrumentRealization.gadget_block' depends on axioms: [propext, Classical.choice, Quot.sound]
2026-09-26T13:13:50.5643720Z info: OIBridge/InstrumentRealization.lean:1284:0: 'OIBridge.InstrumentRealization.transition_scaled_mem_onesClass' depends on axioms: [propext,
2026-09-26T13:13:50.5643895Z  Classical.choice,
2026-09-26T13:13:50.5644056Z  Quot.sound]
2026-09-26T13:13:50.5645135Z info: OIBridge/InstrumentRealization.lean:1285:0: 'OIBridge.InstrumentRealization.flow_mulVec_ones_apply' depends on axioms: [propext, Classical.choice, Quot.sound]
2026-09-26T13:13:50.5646168Z info: OIBridge/InstrumentRealization.lean:1286:0: 'OIBridge.InstrumentRealization.flow_realized_not_instrumentRealized' depends on axioms: [propext,
2026-09-26T13:13:50.5646335Z  Classical.choice,
2026-09-26T13:13:50.5646476Z  Quot.sound]
2026-09-26T13:13:50.5646870Z ℹ [3512/3600] Replayed OIBridge.FlowEndpoint
2026-09-26T13:13:50.5647534Z info: OIBridge/FlowEndpoint.lean:210:0: 'OIBridge.FlowEndpoint.onesTheory_avail_conj' depends on axioms: [propext, Classical.choice, Quot.sound]
2026-09-26T13:13:50.5648368Z info: OIBridge/FlowEndpoint.lean:211:0: 'OIBridge.FlowEndpoint.onesTheory_sourcedOI' depends on axioms: [propext, Classical.choice, Quot.sound]
2026-09-26T13:13:50.5649255Z info: OIBridge/FlowEndpoint.lean:212:0: 'OIBridge.FlowEndpoint.levelPerm_involutive' depends on axioms: [propext, Quot.sound]
2026-09-26T13:13:50.5650216Z info: OIBridge/FlowEndpoint.lean:213:0: 'OIBridge.FlowEndpoint.onesTheory_layerFlowExecutable' depends on axioms: [propext, Classical.choice, Quot.sound]
2026-09-26T13:13:50.5651004Z info: OIBridge/FlowEndpoint.lean:214:0: 'OIBridge.FlowEndpoint.exists_third' depends on axioms: [propext, Classical.choice, Quot.sound]
2026-09-26T13:13:50.5651936Z info: OIBridge/FlowEndpoint.lean:215:0: 'OIBridge.FlowEndpoint.onesTheory_no_quarter_flow' depends on axioms: [propext, Classical.choice, Quot.sound]
2026-09-26T13:13:50.5652912Z info: OIBridge/FlowEndpoint.lean:216:0: 'OIBridge.FlowEndpoint.onesTheory_not_phaseFree_general' depends on axioms: [propext, Classical.choice, Quot.sound]
2026-09-26T13:13:50.5653825Z info: OIBridge/FlowEndpoint.lean:217:0: 'OIBridge.FlowEndpoint.onesTheory_not_phaseFree' depends on axioms: [propext, Classical.choice, Quot.sound]
2026-09-26T13:13:50.5654751Z info: OIBridge/FlowEndpoint.lean:218:0: 'OIBridge.FlowEndpoint.flow_endpoint_refuted' depends on axioms: [propext, Classical.choice, Quot.sound]
2026-09-26T13:13:50.5655800Z info: OIBridge/FlowEndpoint.lean:219:0: 'OIBridge.FlowEndpoint.flow_endpoint_refuted_general' depends on axioms: [propext, Classical.choice, Quot.sound]
2026-09-26T13:13:50.5656661Z info: OIBridge/FlowEndpoint.lean:220:0: 'OIBridge.FlowEndpoint.phaseGate_mulVec_ones' depends on axioms: [propext, Classical.choice, Quot.sound]
2026-09-26T13:13:50.5657649Z info: OIBridge/FlowEndpoint.lean:221:0: 'OIBridge.FlowEndpoint.onesTheory_not_phasesAvailable' depends on axioms: [propext, Classical.choice, Quot.sound]
2026-09-26T13:13:50.5658576Z info: OIBridge/FlowEndpoint.lean:222:0: 'OIBridge.FlowEndpoint.onesTheory_not_derivedOI' depends on axioms: [propext, Classical.choice, Quot.sound]
2026-09-26T13:13:50.5659547Z info: OIBridge/FlowEndpoint.lean:223:0: 'OIBridge.FlowEndpoint.onesTheory_not_substratumAvail' depends on axioms: [propext, Classical.choice, Quot.sound]
2026-09-26T13:13:50.5660353Z info: OIBridge/FlowEndpoint.lean:224:0: 'OIBridge.FlowEndpoint.onesTheory_not_qm' depends on axioms: [propext, Classical.choice, Quot.sound]
2026-09-26T13:13:50.5660677Z ℹ [3513/3600] Replayed OIBridge.PhaseSource
2026-09-26T13:13:50.5661597Z info: OIBridge/PhaseSource.lean:203:0: 'OIBridge.PhaseSource.onesFixing_not_phasesAvailable' depends on axioms: [propext, Classical.choice, Quot.sound]
2026-09-26T13:13:50.5662483Z info: OIBridge/PhaseSource.lean:204:0: 'OIBridge.PhaseSource.permClass_onesFixing' depends on axioms: [propext, Classical.choice, Quot.sound]
2026-09-26T13:13:50.5663317Z info: OIBridge/PhaseSource.lean:205:0: 'OIBridge.PhaseSource.permTheory_not_phasesAvailable_onesFixing' depends on axioms: [propext,
2026-09-26T13:13:50.5663482Z  Classical.choice,
2026-09-26T13:13:50.5663643Z  Quot.sound]
2026-09-26T13:13:50.5664618Z info: OIBridge/PhaseSource.lean:206:0: 'OIBridge.PhaseSource.bijectiveOperator_mulVec_ones' depends on axioms: [propext, Classical.choice, Quot.sound]
2026-09-26T13:13:50.5665527Z info: OIBridge/PhaseSource.lean:207:0: 'OIBridge.PhaseSource.readWriteOperator_mulVec_ones' depends on axioms: [propext, Classical.choice, Quot.sound]
2026-09-26T13:13:50.5666439Z info: OIBridge/PhaseSource.lean:208:0: 'OIBridge.PhaseSource.phaseGate_not_scalar' depends on axioms: [propext, Classical.choice, Quot.sound]
2026-09-26T13:13:50.5667334Z info: OIBridge/PhaseSource.lean:209:0: 'OIBridge.PhaseSource.conjChannel_phaseGate_ne_id' depends on axioms: [propext, Classical.choice, Quot.sound]
2026-09-26T13:13:50.5668224Z info: OIBridge/PhaseSource.lean:210:0: 'OIBridge.PhaseSource.diagonal_conj_phaseGate' depends on axioms: [propext, Classical.choice, Quot.sound]
2026-09-26T13:13:50.5669090Z info: OIBridge/PhaseSource.lean:211:0: 'OIBridge.PhaseSource.phaseGate_moves_ones' depends on axioms: [propext, Classical.choice, Quot.sound]
2026-09-26T13:13:50.5670161Z info: OIBridge/PhaseSource.lean:212:0: 'OIBridge.PhaseSource.substratumClass_not_onesFixing' depends on axioms: [propext, Classical.choice, Quot.sound]
2026-09-26T13:13:50.5670439Z ℹ [3514/3600] Replayed OIBridge.DerivedQ3
2026-09-26T13:13:50.5671155Z info: OIBridge/DerivedQ3.lean:302:0: 'OIBridge.DerivedQ3.flipAt_self' depends on axioms: [propext, Classical.choice, Quot.sound]
2026-09-26T13:13:50.5671890Z info: OIBridge/DerivedQ3.lean:303:0: 'OIBridge.DerivedQ3.flipAt_of_ne' depends on axioms: [propext, Classical.choice, Quot.sound]
2026-09-26T13:13:50.5672667Z info: OIBridge/DerivedQ3.lean:304:0: 'OIBridge.DerivedQ3.phaseGate_mul_self' depends on axioms: [propext, Classical.choice, Quot.sound]
2026-09-26T13:13:50.5673520Z info: OIBridge/DerivedQ3.lean:305:0: 'OIBridge.DerivedQ3.gateFlow_isolation_flip' depends on axioms: [propext, Classical.choice, Quot.sound]
2026-09-26T13:13:50.5674267Z info: OIBridge/DerivedQ3.lean:306:0: 'OIBridge.DerivedQ3.flip_avail' depends on axioms: [propext, Classical.choice, Quot.sound]
2026-09-26T13:13:50.5675381Z info: OIBridge/DerivedQ3.lean:307:0: 'OIBridge.DerivedQ3.phaseFree_of_phases_layerFlowExecutable' depends on axioms: [propext, Classical.choice, Quot.sound]
2026-09-26T13:13:50.5676229Z info: OIBridge/DerivedQ3.lean:308:0: 'OIBridge.DerivedQ3.phaseFree_of_derivedOI_layerFlowExecutable' depends on axioms: [propext,
2026-09-26T13:13:50.5676397Z  Classical.choice,
2026-09-26T13:13:50.5676549Z  Quot.sound]
2026-09-26T13:13:50.5677546Z info: OIBridge/DerivedQ3.lean:309:0: 'OIBridge.DerivedQ3.qm_of_derivedOI_layerFlowExecutable' depends on axioms: [propext, Classical.choice, Quot.sound]
2026-09-26T13:13:50.5678518Z info: OIBridge/DerivedQ3.lean:310:0: 'OIBridge.DerivedQ3.derivedOI_qm_iff_layerFlowExecutable'' depends on axioms: [propext, Classical.choice, Quot.sound]
2026-09-26T13:13:50.5679473Z info: OIBridge/DerivedQ3.lean:311:0: 'OIBridge.DerivedQ3.derivedOI_layerFlowExecutable_of_qm' depends on axioms: [propext, Classical.choice, Quot.sound]
2026-09-26T13:13:50.5680313Z info: OIBridge/DerivedQ3.lean:312:0: 'OIBridge.DerivedQ3.phaseFree_of_derivedOI_layerFlowExecutable_swap' depends on axioms: [propext,
2026-09-26T13:13:50.5680480Z  Classical.choice,
2026-09-26T13:13:50.5680632Z  Quot.sound]
2026-09-26T13:13:50.5681425Z info: OIBridge/DerivedQ3.lean:313:0: 'OIBridge.DerivedQ3.derivedOI_qm_iff_layerFlowExecutable_swap'' depends on axioms: [propext,
2026-09-26T13:13:50.5681594Z  Classical.choice,
2026-09-26T13:13:50.5681739Z  Quot.sound]
2026-09-26T13:13:50.5682532Z info: OIBridge/DerivedQ3.lean:314:0: 'OIBridge.DerivedQ3.gateFlow_one_eq_one' depends on axioms: [propext, Classical.choice, Quot.sound]
2026-09-26T13:13:50.5683165Z info: OIBridge/DerivedQ3.lean:315:0: 'OIBridge.DerivedQ3.levelPerm_one' depends on axioms: [propext, Quot.sound]
2026-09-26T13:13:50.5683937Z info: OIBridge/DerivedQ3.lean:316:0: 'OIBridge.DerivedQ3.layerFlowExecutable_one' depends on axioms: [propext, Classical.choice, Quot.sound]
2026-09-26T13:13:50.5684888Z info: OIBridge/DerivedQ3.lean:317:0: 'OIBridge.DerivedQ3.substratumTheory_layerFlowExecutable_one' depends on axioms: [propext, Classical.choice, Quot.sound]
2026-09-26T13:13:50.5685750Z info: OIBridge/DerivedQ3.lean:318:0: 'OIBridge.DerivedQ3.derivedOI_layerFlowExecutable_one_not_phaseFree' depends on axioms: [propext,
2026-09-26T13:13:50.5685902Z  Classical.choice,
2026-09-26T13:13:50.5686048Z  Quot.sound]
2026-09-26T13:13:50.5686361Z ℹ [3515/3600] Replayed OIBridge.ExecSource
2026-09-26T13:13:50.5687137Z info: OIBridge/ExecSource.lean:208:0: 'OIBridge.ExecSource.exists_nonMonomial_of_layerFlowExecutable' depends on axioms: [propext,
2026-09-26T13:13:50.5687306Z  Classical.choice,
2026-09-26T13:13:50.5687462Z  Quot.sound]
2026-09-26T13:13:50.5688291Z info: OIBridge/ExecSource.lean:209:0: 'OIBridge.ExecSource.not_configurationLevel_of_layerFlowExecutable' depends on axioms: [propext,
2026-09-26T13:13:50.5688462Z  Classical.choice,
2026-09-26T13:13:50.5688622Z  Quot.sound]
2026-09-26T13:13:50.5689788Z info: OIBridge/ExecSource.lean:210:0: 'OIBridge.ExecSource.bijectionLevel_not_layerFlowExecutable' depends on axioms: [propext, Classical.choice, Quot.sound]
2026-09-26T13:13:50.5690633Z info: OIBridge/ExecSource.lean:211:0: 'OIBridge.ExecSource.configurationLevel_not_avail_gateFlow_half' depends on axioms: [propext,
2026-09-26T13:13:50.5690811Z  Classical.choice,
2026-09-26T13:13:50.5690962Z  Quot.sound]
2026-09-26T13:13:50.5691746Z info: OIBridge/ExecSource.lean:212:0: 'OIBridge.ExecSource.substratumTheory_not_avail_gateFlow_half' depends on axioms: [propext,
2026-09-26T13:13:50.5691895Z  Classical.choice,
2026-09-26T13:13:50.5692052Z  Quot.sound]
2026-09-26T13:13:50.5692906Z info: OIBridge/ExecSource.lean:213:0: 'OIBridge.ExecSource.obs_not_layerFlowExecutable' depends on axioms: [propext, Classical.choice, Quot.sound]
2026-09-26T13:13:50.5693858Z info: OIBridge/ExecSource.lean:214:0: 'OIBridge.ExecSource.obs_not_layerFlowExecutable_shear' depends on axioms: [propext, Classical.choice, Quot.sound]
2026-09-26T13:13:50.5694799Z info: OIBridge/ExecSource.lean:215:0: 'OIBridge.ExecSource.obs_not_layerFlowExecutable_swap' depends on axioms: [propext, Classical.choice, Quot.sound]
2026-09-26T13:13:50.5695452Z info: OIBridge/ExecSource.lean:216:0: 'OIBridge.ExecSource.waveSubstratum_swap_moves' depends on axioms: [propext, Classical.choice, Quot.sound]
2026-09-26T13:13:50.5696136Z info: OIBridge/ExecSource.lean:217:0: 'OIBridge.ExecSource.waveSubstratum_not_layerFlowExecutable_swap' depends on axioms: [propext,
2026-09-26T13:13:50.5696276Z  Classical.choice,
2026-09-26T13:13:50.5696400Z  Quot.sound]
2026-09-26T13:13:50.5697032Z info: OIBridge/ExecSource.lean:218:0: 'OIBridge.ExecSource.gateFlow_half_not_monomial' depends on axioms: [propext, Classical.choice, Quot.sound]
2026-09-26T13:13:50.5697769Z info: OIBridge/ExecSource.lean:219:0: 'OIBridge.ExecSource.onesClass_not_configurationLevel' depends on axioms: [propext, Classical.choice, Quot.sound]
2026-09-26T13:13:50.5698077Z ℹ [3516/3600] Replayed OIBridge.LiftSource
2026-09-26T13:13:50.5698779Z info: OIBridge/LiftSource.lean:313:0: 'OIBridge.LiftSource.not_layerFlowExecutable_of_preservesDiag' depends on axioms: [propext,
2026-09-26T13:13:50.5698939Z  Classical.choice,
2026-09-26T13:13:50.5699073Z  Quot.sound]
2026-09-26T13:13:50.5699859Z info: OIBridge/LiftSource.lean:314:0: 'OIBridge.LiftSource.coherentLift_isMonomial' depends on axioms: [propext, Classical.choice, Quot.sound]
2026-09-26T13:13:50.5700765Z info: OIBridge/LiftSource.lean:315:0: 'OIBridge.LiftSource.reversibleExtension_conj_monomial' depends on axioms: [propext, Classical.choice, Quot.sound]
2026-09-26T13:13:50.5701380Z info: OIBridge/LiftSource.lean:316:0: 'OIBridge.LiftSource.correlationExtension_preservesDiag' depends on axioms: [propext, Classical.choice, Quot.sound]
2026-09-26T13:13:50.5701816Z info: OIBridge/LiftSource.lean:317:0: 'OIBridge.LiftSource.coherentLiftClass_contains_lift' depends on axioms: [propext, Classical.choice, Quot.sound]
2026-09-26T13:13:50.5702279Z info: OIBridge/LiftSource.lean:318:0: 'OIBridge.LiftSource.coherentLiftClass_configurationLevel' depends on axioms: [propext, Classical.choice, Quot.sound]
2026-09-26T13:13:50.5702748Z info: OIBridge/LiftSource.lean:319:0: 'OIBridge.LiftSource.coherentLiftClass_eq_substratumClass' depends on axioms: [propext, Classical.choice, Quot.sound]
2026-09-26T13:13:50.5703154Z info: OIBridge/LiftSource.lean:320:0: 'OIBridge.LiftSource.coherentLiftClass_arch' depends on axioms: [propext, Classical.choice, Quot.sound]
2026-09-26T13:13:50.5703627Z info: OIBridge/LiftSource.lean:321:0: 'OIBridge.LiftSource.coherentLiftTheory_eq_substratumTheory' depends on axioms: [propext, Classical.choice, Quot.sound]
2026-09-26T13:13:50.5704014Z info: OIBridge/LiftSource.lean:322:0: 'OIBridge.LiftSource.coherentLiftClass_not_layerFlowExecutable' depends on axioms: [propext,
2026-09-26T13:13:50.5704107Z  Classical.choice,
2026-09-26T13:13:50.5704188Z  Quot.sound]
2026-09-26T13:13:50.5704613Z info: OIBridge/LiftSource.lean:323:0: 'OIBridge.LiftSource.obs_availExt_le_coherentLift' depends on axioms: [propext, Classical.choice, Quot.sound]
2026-09-26T13:13:50.5705180Z info: OIBridge/LiftSource.lean:324:0: 'OIBridge.LiftSource.waveSubstratum_coherentLift_not_layerFlowExecutable_swap' depends on axioms: [propext,
2026-09-26T13:13:50.5705276Z  Classical.choice,
2026-09-26T13:13:50.5705372Z  Quot.sound]
2026-09-26T13:13:50.5705875Z info: OIBridge/LiftSource.lean:325:0: 'OIBridge.LiftSource.single_isMonomial' depends on axioms: [propext, Classical.choice, Quot.sound]
2026-09-26T13:13:50.5706328Z info: OIBridge/LiftSource.lean:326:0: 'OIBridge.LiftSource.stochasticChannel_kraus_monomial' depends on axioms: [propext, Classical.choice, Quot.sound]
2026-09-26T13:13:50.5706777Z info: OIBridge/LiftSource.lean:327:0: 'OIBridge.LiftSource.stochasticChannel_preservesDiag' depends on axioms: [propext, Classical.choice, Quot.sound]
2026-09-26T13:13:50.5707219Z info: OIBridge/LiftSource.lean:328:0: 'OIBridge.LiftSource.stochastic_not_layerFlowExecutable' depends on axioms: [propext, Classical.choice, Quot.sound]
2026-09-26T13:13:50.5707727Z info: OIBridge/LiftSource.lean:329:0: 'OIBridge.LiftSource.avail_one_not_layerFlowExecutable' depends on axioms: [propext, Classical.choice, Quot.sound]
2026-09-26T13:13:50.5708098Z info: OIBridge/LiftSource.lean:330:0: 'OIBridge.LiftSource.obs_swap_avail_one_not_layerFlowExecutable' depends on axioms: [propext,
2026-09-26T13:13:50.5708183Z  Classical.choice,
2026-09-26T13:13:50.5708275Z  Quot.sound]
2026-09-26T13:13:50.5708468Z ℹ [3517/3600] Replayed OIBridge.C5Discovery
2026-09-26T13:13:50.5708887Z info: OIBridge/C5Discovery.lean:339:0: 'OIBridge.C5Discovery.obligations_independent' depends on axioms: [propext, Classical.choice, Quot.sound]
2026-09-26T13:13:50.5709298Z info: OIBridge/C5Discovery.lean:340:0: 'OIBridge.C5Discovery.killBattery_substratum' depends on axioms: [propext, Classical.choice, Quot.sound]
2026-09-26T13:13:50.5709689Z info: OIBridge/C5Discovery.lean:341:0: 'OIBridge.C5Discovery.killBattery_ones' depends on axioms: [propext, Classical.choice, Quot.sound]
2026-09-26T13:13:50.5710086Z info: OIBridge/C5Discovery.lean:342:0: 'OIBridge.C5Discovery.killBattery_perm' depends on axioms: [propext, Classical.choice, Quot.sound]
2026-09-26T13:13:50.5710476Z info: OIBridge/C5Discovery.lean:343:0: 'OIBridge.C5Discovery.killBattery_not_qm' depends on axioms: [propext, Classical.choice, Quot.sound]
2026-09-26T13:13:50.5710905Z info: OIBridge/C5Discovery.lean:344:0: 'OIBridge.C5Discovery.obligations_outside_battery' depends on axioms: [propext, Classical.choice, Quot.sound]
2026-09-26T13:13:50.5711358Z info: OIBridge/C5Discovery.lean:345:0: 'OIBridge.C5Discovery.bijectionLevel_fails_obligations' depends on axioms: [propext, Classical.choice, Quot.sound]
2026-09-26T13:13:50.5711780Z info: OIBridge/C5Discovery.lean:346:0: 'OIBridge.C5Discovery.updateLevel_symplectic_inert' depends on axioms: [propext, Classical.choice, Quot.sound]
2026-09-26T13:13:50.5712184Z info: OIBridge/C5Discovery.lean:347:0: 'OIBridge.C5Discovery.hadamard_not_monomial' depends on axioms: [propext, Classical.choice, Quot.sound]
2026-09-26T13:13:50.5712617Z info: OIBridge/C5Discovery.lean:348:0: 'OIBridge.C5Discovery.hadamard_not_preservesDiag' depends on axioms: [propext, Classical.choice, Quot.sound]
2026-09-26T13:13:50.5713034Z info: OIBridge/C5Discovery.lean:349:0: 'OIBridge.C5Discovery.siteSwapImage_not_monomial' depends on axioms: [propext, Classical.choice, Quot.sound]
2026-09-26T13:13:50.5713407Z info: OIBridge/C5Discovery.lean:350:0: 'OIBridge.C5Discovery.polGen_arch' depends on axioms: [propext, Classical.choice, Quot.sound]
2026-09-26T13:13:50.5713846Z info: OIBridge/C5Discovery.lean:351:0: 'OIBridge.C5Discovery.polGen_not_configurationLevel' depends on axioms: [propext, Classical.choice, Quot.sound]
2026-09-26T13:13:50.5714281Z info: OIBridge/C5Discovery.lean:352:0: 'OIBridge.C5Discovery.siteShearImage_one_eq_phaseGate' depends on axioms: [propext, Classical.choice, Quot.sound]
2026-09-26T13:13:50.5714728Z info: OIBridge/C5Discovery.lean:353:0: 'OIBridge.C5Discovery.polarizedTheory_phase_level_one' depends on axioms: [propext, Classical.choice, Quot.sound]
2026-09-26T13:13:50.5715196Z info: OIBridge/C5Discovery.lean:354:0: 'OIBridge.C5Discovery.gateFlow_half_eq_hsh' depends on axioms: [propext, Classical.choice, Quot.sound]
2026-09-26T13:13:50.5715711Z info: OIBridge/C5Discovery.lean:355:0: 'OIBridge.C5Discovery.polarizedTheory_swap_half_level_one' depends on axioms: [propext, Classical.choice, Quot.sound]
2026-09-26T13:13:50.5715904Z ℹ [3518/3600] Replayed OIBridge.PolarizationClosure
2026-09-26T13:13:50.5716366Z info: OIBridge/PolarizationClosure.lean:737:0: 'OIBridge.PolarizationClosure.gateFlow_entries' depends on axioms: [propext, Classical.choice, Quot.sound]
2026-09-26T13:13:50.5716855Z info: OIBridge/PolarizationClosure.lean:738:0: 'OIBridge.PolarizationClosure.gateFlow_not_proportional' depends on axioms: [propext, Classical.choice, Quot.sound]
2026-09-26T13:13:50.5717281Z info: OIBridge/PolarizationClosure.lean:739:0: 'OIBridge.PolarizationClosure.countable_not_layerFlowExecutable' depends on axioms: [propext,
2026-09-26T13:13:50.5717379Z  Classical.choice,
2026-09-26T13:13:50.5717459Z  Quot.sound]
2026-09-26T13:13:50.5717957Z info: OIBridge/PolarizationClosure.lean:740:0: 'OIBridge.PolarizationClosure.uncountable_of_layerFlowExecutable' depends on axioms: [propext,
2026-09-26T13:13:50.5718053Z  Classical.choice,
2026-09-26T13:13:50.5718135Z  Quot.sound]
2026-09-26T13:13:50.5718571Z info: OIBridge/PolarizationClosure.lean:741:0: 'OIBridge.PolarizationClosure.polC_arch' depends on axioms: [propext, Classical.choice, Quot.sound]
2026-09-26T13:13:50.5719034Z info: OIBridge/PolarizationClosure.lean:742:0: 'OIBridge.PolarizationClosure.polC_labelInvariant' depends on axioms: [propext, Classical.choice, Quot.sound]
2026-09-26T13:13:50.5719475Z info: OIBridge/PolarizationClosure.lean:743:0: 'OIBridge.PolarizationClosure.polGen_le_polC' depends on axioms: [propext, Classical.choice, Quot.sound]
2026-09-26T13:13:50.5719915Z info: OIBridge/PolarizationClosure.lean:744:0: 'OIBridge.PolarizationClosure.gen_countable' depends on axioms: [propext, Classical.choice, Quot.sound]
2026-09-26T13:13:50.5720355Z info: OIBridge/PolarizationClosure.lean:745:0: 'OIBridge.PolarizationClosure.gen_reindex' depends on axioms: [propext, Classical.choice, Quot.sound]
2026-09-26T13:13:50.5720790Z info: OIBridge/PolarizationClosure.lean:746:0: 'OIBridge.PolarizationClosure.polC_mem_gen' depends on axioms: [propext, Classical.choice, Quot.sound]
2026-09-26T13:13:50.5721276Z info: OIBridge/PolarizationClosure.lean:747:0: 'OIBridge.PolarizationClosure.polC_countable_upToScalar' depends on axioms: [propext, Classical.choice, Quot.sound]
2026-09-26T13:13:50.5721770Z info: OIBridge/PolarizationClosure.lean:748:0: 'OIBridge.PolarizationClosure.polGen_countable_upToScalar' depends on axioms: [propext, Classical.choice, Quot.sound]
2026-09-26T13:13:50.5722366Z info: OIBridge/PolarizationClosure.lean:749:0: 'OIBridge.PolarizationClosure.polarizedTheoryC_not_layerFlowExecutable' depends on axioms: [propext,
2026-09-26T13:13:50.5722465Z  Classical.choice,
2026-09-26T13:13:50.5722556Z  Quot.sound]
2026-09-26T13:13:50.5723003Z info: OIBridge/PolarizationClosure.lean:750:0: 'OIBridge.PolarizationClosure.polarizedTheory_not_layerFlowExecutable' depends on axioms: [propext,
2026-09-26T13:13:50.5723096Z  Classical.choice,
2026-09-26T13:13:50.5723185Z  Quot.sound]
2026-09-26T13:13:50.5723646Z info: OIBridge/PolarizationClosure.lean:751:0: 'OIBridge.PolarizationClosure.phaseRelabel_block' depends on axioms: [propext, Classical.choice, Quot.sound]
2026-09-26T13:13:50.5724093Z info: OIBridge/PolarizationClosure.lean:752:0: 'OIBridge.PolarizationClosure.polC_phaseGate' depends on axioms: [propext, Classical.choice, Quot.sound]
2026-09-26T13:13:50.5724522Z info: OIBridge/PolarizationClosure.lean:753:0: 'OIBridge.PolarizationClosure.polarizedTheoryC_phasesAvailable' depends on axioms: [propext,
2026-09-26T13:13:50.5724611Z  Classical.choice,
2026-09-26T13:13:50.5724699Z  Quot.sound]
2026-09-26T13:13:50.5725156Z info: OIBridge/PolarizationClosure.lean:754:0: 'OIBridge.PolarizationClosure.polC_daggerStable' depends on axioms: [propext, Classical.choice, Quot.sound]
2026-09-26T13:13:50.5725762Z info: OIBridge/PolarizationClosure.lean:755:0: 'OIBridge.PolarizationClosure.polC_contextStable' depends on axioms: [propext, Classical.choice, Quot.sound]
2026-09-26T13:13:50.5726268Z info: OIBridge/PolarizationClosure.lean:756:0: 'OIBridge.PolarizationClosure.polarizedTheoryC_derivedOI' depends on axioms: [propext, Classical.choice, Quot.sound]
2026-09-26T13:13:50.5726755Z info: OIBridge/PolarizationClosure.lean:757:0: 'OIBridge.PolarizationClosure.polarizedTheoryC_not_qm' depends on axioms: [propext, Classical.choice, Quot.sound]
2026-09-26T13:13:50.5727214Z info: OIBridge/PolarizationClosure.lean:758:0: 'OIBridge.PolarizationClosure.killBattery'_not_qm' depends on axioms: [propext, Classical.choice, Quot.sound]
2026-09-26T13:13:50.5727686Z info: OIBridge/PolarizationClosure.lean:759:0: 'OIBridge.PolarizationClosure.levelThreeWord_mem' depends on axioms: [propext, Classical.choice, Quot.sound]
2026-09-26T13:13:50.5728224Z info: OIBridge/PolarizationClosure.lean:760:0: 'OIBridge.PolarizationClosure.levelThree_word_block' depends on axioms: [propext, Classical.choice, Quot.sound]
2026-09-26T13:13:50.5728717Z info: OIBridge/PolarizationClosure.lean:761:0: 'OIBridge.PolarizationClosure.levelThree_block_not_clifford' depends on axioms: [propext, Classical.choice, Quot.sound]
2026-09-26T13:13:50.5729188Z info: OIBridge/PolarizationClosure.lean:762:0: 'OIBridge.PolarizationClosure.polC_levelThree_block' depends on axioms: [propext, Classical.choice, Quot.sound]
2026-09-26T13:13:50.5729404Z ℹ [3519/3600] Replayed OIBridge.CoherentContinuumSource
2026-09-26T13:13:50.5729906Z info: OIBridge/CoherentContinuumSource.lean:349:0: 'OIBridge.CoherentContinuumSource.gateFlow_entries_im' depends on axioms: [propext, Classical.choice, Quot.sound]
2026-09-26T13:13:50.5730402Z info: OIBridge/CoherentContinuumSource.lean:350:0: 'OIBridge.CoherentContinuumSource.gateFlow_not_monomial' depends on axioms: [propext, Classical.choice, Quot.sound]
2026-09-26T13:13:50.5730918Z info: OIBridge/CoherentContinuumSource.lean:351:0: 'OIBridge.CoherentContinuumSource.isMonomial_of_smul' depends on axioms: [propext, Classical.choice, Quot.sound]
2026-09-26T13:13:50.5731362Z info: OIBridge/CoherentContinuumSource.lean:352:0: 'OIBridge.CoherentContinuumSource.gateFlow_not_countablyCovered' depends on axioms: [propext,
2026-09-26T13:13:50.5731446Z  Classical.choice,
2026-09-26T13:13:50.5731533Z  Quot.sound]
2026-09-26T13:13:50.5732036Z info: OIBridge/CoherentContinuumSource.lean:353:0: 'OIBridge.CoherentContinuumSource.nonMonomialCountablyCovered_of_countable' depends on axioms: [propext,
2026-09-26T13:13:50.5732121Z  Classical.choice,
2026-09-26T13:13:50.5732207Z  Quot.sound]
2026-09-26T13:13:50.5732731Z info: OIBridge/CoherentContinuumSource.lean:354:0: 'OIBridge.CoherentContinuumSource.uncountableNonMonomialRays_of_layerFlowExecutable' depends on axioms: [propext,
2026-09-26T13:13:50.5732835Z  Classical.choice,
2026-09-26T13:13:50.5732929Z  Quot.sound]
2026-09-26T13:13:50.5733450Z info: OIBridge/CoherentContinuumSource.lean:355:0: 'OIBridge.CoherentContinuumSource.not_layerFlowExecutable_of_nonMonomialCountablyCovered' depends on axioms: [propext,
2026-09-26T13:13:50.5733544Z  Classical.choice,
2026-09-26T13:13:50.5733631Z  Quot.sound]
2026-09-26T13:13:50.5734097Z info: OIBridge/CoherentContinuumSource.lean:356:0: 'OIBridge.CoherentContinuumSource.uncountableNonMonomialRays_of_qm' depends on axioms: [propext,
2026-09-26T13:13:50.5734188Z  Classical.choice,
2026-09-26T13:13:50.5734277Z  Quot.sound]
2026-09-26T13:13:50.5734791Z info: OIBridge/CoherentContinuumSource.lean:357:0: 'OIBridge.CoherentContinuumSource.substratumClass_monomial' depends on axioms: [propext, Classical.choice, Quot.sound]
2026-09-26T13:13:50.5735230Z info: OIBridge/CoherentContinuumSource.lean:358:0: 'OIBridge.CoherentContinuumSource.weightGate_not_proportional' depends on axioms: [propext,
2026-09-26T13:13:50.5735320Z  Classical.choice,
2026-09-26T13:13:50.5735475Z  Quot.sound]
2026-09-26T13:13:50.5736273Z info: OIBridge/CoherentContinuumSource.lean:359:0: 'OIBridge.CoherentContinuumSource.substratumClass_not_countablyCovered' depends on axioms: [propext,
2026-09-26T13:13:50.5736369Z  Classical.choice,
2026-09-26T13:13:50.5736452Z  Quot.sound]
2026-09-26T13:13:50.5737080Z info: OIBridge/CoherentContinuumSource.lean:360:0: 'OIBridge.CoherentContinuumSource.polC_nonMonomialCountablyCovered' depends on axioms: [propext,
2026-09-26T13:13:50.5737168Z  Classical.choice,
2026-09-26T13:13:50.5737253Z  Quot.sound]
2026-09-26T13:13:50.5737767Z info: OIBridge/CoherentContinuumSource.lean:361:0: 'OIBridge.CoherentContinuumSource.known_failures_orthogonal' depends on axioms: [propext, Classical.choice, Quot.sound]
2026-09-26T13:13:50.5738211Z info: OIBridge/CoherentContinuumSource.lean:362:0: 'OIBridge.CoherentContinuumSource.readWriteOperator_range_finite' depends on axioms: [propext,
2026-09-26T13:13:50.5738302Z  Classical.choice,
2026-09-26T13:13:50.5738394Z  Quot.sound]
2026-09-26T13:13:50.5738958Z info: OIBridge/CoherentContinuumSource.lean:363:0: 'OIBridge.CoherentContinuumSource.readWrite_parameter_uncountable_image_finite' depends on axioms: [propext,
2026-09-26T13:13:50.5739052Z  Classical.choice,
2026-09-26T13:13:50.5739143Z  Quot.sound]
2026-09-26T13:13:50.5739586Z info: OIBridge/CoherentContinuumSource.lean:364:0: 'OIBridge.CoherentContinuumSource.gateFlow_path_coherent_continuum' depends on axioms: [propext,
2026-09-26T13:13:50.5739675Z  Classical.choice,
2026-09-26T13:13:50.5739764Z  Quot.sound]
2026-09-26T13:13:50.5740195Z info: OIBridge/CoherentContinuumSource.lean:365:0: 'OIBridge.CoherentContinuumSource.coherent_continuum_not_sourced' depends on axioms: [propext,
2026-09-26T13:13:50.5740287Z  Classical.choice,
2026-09-26T13:13:50.5740378Z  Quot.sound]
2026-09-26T13:13:50.5740578Z ℹ [3520/3600] Replayed OIBridge.StateMixingCoupling
2026-09-26T13:13:50.5741016Z info: OIBridge/StateMixingCoupling.lean:707:0: 'OIBridge.StateMixingCoupling.mixR_arch' depends on axioms: [propext, Classical.choice, Quot.sound]
2026-09-26T13:13:50.5741463Z info: OIBridge/StateMixingCoupling.lean:708:0: 'OIBridge.StateMixingCoupling.mixR_le_mixC' depends on axioms: [propext, Classical.choice, Quot.sound]
2026-09-26T13:13:50.5741899Z info: OIBridge/StateMixingCoupling.lean:709:0: 'OIBridge.StateMixingCoupling.mixImage_mul' depends on axioms: [propext, Classical.choice, Quot.sound]
2026-09-26T13:13:50.5742354Z info: OIBridge/StateMixingCoupling.lean:710:0: 'OIBridge.StateMixingCoupling.mixImage_unitary' depends on axioms: [propext, Classical.choice, Quot.sound]
2026-09-26T13:13:50.5742827Z info: OIBridge/StateMixingCoupling.lean:711:0: 'OIBridge.StateMixingCoupling.mixImage_not_monomial' depends on axioms: [propext, Classical.choice, Quot.sound]
2026-09-26T13:13:50.5743304Z info: OIBridge/StateMixingCoupling.lean:712:0: 'OIBridge.StateMixingCoupling.mixImage_not_proportional' depends on axioms: [propext, Classical.choice, Quot.sound]
2026-09-26T13:13:50.5743724Z info: OIBridge/StateMixingCoupling.lean:713:0: 'OIBridge.StateMixingCoupling.mixC_uncountableNonMonomialRays' depends on axioms: [propext,
2026-09-26T13:13:50.5743824Z  Classical.choice,
2026-09-26T13:13:50.5743904Z  Quot.sound]
2026-09-26T13:13:50.5744374Z info: OIBridge/StateMixingCoupling.lean:714:0: 'OIBridge.StateMixingCoupling.phaseIndicator_mem' depends on axioms: [propext, Classical.choice, Quot.sound]
2026-09-26T13:13:50.5744824Z info: OIBridge/StateMixingCoupling.lean:715:0: 'OIBridge.StateMixingCoupling.siteShear_mem' depends on axioms: [propext, Classical.choice, Quot.sound]
2026-09-26T13:13:50.5745286Z info: OIBridge/StateMixingCoupling.lean:716:0: 'OIBridge.StateMixingCoupling.gateFlow_eq_shear_mix' depends on axioms: [propext, Classical.choice, Quot.sound]
2026-09-26T13:13:50.5745805Z info: OIBridge/StateMixingCoupling.lean:717:0: 'OIBridge.StateMixingCoupling.layerFlowExecutable_of_mixSourced' depends on axioms: [propext,
2026-09-26T13:13:50.5745899Z  Classical.choice,
2026-09-26T13:13:50.5746082Z  Quot.sound]
2026-09-26T13:13:50.5746598Z info: OIBridge/StateMixingCoupling.lean:718:0: 'OIBridge.StateMixingCoupling.mixTheory_layerFlowExecutable' depends on axioms: [propext, Classical.choice, Quot.sound]
2026-09-26T13:13:50.5747053Z info: OIBridge/StateMixingCoupling.lean:719:0: 'OIBridge.StateMixingCoupling.mixC_daggerStable' depends on axioms: [propext, Classical.choice, Quot.sound]
2026-09-26T13:13:50.5747504Z info: OIBridge/StateMixingCoupling.lean:720:0: 'OIBridge.StateMixingCoupling.mixC_contextStable' depends on axioms: [propext, Classical.choice, Quot.sound]
2026-09-26T13:13:50.5747980Z info: OIBridge/StateMixingCoupling.lean:721:0: 'OIBridge.StateMixingCoupling.derivedOI_of_stated' depends on axioms: [propext, Classical.choice, Quot.sound]
2026-09-26T13:13:50.5748448Z info: OIBridge/StateMixingCoupling.lean:722:0: 'OIBridge.StateMixingCoupling.mixTheory_derivedOI' depends on axioms: [propext, Classical.choice, Quot.sound]
2026-09-26T13:13:50.5748887Z info: OIBridge/StateMixingCoupling.lean:723:0: 'OIBridge.StateMixingCoupling.qm_of_mixSourced' depends on axioms: [propext, Classical.choice, Quot.sound]
2026-09-26T13:13:50.5749412Z info: OIBridge/StateMixingCoupling.lean:724:0: 'OIBridge.StateMixingCoupling.mixTheory_phaseFree' depends on axioms: [propext, Classical.choice, Quot.sound]
2026-09-26T13:13:50.5749881Z info: OIBridge/StateMixingCoupling.lean:725:0: 'OIBridge.StateMixingCoupling.mixTheory_endpoint' depends on axioms: [propext, Classical.choice, Quot.sound]
2026-09-26T13:13:50.5750320Z info: OIBridge/StateMixingCoupling.lean:726:0: 'OIBridge.StateMixingCoupling.mixTheory_qm' depends on axioms: [propext, Classical.choice, Quot.sound]
2026-09-26T13:13:50.5750805Z info: OIBridge/StateMixingCoupling.lean:727:0: 'OIBridge.StateMixingCoupling.mixR_countable_upToScalar' depends on axioms: [propext, Classical.choice, Quot.sound]
2026-09-26T13:13:50.5751234Z info: OIBridge/StateMixingCoupling.lean:728:0: 'OIBridge.StateMixingCoupling.mixTheoryR_not_layerFlowExecutable' depends on axioms: [propext,
2026-09-26T13:13:50.5751321Z  Classical.choice,
2026-09-26T13:13:50.5751416Z  Quot.sound]
2026-09-26T13:13:50.5751876Z info: OIBridge/StateMixingCoupling.lean:729:0: 'OIBridge.StateMixingCoupling.mixTheoryR_not_qm' depends on axioms: [propext, Classical.choice, Quot.sound]
2026-09-26T13:13:50.5752343Z info: OIBridge/StateMixingCoupling.lean:730:0: 'OIBridge.StateMixingCoupling.mixTheory_empty_not_qm' depends on axioms: [propext, Classical.choice, Quot.sound]
2026-09-26T13:13:50.5752781Z info: OIBridge/StateMixingCoupling.lean:731:0: 'OIBridge.StateMixingCoupling.comparison' depends on axioms: [propext, Classical.choice, Quot.sound]
2026-09-26T13:13:50.5752954Z ℹ [3521/3600] Replayed OIBridge.RealPairFlow
2026-09-26T13:13:50.5753341Z info: OIBridge/RealPairFlow.lean:647:0: 'OIBridge.RealPairFlow.rotR_inj_small' depends on axioms: [propext, Classical.choice, Quot.sound]
2026-09-26T13:13:50.5753739Z info: OIBridge/RealPairFlow.lean:648:0: 'OIBridge.RealPairFlow.transport_rotR' depends on axioms: [propext, Classical.choice, Quot.sound]
2026-09-26T13:13:50.5754185Z info: OIBridge/RealPairFlow.lean:649:0: 'OIBridge.RealPairFlow.PairFlow.pairFlow_det_one' depends on axioms: [propext, Classical.choice, Quot.sound]
2026-09-26T13:13:50.5754612Z info: OIBridge/RealPairFlow.lean:650:0: 'OIBridge.RealPairFlow.PairFlow.pairFlow_form' depends on axioms: [propext, Classical.choice, Quot.sound]
2026-09-26T13:13:50.5755050Z info: OIBridge/RealPairFlow.lean:651:0: 'OIBridge.RealPairFlow.PairFlow.pairFlow_eq_rotR_ang' depends on axioms: [propext, Classical.choice, Quot.sound]
2026-09-26T13:13:50.5755499Z info: OIBridge/RealPairFlow.lean:652:0: 'OIBridge.RealPairFlow.PairFlow.pairFlow_exists_eps' depends on axioms: [propext, Classical.choice, Quot.sound]
2026-09-26T13:13:50.5755999Z info: OIBridge/RealPairFlow.lean:653:0: 'OIBridge.RealPairFlow.PairFlow.pairFlow_ang_add' depends on axioms: [propext, Classical.choice, Quot.sound]
2026-09-26T13:13:50.5756442Z info: OIBridge/RealPairFlow.lean:654:0: 'OIBridge.RealPairFlow.PairFlow.pairFlow_ang_linear' depends on axioms: [propext, Classical.choice, Quot.sound]
2026-09-26T13:13:50.5756941Z info: OIBridge/RealPairFlow.lean:655:0: 'OIBridge.RealPairFlow.PairFlow.pairFlow_rate' depends on axioms: [propext, Classical.choice, Quot.sound]
2026-09-26T13:13:50.5757416Z info: OIBridge/RealPairFlow.lean:656:0: 'OIBridge.RealPairFlow.PairFlow.pairFlow_supplies_mixImage' depends on axioms: [propext, Classical.choice, Quot.sound]
2026-09-26T13:13:50.5757825Z info: OIBridge/RealPairFlow.lean:657:0: 'OIBridge.RealPairFlow.qm_of_pairFlowSourced' depends on axioms: [propext, Classical.choice, Quot.sound]
2026-09-26T13:13:50.5758210Z info: OIBridge/RealPairFlow.lean:658:0: 'OIBridge.RealPairFlow.flowR_eq_mixC' depends on axioms: [propext, Classical.choice, Quot.sound]
2026-09-26T13:13:50.5758641Z info: OIBridge/RealPairFlow.lean:659:0: 'OIBridge.RealPairFlow.pairFlowTheory_endpoint' depends on axioms: [propext, Classical.choice, Quot.sound]
2026-09-26T13:13:50.5759040Z info: OIBridge/RealPairFlow.lean:660:0: 'OIBridge.RealPairFlow.pairFlowTheory_qm' depends on axioms: [propext, Classical.choice, Quot.sound]
2026-09-26T13:13:50.5759510Z info: OIBridge/RealPairFlow.lean:661:0: 'OIBridge.RealPairFlow.shearFlow_all_but_orth' depends on axioms: [propext, Classical.choice, Quot.sound]
2026-09-26T13:13:50.5759918Z info: OIBridge/RealPairFlow.lean:662:0: 'OIBridge.RealPairFlow.shearFlow_ne_rotR' depends on axioms: [propext, Classical.choice, Quot.sound]
2026-09-26T13:13:50.5760325Z info: OIBridge/RealPairFlow.lean:663:0: 'OIBridge.RealPairFlow.boostFlow_all_but_orth' depends on axioms: [propext, Classical.choice, Quot.sound]
2026-09-26T13:13:50.5760724Z info: OIBridge/RealPairFlow.lean:664:0: 'OIBridge.RealPairFlow.boostFlow_ne_rotR' depends on axioms: [propext, Classical.choice, Quot.sound]
2026-09-26T13:13:50.5761165Z info: OIBridge/RealPairFlow.lean:665:0: 'OIBridge.RealPairFlow.constFlow_all_but_nontrivial' depends on axioms: [propext, Classical.choice, Quot.sound]
2026-09-26T13:13:50.5761567Z info: OIBridge/RealPairFlow.lean:666:0: 'OIBridge.RealPairFlow.constFlow_transport' depends on axioms: [propext, Classical.choice, Quot.sound]
2026-09-26T13:13:50.5761761Z ℹ [3522/3600] Replayed OIBridge.PairFlowEquivalence
2026-09-26T13:13:50.5762193Z info: OIBridge/PairFlowEquivalence.lean:258:0: 'OIBridge.PairFlowEquivalence.rotR_orth' depends on axioms: [propext, Classical.choice, Quot.sound]
2026-09-26T13:13:50.5762644Z info: OIBridge/PairFlowEquivalence.lean:259:0: 'OIBridge.PairFlowEquivalence.rotR_continuous' depends on axioms: [propext, Classical.choice, Quot.sound]
2026-09-26T13:13:50.5763072Z info: OIBridge/PairFlowEquivalence.lean:260:0: 'OIBridge.PairFlowEquivalence.rotFlow_A' depends on axioms: [propext, Classical.choice, Quot.sound]
2026-09-26T13:13:50.5763555Z info: OIBridge/PairFlowEquivalence.lean:261:0: 'OIBridge.PairFlowEquivalence.pairFlowSourced_of_qm' depends on axioms: [propext, Classical.choice, Quot.sound]
2026-09-26T13:13:50.5763971Z info: OIBridge/PairFlowEquivalence.lean:262:0: 'OIBridge.PairFlowEquivalence.derivedOI_pairFlowSourced_of_qm' depends on axioms: [propext,
2026-09-26T13:13:50.5764061Z  Classical.choice,
2026-09-26T13:13:50.5764146Z  Quot.sound]
2026-09-26T13:13:50.5764643Z info: OIBridge/PairFlowEquivalence.lean:263:0: 'OIBridge.PairFlowEquivalence.mixAvail_of_pairFlowSourced' depends on axioms: [propext, Classical.choice, Quot.sound]
2026-09-26T13:13:50.5765057Z info: OIBridge/PairFlowEquivalence.lean:264:0: 'OIBridge.PairFlowEquivalence.identity_avail_of_pairFlowSourced' depends on axioms: [propext,
2026-09-26T13:13:50.5765149Z  Classical.choice,
2026-09-26T13:13:50.5765231Z  Quot.sound]
2026-09-26T13:13:50.5765807Z info: OIBridge/PairFlowEquivalence.lean:265:0: 'OIBridge.PairFlowEquivalence.phaseIndicator_avail' depends on axioms: [propext, Classical.choice, Quot.sound]
2026-09-26T13:13:50.5766259Z info: OIBridge/PairFlowEquivalence.lean:266:0: 'OIBridge.PairFlowEquivalence.siteShear_avail' depends on axioms: [propext, Classical.choice, Quot.sound]
2026-09-26T13:13:50.5766732Z info: OIBridge/PairFlowEquivalence.lean:267:0: 'OIBridge.PairFlowEquivalence.conjChannel_unit_smul' depends on axioms: [propext, Classical.choice, Quot.sound]
2026-09-26T13:13:50.5767272Z info: OIBridge/PairFlowEquivalence.lean:268:0: 'OIBridge.PairFlowEquivalence.layerFlowExecutable_of_derivedOI_pairFlowSourced' depends on axioms: [propext,
2026-09-26T13:13:50.5767364Z  Classical.choice,
2026-09-26T13:13:50.5767443Z  Quot.sound]
2026-09-26T13:13:50.5767850Z info: OIBridge/PairFlowEquivalence.lean:269:0: 'OIBridge.PairFlowEquivalence.qm_of_derivedOI_pairFlowSourced' depends on axioms: [propext,
2026-09-26T13:13:50.5767943Z  Classical.choice,
2026-09-26T13:13:50.5768023Z  Quot.sound]
2026-09-26T13:13:50.5768433Z info: OIBridge/PairFlowEquivalence.lean:270:0: 'OIBridge.PairFlowEquivalence.qm_iff_derivedOI_pairFlowSourced' depends on axioms: [propext,
2026-09-26T13:13:50.5768528Z  Classical.choice,
2026-09-26T13:13:50.5768607Z  Quot.sound]
2026-09-26T13:13:50.5769051Z info: OIBridge/PairFlowEquivalence.lean:271:0: 'OIBridge.PairFlowEquivalence.polarizedTheoryC_not_pairFlowSourced' depends on axioms: [propext,
2026-09-26T13:13:50.5769145Z  Classical.choice,
2026-09-26T13:13:50.5769287Z  Quot.sound]
2026-09-26T13:13:50.5769791Z info: OIBridge/PairFlowEquivalence.lean:272:0: 'OIBridge.PairFlowEquivalence.countable_not_pairFlowSourced' depends on axioms: [propext, Classical.choice, Quot.sound]
2026-09-26T13:13:50.5769981Z ℹ [3553/3600] Replayed OIBridge.DiscreteCompletion
2026-09-26T13:13:50.5770410Z info: OIBridge/DiscreteCompletion.lean:1960:0: 'OIBridge.DiscreteCompletion.conj_within' depends on axioms: [propext, Classical.choice, Quot.sound]
2026-09-26T13:13:50.5770862Z info: OIBridge/DiscreteCompletion.lean:1961:0: 'OIBridge.DiscreteCompletion.norm_mul_sub_mul_le' depends on axioms: [propext, Classical.choice, Quot.sound]
2026-09-26T13:13:50.5771295Z info: OIBridge/DiscreteCompletion.lean:1962:0: 'OIBridge.DiscreteCompletion.blockOf_mul' depends on axioms: [propext, Classical.choice, Quot.sound]
2026-09-26T13:13:50.5771744Z info: OIBridge/DiscreteCompletion.lean:1963:0: 'OIBridge.DiscreteCompletion.blockOf_unitary' depends on axioms: [propext, Classical.choice, Quot.sound]
2026-09-26T13:13:50.5772236Z info: OIBridge/DiscreteCompletion.lean:1964:0: 'OIBridge.DiscreteCompletion.blockOnly_rot_sub_one_norm_le' depends on axioms: [propext, Classical.choice, Quot.sound]
2026-09-26T13:13:50.5772691Z info: OIBridge/DiscreteCompletion.lean:1965:0: 'OIBridge.DiscreteCompletion.blockOf_rot_dist_le' depends on axioms: [propext, Classical.choice, Quot.sound]
2026-09-26T13:13:50.5773111Z info: OIBridge/DiscreteCompletion.lean:1966:0: 'OIBridge.DiscreteCompletion.rx_eq_conj' depends on axioms: [propext, Classical.choice, Quot.sound]
2026-09-26T13:13:50.5773535Z info: OIBridge/DiscreteCompletion.lean:1967:0: 'OIBridge.DiscreteCompletion.rot_rx_rot' depends on axioms: [propext, Classical.choice, Quot.sound]
2026-09-26T13:13:50.5773957Z info: OIBridge/DiscreteCompletion.lean:1968:0: 'OIBridge.DiscreteCompletion.su2_form' depends on axioms: [propext, Classical.choice, Quot.sound]
2026-09-26T13:13:50.5774422Z info: OIBridge/DiscreteCompletion.lean:1969:0: 'OIBridge.DiscreteCompletion.exists_unit_scalar_su2' depends on axioms: [propext, Classical.choice, Quot.sound]
2026-09-26T13:13:50.5774862Z info: OIBridge/DiscreteCompletion.lean:1970:0: 'OIBridge.DiscreteCompletion.euler_of_su2' depends on axioms: [propext, Classical.choice, Quot.sound]
2026-09-26T13:13:50.5775314Z info: OIBridge/DiscreteCompletion.lean:1971:0: 'OIBridge.DiscreteCompletion.euler_of_unitary' depends on axioms: [propext, Classical.choice, Quot.sound]
2026-09-26T13:13:50.5775816Z info: OIBridge/DiscreteCompletion.lean:1972:0: 'OIBridge.DiscreteCompletion.dense_angles' depends on axioms: [propext, Classical.choice, Quot.sound]
2026-09-26T13:13:50.5776305Z info: OIBridge/DiscreteCompletion.lean:1973:0: 'OIBridge.DiscreteCompletion.BlockRepertoire.rot_approx' depends on axioms: [propext, Classical.choice, Quot.sound]
2026-09-26T13:13:50.5776796Z info: OIBridge/DiscreteCompletion.lean:1974:0: 'OIBridge.DiscreteCompletion.BlockRepertoire.rx_approx' depends on axioms: [propext, Classical.choice, Quot.sound]
2026-09-26T13:13:50.5777415Z info: OIBridge/DiscreteCompletion.lean:1975:0: 'OIBridge.DiscreteCompletion.BlockRepertoire.dense_block_su2' depends on axioms: [propext, Classical.choice, Quot.sound]
2026-09-26T13:13:50.5777894Z info: OIBridge/DiscreteCompletion.lean:1976:0: 'OIBridge.DiscreteCompletion.blockRepertoire_levelOne' depends on axioms: [propext, Classical.choice, Quot.sound]
2026-09-26T13:13:50.5778340Z info: OIBridge/DiscreteCompletion.lean:1977:0: 'OIBridge.DiscreteCompletion.levelOne_dense' depends on axioms: [propext, Classical.choice, Quot.sound]
2026-09-26T13:13:50.5778783Z info: OIBridge/DiscreteCompletion.lean:1978:0: 'OIBridge.DiscreteCompletion.flipSet_avail' depends on axioms: [propext, Classical.choice, Quot.sound]
2026-09-26T13:13:50.5779213Z info: OIBridge/DiscreteCompletion.lean:1979:0: 'OIBridge.DiscreteCompletion.echo_identity' depends on axioms: [propext, Classical.choice, Quot.sound]
2026-09-26T13:13:50.5779755Z info: OIBridge/DiscreteCompletion.lean:1980:0: 'OIBridge.DiscreteCompletion.isolated_mem_availSet' depends on axioms: [propext, Classical.choice, Quot.sound]
2026-09-26T13:13:50.5780239Z info: OIBridge/DiscreteCompletion.lean:1981:0: 'OIBridge.DiscreteCompletion.blockRepertoire_level' depends on axioms: [propext, Classical.choice, Quot.sound]
2026-09-26T13:13:50.5780694Z info: OIBridge/DiscreteCompletion.lean:1982:0: 'OIBridge.DiscreteCompletion.exists_perm_pair_map' depends on axioms: [propext, Classical.choice, Quot.sound]
2026-09-26T13:13:50.5781145Z info: OIBridge/DiscreteCompletion.lean:1983:0: 'OIBridge.DiscreteCompletion.relocated_dense' depends on axioms: [propext, Classical.choice, Quot.sound]
2026-09-26T13:13:50.5781584Z info: OIBridge/DiscreteCompletion.lean:1984:0: 'OIBridge.DiscreteCompletion.twoLevel_mul' depends on axioms: [propext, Classical.choice, Quot.sound]
2026-09-26T13:13:50.5782013Z info: OIBridge/DiscreteCompletion.lean:1985:0: 'OIBridge.DiscreteCompletion.det_twoLevel' depends on axioms: [propext, Classical.choice, Quot.sound]
2026-09-26T13:13:50.5782464Z info: OIBridge/DiscreteCompletion.lean:1986:0: 'OIBridge.DiscreteCompletion.twoLevel_mul_apply' depends on axioms: [propext, Classical.choice, Quot.sound]
2026-09-26T13:13:50.5782909Z info: OIBridge/DiscreteCompletion.lean:1987:0: 'OIBridge.DiscreteCompletion.givens_unitary' depends on axioms: [propext, Classical.choice, Quot.sound]
2026-09-26T13:13:50.5783338Z info: OIBridge/DiscreteCompletion.lean:1988:0: 'OIBridge.DiscreteCompletion.det_givens' depends on axioms: [propext, Classical.choice, Quot.sound]
2026-09-26T13:13:50.5783783Z info: OIBridge/DiscreteCompletion.lean:1989:0: 'OIBridge.DiscreteCompletion.row_zero_of_col_zero' depends on axioms: [propext, Classical.choice, Quot.sound]
2026-09-26T13:13:50.5784251Z info: OIBridge/DiscreteCompletion.lean:1990:0: 'OIBridge.DiscreteCompletion.su_mem_closure_of_suppOn' depends on axioms: [propext, Classical.choice, Quot.sound]
2026-09-26T13:13:50.5784731Z info: OIBridge/DiscreteCompletion.lean:1991:0: 'OIBridge.DiscreteCompletion.su_mem_closure_twoLevel' depends on axioms: [propext, Classical.choice, Quot.sound]
2026-09-26T13:13:50.5785193Z info: OIBridge/DiscreteCompletion.lean:1992:0: 'OIBridge.DiscreteCompletion.relocated_eq_twoLevel' depends on axioms: [propext, Classical.choice, Quot.sound]
2026-09-26T13:13:50.5785760Z info: OIBridge/DiscreteCompletion.lean:1993:0: 'OIBridge.DiscreteCompletion.twoLevelSU_approx' depends on axioms: [propext, Classical.choice, Quot.sound]
2026-09-26T13:13:50.5786208Z info: OIBridge/DiscreteCompletion.lean:1994:0: 'OIBridge.DiscreteCompletion.closure_approx' depends on axioms: [propext, Classical.choice, Quot.sound]
2026-09-26T13:13:50.5786629Z info: OIBridge/DiscreteCompletion.lean:1995:0: 'OIBridge.DiscreteCompletion.su_dense' depends on axioms: [propext, Classical.choice, Quot.sound]
2026-09-26T13:13:50.5787103Z info: OIBridge/DiscreteCompletion.lean:1996:0: 'OIBridge.DiscreteCompletion.exists_unit_scalar_su'' depends on axioms: [propext, Classical.choice, Quot.sound]
2026-09-26T13:13:50.5787614Z info: OIBridge/DiscreteCompletion.lean:1997:0: 'OIBridge.DiscreteCompletion.denseUnitaryControl_of_fixedGate' depends on axioms: [propext,
2026-09-26T13:13:50.5787706Z  Classical.choice,
2026-09-26T13:13:50.5787801Z  Quot.sound]
2026-09-26T13:13:50.5788298Z info: OIBridge/DiscreteCompletion.lean:1998:0: 'OIBridge.DiscreteCompletion.Gen2.pauli_conj' depends on axioms: [propext, Classical.choice, Quot.sound]
2026-09-26T13:13:50.5788739Z info: OIBridge/DiscreteCompletion.lean:1999:0: 'OIBridge.DiscreteCompletion.scalar_of_comm_XZ' depends on axioms: [propext, Classical.choice, Quot.sound]
2026-09-26T13:13:50.5789224Z info: OIBridge/DiscreteCompletion.lean:2000:0: 'OIBridge.DiscreteCompletion.proportional_of_same_conj' depends on axioms: [propext, Classical.choice, Quot.sound]
2026-09-26T13:13:50.5789632Z info: OIBridge/DiscreteCompletion.lean:2001:0: 'OIBridge.DiscreteCompletion.gen2_pi_div_four_finite_upToScalar' depends on axioms: [propext,
2026-09-26T13:13:50.5789721Z  Classical.choice,
2026-09-26T13:13:50.5789811Z  Quot.sound]
2026-09-26T13:13:50.5790357Z info: OIBridge/DiscreteCompletion.lean:2002:0: 'OIBridge.DiscreteCompletion.gen2_multiple_finite_upToScalar' depends on axioms: [propext, Classical.choice, Quot.sound]
2026-09-26T13:13:50.5790833Z info: OIBridge/DiscreteCompletion.lean:2003:0: 'OIBridge.DiscreteCompletion.mixR_singleton_daggerStable' depends on axioms: [propext, Classical.choice, Quot.sound]
2026-09-26T13:13:50.5791323Z info: OIBridge/DiscreteCompletion.lean:2004:0: 'OIBridge.DiscreteCompletion.mixR_singleton_contextStable' depends on axioms: [propext, Classical.choice, Quot.sound]
2026-09-26T13:13:50.5791819Z info: OIBridge/DiscreteCompletion.lean:2005:0: 'OIBridge.DiscreteCompletion.fixedGateTheory_derivedOI' depends on axioms: [propext, Classical.choice, Quot.sound]
2026-09-26T13:13:50.5792234Z info: OIBridge/DiscreteCompletion.lean:2006:0: 'OIBridge.DiscreteCompletion.fixedGateTheory_fixedGateSourced' depends on axioms: [propext,
2026-09-26T13:13:50.5792332Z  Classical.choice,
2026-09-26T13:13:50.5792424Z  Quot.sound]
2026-09-26T13:13:50.5792921Z info: OIBridge/DiscreteCompletion.lean:2007:0: 'OIBridge.DiscreteCompletion.fixedGateTheory_krausSoundExt' depends on axioms: [propext, Classical.choice, Quot.sound]
2026-09-26T13:13:50.5793351Z info: OIBridge/DiscreteCompletion.lean:2008:0: 'OIBridge.DiscreteCompletion.fixedGateTheory_denseUnitaryControl' depends on axioms: [propext,
2026-09-26T13:13:50.5793444Z  Classical.choice,
2026-09-26T13:13:50.5793523Z  Quot.sound]
2026-09-26T13:13:50.5793999Z info: OIBridge/DiscreteCompletion.lean:2009:0: 'OIBridge.DiscreteCompletion.fixedGateTheory_not_qm' depends on axioms: [propext, Classical.choice, Quot.sound]
2026-09-26T13:13:50.5794442Z info: OIBridge/DiscreteCompletion.lean:2010:0: 'OIBridge.DiscreteCompletion.fixedGateTheory_one_denseUnitaryControl' depends on axioms: [propext,
2026-09-26T13:13:50.5794526Z  Classical.choice,
2026-09-26T13:13:50.5794616Z  Quot.sound]
2026-09-26T13:13:50.5794828Z ℹ [3554/3600] Replayed OIBridge.DenseInstrumentBridge
2026-09-26T13:13:50.5795299Z info: OIBridge/DenseInstrumentBridge.lean:534:0: 'OIBridge.DenseInstrumentBridge.chanWithin_mono' depends on axioms: [propext, Classical.choice, Quot.sound]
2026-09-26T13:13:50.5795832Z info: OIBridge/DenseInstrumentBridge.lean:535:0: 'OIBridge.DenseInstrumentBridge.chanWithin_sum' depends on axioms: [propext, Classical.choice, Quot.sound]
2026-09-26T13:13:50.5796304Z info: OIBridge/DenseInstrumentBridge.lean:536:0: 'OIBridge.DenseInstrumentBridge.unitary_unit_smul' depends on axioms: [propext, Classical.choice, Quot.sound]
2026-09-26T13:13:50.5796780Z info: OIBridge/DenseInstrumentBridge.lean:537:0: 'OIBridge.DenseInstrumentBridge.norm_eq_one_of_isometry' depends on axioms: [propext, Classical.choice, Quot.sound]
2026-09-26T13:13:50.5797260Z info: OIBridge/DenseInstrumentBridge.lean:538:0: 'OIBridge.DenseInstrumentBridge.norm_isometry_conj_le' depends on axioms: [propext, Classical.choice, Quot.sound]
2026-09-26T13:13:50.5797838Z info: OIBridge/DenseInstrumentBridge.lean:539:0: 'OIBridge.DenseInstrumentBridge.norm_isometry_compress_le' depends on axioms: [propext, Classical.choice, Quot.sound]
2026-09-26T13:13:50.5798271Z info: OIBridge/DenseInstrumentBridge.lean:540:0: 'OIBridge.DenseInstrumentBridge.esf_gram' depends on axioms: [propext, Classical.choice, Quot.sound]
2026-09-26T13:13:50.5798744Z info: OIBridge/DenseInstrumentBridge.lean:541:0: 'OIBridge.DenseInstrumentBridge.ptraceAnc_eq_sum' depends on axioms: [propext, Classical.choice, Quot.sound]
2026-09-26T13:13:50.5799216Z info: OIBridge/DenseInstrumentBridge.lean:542:0: 'OIBridge.DenseInstrumentBridge.norm_ptraceAnc_le' depends on axioms: [propext, Classical.choice, Quot.sound]
2026-09-26T13:13:50.5799694Z info: OIBridge/DenseInstrumentBridge.lean:543:0: 'OIBridge.DenseInstrumentBridge.norm_localLuders_le' depends on axioms: [propext, Classical.choice, Quot.sound]
2026-09-26T13:13:50.5800162Z info: OIBridge/DenseInstrumentBridge.lean:544:0: 'OIBridge.DenseInstrumentBridge.norm_pureAttach_le' depends on axioms: [propext, Classical.choice, Quot.sound]
2026-09-26T13:13:50.5800691Z info: OIBridge/DenseInstrumentBridge.lean:545:0: 'OIBridge.DenseInstrumentBridge.branch_within' depends on axioms: [propext, Classical.choice, Quot.sound]
2026-09-26T13:13:50.5801166Z info: OIBridge/DenseInstrumentBridge.lean:546:0: 'OIBridge.DenseInstrumentBridge.shiftId_avail_iff' depends on axioms: [propext, Classical.choice, Quot.sound]
2026-09-26T13:13:50.5801654Z info: OIBridge/DenseInstrumentBridge.lean:547:0: 'OIBridge.DenseInstrumentBridge.shiftId_availExt_conj_iff' depends on axioms: [propext, Classical.choice, Quot.sound]
2026-09-26T13:13:50.5802155Z info: OIBridge/DenseInstrumentBridge.lean:548:0: 'OIBridge.DenseInstrumentBridge.circuit_available_of_avail' depends on axioms: [propext, Classical.choice, Quot.sound]
2026-09-26T13:13:50.5802634Z info: OIBridge/DenseInstrumentBridge.lean:549:0: 'OIBridge.DenseInstrumentBridge.reindex_permMatrix' depends on axioms: [propext, Classical.choice, Quot.sound]
2026-09-26T13:13:50.5803107Z info: OIBridge/DenseInstrumentBridge.lean:550:0: 'OIBridge.DenseInstrumentBridge.eqvMatrix_apply' depends on axioms: [propext, Classical.choice, Quot.sound]
2026-09-26T13:13:50.5803573Z info: OIBridge/DenseInstrumentBridge.lean:551:0: 'OIBridge.DenseInstrumentBridge.eqvMatrix_mul' depends on axioms: [propext, Classical.choice, Quot.sound]
2026-09-26T13:13:50.5804082Z info: OIBridge/DenseInstrumentBridge.lean:552:0: 'OIBridge.DenseInstrumentBridge.mul_eqvMatrix_conjTranspose' depends on axioms: [propext, Classical.choice, Quot.sound]
2026-09-26T13:13:50.5804545Z info: OIBridge/DenseInstrumentBridge.lean:553:0: 'OIBridge.DenseInstrumentBridge.eqvMatrix_gram' depends on axioms: [propext, Classical.choice, Quot.sound]
2026-09-26T13:13:50.5805043Z info: OIBridge/DenseInstrumentBridge.lean:554:0: 'OIBridge.DenseInstrumentBridge.reindex_eq_eqvMatrix_conj' depends on axioms: [propext, Classical.choice, Quot.sound]
2026-09-26T13:13:50.5805515Z info: OIBridge/DenseInstrumentBridge.lean:555:0: 'OIBridge.DenseInstrumentBridge.norm_reindex_le' depends on axioms: [propext, Classical.choice, Quot.sound]
2026-09-26T13:13:50.5806060Z info: OIBridge/DenseInstrumentBridge.lean:556:0: 'OIBridge.DenseInstrumentBridge.id_avail_of_derivedOI' depends on axioms: [propext, Classical.choice, Quot.sound]
2026-09-26T13:13:50.5806524Z info: OIBridge/DenseInstrumentBridge.lean:557:0: 'OIBridge.DenseInstrumentBridge.inert_of_derivedOI' depends on axioms: [propext, Classical.choice, Quot.sound]
2026-09-26T13:13:50.5807005Z info: OIBridge/DenseInstrumentBridge.lean:558:0: 'OIBridge.DenseInstrumentBridge.shiftId_swap_avail' depends on axioms: [propext, Classical.choice, Quot.sound]
2026-09-26T13:13:50.5807474Z info: OIBridge/DenseInstrumentBridge.lean:559:0: 'OIBridge.DenseInstrumentBridge.shiftId_approx' depends on axioms: [propext, Classical.choice, Quot.sound]
2026-09-26T13:13:50.5807975Z info: OIBridge/DenseInstrumentBridge.lean:560:0: 'OIBridge.DenseInstrumentBridge.krausDense_of_denseControl' depends on axioms: [propext, Classical.choice, Quot.sound]
2026-09-26T13:13:50.5808479Z info: OIBridge/DenseInstrumentBridge.lean:561:0: 'OIBridge.DenseInstrumentBridge.denseFiniteQM_of_denseControl' depends on axioms: [propext,
2026-09-26T13:13:50.5808574Z  Classical.choice,
2026-09-26T13:13:50.5808654Z  Quot.sound]
2026-09-26T13:13:50.5809156Z info: OIBridge/DenseInstrumentBridge.lean:562:0: 'OIBridge.DenseInstrumentBridge.krausDense_of_fixedGate' depends on axioms: [propext, Classical.choice, Quot.sound]
2026-09-26T13:13:50.5809666Z info: OIBridge/DenseInstrumentBridge.lean:563:0: 'OIBridge.DenseInstrumentBridge.fixedGateTheory_krausDense' depends on axioms: [propext, Classical.choice, Quot.sound]
2026-09-26T13:13:50.5810089Z info: OIBridge/DenseInstrumentBridge.lean:564:0: 'OIBridge.DenseInstrumentBridge.fixedGateTheory_denseFiniteQM' depends on axioms: [propext,
2026-09-26T13:13:50.5810184Z  Classical.choice,
2026-09-26T13:13:50.5810270Z  Quot.sound]
2026-09-26T13:13:50.5810708Z info: OIBridge/DenseInstrumentBridge.lean:565:0: 'OIBridge.DenseInstrumentBridge.fixedGateTheory_one_denseFiniteQM' depends on axioms: [propext,
2026-09-26T13:13:50.5810862Z  Classical.choice,
2026-09-26T13:13:50.5810955Z  Quot.sound]
2026-09-26T13:13:50.5811128Z ℹ [3555/3600] Replayed OIBridge.FrozenSourcing
2026-09-26T13:13:50.5811560Z info: OIBridge/FrozenSourcing.lean:345:0: 'OIBridge.FrozenSourcing.norm_entry_le_l2_opNorm' depends on axioms: [propext, Classical.choice, Quot.sound]
2026-09-26T13:13:50.5811978Z info: OIBridge/FrozenSourcing.lean:346:0: 'OIBridge.FrozenSourcing.le_zero_of_forall_pos' depends on axioms: [propext, Classical.choice, Quot.sound]
2026-09-26T13:13:50.5812394Z info: OIBridge/FrozenSourcing.lean:347:0: 'OIBridge.FrozenSourcing.nonneg_of_forall_pos' depends on axioms: [propext, Classical.choice, Quot.sound]
2026-09-26T13:13:50.5812868Z info: OIBridge/FrozenSourcing.lean:348:0: 'OIBridge.FrozenSourcing.nonnegBounded_of_bijectionLevel' depends on axioms: [propext, Classical.choice, Quot.sound]
2026-09-26T13:13:50.5813328Z info: OIBridge/FrozenSourcing.lean:349:0: 'OIBridge.FrozenSourcing.permTheory_nonnegBounded' depends on axioms: [propext, Classical.choice, Quot.sound]
2026-09-26T13:13:50.5813767Z info: OIBridge/FrozenSourcing.lean:350:0: 'OIBridge.FrozenSourcing.obsTheory_nonnegBounded' depends on axioms: [propext, Classical.choice, Quot.sound]
2026-09-26T13:13:50.5814247Z info: OIBridge/FrozenSourcing.lean:351:0: 'OIBridge.FrozenSourcing.nonnegBounded_not_phasesAvailable' depends on axioms: [propext, Classical.choice, Quot.sound]
2026-09-26T13:13:50.5814698Z info: OIBridge/FrozenSourcing.lean:352:0: 'OIBridge.FrozenSourcing.permTheory_phase_ceiling' depends on axioms: [propext, Classical.choice, Quot.sound]
2026-09-26T13:13:50.5815143Z info: OIBridge/FrozenSourcing.lean:353:0: 'OIBridge.FrozenSourcing.nonnegBounded_not_derivedOI' depends on axioms: [propext, Classical.choice, Quot.sound]
2026-09-26T13:13:50.5815672Z info: OIBridge/FrozenSourcing.lean:354:0: 'OIBridge.FrozenSourcing.preservesNonneg_of_approx' depends on axioms: [propext, Classical.choice, Quot.sound]
2026-09-26T13:13:50.5816088Z info: OIBridge/FrozenSourcing.lean:355:0: 'OIBridge.FrozenSourcing.nonnegBounded_not_denseUnitaryControl' depends on axioms: [propext,
2026-09-26T13:13:50.5816174Z  Classical.choice,
2026-09-26T13:13:50.5816261Z  Quot.sound]
2026-09-26T13:13:50.5816704Z info: OIBridge/FrozenSourcing.lean:356:0: 'OIBridge.FrozenSourcing.permTheory_dense_ceiling' depends on axioms: [propext, Classical.choice, Quot.sound]
2026-09-26T13:13:50.5817150Z info: OIBridge/FrozenSourcing.lean:357:0: 'OIBridge.FrozenSourcing.mixImage_not_preservesNonneg' depends on axioms: [propext, Classical.choice, Quot.sound]
2026-09-26T13:13:50.5817560Z info: OIBridge/FrozenSourcing.lean:358:0: 'OIBridge.FrozenSourcing.nonnegBounded_not_denseUnitaryControl_rot' depends on axioms: [propext,
2026-09-26T13:13:50.5817650Z  Classical.choice,
2026-09-26T13:13:50.5817730Z  Quot.sound]
2026-09-26T13:13:50.5818188Z info: OIBridge/FrozenSourcing.lean:359:0: 'OIBridge.FrozenSourcing.permMatrix_preservesNonneg' depends on axioms: [propext, Classical.choice, Quot.sound]
2026-09-26T13:13:50.5818728Z info: OIBridge/FrozenSourcing.lean:360:0: 'OIBridge.FrozenSourcing.readWrite_preservesNonneg' depends on axioms: [propext, Classical.choice, Quot.sound]
2026-09-26T13:13:50.5819172Z info: OIBridge/FrozenSourcing.lean:361:0: 'OIBridge.FrozenSourcing.obs_dynamics_preservesNonneg' depends on axioms: [propext, Classical.choice, Quot.sound]
2026-09-26T13:13:50.5819639Z info: OIBridge/FrozenSourcing.lean:362:0: 'OIBridge.FrozenSourcing.phaseOperator_outside_ceiling' depends on axioms: [propext, Classical.choice, Quot.sound]
2026-09-26T13:13:50.5820085Z info: OIBridge/FrozenSourcing.lean:363:0: 'OIBridge.FrozenSourcing.sourcing_rule_independent' depends on axioms: [propext, Classical.choice, Quot.sound]
2026-09-26T13:13:50.5820536Z info: OIBridge/FrozenSourcing.lean:364:0: 'OIBridge.FrozenSourcing.phase_ceiling_rule_independent' depends on axioms: [propext, Classical.choice, Quot.sound]
2026-09-26T13:13:50.5821063Z info: OIBridge/FrozenSourcing.lean:365:0: 'OIBridge.FrozenSourcing.frozen_sourcing_verdict' depends on axioms: [propext, Classical.choice, Quot.sound]
2026-09-26T13:13:50.5821498Z info: OIBridge/FrozenSourcing.lean:366:0: 'OIBridge.FrozenSourcing.nonnegBounded_verdict' depends on axioms: [propext, Classical.choice, Quot.sound]
2026-09-26T13:13:50.5822091Z info: OIBridge/FrozenSourcing.lean:367:0: 'OIBridge.FrozenSourcing.fixedGateTheory_outside_ceiling' depends on axioms: [propext, Classical.choice, Quot.sound]
2026-09-26T13:13:50.5822363Z ℹ [3556/3600] Replayed OIBridge.StochasticInterface
2026-09-26T13:13:50.5822845Z info: OIBridge/StochasticInterface.lean:206:0: 'OIBridge.StochasticInterface.ensembleDetermined_of_transitive' depends on axioms: [propext,
2026-09-26T13:13:50.5822971Z  Classical.choice,
2026-09-26T13:13:50.5823061Z  Quot.sound]
2026-09-26T13:13:50.5823477Z info: OIBridge/StochasticInterface.lean:207:0: 'OIBridge.StochasticInterface.not_ensembleDetermined_of_disjoint' depends on axioms: [propext,
2026-09-26T13:13:50.5823572Z  Classical.choice,
2026-09-26T13:13:50.5823709Z  Quot.sound]
2026-09-26T13:13:50.5824180Z info: OIBridge/StochasticInterface.lean:208:0: 'OIBridge.StochasticInterface.not_ensembleDetermined_of_fixedPoint' depends on axioms: [propext,
2026-09-26T13:13:50.5824267Z  Classical.choice,
2026-09-26T13:13:50.5824351Z  Quot.sound]
2026-09-26T13:13:50.5824792Z info: OIBridge/StochasticInterface.lean:209:0: 'OIBridge.StochasticInterface.phi_fixes_zero' depends on axioms: [propext, Classical.choice, Quot.sound]
2026-09-26T13:13:50.5825284Z info: OIBridge/StochasticInterface.lean:210:0: 'OIBridge.StochasticInterface.waveSubstratum_phi_fixes_zero' depends on axioms: [propext, Classical.choice, Quot.sound]
2026-09-26T13:13:50.5825841Z info: OIBridge/StochasticInterface.lean:211:0: 'OIBridge.StochasticInterface.ensemble_underdetermined' depends on axioms: [propext, Classical.choice, Quot.sound]
2026-09-26T13:13:50.5826287Z info: OIBridge/StochasticInterface.lean:212:0: 'OIBridge.StochasticInterface.waveSubstratum_ensemble_underdetermined' depends on axioms: [propext,
2026-09-26T13:13:50.5826387Z  Classical.choice,
2026-09-26T13:13:50.5826472Z  Quot.sound]
2026-09-26T13:13:50.5826961Z info: OIBridge/StochasticInterface.lean:213:0: 'OIBridge.StochasticInterface.not_transitive_of_fixedPoint' depends on axioms: [propext, Classical.choice, Quot.sound]
2026-09-26T13:13:50.5827439Z info: OIBridge/StochasticInterface.lean:214:0: 'OIBridge.StochasticInterface.readWriteFamily_exists' depends on axioms: [propext, Classical.choice, Quot.sound]
2026-09-26T13:13:50.5827930Z info: OIBridge/StochasticInterface.lean:215:0: 'OIBridge.StochasticInterface.readWriteFamily_exists_two' depends on axioms: [propext, Classical.choice, Quot.sound]
2026-09-26T13:13:50.5828412Z info: OIBridge/StochasticInterface.lean:216:0: 'OIBridge.StochasticInterface.stochastic_interface_gap' depends on axioms: [propext, Classical.choice, Quot.sound]
2026-09-26T13:13:50.5828857Z info: OIBridge/StochasticInterface.lean:217:0: 'OIBridge.StochasticInterface.waveSubstratum_stochastic_interface_gap' depends on axioms: [propext,
2026-09-26T13:13:50.5829056Z  Classical.choice,
2026-09-26T13:13:50.5829141Z  Quot.sound]
2026-09-26T13:13:50.5829316Z ℹ [3557/3600] Replayed OIBridge.CausalReadback
2026-09-26T13:13:50.5829708Z info: OIBridge/CausalReadback.lean:324:0: 'OIBridge.CausalReadback.tv_nonneg' depends on axioms: [propext, Classical.choice, Quot.sound]
2026-09-26T13:13:50.5830113Z info: OIBridge/CausalReadback.lean:325:0: 'OIBridge.CausalReadback.tv_eq_zero_iff' depends on axioms: [propext, Classical.choice, Quot.sound]
2026-09-26T13:13:50.5830501Z info: OIBridge/CausalReadback.lean:326:0: 'OIBridge.CausalReadback.tv_pos_of_ne' depends on axioms: [propext, Classical.choice, Quot.sound]
2026-09-26T13:13:50.5830883Z info: OIBridge/CausalReadback.lean:327:0: 'OIBridge.CausalReadback.tv_mul_le' depends on axioms: [propext, Classical.choice, Quot.sound]
2026-09-26T13:13:50.5831293Z info: OIBridge/CausalReadback.lean:328:0: 'OIBridge.CausalReadback.rows_eq_of_factor' depends on axioms: [propext, Classical.choice, Quot.sound]
2026-09-26T13:13:50.5831772Z info: OIBridge/CausalReadback.lean:329:0: 'OIBridge.CausalReadback.c4e_implies_c4r' depends on axioms: [propext, Classical.choice, Quot.sound]
2026-09-26T13:13:50.5832215Z info: OIBridge/CausalReadback.lean:330:0: 'OIBridge.CausalReadback.c4r_implies_pIndivisible' depends on axioms: [propext, Classical.choice, Quot.sound]
2026-09-26T13:13:50.5832659Z info: OIBridge/CausalReadback.lean:331:0: 'OIBridge.CausalReadback.c4e_implies_pIndivisible' depends on axioms: [propext, Classical.choice, Quot.sound]
2026-09-26T13:13:50.5833112Z info: OIBridge/CausalReadback.lean:332:0: 'OIBridge.CausalReadback.c4e_implies_pIndivisible_via_c4r' depends on axioms: [propext, Classical.choice, Quot.sound]
2026-09-26T13:13:50.5833571Z info: OIBridge/CausalReadback.lean:333:0: 'OIBridge.CausalReadback.not_c4e_and_not_c4r_of_pDivisible' depends on axioms: [propext, Classical.choice, Quot.sound]
2026-09-26T13:13:50.5834030Z info: OIBridge/CausalReadback.lean:334:0: 'OIBridge.CausalReadback.rootedMap_isRowStochastic' depends on axioms: [propext, Classical.choice, Quot.sound]
2026-09-26T13:13:50.5834451Z info: OIBridge/CausalReadback.lean:335:0: 'OIBridge.CausalReadback.j2_isRowStochastic' depends on axioms: [propext, Classical.choice, Quot.sound]
2026-09-26T13:13:50.5834869Z info: OIBridge/CausalReadback.lean:336:0: 'OIBridge.CausalReadback.one_isRowStochastic' depends on axioms: [propext, Classical.choice, Quot.sound]
2026-09-26T13:13:50.5835257Z info: OIBridge/CausalReadback.lean:337:0: 'OIBridge.CausalReadback.j2_rows_eq' depends on axioms: [propext, Classical.choice, Quot.sound]
2026-09-26T13:13:50.5835709Z info: OIBridge/CausalReadback.lean:338:0: 'OIBridge.CausalReadback.one_rows_ne' depends on axioms: [propext, Classical.choice, Quot.sound]
2026-09-26T13:13:50.5836210Z info: OIBridge/CausalReadback.lean:339:0: 'OIBridge.CausalReadback.pdFamily_pDivisible' depends on axioms: [propext, Classical.choice, Quot.sound]
2026-09-26T13:13:50.5836729Z info: OIBridge/CausalReadback.lean:340:0: 'OIBridge.CausalReadback.pdFamily_not_c4e_not_c4r' depends on axioms: [propext, Classical.choice, Quot.sound]
2026-09-26T13:13:50.5837133Z info: OIBridge/CausalReadback.lean:341:0: 'OIBridge.CausalReadback.peFamily_c4e' depends on axioms: [propext, Classical.choice, Quot.sound]
2026-09-26T13:13:50.5837565Z info: OIBridge/CausalReadback.lean:342:0: 'OIBridge.CausalReadback.peFamily_pIndivisible' depends on axioms: [propext, Classical.choice, Quot.sound]
2026-09-26T13:13:50.5837986Z info: OIBridge/CausalReadback.lean:343:0: 'OIBridge.CausalReadback.control_separation' depends on axioms: [propext, Classical.choice, Quot.sound]
2026-09-26T13:13:50.5838419Z info: OIBridge/CausalReadback.lean:344:0: 'OIBridge.CausalReadback.causal_readback_verdict' depends on axioms: [propext, Classical.choice, Quot.sound]
2026-09-26T13:13:50.5838599Z ℹ [3558/3600] Replayed OIBridge.TransposeBridge
2026-09-26T13:13:50.5839035Z info: OIBridge/TransposeBridge.lean:205:0: 'OIBridge.TransposeBridge.isRowStochastic_iff_transpose_isColStochastic' depends on axioms: [propext,
2026-09-26T13:13:50.5839227Z  Classical.choice,
2026-09-26T13:13:50.5839310Z  Quot.sound]
2026-09-26T13:13:50.5839745Z info: OIBridge/TransposeBridge.lean:206:0: 'OIBridge.TransposeBridge.isColStochastic_iff_transpose_isRowStochastic' depends on axioms: [propext,
2026-09-26T13:13:50.5839838Z  Classical.choice,
2026-09-26T13:13:50.5839918Z  Quot.sound]
2026-09-26T13:13:50.5840352Z info: OIBridge/TransposeBridge.lean:207:0: 'OIBridge.TransposeBridge.factor_transpose_iff' depends on axioms: [propext, Classical.choice, Quot.sound]
2026-09-26T13:13:50.5840763Z info: OIBridge/TransposeBridge.lean:208:0: 'OIBridge.TransposeBridge.pDivisible_iff_pDivisibleCol_transpose' depends on axioms: [propext,
2026-09-26T13:13:50.5840848Z  Classical.choice,
2026-09-26T13:13:50.5840939Z  Quot.sound]
2026-09-26T13:13:50.5841440Z info: OIBridge/TransposeBridge.lean:209:0: 'OIBridge.TransposeBridge.pIndivisibleWithin_iff_pIndivisibleColWithin_transpose' depends on axioms: [propext,
2026-09-26T13:13:50.5841534Z  Classical.choice,
2026-09-26T13:13:50.5841683Z  Quot.sound]
2026-09-26T13:13:50.5842116Z info: OIBridge/TransposeBridge.lean:210:0: 'OIBridge.TransposeBridge.root_factor_of_trivial' depends on axioms: [propext, Classical.choice, Quot.sound]
2026-09-26T13:13:50.5842534Z info: OIBridge/TransposeBridge.lean:211:0: 'OIBridge.TransposeBridge.rootedMap_zero' depends on axioms: [propext, Classical.choice, Quot.sound]
2026-09-26T13:13:50.5842971Z info: OIBridge/TransposeBridge.lean:212:0: 'OIBridge.TransposeBridge.rootedMap_root_factor' depends on axioms: [propext, Classical.choice, Quot.sound]
2026-09-26T13:13:50.5843159Z ℹ [3559/3600] Replayed OIBridge.QuantumRepresentation
2026-09-26T13:13:50.5843670Z info: OIBridge/QuantumRepresentation.lean:446:0: 'OIBridge.QuantumRepresentation.QfbData.rootMass_nonneg' depends on axioms: [propext, Classical.choice, Quot.sound]
2026-09-26T13:13:50.5844164Z info: OIBridge/QuantumRepresentation.lean:447:0: 'OIBridge.QuantumRepresentation.QfbData.condReal_Bas' depends on axioms: [propext, Classical.choice, Quot.sound]
2026-09-26T13:13:50.5844661Z info: OIBridge/QuantumRepresentation.lean:448:0: 'OIBridge.QuantumRepresentation.QfbData.condReal_U' depends on axioms: [propext, Classical.choice, Quot.sound]
2026-09-26T13:13:50.5845149Z info: OIBridge/QuantumRepresentation.lean:449:0: 'OIBridge.QuantumRepresentation.QfbData.condReal_read' depends on axioms: [propext, Classical.choice, Quot.sound]
2026-09-26T13:13:50.5845804Z info: OIBridge/QuantumRepresentation.lean:450:0: 'OIBridge.QuantumRepresentation.QfbData.condReal_born' depends on axioms: [propext, Classical.choice, Quot.sound]
2026-09-26T13:13:50.5846523Z info: OIBridge/QuantumRepresentation.lean:451:0: 'OIBridge.QuantumRepresentation.QfbData.condReal_chain' depends on axioms: [propext, Classical.choice, Quot.sound]
2026-09-26T13:13:50.5847019Z info: OIBridge/QuantumRepresentation.lean:452:0: 'OIBridge.QuantumRepresentation.QfbData.condReal_isLaw' depends on axioms: [propext, Classical.choice, Quot.sound]
2026-09-26T13:13:50.5847518Z info: OIBridge/QuantumRepresentation.lean:453:0: 'OIBridge.QuantumRepresentation.QfbData.condReal_law' depends on axioms: [propext, Classical.choice, Quot.sound]
2026-09-26T13:13:50.5848020Z info: OIBridge/QuantumRepresentation.lean:454:0: 'OIBridge.QuantumRepresentation.qfbRealizable_rootTraj' depends on axioms: [propext, Classical.choice, Quot.sound]
2026-09-26T13:13:50.5848488Z info: OIBridge/QuantumRepresentation.lean:455:0: 'OIBridge.QuantumRepresentation.QfbData.sum_path' depends on axioms: [propext, Classical.choice, Quot.sound]
2026-09-26T13:13:50.5848942Z info: OIBridge/QuantumRepresentation.lean:456:0: 'OIBridge.QuantumRepresentation.sum_marg_mul' depends on axioms: [propext, Classical.choice, Quot.sound]
2026-09-26T13:13:50.5849435Z info: OIBridge/QuantumRepresentation.lean:457:0: 'OIBridge.QuantumRepresentation.QfbData.rootTraj_eq' depends on axioms: [propext, Classical.choice, Quot.sound]
2026-09-26T13:13:50.5850048Z info: OIBridge/QuantumRepresentation.lean:458:0: 'OIBridge.QuantumRepresentation.QfbData.rootTraj_marginal' depends on axioms: [propext, Classical.choice, Quot.sound]
2026-09-26T13:13:50.5850516Z info: OIBridge/QuantumRepresentation.lean:459:0: 'OIBridge.QuantumRepresentation.QfbData.sum_born' depends on axioms: [propext, Classical.choice, Quot.sound]
2026-09-26T13:13:50.5850999Z info: OIBridge/QuantumRepresentation.lean:460:0: 'OIBridge.QuantumRepresentation.QfbData.sum_bornPow' depends on axioms: [propext, Classical.choice, Quot.sound]
2026-09-26T13:13:50.5851492Z info: OIBridge/QuantumRepresentation.lean:461:0: 'OIBridge.QuantumRepresentation.QfbData.bornPow_of_det' depends on axioms: [propext, Classical.choice, Quot.sound]
2026-09-26T13:13:50.5851705Z ⚠ [3560/3600] Replayed OIBridge.RootedClassification
2026-09-26T13:13:50.5853110Z warning: OIBridge/RootedClassification.lean:20:34: Ambiguous namespace `Equivalence`: it is interpreted as `_root_.OIBridge.Equivalence` because this `open` occurs inside `namespace OIBridge.RootedClassification`, while `_root_.Equivalence` is silently not opened. Specify the namespace unambiguously, e.g. `_root_.OIBridge.Equivalence`. The warning can sometimes also be addressed by moving the `open` outside of the surrounding `namespace`.
2026-09-26T13:13:50.5853125Z 
2026-09-26T13:13:50.5853349Z Note: This linter can be disabled with `set_option linter.ambiguousOpen false`
2026-09-26T13:13:50.5853847Z warning: OIBridge/RootedClassification.lean:46:0: automatically included section variable(s) unused in theorem `OIBridge.RootedClassification.responseWeight_nonneg`:
2026-09-26T13:13:50.5853936Z   [Fintype V]
2026-09-26T13:13:50.5854031Z   [DecidableEq V]
2026-09-26T13:13:50.5854113Z   [DecidableEq I]
2026-09-26T13:13:50.5854444Z consider restructuring your `variable` declarations so that the variables are not in scope or explicitly omit them:
2026-09-26T13:13:50.5854621Z   omit [Fintype V] [DecidableEq V] [DecidableEq I] in theorem ...
2026-09-26T13:13:50.5854630Z 
2026-09-26T13:13:50.5854845Z Note: This linter can be disabled with `set_option linter.unusedSectionVars false`
2026-09-26T13:13:50.5855341Z warning: OIBridge/RootedClassification.lean:54:0: automatically included section variable(s) unused in theorem `OIBridge.RootedClassification.responseWeight_sum`:
2026-09-26T13:13:50.5855431Z   [DecidableEq V]
2026-09-26T13:13:50.5855825Z consider restructuring your `variable` declarations so that the variables are not in scope or explicitly omit them:
2026-09-26T13:13:50.5855937Z   omit [DecidableEq V] in theorem ...
2026-09-26T13:13:50.5855942Z 
2026-09-26T13:13:50.5856160Z Note: This linter can be disabled with `set_option linter.unusedSectionVars false`
2026-09-26T13:13:50.5856632Z warning: OIBridge/RootedClassification.lean:123:0: automatically included section variable(s) unused in theorem `OIBridge.RootedClassification.rootedMap_zero`:
2026-09-26T13:13:50.5856718Z   [Fintype V]
2026-09-26T13:13:50.5857040Z consider restructuring your `variable` declarations so that the variables are not in scope or explicitly omit them:
2026-09-26T13:13:50.5857147Z   omit [Fintype V] in theorem ...
2026-09-26T13:13:50.5857155Z 
2026-09-26T13:13:50.5857368Z Note: This linter can be disabled with `set_option linter.unusedSectionVars false`
2026-09-26T13:13:50.5857599Z warning: OIBridge/RootedClassification.lean:130:21: This simp argument is unused:
2026-09-26T13:13:50.5857685Z   Matrix.one_apply
2026-09-26T13:13:50.5857690Z 
2026-09-26T13:13:50.5857808Z Hint: Omit it from the simp argument list.
2026-09-26T13:13:50.5857916Z   [apply] simp [rootedMap, h]
2026-09-26T13:13:50.5857921Z 
2026-09-26T13:13:50.5858125Z Note: This linter can be disabled with `set_option linter.unusedSimpArgs false`
2026-09-26T13:13:50.5858623Z warning: OIBridge/RootedClassification.lean:199:0: automatically included section variable(s) unused in theorem `OIBridge.RootedClassification.cycleState_val_zero`:
2026-09-26T13:13:50.5858714Z   [Fintype V]
2026-09-26T13:13:50.5858797Z   [DecidableEq V]
2026-09-26T13:13:50.5859188Z consider restructuring your `variable` declarations so that the variables are not in scope or explicitly omit them:
2026-09-26T13:13:50.5859324Z   omit [Fintype V] [DecidableEq V] in theorem ...
2026-09-26T13:13:50.5859329Z 
2026-09-26T13:13:50.5859537Z Note: This linter can be disabled with `set_option linter.unusedSectionVars false`
2026-09-26T13:13:50.5860031Z warning: OIBridge/RootedClassification.lean:205:0: automatically included section variable(s) unused in theorem `OIBridge.RootedClassification.cycleState_nonzero`:
2026-09-26T13:13:50.5860122Z   [Fintype V]
2026-09-26T13:13:50.5860207Z   [DecidableEq V]
2026-09-26T13:13:50.5860531Z consider restructuring your `variable` declarations so that the variables are not in scope or explicitly omit them:
2026-09-26T13:13:50.5860652Z   omit [Fintype V] [DecidableEq V] in theorem ...
2026-09-26T13:13:50.5860665Z 
2026-09-26T13:13:50.5860873Z Note: This linter can be disabled with `set_option linter.unusedSectionVars false`
2026-09-26T13:13:50.5861152Z warning: OIBridge/RootedClassification.lean:232:4: Try `simp at hs` instead of `simpa using hs`
2026-09-26T13:13:50.5861157Z 
2026-09-26T13:13:50.5861436Z Note: This linter can be disabled with `set_option linter.unnecessarySimpa false`
2026-09-26T13:13:50.5861698Z warning: OIBridge/RootedClassification.lean:235:4: Try `simp at hs` instead of `simpa using hs`
2026-09-26T13:13:50.5861703Z 
2026-09-26T13:13:50.5861916Z Note: This linter can be disabled with `set_option linter.unnecessarySimpa false`
2026-09-26T13:13:50.5862413Z warning: OIBridge/RootedClassification.lean:214:0: automatically included section variable(s) unused in theorem `OIBridge.RootedClassification.cycleState_injective`:
2026-09-26T13:13:50.5862493Z   [Fintype V]
2026-09-26T13:13:50.5862583Z   [DecidableEq V]
2026-09-26T13:13:50.5862895Z consider restructuring your `variable` declarations so that the variables are not in scope or explicitly omit them:
2026-09-26T13:13:50.5863028Z   omit [Fintype V] [DecidableEq V] in theorem ...
2026-09-26T13:13:50.5863036Z 
2026-09-26T13:13:50.5863251Z Note: This linter can be disabled with `set_option linter.unusedSectionVars false`
2026-09-26T13:13:50.5863725Z warning: OIBridge/RootedClassification.lean:260:8: automatically included section variable(s) unused in theorem `OIBridge.RootedClassification.cyclePerm_apply`:
2026-09-26T13:13:50.5863815Z   [Fintype V]
2026-09-26T13:13:50.5863906Z   [DecidableEq V]
2026-09-26T13:13:50.5864216Z consider restructuring your `variable` declarations so that the variables are not in scope or explicitly omit them:
2026-09-26T13:13:50.5864343Z   omit [Fintype V] [DecidableEq V] in theorem ...
2026-09-26T13:13:50.5864348Z 
2026-09-26T13:13:50.5864564Z Note: This linter can be disabled with `set_option linter.unusedSectionVars false`
2026-09-26T13:13:50.5864731Z warning: OIBridge/RootedClassification.lean:274:2: Try this: 
2026-09-26T13:13:50.5864863Z   letI̵
2026-09-26T13:13:50.5864869Z 
2026-09-26T13:13:50.5865035Z The goal is a proposition, so `let` is preferred over `letI`.
2026-09-26T13:13:50.5865234Z The difference between `let` and `letI` is that `letI` inlines the value.
2026-09-26T13:13:50.5865415Z But this is not relevant for proofs because of proof irrelevance.
2026-09-26T13:13:50.5865420Z 
2026-09-26T13:13:50.5865732Z Note: This linter can be disabled with `set_option linter.style.haveILetI false`
2026-09-26T13:13:50.5866233Z info: OIBridge/RootedClassification.lean:349:0: 'OIBridge.RootedClassification.responseWeight_nonneg' depends on axioms: [propext, Classical.choice, Quot.sound]
2026-09-26T13:13:50.5866723Z info: OIBridge/RootedClassification.lean:350:0: 'OIBridge.RootedClassification.responseWeight_sum' depends on axioms: [propext, Classical.choice, Quot.sound]
2026-09-26T13:13:50.5867229Z info: OIBridge/RootedClassification.lean:351:0: 'OIBridge.RootedClassification.responseWeight_marginal' depends on axioms: [propext, Classical.choice, Quot.sound]
2026-09-26T13:13:50.5867686Z info: OIBridge/RootedClassification.lean:352:0: 'OIBridge.RootedClassification.rootedMap_zero' depends on axioms: [propext, Classical.choice, Quot.sound]
2026-09-26T13:13:50.5868233Z info: OIBridge/RootedClassification.lean:353:0: 'OIBridge.RootedClassification.rootedMap_periodic' depends on axioms: [propext, Classical.choice, Quot.sound]
2026-09-26T13:13:50.5868706Z info: OIBridge/RootedClassification.lean:354:0: 'OIBridge.RootedClassification.rootedMap_mem_PPer' depends on axioms: [propext, Classical.choice, Quot.sound]
2026-09-26T13:13:50.5869186Z info: OIBridge/RootedClassification.lean:355:0: 'OIBridge.RootedClassification.cycleState_val_zero' depends on axioms: [propext, Classical.choice, Quot.sound]
2026-09-26T13:13:50.5869653Z info: OIBridge/RootedClassification.lean:356:0: 'OIBridge.RootedClassification.cycleState_nonzero' depends on axioms: [propext, Classical.choice, Quot.sound]
2026-09-26T13:13:50.5870132Z info: OIBridge/RootedClassification.lean:357:0: 'OIBridge.RootedClassification.cycleState_injective' depends on axioms: [propext, Classical.choice, Quot.sound]
2026-09-26T13:13:50.5870678Z info: OIBridge/RootedClassification.lean:358:0: 'OIBridge.RootedClassification.cyclePerm_apply' depends on axioms: [propext, Classical.choice, Quot.sound]
2026-09-26T13:13:50.5871150Z info: OIBridge/RootedClassification.lean:359:0: 'OIBridge.RootedClassification.responseStep_cycle' depends on axioms: [propext, Classical.choice, Quot.sound]
2026-09-26T13:13:50.5871632Z info: OIBridge/RootedClassification.lean:360:0: 'OIBridge.RootedClassification.tableWeight_nonneg' depends on axioms: [propext, Classical.choice, Quot.sound]
2026-09-26T13:13:50.5872097Z info: OIBridge/RootedClassification.lean:361:0: 'OIBridge.RootedClassification.tableWeight_sum' depends on axioms: [propext, Classical.choice, Quot.sound]
2026-09-26T13:13:50.5872575Z info: OIBridge/RootedClassification.lean:362:0: 'OIBridge.RootedClassification.responsePrior_nonneg' depends on axioms: [propext, Classical.choice, Quot.sound]
2026-09-26T13:13:50.5873049Z info: OIBridge/RootedClassification.lean:363:0: 'OIBridge.RootedClassification.responsePrior_sum' depends on axioms: [propext, Classical.choice, Quot.sound]
2026-09-26T13:13:50.5873479Z info: OIBridge/RootedClassification.lean:364:0: 'OIBridge.RootedClassification.pper_of_finiteRootedRealizable' depends on axioms: [propext,
2026-09-26T13:13:50.5873566Z  Classical.choice,
2026-09-26T13:13:50.5873653Z  Quot.sound]
2026-09-26T13:13:50.5873859Z ⚠ [3561/3600] Replayed OIBridge.RootedClassificationT2
2026-09-26T13:13:50.5875206Z warning: OIBridge/RootedClassificationT2.lean:14:34: Ambiguous namespace `Equivalence`: it is interpreted as `_root_.OIBridge.Equivalence` because this `open` occurs inside `namespace OIBridge.RootedClassification`, while `_root_.Equivalence` is silently not opened. Specify the namespace unambiguously, e.g. `_root_.OIBridge.Equivalence`. The warning can sometimes also be addressed by moving the `open` outside of the surrounding `namespace`.
2026-09-26T13:13:50.5875221Z 
2026-09-26T13:13:50.5875423Z Note: This linter can be disabled with `set_option linter.ambiguousOpen false`
2026-09-26T13:13:50.5875991Z warning: OIBridge/RootedClassificationT2.lean:21:0: automatically included section variable(s) unused in theorem `OIBridge.RootedClassification.cyclePerm_iterate`:
2026-09-26T13:13:50.5876081Z   [Fintype V]
2026-09-26T13:13:50.5876164Z   [DecidableEq V]
2026-09-26T13:13:50.5876489Z consider restructuring your `variable` declarations so that the variables are not in scope or explicitly omit them:
2026-09-26T13:13:50.5876608Z   omit [Fintype V] [DecidableEq V] in theorem ...
2026-09-26T13:13:50.5876619Z 
2026-09-26T13:13:50.5876830Z Note: This linter can be disabled with `set_option linter.unusedSectionVars false`
2026-09-26T13:13:50.5877047Z warning: OIBridge/RootedClassificationT2.lean:56:2: Try this: 
2026-09-26T13:13:50.5877145Z   letI̵
2026-09-26T13:13:50.5877150Z 
2026-09-26T13:13:50.5877316Z The goal is a proposition, so `let` is preferred over `letI`.
2026-09-26T13:13:50.5877512Z The difference between `let` and `letI` is that `letI` inlines the value.
2026-09-26T13:13:50.5877758Z But this is not relevant for proofs because of proof irrelevance.
2026-09-26T13:13:50.5877762Z 
2026-09-26T13:13:50.5877980Z Note: This linter can be disabled with `set_option linter.style.haveILetI false`
2026-09-26T13:13:50.5878467Z info: OIBridge/RootedClassificationT2.lean:91:0: 'OIBridge.RootedClassification.cyclePerm_iterate' depends on axioms: [propext, Classical.choice, Quot.sound]
2026-09-26T13:13:50.5878973Z info: OIBridge/RootedClassificationT2.lean:92:0: 'OIBridge.RootedClassification.responseStep_iterate_cycle' depends on axioms: [propext, Classical.choice, Quot.sound]
2026-09-26T13:13:50.5879354Z info: OIBridge/RootedClassificationT2.lean:93:0: 'OIBridge.RootedClassification.phaseZero_val' does not depend on any axioms
2026-09-26T13:13:50.5879841Z info: OIBridge/RootedClassificationT2.lean:94:0: 'OIBridge.RootedClassification.cycleState_phaseZero' depends on axioms: [propext, Classical.choice, Quot.sound]
2026-09-26T13:13:50.5880276Z info: OIBridge/RootedClassificationT2.lean:95:0: 'OIBridge.RootedClassification.finRotate_iterate_phaseZero_of_lt' depends on axioms: [propext,
2026-09-26T13:13:50.5880548Z  Classical.choice,
2026-09-26T13:13:50.5880680Z  Quot.sound]
2026-09-26T13:13:50.5881372Z info: OIBridge/RootedClassificationT2.lean:96:0: 'OIBridge.RootedClassification.cyclePerm_iterate_phaseZero_of_lt' depends on axioms: [propext,
2026-09-26T13:13:50.5881545Z  Classical.choice,
2026-09-26T13:13:50.5881696Z  Quot.sound]
2026-09-26T13:13:50.5882382Z info: OIBridge/RootedClassificationT2.lean:97:0: 'OIBridge.RootedClassification.responseStep_iterate_phaseZero_of_lt' depends on axioms: [propext,
2026-09-26T13:13:50.5882477Z  Classical.choice,
2026-09-26T13:13:50.5882568Z  Quot.sound]
2026-09-26T13:13:50.5883095Z info: OIBridge/RootedClassificationT2.lean:98:0: 'OIBridge.RootedClassification.responseStep_visible_of_pos_lt' depends on axioms: [propext,
2026-09-26T13:13:50.5883190Z  Classical.choice,
2026-09-26T13:13:50.5883282Z  Quot.sound]
2026-09-26T13:13:50.5883516Z ⚠ [3562/3600] Replayed OIBridge.RootedClassificationAllTime
2026-09-26T13:13:50.5884904Z warning: OIBridge/RootedClassificationAllTime.lean:14:34: Ambiguous namespace `Equivalence`: it is interpreted as `_root_.OIBridge.Equivalence` because this `open` occurs inside `namespace OIBridge.RootedClassification`, while `_root_.Equivalence` is silently not opened. Specify the namespace unambiguously, e.g. `_root_.OIBridge.Equivalence`. The warning can sometimes also be addressed by moving the `open` outside of the surrounding `namespace`.
2026-09-26T13:13:50.5884911Z 
2026-09-26T13:13:50.5885126Z Note: This linter can be disabled with `set_option linter.ambiguousOpen false`
2026-09-26T13:13:50.5885751Z warning: OIBridge/RootedClassificationAllTime.lean:49:0: automatically included section variable(s) unused in theorem `OIBridge.RootedClassification.responseLocalWeight_sum`:
2026-09-26T13:13:50.5885903Z   [DecidableEq V]
2026-09-26T13:13:50.5886381Z consider restructuring your `variable` declarations so that the variables are not in scope or explicitly omit them:
2026-09-26T13:13:50.5886495Z   omit [DecidableEq V] in theorem ...
2026-09-26T13:13:50.5886500Z 
2026-09-26T13:13:50.5886722Z Note: This linter can be disabled with `set_option linter.unusedSectionVars false`
2026-09-26T13:13:50.5887045Z warning: OIBridge/RootedClassificationAllTime.lean:163:15: Variable name `hM` is not explicitly referenced.
2026-09-26T13:13:50.5887050Z 
2026-09-26T13:13:50.5887434Z Hint: The binding can be removed (if unused) or named `_` (if used implicitly). Alternatively, prefix the name with `_` to silence this warning:
2026-09-26T13:13:50.5887529Z   [apply] _hM
2026-09-26T13:13:50.5887533Z 
2026-09-26T13:13:50.5887746Z Note: This linter can be disabled with `set_option linter.unusedVariables false`
2026-09-26T13:13:50.5888000Z warning: OIBridge/RootedClassificationAllTime.lean:224:22: This simp argument is unused:
2026-09-26T13:13:50.5888094Z   Matrix.one_apply
2026-09-26T13:13:50.5888099Z 
2026-09-26T13:13:50.5888214Z Hint: Omit it from the simp argument list.
2026-09-26T13:13:50.5888441Z   [apply] simp [pdFamily, J2] at h0
2026-09-26T13:13:50.5888446Z 
2026-09-26T13:13:50.5888658Z Note: This linter can be disabled with `set_option linter.unusedSimpArgs false`
2026-09-26T13:13:50.5888919Z warning: OIBridge/RootedClassificationAllTime.lean:232:22: This simp argument is unused:
2026-09-26T13:13:50.5889005Z   Matrix.one_apply
2026-09-26T13:13:50.5889010Z 
2026-09-26T13:13:50.5889130Z Hint: Omit it from the simp argument list.
2026-09-26T13:13:50.5889243Z   [apply] simp [peFamily, J2] at h0
2026-09-26T13:13:50.5889248Z 
2026-09-26T13:13:50.5889451Z Note: This linter can be disabled with `set_option linter.unusedSimpArgs false`
2026-09-26T13:13:50.5889924Z info: OIBridge/RootedClassificationAllTime.lean:252:0: 'OIBridge.RootedClassification.finRotate_iterate_phaseZero_period' depends on axioms: [propext,
2026-09-26T13:13:50.5890023Z  Classical.choice,
2026-09-26T13:13:50.5890111Z  Quot.sound]
2026-09-26T13:13:50.5890588Z info: OIBridge/RootedClassificationAllTime.lean:253:0: 'OIBridge.RootedClassification.cyclePerm_iterate_phaseZero_period' depends on axioms: [propext,
2026-09-26T13:13:50.5890745Z  Classical.choice,
2026-09-26T13:13:50.5890827Z  Quot.sound]
2026-09-26T13:13:50.5891304Z info: OIBridge/RootedClassificationAllTime.lean:254:0: 'OIBridge.RootedClassification.responseStep_iterate_phaseZero_period' depends on axioms: [propext,
2026-09-26T13:13:50.5891397Z  Classical.choice,
2026-09-26T13:13:50.5891477Z  Quot.sound]
2026-09-26T13:13:50.5892008Z info: OIBridge/RootedClassificationAllTime.lean:255:0: 'OIBridge.RootedClassification.responseLocalWeight_sum' depends on axioms: [propext, Classical.choice, Quot.sound]
2026-09-26T13:13:50.5892552Z info: OIBridge/RootedClassificationAllTime.lean:256:0: 'OIBridge.RootedClassification.responseRealization_pad_sum' depends on axioms: [propext, Classical.choice, Quot.sound]
2026-09-26T13:13:50.5893029Z info: OIBridge/RootedClassificationAllTime.lean:257:0: 'OIBridge.RootedClassification.rootedMap_responseRealization_of_pos_lt' depends on axioms: [propext,
2026-09-26T13:13:50.5893122Z  Classical.choice,
2026-09-26T13:13:50.5893208Z  Quot.sound]
2026-09-26T13:13:50.5893692Z info: OIBridge/RootedClassificationAllTime.lean:258:0: 'OIBridge.RootedClassification.rootedMap_responseRealization_first_period' depends on axioms: [propext,
2026-09-26T13:13:50.5893782Z  Classical.choice,
2026-09-26T13:13:50.5893864Z  Quot.sound]
2026-09-26T13:13:50.5894347Z info: OIBridge/RootedClassificationAllTime.lean:259:0: 'OIBridge.RootedClassification.rootedMap_responseRealization_add_period' depends on axioms: [propext,
2026-09-26T13:13:50.5894437Z  Classical.choice,
2026-09-26T13:13:50.5894517Z  Quot.sound]
2026-09-26T13:13:50.5894980Z info: OIBridge/RootedClassificationAllTime.lean:260:0: 'OIBridge.RootedClassification.responseRealization_agrees_all' depends on axioms: [propext,
2026-09-26T13:13:50.5895069Z  Classical.choice,
2026-09-26T13:13:50.5895149Z  Quot.sound]
2026-09-26T13:13:50.5895775Z info: OIBridge/RootedClassificationAllTime.lean:261:0: 'OIBridge.RootedClassification.pper_has_responseRealization' depends on axioms: [propext, Classical.choice, Quot.sound]
2026-09-26T13:13:50.5896250Z info: OIBridge/RootedClassificationAllTime.lean:262:0: 'OIBridge.RootedClassification.finiteRootedRealizable_iff_pper' depends on axioms: [propext,
2026-09-26T13:13:50.5896335Z  Classical.choice,
2026-09-26T13:13:50.5896427Z  Quot.sound]
2026-09-26T13:13:50.5896916Z info: OIBridge/RootedClassificationAllTime.lean:263:0: 'OIBridge.RootedClassification.finiteRootedRealizable_of_realization' depends on axioms: [propext,
2026-09-26T13:13:50.5897001Z  Classical.choice,
2026-09-26T13:13:50.5897091Z  Quot.sound]
2026-09-26T13:13:50.5897627Z info: OIBridge/RootedClassificationAllTime.lean:264:0: 'OIBridge.RootedClassification.pdFamily_not_periodicFamily' depends on axioms: [propext, Classical.choice, Quot.sound]
2026-09-26T13:13:50.5898153Z info: OIBridge/RootedClassificationAllTime.lean:265:0: 'OIBridge.RootedClassification.peFamily_not_periodicFamily' depends on axioms: [propext, Classical.choice, Quot.sound]
2026-09-26T13:13:50.5898686Z info: OIBridge/RootedClassificationAllTime.lean:266:0: 'OIBridge.RootedClassification.pdFamily_not_finiteRootedRealizable' depends on axioms: [propext,
2026-09-26T13:13:50.5898777Z  Classical.choice,
2026-09-26T13:13:50.5898856Z  Quot.sound]
2026-09-26T13:13:50.5899322Z info: OIBridge/RootedClassificationAllTime.lean:267:0: 'OIBridge.RootedClassification.peFamily_not_finiteRootedRealizable' depends on axioms: [propext,
2026-09-26T13:13:50.5899412Z  Classical.choice,
2026-09-26T13:13:50.5899490Z  Quot.sound]
2026-09-26T13:13:50.5899714Z ⚠ [3563/3600] Replayed OIBridge.QuantumRepresentationT2
2026-09-26T13:13:50.5899951Z warning: OIBridge/QuantumRepresentationT2.lean:78:52: This simp argument is unused:
2026-09-26T13:13:50.5900066Z   Matrix.conjTranspose_apply
2026-09-26T13:13:50.5900072Z 
2026-09-26T13:13:50.5900186Z Hint: Omit it from the simp argument list.
2026-09-26T13:13:50.5900420Z   [apply] simp [hadU, Matrix.mul_apply, Fin.sum_univ_two, Matrix.one_apply, hc, hadAmp_sq]
2026-09-26T13:13:50.5900431Z 
2026-09-26T13:13:50.5900741Z Note: This linter can be disabled with `set_option linter.unusedSimpArgs false`
2026-09-26T13:13:50.5900981Z warning: OIBridge/QuantumRepresentationT2.lean:79:6: This simp argument is unused:
2026-09-26T13:13:50.5901066Z   Matrix.one_apply
2026-09-26T13:13:50.5901070Z 
2026-09-26T13:13:50.5901189Z Hint: Omit it from the simp argument list.
2026-09-26T13:13:50.5901459Z   [apply] simp [hadU, Matrix.mul_apply, Fin.sum_univ_two, Matrix.conjTranspose_apply, hc, hadAmp_sq]
2026-09-26T13:13:50.5901464Z 
2026-09-26T13:13:50.5901662Z Note: This linter can be disabled with `set_option linter.unusedSimpArgs false`
2026-09-26T13:13:50.5901899Z warning: OIBridge/QuantumRepresentationT2.lean:80:4: this tactic is never executed
2026-09-26T13:13:50.5901904Z 
2026-09-26T13:13:50.5902119Z Note: This linter can be disabled with `set_option linter.unreachableTactic false`
2026-09-26T13:13:50.5902352Z warning: OIBridge/QuantumRepresentationT2.lean:80:25: this tactic is never executed
2026-09-26T13:13:50.5902361Z 
2026-09-26T13:13:50.5902580Z Note: This linter can be disabled with `set_option linter.unreachableTactic false`
2026-09-26T13:13:50.5902889Z warning: OIBridge/QuantumRepresentationT2.lean:80:4: Unused tactic linter: `simp [hadAmp_sq]` does nothing
2026-09-26T13:13:50.5902894Z 
2026-09-26T13:13:50.5903089Z Note: This linter can be disabled with `set_option linter.unusedTactic false`
2026-09-26T13:13:50.5903368Z warning: OIBridge/QuantumRepresentationT2.lean:80:25: Unused tactic linter: `ring` does nothing
2026-09-26T13:13:50.5903372Z 
2026-09-26T13:13:50.5903571Z Note: This linter can be disabled with `set_option linter.unusedTactic false`
2026-09-26T13:13:50.5903804Z warning: OIBridge/QuantumRepresentationT2.lean:92:61: This simp argument is unused:
2026-09-26T13:13:50.5903900Z   hadAmp_neg_normSq
2026-09-26T13:13:50.5903904Z 
2026-09-26T13:13:50.5904022Z Hint: Omit it from the simp argument list.
2026-09-26T13:13:50.5904129Z   [apply] simp [hadU, hadAmp_normSq]
2026-09-26T13:13:50.5904134Z 
2026-09-26T13:13:50.5904344Z Note: This linter can be disabled with `set_option linter.unusedSimpArgs false`
2026-09-26T13:13:50.5904814Z info: OIBridge/QuantumRepresentationT2.lean:177:0: 'OIBridge.QuantumRepresentation.hadAmp_sq' depends on axioms: [propext, Classical.choice, Quot.sound]
2026-09-26T13:13:50.5905286Z info: OIBridge/QuantumRepresentationT2.lean:178:0: 'OIBridge.QuantumRepresentation.hadAmp_normSq' depends on axioms: [propext, Classical.choice, Quot.sound]
2026-09-26T13:13:50.5905951Z info: OIBridge/QuantumRepresentationT2.lean:179:0: 'OIBridge.QuantumRepresentation.hadAmp_neg_normSq' depends on axioms: [propext, Classical.choice, Quot.sound]
2026-09-26T13:13:50.5906448Z info: OIBridge/QuantumRepresentationT2.lean:180:0: 'OIBridge.QuantumRepresentation.hadU_mem_unitaryGroup' depends on axioms: [propext, Classical.choice, Quot.sound]
2026-09-26T13:13:50.5906925Z info: OIBridge/QuantumRepresentationT2.lean:181:0: 'OIBridge.QuantumRepresentation.hadData_born' depends on axioms: [propext, Classical.choice, Quot.sound]
2026-09-26T13:13:50.5907475Z info: OIBridge/QuantumRepresentationT2.lean:182:0: 'OIBridge.QuantumRepresentation.hadData_isLaw' depends on axioms: [propext, Classical.choice, Quot.sound]
2026-09-26T13:13:50.5907948Z info: OIBridge/QuantumRepresentationT2.lean:183:0: 'OIBridge.QuantumRepresentation.hadU_normSq' depends on axioms: [propext, Classical.choice, Quot.sound]
2026-09-26T13:13:50.5908445Z info: OIBridge/QuantumRepresentationT2.lean:184:0: 'OIBridge.QuantumRepresentation.hadData_bornPow_succ' depends on axioms: [propext, Classical.choice, Quot.sound]
2026-09-26T13:13:50.5908930Z info: OIBridge/QuantumRepresentationT2.lean:185:0: 'OIBridge.QuantumRepresentation.hadData_bornPow_succ'' depends on axioms: [propext, Classical.choice, Quot.sound]
2026-09-26T13:13:50.5909424Z info: OIBridge/QuantumRepresentationT2.lean:186:0: 'OIBridge.QuantumRepresentation.hadData_bornPow_zero'' depends on axioms: [propext, Classical.choice, Quot.sound]
2026-09-26T13:13:50.5909974Z info: OIBridge/QuantumRepresentationT2.lean:187:0: 'OIBridge.QuantumRepresentation.hadData_rootMass' depends on axioms: [propext, Classical.choice, Quot.sound]
2026-09-26T13:13:50.5910478Z info: OIBridge/QuantumRepresentationT2.lean:188:0: 'OIBridge.QuantumRepresentation.hadData_positiveRootMass' depends on axioms: [propext, Classical.choice, Quot.sound]
2026-09-26T13:13:50.5910952Z info: OIBridge/QuantumRepresentationT2.lean:189:0: 'OIBridge.QuantumRepresentation.hadData_rooted' depends on axioms: [propext, Classical.choice, Quot.sound]
2026-09-26T13:13:50.5911461Z info: OIBridge/QuantumRepresentationT2.lean:190:0: 'OIBridge.QuantumRepresentation.hadData_rooted_eq_pdFamily' depends on axioms: [propext, Classical.choice, Quot.sound]
2026-09-26T13:13:50.5911931Z info: OIBridge/QuantumRepresentationT2.lean:191:0: 'OIBridge.QuantumRepresentation.qStar_pdFamily' depends on axioms: [propext, Classical.choice, Quot.sound]
2026-09-26T13:13:50.5912399Z info: OIBridge/QuantumRepresentationT2.lean:192:0: 'OIBridge.QuantumRepresentation.qStar_not_subset_finiteRootedRealizable' depends on axioms: [propext,
2026-09-26T13:13:50.5912501Z  Classical.choice,
2026-09-26T13:13:50.5912583Z  Quot.sound]
2026-09-26T13:13:50.5913071Z info: OIBridge/QuantumRepresentationT2.lean:193:0: 'OIBridge.QuantumRepresentation.qStar_not_subset_pper' depends on axioms: [propext, Classical.choice, Quot.sound]
2026-09-26T13:13:50.5913290Z ⚠ [3564/3600] Replayed OIBridge.QuantumRepresentationT3
2026-09-26T13:13:50.5913522Z warning: OIBridge/QuantumRepresentationT3.lean:92:10: This simp argument is unused:
2026-09-26T13:13:50.5913609Z   this
2026-09-26T13:13:50.5913614Z 
2026-09-26T13:13:50.5913729Z Hint: Omit it from the simp argument list.
2026-09-26T13:13:50.5913814Z   [apply] simp [h]
2026-09-26T13:13:50.5913818Z 
2026-09-26T13:13:50.5914028Z Note: This linter can be disabled with `set_option linter.unusedSimpArgs false`
2026-09-26T13:13:50.5914211Z warning: OIBridge/QuantumRepresentationT3.lean:195:2: Try this: 
2026-09-26T13:13:50.5914321Z   letI̵
2026-09-26T13:13:50.5914325Z 
2026-09-26T13:13:50.5914497Z The goal is a proposition, so `let` is preferred over `letI`.
2026-09-26T13:13:50.5914694Z The difference between `let` and `letI` is that `letI` inlines the value.
2026-09-26T13:13:50.5914860Z But this is not relevant for proofs because of proof irrelevance.
2026-09-26T13:13:50.5914864Z 
2026-09-26T13:13:50.5915074Z Note: This linter can be disabled with `set_option linter.style.haveILetI false`
2026-09-26T13:13:50.5915258Z warning: OIBridge/QuantumRepresentationT3.lean:196:2: Try this: 
2026-09-26T13:13:50.5915347Z   letI̵
2026-09-26T13:13:50.5915351Z 
2026-09-26T13:13:50.5915512Z The goal is a proposition, so `let` is preferred over `letI`.
2026-09-26T13:13:50.5915778Z The difference between `let` and `letI` is that `letI` inlines the value.
2026-09-26T13:13:50.5915939Z But this is not relevant for proofs because of proof irrelevance.
2026-09-26T13:13:50.5915944Z 
2026-09-26T13:13:50.5916233Z Note: This linter can be disabled with `set_option linter.style.haveILetI false`
2026-09-26T13:13:50.5916724Z info: OIBridge/QuantumRepresentationT3.lean:228:0: 'OIBridge.QuantumRepresentation.nonempty_of_qStar' depends on axioms: [propext, Classical.choice, Quot.sound]
2026-09-26T13:13:50.5917203Z info: OIBridge/QuantumRepresentationT3.lean:229:0: 'OIBridge.QuantumRepresentation.not_qStar_of_isEmpty' depends on axioms: [propext, Classical.choice, Quot.sound]
2026-09-26T13:13:50.5917689Z info: OIBridge/QuantumRepresentationT3.lean:230:0: 'OIBridge.QuantumRepresentation.permData_card_pos' depends on axioms: [propext, Classical.choice, Quot.sound]
2026-09-26T13:13:50.5918162Z info: OIBridge/QuantumRepresentationT3.lean:231:0: 'OIBridge.QuantumRepresentation.permData_born' depends on axioms: [propext, Classical.choice, Quot.sound]
2026-09-26T13:13:50.5918637Z info: OIBridge/QuantumRepresentationT3.lean:232:0: 'OIBridge.QuantumRepresentation.permData_bornPow' depends on axioms: [propext, Classical.choice, Quot.sound]
2026-09-26T13:13:50.5919184Z info: OIBridge/QuantumRepresentationT3.lean:233:0: 'OIBridge.QuantumRepresentation.permData_rootMass' depends on axioms: [propext, Classical.choice, Quot.sound]
2026-09-26T13:13:50.5919700Z info: OIBridge/QuantumRepresentationT3.lean:234:0: 'OIBridge.QuantumRepresentation.permData_positiveRootMass' depends on axioms: [propext, Classical.choice, Quot.sound]
2026-09-26T13:13:50.5920166Z info: OIBridge/QuantumRepresentationT3.lean:235:0: 'OIBridge.QuantumRepresentation.permData_isLaw' depends on axioms: [propext, Classical.choice, Quot.sound]
2026-09-26T13:13:50.5920644Z info: OIBridge/QuantumRepresentationT3.lean:236:0: 'OIBridge.QuantumRepresentation.permData_rooted' depends on axioms: [propext, Classical.choice, Quot.sound]
2026-09-26T13:13:50.5921155Z info: OIBridge/QuantumRepresentationT3.lean:237:0: 'OIBridge.QuantumRepresentation.qStar_of_rootedRealization' depends on axioms: [propext, Classical.choice, Quot.sound]
2026-09-26T13:13:50.5921593Z info: OIBridge/QuantumRepresentationT3.lean:238:0: 'OIBridge.QuantumRepresentation.qStar_of_finiteRootedRealizable' depends on axioms: [propext,
2026-09-26T13:13:50.5921689Z  Classical.choice,
2026-09-26T13:13:50.5921776Z  Quot.sound]
2026-09-26T13:13:50.5922234Z info: OIBridge/QuantumRepresentationT3.lean:239:0: 'OIBridge.QuantumRepresentation.qStar_of_pper' depends on axioms: [propext, Classical.choice, Quot.sound]
2026-09-26T13:13:50.5922745Z info: OIBridge/QuantumRepresentationT3.lean:240:0: 'OIBridge.QuantumRepresentation.qStar_inclusion_iff_nonempty' depends on axioms: [propext, Classical.choice, Quot.sound]
2026-09-26T13:13:50.5922935Z ⚠ [3565/3600] Replayed OIBridge.OperationalSourcing
2026-09-26T13:13:50.5923263Z warning: OIBridge/OperationalSourcing.lean:529:2: `push_neg` has been deprecated. Prefer using `push Not` instead.
2026-09-26T13:13:50.5923503Z If you'd rather continue using `push_neg` in your project, you can implement it as follows:
2026-09-26T13:13:50.5923586Z ```
2026-09-26T13:13:50.5923687Z open Lean.Parser.Tactic in
2026-09-26T13:13:50.5923849Z macro "push_neg" cfg:optConfig loc:(location)? : tactic =>
2026-09-26T13:13:50.5923977Z   `(tactic| push $cfg:optConfig Not $[$loc]?)
2026-09-26T13:13:50.5924054Z ```
2026-09-26T13:13:50.5924513Z info: OIBridge/OperationalSourcing.lean:949:0: 'OIBridge.OperationalSourcing.instAvail_congr' depends on axioms: [propext, Classical.choice, Quot.sound]
2026-09-26T13:13:50.5924973Z info: OIBridge/OperationalSourcing.lean:950:0: 'OIBridge.OperationalSourcing.availExt_congr' depends on axioms: [propext, Classical.choice, Quot.sound]
2026-09-26T13:13:50.5925461Z info: OIBridge/OperationalSourcing.lean:951:0: 'OIBridge.OperationalSourcing.availExt_stable_under_arcC' depends on axioms: [propext, Classical.choice, Quot.sound]
2026-09-26T13:13:50.5925970Z info: OIBridge/OperationalSourcing.lean:952:0: 'OIBridge.OperationalSourcing.availExt_unavailable_stable_under_arcC' depends on axioms: [propext,
2026-09-26T13:13:50.5926064Z  Classical.choice,
2026-09-26T13:13:50.5926209Z  Quot.sound]
2026-09-26T13:13:50.5926654Z info: OIBridge/OperationalSourcing.lean:953:0: 'OIBridge.OperationalSourcing.phasesUnavailable_stable_under_arcC' depends on axioms: [propext,
2026-09-26T13:13:50.5926750Z  Classical.choice,
2026-09-26T13:13:50.5926831Z  Quot.sound]
2026-09-26T13:13:50.5927318Z info: OIBridge/OperationalSourcing.lean:954:0: 'OIBridge.OperationalSourcing.permClass_unchanged_by_arcC' depends on axioms: [propext, Classical.choice, Quot.sound]
2026-09-26T13:13:50.5927796Z info: OIBridge/OperationalSourcing.lean:955:0: 'OIBridge.OperationalSourcing.permMatrix_eq_coherent' depends on axioms: [propext, Classical.choice, Quot.sound]
2026-09-26T13:13:50.5928270Z info: OIBridge/OperationalSourcing.lean:956:0: 'OIBridge.OperationalSourcing.permClass_permMatrix'' depends on axioms: [propext, Classical.choice, Quot.sound]
2026-09-26T13:13:50.5928740Z info: OIBridge/OperationalSourcing.lean:957:0: 'OIBridge.OperationalSourcing.permData_U_permClass' depends on axioms: [propext, Classical.choice, Quot.sound]
2026-09-26T13:13:50.5929256Z info: OIBridge/OperationalSourcing.lean:958:0: 'OIBridge.OperationalSourcing.padData_U' depends on axioms: [propext, Classical.choice, Quot.sound]
2026-09-26T13:13:50.5929691Z info: OIBridge/OperationalSourcing.lean:959:0: 'OIBridge.OperationalSourcing.padData_init' depends on axioms: [propext, Classical.choice, Quot.sound]
2026-09-26T13:13:50.5930134Z info: OIBridge/OperationalSourcing.lean:960:0: 'OIBridge.OperationalSourcing.padData_read' depends on axioms: [propext, Classical.choice, Quot.sound]
2026-09-26T13:13:50.5930625Z info: OIBridge/OperationalSourcing.lean:961:0: 'OIBridge.OperationalSourcing.kronecker_mem_unitaryGroup' depends on axioms: [propext, Classical.choice, Quot.sound]
2026-09-26T13:13:50.5931056Z info: OIBridge/OperationalSourcing.lean:962:0: 'OIBridge.OperationalSourcing.padData_born' depends on axioms: [propext, Classical.choice, Quot.sound]
2026-09-26T13:13:50.5931489Z info: OIBridge/OperationalSourcing.lean:963:0: 'OIBridge.OperationalSourcing.sum_ancBorn' depends on axioms: [propext, Classical.choice, Quot.sound]
2026-09-26T13:13:50.5931930Z info: OIBridge/OperationalSourcing.lean:964:0: 'OIBridge.OperationalSourcing.sum_ancPow' depends on axioms: [propext, Classical.choice, Quot.sound]
2026-09-26T13:13:50.5932385Z info: OIBridge/OperationalSourcing.lean:965:0: 'OIBridge.OperationalSourcing.padData_bornPow' depends on axioms: [propext, Classical.choice, Quot.sound]
2026-09-26T13:13:50.5932815Z info: OIBridge/OperationalSourcing.lean:966:0: 'OIBridge.OperationalSourcing.sum_fibre_one' depends on axioms: [propext, Classical.choice, Quot.sound]
2026-09-26T13:13:50.5933250Z info: OIBridge/OperationalSourcing.lean:967:0: 'OIBridge.OperationalSourcing.sum_fibre_two' depends on axioms: [propext, Classical.choice, Quot.sound]
2026-09-26T13:13:50.5933708Z info: OIBridge/OperationalSourcing.lean:968:0: 'OIBridge.OperationalSourcing.padData_rootMass' depends on axioms: [propext, Classical.choice, Quot.sound]
2026-09-26T13:13:50.5934166Z info: OIBridge/OperationalSourcing.lean:969:0: 'OIBridge.OperationalSourcing.padData_jointMass' depends on axioms: [propext, Classical.choice, Quot.sound]
2026-09-26T13:13:50.5934623Z info: OIBridge/OperationalSourcing.lean:970:0: 'OIBridge.OperationalSourcing.padData_rooted' depends on axioms: [propext, Classical.choice, Quot.sound]
2026-09-26T13:13:50.5935067Z info: OIBridge/OperationalSourcing.lean:971:0: 'OIBridge.OperationalSourcing.padData_isLaw' depends on axioms: [propext, Classical.choice, Quot.sound]
2026-09-26T13:13:50.5935608Z info: OIBridge/OperationalSourcing.lean:972:0: 'OIBridge.OperationalSourcing.padData_positiveRootMass' depends on axioms: [propext, Classical.choice, Quot.sound]
2026-09-26T13:13:50.5936085Z info: OIBridge/OperationalSourcing.lean:973:0: 'OIBridge.OperationalSourcing.nonempty_bas_of_isLaw' depends on axioms: [propext, Classical.choice, Quot.sound]
2026-09-26T13:13:50.5936558Z info: OIBridge/OperationalSourcing.lean:974:0: 'OIBridge.OperationalSourcing.exists_ne_zero_of_isLaw' depends on axioms: [propext, Classical.choice, Quot.sound]
2026-09-26T13:13:50.5937097Z info: OIBridge/OperationalSourcing.lean:975:0: 'OIBridge.OperationalSourcing.consequence_nonMonomial' depends on axioms: [propext, Classical.choice, Quot.sound]
2026-09-26T13:13:50.5937592Z info: OIBridge/OperationalSourcing.lean:976:0: 'OIBridge.OperationalSourcing.phaseU_mem_unitaryGroup' depends on axioms: [propext, Classical.choice, Quot.sound]
2026-09-26T13:13:50.5938045Z info: OIBridge/OperationalSourcing.lean:977:0: 'OIBridge.OperationalSourcing.phaseU_rowSum' depends on axioms: [propext, Classical.choice, Quot.sound]
2026-09-26T13:13:50.5938494Z info: OIBridge/OperationalSourcing.lean:978:0: 'OIBridge.OperationalSourcing.smul_ones_apply' depends on axioms: [propext, Classical.choice, Quot.sound]
2026-09-26T13:13:50.5938955Z info: OIBridge/OperationalSourcing.lean:979:0: 'OIBridge.OperationalSourcing.padData_U_mulVec_ones' depends on axioms: [propext, Classical.choice, Quot.sound]
2026-09-26T13:13:50.5939443Z info: OIBridge/OperationalSourcing.lean:980:0: 'OIBridge.OperationalSourcing.consequence_phaseContent' depends on axioms: [propext, Classical.choice, Quot.sound]
2026-09-26T13:13:50.5939956Z info: OIBridge/OperationalSourcing.lean:981:0: 'OIBridge.OperationalSourcing.unitData_isLaw' depends on axioms: [propext, Classical.choice, Quot.sound]
2026-09-26T13:13:50.5940406Z info: OIBridge/OperationalSourcing.lean:982:0: 'OIBridge.OperationalSourcing.unitData_bas_elim' depends on axioms: [propext, Classical.choice, Quot.sound]
2026-09-26T13:13:50.5940876Z info: OIBridge/OperationalSourcing.lean:983:0: 'OIBridge.OperationalSourcing.unitData_sum_collapse' depends on axioms: [propext, Classical.choice, Quot.sound]
2026-09-26T13:13:50.5941353Z info: OIBridge/OperationalSourcing.lean:984:0: 'OIBridge.OperationalSourcing.unitData_bornPow_eq_one' depends on axioms: [propext, Classical.choice, Quot.sound]
2026-09-26T13:13:50.5941807Z info: OIBridge/OperationalSourcing.lean:985:0: 'OIBridge.OperationalSourcing.unitData_rootMass' depends on axioms: [propext, Classical.choice, Quot.sound]
2026-09-26T13:13:50.5942300Z info: OIBridge/OperationalSourcing.lean:986:0: 'OIBridge.OperationalSourcing.unitData_positiveRootMass' depends on axioms: [propext, Classical.choice, Quot.sound]
2026-09-26T13:13:50.5942751Z info: OIBridge/OperationalSourcing.lean:987:0: 'OIBridge.OperationalSourcing.unitData_rooted' depends on axioms: [propext, Classical.choice, Quot.sound]
2026-09-26T13:13:50.5943219Z info: OIBridge/OperationalSourcing.lean:988:0: 'OIBridge.OperationalSourcing.unitFamily_realizable' depends on axioms: [propext, Classical.choice, Quot.sound]
2026-09-26T13:13:50.5943669Z info: OIBridge/OperationalSourcing.lean:989:0: 'OIBridge.OperationalSourcing.reindex_padUnit' depends on axioms: [propext, Classical.choice, Quot.sound]
2026-09-26T13:13:50.5944157Z info: OIBridge/OperationalSourcing.lean:990:0: 'OIBridge.OperationalSourcing.consequence_augmentedAll' depends on axioms: [propext, Classical.choice, Quot.sound]
2026-09-26T13:13:50.5944590Z info: OIBridge/OperationalSourcing.lean:991:0: 'OIBridge.OperationalSourcing.archGen_arch' depends on axioms: [propext, Classical.choice, Quot.sound]
2026-09-26T13:13:50.5945031Z info: OIBridge/OperationalSourcing.lean:992:0: 'OIBridge.OperationalSourcing.archGen_le' depends on axioms: [propext, Classical.choice, Quot.sound]
2026-09-26T13:13:50.5945497Z info: OIBridge/OperationalSourcing.lean:993:0: 'OIBridge.OperationalSourcing.repAugmented_arch' depends on axioms: [propext, Classical.choice, Quot.sound]
2026-09-26T13:13:50.5946080Z info: OIBridge/OperationalSourcing.lean:994:0: 'OIBridge.OperationalSourcing.permClass_le_repAugmented' depends on axioms: [propext, Classical.choice, Quot.sound]
2026-09-26T13:13:50.5946534Z info: OIBridge/OperationalSourcing.lean:995:0: 'OIBridge.OperationalSourcing.archGen_of_isEmpty' depends on axioms: [propext, Classical.choice, Quot.sound]
2026-09-26T13:13:50.5946968Z info: OIBridge/OperationalSourcing.lean:996:0: 'OIBridge.OperationalSourcing.repAugmented_allUnitaries_nonempty' depends on axioms: [propext,
2026-09-26T13:13:50.5947119Z  Classical.choice,
2026-09-26T13:13:50.5947200Z  Quot.sound]
2026-09-26T13:13:50.5947695Z info: OIBridge/OperationalSourcing.lean:997:0: 'OIBridge.OperationalSourcing.repAugmented_allUnitaries' depends on axioms: [propext, Classical.choice, Quot.sound]
2026-09-26T13:13:50.5948194Z info: OIBridge/OperationalSourcing.lean:998:0: 'OIBridge.OperationalSourcing.repAugmented_not_onesFixing' depends on axioms: [propext, Classical.choice, Quot.sound]
2026-09-26T13:13:50.5948689Z info: OIBridge/OperationalSourcing.lean:999:0: 'OIBridge.OperationalSourcing.repAugmented_phasesAvailable' depends on axioms: [propext, Classical.choice, Quot.sound]
2026-09-26T13:13:50.5949123Z info: OIBridge/OperationalSourcing.lean:1000:0: 'OIBridge.OperationalSourcing.repAugmented_everyUnitaryAvailable' depends on axioms: [propext,
2026-09-26T13:13:50.5949217Z  Classical.choice,
2026-09-26T13:13:50.5949298Z  Quot.sound]
2026-09-26T13:13:50.5949727Z info: OIBridge/OperationalSourcing.lean:1001:0: 'OIBridge.OperationalSourcing.arcCWitness_not_phasesAvailable' depends on axioms: [propext,
2026-09-26T13:13:50.5949823Z  Classical.choice,
2026-09-26T13:13:50.5949971Z  Quot.sound]
2026-09-26T13:13:50.5950172Z ⚠ [3566/3600] Replayed OIBridge.CandidateSelection
2026-09-26T13:13:50.5950625Z warning: OIBridge/CandidateSelection.lean:91:0: automatically included section variable(s) unused in theorem `OIBridge.CandidateSelection.bornPow_nonneg`:
2026-09-26T13:13:50.5950718Z   [Fintype V]
2026-09-26T13:13:50.5950809Z   [DecidableEq V]
2026-09-26T13:13:50.5951130Z consider restructuring your `variable` declarations so that the variables are not in scope or explicitly omit them:
2026-09-26T13:13:50.5951262Z   omit [Fintype V] [DecidableEq V] in theorem ...
2026-09-26T13:13:50.5951267Z 
2026-09-26T13:13:50.5951490Z Note: This linter can be disabled with `set_option linter.unusedSectionVars false`
2026-09-26T13:13:50.5951948Z warning: OIBridge/CandidateSelection.lean:104:0: automatically included section variable(s) unused in theorem `OIBridge.CandidateSelection.bornPow_one`:
2026-09-26T13:13:50.5952042Z   [Fintype V]
2026-09-26T13:13:50.5952373Z consider restructuring your `variable` declarations so that the variables are not in scope or explicitly omit them:
2026-09-26T13:13:50.5952478Z   omit [Fintype V] in theorem ...
2026-09-26T13:13:50.5952483Z 
2026-09-26T13:13:50.5952704Z Note: This linter can be disabled with `set_option linter.unusedSectionVars false`
2026-09-26T13:13:50.5953192Z warning: OIBridge/CandidateSelection.lean:153:0: automatically included section variable(s) unused in theorem `OIBridge.CandidateSelection.initWeight_admissible`:
2026-09-26T13:13:50.5953273Z   [Fintype V]
2026-09-26T13:13:50.5953595Z consider restructuring your `variable` declarations so that the variables are not in scope or explicitly omit them:
2026-09-26T13:13:50.5953705Z   omit [Fintype V] in theorem ...
2026-09-26T13:13:50.5953710Z 
2026-09-26T13:13:50.5953920Z Note: This linter can be disabled with `set_option linter.unusedSectionVars false`
2026-09-26T13:13:50.5954427Z warning: OIBridge/CandidateSelection.lean:168:0: automatically included section variable(s) unused in theorem `OIBridge.CandidateSelection.uniformWeight_admissible`:
2026-09-26T13:13:50.5954516Z   [Fintype V]
2026-09-26T13:13:50.5954829Z consider restructuring your `variable` declarations so that the variables are not in scope or explicitly omit them:
2026-09-26T13:13:50.5954934Z   omit [Fintype V] in theorem ...
2026-09-26T13:13:50.5954939Z 
2026-09-26T13:13:50.5955155Z Note: This linter can be disabled with `set_option linter.unusedSectionVars false`
2026-09-26T13:13:50.5955371Z warning: OIBridge/CandidateSelection.lean:261:52: This simp argument is unused:
2026-09-26T13:13:50.5955481Z   Matrix.conjTranspose_apply
2026-09-26T13:13:50.5955486Z 
2026-09-26T13:13:50.5955672Z Hint: Omit it from the simp argument list.
2026-09-26T13:13:50.5955857Z   [apply] simp [Matrix.mul_apply, Fin.sum_univ_three, Matrix.one_apply]
2026-09-26T13:13:50.5955862Z 
2026-09-26T13:13:50.5956147Z Note: This linter can be disabled with `set_option linter.unusedSimpArgs false`
2026-09-26T13:13:50.5956370Z warning: OIBridge/CandidateSelection.lean:261:80: This simp argument is unused:
2026-09-26T13:13:50.5956455Z   Matrix.one_apply
2026-09-26T13:13:50.5956460Z 
2026-09-26T13:13:50.5956575Z Hint: Omit it from the simp argument list.
2026-09-26T13:13:50.5956794Z   [apply] simp [Matrix.mul_apply, Fin.sum_univ_three, Matrix.conjTranspose_apply]
2026-09-26T13:13:50.5956798Z 
2026-09-26T13:13:50.5956998Z Note: This linter can be disabled with `set_option linter.unusedSimpArgs false`
2026-09-26T13:13:50.5957524Z warning: OIBridge/CandidateSelection.lean:320:0: automatically included section variable(s) unused in theorem `OIBridge.CandidateSelection.candidateOf_initWeight_eq_rooted`:
2026-09-26T13:13:50.5957616Z   [Fintype V]
2026-09-26T13:13:50.5957934Z consider restructuring your `variable` declarations so that the variables are not in scope or explicitly omit them:
2026-09-26T13:13:50.5958045Z   omit [Fintype V] in theorem ...
2026-09-26T13:13:50.5958053Z 
2026-09-26T13:13:50.5958330Z Note: This linter can be disabled with `set_option linter.unusedSectionVars false`
2026-09-26T13:13:50.5958607Z warning: OIBridge/CandidateSelection.lean:320:58: Variable name `hQ` is not explicitly referenced.
2026-09-26T13:13:50.5958612Z 
2026-09-26T13:13:50.5959003Z Hint: The binding can be removed (if unused) or named `_` (if used implicitly). Alternatively, prefix the name with `_` to silence this warning:
2026-09-26T13:13:50.5959093Z   [apply] _hQ
2026-09-26T13:13:50.5959098Z 
2026-09-26T13:13:50.5959304Z Note: This linter can be disabled with `set_option linter.unusedVariables false`
2026-09-26T13:13:50.5959585Z warning: OIBridge/CandidateSelection.lean:320:73: Variable name `hP` is not explicitly referenced.
2026-09-26T13:13:50.5959590Z 
2026-09-26T13:13:50.5959975Z Hint: The binding can be removed (if unused) or named `_` (if used implicitly). Alternatively, prefix the name with `_` to silence this warning:
2026-09-26T13:13:50.5960060Z   [apply] _hP
2026-09-26T13:13:50.5960065Z 
2026-09-26T13:13:50.5960286Z Note: This linter can be disabled with `set_option linter.unusedVariables false`
2026-09-26T13:13:50.5960606Z warning: OIBridge/CandidateSelection.lean:444:4: `push_neg` has been deprecated. Prefer using `push Not` instead.
2026-09-26T13:13:50.5960845Z If you'd rather continue using `push_neg` in your project, you can implement it as follows:
2026-09-26T13:13:50.5960936Z ```
2026-09-26T13:13:50.5961044Z open Lean.Parser.Tactic in
2026-09-26T13:13:50.5961193Z macro "push_neg" cfg:optConfig loc:(location)? : tactic =>
2026-09-26T13:13:50.5961318Z   `(tactic| push $cfg:optConfig Not $[$loc]?)
2026-09-26T13:13:50.5961401Z ```
2026-09-26T13:13:50.5961877Z info: OIBridge/CandidateSelection.lean:460:0: 'OIBridge.CandidateSelection.initWeight_admissible' depends on axioms: [propext, Classical.choice, Quot.sound]
2026-09-26T13:13:50.5962361Z info: OIBridge/CandidateSelection.lean:461:0: 'OIBridge.CandidateSelection.uniformWeight_admissible' depends on axioms: [propext, Classical.choice, Quot.sound]
2026-09-26T13:13:50.5962858Z info: OIBridge/CandidateSelection.lean:462:0: 'OIBridge.CandidateSelection.candidateOf_isRowStochastic' depends on axioms: [propext, Classical.choice, Quot.sound]
2026-09-26T13:13:50.5963323Z info: OIBridge/CandidateSelection.lean:463:0: 'OIBridge.CandidateSelection.candidate_rules_disagree' depends on axioms: [propext, Classical.choice, Quot.sound]
2026-09-26T13:13:50.5963733Z info: OIBridge/CandidateSelection.lean:464:0: 'OIBridge.CandidateSelection.candidateOf_initWeight_eq_rooted' depends on axioms: [propext,
2026-09-26T13:13:50.5963827Z  Classical.choice,
2026-09-26T13:13:50.5963907Z  Quot.sound]
2026-09-26T13:13:50.5964339Z info: OIBridge/CandidateSelection.lean:465:0: 'OIBridge.CandidateSelection.candidateOf_uniformWeight_padData_eq' depends on axioms: [propext,
2026-09-26T13:13:50.5964438Z  Classical.choice,
2026-09-26T13:13:50.5964518Z  Quot.sound]
2026-09-26T13:13:50.5964984Z info: OIBridge/CandidateSelection.lean:466:0: 'OIBridge.CandidateSelection.admissible_nonUnique' depends on axioms: [propext, Classical.choice, Quot.sound]
2026-09-26T13:13:50.5965213Z ℹ [3567/3600] Replayed OIBridge.BarandesTuple
2026-09-26T13:13:50.5965773Z info: OIBridge/BarandesTuple.lean:560:0: 'OIBridge.BarandesTupleRound.transpose_nonneg' depends on axioms: [propext, Classical.choice, Quot.sound]
2026-09-26T13:13:50.5966207Z info: OIBridge/BarandesTuple.lean:561:0: 'OIBridge.BarandesTupleRound.transpose_le_one' depends on axioms: [propext, Classical.choice, Quot.sound]
2026-09-26T13:13:50.5966671Z info: OIBridge/BarandesTuple.lean:562:0: 'OIBridge.BarandesTupleRound.transpose_isColStochastic' depends on axioms: [propext, Classical.choice, Quot.sound]
2026-09-26T13:13:50.5967090Z info: OIBridge/BarandesTuple.lean:563:0: 'OIBridge.BarandesTupleRound.transpose_zero' depends on axioms: [propext, Classical.choice, Quot.sound]
2026-09-26T13:13:50.5967509Z info: OIBridge/BarandesTuple.lean:564:0: 'OIBridge.BarandesTupleRound.tupleP_zero' depends on axioms: [propext, Classical.choice, Quot.sound]
2026-09-26T13:13:50.5968019Z info: OIBridge/BarandesTuple.lean:565:0: 'OIBridge.BarandesTupleRound.tupleP_nonneg' depends on axioms: [propext, Classical.choice, Quot.sound]
2026-09-26T13:13:50.5968422Z info: OIBridge/BarandesTuple.lean:566:0: 'OIBridge.BarandesTupleRound.tupleP_sum' depends on axioms: [propext, Classical.choice, Quot.sound]
2026-09-26T13:13:50.5968839Z info: OIBridge/BarandesTuple.lean:567:0: 'OIBridge.BarandesTupleRound.tupleP_le_one' depends on axioms: [propext, Classical.choice, Quot.sound]
2026-09-26T13:13:50.5969262Z info: OIBridge/BarandesTuple.lean:568:0: 'OIBridge.BarandesTupleRound.tupleP_init_sum' depends on axioms: [propext, Classical.choice, Quot.sound]
2026-09-26T13:13:50.5969668Z info: OIBridge/BarandesTuple.lean:569:0: 'OIBridge.BarandesTupleRound.tupleP_marg' depends on axioms: [propext, Classical.choice, Quot.sound]
2026-09-26T13:13:50.5970141Z info: OIBridge/BarandesTuple.lean:570:0: 'OIBridge.BarandesTupleRound.singletonDivisible_of_pper' depends on axioms: [propext, Classical.choice, Quot.sound]
2026-09-26T13:13:50.5970585Z info: OIBridge/BarandesTuple.lean:571:0: 'OIBridge.BarandesTupleRound.collapsing_witness' depends on axioms: [propext, Classical.choice, Quot.sound]
2026-09-26T13:13:50.5971020Z info: OIBridge/BarandesTuple.lean:572:0: 'OIBridge.BarandesTupleRound.singletonDivisible_independent_of_pdivisible' depends on axioms: [propext,
2026-09-26T13:13:50.5971114Z  Classical.choice,
2026-09-26T13:13:50.5971201Z  Quot.sound]
2026-09-26T13:13:50.5971645Z info: OIBridge/BarandesTuple.lean:573:0: 'OIBridge.BarandesTupleRound.barandesTupleOfPPer' depends on axioms: [propext, Classical.choice, Quot.sound]
2026-09-26T13:13:50.5972075Z info: OIBridge/BarandesTuple.lean:574:0: 'OIBridge.BarandesTupleRound.decl_carrier_finite' depends on axioms: [propext, Classical.choice, Quot.sound]
2026-09-26T13:13:50.5972495Z info: OIBridge/BarandesTuple.lean:575:0: 'OIBridge.BarandesTupleRound.decl_init_eq_zero' depends on axioms: [propext, Classical.choice, Quot.sound]
2026-09-26T13:13:50.5972886Z info: OIBridge/BarandesTuple.lean:576:0: 'OIBridge.BarandesTupleRound.decl_T0_singleton_containing_init' depends on axioms: [propext,
2026-09-26T13:13:50.5972980Z  Classical.choice,
2026-09-26T13:13:50.5973074Z  Quot.sound]
2026-09-26T13:13:50.5973496Z info: OIBridge/BarandesTuple.lean:577:0: 'OIBridge.BarandesTupleRound.decl_alg_maximal' depends on axioms: [propext, Classical.choice, Quot.sound]
2026-09-26T13:13:50.5973982Z info: OIBridge/BarandesTuple.lean:578:0: 'OIBridge.BarandesTupleRound.rootedRealization_instantiates' depends on axioms: [propext, Classical.choice, Quot.sound]
2026-09-26T13:13:50.5974432Z info: OIBridge/BarandesTuple.lean:579:0: 'OIBridge.BarandesTupleRound.unistochastic_isRowStochastic_and_isColStochastic' depends on axioms: [propext,
2026-09-26T13:13:50.5974517Z  Classical.choice,
2026-09-26T13:13:50.5974606Z  Quot.sound]
2026-09-26T13:13:50.5975000Z info: OIBridge/BarandesTuple.lean:580:0: 'OIBridge.BarandesTupleRound.collapsed_slice_not_unistochastic' depends on axioms: [propext,
2026-09-26T13:13:50.5975171Z  Classical.choice,
2026-09-26T13:13:50.5975258Z  Quot.sound]
2026-09-26T13:13:50.5975783Z info: OIBridge/BarandesTuple.lean:581:0: 'OIBridge.BarandesTupleRound.offDirectBranch' depends on axioms: [propext, Classical.choice, Quot.sound]
2026-09-26T13:13:50.5976203Z info: OIBridge/BarandesTuple.lean:582:0: 'OIBridge.BarandesTupleRound.not_directBranch' depends on axioms: [propext, Classical.choice, Quot.sound]
2026-09-26T13:13:50.5976680Z info: OIBridge/BarandesTuple.lean:583:0: 'OIBridge.BarandesTupleRound.offDirectBranch_realization' depends on axioms: [propext, Classical.choice, Quot.sound]
2026-09-26T13:13:50.5976874Z ℹ [3568/3600] Replayed OIBridge.ContinuousExtension
2026-09-26T13:13:50.5977384Z info: OIBridge/ContinuousExtension.lean:548:0: 'OIBridge.ContinuousExtension.restriction_of_extends' depends on axioms: [propext, Classical.choice, Quot.sound]
2026-09-26T13:13:50.5977832Z info: OIBridge/ContinuousExtension.lean:549:0: 'OIBridge.ContinuousExtension.extends_apply' depends on axioms: [propext, Classical.choice, Quot.sound]
2026-09-26T13:13:50.5978347Z info: OIBridge/ContinuousExtension.lean:550:0: 'OIBridge.ContinuousExtension.extends_root' depends on axioms: [propext, Classical.choice, Quot.sound]
2026-09-26T13:13:50.5978831Z info: OIBridge/ContinuousExtension.lean:551:0: 'OIBridge.ContinuousExtension.isRowStochastic_restrict' depends on axioms: [propext, Classical.choice, Quot.sound]
2026-09-26T13:13:50.5979305Z info: OIBridge/ContinuousExtension.lean:552:0: 'OIBridge.ContinuousExtension.isRowStochastic_one' depends on axioms: [propext, Classical.choice, Quot.sound]
2026-09-26T13:13:50.5979788Z info: OIBridge/ContinuousExtension.lean:553:0: 'OIBridge.ContinuousExtension.isRowStochastic_convex' depends on axioms: [propext, Classical.choice, Quot.sound]
2026-09-26T13:13:50.5980226Z info: OIBridge/ContinuousExtension.lean:554:0: 'OIBridge.ContinuousExtension.cos_nat_mul_pi' depends on axioms: [propext, Classical.choice, Quot.sound]
2026-09-26T13:13:50.5980712Z info: OIBridge/ContinuousExtension.lean:555:0: 'OIBridge.ContinuousExtension.weight_mem_unitInterval' depends on axioms: [propext, Classical.choice, Quot.sound]
2026-09-26T13:13:50.5981169Z info: OIBridge/ContinuousExtension.lean:556:0: 'OIBridge.ContinuousExtension.weight_continuous' depends on axioms: [propext, Classical.choice, Quot.sound]
2026-09-26T13:13:50.5981604Z info: OIBridge/ContinuousExtension.lean:557:0: 'OIBridge.ContinuousExtension.weight_pi_nat' depends on axioms: [propext, Classical.choice, Quot.sound]
2026-09-26T13:13:50.5982063Z info: OIBridge/ContinuousExtension.lean:558:0: 'OIBridge.ContinuousExtension.weight_twoPi_nat' depends on axioms: [propext, Classical.choice, Quot.sound]
2026-09-26T13:13:50.5982517Z info: OIBridge/ContinuousExtension.lean:559:0: 'OIBridge.ContinuousExtension.weight_twoPi_half' depends on axioms: [propext, Classical.choice, Quot.sound]
2026-09-26T13:13:50.5982982Z info: OIBridge/ContinuousExtension.lean:560:0: 'OIBridge.ContinuousExtension.interp_rowStochastic' depends on axioms: [propext, Classical.choice, Quot.sound]
2026-09-26T13:13:50.5983438Z info: OIBridge/ContinuousExtension.lean:561:0: 'OIBridge.ContinuousExtension.interp_continuous' depends on axioms: [propext, Classical.choice, Quot.sound]
2026-09-26T13:13:50.5983936Z info: OIBridge/ContinuousExtension.lean:562:0: 'OIBridge.ContinuousExtension.extension_not_unique_visible' depends on axioms: [propext, Classical.choice, Quot.sound]
2026-09-26T13:13:50.5984399Z info: OIBridge/ContinuousExtension.lean:563:0: 'OIBridge.ContinuousExtension.regionLimit_analogue_has_equal_visible_shadows' depends on axioms: [propext,
2026-09-26T13:13:50.5984486Z  Classical.choice,
2026-09-26T13:13:50.5984576Z  Quot.sound]
2026-09-26T13:13:50.5985001Z info: OIBridge/ContinuousExtension.lean:564:0: 'OIBridge.ContinuousExtension.collapsingSlice_isRowStochastic' depends on axioms: [propext,
2026-09-26T13:13:50.5985086Z  Classical.choice,
2026-09-26T13:13:50.5985173Z  Quot.sound]
2026-09-26T13:13:50.5985811Z info: OIBridge/ContinuousExtension.lean:565:0: 'OIBridge.ContinuousExtension.collapsingSlice_of_extends' depends on axioms: [propext, Classical.choice, Quot.sound]
2026-09-26T13:13:50.5986316Z info: OIBridge/ContinuousExtension.lean:566:0: 'OIBridge.ContinuousExtension.screening_continuous_extension' depends on axioms: [propext, Classical.choice, Quot.sound]
2026-09-26T13:13:50.5986767Z info: OIBridge/ContinuousExtension.lean:567:0: 'OIBridge.ContinuousExtension.screening_extension_nonunistochastic_slice' depends on axioms: [propext,
2026-09-26T13:13:50.5986864Z  Classical.choice,
2026-09-26T13:13:50.5986945Z  Quot.sound]
2026-09-26T13:13:50.5987447Z info: OIBridge/ContinuousExtension.lean:568:0: 'OIBridge.ContinuousExtension.sourceAAdmissible_of_extends' depends on axioms: [propext, Classical.choice, Quot.sound]
2026-09-26T13:13:50.5987931Z info: OIBridge/ContinuousExtension.lean:569:0: 'OIBridge.ContinuousExtension.fn11_output_unistochastic' depends on axioms: [propext, Classical.choice, Quot.sound]
2026-09-26T13:13:50.5988434Z info: OIBridge/ContinuousExtension.lean:570:0: 'OIBridge.ContinuousExtension.fn11_not_applicable_to_frozen_witness' depends on axioms: [propext,
2026-09-26T13:13:50.5988533Z  Classical.choice,
2026-09-26T13:13:50.5988614Z  Quot.sound]
2026-09-26T13:13:50.5989121Z info: OIBridge/ContinuousExtension.lean:571:0: 'OIBridge.ContinuousExtension.compatible_theta_nonunitary' depends on axioms: [propext, Classical.choice, Quot.sound]
2026-09-26T13:13:50.5989570Z info: OIBridge/ContinuousExtension.lean:572:0: 'OIBridge.ContinuousExtension.admissible_offDirect_continuous_extension' depends on axioms: [propext,
2026-09-26T13:13:50.5989654Z  Classical.choice,
2026-09-26T13:13:50.5989740Z  Quot.sound]
2026-09-26T13:13:50.5989921Z ℹ [3569/3600] Replayed OIBridge.DilationChoice
2026-09-26T13:13:50.5990361Z info: OIBridge/DilationChoice.lean:692:0: 'OIBridge.DilationChoice.readback_isColStochastic' depends on axioms: [propext, Classical.choice, Quot.sound]
2026-09-26T13:13:50.5990785Z info: OIBridge/DilationChoice.lean:693:0: 'OIBridge.DilationChoice.readback_relabel' depends on axioms: [propext, Classical.choice, Quot.sound]
2026-09-26T13:13:50.5991227Z info: OIBridge/DilationChoice.lean:694:0: 'OIBridge.DilationChoice.readback_of_admissible' depends on axioms: [propext, Classical.choice, Quot.sound]
2026-09-26T13:13:50.5991612Z info: OIBridge/DilationChoice.lean:695:0: 'OIBridge.DilationChoice.kronecker_admissible_isUnistochastic' depends on axioms: [propext,
2026-09-26T13:13:50.5991705Z  Classical.choice,
2026-09-26T13:13:50.5991792Z  Quot.sound]
2026-09-26T13:13:50.5992240Z info: OIBridge/DilationChoice.lean:696:0: 'OIBridge.DilationChoice.admissible_mul_of_fixes_anchor' depends on axioms: [propext, Classical.choice, Quot.sound]
2026-09-26T13:13:50.5992698Z info: OIBridge/DilationChoice.lean:697:0: 'OIBridge.DilationChoice.permMatrix_mem_unitaryGroup' depends on axioms: [propext, Classical.choice, Quot.sound]
2026-09-26T13:13:50.5993106Z info: OIBridge/DilationChoice.lean:698:0: 'OIBridge.DilationChoice.not_isUnistochastic_of_not_isColStochastic' depends on axioms: [propext,
2026-09-26T13:13:50.5993193Z  Classical.choice,
2026-09-26T13:13:50.5993282Z  Quot.sound]
2026-09-26T13:13:50.5993754Z info: OIBridge/DilationChoice.lean:699:0: 'OIBridge.DilationChoice.isUnistochastic_two_of_symmetric' depends on axioms: [propext, Classical.choice, Quot.sound]
2026-09-26T13:13:50.5994182Z info: OIBridge/DilationChoice.lean:700:0: 'OIBridge.DilationChoice.not_visibleInvariance' depends on axioms: [propext, Classical.choice, Quot.sound]
2026-09-26T13:13:50.5994613Z info: OIBridge/DilationChoice.lean:701:0: 'OIBridge.DilationChoice.permMatrix_apply_eq' depends on axioms: [propext, Classical.choice, Quot.sound]
2026-09-26T13:13:50.5995030Z info: OIBridge/DilationChoice.lean:702:0: 'OIBridge.DilationChoice.sum_indicator_perm' depends on axioms: [propext, Classical.choice, Quot.sound]
2026-09-26T13:13:50.5995457Z info: OIBridge/DilationChoice.lean:703:0: 'OIBridge.DilationChoice.admissible_permMatrix' depends on axioms: [propext, Classical.choice, Quot.sound]
2026-09-26T13:13:50.5996035Z info: OIBridge/DilationChoice.lean:704:0: 'OIBridge.DilationChoice.readback_permMatrix_apply' depends on axioms: [propext, Classical.choice, Quot.sound]
2026-09-26T13:13:50.5996444Z info: OIBridge/DilationChoice.lean:705:0: 'OIBridge.DilationChoice.witnessA_lawful' depends on axioms: [propext, Classical.choice, Quot.sound]
2026-09-26T13:13:50.5996910Z info: OIBridge/DilationChoice.lean:706:0: 'OIBridge.DilationChoice.witnessA_moves_visible_candidate' depends on axioms: [propext, Classical.choice, Quot.sound]
2026-09-26T13:13:50.5997303Z info: OIBridge/DilationChoice.lean:707:0: 'OIBridge.DilationChoice.not_isUnistochastic_of_not_isRowStochastic' depends on axioms: [propext,
2026-09-26T13:13:50.5997394Z  Classical.choice,
2026-09-26T13:13:50.5997472Z  Quot.sound]
2026-09-26T13:13:50.5997895Z info: OIBridge/DilationChoice.lean:708:0: 'OIBridge.DilationChoice.mul_permMatrix_apply' depends on axioms: [propext, Classical.choice, Quot.sound]
2026-09-26T13:13:50.5998427Z info: OIBridge/DilationChoice.lean:709:0: 'OIBridge.DilationChoice.witnessBSlice_isRowStochastic' depends on axioms: [propext, Classical.choice, Quot.sound]
2026-09-26T13:13:50.5998840Z info: OIBridge/DilationChoice.lean:710:0: 'OIBridge.DilationChoice.witnessBSlice_transpose_not_isUnistochastic' depends on axioms: [propext,
2026-09-26T13:13:50.5998930Z  Classical.choice,
2026-09-26T13:13:50.5999017Z  Quot.sound]
2026-09-26T13:13:50.5999423Z info: OIBridge/DilationChoice.lean:711:0: 'OIBridge.DilationChoice.witnessB_lawful' depends on axioms: [propext, Classical.choice, Quot.sound]
2026-09-26T13:13:50.5999825Z info: OIBridge/DilationChoice.lean:712:0: 'OIBridge.DilationChoice.witnessB_admissible_continuous_extension' depends on axioms: [propext,
2026-09-26T13:13:50.5999916Z  Classical.choice,
2026-09-26T13:13:50.5999998Z  Quot.sound]
2026-09-26T13:13:50.6000470Z info: OIBridge/DilationChoice.lean:713:0: 'OIBridge.DilationChoice.witnessB_moves_visible_candidate' depends on axioms: [propext, Classical.choice, Quot.sound]
2026-09-26T13:13:50.6000897Z info: OIBridge/DilationChoice.lean:714:0: 'OIBridge.DilationChoice.dc4_refuted_witnessA' depends on axioms: [propext, Classical.choice, Quot.sound]
2026-09-26T13:13:50.6001309Z info: OIBridge/DilationChoice.lean:715:0: 'OIBridge.DilationChoice.dc4_refuted_witnessB' depends on axioms: [propext, Classical.choice, Quot.sound]
2026-09-26T13:13:50.6001759Z info: OIBridge/DilationChoice.lean:716:0: 'OIBridge.DilationChoice.dc1_runs_on_act8_frozen_object' depends on axioms: [propext, Classical.choice, Quot.sound]
2026-09-26T13:13:50.6001945Z ℹ [3570/3600] Replayed OIBridge.ReadbackRobustness
2026-09-26T13:13:50.6002444Z info: OIBridge/ReadbackRobustness.lean:298:0: 'OIBridge.ReadbackRobustness.admissibleReadback_nonempty' depends on axioms: [propext, Classical.choice, Quot.sound]
2026-09-26T13:13:50.6002859Z info: OIBridge/ReadbackRobustness.lean:299:0: 'OIBridge.ReadbackRobustness.mul_conjTranspose_mem_unitaryGroup' depends on axioms: [propext,
2026-09-26T13:13:50.6002959Z  Classical.choice,
2026-09-26T13:13:50.6003039Z  Quot.sound]
2026-09-26T13:13:50.6003466Z info: OIBridge/ReadbackRobustness.lean:300:0: 'OIBridge.ReadbackRobustness.rb3_forced_on_modulusSquared_unitary' depends on axioms: [propext,
2026-09-26T13:13:50.6003562Z  Classical.choice,
2026-09-26T13:13:50.6003642Z  Quot.sound]
2026-09-26T13:13:50.6004087Z info: OIBridge/ReadbackRobustness.lean:301:0: 'OIBridge.ReadbackRobustness.rb3_of_admissible' depends on axioms: [propext, Classical.choice, Quot.sound]
2026-09-26T13:13:50.6004557Z info: OIBridge/ReadbackRobustness.lean:302:0: 'OIBridge.ReadbackRobustness.preservesDivergence_of_movesVisibleCandidate' depends on axioms: [propext,
2026-09-26T13:13:50.6004646Z  Classical.choice,
2026-09-26T13:13:50.6004734Z  Quot.sound]
2026-09-26T13:13:50.6005166Z info: OIBridge/ReadbackRobustness.lean:303:0: 'OIBridge.ReadbackRobustness.rb1_witnessA' depends on axioms: [propext, Classical.choice, Quot.sound]
2026-09-26T13:13:50.6005755Z info: OIBridge/ReadbackRobustness.lean:304:0: 'OIBridge.ReadbackRobustness.rb1_witnessB' depends on axioms: [propext, Classical.choice, Quot.sound]
2026-09-26T13:13:50.6006205Z info: OIBridge/ReadbackRobustness.lean:305:0: 'OIBridge.ReadbackRobustness.rb3_is_anchorwise' depends on axioms: [propext, Classical.choice, Quot.sound]
2026-09-26T13:13:50.6006390Z ℹ [3571/3600] Replayed OIBridge.AnchorRobustness
2026-09-26T13:13:50.6006791Z info: OIBridge/AnchorRobustness.lean:557:0: 'OIBridge.AnchorRobustness.ab2_iff_not_anchorInvariantDivergence' depends on axioms: [propext,
2026-09-26T13:13:50.6006886Z  Classical.choice,
2026-09-26T13:13:50.6006979Z  Quot.sound]
2026-09-26T13:13:50.6007443Z info: OIBridge/AnchorRobustness.lean:558:0: 'OIBridge.AnchorRobustness.admissible_permMatrix_apply' depends on axioms: [propext, Classical.choice, Quot.sound]
2026-09-26T13:13:50.6007921Z info: OIBridge/AnchorRobustness.lean:559:0: 'OIBridge.AnchorRobustness.one_admissible_at_every_anchor' depends on axioms: [propext, Classical.choice, Quot.sound]
2026-09-26T13:13:50.6008428Z info: OIBridge/AnchorRobustness.lean:560:0: 'OIBridge.AnchorRobustness.jointlyReproducing_iff_anchor_zero_witnessA' depends on axioms: [propext,
2026-09-26T13:13:50.6008516Z  Classical.choice,
2026-09-26T13:13:50.6008606Z  Quot.sound]
2026-09-26T13:13:50.6009037Z info: OIBridge/AnchorRobustness.lean:561:0: 'OIBridge.AnchorRobustness.no_second_jointlyReproducing_anchor_witnessA' depends on axioms: [propext,
2026-09-26T13:13:50.6009122Z  Classical.choice,
2026-09-26T13:13:50.6009212Z  Quot.sound]
2026-09-26T13:13:50.6009649Z info: OIBridge/AnchorRobustness.lean:562:0: 'OIBridge.AnchorRobustness.anchorInvariantDivergence_trivial_witnessA' depends on axioms: [propext,
2026-09-26T13:13:50.6009740Z  Classical.choice,
2026-09-26T13:13:50.6009835Z  Quot.sound]
2026-09-26T13:13:50.6010252Z info: OIBridge/AnchorRobustness.lean:563:0: 'OIBridge.AnchorRobustness.not_ab2_witnessA' depends on axioms: [propext, Classical.choice, Quot.sound]
2026-09-26T13:13:50.6010687Z info: OIBridge/AnchorRobustness.lean:564:0: 'OIBridge.AnchorRobustness.jointlyReproducing_iff_anchor_zero_witnessB' depends on axioms: [propext,
2026-09-26T13:13:50.6010784Z  Classical.choice,
2026-09-26T13:13:50.6010867Z  Quot.sound]
2026-09-26T13:13:50.6011294Z info: OIBridge/AnchorRobustness.lean:565:0: 'OIBridge.AnchorRobustness.no_second_jointlyReproducing_anchor_witnessB' depends on axioms: [propext,
2026-09-26T13:13:50.6011389Z  Classical.choice,
2026-09-26T13:13:50.6011468Z  Quot.sound]
2026-09-26T13:13:50.6011910Z info: OIBridge/AnchorRobustness.lean:566:0: 'OIBridge.AnchorRobustness.anchorInvariantDivergence_trivial_witnessB' depends on axioms: [propext,
2026-09-26T13:13:50.6012006Z  Classical.choice,
2026-09-26T13:13:50.6012086Z  Quot.sound]
2026-09-26T13:13:50.6012505Z info: OIBridge/AnchorRobustness.lean:567:0: 'OIBridge.AnchorRobustness.not_ab2_witnessB' depends on axioms: [propext, Classical.choice, Quot.sound]
2026-09-26T13:13:50.6012944Z info: OIBridge/AnchorRobustness.lean:568:0: 'OIBridge.AnchorRobustness.ab0_on_both_witnesses' depends on axioms: [propext, Classical.choice, Quot.sound]
2026-09-26T13:13:50.6013123Z ⚠ [3572/3600] Replayed OIBridge.CoherentLiftGauge
2026-09-26T13:13:50.6013577Z warning: OIBridge/CoherentLiftGauge.lean:205:0: automatically included section variable(s) unused in theorem `OIBridge.CoherentLiftGauge.card_offAnchor`:
2026-09-26T13:13:50.6013668Z   [DecidableEq V]
2026-09-26T13:13:50.6013992Z consider restructuring your `variable` declarations so that the variables are not in scope or explicitly omit them:
2026-09-26T13:13:50.6014109Z   omit [DecidableEq V] in theorem ...
2026-09-26T13:13:50.6014115Z 
2026-09-26T13:13:50.6014341Z Note: This linter can be disabled with `set_option linter.unusedSectionVars false`
2026-09-26T13:13:50.6014555Z warning: OIBridge/CoherentLiftGauge.lean:699:52: This simp argument is unused:
2026-09-26T13:13:50.6014654Z   Equiv.swap_apply_def
2026-09-26T13:13:50.6014659Z 
2026-09-26T13:13:50.6014777Z Hint: Omit it from the simp argument list.
2026-09-26T13:13:50.6015053Z   [apply] simp +decide [hσ, hρ, Matrix.transpose_apply]
2026-09-26T13:13:50.6015059Z 
2026-09-26T13:13:50.6015274Z Note: This linter can be disabled with `set_option linter.unusedSimpArgs false`
2026-09-26T13:13:50.6015804Z info: OIBridge/CoherentLiftGauge.lean:742:0: 'OIBridge.CoherentLiftGauge.strong_mem_weak' depends on axioms: [propext, Classical.choice, Quot.sound]
2026-09-26T13:13:50.6016265Z info: OIBridge/CoherentLiftGauge.lean:743:0: 'OIBridge.CoherentLiftGauge.weak_anchor_coeff_norm_one' depends on axioms: [propext, Classical.choice, Quot.sound]
2026-09-26T13:13:50.6016744Z info: OIBridge/CoherentLiftGauge.lean:744:0: 'OIBridge.CoherentLiftGauge.strong_column_offAnchor_eq_zero' depends on axioms: [propext, Classical.choice, Quot.sound]
2026-09-26T13:13:50.6017149Z info: OIBridge/CoherentLiftGauge.lean:745:0: 'OIBridge.CoherentLiftGauge.strong_eq_one_of_ancilla_subsingleton' depends on axioms: [propext,
2026-09-26T13:13:50.6017235Z  Classical.choice,
2026-09-26T13:13:50.6017326Z  Quot.sound]
2026-09-26T13:13:50.6017825Z info: OIBridge/CoherentLiftGauge.lean:746:0: 'OIBridge.CoherentLiftGauge.card_offAnchor' depends on axioms: [propext, Classical.choice, Quot.sound]
2026-09-26T13:13:50.6018234Z info: OIBridge/CoherentLiftGauge.lean:747:0: 'OIBridge.CoherentLiftGauge.conjTranspose_mul_mem_unitaryGroup' depends on axioms: [propext,
2026-09-26T13:13:50.6018327Z  Classical.choice,
2026-09-26T13:13:50.6018409Z  Quot.sound]
2026-09-26T13:13:50.6018839Z info: OIBridge/CoherentLiftGauge.lean:748:0: 'OIBridge.CoherentLiftGauge.gaugeRelated_strong_iff_agree_on_anchor' depends on axioms: [propext,
2026-09-26T13:13:50.6018936Z  Classical.choice,
2026-09-26T13:13:50.6019015Z  Quot.sound]
2026-09-26T13:13:50.6019486Z info: OIBridge/CoherentLiftGauge.lean:749:0: 'OIBridge.CoherentLiftGauge.weak_preserves_admissible' depends on axioms: [propext, Classical.choice, Quot.sound]
2026-09-26T13:13:50.6019941Z info: OIBridge/CoherentLiftGauge.lean:750:0: 'OIBridge.CoherentLiftGauge.permMatrix_mul_apply' depends on axioms: [propext, Classical.choice, Quot.sound]
2026-09-26T13:13:50.6020338Z info: OIBridge/CoherentLiftGauge.lean:751:0: 'OIBridge.CoherentLiftGauge.weak_of_preserves_every_admissible' depends on axioms: [propext,
2026-09-26T13:13:50.6020432Z  Classical.choice,
2026-09-26T13:13:50.6020517Z  Quot.sound]
2026-09-26T13:13:50.6020952Z info: OIBridge/CoherentLiftGauge.lean:752:0: 'OIBridge.CoherentLiftGauge.visible_marginal_eq_one_of_visible_subsingleton' depends on axioms: [propext,
2026-09-26T13:13:50.6021044Z  Classical.choice,
2026-09-26T13:13:50.6021134Z  Quot.sound]
2026-09-26T13:13:50.6021566Z info: OIBridge/CoherentLiftGauge.lean:753:0: 'OIBridge.CoherentLiftGauge.all_preserve_admissible_of_visible_subsingleton' depends on axioms: [propext,
2026-09-26T13:13:50.6021657Z  Classical.choice,
2026-09-26T13:13:50.6021746Z  Quot.sound]
2026-09-26T13:13:50.6022149Z info: OIBridge/CoherentLiftGauge.lean:754:0: 'OIBridge.CoherentLiftGauge.gl3_constant_gauge_preserves_relative' depends on axioms: [propext,
2026-09-26T13:13:50.6022243Z  Classical.choice,
2026-09-26T13:13:50.6022333Z  Quot.sound]
2026-09-26T13:13:50.6022781Z info: OIBridge/CoherentLiftGauge.lean:755:0: 'OIBridge.CoherentLiftGauge.forced_gauge_witnessB' depends on axioms: [propext, Classical.choice, Quot.sound]
2026-09-26T13:13:50.6023225Z info: OIBridge/CoherentLiftGauge.lean:756:0: 'OIBridge.CoherentLiftGauge.forced_gauge_perm' depends on axioms: [propext, Classical.choice, Quot.sound]
2026-09-26T13:13:50.6023707Z info: OIBridge/CoherentLiftGauge.lean:757:0: 'OIBridge.CoherentLiftGauge.forced_gauge_witnessA_is_strong' depends on axioms: [propext, Classical.choice, Quot.sound]
2026-09-26T13:13:50.6024121Z info: OIBridge/CoherentLiftGauge.lean:758:0: 'OIBridge.CoherentLiftGauge.gl2_strong_gauge_moves_relative_candidate' depends on axioms: [propext,
2026-09-26T13:13:50.6024218Z  Classical.choice,
2026-09-26T13:13:50.6024305Z  Quot.sound]
2026-09-26T13:13:50.6024697Z info: OIBridge/CoherentLiftGauge.lean:759:0: 'OIBridge.CoherentLiftGauge.gi2_lifts_not_weakly_gauge_related' depends on axioms: [propext,
2026-09-26T13:13:50.6024849Z  Classical.choice,
2026-09-26T13:13:50.6024928Z  Quot.sound]
2026-09-26T13:13:50.6025103Z ℹ [3573/3600] Replayed OIBridge.TwoSidedGauge
2026-09-26T13:13:50.6025519Z info: OIBridge/TwoSidedGauge.lean:1146:0: 'OIBridge.TwoSidedGauge.fibreGram_apply' depends on axioms: [propext, Classical.choice, Quot.sound]
2026-09-26T13:13:50.6026023Z info: OIBridge/TwoSidedGauge.lean:1147:0: 'OIBridge.TwoSidedGauge.star_mul_self_eq_norm_sq' depends on axioms: [propext, Classical.choice, Quot.sound]
2026-09-26T13:13:50.6026432Z info: OIBridge/TwoSidedGauge.lean:1148:0: 'OIBridge.TwoSidedGauge.fibreGram_diag' depends on axioms: [propext, Classical.choice, Quot.sound]
2026-09-26T13:13:50.6026885Z info: OIBridge/TwoSidedGauge.lean:1149:0: 'OIBridge.TwoSidedGauge.fibreGram_diag_of_admissible' depends on axioms: [propext, Classical.choice, Quot.sound]
2026-09-26T13:13:50.6027305Z info: OIBridge/TwoSidedGauge.lean:1150:0: 'OIBridge.TwoSidedGauge.fibreGram_posSemidef' depends on axioms: [propext, Classical.choice, Quot.sound]
2026-09-26T13:13:50.6027781Z info: OIBridge/TwoSidedGauge.lean:1151:0: 'OIBridge.TwoSidedGauge.fibreGram_rank_le' depends on axioms: [propext, Classical.choice, Quot.sound]
2026-09-26T13:13:50.6028184Z info: OIBridge/TwoSidedGauge.lean:1152:0: 'OIBridge.TwoSidedGauge.sum_fibreGram' depends on axioms: [propext, Classical.choice, Quot.sound]
2026-09-26T13:13:50.6028582Z info: OIBridge/TwoSidedGauge.lean:1153:0: 'OIBridge.TwoSidedGauge.sh1_necessity' depends on axioms: [propext, Classical.choice, Quot.sound]
2026-09-26T13:13:50.6028985Z info: OIBridge/TwoSidedGauge.lean:1154:0: 'OIBridge.TwoSidedGauge.left_mul_submatrix' depends on axioms: [propext, Classical.choice, Quot.sound]
2026-09-26T13:13:50.6029404Z info: OIBridge/TwoSidedGauge.lean:1155:0: 'OIBridge.TwoSidedGauge.left_block_unitary' depends on axioms: [propext, Classical.choice, Quot.sound]
2026-09-26T13:13:50.6029822Z info: OIBridge/TwoSidedGauge.lean:1156:0: 'OIBridge.TwoSidedGauge.fibreGram_left_mul' depends on axioms: [propext, Classical.choice, Quot.sound]
2026-09-26T13:13:50.6030263Z info: OIBridge/TwoSidedGauge.lean:1157:0: 'OIBridge.TwoSidedGauge.left_preserves_admissible' depends on axioms: [propext, Classical.choice, Quot.sound]
2026-09-26T13:13:50.6030679Z info: OIBridge/TwoSidedGauge.lean:1158:0: 'OIBridge.TwoSidedGauge.one_leftFibreGroup' depends on axioms: [propext, Classical.choice, Quot.sound]
2026-09-26T13:13:50.6031095Z info: OIBridge/TwoSidedGauge.lean:1159:0: 'OIBridge.TwoSidedGauge.mul_weak_anchor_col' depends on axioms: [propext, Classical.choice, Quot.sound]
2026-09-26T13:13:50.6031526Z info: OIBridge/TwoSidedGauge.lean:1160:0: 'OIBridge.TwoSidedGauge.fibreGram_mul_weak_apply' depends on axioms: [propext, Classical.choice, Quot.sound]
2026-09-26T13:13:50.6031911Z info: OIBridge/TwoSidedGauge.lean:1161:0: 'OIBridge.TwoSidedGauge.weak_mul' depends on axioms: [propext, Classical.choice, Quot.sound]
2026-09-26T13:13:50.6038249Z info: OIBridge/TwoSidedGauge.lean:1162:0: 'OIBridge.TwoSidedGauge.gramPhaseEquiv_of_twoSided' depends on axioms: [propext, Classical.choice, Quot.sound]
2026-09-26T13:13:50.6038846Z info: OIBridge/TwoSidedGauge.lean:1163:0: 'OIBridge.TwoSidedGauge.twoSidedRelated_of_gaugeRelated_weak' depends on axioms: [propext, Classical.choice, Quot.sound]
2026-09-26T13:13:50.6039272Z info: OIBridge/TwoSidedGauge.lean:1164:0: 'OIBridge.TwoSidedGauge.twoSidedRelated_of_gaugeRelated_strong' depends on axioms: [propext,
2026-09-26T13:13:50.6039372Z  Classical.choice,
2026-09-26T13:13:50.6039477Z  Quot.sound]
2026-09-26T13:13:50.6039946Z info: OIBridge/TwoSidedGauge.lean:1165:0: 'OIBridge.TwoSidedGauge.left_of_preserves_every_admissible' depends on axioms: [propext, Classical.choice, Quot.sound]
2026-09-26T13:13:50.6040343Z info: OIBridge/TwoSidedGauge.lean:1166:0: 'OIBridge.TwoSidedGauge.anchored_entry_eq_zero_of_visible_zero' depends on axioms: [propext,
2026-09-26T13:13:50.6040443Z  Classical.choice,
2026-09-26T13:13:50.6040525Z  Quot.sound]
2026-09-26T13:13:50.6041106Z info: OIBridge/TwoSidedGauge.lean:1167:0: 'OIBridge.TwoSidedGauge.sh1_c1_fibreGram' depends on axioms: [propext, Classical.choice, Quot.sound]
2026-09-26T13:13:50.6041509Z info: OIBridge/TwoSidedGauge.lean:1168:0: 'OIBridge.TwoSidedGauge.posSemidef_apply_eq_zero_of_diag_eq_zero' depends on axioms: [propext,
2026-09-26T13:13:50.6041598Z  Classical.choice,
2026-09-26T13:13:50.6041694Z  Quot.sound]
2026-09-26T13:13:50.6042078Z info: OIBridge/TwoSidedGauge.lean:1169:0: 'OIBridge.TwoSidedGauge.sh1_c1' depends on axioms: [propext, Classical.choice, Quot.sound]
2026-09-26T13:13:50.6042522Z info: OIBridge/TwoSidedGauge.lean:1170:0: 'OIBridge.TwoSidedGauge.fibreGram_of_deterministic' depends on axioms: [propext, Classical.choice, Quot.sound]
2026-09-26T13:13:50.6042932Z info: OIBridge/TwoSidedGauge.lean:1171:0: 'OIBridge.TwoSidedGauge.sh1_c2_at_most_one' depends on axioms: [propext, Classical.choice, Quot.sound]
2026-09-26T13:13:50.6043387Z info: OIBridge/TwoSidedGauge.lean:1172:0: 'OIBridge.TwoSidedGauge.inFibreSwap_leftFibreGroup' depends on axioms: [propext, Classical.choice, Quot.sound]
2026-09-26T13:13:50.6043884Z info: OIBridge/TwoSidedGauge.lean:1173:0: 'OIBridge.TwoSidedGauge.lg1_escape_right_orbit' depends on axioms: [propext, Classical.choice, Quot.sound]
2026-09-26T13:13:50.6044332Z info: OIBridge/TwoSidedGauge.lean:1174:0: 'OIBridge.TwoSidedGauge.ro1_right_only_insufficient' depends on axioms: [propext, Classical.choice, Quot.sound]
2026-09-26T13:13:50.6044765Z info: OIBridge/TwoSidedGauge.lean:1175:0: 'OIBridge.TwoSidedGauge.gi2_pair_twoSidedRelated' depends on axioms: [propext, Classical.choice, Quot.sound]
2026-09-26T13:13:50.6045194Z info: OIBridge/TwoSidedGauge.lean:1176:0: 'OIBridge.TwoSidedGauge.exists_unitary_of_gram_eq' depends on axioms: [propext, Classical.choice, Quot.sound]
2026-09-26T13:13:50.6045788Z info: OIBridge/TwoSidedGauge.lean:1177:0: 'OIBridge.TwoSidedGauge.weak_diagonal_phase' depends on axioms: [propext, Classical.choice, Quot.sound]
2026-09-26T13:13:50.6046236Z info: OIBridge/TwoSidedGauge.lean:1178:0: 'OIBridge.TwoSidedGauge.twoSided_of_gramPhaseEquiv' depends on axioms: [propext, Classical.choice, Quot.sound]
2026-09-26T13:13:50.6046662Z info: OIBridge/TwoSidedGauge.lean:1179:0: 'OIBridge.TwoSidedGauge.twoSided_slice_iff' depends on axioms: [propext, Classical.choice, Quot.sound]
2026-09-26T13:13:50.6047083Z info: OIBridge/TwoSidedGauge.lean:1180:0: 'OIBridge.TwoSidedGauge.twoSidedRelated_iff' depends on axioms: [propext, Classical.choice, Quot.sound]
2026-09-26T13:13:50.6047505Z info: OIBridge/TwoSidedGauge.lean:1181:0: 'OIBridge.TwoSidedGauge.sh1_c2_unique_orbit' depends on axioms: [propext, Classical.choice, Quot.sound]
2026-09-26T13:13:50.6047973Z info: OIBridge/TwoSidedGauge.lean:1182:0: 'OIBridge.TwoSidedGauge.gramPhaseEquiv_cross_invariant' depends on axioms: [propext, Classical.choice, Quot.sound]
2026-09-26T13:13:50.6048388Z info: OIBridge/TwoSidedGauge.lean:1183:0: 'OIBridge.TwoSidedGauge.hadamard_cross_ratio' depends on axioms: [propext, Classical.choice, Quot.sound]
2026-09-26T13:13:50.6048845Z info: OIBridge/TwoSidedGauge.lean:1184:0: 'OIBridge.TwoSidedGauge.hadamard_slices_not_twoSided' depends on axioms: [propext, Classical.choice, Quot.sound]
2026-09-26T13:13:50.6049290Z info: OIBridge/TwoSidedGauge.lean:1185:0: 'OIBridge.TwoSidedGauge.hadamard_lifts_not_twoSided' depends on axioms: [propext, Classical.choice, Quot.sound]
2026-09-26T13:13:50.6049734Z info: OIBridge/TwoSidedGauge.lean:1186:0: 'OIBridge.TwoSidedGauge.posSemidef_factor_of_rank_le' depends on axioms: [propext, Classical.choice, Quot.sound]
2026-09-26T13:13:50.6050147Z info: OIBridge/TwoSidedGauge.lean:1187:0: 'OIBridge.TwoSidedGauge.sh1_sufficiency' depends on axioms: [propext, Classical.choice, Quot.sound]
2026-09-26T13:13:50.6050539Z info: OIBridge/TwoSidedGauge.lean:1188:0: 'OIBridge.TwoSidedGauge.sh1_shape' depends on axioms: [propext, Classical.choice, Quot.sound]
2026-09-26T13:13:50.6050783Z ℹ [3574/3600] Replayed OIBridge.CrossTimeInvariants
2026-09-26T13:13:50.6051251Z info: OIBridge/CrossTimeInvariants.lean:1057:0: 'OIBridge.CrossTimeInvariants.crossGram_apply' depends on axioms: [propext, Classical.choice, Quot.sound]
2026-09-26T13:13:50.6051789Z info: OIBridge/CrossTimeInvariants.lean:1058:0: 'OIBridge.CrossTimeInvariants.crossGram_self' depends on axioms: [propext, Classical.choice, Quot.sound]
2026-09-26T13:13:50.6052263Z info: OIBridge/CrossTimeInvariants.lean:1059:0: 'OIBridge.CrossTimeInvariants.fibreCrossGram_apply' depends on axioms: [propext, Classical.choice, Quot.sound]
2026-09-26T13:13:50.6052698Z info: OIBridge/CrossTimeInvariants.lean:1060:0: 'OIBridge.CrossTimeInvariants.fibreCrossGram_apply_dotProduct' depends on axioms: [propext,
2026-09-26T13:13:50.6052794Z  Classical.choice,
2026-09-26T13:13:50.6052876Z  Quot.sound]
2026-09-26T13:13:50.6053358Z info: OIBridge/CrossTimeInvariants.lean:1061:0: 'OIBridge.CrossTimeInvariants.fibreCrossGram_diag' depends on axioms: [propext, Classical.choice, Quot.sound]
2026-09-26T13:13:50.6053833Z info: OIBridge/CrossTimeInvariants.lean:1062:0: 'OIBridge.CrossTimeInvariants.sum_fibreCrossGram' depends on axioms: [propext, Classical.choice, Quot.sound]
2026-09-26T13:13:50.6054351Z info: OIBridge/CrossTimeInvariants.lean:1063:0: 'OIBridge.CrossTimeInvariants.crossGram_two_sided' depends on axioms: [propext, Classical.choice, Quot.sound]
2026-09-26T13:13:50.6054817Z info: OIBridge/CrossTimeInvariants.lean:1064:0: 'OIBridge.CrossTimeInvariants.crossGram_left_mul' depends on axioms: [propext, Classical.choice, Quot.sound]
2026-09-26T13:13:50.6055290Z info: OIBridge/CrossTimeInvariants.lean:1065:0: 'OIBridge.CrossTimeInvariants.crossGram_mul_right' depends on axioms: [propext, Classical.choice, Quot.sound]
2026-09-26T13:13:50.6055858Z info: OIBridge/CrossTimeInvariants.lean:1066:0: 'OIBridge.CrossTimeInvariants.mul_strong_anchor_col' depends on axioms: [propext, Classical.choice, Quot.sound]
2026-09-26T13:13:50.6056318Z info: OIBridge/CrossTimeInvariants.lean:1067:0: 'OIBridge.CrossTimeInvariants.mul_strong_submatrix' depends on axioms: [propext, Classical.choice, Quot.sound]
2026-09-26T13:13:50.6056838Z info: OIBridge/CrossTimeInvariants.lean:1068:0: 'OIBridge.CrossTimeInvariants.fibreCrossGram_mul_weak_apply' depends on axioms: [propext, Classical.choice, Quot.sound]
2026-09-26T13:13:50.6057259Z info: OIBridge/CrossTimeInvariants.lean:1069:0: 'OIBridge.CrossTimeInvariants.ct3g_fibreCrossGram_strong_right' depends on axioms: [propext,
2026-09-26T13:13:50.6057349Z  Classical.choice,
2026-09-26T13:13:50.6057442Z  Quot.sound]
2026-09-26T13:13:50.6057939Z info: OIBridge/CrossTimeInvariants.lean:1070:0: 'OIBridge.CrossTimeInvariants.ct3g_fibreGram_strong_right' depends on axioms: [propext, Classical.choice, Quot.sound]
2026-09-26T13:13:50.6058346Z info: OIBridge/CrossTimeInvariants.lean:1071:0: 'OIBridge.CrossTimeInvariants.ct3g_anchored_block_strong_right' depends on axioms: [propext,
2026-09-26T13:13:50.6058441Z  Classical.choice,
2026-09-26T13:13:50.6058524Z  Quot.sound]
2026-09-26T13:13:50.6059000Z info: OIBridge/CrossTimeInvariants.lean:1072:0: 'OIBridge.CrossTimeInvariants.constRight_forced' depends on axioms: [propext, Classical.choice, Quot.sound]
2026-09-26T13:13:50.6059477Z info: OIBridge/CrossTimeInvariants.lean:1073:0: 'OIBridge.CrossTimeInvariants.constLeft_forced' depends on axioms: [propext, Classical.choice, Quot.sound]
2026-09-26T13:13:50.6059921Z info: OIBridge/CrossTimeInvariants.lean:1074:0: 'OIBridge.CrossTimeInvariants.ct1_forward' depends on axioms: [propext, Classical.choice, Quot.sound]
2026-09-26T13:13:50.6060357Z info: OIBridge/CrossTimeInvariants.lean:1075:0: 'OIBridge.CrossTimeInvariants.ct1_backward' depends on axioms: [propext, Classical.choice, Quot.sound]
2026-09-26T13:13:50.6060852Z info: OIBridge/CrossTimeInvariants.lean:1076:0: 'OIBridge.CrossTimeInvariants.ct1_relative_iff_constRight' depends on axioms: [propext, Classical.choice, Quot.sound]
2026-09-26T13:13:50.6061301Z info: OIBridge/CrossTimeInvariants.lean:1077:0: 'OIBridge.CrossTimeInvariants.ct2a_forward' depends on axioms: [propext, Classical.choice, Quot.sound]
2026-09-26T13:13:50.6061832Z info: OIBridge/CrossTimeInvariants.lean:1078:0: 'OIBridge.CrossTimeInvariants.ct2a_backward' depends on axioms: [propext, Classical.choice, Quot.sound]
2026-09-26T13:13:50.6062335Z info: OIBridge/CrossTimeInvariants.lean:1079:0: 'OIBridge.CrossTimeInvariants.ct2a_crossGram_iff_constLeft' depends on axioms: [propext, Classical.choice, Quot.sound]
2026-09-26T13:13:50.6062804Z info: OIBridge/CrossTimeInvariants.lean:1080:0: 'OIBridge.CrossTimeInvariants.ct2a_relative_conj' depends on axioms: [propext, Classical.choice, Quot.sound]
2026-09-26T13:13:50.6063242Z info: OIBridge/CrossTimeInvariants.lean:1081:0: 'OIBridge.CrossTimeInvariants.ct2b_backward' depends on axioms: [propext, Classical.choice, Quot.sound]
2026-09-26T13:13:50.6063738Z info: OIBridge/CrossTimeInvariants.lean:1082:0: 'OIBridge.CrossTimeInvariants.exists_unitary_of_inner_eq' depends on axioms: [propext, Classical.choice, Quot.sound]
2026-09-26T13:13:50.6064183Z info: OIBridge/CrossTimeInvariants.lean:1083:0: 'OIBridge.CrossTimeInvariants.ct2b_forward' depends on axioms: [propext, Classical.choice, Quot.sound]
2026-09-26T13:13:50.6064714Z info: OIBridge/CrossTimeInvariants.lean:1084:0: 'OIBridge.CrossTimeInvariants.ct2b_fibreCrossGram_iff' depends on axioms: [propext, Classical.choice, Quot.sound]
2026-09-26T13:13:50.6065189Z info: OIBridge/CrossTimeInvariants.lean:1085:0: 'OIBridge.CrossTimeInvariants.strong_anchored_row' depends on axioms: [propext, Classical.choice, Quot.sound]
2026-09-26T13:13:50.6065765Z info: OIBridge/CrossTimeInvariants.lean:1086:0: 'OIBridge.CrossTimeInvariants.strong_pair_anchored_col' depends on axioms: [propext, Classical.choice, Quot.sound]
2026-09-26T13:13:50.6066193Z info: OIBridge/CrossTimeInvariants.lean:1087:0: 'OIBridge.CrossTimeInvariants.ct3a_gl2_pair_separated_by_crossGram' depends on axioms: [propext,
2026-09-26T13:13:50.6066278Z  Classical.choice,
2026-09-26T13:13:50.6066370Z  Quot.sound]
2026-09-26T13:13:50.6066781Z info: OIBridge/CrossTimeInvariants.lean:1088:0: 'OIBridge.CrossTimeInvariants.ct3b_hadamard_trajectory_control' depends on axioms: [propext,
2026-09-26T13:13:50.6066869Z  Classical.choice,
2026-09-26T13:13:50.6066960Z  Quot.sound]
2026-09-26T13:13:50.6067450Z info: OIBridge/CrossTimeInvariants.lean:1089:0: 'OIBridge.CrossTimeInvariants.ct3c_constant_lift_variant' depends on axioms: [propext, Classical.choice, Quot.sound]
2026-09-26T13:13:50.6067944Z info: OIBridge/CrossTimeInvariants.lean:1090:0: 'OIBridge.CrossTimeInvariants.ct4_constant_left_obstruction' depends on axioms: [propext, Classical.choice, Quot.sound]
2026-09-26T13:13:50.6068387Z info: OIBridge/CrossTimeInvariants.lean:1091:0: 'OIBridge.CrossTimeInvariants.cl1_constant_left_moves_relative_candidate' depends on axioms: [propext,
2026-09-26T13:13:50.6068478Z  Classical.choice,
2026-09-26T13:13:50.6068561Z  Quot.sound]
2026-09-26T13:13:50.6068779Z ⚠ [3575/3600] Replayed OIBridge.ThreadingObservability
2026-09-26T13:13:50.6069301Z warning: OIBridge/ThreadingObservability.lean:191:0: automatically included section variable(s) unused in theorem `OIBridge.ThreadingObservability.crossFibreGram_apply`:
2026-09-26T13:13:50.6069396Z   [Fintype V]
2026-09-26T13:13:50.6069493Z   [DecidableEq V]
2026-09-26T13:13:50.6069583Z   [DecidableEq A]
2026-09-26T13:13:50.6069919Z consider restructuring your `variable` declarations so that the variables are not in scope or explicitly omit them:
2026-09-26T13:13:50.6070097Z   omit [Fintype V] [DecidableEq V] [DecidableEq A] in theorem ...
2026-09-26T13:13:50.6070104Z 
2026-09-26T13:13:50.6070325Z Note: This linter can be disabled with `set_option linter.unusedSectionVars false`
2026-09-26T13:13:50.6070850Z warning: OIBridge/ThreadingObservability.lean:197:0: automatically included section variable(s) unused in theorem `OIBridge.ThreadingObservability.crossFibreGram_diag`:
2026-09-26T13:13:50.6070945Z   [Fintype V]
2026-09-26T13:13:50.6071031Z   [DecidableEq V]
2026-09-26T13:13:50.6071123Z   [DecidableEq A]
2026-09-26T13:13:50.6071451Z consider restructuring your `variable` declarations so that the variables are not in scope or explicitly omit them:
2026-09-26T13:13:50.6071684Z   omit [Fintype V] [DecidableEq V] [DecidableEq A] in theorem ...
2026-09-26T13:13:50.6071692Z 
2026-09-26T13:13:50.6071918Z Note: This linter can be disabled with `set_option linter.unusedSectionVars false`
2026-09-26T13:13:50.6072443Z warning: OIBridge/ThreadingObservability.lean:201:0: automatically included section variable(s) unused in theorem `OIBridge.ThreadingObservability.anchoredChannel_apply`:
2026-09-26T13:13:50.6072526Z   [DecidableEq V]
2026-09-26T13:13:50.6072619Z   [DecidableEq A]
2026-09-26T13:13:50.6072941Z consider restructuring your `variable` declarations so that the variables are not in scope or explicitly omit them:
2026-09-26T13:13:50.6073076Z   omit [DecidableEq V] [DecidableEq A] in theorem ...
2026-09-26T13:13:50.6073080Z 
2026-09-26T13:13:50.6073302Z Note: This linter can be disabled with `set_option linter.unusedSectionVars false`
2026-09-26T13:13:50.6073828Z warning: OIBridge/ThreadingObservability.lean:211:0: automatically included section variable(s) unused in theorem `OIBridge.ThreadingObservability.anchoredChannel_block`:
2026-09-26T13:13:50.6073984Z   [DecidableEq V]
2026-09-26T13:13:50.6074077Z   [Fintype A]
2026-09-26T13:13:50.6074170Z   [DecidableEq A]
2026-09-26T13:13:50.6074483Z consider restructuring your `variable` declarations so that the variables are not in scope or explicitly omit them:
2026-09-26T13:13:50.6074655Z   omit [DecidableEq V] [Fintype A] [DecidableEq A] in theorem ...
2026-09-26T13:13:50.6074660Z 
2026-09-26T13:13:50.6074878Z Note: This linter can be disabled with `set_option linter.unusedSectionVars false`
2026-09-26T13:13:50.6075374Z warning: OIBridge/ThreadingObservability.lean:256:0: automatically included section variable(s) unused in theorem `OIBridge.ThreadingObservability.anchoredCol_gram`:
2026-09-26T13:13:50.6075465Z   [DecidableEq V]
2026-09-26T13:13:50.6075547Z   [DecidableEq A]
2026-09-26T13:13:50.6075938Z consider restructuring your `variable` declarations so that the variables are not in scope or explicitly omit them:
2026-09-26T13:13:50.6076080Z   omit [DecidableEq V] [DecidableEq A] in theorem ...
2026-09-26T13:13:50.6076088Z 
2026-09-26T13:13:50.6076296Z Note: This linter can be disabled with `set_option linter.unusedSectionVars false`
2026-09-26T13:13:50.6076601Z warning: OIBridge/ThreadingObservability.lean:381:47: Variable name `p` is not explicitly referenced.
2026-09-26T13:13:50.6076606Z 
2026-09-26T13:13:50.6077034Z Hint: The binding can be removed (if unused) or named `_` (if used implicitly). Alternatively, prefix the name with `_` to silence this warning:
2026-09-26T13:13:50.6077123Z   [apply] _p
2026-09-26T13:13:50.6077128Z 
2026-09-26T13:13:50.6077338Z Note: This linter can be disabled with `set_option linter.unusedVariables false`
2026-09-26T13:13:50.6077631Z warning: OIBridge/ThreadingObservability.lean:381:49: Variable name `j` is not explicitly referenced.
2026-09-26T13:13:50.6077635Z 
2026-09-26T13:13:50.6078014Z Hint: The binding can be removed (if unused) or named `_` (if used implicitly). Alternatively, prefix the name with `_` to silence this warning:
2026-09-26T13:13:50.6078101Z   [apply] _j
2026-09-26T13:13:50.6078109Z 
2026-09-26T13:13:50.6078318Z Note: This linter can be disabled with `set_option linter.unusedVariables false`
2026-09-26T13:13:50.6078603Z warning: OIBridge/ThreadingObservability.lean:382:8: Variable name `t` is not explicitly referenced.
2026-09-26T13:13:50.6078608Z 
2026-09-26T13:13:50.6078977Z Hint: The binding can be removed (if unused) or named `_` (if used implicitly). Alternatively, prefix the name with `_` to silence this warning:
2026-09-26T13:13:50.6079068Z   [apply] _t
2026-09-26T13:13:50.6079073Z 
2026-09-26T13:13:50.6079281Z Note: This linter can be disabled with `set_option linter.unusedVariables false`
2026-09-26T13:13:50.6079518Z warning: OIBridge/ThreadingObservability.lean:481:72: This simp argument is unused:
2026-09-26T13:13:50.6079618Z   permMatrix_apply_eq
2026-09-26T13:13:50.6079623Z 
2026-09-26T13:13:50.6079802Z Hint: Omit it from the simp argument list.
2026-09-26T13:13:50.6080164Z   [apply] simp +decide [hτ, Fin.sum_univ_two, Matrix.one_apply, Prod.ext_iff, Equiv.swap_apply_def]
2026-09-26T13:13:50.6080169Z 
2026-09-26T13:13:50.6080380Z Note: This linter can be disabled with `set_option linter.unusedSimpArgs false`
2026-09-26T13:13:50.6080617Z warning: OIBridge/ThreadingObservability.lean:490:74: This simp argument is unused:
2026-09-26T13:13:50.6080706Z   permMatrix_apply_eq
2026-09-26T13:13:50.6080712Z 
2026-09-26T13:13:50.6080832Z Hint: Omit it from the simp argument list.
2026-09-26T13:13:50.6081156Z   [apply] simp +decide [hτ, Fin.sum_univ_two, Matrix.one_apply, Prod.ext_iff, Equiv.swap_apply_def]
2026-09-26T13:13:50.6081161Z 
2026-09-26T13:13:50.6081364Z Note: This linter can be disabled with `set_option linter.unusedSimpArgs false`
2026-09-26T13:13:50.6081705Z warning: OIBridge/ThreadingObservability.lean:606:2: `push_neg` has been deprecated. Prefer using `push Not` instead.
2026-09-26T13:13:50.6081958Z If you'd rather continue using `push_neg` in your project, you can implement it as follows:
2026-09-26T13:13:50.6082034Z ```
2026-09-26T13:13:50.6082199Z open Lean.Parser.Tactic in
2026-09-26T13:13:50.6082350Z macro "push_neg" cfg:optConfig loc:(location)? : tactic =>
2026-09-26T13:13:50.6082476Z   `(tactic| push $cfg:optConfig Not $[$loc]?)
2026-09-26T13:13:50.6082559Z ```
2026-09-26T13:13:50.6082882Z warning: OIBridge/ThreadingObservability.lean:613:2: `push_neg` has been deprecated. Prefer using `push Not` instead.
2026-09-26T13:13:50.6083121Z If you'd rather continue using `push_neg` in your project, you can implement it as follows:
2026-09-26T13:13:50.6083205Z ```
2026-09-26T13:13:50.6083302Z open Lean.Parser.Tactic in
2026-09-26T13:13:50.6083457Z macro "push_neg" cfg:optConfig loc:(location)? : tactic =>
2026-09-26T13:13:50.6083575Z   `(tactic| push $cfg:optConfig Not $[$loc]?)
2026-09-26T13:13:50.6083651Z ```
2026-09-26T13:13:50.6084164Z info: OIBridge/ThreadingObservability.lean:929:0: 'OIBridge.ThreadingObservability.crossFibreGram_apply' depends on axioms: [propext, Classical.choice, Quot.sound]
2026-09-26T13:13:50.6084669Z info: OIBridge/ThreadingObservability.lean:930:0: 'OIBridge.ThreadingObservability.crossFibreGram_diag' depends on axioms: [propext, Classical.choice, Quot.sound]
2026-09-26T13:13:50.6085167Z info: OIBridge/ThreadingObservability.lean:931:0: 'OIBridge.ThreadingObservability.anchoredChannel_apply' depends on axioms: [propext, Classical.choice, Quot.sound]
2026-09-26T13:13:50.6085790Z info: OIBridge/ThreadingObservability.lean:932:0: 'OIBridge.ThreadingObservability.anchoredChannel_block' depends on axioms: [propext, Classical.choice, Quot.sound]
2026-09-26T13:13:50.6086305Z info: OIBridge/ThreadingObservability.lean:933:0: 'OIBridge.ThreadingObservability.anchoredChannel_eq_trace' depends on axioms: [propext, Classical.choice, Quot.sound]
2026-09-26T13:13:50.6086772Z info: OIBridge/ThreadingObservability.lean:934:0: 'OIBridge.ThreadingObservability.trace_unit_mul' depends on axioms: [propext, Classical.choice, Quot.sound]
2026-09-26T13:13:50.6087280Z info: OIBridge/ThreadingObservability.lean:935:0: 'OIBridge.ThreadingObservability.anchoredChannel_unit' depends on axioms: [propext, Classical.choice, Quot.sound]
2026-09-26T13:13:50.6087774Z info: OIBridge/ThreadingObservability.lean:936:0: 'OIBridge.ThreadingObservability.anchoredCol_gram' depends on axioms: [propext, Classical.choice, Quot.sound]
2026-09-26T13:13:50.6088267Z info: OIBridge/ThreadingObservability.lean:937:0: 'OIBridge.ThreadingObservability.anchoredCol_isometry' depends on axioms: [propext, Classical.choice, Quot.sound]
2026-09-26T13:13:50.6088709Z info: OIBridge/ThreadingObservability.lean:938:0: 'OIBridge.ThreadingObservability.pq0a_readback_is_diagonal_action' depends on axioms: [propext,
2026-09-26T13:13:50.6088804Z  Classical.choice,
2026-09-26T13:13:50.6088888Z  Quot.sound]
2026-09-26T13:13:50.6089364Z info: OIBridge/ThreadingObservability.lean:939:0: 'OIBridge.ThreadingObservability.pq0b_anchoredChannel_diagonal_is_visible' depends on axioms: [propext,
2026-09-26T13:13:50.6089522Z  Classical.choice,
2026-09-26T13:13:50.6089607Z  Quot.sound]
2026-09-26T13:13:50.6090124Z info: OIBridge/ThreadingObservability.lean:940:0: 'OIBridge.ThreadingObservability.pq0c_anchoredCol_mul_strong' depends on axioms: [propext, Classical.choice, Quot.sound]
2026-09-26T13:13:50.6090561Z info: OIBridge/ThreadingObservability.lean:941:0: 'OIBridge.ThreadingObservability.pq0c_anchoredChannel_mul_strong' depends on axioms: [propext,
2026-09-26T13:13:50.6090646Z  Classical.choice,
2026-09-26T13:13:50.6090736Z  Quot.sound]
2026-09-26T13:13:50.6091172Z info: OIBridge/ThreadingObservability.lean:942:0: 'OIBridge.ThreadingObservability.pq0c_crossFibreGram_mul_strong' depends on axioms: [propext,
2026-09-26T13:13:50.6091256Z  Classical.choice,
2026-09-26T13:13:50.6091343Z  Quot.sound]
2026-09-26T13:13:50.6091768Z info: OIBridge/ThreadingObservability.lean:943:0: 'OIBridge.ThreadingObservability.pq0c_crossFibreGram_left_mul' depends on axioms: [propext,
2026-09-26T13:13:50.6091858Z  Classical.choice,
2026-09-26T13:13:50.6091944Z  Quot.sound]
2026-09-26T13:13:50.6092446Z info: OIBridge/ThreadingObservability.lean:944:0: 'OIBridge.ThreadingObservability.pq0c_crossFibreGram_left_mul_diag' depends on axioms: [propext,
2026-09-26T13:13:50.6092545Z  Classical.choice,
2026-09-26T13:13:50.6092636Z  Quot.sound]
2026-09-26T13:13:50.6093090Z info: OIBridge/ThreadingObservability.lean:945:0: 'OIBridge.ThreadingObservability.pq0d_anchoredChannel_trace_preserving' depends on axioms: [propext,
2026-09-26T13:13:50.6093184Z  Classical.choice,
2026-09-26T13:13:50.6093274Z  Quot.sound]
2026-09-26T13:13:50.6093728Z info: OIBridge/ThreadingObservability.lean:946:0: 'OIBridge.ThreadingObservability.threadingRelated_iff_fibreCrossGram' depends on axioms: [propext,
2026-09-26T13:13:50.6093823Z  Classical.choice,
2026-09-26T13:13:50.6093915Z  Quot.sound]
2026-09-26T13:13:50.6094351Z info: OIBridge/ThreadingObservability.lean:947:0: 'OIBridge.ThreadingObservability.threadingRelated_of_constLeft' depends on axioms: [propext,
2026-09-26T13:13:50.6094449Z  Classical.choice,
2026-09-26T13:13:50.6094537Z  Quot.sound]
2026-09-26T13:13:50.6094981Z info: OIBridge/ThreadingObservability.lean:948:0: 'OIBridge.ThreadingObservability.threadingRelated_of_strongRight' depends on axioms: [propext,
2026-09-26T13:13:50.6095072Z  Classical.choice,
2026-09-26T13:13:50.6095155Z  Quot.sound]
2026-09-26T13:13:50.6095694Z info: OIBridge/ThreadingObservability.lean:949:0: 'OIBridge.ThreadingObservability.pq1a_constant_left_redundant_visible' depends on axioms: [propext,
2026-09-26T13:13:50.6095789Z  Classical.choice,
2026-09-26T13:13:50.6095868Z  Quot.sound]
2026-09-26T13:13:50.6096339Z info: OIBridge/ThreadingObservability.lean:950:0: 'OIBridge.ThreadingObservability.pq1b_constant_left_physical_anchoredChannel' depends on axioms: [propext,
2026-09-26T13:13:50.6096430Z  Classical.choice,
2026-09-26T13:13:50.6096508Z  Quot.sound]
2026-09-26T13:13:50.6096987Z info: OIBridge/ThreadingObservability.lean:951:0: 'OIBridge.ThreadingObservability.pq1c_constant_left_physical_relative_candidate' depends on axioms: [propext,
2026-09-26T13:13:50.6097080Z  Classical.choice,
2026-09-26T13:13:50.6097162Z  Quot.sound]
2026-09-26T13:13:50.6097656Z info: OIBridge/ThreadingObservability.lean:952:0: 'OIBridge.ThreadingObservability.uniformLeft_block' depends on axioms: [propext, Classical.choice, Quot.sound]
2026-09-26T13:13:50.6098144Z info: OIBridge/ThreadingObservability.lean:953:0: 'OIBridge.ThreadingObservability.pq1d_plus_uniform_left_redundant_anchoredChannel' depends on axioms: [propext,
2026-09-26T13:13:50.6098228Z  Classical.choice,
2026-09-26T13:13:50.6098317Z  Quot.sound]
2026-09-26T13:13:50.6098754Z info: OIBridge/ThreadingObservability.lean:954:0: 'OIBridge.ThreadingObservability.nonuniform_left_block_witness' depends on axioms: [propext,
2026-09-26T13:13:50.6098837Z  Classical.choice,
2026-09-26T13:13:50.6098927Z  Quot.sound]
2026-09-26T13:13:50.6099352Z info: OIBridge/ThreadingObservability.lean:955:0: 'OIBridge.ThreadingObservability.crossFibreGram_mul_permMatrix' depends on axioms: [propext,
2026-09-26T13:13:50.6099513Z  Classical.choice,
2026-09-26T13:13:50.6099602Z  Quot.sound]
2026-09-26T13:13:50.6100094Z info: OIBridge/ThreadingObservability.lean:956:0: 'OIBridge.ThreadingObservability.pq1d_minus_nonuniform_left_physical_anchoredChannel' depends on axioms: [propext,
2026-09-26T13:13:50.6100183Z  Classical.choice,
2026-09-26T13:13:50.6100267Z  Quot.sound]
2026-09-26T13:13:50.6100705Z info: OIBridge/ThreadingObservability.lean:957:0: 'OIBridge.ThreadingObservability.pq2a_strong_right_redundant_visible' depends on axioms: [propext,
2026-09-26T13:13:50.6100794Z  Classical.choice,
2026-09-26T13:13:50.6100878Z  Quot.sound]
2026-09-26T13:13:50.6101295Z info: OIBridge/ThreadingObservability.lean:958:0: 'OIBridge.ThreadingObservability.pq2b_anchored_column_identity' depends on axioms: [propext,
2026-09-26T13:13:50.6101387Z  Classical.choice,
2026-09-26T13:13:50.6101472Z  Quot.sound]
2026-09-26T13:13:50.6101921Z info: OIBridge/ThreadingObservability.lean:959:0: 'OIBridge.ThreadingObservability.pq2b_every_single_time_anchored_carrier' depends on axioms: [propext,
2026-09-26T13:13:50.6102070Z  Classical.choice,
2026-09-26T13:13:50.6102160Z  Quot.sound]
2026-09-26T13:13:50.6102624Z info: OIBridge/ThreadingObservability.lean:960:0: 'OIBridge.ThreadingObservability.pq2b_strong_right_redundant_anchoredChannel' depends on axioms: [propext,
2026-09-26T13:13:50.6102717Z  Classical.choice,
2026-09-26T13:13:50.6102796Z  Quot.sound]
2026-09-26T13:13:50.6103231Z info: OIBridge/ThreadingObservability.lean:961:0: 'OIBridge.ThreadingObservability.pq2b_strong_right_crossFibreGram' depends on axioms: [propext,
2026-09-26T13:13:50.6103323Z  Classical.choice,
2026-09-26T13:13:50.6103404Z  Quot.sound]
2026-09-26T13:13:50.6103879Z info: OIBridge/ThreadingObservability.lean:962:0: 'OIBridge.ThreadingObservability.pq2c_strong_right_physical_relative_candidate' depends on axioms: [propext,
2026-09-26T13:13:50.6103973Z  Classical.choice,
2026-09-26T13:13:50.6104055Z  Quot.sound]
2026-09-26T13:13:50.6104575Z info: OIBridge/ThreadingObservability.lean:963:0: 'OIBridge.ThreadingObservability.pq3a_pair_redundant_visible' depends on axioms: [propext, Classical.choice, Quot.sound]
2026-09-26T13:13:50.6105003Z info: OIBridge/ThreadingObservability.lean:964:0: 'OIBridge.ThreadingObservability.pq3b_pair_factors_through_left' depends on axioms: [propext,
2026-09-26T13:13:50.6105091Z  Classical.choice,
2026-09-26T13:13:50.6105183Z  Quot.sound]
2026-09-26T13:13:50.6105736Z info: OIBridge/ThreadingObservability.lean:965:0: 'OIBridge.ThreadingObservability.pq3b_no_cancellation_on_anchoredChannel' depends on axioms: [propext,
2026-09-26T13:13:50.6105824Z  Classical.choice,
2026-09-26T13:13:50.6105910Z  Quot.sound]
2026-09-26T13:13:50.6106365Z info: OIBridge/ThreadingObservability.lean:966:0: 'OIBridge.ThreadingObservability.pq3c_pair_physical_relative_candidate' depends on axioms: [propext,
2026-09-26T13:13:50.6106453Z  Classical.choice,
2026-09-26T13:13:50.6106543Z  Quot.sound]
2026-09-26T13:13:50.6107027Z info: OIBridge/ThreadingObservability.lean:967:0: 'OIBridge.ThreadingObservability.pq4b_within_fibre_carrier_blind_to_constant_left' depends on axioms: [propext,
2026-09-26T13:13:50.6107121Z  Classical.choice,
2026-09-26T13:13:50.6107214Z  Quot.sound]
2026-09-26T13:13:50.6107406Z ⚠ [3576/3600] Replayed OIBridge.CancellationFork
2026-09-26T13:13:50.6107717Z warning: OIBridge/CancellationFork.lean:301:4: `push_neg` has been deprecated. Prefer using `push Not` instead.
2026-09-26T13:13:50.6107963Z If you'd rather continue using `push_neg` in your project, you can implement it as follows:
2026-09-26T13:13:50.6108038Z ```
2026-09-26T13:13:50.6108143Z open Lean.Parser.Tactic in
2026-09-26T13:13:50.6108299Z macro "push_neg" cfg:optConfig loc:(location)? : tactic =>
2026-09-26T13:13:50.6108413Z   `(tactic| push $cfg:optConfig Not $[$loc]?)
2026-09-26T13:13:50.6108502Z ```
2026-09-26T13:13:50.6108814Z warning: OIBridge/CancellationFork.lean:309:6: `push_neg` has been deprecated. Prefer using `push Not` instead.
2026-09-26T13:13:50.6109116Z If you'd rather continue using `push_neg` in your project, you can implement it as follows:
2026-09-26T13:13:50.6109202Z ```
2026-09-26T13:13:50.6109298Z open Lean.Parser.Tactic in
2026-09-26T13:13:50.6109456Z macro "push_neg" cfg:optConfig loc:(location)? : tactic =>
2026-09-26T13:13:50.6109576Z   `(tactic| push $cfg:optConfig Not $[$loc]?)
2026-09-26T13:13:50.6109655Z ```
2026-09-26T13:13:50.6110133Z info: OIBridge/CancellationFork.lean:554:0: 'OIBridge.CancellationFork.relativeCandidate_apply' depends on axioms: [propext, Classical.choice, Quot.sound]
2026-09-26T13:13:50.6110603Z info: OIBridge/CancellationFork.lean:555:0: 'OIBridge.CancellationFork.relativeCandidate_congr' depends on axioms: [propext, Classical.choice, Quot.sound]
2026-09-26T13:13:50.6111051Z info: OIBridge/CancellationFork.lean:556:0: 'OIBridge.CancellationFork.cf1_composite_normal_form' depends on axioms: [propext, Classical.choice, Quot.sound]
2026-09-26T13:13:50.6111449Z info: OIBridge/CancellationFork.lean:557:0: 'OIBridge.CancellationFork.cf2_constant_strong_family_redundant' depends on axioms: [propext,
2026-09-26T13:13:50.6111604Z  Classical.choice,
2026-09-26T13:13:50.6111687Z  Quot.sound]
2026-09-26T13:13:50.6112137Z info: OIBridge/CancellationFork.lean:558:0: 'OIBridge.CancellationFork.relativeCandidate_eq_one_of_visible_subsingleton' depends on axioms: [propext,
2026-09-26T13:13:50.6112228Z  Classical.choice,
2026-09-26T13:13:50.6112308Z  Quot.sound]
2026-09-26T13:13:50.6112755Z info: OIBridge/CancellationFork.lean:559:0: 'OIBridge.CancellationFork.cf3_cardinality_scoping' depends on axioms: [propext, Classical.choice, Quot.sound]
2026-09-26T13:13:50.6113215Z info: OIBridge/CancellationFork.lean:560:0: 'OIBridge.CancellationFork.cf4_nontriviality_conjuncts' depends on axioms: [propext, Classical.choice, Quot.sound]
2026-09-26T13:13:50.6113698Z info: OIBridge/CancellationFork.lean:561:0: 'OIBridge.CancellationFork.relativeCandidate_of_permMatrix' depends on axioms: [propext, Classical.choice, Quot.sound]
2026-09-26T13:13:50.6114169Z info: OIBridge/CancellationFork.lean:562:0: 'OIBridge.CancellationFork.cf5_cancelling_triple_exists' depends on axioms: [propext, Classical.choice, Quot.sound]
2026-09-26T13:13:50.6114583Z info: OIBridge/CancellationFork.lean:563:0: 'OIBridge.CancellationFork.cf5_not_no_cancelling_on_relativeCandidate' depends on axioms: [propext,
2026-09-26T13:13:50.6114670Z  Classical.choice,
2026-09-26T13:13:50.6114760Z  Quot.sound]
2026-09-26T13:13:50.6114963Z ℹ [3577/3600] Replayed OIBridge.ReanchoredChannelScope
2026-09-26T13:13:50.6115487Z info: OIBridge/ReanchoredChannelScope.lean:645:0: 'OIBridge.ReanchoredChannelScope.reanchoredChannel_eq_trace' depends on axioms: [propext, Classical.choice, Quot.sound]
2026-09-26T13:13:50.6116029Z info: OIBridge/ReanchoredChannelScope.lean:646:0: 'OIBridge.ReanchoredChannelScope.anchoredChannel_congr_crossFibreGram' depends on axioms: [propext,
2026-09-26T13:13:50.6116121Z  Classical.choice,
2026-09-26T13:13:50.6116206Z  Quot.sound]
2026-09-26T13:13:50.6116641Z info: OIBridge/ReanchoredChannelScope.lean:647:0: 'OIBridge.ReanchoredChannelScope.rn1_reanchored_refines_relative' depends on axioms: [propext,
2026-09-26T13:13:50.6116732Z  Classical.choice,
2026-09-26T13:13:50.6116814Z  Quot.sound]
2026-09-26T13:13:50.6117274Z info: OIBridge/ReanchoredChannelScope.lean:648:0: 'OIBridge.ReanchoredChannelScope.rn1_reanchored_refines_relative_family' depends on axioms: [propext,
2026-09-26T13:13:50.6117360Z  Classical.choice,
2026-09-26T13:13:50.6117446Z  Quot.sound]
2026-09-26T13:13:50.6117950Z info: OIBridge/ReanchoredChannelScope.lean:649:0: 'OIBridge.ReanchoredChannelScope.rn2_nontriviality_transfer' depends on axioms: [propext, Classical.choice, Quot.sound]
2026-09-26T13:13:50.6118412Z info: OIBridge/ReanchoredChannelScope.lean:650:0: 'OIBridge.ReanchoredChannelScope.rn2c_act15_triple_nontrivial_on_reanchored' depends on axioms: [propext,
2026-09-26T13:13:50.6118502Z  Classical.choice,
2026-09-26T13:13:50.6118592Z  Quot.sound]
2026-09-26T13:13:50.6119182Z info: OIBridge/ReanchoredChannelScope.lean:651:0: 'OIBridge.ReanchoredChannelScope.relativeObject_permMatrix' depends on axioms: [propext, Classical.choice, Quot.sound]
2026-09-26T13:13:50.6119699Z info: OIBridge/ReanchoredChannelScope.lean:652:0: 'OIBridge.ReanchoredChannelScope.crossFibreGram_permMatrix' depends on axioms: [propext, Classical.choice, Quot.sound]
2026-09-26T13:13:50.6120178Z info: OIBridge/ReanchoredChannelScope.lean:653:0: 'OIBridge.ReanchoredChannelScope.rn3a_act15_triple_cancels_on_reanchoredChannel' depends on axioms: [propext,
2026-09-26T13:13:50.6120263Z  Classical.choice,
2026-09-26T13:13:50.6120349Z  Quot.sound]
2026-09-26T13:13:50.6120831Z info: OIBridge/ReanchoredChannelScope.lean:654:0: 'OIBridge.ReanchoredChannelScope.rn3_plus_cancelling_triple_on_reanchoredChannel' depends on axioms: [propext,
2026-09-26T13:13:50.6120915Z  Classical.choice,
2026-09-26T13:13:50.6121000Z  Quot.sound]
2026-09-26T13:13:50.6121466Z info: OIBridge/ReanchoredChannelScope.lean:655:0: 'OIBridge.ReanchoredChannelScope.rn3_not_no_cancelling_on_reanchoredChannel' depends on axioms: [propext,
2026-09-26T13:13:50.6121554Z  Classical.choice,
2026-09-26T13:13:50.6121696Z  Quot.sound]
2026-09-26T13:13:50.6122194Z info: OIBridge/ReanchoredChannelScope.lean:656:0: 'OIBridge.ReanchoredChannelScope.rn4_redundancy_does_not_factor_on_relativeCandidate' depends on axioms: [propext,
2026-09-26T13:13:50.6122280Z  Classical.choice,
2026-09-26T13:13:50.6122367Z  Quot.sound]
2026-09-26T13:13:50.6122577Z ℹ [3578/3600] Replayed OIBridge.GramTrajectorySelection
2026-09-26T13:13:50.6123082Z info: OIBridge/GramTrajectorySelection.lean:647:0: 'OIBridge.GramTrajectorySelection.gramPhaseEquiv_refl' depends on axioms: [propext, Classical.choice, Quot.sound]
2026-09-26T13:13:50.6123587Z info: OIBridge/GramTrajectorySelection.lean:648:0: 'OIBridge.GramTrajectorySelection.gramPhaseEquiv_symm' depends on axioms: [propext, Classical.choice, Quot.sound]
2026-09-26T13:13:50.6124096Z info: OIBridge/GramTrajectorySelection.lean:649:0: 'OIBridge.GramTrajectorySelection.gramPhaseEquiv_trans' depends on axioms: [propext, Classical.choice, Quot.sound]
2026-09-26T13:13:50.6124599Z info: OIBridge/GramTrajectorySelection.lean:650:0: 'OIBridge.GramTrajectorySelection.gramTrajEquiv_refl' depends on axioms: [propext, Classical.choice, Quot.sound]
2026-09-26T13:13:50.6125104Z info: OIBridge/GramTrajectorySelection.lean:651:0: 'OIBridge.GramTrajectorySelection.gramTrajEquiv_symm' depends on axioms: [propext, Classical.choice, Quot.sound]
2026-09-26T13:13:50.6125745Z info: OIBridge/GramTrajectorySelection.lean:652:0: 'OIBridge.GramTrajectorySelection.gramTrajEquiv_trans' depends on axioms: [propext, Classical.choice, Quot.sound]
2026-09-26T13:13:50.6126272Z info: OIBridge/GramTrajectorySelection.lean:653:0: 'OIBridge.GramTrajectorySelection.gramTrajEquiv_of_threading' depends on axioms: [propext, Classical.choice, Quot.sound]
2026-09-26T13:13:50.6126750Z info: OIBridge/GramTrajectorySelection.lean:654:0: 'OIBridge.GramTrajectorySelection.tj1_necessity' depends on axioms: [propext, Classical.choice, Quot.sound]
2026-09-26T13:13:50.6127242Z info: OIBridge/GramTrajectorySelection.lean:655:0: 'OIBridge.GramTrajectorySelection.tj1_sufficiency' depends on axioms: [propext, Classical.choice, Quot.sound]
2026-09-26T13:13:50.6127728Z info: OIBridge/GramTrajectorySelection.lean:656:0: 'OIBridge.GramTrajectorySelection.tj1_trajectory_set' depends on axioms: [propext, Classical.choice, Quot.sound]
2026-09-26T13:13:50.6128193Z info: OIBridge/GramTrajectorySelection.lean:657:0: 'OIBridge.GramTrajectorySelection.tj1_no_universal_cross_time_constraint' depends on axioms: [propext,
2026-09-26T13:13:50.6128292Z  Classical.choice,
2026-09-26T13:13:50.6128372Z  Quot.sound]
2026-09-26T13:13:50.6128848Z info: OIBridge/GramTrajectorySelection.lean:658:0: 'OIBridge.GramTrajectorySelection.tj2a_sp1l_add' depends on axioms: [propext, Classical.choice, Quot.sound]
2026-09-26T13:13:50.6129333Z info: OIBridge/GramTrajectorySelection.lean:659:0: 'OIBridge.GramTrajectorySelection.tj2c_sp2_add' depends on axioms: [propext, Classical.choice, Quot.sound]
2026-09-26T13:13:50.6129890Z info: OIBridge/GramTrajectorySelection.lean:660:0: 'OIBridge.GramTrajectorySelection.tj2b_sp1g_add' depends on axioms: [propext, Classical.choice, Quot.sound]
2026-09-26T13:13:50.6130359Z info: OIBridge/GramTrajectorySelection.lean:661:0: 'OIBridge.GramTrajectorySelection.tj2d_sp3_add' depends on axioms: [propext, Classical.choice, Quot.sound]
2026-09-26T13:13:50.6130829Z info: OIBridge/GramTrajectorySelection.lean:662:0: 'OIBridge.GramTrajectorySelection.tj2e_sp5_add' depends on axioms: [propext, Classical.choice, Quot.sound]
2026-09-26T13:13:50.6131339Z info: OIBridge/GramTrajectorySelection.lean:663:0: 'OIBridge.GramTrajectorySelection.hadamard_constant_lifts' depends on axioms: [propext, Classical.choice, Quot.sound]
2026-09-26T13:13:50.6131809Z info: OIBridge/GramTrajectorySelection.lean:664:0: 'OIBridge.GramTrajectorySelection.tj2a_sp1l_nosel' depends on axioms: [propext, Classical.choice, Quot.sound]
2026-09-26T13:13:50.6132378Z info: OIBridge/GramTrajectorySelection.lean:665:0: 'OIBridge.GramTrajectorySelection.tj2c_sp2_nosel' depends on axioms: [propext, Classical.choice, Quot.sound]
2026-09-26T13:13:50.6132862Z info: OIBridge/GramTrajectorySelection.lean:666:0: 'OIBridge.GramTrajectorySelection.tj2d_sp3_nosel' depends on axioms: [propext, Classical.choice, Quot.sound]
2026-09-26T13:13:50.6133329Z info: OIBridge/GramTrajectorySelection.lean:667:0: 'OIBridge.GramTrajectorySelection.tj2e_sp5_empty' depends on axioms: [propext, Classical.choice, Quot.sound]
2026-09-26T13:13:50.6133826Z info: OIBridge/GramTrajectorySelection.lean:668:0: 'OIBridge.GramTrajectorySelection.tj2f_sp4_containment' depends on axioms: [propext, Classical.choice, Quot.sound]
2026-09-26T13:13:50.6134308Z info: OIBridge/GramTrajectorySelection.lean:669:0: 'OIBridge.GramTrajectorySelection.tj3_imp_class_level_selection_impossibility' depends on axioms: [propext,
2026-09-26T13:13:50.6134394Z  Classical.choice,
2026-09-26T13:13:50.6134483Z  Quot.sound]
2026-09-26T13:13:50.6134732Z ⚠ [3579/3600] Replayed OIBridge.IntermediateCrossTimeStructure
2026-09-26T13:13:50.6135012Z warning: OIBridge/IntermediateCrossTimeStructure.lean:606:17: This simp argument is unused:
2026-09-26T13:13:50.6135102Z   if_pos rfl
2026-09-26T13:13:50.6135107Z 
2026-09-26T13:13:50.6135225Z Hint: Omit it from the simp argument list.
2026-09-26T13:13:50.6135319Z   [apply] simp only at hh
2026-09-26T13:13:50.6135324Z 
2026-09-26T13:13:50.6135540Z Note: This linter can be disabled with `set_option linter.unusedSimpArgs false`
2026-09-26T13:13:50.6135906Z warning: OIBridge/IntermediateCrossTimeStructure.lean:839:17: This simp argument is unused:
2026-09-26T13:13:50.6135986Z   if_pos rfl
2026-09-26T13:13:50.6135990Z 
2026-09-26T13:13:50.6136105Z Hint: Omit it from the simp argument list.
2026-09-26T13:13:50.6136193Z   [apply] simp only
2026-09-26T13:13:50.6136206Z 
2026-09-26T13:13:50.6136408Z Note: This linter can be disabled with `set_option linter.unusedSimpArgs false`
2026-09-26T13:13:50.6136682Z warning: OIBridge/IntermediateCrossTimeStructure.lean:1007:8: This simp argument is unused:
2026-09-26T13:13:50.6136766Z   zero_add
2026-09-26T13:13:50.6136771Z 
2026-09-26T13:13:50.6136884Z Hint: Omit it from the simp argument list.
2026-09-26T13:13:50.6137122Z   [apply] simp only [if_pos ht, if_neg ht1, hMa0, hNa1, mul_zero, zero_mul, star_zero, add_zero]
2026-09-26T13:13:50.6137127Z 
2026-09-26T13:13:50.6137324Z Note: This linter can be disabled with `set_option linter.unusedSimpArgs false`
2026-09-26T13:13:50.6137588Z warning: OIBridge/IntermediateCrossTimeStructure.lean:1011:8: This simp argument is unused:
2026-09-26T13:13:50.6137676Z   zero_add
2026-09-26T13:13:50.6137681Z 
2026-09-26T13:13:50.6137786Z Hint: Omit it from the simp argument list.
2026-09-26T13:13:50.6138022Z   [apply] simp only [if_neg ht0, if_pos ht1, hMa0, hNa1, mul_zero, zero_mul, star_zero, add_zero]
2026-09-26T13:13:50.6138027Z 
2026-09-26T13:13:50.6138237Z Note: This linter can be disabled with `set_option linter.unusedSimpArgs false`
2026-09-26T13:13:50.6138782Z info: OIBridge/IntermediateCrossTimeStructure.lean:1090:0: 'OIBridge.IntermediateCrossTimeStructure.xs1_pointwise_factors' depends on axioms: [propext,
2026-09-26T13:13:50.6138876Z  Classical.choice,
2026-09-26T13:13:50.6138968Z  Quot.sound]
2026-09-26T13:13:50.6139491Z info: OIBridge/IntermediateCrossTimeStructure.lean:1091:0: 'OIBridge.IntermediateCrossTimeStructure.xs1_splice' depends on axioms: [propext, Classical.choice, Quot.sound]
2026-09-26T13:13:50.6139991Z info: OIBridge/IntermediateCrossTimeStructure.lean:1092:0: 'OIBridge.IntermediateCrossTimeStructure.xs1_pointwise_not_propagates' depends on axioms: [propext,
2026-09-26T13:13:50.6140086Z  Classical.choice,
2026-09-26T13:13:50.6140168Z  Quot.sound]
2026-09-26T13:13:50.6140680Z info: OIBridge/IntermediateCrossTimeStructure.lean:1093:0: 'OIBridge.IntermediateCrossTimeStructure.xs2_readback_factors_through_level2' depends on axioms: [propext,
2026-09-26T13:13:50.6140771Z  Classical.choice,
2026-09-26T13:13:50.6140856Z  Quot.sound]
2026-09-26T13:13:50.6141404Z info: OIBridge/IntermediateCrossTimeStructure.lean:1094:0: 'OIBridge.IntermediateCrossTimeStructure.readback_of_coherentLift' depends on axioms: [propext,
2026-09-26T13:13:50.6141494Z  Classical.choice,
2026-09-26T13:13:50.6141573Z  Quot.sound]
2026-09-26T13:13:50.6142119Z info: OIBridge/IntermediateCrossTimeStructure.lean:1095:0: 'OIBridge.IntermediateCrossTimeStructure.df_bounded_above' depends on axioms: [propext, Classical.choice, Quot.sound]
2026-09-26T13:13:50.6142675Z info: OIBridge/IntermediateCrossTimeStructure.lean:1096:0: 'OIBridge.IntermediateCrossTimeStructure.df1_above_visible' depends on axioms: [propext, Classical.choice, Quot.sound]
2026-09-26T13:13:50.6143220Z info: OIBridge/IntermediateCrossTimeStructure.lean:1097:0: 'OIBridge.IntermediateCrossTimeStructure.df2_above_visible' depends on axioms: [propext, Classical.choice, Quot.sound]
2026-09-26T13:13:50.6143707Z info: OIBridge/IntermediateCrossTimeStructure.lean:1098:0: 'OIBridge.IntermediateCrossTimeStructure.df2_below_level2_and_resid' depends on axioms: [propext,
2026-09-26T13:13:50.6143800Z  Classical.choice,
2026-09-26T13:13:50.6143895Z  Quot.sound]
2026-09-26T13:13:50.6144445Z info: OIBridge/IntermediateCrossTimeStructure.lean:1099:0: 'OIBridge.IntermediateCrossTimeStructure.df3_above_visible' depends on axioms: [propext, Classical.choice, Quot.sound]
2026-09-26T13:13:50.6144987Z info: OIBridge/IntermediateCrossTimeStructure.lean:1100:0: 'OIBridge.IntermediateCrossTimeStructure.lc0_pointwise_law' depends on axioms: [propext, Classical.choice, Quot.sound]
2026-09-26T13:13:50.6145536Z info: OIBridge/IntermediateCrossTimeStructure.lean:1101:0: 'OIBridge.IntermediateCrossTimeStructure.lc3_generator_law' depends on axioms: [propext, Classical.choice, Quot.sound]
2026-09-26T13:13:50.6146163Z info: OIBridge/IntermediateCrossTimeStructure.lean:1102:0: 'OIBridge.IntermediateCrossTimeStructure.xs5_l_axis_prop' depends on axioms: [propext, Classical.choice, Quot.sound]
2026-09-26T13:13:50.6146727Z info: OIBridge/IntermediateCrossTimeStructure.lean:1103:0: 'OIBridge.IntermediateCrossTimeStructure.lc2_regularity_law' depends on axioms: [propext, Classical.choice, Quot.sound]
2026-09-26T13:13:50.6147203Z info: OIBridge/IntermediateCrossTimeStructure.lean:1104:0: 'OIBridge.IntermediateCrossTimeStructure.prod_mem_unitaryGroup' depends on axioms: [propext,
2026-09-26T13:13:50.6147297Z  Classical.choice,
2026-09-26T13:13:50.6147377Z  Quot.sound]
2026-09-26T13:13:50.6147931Z info: OIBridge/IntermediateCrossTimeStructure.lean:1105:0: 'OIBridge.IntermediateCrossTimeStructure.prod_admissible' depends on axioms: [propext, Classical.choice, Quot.sound]
2026-09-26T13:13:50.6148479Z info: OIBridge/IntermediateCrossTimeStructure.lean:1106:0: 'OIBridge.IntermediateCrossTimeStructure.df1_below_level2' depends on axioms: [propext, Classical.choice, Quot.sound]
2026-09-26T13:13:50.6149020Z info: OIBridge/IntermediateCrossTimeStructure.lean:1107:0: 'OIBridge.IntermediateCrossTimeStructure.xs4_d_axis_mid' depends on axioms: [propext, Classical.choice, Quot.sound]
2026-09-26T13:13:50.6149306Z ⚠ [3580/3600] Replayed OIBridge.RepresentativeNaturality
2026-09-26T13:13:50.6149855Z warning: OIBridge/RepresentativeNaturality.lean:226:0: automatically included section variable(s) unused in theorem `OIBridge.RepresentativeNaturality.rnt2_lifting_property`:
2026-09-26T13:13:50.6149947Z   [Fintype V]
2026-09-26T13:13:50.6150032Z   [DecidableEq V]
2026-09-26T13:13:50.6150122Z   [DecidableEq A]
2026-09-26T13:13:50.6150448Z consider restructuring your `variable` declarations so that the variables are not in scope or explicitly omit them:
2026-09-26T13:13:50.6150630Z   omit [Fintype V] [DecidableEq V] [DecidableEq A] in theorem ...
2026-09-26T13:13:50.6150635Z 
2026-09-26T13:13:50.6150861Z Note: This linter can be disabled with `set_option linter.unusedSectionVars false`
2026-09-26T13:13:50.6151384Z warning: OIBridge/RepresentativeNaturality.lean:291:0: automatically included section variable(s) unused in theorem `OIBridge.RepresentativeNaturality.relabelLift_apply`:
2026-09-26T13:13:50.6151482Z   [Fintype V]
2026-09-26T13:13:50.6151574Z   [DecidableEq V]
2026-09-26T13:13:50.6151720Z   [Fintype A]
2026-09-26T13:13:50.6151817Z   [DecidableEq A]
2026-09-26T13:13:50.6152146Z consider restructuring your `variable` declarations so that the variables are not in scope or explicitly omit them:
2026-09-26T13:13:50.6152342Z   omit [Fintype V] [DecidableEq V] [Fintype A] [DecidableEq A] in theorem ...
2026-09-26T13:13:50.6152347Z 
2026-09-26T13:13:50.6152561Z Note: This linter can be disabled with `set_option linter.unusedSectionVars false`
2026-09-26T13:13:50.6153103Z warning: OIBridge/RepresentativeNaturality.lean:295:0: automatically included section variable(s) unused in theorem `OIBridge.RepresentativeNaturality.relabelLift_eq_submatrix`:
2026-09-26T13:13:50.6153183Z   [Fintype V]
2026-09-26T13:13:50.6153280Z   [DecidableEq V]
2026-09-26T13:13:50.6153365Z   [Fintype A]
2026-09-26T13:13:50.6153447Z   [DecidableEq A]
2026-09-26T13:13:50.6153770Z consider restructuring your `variable` declarations so that the variables are not in scope or explicitly omit them:
2026-09-26T13:13:50.6153971Z   omit [Fintype V] [DecidableEq V] [Fintype A] [DecidableEq A] in theorem ...
2026-09-26T13:13:50.6153975Z 
2026-09-26T13:13:50.6154187Z Note: This linter can be disabled with `set_option linter.unusedSectionVars false`
2026-09-26T13:13:50.6154706Z info: OIBridge/RepresentativeNaturality.lean:726:0: 'OIBridge.RepresentativeNaturality.rnt1_strict_imp_twisted' depends on axioms: [propext, Classical.choice, Quot.sound]
2026-09-26T13:13:50.6155214Z info: OIBridge/RepresentativeNaturality.lean:727:0: 'OIBridge.RepresentativeNaturality.rnt1_twisted_imp_orbit' depends on axioms: [propext, Classical.choice, Quot.sound]
2026-09-26T13:13:50.6155789Z info: OIBridge/RepresentativeNaturality.lean:728:0: 'OIBridge.RepresentativeNaturality.rnt2_lifting_property' depends on axioms: [propext, Classical.choice, Quot.sound]
2026-09-26T13:13:50.6156283Z info: OIBridge/RepresentativeNaturality.lean:729:0: 'OIBridge.RepresentativeNaturality.rnt2_admissible' depends on axioms: [propext, Classical.choice, Quot.sound]
2026-09-26T13:13:50.6156795Z info: OIBridge/RepresentativeNaturality.lean:730:0: 'OIBridge.RepresentativeNaturality.relabelLift_apply' depends on axioms: [propext, Classical.choice, Quot.sound]
2026-09-26T13:13:50.6157312Z info: OIBridge/RepresentativeNaturality.lean:731:0: 'OIBridge.RepresentativeNaturality.relabelLift_eq_submatrix' depends on axioms: [propext, Classical.choice, Quot.sound]
2026-09-26T13:13:50.6157814Z info: OIBridge/RepresentativeNaturality.lean:732:0: 'OIBridge.RepresentativeNaturality.relabelLift_mul' depends on axioms: [propext, Classical.choice, Quot.sound]
2026-09-26T13:13:50.6158307Z info: OIBridge/RepresentativeNaturality.lean:733:0: 'OIBridge.RepresentativeNaturality.relabelLift_one' depends on axioms: [propext, Classical.choice, Quot.sound]
2026-09-26T13:13:50.6158809Z info: OIBridge/RepresentativeNaturality.lean:734:0: 'OIBridge.RepresentativeNaturality.relabelLift_unitary' depends on axioms: [propext, Classical.choice, Quot.sound]
2026-09-26T13:13:50.6159382Z info: OIBridge/RepresentativeNaturality.lean:735:0: 'OIBridge.RepresentativeNaturality.rnt3_left_closure' depends on axioms: [propext, Classical.choice, Quot.sound]
2026-09-26T13:13:50.6159868Z info: OIBridge/RepresentativeNaturality.lean:736:0: 'OIBridge.RepresentativeNaturality.rnt3_left_law' depends on axioms: [propext, Classical.choice, Quot.sound]
2026-09-26T13:13:50.6160368Z info: OIBridge/RepresentativeNaturality.lean:737:0: 'OIBridge.RepresentativeNaturality.rnt3_right_closure' depends on axioms: [propext, Classical.choice, Quot.sound]
2026-09-26T13:13:50.6160850Z info: OIBridge/RepresentativeNaturality.lean:738:0: 'OIBridge.RepresentativeNaturality.rnt3_right_law' depends on axioms: [propext, Classical.choice, Quot.sound]
2026-09-26T13:13:50.6161332Z info: OIBridge/RepresentativeNaturality.lean:739:0: 'OIBridge.RepresentativeNaturality.rnt3_law_exact' depends on axioms: [propext, Classical.choice, Quot.sound]
2026-09-26T13:13:50.6161869Z info: OIBridge/RepresentativeNaturality.lean:740:0: 'OIBridge.RepresentativeNaturality.rnt3_orbit' depends on axioms: [propext, Classical.choice, Quot.sound]
2026-09-26T13:13:50.6162344Z info: OIBridge/RepresentativeNaturality.lean:741:0: 'OIBridge.RepresentativeNaturality.diag_unit_mem' depends on axioms: [propext, Classical.choice, Quot.sound]
2026-09-26T13:13:50.6162856Z info: OIBridge/RepresentativeNaturality.lean:742:0: 'OIBridge.RepresentativeNaturality.rnt4a_left_nontrivial' depends on axioms: [propext, Classical.choice, Quot.sound]
2026-09-26T13:13:50.6163371Z info: OIBridge/RepresentativeNaturality.lean:743:0: 'OIBridge.RepresentativeNaturality.rnt4a_right_nontrivial' depends on axioms: [propext, Classical.choice, Quot.sound]
2026-09-26T13:13:50.6163880Z info: OIBridge/RepresentativeNaturality.lean:744:0: 'OIBridge.RepresentativeNaturality.rnt4b_strict_fails_left' depends on axioms: [propext, Classical.choice, Quot.sound]
2026-09-26T13:13:50.6164401Z info: OIBridge/RepresentativeNaturality.lean:745:0: 'OIBridge.RepresentativeNaturality.rnt4b_strict_fails_right' depends on axioms: [propext, Classical.choice, Quot.sound]
2026-09-26T13:13:50.6164919Z info: OIBridge/RepresentativeNaturality.lean:746:0: 'OIBridge.RepresentativeNaturality.rnt4b_not_strictNatural' depends on axioms: [propext, Classical.choice, Quot.sound]
2026-09-26T13:13:50.6165354Z info: OIBridge/RepresentativeNaturality.lean:747:0: 'OIBridge.RepresentativeNaturality.eq_zero_of_left_mul_eq_zero' depends on axioms: [propext,
2026-09-26T13:13:50.6165441Z  Classical.choice,
2026-09-26T13:13:50.6165529Z  Quot.sound]
2026-09-26T13:13:50.6166188Z info: OIBridge/RepresentativeNaturality.lean:748:0: 'OIBridge.RepresentativeNaturality.eq_zero_of_mul_right_eq_zero' depends on axioms: [propext,
2026-09-26T13:13:50.6166288Z  Classical.choice,
2026-09-26T13:13:50.6166375Z  Quot.sound]
2026-09-26T13:13:50.6166876Z info: OIBridge/RepresentativeNaturality.lean:749:0: 'OIBridge.RepresentativeNaturality.rnt5_left_separation' depends on axioms: [propext, Classical.choice, Quot.sound]
2026-09-26T13:13:50.6167398Z info: OIBridge/RepresentativeNaturality.lean:750:0: 'OIBridge.RepresentativeNaturality.rnt5_right_separation' depends on axioms: [propext, Classical.choice, Quot.sound]
2026-09-26T13:13:50.6167626Z ℹ [3581/3600] Replayed OIBridge.OrbitLawRigidityTwisted
2026-09-26T13:13:50.6168127Z info: OIBridge/OrbitLawRigidityTwisted.lean:1568:0: 'OIBridge.OrbitLawRigidityTwisted.composite_descends' depends on axioms: [propext, Classical.choice, Quot.sound]
2026-09-26T13:13:50.6168634Z info: OIBridge/OrbitLawRigidityTwisted.lean:1569:0: 'OIBridge.OrbitLawRigidityTwisted.solution_eq_composite' depends on axioms: [propext, Classical.choice, Quot.sound]
2026-09-26T13:13:50.6169116Z info: OIBridge/OrbitLawRigidityTwisted.lean:1570:0: 'OIBridge.OrbitLawRigidityTwisted.ol1a_descent' depends on axioms: [propext, Classical.choice, Quot.sound]
2026-09-26T13:13:50.6169598Z info: OIBridge/OrbitLawRigidityTwisted.lean:1571:0: 'OIBridge.OrbitLawRigidityTwisted.iterate_descends' depends on axioms: [propext, Classical.choice, Quot.sound]
2026-09-26T13:13:50.6170193Z info: OIBridge/OrbitLawRigidityTwisted.lean:1572:0: 'OIBridge.OrbitLawRigidityTwisted.ol1b_monoid_action' depends on axioms: [propext, Classical.choice, Quot.sound]
2026-09-26T13:13:50.6170642Z info: OIBridge/OrbitLawRigidityTwisted.lean:1573:0: 'OIBridge.OrbitLawRigidityTwisted.realizable_of_gramPhaseEquiv' depends on axioms: [propext,
2026-09-26T13:13:50.6170739Z  Classical.choice,
2026-09-26T13:13:50.6170820Z  Quot.sound]
2026-09-26T13:13:50.6171319Z info: OIBridge/OrbitLawRigidityTwisted.lean:1574:0: 'OIBridge.OrbitLawRigidityTwisted.realizable_relabel' depends on axioms: [propext, Classical.choice, Quot.sound]
2026-09-26T13:13:50.6171834Z info: OIBridge/OrbitLawRigidityTwisted.lean:1575:0: 'OIBridge.OrbitLawRigidityTwisted.relabel_gramPhaseEquiv' depends on axioms: [propext, Classical.choice, Quot.sound]
2026-09-26T13:13:50.6172330Z info: OIBridge/OrbitLawRigidityTwisted.lean:1576:0: 'OIBridge.OrbitLawRigidityTwisted.relabel_relabel_symm' depends on axioms: [propext, Classical.choice, Quot.sound]
2026-09-26T13:13:50.6172892Z info: OIBridge/OrbitLawRigidityTwisted.lean:1577:0: 'OIBridge.OrbitLawRigidityTwisted.relabel_symm_relabel' depends on axioms: [propext, Classical.choice, Quot.sound]
2026-09-26T13:13:50.6173421Z info: OIBridge/OrbitLawRigidityTwisted.lean:1578:0: 'OIBridge.OrbitLawRigidityTwisted.gramPhaseEquiv_of_relabel' depends on axioms: [propext, Classical.choice, Quot.sound]
2026-09-26T13:13:50.6173902Z info: OIBridge/OrbitLawRigidityTwisted.lean:1579:0: 'OIBridge.OrbitLawRigidityTwisted.witness_supply' depends on axioms: [propext, Classical.choice, Quot.sound]
2026-09-26T13:13:50.6174406Z info: OIBridge/OrbitLawRigidityTwisted.lean:1580:0: 'OIBridge.OrbitLawRigidityTwisted.factorizes_trivial' depends on axioms: [propext, Classical.choice, Quot.sound]
2026-09-26T13:13:50.6174882Z info: OIBridge/OrbitLawRigidityTwisted.lean:1581:0: 'OIBridge.OrbitLawRigidityTwisted.phiI_ladder' depends on axioms: [propext, Classical.choice, Quot.sound]
2026-09-26T13:13:50.6175359Z info: OIBridge/OrbitLawRigidityTwisted.lean:1582:0: 'OIBridge.OrbitLawRigidityTwisted.phiP_ladder' depends on axioms: [propext, Classical.choice, Quot.sound]
2026-09-26T13:13:50.6175985Z info: OIBridge/OrbitLawRigidityTwisted.lean:1583:0: 'OIBridge.OrbitLawRigidityTwisted.siop_yes' depends on axioms: [propext, Classical.choice, Quot.sound]
2026-09-26T13:13:50.6176478Z info: OIBridge/OrbitLawRigidityTwisted.lean:1584:0: 'OIBridge.OrbitLawRigidityTwisted.phiX_l0_restricts' depends on axioms: [propext, Classical.choice, Quot.sound]
2026-09-26T13:13:50.6176967Z info: OIBridge/OrbitLawRigidityTwisted.lean:1585:0: 'OIBridge.OrbitLawRigidityTwisted.phiC_census' depends on axioms: [propext, Classical.choice, Quot.sound]
2026-09-26T13:13:50.6177459Z info: OIBridge/OrbitLawRigidityTwisted.lean:1586:0: 'OIBridge.OrbitLawRigidityTwisted.phiT_l2_restricts' depends on axioms: [propext, Classical.choice, Quot.sound]
2026-09-26T13:13:50.6177971Z info: OIBridge/OrbitLawRigidityTwisted.lean:1587:0: 'OIBridge.OrbitLawRigidityTwisted.l1_free_on_shared_class' depends on axioms: [propext, Classical.choice, Quot.sound]
2026-09-26T13:13:50.6178459Z info: OIBridge/OrbitLawRigidityTwisted.lean:1588:0: 'OIBridge.OrbitLawRigidityTwisted.product_cross' depends on axioms: [propext, Classical.choice, Quot.sound]
2026-09-26T13:13:50.6178947Z info: OIBridge/OrbitLawRigidityTwisted.lean:1589:0: 'OIBridge.OrbitLawRigidityTwisted.relabel_product' depends on axioms: [propext, Classical.choice, Quot.sound]
2026-09-26T13:13:50.6179428Z info: OIBridge/OrbitLawRigidityTwisted.lean:1590:0: 'OIBridge.OrbitLawRigidityTwisted.relabel_one' depends on axioms: [propext, Classical.choice, Quot.sound]
2026-09-26T13:13:50.6179910Z info: OIBridge/OrbitLawRigidityTwisted.lean:1591:0: 'OIBridge.OrbitLawRigidityTwisted.vpart_unitary' depends on axioms: [propext, Classical.choice, Quot.sound]
2026-09-26T13:13:50.6180400Z info: OIBridge/OrbitLawRigidityTwisted.lean:1592:0: 'OIBridge.OrbitLawRigidityTwisted.product_realizable' depends on axioms: [propext, Classical.choice, Quot.sound]
2026-09-26T13:13:50.6180965Z info: OIBridge/OrbitLawRigidityTwisted.lean:1593:0: 'OIBridge.OrbitLawRigidityTwisted.hadamard_entries' depends on axioms: [propext, Classical.choice, Quot.sound]
2026-09-26T13:13:50.6181471Z info: OIBridge/OrbitLawRigidityTwisted.lean:1594:0: 'OIBridge.OrbitLawRigidityTwisted.product_separations' depends on axioms: [propext, Classical.choice, Quot.sound]
2026-09-26T13:13:50.6181940Z info: OIBridge/OrbitLawRigidityTwisted.lean:1595:0: 'OIBridge.OrbitLawRigidityTwisted.phiPP_ladder' depends on axioms: [propext, Classical.choice, Quot.sound]
2026-09-26T13:13:50.6182422Z info: OIBridge/OrbitLawRigidityTwisted.lean:1596:0: 'OIBridge.OrbitLawRigidityTwisted.phiCTRL_census' depends on axioms: [propext, Classical.choice, Quot.sound]
2026-09-26T13:13:50.6182674Z ℹ [3582/3600] Replayed OIBridge.OrbitLawNaturalityFactorization
2026-09-26T13:13:50.6183296Z info: OIBridge/OrbitLawNaturalityFactorization.lean:397:0: 'OIBridge.OrbitLawNaturalityFactorization.relabel_prodComm' depends on axioms: [propext, Classical.choice, Quot.sound]
2026-09-26T13:13:50.6183793Z info: OIBridge/OrbitLawNaturalityFactorization.lean:398:0: 'OIBridge.OrbitLawNaturalityFactorization.gramPhaseEquiv_diag' depends on axioms: [propext,
2026-09-26T13:13:50.6183892Z  Classical.choice,
2026-09-26T13:13:50.6183977Z  Quot.sound]
2026-09-26T13:13:50.6184462Z info: OIBridge/OrbitLawNaturalityFactorization.lean:399:0: 'OIBridge.OrbitLawNaturalityFactorization.phiCTRL_l4n_restricts' depends on axioms: [propext,
2026-09-26T13:13:50.6184554Z  Classical.choice,
2026-09-26T13:13:50.6184635Z  Quot.sound]
2026-09-26T13:13:50.6185116Z info: OIBridge/OrbitLawNaturalityFactorization.lean:400:0: 'OIBridge.OrbitLawNaturalityFactorization.phiSwap_l5_restricts' depends on axioms: [propext,
2026-09-26T13:13:50.6185209Z  Classical.choice,
2026-09-26T13:13:50.6185289Z  Quot.sound]
2026-09-26T13:13:50.6185920Z info: OIBridge/OrbitLawNaturalityFactorization.lean:401:0: 'OIBridge.OrbitLawNaturalityFactorization.prefix_not_implies_l5' depends on axioms: [propext,
2026-09-26T13:13:50.6186021Z  Classical.choice,
2026-09-26T13:13:50.6186101Z  Quot.sound]
2026-09-26T13:13:50.6186278Z ℹ [3583/3600] Replayed OIBridge.OrbitLawGaps
2026-09-26T13:13:50.6186723Z info: OIBridge/OrbitLawGaps.lean:1245:0: 'OIBridge.OrbitLawGaps.gramPhaseEquiv_fst_of_product' depends on axioms: [propext, Classical.choice, Quot.sound]
2026-09-26T13:13:50.6187161Z info: OIBridge/OrbitLawGaps.lean:1246:0: 'OIBridge.OrbitLawGaps.product_gramPhaseEquiv_fst' depends on axioms: [propext, Classical.choice, Quot.sound]
2026-09-26T13:13:50.6187568Z info: OIBridge/OrbitLawGaps.lean:1247:0: 'OIBridge.OrbitLawGaps.zero_not_realizable' depends on axioms: [propext, Classical.choice, Quot.sound]
2026-09-26T13:13:50.6187986Z info: OIBridge/OrbitLawGaps.lean:1248:0: 'OIBridge.OrbitLawGaps.hadamard_z_admissible' depends on axioms: [propext, Classical.choice, Quot.sound]
2026-09-26T13:13:50.6188401Z info: OIBridge/OrbitLawGaps.lean:1249:0: 'OIBridge.OrbitLawGaps.fibreGram_z_entries' depends on axioms: [propext, Classical.choice, Quot.sound]
2026-09-26T13:13:50.6188782Z info: OIBridge/OrbitLawGaps.lean:1250:0: 'OIBridge.OrbitLawGaps.zseq_facts' depends on axioms: [propext, Classical.choice, Quot.sound]
2026-09-26T13:13:50.6189182Z info: OIBridge/OrbitLawGaps.lean:1251:0: 'OIBridge.OrbitLawGaps.gap_separations' depends on axioms: [propext, Classical.choice, Quot.sound]
2026-09-26T13:13:50.6189581Z info: OIBridge/OrbitLawGaps.lean:1252:0: 'OIBridge.OrbitLawGaps.phiMD_l1_restricts' depends on axioms: [propext, Classical.choice, Quot.sound]
2026-09-26T13:13:50.6189989Z info: OIBridge/OrbitLawGaps.lean:1253:0: 'OIBridge.OrbitLawGaps.phiPC_l3i_restricts' depends on axioms: [propext, Classical.choice, Quot.sound]
2026-09-26T13:13:50.6190395Z info: OIBridge/OrbitLawGaps.lean:1254:0: 'OIBridge.OrbitLawGaps.phiHS_l3s_restricts' depends on axioms: [propext, Classical.choice, Quot.sound]
2026-09-26T13:13:50.6190850Z info: OIBridge/OrbitLawGaps.lean:1255:0: 'OIBridge.OrbitLawGaps.phiSC_corner' depends on axioms: [propext, Classical.choice, Quot.sound]
2026-09-26T13:13:50.6191256Z info: OIBridge/OrbitLawGaps.lean:1256:0: 'OIBridge.OrbitLawGaps.l5_not_implies_l4n' depends on axioms: [propext, Classical.choice, Quot.sound]
2026-09-26T13:13:50.6191436Z ℹ [3584/3600] Replayed OIBridge.SemigroupTransfer
2026-09-26T13:13:50.6191868Z info: OIBridge/SemigroupTransfer.lean:1115:0: 'OIBridge.SemigroupTransfer.enlarge_apply' depends on axioms: [propext, Classical.choice, Quot.sound]
2026-09-26T13:13:50.6192325Z info: OIBridge/SemigroupTransfer.lean:1116:0: 'OIBridge.SemigroupTransfer.visibleBlock_apply' depends on axioms: [propext, Classical.choice, Quot.sound]
2026-09-26T13:13:50.6192785Z info: OIBridge/SemigroupTransfer.lean:1117:0: 'OIBridge.SemigroupTransfer.visibleBlock_enlarge' depends on axioms: [propext, Classical.choice, Quot.sound]
2026-09-26T13:13:50.6193216Z info: OIBridge/SemigroupTransfer.lean:1118:0: 'OIBridge.SemigroupTransfer.familyAt_single' depends on axioms: [propext, Classical.choice, Quot.sound]
2026-09-26T13:13:50.6193739Z info: OIBridge/SemigroupTransfer.lean:1119:0: 'OIBridge.SemigroupTransfer.amplitude_gram_entry' depends on axioms: [propext, Classical.choice, Quot.sound]
2026-09-26T13:13:50.6194206Z info: OIBridge/SemigroupTransfer.lean:1120:0: 'OIBridge.SemigroupTransfer.krausOf_toEuclideanLin' depends on axioms: [propext, Classical.choice, Quot.sound]
2026-09-26T13:13:50.6194633Z info: OIBridge/SemigroupTransfer.lean:1121:0: 'OIBridge.SemigroupTransfer.krausMap_smul' depends on axioms: [propext, Classical.choice, Quot.sound]
2026-09-26T13:13:50.6195064Z info: OIBridge/SemigroupTransfer.lean:1122:0: 'OIBridge.SemigroupTransfer.sqrt_scalar_sq' depends on axioms: [propext, Classical.choice, Quot.sound]
2026-09-26T13:13:50.6195534Z info: OIBridge/SemigroupTransfer.lean:1123:0: 'OIBridge.SemigroupTransfer.purifiedIsometry_apply' depends on axioms: [propext, Classical.choice, Quot.sound]
2026-09-26T13:13:50.6196097Z info: OIBridge/SemigroupTransfer.lean:1124:0: 'OIBridge.SemigroupTransfer.familyAt_eq_stinespringChannel' depends on axioms: [propext, Classical.choice, Quot.sound]
2026-09-26T13:13:50.6196533Z info: OIBridge/SemigroupTransfer.lean:1125:0: 'OIBridge.SemigroupTransfer.readingA_perTime' depends on axioms: [propext, Classical.choice, Quot.sound]
2026-09-26T13:13:50.6196948Z info: OIBridge/SemigroupTransfer.lean:1126:0: 'OIBridge.SemigroupTransfer.conj_pow' depends on axioms: [propext, Classical.choice, Quot.sound]
2026-09-26T13:13:50.6197399Z info: OIBridge/SemigroupTransfer.lean:1127:0: 'OIBridge.SemigroupTransfer.hiddenKron_unitary' depends on axioms: [propext, Classical.choice, Quot.sound]
2026-09-26T13:13:50.6197822Z info: OIBridge/SemigroupTransfer.lean:1128:0: 'OIBridge.SemigroupTransfer.krausMap_mix' depends on axioms: [propext, Classical.choice, Quot.sound]
2026-09-26T13:13:50.6198255Z info: OIBridge/SemigroupTransfer.lean:1129:0: 'OIBridge.SemigroupTransfer.mixing_unitary' depends on axioms: [propext, Classical.choice, Quot.sound]
2026-09-26T13:13:50.6198717Z info: OIBridge/SemigroupTransfer.lean:1130:0: 'OIBridge.SemigroupTransfer.hiddenKron_mul_apply' depends on axioms: [propext, Classical.choice, Quot.sound]
2026-09-26T13:13:50.6199119Z info: OIBridge/SemigroupTransfer.lean:1131:0: 'OIBridge.SemigroupTransfer.mul_hiddenKron_conjTranspose_apply' depends on axioms: [propext,
2026-09-26T13:13:50.6199213Z  Classical.choice,
2026-09-26T13:13:50.6199299Z  Quot.sound]
2026-09-26T13:13:50.6199753Z info: OIBridge/SemigroupTransfer.lean:1132:0: 'OIBridge.SemigroupTransfer.kraus_hiddenConjugate' depends on axioms: [propext, Classical.choice, Quot.sound]
2026-09-26T13:13:50.6200226Z info: OIBridge/SemigroupTransfer.lean:1133:0: 'OIBridge.SemigroupTransfer.familyAt_hiddenConjugate' depends on axioms: [propext, Classical.choice, Quot.sound]
2026-09-26T13:13:50.6200698Z info: OIBridge/SemigroupTransfer.lean:1134:0: 'OIBridge.SemigroupTransfer.hiddenConjugate_family' depends on axioms: [propext, Classical.choice, Quot.sound]
2026-09-26T13:13:50.6201207Z info: OIBridge/SemigroupTransfer.lean:1135:0: 'OIBridge.SemigroupTransfer.permMatrix_entry' depends on axioms: [propext, Classical.choice, Quot.sound]
2026-09-26T13:13:50.6201661Z info: OIBridge/SemigroupTransfer.lean:1136:0: 'OIBridge.SemigroupTransfer.visibleBlock_conj' depends on axioms: [propext, Classical.choice, Quot.sound]
2026-09-26T13:13:50.6202091Z info: OIBridge/SemigroupTransfer.lean:1137:0: 'OIBridge.SemigroupTransfer.sandwich_mul' depends on axioms: [propext, Classical.choice, Quot.sound]
2026-09-26T13:13:50.6202518Z info: OIBridge/SemigroupTransfer.lean:1138:0: 'OIBridge.SemigroupTransfer.wordEval_conj' depends on axioms: [propext, Classical.choice, Quot.sound]
2026-09-26T13:13:50.6202967Z info: OIBridge/SemigroupTransfer.lean:1139:0: 'OIBridge.SemigroupTransfer.trace_wordEval_conj' depends on axioms: [propext, Classical.choice, Quot.sound]
2026-09-26T13:13:50.6203407Z info: OIBridge/SemigroupTransfer.lean:1140:0: 'OIBridge.SemigroupTransfer.wordEval_enlarge' depends on axioms: [propext, Classical.choice, Quot.sound]
2026-09-26T13:13:50.6203920Z info: OIBridge/SemigroupTransfer.lean:1141:0: 'OIBridge.SemigroupTransfer.deltaWord_balanced' depends on axioms: [propext, Classical.choice, Quot.sound]
2026-09-26T13:13:50.6204371Z info: OIBridge/SemigroupTransfer.lean:1142:0: 'OIBridge.SemigroupTransfer.trace_wordEval_enlarge' depends on axioms: [propext, Classical.choice, Quot.sound]
2026-09-26T13:13:50.6204863Z info: OIBridge/SemigroupTransfer.lean:1143:0: 'OIBridge.SemigroupTransfer.trace_wordEval_hiddenConjugate' depends on axioms: [propext, Classical.choice, Quot.sound]
2026-09-26T13:13:50.6205303Z info: OIBridge/SemigroupTransfer.lean:1144:0: 'OIBridge.SemigroupTransfer.pow_involution' depends on axioms: [propext, Classical.choice, Quot.sound]
2026-09-26T13:13:50.6205969Z info: OIBridge/SemigroupTransfer.lean:1145:0: 'OIBridge.SemigroupTransfer.familyAt_involution_eq' depends on axioms: [propext, Classical.choice, Quot.sound]
2026-09-26T13:13:50.6206441Z info: OIBridge/SemigroupTransfer.lean:1146:0: 'OIBridge.SemigroupTransfer.permMatrix_mul_self' depends on axioms: [propext, Classical.choice, Quot.sound]
2026-09-26T13:13:50.6206934Z info: OIBridge/SemigroupTransfer.lean:1147:0: 'OIBridge.SemigroupTransfer.permMatrix_conjTranspose_self' depends on axioms: [propext, Classical.choice, Quot.sound]
2026-09-26T13:13:50.6207367Z info: OIBridge/SemigroupTransfer.lean:1148:0: 'OIBridge.SemigroupTransfer.krausMap_expand' depends on axioms: [propext, Classical.choice, Quot.sound]
2026-09-26T13:13:50.6207811Z info: OIBridge/SemigroupTransfer.lean:1149:0: 'OIBridge.SemigroupTransfer.familyAt_expand' depends on axioms: [propext, Classical.choice, Quot.sound]
2026-09-26T13:13:50.6208289Z info: OIBridge/SemigroupTransfer.lean:1150:0: 'OIBridge.SemigroupTransfer.familyAt_eq_of_blockTraces' depends on axioms: [propext, Classical.choice, Quot.sound]
2026-09-26T13:13:50.6208760Z info: OIBridge/SemigroupTransfer.lean:1151:0: 'OIBridge.SemigroupTransfer.hiddenKron_mul_permMatrix' depends on axioms: [propext, Classical.choice, Quot.sound]
2026-09-26T13:13:50.6209243Z info: OIBridge/SemigroupTransfer.lean:1152:0: 'OIBridge.SemigroupTransfer.permMatrix_mul_hiddenKron' depends on axioms: [propext, Classical.choice, Quot.sound]
2026-09-26T13:13:50.6209663Z info: OIBridge/SemigroupTransfer.lean:1153:0: 'OIBridge.SemigroupTransfer.trace_visibleBlock_hiddenConjugate' depends on axioms: [propext,
2026-09-26T13:13:50.6209750Z  Classical.choice,
2026-09-26T13:13:50.6209841Z  Quot.sound]
2026-09-26T13:13:50.6210268Z info: OIBridge/SemigroupTransfer.lean:1154:0: 'OIBridge.SemigroupTransfer.pairA_blocks' depends on axioms: [propext, Classical.choice, Quot.sound]
2026-09-26T13:13:50.6210695Z info: OIBridge/SemigroupTransfer.lean:1155:0: 'OIBridge.SemigroupTransfer.pairC_blocks' depends on axioms: [propext, Classical.choice, Quot.sound]
2026-09-26T13:13:50.6211119Z info: OIBridge/SemigroupTransfer.lean:1156:0: 'OIBridge.SemigroupTransfer.adj_literals' depends on axioms: [propext, Classical.choice, Quot.sound]
2026-09-26T13:13:50.6211611Z info: OIBridge/SemigroupTransfer.lean:1157:0: 'OIBridge.SemigroupTransfer.ST2_pairA' depends on axioms: [propext, Classical.choice, Quot.sound]
2026-09-26T13:13:50.6212023Z info: OIBridge/SemigroupTransfer.lean:1158:0: 'OIBridge.SemigroupTransfer.pairC_hct' depends on axioms: [propext, Classical.choice, Quot.sound]
2026-09-26T13:13:50.6212442Z info: OIBridge/SemigroupTransfer.lean:1159:0: 'OIBridge.SemigroupTransfer.pairC'_hct' depends on axioms: [propext, Classical.choice, Quot.sound]
2026-09-26T13:13:50.6212870Z info: OIBridge/SemigroupTransfer.lean:1160:0: 'OIBridge.SemigroupTransfer.pairC_family' depends on axioms: [propext, Classical.choice, Quot.sound]
2026-09-26T13:13:50.6213284Z info: OIBridge/SemigroupTransfer.lean:1161:0: 'OIBridge.SemigroupTransfer.ST3_pairC' depends on axioms: [propext, Classical.choice, Quot.sound]
2026-09-26T13:13:50.6213717Z info: OIBridge/SemigroupTransfer.lean:1162:0: 'OIBridge.SemigroupTransfer.pairC_wordTraces' depends on axioms: [propext, Classical.choice, Quot.sound]
2026-09-26T13:13:50.6214213Z info: OIBridge/SemigroupTransfer.lean:1163:0: 'OIBridge.SemigroupTransfer.ST4_pairC' depends on axioms: [propext, Classical.choice, Quot.sound]
2026-09-26T13:13:50.6214668Z info: OIBridge/SemigroupTransfer.lean:1164:0: 'OIBridge.SemigroupTransfer.mul_hiddenKron_apply' depends on axioms: [propext, Classical.choice, Quot.sound]
2026-09-26T13:13:50.6215110Z info: OIBridge/SemigroupTransfer.lean:1165:0: 'OIBridge.SemigroupTransfer.mul_singleKron_apply' depends on axioms: [propext, Classical.choice, Quot.sound]
2026-09-26T13:13:50.6215635Z info: OIBridge/SemigroupTransfer.lean:1166:0: 'OIBridge.SemigroupTransfer.singleKron_mul_apply' depends on axioms: [propext, Classical.choice, Quot.sound]
2026-09-26T13:13:50.6216077Z info: OIBridge/SemigroupTransfer.lean:1167:0: 'OIBridge.SemigroupTransfer.eq_oneKron_of_comm' depends on axioms: [propext, Classical.choice, Quot.sound]
2026-09-26T13:13:50.6216488Z info: OIBridge/SemigroupTransfer.lean:1168:0: 'OIBridge.SemigroupTransfer.slice_comm' depends on axioms: [propext, Classical.choice, Quot.sound]
2026-09-26T13:13:50.6216963Z info: OIBridge/SemigroupTransfer.lean:1169:0: 'OIBridge.SemigroupTransfer.hiddenKron_comm_enlarge' depends on axioms: [propext, Classical.choice, Quot.sound]
2026-09-26T13:13:50.6217404Z info: OIBridge/SemigroupTransfer.lean:1170:0: 'OIBridge.SemigroupTransfer.enlarge_unitary' depends on axioms: [propext, Classical.choice, Quot.sound]
2026-09-26T13:13:50.6217848Z info: OIBridge/SemigroupTransfer.lean:1171:0: 'OIBridge.SemigroupTransfer.separating_of_hct' depends on axioms: [propext, Classical.choice, Quot.sound]
2026-09-26T13:13:50.6218288Z info: OIBridge/SemigroupTransfer.lean:1172:0: 'OIBridge.SemigroupTransfer.one_kronecker_sub' depends on axioms: [propext, Classical.choice, Quot.sound]
2026-09-26T13:13:50.6218727Z info: OIBridge/SemigroupTransfer.lean:1173:0: 'OIBridge.SemigroupTransfer.hct_of_separating' depends on axioms: [propext, Classical.choice, Quot.sound]
2026-09-26T13:13:50.6219186Z info: OIBridge/SemigroupTransfer.lean:1174:0: 'OIBridge.SemigroupTransfer.starProjection_comm' depends on axioms: [propext, Classical.choice, Quot.sound]
2026-09-26T13:13:50.6219620Z info: OIBridge/SemigroupTransfer.lean:1175:0: 'OIBridge.SemigroupTransfer.ST0c_cyclic_iff' depends on axioms: [propext, Classical.choice, Quot.sound]
2026-09-26T13:13:50.6219828Z ℹ [3585/3600] Replayed OIBridge.WordTraceSufficiency
2026-09-26T13:13:50.6220281Z info: OIBridge/WordTraceSufficiency.lean:712:0: 'OIBridge.WordTraceSufficiency.wordEval_nil' depends on axioms: [propext, Classical.choice, Quot.sound]
2026-09-26T13:13:50.6220737Z info: OIBridge/WordTraceSufficiency.lean:713:0: 'OIBridge.WordTraceSufficiency.wordEval_append' depends on axioms: [propext, Classical.choice, Quot.sound]
2026-09-26T13:13:50.6221231Z info: OIBridge/WordTraceSufficiency.lean:714:0: 'OIBridge.WordTraceSufficiency.visibleBlock_eq_wordEval' depends on axioms: [propext, Classical.choice, Quot.sound]
2026-09-26T13:13:50.6221751Z info: OIBridge/WordTraceSufficiency.lean:715:0: 'OIBridge.WordTraceSufficiency.wordStar_cons' depends on axioms: [propext, Classical.choice, Quot.sound]
2026-09-26T13:13:50.6222215Z info: OIBridge/WordTraceSufficiency.lean:716:0: 'OIBridge.WordTraceSufficiency.wordEval_wordStar' depends on axioms: [propext, Classical.choice, Quot.sound]
2026-09-26T13:13:50.6222696Z info: OIBridge/WordTraceSufficiency.lean:717:0: 'OIBridge.WordTraceSufficiency.wordEval_mem_wordSpan' depends on axioms: [propext, Classical.choice, Quot.sound]
2026-09-26T13:13:50.6223154Z info: OIBridge/WordTraceSufficiency.lean:718:0: 'OIBridge.WordTraceSufficiency.one_mem_wordSpan' depends on axioms: [propext, Classical.choice, Quot.sound]
2026-09-26T13:13:50.6223644Z info: OIBridge/WordTraceSufficiency.lean:719:0: 'OIBridge.WordTraceSufficiency.visibleBlock_mem_wordSpan' depends on axioms: [propext, Classical.choice, Quot.sound]
2026-09-26T13:13:50.6224134Z info: OIBridge/WordTraceSufficiency.lean:720:0: 'OIBridge.WordTraceSufficiency.wordEval_mul_mem_wordSpan' depends on axioms: [propext, Classical.choice, Quot.sound]
2026-09-26T13:13:50.6224656Z info: OIBridge/WordTraceSufficiency.lean:721:0: 'OIBridge.WordTraceSufficiency.mul_mem_wordSpan' depends on axioms: [propext, Classical.choice, Quot.sound]
2026-09-26T13:13:50.6225154Z info: OIBridge/WordTraceSufficiency.lean:722:0: 'OIBridge.WordTraceSufficiency.conjTranspose_mem_wordSpan' depends on axioms: [propext, Classical.choice, Quot.sound]
2026-09-26T13:13:50.6225800Z info: OIBridge/WordTraceSufficiency.lean:723:0: 'OIBridge.WordTraceSufficiency.exists_linearCombination' depends on axioms: [propext, Classical.choice, Quot.sound]
2026-09-26T13:13:50.6226240Z info: OIBridge/WordTraceSufficiency.lean:724:0: 'OIBridge.WordTraceSufficiency.linearCombination_mem_wordSpan' depends on axioms: [propext,
2026-09-26T13:13:50.6226326Z  Classical.choice,
2026-09-26T13:13:50.6226414Z  Quot.sound]
2026-09-26T13:13:50.6226923Z info: OIBridge/WordTraceSufficiency.lean:725:0: 'OIBridge.WordTraceSufficiency.trace_linearCombination_gram' depends on axioms: [propext, Classical.choice, Quot.sound]
2026-09-26T13:13:50.6227411Z info: OIBridge/WordTraceSufficiency.lean:726:0: 'OIBridge.WordTraceSufficiency.gram_eq_of_wordTracesEqual' depends on axioms: [propext, Classical.choice, Quot.sound]
2026-09-26T13:13:50.6227886Z info: OIBridge/WordTraceSufficiency.lean:727:0: 'OIBridge.WordTraceSufficiency.linearCombination_eq_zero_of_wordTracesEqual' depends on axioms: [propext,
2026-09-26T13:13:50.6227982Z  Classical.choice,
2026-09-26T13:13:50.6228063Z  Quot.sound]
2026-09-26T13:13:50.6228546Z info: OIBridge/WordTraceSufficiency.lean:728:0: 'OIBridge.WordTraceSufficiency.ker_linearCombination_le' depends on axioms: [propext, Classical.choice, Quot.sound]
2026-09-26T13:13:50.6229060Z info: OIBridge/WordTraceSufficiency.lean:729:0: 'OIBridge.WordTraceSufficiency.transferMap_linearCombination' depends on axioms: [propext, Classical.choice, Quot.sound]
2026-09-26T13:13:50.6229547Z info: OIBridge/WordTraceSufficiency.lean:730:0: 'OIBridge.WordTraceSufficiency.transferMap_apply_of_eq' depends on axioms: [propext, Classical.choice, Quot.sound]
2026-09-26T13:13:50.6230034Z info: OIBridge/WordTraceSufficiency.lean:731:0: 'OIBridge.WordTraceSufficiency.transferMap_wordEval' depends on axioms: [propext, Classical.choice, Quot.sound]
2026-09-26T13:13:50.6230506Z info: OIBridge/WordTraceSufficiency.lean:732:0: 'OIBridge.WordTraceSufficiency.transferMap_range' depends on axioms: [propext, Classical.choice, Quot.sound]
2026-09-26T13:13:50.6230976Z info: OIBridge/WordTraceSufficiency.lean:733:0: 'OIBridge.WordTraceSufficiency.transferMap_one' depends on axioms: [propext, Classical.choice, Quot.sound]
2026-09-26T13:13:50.6231444Z info: OIBridge/WordTraceSufficiency.lean:734:0: 'OIBridge.WordTraceSufficiency.transferMap_trace' depends on axioms: [propext, Classical.choice, Quot.sound]
2026-09-26T13:13:50.6231937Z info: OIBridge/WordTraceSufficiency.lean:735:0: 'OIBridge.WordTraceSufficiency.transferMap_wordEval_mul' depends on axioms: [propext, Classical.choice, Quot.sound]
2026-09-26T13:13:50.6232480Z info: OIBridge/WordTraceSufficiency.lean:736:0: 'OIBridge.WordTraceSufficiency.transferMap_mul' depends on axioms: [propext, Classical.choice, Quot.sound]
2026-09-26T13:13:50.6232974Z info: OIBridge/WordTraceSufficiency.lean:737:0: 'OIBridge.WordTraceSufficiency.transferMap_conjTranspose' depends on axioms: [propext, Classical.choice, Quot.sound]
2026-09-26T13:13:50.6233455Z info: OIBridge/WordTraceSufficiency.lean:738:0: 'OIBridge.WordTraceSufficiency.transferMap_injective' depends on axioms: [propext, Classical.choice, Quot.sound]
2026-09-26T13:13:50.6233902Z info: OIBridge/WordTraceSufficiency.lean:739:0: 'OIBridge.WordTraceSufficiency.WT1_transfer' depends on axioms: [propext, Classical.choice, Quot.sound]
2026-09-26T13:13:50.6234372Z info: OIBridge/WordTraceSufficiency.lean:740:0: 'OIBridge.WordTraceSufficiency.single_mul_single_ite' depends on axioms: [propext, Classical.choice, Quot.sound]
2026-09-26T13:13:50.6234867Z info: OIBridge/WordTraceSufficiency.lean:741:0: 'OIBridge.WordTraceSufficiency.conjTranspose_single_one' depends on axioms: [propext, Classical.choice, Quot.sound]
2026-09-26T13:13:50.6235416Z info: OIBridge/WordTraceSufficiency.lean:742:0: 'OIBridge.WordTraceSufficiency.exists_unitary_of_starMul' depends on axioms: [propext, Classical.choice, Quot.sound]
2026-09-26T13:13:50.6235949Z info: OIBridge/WordTraceSufficiency.lean:743:0: 'OIBridge.WordTraceSufficiency.WT2gen_oneSided' depends on axioms: [propext, Classical.choice, Quot.sound]
2026-09-26T13:13:50.6236434Z info: OIBridge/WordTraceSufficiency.lean:744:0: 'OIBridge.WordTraceSufficiency.WT2gen_hiddenConjugate' depends on axioms: [propext, Classical.choice, Quot.sound]
2026-09-26T13:13:50.6236868Z info: OIBridge/WordTraceSufficiency.lean:745:0: 'OIBridge.WordTraceSufficiency.blockSpanning_of_wordTracesEqual' depends on axioms: [propext,
2026-09-26T13:13:50.6236963Z  Classical.choice,
2026-09-26T13:13:50.6237044Z  Quot.sound]
2026-09-26T13:13:50.6237494Z info: OIBridge/WordTraceSufficiency.lean:746:0: 'OIBridge.WordTraceSufficiency.WT3_spanning' depends on axioms: [propext, Classical.choice, Quot.sound]
2026-09-26T13:13:50.6237967Z info: OIBridge/WordTraceSufficiency.lean:747:0: 'OIBridge.WordTraceSufficiency.WT3_spanning_iff' depends on axioms: [propext, Classical.choice, Quot.sound]
2026-09-26T13:13:50.6238454Z info: OIBridge/WordTraceSufficiency.lean:748:0: 'OIBridge.WordTraceSufficiency.WT4_finite_spanning_family' depends on axioms: [propext, Classical.choice, Quot.sound]
2026-09-26T13:13:50.6238865Z info: OIBridge/WordTraceSufficiency.lean:749:0: 'OIBridge.WordTraceSufficiency.WT0b_pairC_not_wordTracesEqual' depends on axioms: [propext,
2026-09-26T13:13:50.6238958Z  Classical.choice,
2026-09-26T13:13:50.6239051Z  Quot.sound]
2026-09-26T13:13:50.6239498Z info: OIBridge/WordTraceSufficiency.lean:750:0: 'OIBridge.WordTraceSufficiency.tau_permMatrix' depends on axioms: [propext, Classical.choice, Quot.sound]
2026-09-26T13:13:50.6239978Z info: OIBridge/WordTraceSufficiency.lean:751:0: 'OIBridge.WordTraceSufficiency.WT0c_positive_control' depends on axioms: [propext, Classical.choice, Quot.sound]
2026-09-26T13:13:50.6240182Z ℹ [3586/3600] Replayed OIBridge.RecurrenceHorizon
2026-09-26T13:13:50.6240621Z info: OIBridge/RecurrenceHorizon.lean:183:0: 'OIBridge.RecurrenceHorizon.tv_eq_one_sub_sum_min' depends on axioms: [propext, Classical.choice, Quot.sound]
2026-09-26T13:13:50.6241048Z info: OIBridge/RecurrenceHorizon.lean:184:0: 'OIBridge.RecurrenceHorizon.tv_le_one_sub_min' depends on axioms: [propext, Classical.choice, Quot.sound]
2026-09-26T13:13:50.6241488Z info: OIBridge/RecurrenceHorizon.lean:185:0: 'OIBridge.RecurrenceHorizon.tv_lt_one_of_overlap' depends on axioms: [propext, Classical.choice, Quot.sound]
2026-09-26T13:13:50.6241894Z info: OIBridge/RecurrenceHorizon.lean:186:0: 'OIBridge.RecurrenceHorizon.tv_one_rows' depends on axioms: [propext, Classical.choice, Quot.sound]
2026-09-26T13:13:50.6242291Z info: OIBridge/RecurrenceHorizon.lean:187:0: 'OIBridge.RecurrenceHorizon.c4r_of_identity_return_of_overlap' depends on axioms: [propext,
2026-09-26T13:13:50.6242456Z  Classical.choice,
2026-09-26T13:13:50.6242538Z  Quot.sound]
2026-09-26T13:13:50.6242977Z info: OIBridge/RecurrenceHorizon.lean:188:0: 'OIBridge.RecurrenceHorizon.pIndivisible_of_identity_return_of_overlap' depends on axioms: [propext,
2026-09-26T13:13:50.6243072Z  Classical.choice,
2026-09-26T13:13:50.6243152Z  Quot.sound]
2026-09-26T13:13:50.6243564Z info: OIBridge/RecurrenceHorizon.lean:189:0: 'OIBridge.RecurrenceHorizon.c4r_of_rooted_identity_return_of_overlap' depends on axioms: [propext,
2026-09-26T13:13:50.6243650Z  Classical.choice,
2026-09-26T13:13:50.6243738Z  Quot.sound]
2026-09-26T13:13:50.6244195Z info: OIBridge/RecurrenceHorizon.lean:190:0: 'OIBridge.RecurrenceHorizon.pIndivisible_of_rooted_identity_return_of_overlap' depends on axioms: [propext,
2026-09-26T13:13:50.6244278Z  Classical.choice,
2026-09-26T13:13:50.6244367Z  Quot.sound]
2026-09-26T13:13:50.6244797Z info: OIBridge/RecurrenceHorizon.lean:191:0: 'OIBridge.RecurrenceHorizon.horizon_verdict' depends on axioms: [propext, Classical.choice, Quot.sound]
2026-09-26T13:13:50.6245021Z ℹ [3587/3600] Replayed OIBridge.ScalingFamily
2026-09-26T13:13:50.6245416Z info: OIBridge/ScalingFamily.lean:158:0: 'OIBridge.ScalingFamily.Bmat_one_eq' depends on axioms: [propext, Classical.choice, Quot.sound]
2026-09-26T13:13:50.6246069Z info: OIBridge/ScalingFamily.lean:159:0: 'OIBridge.ScalingFamily.Bmat_isRowStochastic' depends on axioms: [propext, Classical.choice, Quot.sound]
2026-09-26T13:13:50.6246442Z info: OIBridge/ScalingFamily.lean:160:0: 'OIBridge.ScalingFamily.Bmat_mul' depends on axioms: [propext, Classical.choice, Quot.sound]
2026-09-26T13:13:50.6246832Z info: OIBridge/ScalingFamily.lean:161:0: 'OIBridge.ScalingFamily.Bmat_factor' depends on axioms: [propext, Classical.choice, Quot.sound]
2026-09-26T13:13:50.6247205Z info: OIBridge/ScalingFamily.lean:162:0: 'OIBridge.ScalingFamily.tv_Bmat' depends on axioms: [propext, Classical.choice, Quot.sound]
2026-09-26T13:13:50.6247583Z info: OIBridge/ScalingFamily.lean:163:0: 'OIBridge.ScalingFamily.tv_Bmat_one' depends on axioms: [propext, Classical.choice, Quot.sound]
2026-09-26T13:13:50.6247982Z info: OIBridge/ScalingFamily.lean:164:0: 'OIBridge.ScalingFamily.tv_Bmat_lt_one' depends on axioms: [propext, Classical.choice, Quot.sound]
2026-09-26T13:13:50.6248400Z info: OIBridge/ScalingFamily.lean:165:0: 'OIBridge.ScalingFamily.pDivisible_below' depends on axioms: [propext, Classical.choice, Quot.sound]
2026-09-26T13:13:50.6248781Z info: OIBridge/ScalingFamily.lean:166:0: 'OIBridge.ScalingFamily.c4r_at_return' depends on axioms: [propext, Classical.choice, Quot.sound]
2026-09-26T13:13:50.6249218Z info: OIBridge/ScalingFamily.lean:167:0: 'OIBridge.ScalingFamily.pIndivisible_at_return' depends on axioms: [propext, Classical.choice, Quot.sound]
2026-09-26T13:13:50.6249602Z info: OIBridge/ScalingFamily.lean:168:0: 'OIBridge.ScalingFamily.tight_at' depends on axioms: [propext, Classical.choice, Quot.sound]
2026-09-26T13:13:50.6249792Z ⚠ [3588/3600] Replayed OIBridge.PhysicalC4Discharge
2026-09-26T13:13:50.6250294Z warning: OIBridge/PhysicalC4Discharge.lean:80:0: automatically included section variable(s) unused in theorem `OIBridge.PhysicalC4Discharge.routedReadback_mono`:
2026-09-26T13:13:50.6250386Z   [Fintype V]
2026-09-26T13:13:50.6250470Z   [DecidableEq H]
2026-09-26T13:13:50.6250801Z consider restructuring your `variable` declarations so that the variables are not in scope or explicitly omit them:
2026-09-26T13:13:50.6250937Z   omit [Fintype V] [DecidableEq H] in theorem ...
2026-09-26T13:13:50.6250943Z 
2026-09-26T13:13:50.6251161Z Note: This linter can be disabled with `set_option linter.unusedSectionVars false`
2026-09-26T13:13:50.6251668Z warning: OIBridge/PhysicalC4Discharge.lean:88:0: automatically included section variable(s) unused in theorem `OIBridge.PhysicalC4Discharge.routedReadback_overlap`:
2026-09-26T13:13:50.6251758Z   [Fintype V]
2026-09-26T13:13:50.6251842Z   [DecidableEq H]
2026-09-26T13:13:50.6252168Z consider restructuring your `variable` declarations so that the variables are not in scope or explicitly omit them:
2026-09-26T13:13:50.6252383Z   omit [Fintype V] [DecidableEq H] in theorem ...
2026-09-26T13:13:50.6252388Z 
2026-09-26T13:13:50.6252602Z Note: This linter can be disabled with `set_option linter.unusedSectionVars false`
2026-09-26T13:13:50.6253095Z warning: OIBridge/PhysicalC4Discharge.lean:594:0: automatically included section variable(s) unused in theorem `OIBridge.PhysicalC4Discharge.cutRealization_step`:
2026-09-26T13:13:50.6253231Z   [DecidableEq 𝒮.V]
2026-09-26T13:13:50.6253550Z consider restructuring your `variable` declarations so that the variables are not in scope or explicitly omit them:
2026-09-26T13:13:50.6253703Z   omit [DecidableEq 𝒮.V] in theorem ...
2026-09-26T13:13:50.6253709Z 
2026-09-26T13:13:50.6253927Z Note: This linter can be disabled with `set_option linter.unusedSectionVars false`
2026-09-26T13:13:50.6254421Z warning: OIBridge/PhysicalC4Discharge.lean:640:0: automatically included section variable(s) unused in theorem `OIBridge.PhysicalC4Discharge.latticeCutReadback_iff`:
2026-09-26T13:13:50.6254515Z   [NeZero L]
2026-09-26T13:13:50.6254673Z   [NeZero q]
2026-09-26T13:13:50.6254991Z consider restructuring your `variable` declarations so that the variables are not in scope or explicitly omit them:
2026-09-26T13:13:50.6255111Z   omit [NeZero L] [NeZero q] in theorem ...
2026-09-26T13:13:50.6255117Z 
2026-09-26T13:13:50.6255335Z Note: This linter can be disabled with `set_option linter.unusedSectionVars false`
2026-09-26T13:13:50.6255964Z warning: OIBridge/PhysicalC4Discharge.lean:650:0: automatically included section variable(s) unused in theorem `OIBridge.PhysicalC4Discharge.latticeCut_rootedMap_stochastic_periodic`:
2026-09-26T13:13:50.6256053Z   [NeZero L]
2026-09-26T13:13:50.6256141Z   [NeZero q]
2026-09-26T13:13:50.6256535Z consider restructuring your `variable` declarations so that the variables are not in scope or explicitly omit them:
2026-09-26T13:13:50.6256698Z   omit [NeZero L] [NeZero q] in theorem ...
2026-09-26T13:13:50.6256710Z 
2026-09-26T13:13:50.6257054Z Note: This linter can be disabled with `set_option linter.unusedSectionVars false`
2026-09-26T13:13:50.6257621Z info: OIBridge/PhysicalC4Discharge.lean:665:0: 'OIBridge.PhysicalC4Discharge.routedReadback_mono' depends on axioms: [propext, Classical.choice, Quot.sound]
2026-09-26T13:13:50.6258267Z info: OIBridge/PhysicalC4Discharge.lean:666:0: 'OIBridge.PhysicalC4Discharge.routedReadback_overlap' depends on axioms: [propext, Classical.choice, Quot.sound]
2026-09-26T13:13:50.6258790Z info: OIBridge/PhysicalC4Discharge.lean:667:0: 'OIBridge.PhysicalC4Discharge.routed_forces_return_indivisibility' depends on axioms: [propext,
2026-09-26T13:13:50.6258879Z  Classical.choice,
2026-09-26T13:13:50.6258967Z  Quot.sound]
2026-09-26T13:13:50.6259397Z info: OIBridge/PhysicalC4Discharge.lean:668:0: 'OIBridge.PhysicalC4Discharge.routed_forces_indivisible_somewhere' depends on axioms: [propext,
2026-09-26T13:13:50.6259484Z  Classical.choice,
2026-09-26T13:13:50.6259581Z  Quot.sound]
2026-09-26T13:13:50.6260055Z info: OIBridge/PhysicalC4Discharge.lean:669:0: 'OIBridge.PhysicalC4Discharge.core_realization_exists' depends on axioms: [propext, Classical.choice, Quot.sound]
2026-09-26T13:13:50.6260515Z info: OIBridge/PhysicalC4Discharge.lean:670:0: 'OIBridge.PhysicalC4Discharge.core_involutive' depends on axioms: [propext, Classical.choice, Quot.sound]
2026-09-26T13:13:50.6260982Z info: OIBridge/PhysicalC4Discharge.lean:671:0: 'OIBridge.PhysicalC4Discharge.core_rootedMap_even' depends on axioms: [propext, Classical.choice, Quot.sound]
2026-09-26T13:13:50.6261449Z info: OIBridge/PhysicalC4Discharge.lean:672:0: 'OIBridge.PhysicalC4Discharge.core_rootedMap_odd' depends on axioms: [propext, Classical.choice, Quot.sound]
2026-09-26T13:13:50.6261905Z info: OIBridge/PhysicalC4Discharge.lean:673:0: 'OIBridge.PhysicalC4Discharge.core_posterior_odd' depends on axioms: [propext, Classical.choice, Quot.sound]
2026-09-26T13:13:50.6262359Z info: OIBridge/PhysicalC4Discharge.lean:674:0: 'OIBridge.PhysicalC4Discharge.core_store_gap' depends on axioms: [propext, Classical.choice, Quot.sound]
2026-09-26T13:13:50.6263133Z info: OIBridge/PhysicalC4Discharge.lean:675:0: 'OIBridge.PhysicalC4Discharge.core_not_routedReadback' depends on axioms: [propext, Classical.choice, Quot.sound]
2026-09-26T13:13:50.6263563Z info: OIBridge/PhysicalC4Discharge.lean:676:0: 'OIBridge.PhysicalC4Discharge.core_c4e_two' depends on axioms: [propext, Classical.choice, Quot.sound]
2026-09-26T13:13:50.6264030Z info: OIBridge/PhysicalC4Discharge.lean:677:0: 'OIBridge.PhysicalC4Discharge.core_pIndivisible_two' depends on axioms: [propext, Classical.choice, Quot.sound]
2026-09-26T13:13:50.6264520Z info: OIBridge/PhysicalC4Discharge.lean:678:0: 'OIBridge.PhysicalC4Discharge.product_realization_exists' depends on axioms: [propext, Classical.choice, Quot.sound]
2026-09-26T13:13:50.6265024Z info: OIBridge/PhysicalC4Discharge.lean:679:0: 'OIBridge.PhysicalC4Discharge.product_iterate' depends on axioms: [propext, Classical.choice, Quot.sound]
2026-09-26T13:13:50.6265786Z info: OIBridge/PhysicalC4Discharge.lean:680:0: 'OIBridge.PhysicalC4Discharge.product_rootedMap' depends on axioms: [propext, Classical.choice, Quot.sound]
2026-09-26T13:13:50.6266296Z info: OIBridge/PhysicalC4Discharge.lean:681:0: 'OIBridge.PhysicalC4Discharge.product_not_routedReadback' depends on axioms: [propext, Classical.choice, Quot.sound]
2026-09-26T13:13:50.6266767Z info: OIBridge/PhysicalC4Discharge.lean:682:0: 'OIBridge.PhysicalC4Discharge.product_rootedMap_twelve' depends on axioms: [propext, Classical.choice, Quot.sound]
2026-09-26T13:13:50.6267233Z info: OIBridge/PhysicalC4Discharge.lean:683:0: 'OIBridge.PhysicalC4Discharge.product_pDivisible' depends on axioms: [propext, Classical.choice, Quot.sound]
2026-09-26T13:13:50.6267733Z info: OIBridge/PhysicalC4Discharge.lean:684:0: 'OIBridge.PhysicalC4Discharge.tapeLedger_realization_exists' depends on axioms: [propext, Classical.choice, Quot.sound]
2026-09-26T13:13:50.6268203Z info: OIBridge/PhysicalC4Discharge.lean:685:0: 'OIBridge.PhysicalC4Discharge.tapeLedger_step_eq' depends on axioms: [propext, Classical.choice, Quot.sound]
2026-09-26T13:13:50.6268681Z info: OIBridge/PhysicalC4Discharge.lean:686:0: 'OIBridge.PhysicalC4Discharge.tapeLedger_rootedMap_mid' depends on axioms: [propext, Classical.choice, Quot.sound]
2026-09-26T13:13:50.6269167Z info: OIBridge/PhysicalC4Discharge.lean:687:0: 'OIBridge.PhysicalC4Discharge.tapeLedger_rootedMap_four' depends on axioms: [propext, Classical.choice, Quot.sound]
2026-09-26T13:13:50.6269685Z info: OIBridge/PhysicalC4Discharge.lean:688:0: 'OIBridge.PhysicalC4Discharge.tapeLedger_write_store' depends on axioms: [propext, Classical.choice, Quot.sound]
2026-09-26T13:13:50.6270222Z info: OIBridge/PhysicalC4Discharge.lean:689:0: 'OIBridge.PhysicalC4Discharge.tapeLedger_not_routedReadback_three' depends on axioms: [propext,
2026-09-26T13:13:50.6270314Z  Classical.choice,
2026-09-26T13:13:50.6270401Z  Quot.sound]
2026-09-26T13:13:50.6270887Z info: OIBridge/PhysicalC4Discharge.lean:690:0: 'OIBridge.PhysicalC4Discharge.tapeLedger_pDivisible_three' depends on axioms: [propext, Classical.choice, Quot.sound]
2026-09-26T13:13:50.6271391Z info: OIBridge/PhysicalC4Discharge.lean:691:0: 'OIBridge.PhysicalC4Discharge.tapeLedger_history_identity' depends on axioms: [propext, Classical.choice, Quot.sound]
2026-09-26T13:13:50.6271896Z info: OIBridge/PhysicalC4Discharge.lean:692:0: 'OIBridge.PhysicalC4Discharge.tapeLedger_routedReadback_four' depends on axioms: [propext, Classical.choice, Quot.sound]
2026-09-26T13:13:50.6272353Z info: OIBridge/PhysicalC4Discharge.lean:693:0: 'OIBridge.PhysicalC4Discharge.tapeLedger_c4e_four' depends on axioms: [propext, Classical.choice, Quot.sound]
2026-09-26T13:13:50.6272848Z info: OIBridge/PhysicalC4Discharge.lean:694:0: 'OIBridge.PhysicalC4Discharge.tapeLedger_pIndivisible_four' depends on axioms: [propext, Classical.choice, Quot.sound]
2026-09-26T13:13:50.6273317Z info: OIBridge/PhysicalC4Discharge.lean:695:0: 'OIBridge.PhysicalC4Discharge.cutRealization_step' depends on axioms: [propext, Classical.choice, Quot.sound]
2026-09-26T13:13:50.6273864Z info: OIBridge/PhysicalC4Discharge.lean:696:0: 'OIBridge.PhysicalC4Discharge.cutRealization_rootedMap_isRowStochastic' depends on axioms: [propext,
2026-09-26T13:13:50.6273955Z  Classical.choice,
2026-09-26T13:13:50.6274040Z  Quot.sound]
2026-09-26T13:13:50.6274458Z info: OIBridge/PhysicalC4Discharge.lean:697:0: 'OIBridge.PhysicalC4Discharge.cutRealization_rootedMap_periodic' depends on axioms: [propext,
2026-09-26T13:13:50.6274554Z  Classical.choice,
2026-09-26T13:13:50.6274638Z  Quot.sound]
2026-09-26T13:13:50.6275115Z info: OIBridge/PhysicalC4Discharge.lean:698:0: 'OIBridge.PhysicalC4Discharge.latticeCutReadback_iff' depends on axioms: [propext, Classical.choice, Quot.sound]
2026-09-26T13:13:50.6275636Z info: OIBridge/PhysicalC4Discharge.lean:699:0: 'OIBridge.PhysicalC4Discharge.latticeCut_rootedMap_stochastic_periodic' depends on axioms: [propext,
2026-09-26T13:13:50.6275728Z  Classical.choice,
2026-09-26T13:13:50.6275815Z  Quot.sound]
2026-09-26T13:13:50.6276076Z ⚠ [3589/3600] Replayed OIBridge.PhysicalC4StorageReadback
2026-09-26T13:13:50.6276733Z warning: OIBridge/PhysicalC4StorageReadback.lean:81:0: automatically included section variable(s) unused in theorem `OIBridge.PhysicalC4StorageReadback.routedReadbackAtStorage_mono`:
2026-09-26T13:13:50.6276821Z   [Fintype V]
2026-09-26T13:13:50.6277175Z consider restructuring your `variable` declarations so that the variables are not in scope or explicitly omit them:
2026-09-26T13:13:50.6277287Z   omit [Fintype V] in theorem ...
2026-09-26T13:13:50.6277293Z 
2026-09-26T13:13:50.6277506Z Note: This linter can be disabled with `set_option linter.unusedSectionVars false`
2026-09-26T13:13:50.6278100Z warning: OIBridge/PhysicalC4StorageReadback.lean:91:0: automatically included section variable(s) unused in theorem `OIBridge.PhysicalC4StorageReadback.routedReadbackAtStorage_overlap`:
2026-09-26T13:13:50.6278188Z   [Fintype V]
2026-09-26T13:13:50.6278501Z consider restructuring your `variable` declarations so that the variables are not in scope or explicitly omit them:
2026-09-26T13:13:50.6278618Z   omit [Fintype V] in theorem ...
2026-09-26T13:13:50.6278623Z 
2026-09-26T13:13:50.6278840Z Note: This linter can be disabled with `set_option linter.unusedSectionVars false`
2026-09-26T13:13:50.6279370Z warning: OIBridge/PhysicalC4StorageReadback.lean:100:0: automatically included section variable(s) unused in theorem `OIBridge.PhysicalC4StorageReadback.storageWeight_sum`:
2026-09-26T13:13:50.6279460Z   [Fintype V]
2026-09-26T13:13:50.6279784Z consider restructuring your `variable` declarations so that the variables are not in scope or explicitly omit them:
2026-09-26T13:13:50.6279882Z   omit [Fintype V] in theorem ...
2026-09-26T13:13:50.6279887Z 
2026-09-26T13:13:50.6280101Z Note: This linter can be disabled with `set_option linter.unusedSectionVars false`
2026-09-26T13:13:50.6280682Z warning: OIBridge/PhysicalC4StorageReadback.lean:119:0: automatically included section variable(s) unused in theorem `OIBridge.PhysicalC4StorageReadback.storageWeight_eq_zero_of_root_ne`:
2026-09-26T13:13:50.6280766Z   [Fintype V]
2026-09-26T13:13:50.6281091Z consider restructuring your `variable` declarations so that the variables are not in scope or explicitly omit them:
2026-09-26T13:13:50.6281193Z   omit [Fintype V] in theorem ...
2026-09-26T13:13:50.6281198Z 
2026-09-26T13:13:50.6281406Z Note: This linter can be disabled with `set_option linter.unusedSectionVars false`
2026-09-26T13:13:50.6281986Z warning: OIBridge/PhysicalC4StorageReadback.lean:165:0: automatically included section variable(s) unused in theorem `OIBridge.PhysicalC4StorageReadback.rootedStatePosterior_marg_eq`:
2026-09-26T13:13:50.6282075Z   [Fintype V]
2026-09-26T13:13:50.6282385Z consider restructuring your `variable` declarations so that the variables are not in scope or explicitly omit them:
2026-09-26T13:13:50.6282487Z   omit [Fintype V] in theorem ...
2026-09-26T13:13:50.6282491Z 
2026-09-26T13:13:50.6282708Z Note: This linter can be disabled with `set_option linter.unusedSectionVars false`
2026-09-26T13:13:50.6283265Z info: OIBridge/PhysicalC4StorageReadback.lean:702:0: 'OIBridge.PhysicalC4StorageReadback.routedReadbackAtStorage_mono' depends on axioms: [propext,
2026-09-26T13:13:50.6283358Z  Classical.choice,
2026-09-26T13:13:50.6283438Z  Quot.sound]
2026-09-26T13:13:50.6283922Z info: OIBridge/PhysicalC4StorageReadback.lean:703:0: 'OIBridge.PhysicalC4StorageReadback.routedReadbackAtStorage_overlap' depends on axioms: [propext,
2026-09-26T13:13:50.6284015Z  Classical.choice,
2026-09-26T13:13:50.6284095Z  Quot.sound]
2026-09-26T13:13:50.6284618Z info: OIBridge/PhysicalC4StorageReadback.lean:704:0: 'OIBridge.PhysicalC4StorageReadback.storageWeight_sum' depends on axioms: [propext, Classical.choice, Quot.sound]
2026-09-26T13:13:50.6285094Z info: OIBridge/PhysicalC4StorageReadback.lean:705:0: 'OIBridge.PhysicalC4StorageReadback.storageWeight_eq_zero_of_root_ne' depends on axioms: [propext,
2026-09-26T13:13:50.6285186Z  Classical.choice,
2026-09-26T13:13:50.6285276Z  Quot.sound]
2026-09-26T13:13:50.6286162Z info: OIBridge/PhysicalC4StorageReadback.lean:706:0: 'OIBridge.PhysicalC4StorageReadback.rootedStatePosterior_ne' depends on axioms: [propext, Classical.choice, Quot.sound]
2026-09-26T13:13:50.6286630Z info: OIBridge/PhysicalC4StorageReadback.lean:707:0: 'OIBridge.PhysicalC4StorageReadback.rootedStatePosterior_marg_eq' depends on axioms: [propext,
2026-09-26T13:13:50.6286726Z  Classical.choice,
2026-09-26T13:13:50.6286822Z  Quot.sound]
2026-09-26T13:13:50.6287334Z info: OIBridge/PhysicalC4StorageReadback.lean:708:0: 'OIBridge.PhysicalC4StorageReadback.routedAtStorage_forces_return_indivisibility' depends on axioms: [propext,
2026-09-26T13:13:50.6287435Z  Classical.choice,
2026-09-26T13:13:50.6287528Z  Quot.sound]
2026-09-26T13:13:50.6288031Z info: OIBridge/PhysicalC4StorageReadback.lean:709:0: 'OIBridge.PhysicalC4StorageReadback.routedAtStorage_forces_indivisible_somewhere' depends on axioms: [propext,
2026-09-26T13:13:50.6288126Z  Classical.choice,
2026-09-26T13:13:50.6288214Z  Quot.sound]
2026-09-26T13:13:50.6288734Z info: OIBridge/PhysicalC4StorageReadback.lean:710:0: 'OIBridge.PhysicalC4StorageReadback.core_statePosterior_odd' depends on axioms: [propext, Classical.choice, Quot.sound]
2026-09-26T13:13:50.6289270Z info: OIBridge/PhysicalC4StorageReadback.lean:711:0: 'OIBridge.PhysicalC4StorageReadback.core_storage_contrast' depends on axioms: [propext, Classical.choice, Quot.sound]
2026-09-26T13:13:50.6289750Z info: OIBridge/PhysicalC4StorageReadback.lean:712:0: 'OIBridge.PhysicalC4StorageReadback.core_routedReadbackAtStorage_two' depends on axioms: [propext,
2026-09-26T13:13:50.6289837Z  Classical.choice,
2026-09-26T13:13:50.6289928Z  Quot.sound]
2026-09-26T13:13:50.6290411Z info: OIBridge/PhysicalC4StorageReadback.lean:713:0: 'OIBridge.PhysicalC4StorageReadback.product_not_routedReadbackAtStorage' depends on axioms: [propext,
2026-09-26T13:13:50.6290499Z  Classical.choice,
2026-09-26T13:13:50.6290585Z  Quot.sound]
2026-09-26T13:13:50.6291094Z info: OIBridge/PhysicalC4StorageReadback.lean:714:0: 'OIBridge.PhysicalC4StorageReadback.tapeLedger_not_routedReadbackAtStorage_three' depends on axioms: [propext,
2026-09-26T13:13:50.6291185Z  Classical.choice,
2026-09-26T13:13:50.6291270Z  Quot.sound]
2026-09-26T13:13:50.6291729Z info: OIBridge/PhysicalC4StorageReadback.lean:715:0: 'OIBridge.PhysicalC4StorageReadback.tapeLedger_statePosterior_one' depends on axioms: [propext,
2026-09-26T13:13:50.6291825Z  Classical.choice,
2026-09-26T13:13:50.6291910Z  Quot.sound]
2026-09-26T13:13:50.6292404Z info: OIBridge/PhysicalC4StorageReadback.lean:716:0: 'OIBridge.PhysicalC4StorageReadback.tapeLedger_routedReadbackAtStorage_four' depends on axioms: [propext,
2026-09-26T13:13:50.6292495Z  Classical.choice,
2026-09-26T13:13:50.6292578Z  Quot.sound]
2026-09-26T13:13:50.6293071Z info: OIBridge/PhysicalC4StorageReadback.lean:717:0: 'OIBridge.PhysicalC4StorageReadback.core_storageReadback_and_not_routedReadback' depends on axioms: [propext,
2026-09-26T13:13:50.6293281Z  Classical.choice,
2026-09-26T13:13:50.6293366Z  Quot.sound]
2026-09-26T13:13:50.6293870Z info: OIBridge/PhysicalC4StorageReadback.lean:718:0: 'OIBridge.PhysicalC4StorageReadback.storageReadback_not_implies_routedReadback' depends on axioms: [propext,
2026-09-26T13:13:50.6293959Z  Classical.choice,
2026-09-26T13:13:50.6294037Z  Quot.sound]
2026-09-26T13:13:50.6294556Z info: OIBridge/PhysicalC4StorageReadback.lean:719:0: 'OIBridge.PhysicalC4StorageReadback.sep_realization_exists' depends on axioms: [propext, Classical.choice, Quot.sound]
2026-09-26T13:13:50.6295047Z info: OIBridge/PhysicalC4StorageReadback.lean:720:0: 'OIBridge.PhysicalC4StorageReadback.sep_rootedMap' depends on axioms: [propext, Classical.choice, Quot.sound]
2026-09-26T13:13:50.6295630Z info: OIBridge/PhysicalC4StorageReadback.lean:721:0: 'OIBridge.PhysicalC4StorageReadback.sep_statePosterior' depends on axioms: [propext, Classical.choice, Quot.sound]
2026-09-26T13:13:50.6296126Z info: OIBridge/PhysicalC4StorageReadback.lean:722:0: 'OIBridge.PhysicalC4StorageReadback.sep_seedPosterior' depends on axioms: [propext, Classical.choice, Quot.sound]
2026-09-26T13:13:50.6296701Z info: OIBridge/PhysicalC4StorageReadback.lean:723:0: 'OIBridge.PhysicalC4StorageReadback.sep_read_collapse' depends on axioms: [propext, Classical.choice, Quot.sound]
2026-09-26T13:13:50.6297220Z info: OIBridge/PhysicalC4StorageReadback.lean:724:0: 'OIBridge.PhysicalC4StorageReadback.sep_routedReadback_two' depends on axioms: [propext, Classical.choice, Quot.sound]
2026-09-26T13:13:50.6297685Z info: OIBridge/PhysicalC4StorageReadback.lean:725:0: 'OIBridge.PhysicalC4StorageReadback.sep_not_routedReadbackAtStorage_two' depends on axioms: [propext,
2026-09-26T13:13:50.6297774Z  Classical.choice,
2026-09-26T13:13:50.6297864Z  Quot.sound]
2026-09-26T13:13:50.6298360Z info: OIBridge/PhysicalC4StorageReadback.lean:726:0: 'OIBridge.PhysicalC4StorageReadback.routedReadback_not_implies_storageReadback' depends on axioms: [propext,
2026-09-26T13:13:50.6298452Z  Classical.choice,
2026-09-26T13:13:50.6298545Z  Quot.sound]
2026-09-26T13:13:50.6298745Z ℹ [3590/3600] Replayed OIBridge.HydroClosureBridge
2026-09-26T13:13:50.6299206Z info: OIBridge/HydroClosureBridge.lean:549:0: 'OIBridge.HydroClosureBridge.hexFugacity_pos' depends on axioms: [propext, Classical.choice, Quot.sound]
2026-09-26T13:13:50.6299677Z info: OIBridge/HydroClosureBridge.lean:550:0: 'OIBridge.HydroClosureBridge.hexLocalWeight_zero' depends on axioms: [propext, Classical.choice, Quot.sound]
2026-09-26T13:13:50.6300159Z info: OIBridge/HydroClosureBridge.lean:551:0: 'OIBridge.HydroClosureBridge.hexLocalWeight_hexFugacity' depends on axioms: [propext, Classical.choice, Quot.sound]
2026-09-26T13:13:50.6300620Z info: OIBridge/HydroClosureBridge.lean:552:0: 'OIBridge.HydroClosureBridge.hexCollide_charges' depends on axioms: [propext, Classical.choice, Quot.sound]
2026-09-26T13:13:50.6301106Z info: OIBridge/HydroClosureBridge.lean:553:0: 'OIBridge.HydroClosureBridge.hexLocalWeight_hexCollide' depends on axioms: [propext, Classical.choice, Quot.sound]
2026-09-26T13:13:50.6301584Z info: OIBridge/HydroClosureBridge.lean:554:0: 'OIBridge.HydroClosureBridge.hexConfWeight_hexStream' depends on axioms: [propext, Classical.choice, Quot.sound]
2026-09-26T13:13:50.6302052Z info: OIBridge/HydroClosureBridge.lean:555:0: 'OIBridge.HydroClosureBridge.hexConfWeight_hexGas' depends on axioms: [propext, Classical.choice, Quot.sound]
2026-09-26T13:13:50.6302519Z info: OIBridge/HydroClosureBridge.lean:556:0: 'OIBridge.HydroClosureBridge.hexFamilyFlux_apply' depends on axioms: [propext, Classical.choice, Quot.sound]
2026-09-26T13:13:50.6302988Z info: OIBridge/HydroClosureBridge.lean:557:0: 'OIBridge.HydroClosureBridge.hexFamilyFlux_isotropic' depends on axioms: [propext, Classical.choice, Quot.sound]
2026-09-26T13:13:50.6303450Z info: OIBridge/HydroClosureBridge.lean:558:0: 'OIBridge.HydroClosureBridge.hexMeanCharge_apply' depends on axioms: [propext, Classical.choice, Quot.sound]
2026-09-26T13:13:50.6303911Z info: OIBridge/HydroClosureBridge.lean:559:0: 'OIBridge.HydroClosureBridge.hexSigma_strictMono' depends on axioms: [propext, Classical.choice, Quot.sound]
2026-09-26T13:13:50.6304438Z info: OIBridge/HydroClosureBridge.lean:560:0: 'OIBridge.HydroClosureBridge.hexSigma_mul_nonneg' depends on axioms: [propext, Classical.choice, Quot.sound]
2026-09-26T13:13:50.6304898Z info: OIBridge/HydroClosureBridge.lean:561:0: 'OIBridge.HydroClosureBridge.hexSigma_mul_eq_zero' depends on axioms: [propext, Classical.choice, Quot.sound]
2026-09-26T13:13:50.6305342Z info: OIBridge/HydroClosureBridge.lean:562:0: 'OIBridge.HydroClosureBridge.hexSpan_sum_zero' depends on axioms: [propext, Classical.choice, Quot.sound]
2026-09-26T13:13:50.6305992Z info: OIBridge/HydroClosureBridge.lean:563:0: 'OIBridge.HydroClosureBridge.hexMeanCharge_injective' depends on axioms: [propext, Classical.choice, Quot.sound]
2026-09-26T13:13:50.6306413Z info: OIBridge/HydroClosureBridge.lean:564:0: 'OIBridge.HydroClosureBridge.hexStream_clauses_and_six_invariants' depends on axioms: [propext,
2026-09-26T13:13:50.6306512Z  Classical.choice,
2026-09-26T13:13:50.6306593Z  Quot.sound]
2026-09-26T13:13:50.6307120Z info: OIBridge/HydroClosureBridge.lean:565:0: 'OIBridge.HydroClosureBridge.hexGas_single_zero' depends on axioms: [propext, Classical.choice, Quot.sound]
2026-09-26T13:13:50.6307574Z info: OIBridge/HydroClosureBridge.lean:566:0: 'OIBridge.HydroClosureBridge.hexConfWeight_site_dependent_not_invariant' depends on axioms: [propext,
2026-09-26T13:13:50.6307661Z  Classical.choice,
2026-09-26T13:13:50.6307754Z  Quot.sound]
2026-09-26T13:13:50.6308102Z ℹ [3591/3600] Replayed OIBridge.OrbitGeometrySelector
2026-09-26T13:13:50.6308589Z info: OIBridge/OrbitGeometrySelector.lean:1886:0: 'OIBridge.OrbitGeometrySelector.mixedTriple_gauge' depends on axioms: [propext, Classical.choice, Quot.sound]
2026-09-26T13:13:50.6309078Z info: OIBridge/OrbitGeometrySelector.lean:1887:0: 'OIBridge.OrbitGeometrySelector.mixedTriple_cross' depends on axioms: [propext, Classical.choice, Quot.sound]
2026-09-26T13:13:50.6309573Z info: OIBridge/OrbitGeometrySelector.lean:1888:0: 'OIBridge.OrbitGeometrySelector.mixedTriple_star' depends on axioms: [propext, Classical.choice, Quot.sound]
2026-09-26T13:13:50.6310040Z info: OIBridge/OrbitGeometrySelector.lean:1889:0: 'OIBridge.OrbitGeometrySelector.coord_le_dist' depends on axioms: [propext, Classical.choice, Quot.sound]
2026-09-26T13:13:50.6310484Z info: OIBridge/OrbitGeometrySelector.lean:1890:0: 'OIBridge.OrbitGeometrySelector.zseq_dist' depends on axioms: [propext, Classical.choice, Quot.sound]
2026-09-26T13:13:50.6310970Z info: OIBridge/OrbitGeometrySelector.lean:1891:0: 'OIBridge.OrbitGeometrySelector.hadamard_i_cross_all' depends on axioms: [propext, Classical.choice, Quot.sound]
2026-09-26T13:13:50.6311466Z info: OIBridge/OrbitGeometrySelector.lean:1892:0: 'OIBridge.OrbitGeometrySelector.hadamard_one_cross_all' depends on axioms: [propext, Classical.choice, Quot.sound]
2026-09-26T13:13:50.6311948Z info: OIBridge/OrbitGeometrySelector.lean:1893:0: 'OIBridge.OrbitGeometrySelector.fibreGram_z_cross02' depends on axioms: [propext, Classical.choice, Quot.sound]
2026-09-26T13:13:50.6312439Z info: OIBridge/OrbitGeometrySelector.lean:1894:0: 'OIBridge.OrbitGeometrySelector.norm_one_of_star_mul' depends on axioms: [propext, Classical.choice, Quot.sound]
2026-09-26T13:13:50.6312913Z info: OIBridge/OrbitGeometrySelector.lean:1895:0: 'OIBridge.OrbitGeometrySelector.entry_bound_aux' depends on axioms: [propext, Classical.choice, Quot.sound]
2026-09-26T13:13:50.6313388Z info: OIBridge/OrbitGeometrySelector.lean:1896:0: 'OIBridge.OrbitGeometrySelector.fourier_entry_norm' depends on axioms: [propext, Classical.choice, Quot.sound]
2026-09-26T13:13:50.6313877Z info: OIBridge/OrbitGeometrySelector.lean:1897:0: 'OIBridge.OrbitGeometrySelector.fourier_entry_diff' depends on axioms: [propext, Classical.choice, Quot.sound]
2026-09-26T13:13:50.6314362Z info: OIBridge/OrbitGeometrySelector.lean:1898:0: 'OIBridge.OrbitGeometrySelector.fourier_coord_diff' depends on axioms: [propext, Classical.choice, Quot.sound]
2026-09-26T13:13:50.6314914Z info: OIBridge/OrbitGeometrySelector.lean:1899:0: 'OIBridge.OrbitGeometrySelector.fourier_feature_norm' depends on axioms: [propext, Classical.choice, Quot.sound]
2026-09-26T13:13:50.6315394Z info: OIBridge/OrbitGeometrySelector.lean:1900:0: 'OIBridge.OrbitGeometrySelector.geo1_separation_star' depends on axioms: [propext, Classical.choice, Quot.sound]
2026-09-26T13:13:50.6315960Z info: OIBridge/OrbitGeometrySelector.lean:1901:0: 'OIBridge.OrbitGeometrySelector.realizable_entry_ne_zero' depends on axioms: [propext, Classical.choice, Quot.sound]
2026-09-26T13:13:50.6316450Z info: OIBridge/OrbitGeometrySelector.lean:1902:0: 'OIBridge.OrbitGeometrySelector.geo1_separation_single' depends on axioms: [propext, Classical.choice, Quot.sound]
2026-09-26T13:13:50.6316935Z info: OIBridge/OrbitGeometrySelector.lean:1903:0: 'OIBridge.OrbitGeometrySelector.geo1_separation_product' depends on axioms: [propext, Classical.choice, Quot.sound]
2026-09-26T13:13:50.6317405Z info: OIBridge/OrbitGeometrySelector.lean:1904:0: 'OIBridge.OrbitGeometrySelector.dist_eq_norm_toLp' depends on axioms: [propext, Classical.choice, Quot.sound]
2026-09-26T13:13:50.6317957Z info: OIBridge/OrbitGeometrySelector.lean:1905:0: 'OIBridge.OrbitGeometrySelector.geo1_metric_props' depends on axioms: [propext, Classical.choice, Quot.sound]
2026-09-26T13:13:50.6318434Z info: OIBridge/OrbitGeometrySelector.lean:1906:0: 'OIBridge.OrbitGeometrySelector.geo1_class_invariant' depends on axioms: [propext, Classical.choice, Quot.sound]
2026-09-26T13:13:50.6318911Z info: OIBridge/OrbitGeometrySelector.lean:1907:0: 'OIBridge.OrbitGeometrySelector.geo1_zero_of_equiv' depends on axioms: [propext, Classical.choice, Quot.sound]
2026-09-26T13:13:50.6319410Z info: OIBridge/OrbitGeometrySelector.lean:1908:0: 'OIBridge.OrbitGeometrySelector.features_eq_of_dist_zero' depends on axioms: [propext, Classical.choice, Quot.sound]
2026-09-26T13:13:50.6319894Z info: OIBridge/OrbitGeometrySelector.lean:1909:0: 'OIBridge.OrbitGeometrySelector.geo1_equiv_of_zero_single' depends on axioms: [propext, Classical.choice, Quot.sound]
2026-09-26T13:13:50.6320392Z info: OIBridge/OrbitGeometrySelector.lean:1910:0: 'OIBridge.OrbitGeometrySelector.geo1_equiv_of_zero_product' depends on axioms: [propext, Classical.choice, Quot.sound]
2026-09-26T13:13:50.6320866Z info: OIBridge/OrbitGeometrySelector.lean:1911:0: 'OIBridge.OrbitGeometrySelector.geo1_triple_metric' depends on axioms: [propext, Classical.choice, Quot.sound]
2026-09-26T13:13:50.6321357Z info: OIBridge/OrbitGeometrySelector.lean:1912:0: 'OIBridge.OrbitGeometrySelector.mixedTriple_continuous' depends on axioms: [propext, Classical.choice, Quot.sound]
2026-09-26T13:13:50.6321848Z info: OIBridge/OrbitGeometrySelector.lean:1913:0: 'OIBridge.OrbitGeometrySelector.mixedTriple_relabel' depends on axioms: [propext, Classical.choice, Quot.sound]
2026-09-26T13:13:50.6322334Z info: OIBridge/OrbitGeometrySelector.lean:1914:0: 'OIBridge.OrbitGeometrySelector.geo2_relabel_isometry' depends on axioms: [propext, Classical.choice, Quot.sound]
2026-09-26T13:13:50.6322826Z info: OIBridge/OrbitGeometrySelector.lean:1915:0: 'OIBridge.OrbitGeometrySelector.geo2_twoSided_trivial' depends on axioms: [propext, Classical.choice, Quot.sound]
2026-09-26T13:13:50.6323307Z info: OIBridge/OrbitGeometrySelector.lean:1916:0: 'OIBridge.OrbitGeometrySelector.mixedTriple_product' depends on axioms: [propext, Classical.choice, Quot.sound]
2026-09-26T13:13:50.6323788Z info: OIBridge/OrbitGeometrySelector.lean:1917:0: 'OIBridge.OrbitGeometrySelector.geo2_product_tensor' depends on axioms: [propext, Classical.choice, Quot.sound]
2026-09-26T13:13:50.6324252Z info: OIBridge/OrbitGeometrySelector.lean:1918:0: 'OIBridge.OrbitGeometrySelector.geo2_controls' depends on axioms: [propext, Classical.choice, Quot.sound]
2026-09-26T13:13:50.6324716Z info: OIBridge/OrbitGeometrySelector.lean:1919:0: 'OIBridge.OrbitGeometrySelector.fourier_dist_le' depends on axioms: [propext, Classical.choice, Quot.sound]
2026-09-26T13:13:50.6325212Z info: OIBridge/OrbitGeometrySelector.lean:1920:0: 'OIBridge.OrbitGeometrySelector.realizable_prod_of_adm' depends on axioms: [propext, Classical.choice, Quot.sound]
2026-09-26T13:13:50.6326173Z info: OIBridge/OrbitGeometrySelector.lean:1921:0: 'OIBridge.OrbitGeometrySelector.coord_cross_product' depends on axioms: [propext, Classical.choice, Quot.sound]
2026-09-26T13:13:50.6326669Z info: OIBridge/OrbitGeometrySelector.lean:1922:0: 'OIBridge.OrbitGeometrySelector.one_le_norm_I_sub_one' depends on axioms: [propext, Classical.choice, Quot.sound]
2026-09-26T13:13:50.6327147Z info: OIBridge/OrbitGeometrySelector.lean:1923:0: 'OIBridge.OrbitGeometrySelector.geo3_phiI_isometry' depends on axioms: [propext, Classical.choice, Quot.sound]
2026-09-26T13:13:50.6327622Z info: OIBridge/OrbitGeometrySelector.lean:1924:0: 'OIBridge.OrbitGeometrySelector.geo3_phiP_isometry' depends on axioms: [propext, Classical.choice, Quot.sound]
2026-09-26T13:13:50.6328110Z info: OIBridge/OrbitGeometrySelector.lean:1925:0: 'OIBridge.OrbitGeometrySelector.geo3_phiC_not_isometry' depends on axioms: [propext, Classical.choice, Quot.sound]
2026-09-26T13:13:50.6328669Z info: OIBridge/OrbitGeometrySelector.lean:1926:0: 'OIBridge.OrbitGeometrySelector.geo3_phiT_isometry' depends on axioms: [propext, Classical.choice, Quot.sound]
2026-09-26T13:13:50.6329148Z info: OIBridge/OrbitGeometrySelector.lean:1927:0: 'OIBridge.OrbitGeometrySelector.geo3_phiPP_isometry' depends on axioms: [propext, Classical.choice, Quot.sound]
2026-09-26T13:13:50.6329633Z info: OIBridge/OrbitGeometrySelector.lean:1928:0: 'OIBridge.OrbitGeometrySelector.geo3_phiSwap_isometry' depends on axioms: [propext, Classical.choice, Quot.sound]
2026-09-26T13:13:50.6330108Z info: OIBridge/OrbitGeometrySelector.lean:1929:0: 'OIBridge.OrbitGeometrySelector.geo3_phiConj_isometry' depends on axioms: [propext, Classical.choice, Quot.sound]
2026-09-26T13:13:50.6330603Z info: OIBridge/OrbitGeometrySelector.lean:1930:0: 'OIBridge.OrbitGeometrySelector.geo3_phiPC_not_isometry' depends on axioms: [propext, Classical.choice, Quot.sound]
2026-09-26T13:13:50.6331105Z info: OIBridge/OrbitGeometrySelector.lean:1931:0: 'OIBridge.OrbitGeometrySelector.geo3_phiMD_not_isometry' depends on axioms: [propext, Classical.choice, Quot.sound]
2026-09-26T13:13:50.6331593Z info: OIBridge/OrbitGeometrySelector.lean:1932:0: 'OIBridge.OrbitGeometrySelector.geo3_phiCTRL_not_isometry' depends on axioms: [propext, Classical.choice, Quot.sound]
2026-09-26T13:13:50.6332081Z info: OIBridge/OrbitGeometrySelector.lean:1933:0: 'OIBridge.OrbitGeometrySelector.geo3_phiSC_not_isometry' depends on axioms: [propext, Classical.choice, Quot.sound]
2026-09-26T13:13:50.6332569Z info: OIBridge/OrbitGeometrySelector.lean:1934:0: 'OIBridge.OrbitGeometrySelector.geo3_phiHS_not_isometry' depends on axioms: [propext, Classical.choice, Quot.sound]
2026-09-26T13:13:50.6333037Z info: OIBridge/OrbitGeometrySelector.lean:1935:0: 'OIBridge.OrbitGeometrySelector.conj_eq_transpose' depends on axioms: [propext, Classical.choice, Quot.sound]
2026-09-26T13:13:50.6333514Z info: OIBridge/OrbitGeometrySelector.lean:1936:0: 'OIBridge.OrbitGeometrySelector.realizable_conj' depends on axioms: [propext, Classical.choice, Quot.sound]
2026-09-26T13:13:50.6333970Z info: OIBridge/OrbitGeometrySelector.lean:1937:0: 'OIBridge.OrbitGeometrySelector.conj_conj' depends on axioms: [propext, Classical.choice, Quot.sound]
2026-09-26T13:13:50.6334450Z info: OIBridge/OrbitGeometrySelector.lean:1938:0: 'OIBridge.OrbitGeometrySelector.conj_gramPhaseEquiv' depends on axioms: [propext, Classical.choice, Quot.sound]
2026-09-26T13:13:50.6334897Z info: OIBridge/OrbitGeometrySelector.lean:1939:0: 'OIBridge.OrbitGeometrySelector.conj_cross' depends on axioms: [propext, Classical.choice, Quot.sound]
2026-09-26T13:13:50.6335393Z info: OIBridge/OrbitGeometrySelector.lean:1940:0: 'OIBridge.OrbitGeometrySelector.relabel_product_cross' depends on axioms: [propext, Classical.choice, Quot.sound]
2026-09-26T13:13:50.6335940Z info: OIBridge/OrbitGeometrySelector.lean:1941:0: 'OIBridge.OrbitGeometrySelector.conj_fibreGram_one' depends on axioms: [propext, Classical.choice, Quot.sound]
2026-09-26T13:13:50.6336497Z info: OIBridge/OrbitGeometrySelector.lean:1942:0: 'OIBridge.OrbitGeometrySelector.conj_fibreGram_negOne' depends on axioms: [propext, Classical.choice, Quot.sound]
2026-09-26T13:13:50.6336957Z info: OIBridge/OrbitGeometrySelector.lean:1943:0: 'OIBridge.OrbitGeometrySelector.conj_product' depends on axioms: [propext, Classical.choice, Quot.sound]
2026-09-26T13:13:50.6337459Z info: OIBridge/OrbitGeometrySelector.lean:1944:0: 'OIBridge.OrbitGeometrySelector.geo4_a0_isometry_injective' depends on axioms: [propext, Classical.choice, Quot.sound]
2026-09-26T13:13:50.6337943Z info: OIBridge/OrbitGeometrySelector.lean:1945:0: 'OIBridge.OrbitGeometrySelector.geo4_a1_l5_not_implies_geo' depends on axioms: [propext, Classical.choice, Quot.sound]
2026-09-26T13:13:50.6338439Z info: OIBridge/OrbitGeometrySelector.lean:1946:0: 'OIBridge.OrbitGeometrySelector.geo4_a3_geo_not_implies_l5' depends on axioms: [propext, Classical.choice, Quot.sound]
2026-09-26T13:13:50.6338995Z info: OIBridge/OrbitGeometrySelector.lean:1947:0: 'OIBridge.OrbitGeometrySelector.geo4_b0_not_relabel_rigid' depends on axioms: [propext, Classical.choice, Quot.sound]
2026-09-26T13:13:50.6339239Z ⚠ [3592/3600] Replayed OIBridge.OrbitGeometryIsometries
2026-09-26T13:13:50.6339548Z warning: OIBridge/OrbitGeometryIsometries.lean:1178:5: Variable name `hw` is not explicitly referenced.
2026-09-26T13:13:50.6339556Z 
2026-09-26T13:13:50.6339951Z Hint: The binding can be removed (if unused) or named `_` (if used implicitly). Alternatively, prefix the name with `_` to silence this warning:
2026-09-26T13:13:50.6340037Z   [apply] _hw
2026-09-26T13:13:50.6340050Z 
2026-09-26T13:13:50.6340259Z Note: This linter can be disabled with `set_option linter.unusedVariables false`
2026-09-26T13:13:50.6340780Z info: OIBridge/OrbitGeometryIsometries.lean:1226:0: 'OIBridge.OrbitGeometryIsometries.mixedTriple_relabel2' depends on axioms: [propext, Classical.choice, Quot.sound]
2026-09-26T13:13:50.6341293Z info: OIBridge/OrbitGeometryIsometries.lean:1227:0: 'OIBridge.OrbitGeometryIsometries.fibreGram_unique' depends on axioms: [propext, Classical.choice, Quot.sound]
2026-09-26T13:13:50.6341805Z info: OIBridge/OrbitGeometryIsometries.lean:1228:0: 'OIBridge.OrbitGeometryIsometries.mixedTriple_transpose' depends on axioms: [propext, Classical.choice, Quot.sound]
2026-09-26T13:13:50.6342280Z info: OIBridge/OrbitGeometryIsometries.lean:1229:0: 'OIBridge.OrbitGeometryIsometries.rows_phase' depends on axioms: [propext, Classical.choice, Quot.sound]
2026-09-26T13:13:50.6342791Z info: OIBridge/OrbitGeometryIsometries.lean:1230:0: 'OIBridge.OrbitGeometryIsometries.transpose_admissible' depends on axioms: [propext, Classical.choice, Quot.sound]
2026-09-26T13:13:50.6343268Z info: OIBridge/OrbitGeometryIsometries.lean:1231:0: 'OIBridge.OrbitGeometryIsometries.antipodal' depends on axioms: [propext, Classical.choice, Quot.sound]
2026-09-26T13:13:50.6343735Z info: OIBridge/OrbitGeometryIsometries.lean:1232:0: 'OIBridge.OrbitGeometryIsometries.dephase' depends on axioms: [propext, Classical.choice, Quot.sound]
2026-09-26T13:13:50.6344255Z info: OIBridge/OrbitGeometryIsometries.lean:1233:0: 'OIBridge.OrbitGeometryIsometries.fourier_entry_monomial' depends on axioms: [propext, Classical.choice, Quot.sound]
2026-09-26T13:13:50.6344755Z info: OIBridge/OrbitGeometryIsometries.lean:1234:0: 'OIBridge.OrbitGeometryIsometries.relabel2_realizable' depends on axioms: [propext, Classical.choice, Quot.sound]
2026-09-26T13:13:50.6345277Z info: OIBridge/OrbitGeometryIsometries.lean:1235:0: 'OIBridge.OrbitGeometryIsometries.relabel2_gramPhaseEquiv' depends on axioms: [propext, Classical.choice, Quot.sound]
2026-09-26T13:13:50.6345939Z info: OIBridge/OrbitGeometryIsometries.lean:1236:0: 'OIBridge.OrbitGeometryIsometries.relabel2_isometry' depends on axioms: [propext, Classical.choice, Quot.sound]
2026-09-26T13:13:50.6346420Z info: OIBridge/OrbitGeometryIsometries.lean:1237:0: 'OIBridge.OrbitGeometryIsometries.conj_isometry' depends on axioms: [propext, Classical.choice, Quot.sound]
2026-09-26T13:13:50.6347035Z info: OIBridge/OrbitGeometryIsometries.lean:1238:0: 'OIBridge.OrbitGeometryIsometries.transpose_single_valued' depends on axioms: [propext, Classical.choice, Quot.sound]
2026-09-26T13:13:50.6347533Z info: OIBridge/OrbitGeometryIsometries.lean:1239:0: 'OIBridge.OrbitGeometryIsometries.transpose_unitary' depends on axioms: [propext, Classical.choice, Quot.sound]
2026-09-26T13:13:50.6348038Z info: OIBridge/OrbitGeometryIsometries.lean:1240:0: 'OIBridge.OrbitGeometryIsometries.transpose_descends' depends on axioms: [propext, Classical.choice, Quot.sound]
2026-09-26T13:13:50.6348532Z info: OIBridge/OrbitGeometryIsometries.lean:1241:0: 'OIBridge.OrbitGeometryIsometries.transpose_isometry' depends on axioms: [propext, Classical.choice, Quot.sound]
2026-09-26T13:13:50.6349032Z info: OIBridge/OrbitGeometryIsometries.lean:1242:0: 'OIBridge.OrbitGeometryIsometries.relabel2_dilation' depends on axioms: [propext, Classical.choice, Quot.sound]
2026-09-26T13:13:50.6349582Z info: OIBridge/OrbitGeometryIsometries.lean:1243:0: 'OIBridge.OrbitGeometryIsometries.conj_dilation' depends on axioms: [propext, Classical.choice, Quot.sound]
2026-09-26T13:13:50.6350063Z info: OIBridge/OrbitGeometryIsometries.lean:1244:0: 'OIBridge.OrbitGeometryIsometries.conj_relabel2' depends on axioms: [propext, Classical.choice, Quot.sound]
2026-09-26T13:13:50.6350573Z info: OIBridge/OrbitGeometryIsometries.lean:1245:0: 'OIBridge.OrbitGeometryIsometries.relabel2_relabel2' depends on axioms: [propext, Classical.choice, Quot.sound]
2026-09-26T13:13:50.6351075Z info: OIBridge/OrbitGeometryIsometries.lean:1246:0: 'OIBridge.OrbitGeometryIsometries.iso1_word_normal_form' depends on axioms: [propext, Classical.choice, Quot.sound]
2026-09-26T13:13:50.6351556Z info: OIBridge/OrbitGeometryIsometries.lean:1247:0: 'OIBridge.OrbitGeometryIsometries.iso1_family_acts' depends on axioms: [propext, Classical.choice, Quot.sound]
2026-09-26T13:13:50.6352053Z info: OIBridge/OrbitGeometryIsometries.lean:1248:0: 'OIBridge.OrbitGeometryIsometries.iso1_single_carrier' depends on axioms: [propext, Classical.choice, Quot.sound]
2026-09-26T13:13:50.6352558Z info: OIBridge/OrbitGeometryIsometries.lean:1249:0: 'OIBridge.OrbitGeometryIsometries.iso1_product_carrier' depends on axioms: [propext, Classical.choice, Quot.sound]
2026-09-26T13:13:50.6353025Z info: OIBridge/OrbitGeometryIsometries.lean:1250:0: 'OIBridge.OrbitGeometryIsometries.row_forms' depends on axioms: [propext, Classical.choice, Quot.sound]
2026-09-26T13:13:50.6353493Z info: OIBridge/OrbitGeometryIsometries.lean:1251:0: 'OIBridge.OrbitGeometryIsometries.core_row_norm' depends on axioms: [propext, Classical.choice, Quot.sound]
2026-09-26T13:13:50.6353972Z info: OIBridge/OrbitGeometryIsometries.lean:1252:0: 'OIBridge.OrbitGeometryIsometries.perm_of_rows' depends on axioms: [propext, Classical.choice, Quot.sound]
2026-09-26T13:13:50.6354462Z info: OIBridge/OrbitGeometryIsometries.lean:1253:0: 'OIBridge.OrbitGeometryIsometries.rows_injective' depends on axioms: [propext, Classical.choice, Quot.sound]
2026-09-26T13:13:50.6354936Z info: OIBridge/OrbitGeometryIsometries.lean:1254:0: 'OIBridge.OrbitGeometryIsometries.core_nonreal' depends on axioms: [propext, Classical.choice, Quot.sound]
2026-09-26T13:13:50.6355398Z info: OIBridge/OrbitGeometryIsometries.lean:1255:0: 'OIBridge.OrbitGeometryIsometries.core_real' depends on axioms: [propext, Classical.choice, Quot.sound]
2026-09-26T13:13:50.6355969Z info: OIBridge/OrbitGeometryIsometries.lean:1256:0: 'OIBridge.OrbitGeometryIsometries.classify_dephased' depends on axioms: [propext, Classical.choice, Quot.sound]
2026-09-26T13:13:50.6356454Z info: OIBridge/OrbitGeometryIsometries.lean:1257:0: 'OIBridge.OrbitGeometryIsometries.iso2_classes_single' depends on axioms: [propext, Classical.choice, Quot.sound]
2026-09-26T13:13:50.6356954Z info: OIBridge/OrbitGeometryIsometries.lean:1258:0: 'OIBridge.OrbitGeometryIsometries.fourier_entry_uniform' depends on axioms: [propext, Classical.choice, Quot.sound]
2026-09-26T13:13:50.6357536Z info: OIBridge/OrbitGeometryIsometries.lean:1259:0: 'OIBridge.OrbitGeometryIsometries.fourier_coord_uniform' depends on axioms: [propext, Classical.choice, Quot.sound]
2026-09-26T13:13:50.6358035Z info: OIBridge/OrbitGeometryIsometries.lean:1260:0: 'OIBridge.OrbitGeometryIsometries.fourier_coord_diff_norm' depends on axioms: [propext, Classical.choice, Quot.sound]
2026-09-26T13:13:50.6358540Z info: OIBridge/OrbitGeometryIsometries.lean:1261:0: 'OIBridge.OrbitGeometryIsometries.fourier_circle_metric' depends on axioms: [propext, Classical.choice, Quot.sound]
2026-09-26T13:13:50.6358746Z ℹ [3593/3600] Replayed OIBridge.OrbitGeometryRigidity
2026-09-26T13:13:50.6359219Z info: OIBridge/OrbitGeometryRigidity.lean:2329:0: 'OIBridge.OrbitGeometryRigidity.featureVec_ofLp' depends on axioms: [propext, Classical.choice, Quot.sound]
2026-09-26T13:13:50.6359690Z info: OIBridge/OrbitGeometryRigidity.lean:2330:0: 'OIBridge.OrbitGeometryRigidity.dist_featureVec' depends on axioms: [propext, Classical.choice, Quot.sound]
2026-09-26T13:13:50.6360234Z info: OIBridge/OrbitGeometryRigidity.lean:2331:0: 'OIBridge.OrbitGeometryRigidity.featureVec_gauge' depends on axioms: [propext, Classical.choice, Quot.sound]
2026-09-26T13:13:50.6360679Z info: OIBridge/OrbitGeometryRigidity.lean:2332:0: 'OIBridge.OrbitGeometryRigidity.gramPhaseEquiv_of_featureVec_eq' depends on axioms: [propext,
2026-09-26T13:13:50.6360768Z  Classical.choice,
2026-09-26T13:13:50.6360859Z  Quot.sound]
2026-09-26T13:13:50.6361376Z info: OIBridge/OrbitGeometryRigidity.lean:2333:0: 'OIBridge.OrbitGeometryRigidity.featureVec_mem_normalizedSet' depends on axioms: [propext, Classical.choice, Quot.sound]
2026-09-26T13:13:50.6361820Z info: OIBridge/OrbitGeometryRigidity.lean:2334:0: 'OIBridge.OrbitGeometryRigidity.relabelled_fourier_mem_normalizedSet' depends on axioms: [propext,
2026-09-26T13:13:50.6361916Z  Classical.choice,
2026-09-26T13:13:50.6361997Z  Quot.sound]
2026-09-26T13:13:50.6362499Z info: OIBridge/OrbitGeometryRigidity.lean:2335:0: 'OIBridge.OrbitGeometryRigidity.normalizedSet_eq_iUnion' depends on axioms: [propext, Classical.choice, Quot.sound]
2026-09-26T13:13:50.6362990Z info: OIBridge/OrbitGeometryRigidity.lean:2336:0: 'OIBridge.OrbitGeometryRigidity.featureVec_image_eq' depends on axioms: [propext, Classical.choice, Quot.sound]
2026-09-26T13:13:50.6363485Z info: OIBridge/OrbitGeometryRigidity.lean:2337:0: 'OIBridge.OrbitGeometryRigidity.bridge_of_tuple_isometry' depends on axioms: [propext, Classical.choice, Quot.sound]
2026-09-26T13:13:50.6363971Z info: OIBridge/OrbitGeometryRigidity.lean:2338:0: 'OIBridge.OrbitGeometryRigidity.tuple_isometry_of_bridge' depends on axioms: [propext, Classical.choice, Quot.sound]
2026-09-26T13:13:50.6364449Z info: OIBridge/OrbitGeometryRigidity.lean:2339:0: 'OIBridge.OrbitGeometryRigidity.inner_sub_eq_of_dist_eq' depends on axioms: [propext, Classical.choice, Quot.sound]
2026-09-26T13:13:50.6364908Z info: OIBridge/OrbitGeometryRigidity.lean:2340:0: 'OIBridge.OrbitGeometryRigidity.exists_linearIsometryEquiv_of_inner_eq' depends on axioms: [propext,
2026-09-26T13:13:50.6364997Z  Classical.choice,
2026-09-26T13:13:50.6365085Z  Quot.sound]
2026-09-26T13:13:50.6365542Z info: OIBridge/OrbitGeometryRigidity.lean:2341:0: 'OIBridge.OrbitGeometryRigidity.exists_affineIsometryEquiv_of_dist_eq' depends on axioms: [propext,
2026-09-26T13:13:50.6365777Z  Classical.choice,
2026-09-26T13:13:50.6365900Z  Quot.sound]
2026-09-26T13:13:50.6366401Z info: OIBridge/OrbitGeometryRigidity.lean:2342:0: 'OIBridge.OrbitGeometryRigidity.eqOn_affineSpan_of_agree' depends on axioms: [propext, Classical.choice, Quot.sound]
2026-09-26T13:13:50.6366886Z info: OIBridge/OrbitGeometryRigidity.lean:2343:0: 'OIBridge.OrbitGeometryRigidity.exists_affineIsometryEquiv_of_isSurjIsometryOn' depends on axioms: [propext,
2026-09-26T13:13:50.6366977Z  Classical.choice,
2026-09-26T13:13:50.6367060Z  Quot.sound]
2026-09-26T13:13:50.6367543Z info: OIBridge/OrbitGeometryRigidity.lean:2344:0: 'OIBridge.OrbitGeometryRigidity.a26_0_affine_extension' depends on axioms: [propext, Classical.choice, Quot.sound]
2026-09-26T13:13:50.6368092Z info: OIBridge/OrbitGeometryRigidity.lean:2345:0: 'OIBridge.OrbitGeometryRigidity.fourier_coord_002' depends on axioms: [propext, Classical.choice, Quot.sound]
2026-09-26T13:13:50.6368579Z info: OIBridge/OrbitGeometryRigidity.lean:2346:0: 'OIBridge.OrbitGeometryRigidity.relabelled_coord_002' depends on axioms: [propext, Classical.choice, Quot.sound]
2026-09-26T13:13:50.6369047Z info: OIBridge/OrbitGeometryRigidity.lean:2347:0: 'OIBridge.OrbitGeometryRigidity.a26_1_circle_census' depends on axioms: [propext, Classical.choice, Quot.sound]
2026-09-26T13:13:50.6369539Z info: OIBridge/OrbitGeometryRigidity.lean:2348:0: 'OIBridge.OrbitGeometryRigidity.circle_coincide_trans' depends on axioms: [propext, Classical.choice, Quot.sound]
2026-09-26T13:13:50.6370005Z info: OIBridge/OrbitGeometryRigidity.lean:2349:0: 'OIBridge.OrbitGeometryRigidity.stab_row_swap13' depends on axioms: [propext, Classical.choice, Quot.sound]
2026-09-26T13:13:50.6370470Z info: OIBridge/OrbitGeometryRigidity.lean:2350:0: 'OIBridge.OrbitGeometryRigidity.stab_col_swap13' depends on axioms: [propext, Classical.choice, Quot.sound]
2026-09-26T13:13:50.6371023Z info: OIBridge/OrbitGeometryRigidity.lean:2351:0: 'OIBridge.OrbitGeometryRigidity.stab_row_double' depends on axioms: [propext, Classical.choice, Quot.sound]
2026-09-26T13:13:50.6371490Z info: OIBridge/OrbitGeometryRigidity.lean:2352:0: 'OIBridge.OrbitGeometryRigidity.stab_col_double' depends on axioms: [propext, Classical.choice, Quot.sound]
2026-09-26T13:13:50.6371941Z info: OIBridge/OrbitGeometryRigidity.lean:2353:0: 'OIBridge.OrbitGeometryRigidity.perm_decomp' depends on axioms: [propext, Classical.choice, Quot.sound]
2026-09-26T13:13:50.6372401Z info: OIBridge/OrbitGeometryRigidity.lean:2354:0: 'OIBridge.OrbitGeometryRigidity.core_const_0' depends on axioms: [propext, Classical.choice, Quot.sound]
2026-09-26T13:13:50.6372860Z info: OIBridge/OrbitGeometryRigidity.lean:2355:0: 'OIBridge.OrbitGeometryRigidity.core_const_1' depends on axioms: [propext, Classical.choice, Quot.sound]
2026-09-26T13:13:50.6373310Z info: OIBridge/OrbitGeometryRigidity.lean:2356:0: 'OIBridge.OrbitGeometryRigidity.core_const_2' depends on axioms: [propext, Classical.choice, Quot.sound]
2026-09-26T13:13:50.6373954Z info: OIBridge/OrbitGeometryRigidity.lean:2357:0: 'OIBridge.OrbitGeometryRigidity.core_const_3' depends on axioms: [propext, Classical.choice, Quot.sound]
2026-09-26T13:13:50.6374412Z info: OIBridge/OrbitGeometryRigidity.lean:2358:0: 'OIBridge.OrbitGeometryRigidity.core_const_4' depends on axioms: [propext, Classical.choice, Quot.sound]
2026-09-26T13:13:50.6374856Z info: OIBridge/OrbitGeometryRigidity.lean:2359:0: 'OIBridge.OrbitGeometryRigidity.core_const_5' depends on axioms: [propext, Classical.choice, Quot.sound]
2026-09-26T13:13:50.6375306Z info: OIBridge/OrbitGeometryRigidity.lean:2360:0: 'OIBridge.OrbitGeometryRigidity.core_const_6' depends on axioms: [propext, Classical.choice, Quot.sound]
2026-09-26T13:13:50.6375842Z info: OIBridge/OrbitGeometryRigidity.lean:2361:0: 'OIBridge.OrbitGeometryRigidity.core_const_7' depends on axioms: [propext, Classical.choice, Quot.sound]
2026-09-26T13:13:50.6376304Z info: OIBridge/OrbitGeometryRigidity.lean:2362:0: 'OIBridge.OrbitGeometryRigidity.core_const_8' depends on axioms: [propext, Classical.choice, Quot.sound]
2026-09-26T13:13:50.6376756Z info: OIBridge/OrbitGeometryRigidity.lean:2363:0: 'OIBridge.OrbitGeometryRigidity.core_const_9' depends on axioms: [propext, Classical.choice, Quot.sound]
2026-09-26T13:13:50.6377240Z info: OIBridge/OrbitGeometryRigidity.lean:2364:0: 'OIBridge.OrbitGeometryRigidity.core_const_10' depends on axioms: [propext, Classical.choice, Quot.sound]
2026-09-26T13:13:50.6377702Z info: OIBridge/OrbitGeometryRigidity.lean:2365:0: 'OIBridge.OrbitGeometryRigidity.core_const_11' depends on axioms: [propext, Classical.choice, Quot.sound]
2026-09-26T13:13:50.6378148Z info: OIBridge/OrbitGeometryRigidity.lean:2366:0: 'OIBridge.OrbitGeometryRigidity.core_const_12' depends on axioms: [propext, Classical.choice, Quot.sound]
2026-09-26T13:13:50.6378716Z info: OIBridge/OrbitGeometryRigidity.lean:2367:0: 'OIBridge.OrbitGeometryRigidity.core_const_13' depends on axioms: [propext, Classical.choice, Quot.sound]
2026-09-26T13:13:50.6379170Z info: OIBridge/OrbitGeometryRigidity.lean:2368:0: 'OIBridge.OrbitGeometryRigidity.core_const_14' depends on axioms: [propext, Classical.choice, Quot.sound]
2026-09-26T13:13:50.6379616Z info: OIBridge/OrbitGeometryRigidity.lean:2369:0: 'OIBridge.OrbitGeometryRigidity.core_const_15' depends on axioms: [propext, Classical.choice, Quot.sound]
2026-09-26T13:13:50.6380068Z info: OIBridge/OrbitGeometryRigidity.lean:2370:0: 'OIBridge.OrbitGeometryRigidity.core_const_16' depends on axioms: [propext, Classical.choice, Quot.sound]
2026-09-26T13:13:50.6380523Z info: OIBridge/OrbitGeometryRigidity.lean:2371:0: 'OIBridge.OrbitGeometryRigidity.core_const_17' depends on axioms: [propext, Classical.choice, Quot.sound]
2026-09-26T13:13:50.6380967Z info: OIBridge/OrbitGeometryRigidity.lean:2372:0: 'OIBridge.OrbitGeometryRigidity.core_const_18' depends on axioms: [propext, Classical.choice, Quot.sound]
2026-09-26T13:13:50.6381484Z info: OIBridge/OrbitGeometryRigidity.lean:2373:0: 'OIBridge.OrbitGeometryRigidity.core_val_0' depends on axioms: [propext, Classical.choice, Quot.sound]
2026-09-26T13:13:50.6381932Z info: OIBridge/OrbitGeometryRigidity.lean:2374:0: 'OIBridge.OrbitGeometryRigidity.core_val_1' depends on axioms: [propext, Classical.choice, Quot.sound]
2026-09-26T13:13:50.6382381Z info: OIBridge/OrbitGeometryRigidity.lean:2375:0: 'OIBridge.OrbitGeometryRigidity.core_val_2' depends on axioms: [propext, Classical.choice, Quot.sound]
2026-09-26T13:13:50.6382822Z info: OIBridge/OrbitGeometryRigidity.lean:2376:0: 'OIBridge.OrbitGeometryRigidity.core_val_3' depends on axioms: [propext, Classical.choice, Quot.sound]
2026-09-26T13:13:50.6383269Z info: OIBridge/OrbitGeometryRigidity.lean:2377:0: 'OIBridge.OrbitGeometryRigidity.core_val_4' depends on axioms: [propext, Classical.choice, Quot.sound]
2026-09-26T13:13:50.6383717Z info: OIBridge/OrbitGeometryRigidity.lean:2378:0: 'OIBridge.OrbitGeometryRigidity.core_val_5' depends on axioms: [propext, Classical.choice, Quot.sound]
2026-09-26T13:13:50.6384156Z info: OIBridge/OrbitGeometryRigidity.lean:2379:0: 'OIBridge.OrbitGeometryRigidity.core_val_6' depends on axioms: [propext, Classical.choice, Quot.sound]
2026-09-26T13:13:50.6384601Z info: OIBridge/OrbitGeometryRigidity.lean:2380:0: 'OIBridge.OrbitGeometryRigidity.core_val_7' depends on axioms: [propext, Classical.choice, Quot.sound]
2026-09-26T13:13:50.6385048Z info: OIBridge/OrbitGeometryRigidity.lean:2381:0: 'OIBridge.OrbitGeometryRigidity.core_val_8' depends on axioms: [propext, Classical.choice, Quot.sound]
2026-09-26T13:13:50.6385484Z info: OIBridge/OrbitGeometryRigidity.lean:2382:0: 'OIBridge.OrbitGeometryRigidity.core_val_9' depends on axioms: [propext, Classical.choice, Quot.sound]
2026-09-26T13:13:50.6386104Z info: OIBridge/OrbitGeometryRigidity.lean:2383:0: 'OIBridge.OrbitGeometryRigidity.core_val_10' depends on axioms: [propext, Classical.choice, Quot.sound]
2026-09-26T13:13:50.6386566Z info: OIBridge/OrbitGeometryRigidity.lean:2384:0: 'OIBridge.OrbitGeometryRigidity.core_val_11' depends on axioms: [propext, Classical.choice, Quot.sound]
2026-09-26T13:13:50.6387014Z info: OIBridge/OrbitGeometryRigidity.lean:2385:0: 'OIBridge.OrbitGeometryRigidity.core_val_12' depends on axioms: [propext, Classical.choice, Quot.sound]
2026-09-26T13:13:50.6387471Z info: OIBridge/OrbitGeometryRigidity.lean:2386:0: 'OIBridge.OrbitGeometryRigidity.core_val_13' depends on axioms: [propext, Classical.choice, Quot.sound]
2026-09-26T13:13:50.6387927Z info: OIBridge/OrbitGeometryRigidity.lean:2387:0: 'OIBridge.OrbitGeometryRigidity.core_val_14' depends on axioms: [propext, Classical.choice, Quot.sound]
2026-09-26T13:13:50.6388380Z info: OIBridge/OrbitGeometryRigidity.lean:2388:0: 'OIBridge.OrbitGeometryRigidity.core_val_15' depends on axioms: [propext, Classical.choice, Quot.sound]
2026-09-26T13:13:50.6388895Z info: OIBridge/OrbitGeometryRigidity.lean:2389:0: 'OIBridge.OrbitGeometryRigidity.core_val_16' depends on axioms: [propext, Classical.choice, Quot.sound]
2026-09-26T13:13:50.6389347Z info: OIBridge/OrbitGeometryRigidity.lean:2390:0: 'OIBridge.OrbitGeometryRigidity.core_val_17' depends on axioms: [propext, Classical.choice, Quot.sound]
2026-09-26T13:13:50.6389799Z info: OIBridge/OrbitGeometryRigidity.lean:2391:0: 'OIBridge.OrbitGeometryRigidity.core_val_18' depends on axioms: [propext, Classical.choice, Quot.sound]
2026-09-26T13:13:50.6390241Z info: OIBridge/OrbitGeometryRigidity.lean:2392:0: 'OIBridge.OrbitGeometryRigidity.core_val_19' depends on axioms: [propext, Classical.choice, Quot.sound]
2026-09-26T13:13:50.6390692Z info: OIBridge/OrbitGeometryRigidity.lean:2393:0: 'OIBridge.OrbitGeometryRigidity.core_val_20' depends on axioms: [propext, Classical.choice, Quot.sound]
2026-09-26T13:13:50.6391134Z info: OIBridge/OrbitGeometryRigidity.lean:2394:0: 'OIBridge.OrbitGeometryRigidity.core_val_21' depends on axioms: [propext, Classical.choice, Quot.sound]
2026-09-26T13:13:50.6391648Z info: OIBridge/OrbitGeometryRigidity.lean:2395:0: 'OIBridge.OrbitGeometryRigidity.core_val_22' depends on axioms: [propext, Classical.choice, Quot.sound]
2026-09-26T13:13:50.6392096Z info: OIBridge/OrbitGeometryRigidity.lean:2396:0: 'OIBridge.OrbitGeometryRigidity.core_val_23' depends on axioms: [propext, Classical.choice, Quot.sound]
2026-09-26T13:13:50.6392539Z info: OIBridge/OrbitGeometryRigidity.lean:2397:0: 'OIBridge.OrbitGeometryRigidity.core_val_24' depends on axioms: [propext, Classical.choice, Quot.sound]
2026-09-26T13:13:50.6392977Z info: OIBridge/OrbitGeometryRigidity.lean:2398:0: 'OIBridge.OrbitGeometryRigidity.core_val_25' depends on axioms: [propext, Classical.choice, Quot.sound]
2026-09-26T13:13:50.6393425Z info: OIBridge/OrbitGeometryRigidity.lean:2399:0: 'OIBridge.OrbitGeometryRigidity.core_val_26' depends on axioms: [propext, Classical.choice, Quot.sound]
2026-09-26T13:13:50.6393873Z info: OIBridge/OrbitGeometryRigidity.lean:2400:0: 'OIBridge.OrbitGeometryRigidity.core_val_27' depends on axioms: [propext, Classical.choice, Quot.sound]
2026-09-26T13:13:50.6394319Z info: OIBridge/OrbitGeometryRigidity.lean:2401:0: 'OIBridge.OrbitGeometryRigidity.core_val_28' depends on axioms: [propext, Classical.choice, Quot.sound]
2026-09-26T13:13:50.6394759Z info: OIBridge/OrbitGeometryRigidity.lean:2402:0: 'OIBridge.OrbitGeometryRigidity.core_val_29' depends on axioms: [propext, Classical.choice, Quot.sound]
2026-09-26T13:13:50.6395203Z info: OIBridge/OrbitGeometryRigidity.lean:2403:0: 'OIBridge.OrbitGeometryRigidity.core_val_30' depends on axioms: [propext, Classical.choice, Quot.sound]
2026-09-26T13:13:50.6395712Z info: OIBridge/OrbitGeometryRigidity.lean:2404:0: 'OIBridge.OrbitGeometryRigidity.core_val_31' depends on axioms: [propext, Classical.choice, Quot.sound]
2026-09-26T13:13:50.6396132Z info: OIBridge/OrbitGeometryRigidity.lean:2405:0: 'OIBridge.OrbitGeometryRigidity.nc_0' depends on axioms: [propext, Classical.choice, Quot.sound]
2026-09-26T13:13:50.6396571Z info: OIBridge/OrbitGeometryRigidity.lean:2406:0: 'OIBridge.OrbitGeometryRigidity.nc_1' depends on axioms: [propext, Classical.choice, Quot.sound]
2026-09-26T13:13:50.6396998Z info: OIBridge/OrbitGeometryRigidity.lean:2407:0: 'OIBridge.OrbitGeometryRigidity.nc_2' depends on axioms: [propext, Classical.choice, Quot.sound]
2026-09-26T13:13:50.6397414Z info: OIBridge/OrbitGeometryRigidity.lean:2408:0: 'OIBridge.OrbitGeometryRigidity.nc_3' depends on axioms: [propext, Classical.choice, Quot.sound]
2026-09-26T13:13:50.6397839Z info: OIBridge/OrbitGeometryRigidity.lean:2409:0: 'OIBridge.OrbitGeometryRigidity.nc_4' depends on axioms: [propext, Classical.choice, Quot.sound]
2026-09-26T13:13:50.6398263Z info: OIBridge/OrbitGeometryRigidity.lean:2410:0: 'OIBridge.OrbitGeometryRigidity.nc_5' depends on axioms: [propext, Classical.choice, Quot.sound]
2026-09-26T13:13:50.6398682Z info: OIBridge/OrbitGeometryRigidity.lean:2411:0: 'OIBridge.OrbitGeometryRigidity.nc_6' depends on axioms: [propext, Classical.choice, Quot.sound]
2026-09-26T13:13:50.6399175Z info: OIBridge/OrbitGeometryRigidity.lean:2412:0: 'OIBridge.OrbitGeometryRigidity.nc_7' depends on axioms: [propext, Classical.choice, Quot.sound]
2026-09-26T13:13:50.6399599Z info: OIBridge/OrbitGeometryRigidity.lean:2413:0: 'OIBridge.OrbitGeometryRigidity.nc_8' depends on axioms: [propext, Classical.choice, Quot.sound]
2026-09-26T13:13:50.6400016Z info: OIBridge/OrbitGeometryRigidity.lean:2414:0: 'OIBridge.OrbitGeometryRigidity.nc_9' depends on axioms: [propext, Classical.choice, Quot.sound]
2026-09-26T13:13:50.6400448Z info: OIBridge/OrbitGeometryRigidity.lean:2415:0: 'OIBridge.OrbitGeometryRigidity.nc_10' depends on axioms: [propext, Classical.choice, Quot.sound]
2026-09-26T13:13:50.6400876Z info: OIBridge/OrbitGeometryRigidity.lean:2416:0: 'OIBridge.OrbitGeometryRigidity.nc_11' depends on axioms: [propext, Classical.choice, Quot.sound]
2026-09-26T13:13:50.6401294Z info: OIBridge/OrbitGeometryRigidity.lean:2417:0: 'OIBridge.OrbitGeometryRigidity.nc_12' depends on axioms: [propext, Classical.choice, Quot.sound]
2026-09-26T13:13:50.6401788Z info: OIBridge/OrbitGeometryRigidity.lean:2418:0: 'OIBridge.OrbitGeometryRigidity.nc_13' depends on axioms: [propext, Classical.choice, Quot.sound]
2026-09-26T13:13:50.6402219Z info: OIBridge/OrbitGeometryRigidity.lean:2419:0: 'OIBridge.OrbitGeometryRigidity.nc_14' depends on axioms: [propext, Classical.choice, Quot.sound]
2026-09-26T13:13:50.6402642Z info: OIBridge/OrbitGeometryRigidity.lean:2420:0: 'OIBridge.OrbitGeometryRigidity.nc_15' depends on axioms: [propext, Classical.choice, Quot.sound]
2026-09-26T13:13:50.6403063Z info: OIBridge/OrbitGeometryRigidity.lean:2421:0: 'OIBridge.OrbitGeometryRigidity.nc_16' depends on axioms: [propext, Classical.choice, Quot.sound]
2026-09-26T13:13:50.6403492Z info: OIBridge/OrbitGeometryRigidity.lean:2422:0: 'OIBridge.OrbitGeometryRigidity.nc_17' depends on axioms: [propext, Classical.choice, Quot.sound]
2026-09-26T13:13:50.6403920Z info: OIBridge/OrbitGeometryRigidity.lean:2423:0: 'OIBridge.OrbitGeometryRigidity.nc_18' depends on axioms: [propext, Classical.choice, Quot.sound]
2026-09-26T13:13:50.6404344Z info: OIBridge/OrbitGeometryRigidity.lean:2424:0: 'OIBridge.OrbitGeometryRigidity.nc_19' depends on axioms: [propext, Classical.choice, Quot.sound]
2026-09-26T13:13:50.6404777Z info: OIBridge/OrbitGeometryRigidity.lean:2425:0: 'OIBridge.OrbitGeometryRigidity.nc_20' depends on axioms: [propext, Classical.choice, Quot.sound]
2026-09-26T13:13:50.6405207Z info: OIBridge/OrbitGeometryRigidity.lean:2426:0: 'OIBridge.OrbitGeometryRigidity.nc_21' depends on axioms: [propext, Classical.choice, Quot.sound]
2026-09-26T13:13:50.6405778Z info: OIBridge/OrbitGeometryRigidity.lean:2427:0: 'OIBridge.OrbitGeometryRigidity.nc_22' depends on axioms: [propext, Classical.choice, Quot.sound]
2026-09-26T13:13:50.6406271Z info: OIBridge/OrbitGeometryRigidity.lean:2428:0: 'OIBridge.OrbitGeometryRigidity.nc_23' depends on axioms: [propext, Classical.choice, Quot.sound]
2026-09-26T13:13:50.6406704Z info: OIBridge/OrbitGeometryRigidity.lean:2429:0: 'OIBridge.OrbitGeometryRigidity.nc_24' depends on axioms: [propext, Classical.choice, Quot.sound]
2026-09-26T13:13:50.6407127Z info: OIBridge/OrbitGeometryRigidity.lean:2430:0: 'OIBridge.OrbitGeometryRigidity.nc_25' depends on axioms: [propext, Classical.choice, Quot.sound]
2026-09-26T13:13:50.6407555Z info: OIBridge/OrbitGeometryRigidity.lean:2431:0: 'OIBridge.OrbitGeometryRigidity.nc_26' depends on axioms: [propext, Classical.choice, Quot.sound]
2026-09-26T13:13:50.6407985Z info: OIBridge/OrbitGeometryRigidity.lean:2432:0: 'OIBridge.OrbitGeometryRigidity.nc_27' depends on axioms: [propext, Classical.choice, Quot.sound]
2026-09-26T13:13:50.6408405Z info: OIBridge/OrbitGeometryRigidity.lean:2433:0: 'OIBridge.OrbitGeometryRigidity.nc_28' depends on axioms: [propext, Classical.choice, Quot.sound]
2026-09-26T13:13:50.6408833Z info: OIBridge/OrbitGeometryRigidity.lean:2434:0: 'OIBridge.OrbitGeometryRigidity.nc_29' depends on axioms: [propext, Classical.choice, Quot.sound]
2026-09-26T13:13:50.6409350Z info: OIBridge/OrbitGeometryRigidity.lean:2435:0: 'OIBridge.OrbitGeometryRigidity.nc_30' depends on axioms: [propext, Classical.choice, Quot.sound]
2026-09-26T13:13:50.6409781Z info: OIBridge/OrbitGeometryRigidity.lean:2436:0: 'OIBridge.OrbitGeometryRigidity.nc_31' depends on axioms: [propext, Classical.choice, Quot.sound]
2026-09-26T13:13:50.6410204Z info: OIBridge/OrbitGeometryRigidity.lean:2437:0: 'OIBridge.OrbitGeometryRigidity.nc_32' depends on axioms: [propext, Classical.choice, Quot.sound]
2026-09-26T13:13:50.6410639Z info: OIBridge/OrbitGeometryRigidity.lean:2438:0: 'OIBridge.OrbitGeometryRigidity.nc_33' depends on axioms: [propext, Classical.choice, Quot.sound]
2026-09-26T13:13:50.6411070Z info: OIBridge/OrbitGeometryRigidity.lean:2439:0: 'OIBridge.OrbitGeometryRigidity.nc_34' depends on axioms: [propext, Classical.choice, Quot.sound]
2026-09-26T13:13:50.6411493Z info: OIBridge/OrbitGeometryRigidity.lean:2440:0: 'OIBridge.OrbitGeometryRigidity.nc_35' depends on axioms: [propext, Classical.choice, Quot.sound]
2026-09-26T13:13:50.6411989Z info: OIBridge/OrbitGeometryRigidity.lean:2441:0: 'OIBridge.OrbitGeometryRigidity.nc_36' depends on axioms: [propext, Classical.choice, Quot.sound]
2026-09-26T13:13:50.6412420Z info: OIBridge/OrbitGeometryRigidity.lean:2442:0: 'OIBridge.OrbitGeometryRigidity.nc_37' depends on axioms: [propext, Classical.choice, Quot.sound]
2026-09-26T13:13:50.6412841Z info: OIBridge/OrbitGeometryRigidity.lean:2443:0: 'OIBridge.OrbitGeometryRigidity.nc_38' depends on axioms: [propext, Classical.choice, Quot.sound]
2026-09-26T13:13:50.6413265Z info: OIBridge/OrbitGeometryRigidity.lean:2444:0: 'OIBridge.OrbitGeometryRigidity.nc_39' depends on axioms: [propext, Classical.choice, Quot.sound]
2026-09-26T13:13:50.6413690Z info: OIBridge/OrbitGeometryRigidity.lean:2445:0: 'OIBridge.OrbitGeometryRigidity.nc_40' depends on axioms: [propext, Classical.choice, Quot.sound]
2026-09-26T13:13:50.6414109Z info: OIBridge/OrbitGeometryRigidity.lean:2446:0: 'OIBridge.OrbitGeometryRigidity.nc_41' depends on axioms: [propext, Classical.choice, Quot.sound]
2026-09-26T13:13:50.6414539Z info: OIBridge/OrbitGeometryRigidity.lean:2447:0: 'OIBridge.OrbitGeometryRigidity.nc_42' depends on axioms: [propext, Classical.choice, Quot.sound]
2026-09-26T13:13:50.6414966Z info: OIBridge/OrbitGeometryRigidity.lean:2448:0: 'OIBridge.OrbitGeometryRigidity.nc_43' depends on axioms: [propext, Classical.choice, Quot.sound]
2026-09-26T13:13:50.6415387Z info: OIBridge/OrbitGeometryRigidity.lean:2449:0: 'OIBridge.OrbitGeometryRigidity.nc_44' depends on axioms: [propext, Classical.choice, Quot.sound]
2026-09-26T13:13:50.6415889Z info: OIBridge/OrbitGeometryRigidity.lean:2450:0: 'OIBridge.OrbitGeometryRigidity.nc_45' depends on axioms: [propext, Classical.choice, Quot.sound]
2026-09-26T13:13:50.6416316Z info: OIBridge/OrbitGeometryRigidity.lean:2451:0: 'OIBridge.OrbitGeometryRigidity.nc_46' depends on axioms: [propext, Classical.choice, Quot.sound]
2026-09-26T13:13:50.6416746Z info: OIBridge/OrbitGeometryRigidity.lean:2452:0: 'OIBridge.OrbitGeometryRigidity.nc_47' depends on axioms: [propext, Classical.choice, Quot.sound]
2026-09-26T13:13:50.6417171Z info: OIBridge/OrbitGeometryRigidity.lean:2453:0: 'OIBridge.OrbitGeometryRigidity.nc_48' depends on axioms: [propext, Classical.choice, Quot.sound]
2026-09-26T13:13:50.6417595Z info: OIBridge/OrbitGeometryRigidity.lean:2454:0: 'OIBridge.OrbitGeometryRigidity.nc_49' depends on axioms: [propext, Classical.choice, Quot.sound]
2026-09-26T13:13:50.6418023Z info: OIBridge/OrbitGeometryRigidity.lean:2455:0: 'OIBridge.OrbitGeometryRigidity.nc_50' depends on axioms: [propext, Classical.choice, Quot.sound]
2026-09-26T13:13:50.6418446Z info: OIBridge/OrbitGeometryRigidity.lean:2456:0: 'OIBridge.OrbitGeometryRigidity.nc_51' depends on axioms: [propext, Classical.choice, Quot.sound]
2026-09-26T13:13:50.6418874Z info: OIBridge/OrbitGeometryRigidity.lean:2457:0: 'OIBridge.OrbitGeometryRigidity.nc_52' depends on axioms: [propext, Classical.choice, Quot.sound]
2026-09-26T13:13:50.6419372Z info: OIBridge/OrbitGeometryRigidity.lean:2458:0: 'OIBridge.OrbitGeometryRigidity.nc_53' depends on axioms: [propext, Classical.choice, Quot.sound]
2026-09-26T13:13:50.6419793Z info: OIBridge/OrbitGeometryRigidity.lean:2459:0: 'OIBridge.OrbitGeometryRigidity.nc_54' depends on axioms: [propext, Classical.choice, Quot.sound]
2026-09-26T13:13:50.6420227Z info: OIBridge/OrbitGeometryRigidity.lean:2460:0: 'OIBridge.OrbitGeometryRigidity.nc_55' depends on axioms: [propext, Classical.choice, Quot.sound]
2026-09-26T13:13:50.6420654Z info: OIBridge/OrbitGeometryRigidity.lean:2461:0: 'OIBridge.OrbitGeometryRigidity.nc_56' depends on axioms: [propext, Classical.choice, Quot.sound]
2026-09-26T13:13:50.6421075Z info: OIBridge/OrbitGeometryRigidity.lean:2462:0: 'OIBridge.OrbitGeometryRigidity.nc_57' depends on axioms: [propext, Classical.choice, Quot.sound]
2026-09-26T13:13:50.6421502Z info: OIBridge/OrbitGeometryRigidity.lean:2463:0: 'OIBridge.OrbitGeometryRigidity.nc_58' depends on axioms: [propext, Classical.choice, Quot.sound]
2026-09-26T13:13:50.6421995Z info: OIBridge/OrbitGeometryRigidity.lean:2464:0: 'OIBridge.OrbitGeometryRigidity.nc_59' depends on axioms: [propext, Classical.choice, Quot.sound]
2026-09-26T13:13:50.6422414Z info: OIBridge/OrbitGeometryRigidity.lean:2465:0: 'OIBridge.OrbitGeometryRigidity.nc_60' depends on axioms: [propext, Classical.choice, Quot.sound]
2026-09-26T13:13:50.6422840Z info: OIBridge/OrbitGeometryRigidity.lean:2466:0: 'OIBridge.OrbitGeometryRigidity.nc_61' depends on axioms: [propext, Classical.choice, Quot.sound]
2026-09-26T13:13:50.6423268Z info: OIBridge/OrbitGeometryRigidity.lean:2467:0: 'OIBridge.OrbitGeometryRigidity.nc_62' depends on axioms: [propext, Classical.choice, Quot.sound]
2026-09-26T13:13:50.6423698Z info: OIBridge/OrbitGeometryRigidity.lean:2468:0: 'OIBridge.OrbitGeometryRigidity.nc_63' depends on axioms: [propext, Classical.choice, Quot.sound]
2026-09-26T13:13:50.6424118Z info: OIBridge/OrbitGeometryRigidity.lean:2469:0: 'OIBridge.OrbitGeometryRigidity.nc_64' depends on axioms: [propext, Classical.choice, Quot.sound]
2026-09-26T13:13:50.6424551Z info: OIBridge/OrbitGeometryRigidity.lean:2470:0: 'OIBridge.OrbitGeometryRigidity.nc_65' depends on axioms: [propext, Classical.choice, Quot.sound]
2026-09-26T13:13:50.6424979Z info: OIBridge/OrbitGeometryRigidity.lean:2471:0: 'OIBridge.OrbitGeometryRigidity.nc_66' depends on axioms: [propext, Classical.choice, Quot.sound]
2026-09-26T13:13:50.6425400Z info: OIBridge/OrbitGeometryRigidity.lean:2472:0: 'OIBridge.OrbitGeometryRigidity.nc_67' depends on axioms: [propext, Classical.choice, Quot.sound]
2026-09-26T13:13:50.6426005Z info: OIBridge/OrbitGeometryRigidity.lean:2473:0: 'OIBridge.OrbitGeometryRigidity.nc_68' depends on axioms: [propext, Classical.choice, Quot.sound]
2026-09-26T13:13:50.6426434Z info: OIBridge/OrbitGeometryRigidity.lean:2474:0: 'OIBridge.OrbitGeometryRigidity.nc_69' depends on axioms: [propext, Classical.choice, Quot.sound]
2026-09-26T13:13:50.6426853Z info: OIBridge/OrbitGeometryRigidity.lean:2475:0: 'OIBridge.OrbitGeometryRigidity.nc_70' depends on axioms: [propext, Classical.choice, Quot.sound]
2026-09-26T13:13:50.6427288Z info: OIBridge/OrbitGeometryRigidity.lean:2476:0: 'OIBridge.OrbitGeometryRigidity.nc_71' depends on axioms: [propext, Classical.choice, Quot.sound]
2026-09-26T13:13:50.6427760Z info: OIBridge/OrbitGeometryRigidity.lean:2477:0: 'OIBridge.OrbitGeometryRigidity.pred_row_swap13' depends on axioms: [propext, Classical.choice, Quot.sound]
2026-09-26T13:13:50.6428225Z info: OIBridge/OrbitGeometryRigidity.lean:2478:0: 'OIBridge.OrbitGeometryRigidity.pred_col_swap13' depends on axioms: [propext, Classical.choice, Quot.sound]
2026-09-26T13:13:50.6428693Z info: OIBridge/OrbitGeometryRigidity.lean:2479:0: 'OIBridge.OrbitGeometryRigidity.pred_row_double' depends on axioms: [propext, Classical.choice, Quot.sound]
2026-09-26T13:13:50.6429158Z info: OIBridge/OrbitGeometryRigidity.lean:2480:0: 'OIBridge.OrbitGeometryRigidity.pred_col_double' depends on axioms: [propext, Classical.choice, Quot.sound]
2026-09-26T13:13:50.6429673Z info: OIBridge/OrbitGeometryRigidity.lean:2481:0: 'OIBridge.OrbitGeometryRigidity.pred_one' depends on axioms: [propext, Classical.choice, Quot.sound]
2026-09-26T13:13:50.6430126Z info: OIBridge/OrbitGeometryRigidity.lean:2482:0: 'OIBridge.OrbitGeometryRigidity.pred_row' depends on axioms: [propext, Classical.choice, Quot.sound]
2026-09-26T13:13:50.6430571Z info: OIBridge/OrbitGeometryRigidity.lean:2483:0: 'OIBridge.OrbitGeometryRigidity.pred_col' depends on axioms: [propext, Classical.choice, Quot.sound]
2026-09-26T13:13:50.6431024Z info: OIBridge/OrbitGeometryRigidity.lean:2484:0: 'OIBridge.OrbitGeometryRigidity.pred_stab' depends on axioms: [propext, Classical.choice, Quot.sound]
2026-09-26T13:13:50.6431494Z info: OIBridge/OrbitGeometryRigidity.lean:2485:0: 'OIBridge.OrbitGeometryRigidity.a26_1_circle_count' depends on axioms: [propext, Classical.choice, Quot.sound]
2026-09-26T13:13:50.6431924Z info: OIBridge/OrbitGeometryRigidity.lean:2486:0: 'OIBridge.OrbitGeometryRigidity.rigid_motion_of_tuple_isometry' depends on axioms: [propext,
2026-09-26T13:13:50.6432018Z  Classical.choice,
2026-09-26T13:13:50.6432101Z  Quot.sound]
2026-09-26T13:13:50.6432375Z ℹ [3594/3600] Replayed OIBridge.StrictNaturalLift
2026-09-26T13:13:50.6432841Z info: OIBridge/StrictNaturalLift.lean:293:0: 'OIBridge.StrictNaturalLift.a27_shared_fibreGram_entry' depends on axioms: [propext, Classical.choice, Quot.sound]
2026-09-26T13:13:50.6433295Z info: OIBridge/StrictNaturalLift.lean:294:0: 'OIBridge.StrictNaturalLift.a27_shared_weak_diagonal' depends on axioms: [propext, Classical.choice, Quot.sound]
2026-09-26T13:13:50.6433735Z info: OIBridge/StrictNaturalLift.lean:295:0: 'OIBridge.StrictNaturalLift.a27_shared_weak_one' depends on axioms: [propext, Classical.choice, Quot.sound]
2026-09-26T13:13:50.6434189Z info: OIBridge/StrictNaturalLift.lean:296:0: 'OIBridge.StrictNaturalLift.a27_shared_left_diagonal' depends on axioms: [propext, Classical.choice, Quot.sound]
2026-09-26T13:13:50.6434629Z info: OIBridge/StrictNaturalLift.lean:297:0: 'OIBridge.StrictNaturalLift.a27_shared_weak_shape' depends on axioms: [propext, Classical.choice, Quot.sound]
2026-09-26T13:13:50.6435091Z info: OIBridge/StrictNaturalLift.lean:298:0: 'OIBridge.StrictNaturalLift.a27_shared_left_shape' depends on axioms: [propext, Classical.choice, Quot.sound]
2026-09-26T13:13:50.6435532Z info: OIBridge/StrictNaturalLift.lean:299:0: 'OIBridge.StrictNaturalLift.a27_shared_left_mul' depends on axioms: [propext, Classical.choice, Quot.sound]
2026-09-26T13:13:50.6436037Z info: OIBridge/StrictNaturalLift.lean:300:0: 'OIBridge.StrictNaturalLift.a27_shared_left_star' depends on axioms: [propext, Classical.choice, Quot.sound]
2026-09-26T13:13:50.6436474Z info: OIBridge/StrictNaturalLift.lean:301:0: 'OIBridge.StrictNaturalLift.a27_shared_weak_star' depends on axioms: [propext, Classical.choice, Quot.sound]
2026-09-26T13:13:50.6436953Z info: OIBridge/StrictNaturalLift.lean:302:0: 'OIBridge.StrictNaturalLift.a27_shared_left_admissible_iff' depends on axioms: [propext, Classical.choice, Quot.sound]
2026-09-26T13:13:50.6437431Z info: OIBridge/StrictNaturalLift.lean:303:0: 'OIBridge.StrictNaturalLift.a27_shared_right_admissible_iff' depends on axioms: [propext, Classical.choice, Quot.sound]
2026-09-26T13:13:50.6437899Z info: OIBridge/StrictNaturalLift.lean:304:0: 'OIBridge.StrictNaturalLift.a27_shared_admissible_shape' depends on axioms: [propext, Classical.choice, Quot.sound]
2026-09-26T13:13:50.6438300Z info: OIBridge/StrictNaturalLift.lean:305:0: 'OIBridge.StrictNaturalLift.a27_shared_admissible_entry_ne_zero' depends on axioms: [propext,
2026-09-26T13:13:50.6438386Z  Classical.choice,
2026-09-26T13:13:50.6438475Z  Quot.sound]
2026-09-26T13:13:50.6438917Z info: OIBridge/StrictNaturalLift.lean:306:0: 'OIBridge.StrictNaturalLift.a27_shared_same_gram' depends on axioms: [propext, Classical.choice, Quot.sound]
2026-09-26T13:13:50.6439380Z info: OIBridge/StrictNaturalLift.lean:307:0: 'OIBridge.StrictNaturalLift.a27_shared_realizable_of_equiv' depends on axioms: [propext, Classical.choice, Quot.sound]
2026-09-26T13:13:50.6439922Z info: OIBridge/StrictNaturalLift.lean:308:0: 'OIBridge.StrictNaturalLift.a27_shared_phase_coeff_eq' depends on axioms: [propext, Classical.choice, Quot.sound]
2026-09-26T13:13:50.6440378Z info: OIBridge/StrictNaturalLift.lean:309:0: 'OIBridge.StrictNaturalLift.a27_shared_transport_eq' depends on axioms: [propext, Classical.choice, Quot.sound]
2026-09-26T13:13:50.6440817Z info: OIBridge/StrictNaturalLift.lean:310:0: 'OIBridge.StrictNaturalLift.a27_shared_torsor' depends on axioms: [propext, Classical.choice, Quot.sound]
2026-09-26T13:13:50.6441254Z info: OIBridge/StrictNaturalLift.lean:470:0: 'OIBridge.StrictNaturalLift.a27_0_strict_lift' depends on axioms: [propext, Classical.choice, Quot.sound]
2026-09-26T13:13:50.6441689Z info: OIBridge/StrictNaturalLift.lean:624:0: 'OIBridge.StrictNaturalLift.a27_h_relabel_lift' depends on axioms: [propext, Classical.choice, Quot.sound]
2026-09-26T13:13:50.6442119Z info: OIBridge/StrictNaturalLift.lean:625:0: 'OIBridge.StrictNaturalLift.a27_h_conj_lift' depends on axioms: [propext, Classical.choice, Quot.sound]
2026-09-26T13:13:50.6442623Z info: OIBridge/StrictNaturalLift.lean:626:0: 'OIBridge.StrictNaturalLift.a27_h_transpose_class' depends on axioms: [propext, Classical.choice, Quot.sound]
2026-09-26T13:13:50.6443066Z info: OIBridge/StrictNaturalLift.lean:627:0: 'OIBridge.StrictNaturalLift.a27_h_transpose_lift' depends on axioms: [propext, Classical.choice, Quot.sound]
2026-09-26T13:13:50.6443519Z info: OIBridge/StrictNaturalLift.lean:628:0: 'OIBridge.StrictNaturalLift.a27_h_transpose_conj_lift' depends on axioms: [propext, Classical.choice, Quot.sound]
2026-09-26T13:13:50.6443977Z info: OIBridge/StrictNaturalLift.lean:671:0: 'OIBridge.StrictNaturalLift.a27_t_relabel_no_strict_lift' depends on axioms: [propext, Classical.choice, Quot.sound]
2026-09-26T13:13:50.6444429Z info: OIBridge/StrictNaturalLift.lean:943:0: 'OIBridge.StrictNaturalLift.a27_1_reversible_lift' depends on axioms: [propext, Classical.choice, Quot.sound]
2026-09-26T13:13:50.6444619Z ℹ [3596/3600] Replayed OIBridge.ProductAdmission
2026-09-26T13:13:50.6445085Z info: OIBridge/ProductAdmission.lean:327:0: 'OIBridge.ProductAdmission.a29_shared_product_separated' depends on axioms: [propext, Classical.choice, Quot.sound]
2026-09-26T13:13:50.6445688Z info: OIBridge/ProductAdmission.lean:328:0: 'OIBridge.ProductAdmission.a29_shared_not_trajEquiv_of_index' depends on axioms: [propext, Classical.choice, Quot.sound]
2026-09-26T13:13:50.6446296Z info: OIBridge/ProductAdmission.lean:329:0: 'OIBridge.ProductAdmission.a29_shared_separated_solutions' depends on axioms: [propext, Classical.choice, Quot.sound]
2026-09-26T13:13:50.6446715Z info: OIBridge/ProductAdmission.lean:330:0: 'OIBridge.ProductAdmission.a29_shared_splice' depends on axioms: [propext, Classical.choice, Quot.sound]
2026-09-26T13:13:50.6447126Z info: OIBridge/ProductAdmission.lean:331:0: 'OIBridge.ProductAdmission.a29_p_hold' depends on axioms: [propext, Classical.choice, Quot.sound]
2026-09-26T13:13:50.6447575Z info: OIBridge/ProductAdmission.lean:332:0: 'OIBridge.ProductAdmission.a29_n_relabel_instance' depends on axioms: [propext, Classical.choice, Quot.sound]
2026-09-26T13:13:50.6447762Z ⚠ [3597/3600] Replayed OIBridge.ProductStrictLift
2026-09-26T13:13:50.6447990Z warning: OIBridge/ProductStrictLift.lean:271:6: This simp argument is unused:
2026-09-26T13:13:50.6448139Z   mul_inv_cancel₀ hn
2026-09-26T13:13:50.6448145Z 
2026-09-26T13:13:50.6448258Z Hint: Omit it from the simp argument list.
2026-09-26T13:13:50.6448603Z   [apply] simp only [Matrix.smul_mul, Matrix.mul_smul, smul_smul, inv_mul_cancel₀ hn, one_smul]
2026-09-26T13:13:50.6448610Z 
2026-09-26T13:13:50.6448826Z Note: This linter can be disabled with `set_option linter.unusedSimpArgs false`
2026-09-26T13:13:50.6449038Z warning: OIBridge/ProductStrictLift.lean:287:4: This simp argument is unused:
2026-09-26T13:13:50.6449158Z   mul_inv_cancel₀ hn
2026-09-26T13:13:50.6449163Z 
2026-09-26T13:13:50.6449282Z Hint: Omit it from the simp argument list.
2026-09-26T13:13:50.6449696Z   [apply] simp only [Matrix.smul_mul, Matrix.mul_smul, smul_smul, inv_mul_cancel₀ hn, one_smul]
2026-09-26T13:13:50.6449701Z 
2026-09-26T13:13:50.6449921Z Note: This linter can be disabled with `set_option linter.unusedSimpArgs false`
2026-09-26T13:13:50.6450379Z info: OIBridge/ProductStrictLift.lean:427:0: 'OIBridge.ProductStrictLift.a30_shared_sum_single' depends on axioms: [propext, Classical.choice, Quot.sound]
2026-09-26T13:13:50.6450833Z info: OIBridge/ProductStrictLift.lean:428:0: 'OIBridge.ProductStrictLift.a30_shared_star_mul_self' depends on axioms: [propext, Classical.choice, Quot.sound]
2026-09-26T13:13:50.6451301Z info: OIBridge/ProductStrictLift.lean:429:0: 'OIBridge.ProductStrictLift.a30_shared_fibreGram_entry' depends on axioms: [propext, Classical.choice, Quot.sound]
2026-09-26T13:13:50.6451757Z info: OIBridge/ProductStrictLift.lean:430:0: 'OIBridge.ProductStrictLift.a30_shared_weak_diagonal' depends on axioms: [propext, Classical.choice, Quot.sound]
2026-09-26T13:13:50.6452310Z info: OIBridge/ProductStrictLift.lean:431:0: 'OIBridge.ProductStrictLift.a30_shared_left_diagonal' depends on axioms: [propext, Classical.choice, Quot.sound]
2026-09-26T13:13:50.6452751Z info: OIBridge/ProductStrictLift.lean:432:0: 'OIBridge.ProductStrictLift.a30_shared_weak_shape' depends on axioms: [propext, Classical.choice, Quot.sound]
2026-09-26T13:13:50.6453195Z info: OIBridge/ProductStrictLift.lean:433:0: 'OIBridge.ProductStrictLift.a30_shared_left_shape' depends on axioms: [propext, Classical.choice, Quot.sound]
2026-09-26T13:13:50.6453636Z info: OIBridge/ProductStrictLift.lean:434:0: 'OIBridge.ProductStrictLift.a30_shared_left_mul' depends on axioms: [propext, Classical.choice, Quot.sound]
2026-09-26T13:13:50.6454071Z info: OIBridge/ProductStrictLift.lean:435:0: 'OIBridge.ProductStrictLift.a30_shared_left_star' depends on axioms: [propext, Classical.choice, Quot.sound]
2026-09-26T13:13:50.6454521Z info: OIBridge/ProductStrictLift.lean:436:0: 'OIBridge.ProductStrictLift.a30_shared_weak_star' depends on axioms: [propext, Classical.choice, Quot.sound]
2026-09-26T13:13:50.6454996Z info: OIBridge/ProductStrictLift.lean:437:0: 'OIBridge.ProductStrictLift.a30_shared_left_admissible_iff' depends on axioms: [propext, Classical.choice, Quot.sound]
2026-09-26T13:13:50.6455468Z info: OIBridge/ProductStrictLift.lean:438:0: 'OIBridge.ProductStrictLift.a30_shared_right_admissible_iff' depends on axioms: [propext, Classical.choice, Quot.sound]
2026-09-26T13:13:50.6456004Z info: OIBridge/ProductStrictLift.lean:439:0: 'OIBridge.ProductStrictLift.a30_shared_entry_ne_zero' depends on axioms: [propext, Classical.choice, Quot.sound]
2026-09-26T13:13:50.6456449Z info: OIBridge/ProductStrictLift.lean:440:0: 'OIBridge.ProductStrictLift.a30_shared_rows_phase' depends on axioms: [propext, Classical.choice, Quot.sound]
2026-09-26T13:13:50.6456883Z info: OIBridge/ProductStrictLift.lean:441:0: 'OIBridge.ProductStrictLift.a30_shared_same_gram' depends on axioms: [propext, Classical.choice, Quot.sound]
2026-09-26T13:13:50.6457340Z info: OIBridge/ProductStrictLift.lean:442:0: 'OIBridge.ProductStrictLift.a30_shared_phase_coeff_eq' depends on axioms: [propext, Classical.choice, Quot.sound]
2026-09-26T13:13:50.6457777Z info: OIBridge/ProductStrictLift.lean:443:0: 'OIBridge.ProductStrictLift.a30_shared_torsor' depends on axioms: [propext, Classical.choice, Quot.sound]
2026-09-26T13:13:50.6458228Z info: OIBridge/ProductStrictLift.lean:444:0: 'OIBridge.ProductStrictLift.a30_shared_transport_eq' depends on axioms: [propext, Classical.choice, Quot.sound]
2026-09-26T13:13:50.6458663Z info: OIBridge/ProductStrictLift.lean:445:0: 'OIBridge.ProductStrictLift.a30_shared_strictify' depends on axioms: [propext, Classical.choice, Quot.sound]
2026-09-26T13:13:50.6459091Z info: OIBridge/ProductStrictLift.lean:475:0: 'OIBridge.ProductStrictLift.a30_s_strictify' depends on axioms: [propext, Classical.choice, Quot.sound]
2026-09-26T13:13:50.6459516Z info: OIBridge/ProductStrictLift.lean:557:0: 'OIBridge.ProductStrictLift.a30_t_transfer' depends on axioms: [propext, Classical.choice, Quot.sound]
2026-09-26T13:13:50.6459995Z info: OIBridge/ProductStrictLift.lean:678:0: 'OIBridge.ProductStrictLift.a30_c_lift' depends on axioms: [propext, Classical.choice, Quot.sound]
2026-09-26T13:13:50.6460412Z info: OIBridge/ProductStrictLift.lean:769:0: 'OIBridge.ProductStrictLift.a30_c_admit' depends on axioms: [propext, Classical.choice, Quot.sound]
2026-09-26T13:13:50.6460842Z info: OIBridge/ProductStrictLift.lean:859:0: 'OIBridge.ProductStrictLift.a30_c_restrict' depends on axioms: [propext, Classical.choice, Quot.sound]
2026-09-26T13:13:50.6461251Z info: OIBridge/ProductStrictLift.lean:902:0: 'OIBridge.ProductStrictLift.a30_n_lifts' depends on axioms: [propext, Classical.choice, Quot.sound]
2026-09-26T13:13:50.6461667Z info: OIBridge/ProductStrictLift.lean:951:0: 'OIBridge.ProductStrictLift.a30_0_admits' depends on axioms: [propext, Classical.choice, Quot.sound]
2026-09-26T13:14:31.7760813Z ✖ [3598/3600] Building OIBridge.OrbitIsometryClassification (41s)
2026-09-26T13:14:31.7765245Z error: build failed
2026-09-26T13:14:31.7777783Z trace: .> LEAN_PATH=/home/runner/work/incompleteness/incompleteness/verification/lean-mathlib/.lake/packages/Cli/.lake/build/lib/lean:/home/runner/work/incompleteness/incompleteness/verification/lean-mathlib/.lake/packages/batteries/.lake/build/lib/lean:/home/runner/work/incompleteness/incompleteness/verification/lean-mathlib/.lake/packages/Qq/.lake/build/lib/lean:/home/runner/work/incompleteness/incompleteness/verification/lean-mathlib/.lake/packages/aesop/.lake/build/lib/lean:/home/runner/work/incompleteness/incompleteness/verification/lean-mathlib/.lake/packages/proofwidgets/.lake/build/lib/lean:/home/runner/work/incompleteness/incompleteness/verification/lean-mathlib/.lake/packages/importGraph/.lake/build/lib/lean:/home/runner/work/incompleteness/incompleteness/verification/lean-mathlib/.lake/packages/LeanSearchClient/.lake/build/lib/lean:/home/runner/work/incompleteness/incompleteness/verification/lean-mathlib/.lake/packages/plausible/.lake/build/lib/lean:/home/runner/work/incompleteness/incompleteness/verification/lean-mathlib/.lake/packages/mathlib/.lake/build/lib/lean:/home/runner/work/incompleteness/incompleteness/verification/lean-mathlib/.lake/build/lib/lean /home/runner/.elan/toolchains/leanprover--lean4---v4.33.0/bin/lean /home/runner/work/incompleteness/incompleteness/verification/lean-mathlib/OIBridge/OrbitIsometryClassification.lean -o /home/runner/work/incompleteness/incompleteness/verification/lean-mathlib/.lake/build/lib/lean/OIBridge/OrbitIsometryClassification.olean -i /home/runner/work/incompleteness/incompleteness/verification/lean-mathlib/.lake/build/lib/lean/OIBridge/OrbitIsometryClassification.ilean -c /home/runner/work/incompleteness/incompleteness/verification/lean-mathlib/.lake/build/ir/OIBridge/OrbitIsometryClassification.c --setup /home/runner/work/incompleteness/incompleteness/verification/lean-mathlib/.lake/build/ir/OIBridge/OrbitIsometryClassification.setup.json --json
2026-09-26T13:14:31.7788278Z info: OIBridge/OrbitIsometryClassification.lean:23:0: 'OIBridge.OrbitIsometryClassification.a32_shared_entry_I' depends on axioms: [propext, Classical.choice, Quot.sound]
2026-09-26T13:14:31.7789910Z info: OIBridge/OrbitIsometryClassification.lean:33:0: 'OIBridge.OrbitIsometryClassification.a32_shared_entry_starI' depends on axioms: [propext, Classical.choice, Quot.sound]
2026-09-26T13:14:31.7791469Z info: OIBridge/OrbitIsometryClassification.lean:41:0: 'OIBridge.OrbitIsometryClassification.a32_shared_pow3' depends on axioms: [propext, Classical.choice, Quot.sound]
2026-09-26T13:14:31.7792998Z info: OIBridge/OrbitIsometryClassification.lean:49:0: 'OIBridge.OrbitIsometryClassification.a32_shared_pow3s' depends on axioms: [propext, Classical.choice, Quot.sound]
2026-09-26T13:14:31.7794540Z info: OIBridge/OrbitIsometryClassification.lean:58:0: 'OIBridge.OrbitIsometryClassification.a32_shared_value_I' depends on axioms: [propext, Classical.choice, Quot.sound]
2026-09-26T13:14:31.7796316Z info: OIBridge/OrbitIsometryClassification.lean:67:0: 'OIBridge.OrbitIsometryClassification.a32_shared_value_starI' depends on axioms: [propext, Classical.choice, Quot.sound]
2026-09-26T13:14:31.7798141Z info: OIBridge/OrbitIsometryClassification.lean:77:0: 'OIBridge.OrbitIsometryClassification.a32_shared_star_pow' depends on axioms: [propext, Classical.choice, Quot.sound]
2026-09-26T13:14:31.7799686Z info: OIBridge/OrbitIsometryClassification.lean:96:0: 'OIBridge.OrbitIsometryClassification.a32_shared_pow_mod' depends on axioms: [propext, Classical.choice, Quot.sound]
2026-09-26T13:14:31.7801135Z info: OIBridge/OrbitIsometryClassification.lean:104:0: 'OIBridge.OrbitIsometryClassification.a32_shared_star_relabel' depends on axioms: [propext,
2026-09-26T13:14:31.7801994Z  Classical.choice,
2026-09-26T13:14:31.7802261Z  Quot.sound]
2026-09-26T13:14:31.7803041Z info: OIBridge/OrbitIsometryClassification.lean:112:0: 'OIBridge.OrbitIsometryClassification.a32_shared_transpose_relabel' depends on axioms: [propext,
2026-09-26T13:14:31.7803911Z  Classical.choice,
2026-09-26T13:14:31.7804188Z  Quot.sound]
2026-09-26T13:14:31.7805150Z info: OIBridge/OrbitIsometryClassification.lean:120:0: 'OIBridge.OrbitIsometryClassification.a32_shared_transpose_star_relabel' depends on axioms: [propext,
2026-09-26T13:14:31.7806189Z  Classical.choice,
2026-09-26T13:14:31.7806540Z  Quot.sound]
2026-09-26T13:14:31.7807433Z info: OIBridge/OrbitIsometryClassification.lean:129:0: 'OIBridge.OrbitIsometryClassification.a32_shared_core_1' depends on axioms: [propext, Classical.choice, Quot.sound]
2026-09-26T13:14:31.7808974Z info: OIBridge/OrbitIsometryClassification.lean:138:0: 'OIBridge.OrbitIsometryClassification.a32_shared_core_2' depends on axioms: [propext, Classical.choice, Quot.sound]
2026-09-26T13:14:31.7810583Z info: OIBridge/OrbitIsometryClassification.lean:147:0: 'OIBridge.OrbitIsometryClassification.a32_shared_core_3' depends on axioms: [propext, Classical.choice, Quot.sound]
2026-09-26T13:14:31.7812141Z info: OIBridge/OrbitIsometryClassification.lean:156:0: 'OIBridge.OrbitIsometryClassification.a32_shared_core_4' depends on axioms: [propext, Classical.choice, Quot.sound]
2026-09-26T13:14:31.7813422Z error: OIBridge/OrbitIsometryClassification.lean:166:12: Function expected at
2026-09-26T13:14:31.7814027Z   RealizableGram (Fin 1) Γ₀ ?m.1596
2026-09-26T13:14:31.7814292Z but this term has type
2026-09-26T13:14:31.7814516Z   Prop
2026-09-26T13:14:31.7814624Z 
2026-09-26T13:14:31.7814837Z Note: Expected a function because this term is being applied to the argument
2026-09-26T13:14:31.7815210Z   (0 : Fin 1)
2026-09-26T13:14:31.7815784Z error: OIBridge/OrbitIsometryClassification.lean:166:38: Application type mismatch: The argument
2026-09-26T13:14:31.7816395Z   FibreGram
2026-09-26T13:14:31.7816639Z has type
2026-09-26T13:14:31.7817173Z   ?m.1593 → Matrix (?m.1592 × ?m.1593) (?m.1592 × ?m.1593) ℂ → ?m.1592 → Matrix ?m.1592 ?m.1592 ℂ
2026-09-26T13:14:31.7817699Z but is expected to have type
2026-09-26T13:14:31.7818089Z   Fin 4 → Matrix (Fin 4) (Fin 4) ℂ
2026-09-26T13:14:31.7818425Z in the application
2026-09-26T13:14:31.7818763Z   RealizableGram (Fin 1) Γ₀ FibreGram
2026-09-26T13:14:31.7819614Z info: OIBridge/OrbitIsometryClassification.lean:172:0: 'OIBridge.OrbitIsometryClassification.a32_shared_bridge_1d' depends on axioms: [propext,
2026-09-26T13:14:31.7820456Z  sorryAx,
2026-09-26T13:14:31.7820696Z  Classical.choice,
2026-09-26T13:14:31.7820971Z  Quot.sound]
2026-09-26T13:14:31.7821455Z warning: OIBridge/OrbitIsometryClassification.lean:186:33: This simp argument is unused:
2026-09-26T13:14:31.7822034Z   a32_shared_value_starI
2026-09-26T13:14:31.7822231Z 
2026-09-26T13:14:31.7822431Z Hint: Omit it from the simp argument list.
2026-09-26T13:14:31.7822937Z   [apply] simp only [a32_shared_value_I, a32_shared_star_pow] at m
2026-09-26T13:14:31.7823186Z 
2026-09-26T13:14:31.7823397Z Note: This linter can be disabled with `set_option linter.unusedSimpArgs false`
2026-09-26T13:14:31.7823954Z warning: OIBridge/OrbitIsometryClassification.lean:186:57: This simp argument is unused:
2026-09-26T13:14:31.7824560Z   a32_shared_star_pow
2026-09-26T13:14:31.7824694Z 
2026-09-26T13:14:31.7824813Z Hint: Omit it from the simp argument list.
2026-09-26T13:14:31.7825179Z   [apply] simp only [a32_shared_value_I, a32_shared_value_starI] at m
2026-09-26T13:14:31.7825444Z 
2026-09-26T13:14:31.7825839Z Note: This linter can be disabled with `set_option linter.unusedSimpArgs false`
2026-09-26T13:14:31.7826686Z info: OIBridge/OrbitIsometryClassification.lean:189:0: 'OIBridge.OrbitIsometryClassification.a32_shared_bridge_1r' depends on axioms: [propext, Classical.choice, Quot.sound]
2026-09-26T13:14:31.7827519Z error: OIBridge/OrbitIsometryClassification.lean:199:12: Function expected at
2026-09-26T13:14:31.7828016Z   RealizableGram (Fin 1) Γ₀ ?m.1610
2026-09-26T13:14:31.7828277Z but this term has type
2026-09-26T13:14:31.7828491Z   Prop
2026-09-26T13:14:31.7828602Z 
2026-09-26T13:14:31.7828801Z Note: Expected a function because this term is being applied to the argument
2026-09-26T13:14:31.7829162Z   (0 : Fin 1)
2026-09-26T13:14:31.7829567Z error: OIBridge/OrbitIsometryClassification.lean:199:38: Application type mismatch: The argument
2026-09-26T13:14:31.7830097Z   FibreGram
2026-09-26T13:14:31.7830287Z has type
2026-09-26T13:14:31.7830686Z   ?m.1607 → Matrix (?m.1606 × ?m.1607) (?m.1606 × ?m.1607) ℂ → ?m.1606 → Matrix ?m.1606 ?m.1606 ℂ
2026-09-26T13:14:31.7831090Z but is expected to have type
2026-09-26T13:14:31.7831378Z   Fin 4 → Matrix (Fin 4) (Fin 4) ℂ
2026-09-26T13:14:31.7831635Z in the application
2026-09-26T13:14:31.7831900Z   RealizableGram (Fin 1) Γ₀ FibreGram
2026-09-26T13:14:31.7832517Z info: OIBridge/OrbitIsometryClassification.lean:205:0: 'OIBridge.OrbitIsometryClassification.a32_shared_bridge_2d' depends on axioms: [propext,
2026-09-26T13:14:31.7833121Z  sorryAx,
2026-09-26T13:14:31.7833315Z  Classical.choice,
2026-09-26T13:14:31.7833525Z  Quot.sound]
2026-09-26T13:14:31.7833899Z warning: OIBridge/OrbitIsometryClassification.lean:219:33: This simp argument is unused:
2026-09-26T13:14:31.7834341Z   a32_shared_value_starI
2026-09-26T13:14:31.7834491Z 
2026-09-26T13:14:31.7834600Z Hint: Omit it from the simp argument list.
2026-09-26T13:14:31.7834957Z   [apply] simp only [a32_shared_value_I, a32_shared_star_pow] at m
2026-09-26T13:14:31.7835211Z 
2026-09-26T13:14:31.7835423Z Note: This linter can be disabled with `set_option linter.unusedSimpArgs false`
2026-09-26T13:14:31.7836510Z info: OIBridge/OrbitIsometryClassification.lean:222:0: 'OIBridge.OrbitIsometryClassification.a32_shared_bridge_2r' depends on axioms: [propext, Classical.choice, Quot.sound]
2026-09-26T13:14:31.7837333Z error: OIBridge/OrbitIsometryClassification.lean:232:12: Function expected at
2026-09-26T13:14:31.7837788Z   RealizableGram (Fin 1) Γ₀ ?m.1631
2026-09-26T13:14:31.7838049Z but this term has type
2026-09-26T13:14:31.7838270Z   Prop
2026-09-26T13:14:31.7838380Z 
2026-09-26T13:14:31.7838578Z Note: Expected a function because this term is being applied to the argument
2026-09-26T13:14:31.7838945Z   (0 : Fin 1)
2026-09-26T13:14:31.7839352Z error: OIBridge/OrbitIsometryClassification.lean:232:38: Application type mismatch: The argument
2026-09-26T13:14:31.7839796Z   FibreGram
2026-09-26T13:14:31.7839990Z has type
2026-09-26T13:14:31.7840383Z   ?m.1628 → Matrix (?m.1627 × ?m.1628) (?m.1627 × ?m.1628) ℂ → ?m.1627 → Matrix ?m.1627 ?m.1627 ℂ
2026-09-26T13:14:31.7840784Z but is expected to have type
2026-09-26T13:14:31.7841070Z   Fin 4 → Matrix (Fin 4) (Fin 4) ℂ
2026-09-26T13:14:31.7841316Z in the application
2026-09-26T13:14:31.7841577Z   RealizableGram (Fin 1) Γ₀ FibreGram
2026-09-26T13:14:31.7842196Z info: OIBridge/OrbitIsometryClassification.lean:239:0: 'OIBridge.OrbitIsometryClassification.a32_shared_bridge_3d' depends on axioms: [propext,
2026-09-26T13:14:31.7842793Z  sorryAx,
2026-09-26T13:14:31.7842979Z  Classical.choice,
2026-09-26T13:14:31.7843182Z  Quot.sound]
2026-09-26T13:14:31.7843557Z warning: OIBridge/OrbitIsometryClassification.lean:254:33: This simp argument is unused:
2026-09-26T13:14:31.7843989Z   a32_shared_value_starI
2026-09-26T13:14:31.7844257Z 
2026-09-26T13:14:31.7844365Z Hint: Omit it from the simp argument list.
2026-09-26T13:14:31.7844722Z   [apply] simp only [a32_shared_value_I, a32_shared_star_pow] at m
2026-09-26T13:14:31.7844973Z 
2026-09-26T13:14:31.7845185Z Note: This linter can be disabled with `set_option linter.unusedSimpArgs false`
2026-09-26T13:14:31.7846143Z info: OIBridge/OrbitIsometryClassification.lean:257:0: 'OIBridge.OrbitIsometryClassification.a32_shared_bridge_3r' depends on axioms: [propext, Classical.choice, Quot.sound]
2026-09-26T13:14:31.7846982Z error: OIBridge/OrbitIsometryClassification.lean:267:12: Function expected at
2026-09-26T13:14:31.7847435Z   RealizableGram (Fin 1) Γ₀ ?m.1633
2026-09-26T13:14:31.7847704Z but this term has type
2026-09-26T13:14:31.7847920Z   Prop
2026-09-26T13:14:31.7848030Z 
2026-09-26T13:14:31.7848226Z Note: Expected a function because this term is being applied to the argument
2026-09-26T13:14:31.7848594Z   (0 : Fin 1)
2026-09-26T13:14:31.7848983Z error: OIBridge/OrbitIsometryClassification.lean:267:38: Application type mismatch: The argument
2026-09-26T13:14:31.7849434Z   FibreGram
2026-09-26T13:14:31.7849622Z has type
2026-09-26T13:14:31.7850101Z   ?m.1630 → Matrix (?m.1629 × ?m.1630) (?m.1629 × ?m.1630) ℂ → ?m.1629 → Matrix ?m.1629 ?m.1629 ℂ
2026-09-26T13:14:31.7850493Z but is expected to have type
2026-09-26T13:14:31.7850778Z   Fin 4 → Matrix (Fin 4) (Fin 4) ℂ
2026-09-26T13:14:31.7851031Z in the application
2026-09-26T13:14:31.7851292Z   RealizableGram (Fin 1) Γ₀ FibreGram
2026-09-26T13:14:31.7851909Z info: OIBridge/OrbitIsometryClassification.lean:274:0: 'OIBridge.OrbitIsometryClassification.a32_shared_bridge_4d' depends on axioms: [propext,
2026-09-26T13:14:31.7852512Z  sorryAx,
2026-09-26T13:14:31.7852711Z  Classical.choice,
2026-09-26T13:14:31.7852923Z  Quot.sound]
2026-09-26T13:14:31.7853297Z warning: OIBridge/OrbitIsometryClassification.lean:289:33: This simp argument is unused:
2026-09-26T13:14:31.7853731Z   a32_shared_value_starI
2026-09-26T13:14:31.7853888Z 
2026-09-26T13:14:31.7853996Z Hint: Omit it from the simp argument list.
2026-09-26T13:14:31.7854348Z   [apply] simp only [a32_shared_value_I, a32_shared_star_pow] at m
2026-09-26T13:14:31.7854600Z 
2026-09-26T13:14:31.7854811Z Note: This linter can be disabled with `set_option linter.unusedSimpArgs false`
2026-09-26T13:14:31.7855353Z warning: OIBridge/OrbitIsometryClassification.lean:289:57: This simp argument is unused:
2026-09-26T13:14:31.7856091Z   a32_shared_star_pow
2026-09-26T13:14:31.7856235Z 
2026-09-26T13:14:31.7856351Z Hint: Omit it from the simp argument list.
2026-09-26T13:14:31.7856714Z   [apply] simp only [a32_shared_value_I, a32_shared_value_starI] at m
2026-09-26T13:14:31.7856977Z 
2026-09-26T13:14:31.7857182Z Note: This linter can be disabled with `set_option linter.unusedSimpArgs false`
2026-09-26T13:14:31.7862630Z info: OIBridge/OrbitIsometryClassification.lean:292:0: 'OIBridge.OrbitIsometryClassification.a32_shared_bridge_4r' depends on axioms: [propext, Classical.choice, Quot.sound]
2026-09-26T13:14:31.7864013Z error: OIBridge/OrbitIsometryClassification.lean:301:2: (deterministic) timeout at `whnf`, maximum number of heartbeats (200000) has been reached
2026-09-26T13:14:31.7864532Z 
2026-09-26T13:14:31.7864705Z Note: Use `set_option maxHeartbeats <num>` to set the limit.
2026-09-26T13:14:31.7864944Z 
2026-09-26T13:14:31.7865259Z Hint: Additional diagnostic information may be available using the `set_option diagnostics true` command.
2026-09-26T13:14:31.7866347Z info: OIBridge/OrbitIsometryClassification.lean:303:0: 'OIBridge.OrbitIsometryClassification.a32_shared_table_1' depends on axioms: [propext,
2026-09-26T13:14:31.7866971Z  sorryAx,
2026-09-26T13:14:31.7867177Z  Classical.choice,
2026-09-26T13:14:31.7867394Z  Quot.sound]
2026-09-26T13:14:31.7868014Z error: OIBridge/OrbitIsometryClassification.lean:313:2: (deterministic) timeout at `whnf`, maximum number of heartbeats (200000) has been reached
2026-09-26T13:14:31.7868982Z 
2026-09-26T13:14:31.7869288Z Note: Use `set_option maxHeartbeats <num>` to set the limit.
2026-09-26T13:14:31.7869843Z 
2026-09-26T13:14:31.7870369Z Hint: Additional diagnostic information may be available using the `set_option diagnostics true` command.
2026-09-26T13:14:31.7871182Z info: OIBridge/OrbitIsometryClassification.lean:315:0: 'OIBridge.OrbitIsometryClassification.a32_shared_table_2' depends on axioms: [propext,
2026-09-26T13:14:31.7871777Z  sorryAx,
2026-09-26T13:14:31.7871978Z  Classical.choice,
2026-09-26T13:14:31.7872187Z  Quot.sound]
2026-09-26T13:14:31.7872709Z error: OIBridge/OrbitIsometryClassification.lean:322:2: (deterministic) timeout at `whnf`, maximum number of heartbeats (200000) has been reached
2026-09-26T13:14:31.7873201Z 
2026-09-26T13:14:31.7873353Z Note: Use `set_option maxHeartbeats <num>` to set the limit.
2026-09-26T13:14:31.7873596Z 
2026-09-26T13:14:31.7873893Z Hint: Additional diagnostic information may be available using the `set_option diagnostics true` command.
2026-09-26T13:14:31.7874687Z info: OIBridge/OrbitIsometryClassification.lean:324:0: 'OIBridge.OrbitIsometryClassification.a32_shared_table_3' depends on axioms: [propext,
2026-09-26T13:14:31.7875285Z  sorryAx,
2026-09-26T13:14:31.7875795Z  Classical.choice,
2026-09-26T13:14:31.7876026Z  Quot.sound]
2026-09-26T13:14:31.7876547Z error: OIBridge/OrbitIsometryClassification.lean:331:2: (deterministic) timeout at `whnf`, maximum number of heartbeats (200000) has been reached
2026-09-26T13:14:31.7877050Z 
2026-09-26T13:14:31.7877236Z Note: Use `set_option maxHeartbeats <num>` to set the limit.
2026-09-26T13:14:31.7877473Z 
2026-09-26T13:14:31.7877774Z Hint: Additional diagnostic information may be available using the `set_option diagnostics true` command.
2026-09-26T13:14:31.7878583Z info: OIBridge/OrbitIsometryClassification.lean:333:0: 'OIBridge.OrbitIsometryClassification.a32_shared_table_4' depends on axioms: [propext,
2026-09-26T13:14:31.7879179Z  sorryAx,
2026-09-26T13:14:31.7879374Z  Classical.choice,
2026-09-26T13:14:31.7879592Z  Quot.sound]
2026-09-26T13:14:31.7880150Z info: OIBridge/OrbitIsometryClassification.lean:383:0: 'OIBridge.OrbitIsometryClassification.a32_shared_separation' depends on axioms: [propext,
2026-09-26T13:14:31.7880766Z  sorryAx,
2026-09-26T13:14:31.7880957Z  Classical.choice,
2026-09-26T13:14:31.7881170Z  Quot.sound]
2026-09-26T13:14:31.7881380Z error: Lean exited with code 1
2026-09-26T13:14:31.7881650Z Some required targets logged failures:
2026-09-26T13:14:31.7881949Z - OIBridge.OrbitIsometryClassification
2026-09-26T13:14:31.8121643Z ##[error]Process completed with exit code 1.
2026-09-26T13:14:31.8303755Z Post job cleanup.
2026-09-26T13:14:32.0307967Z [command]/usr/bin/git version
2026-09-26T13:14:32.0376524Z git version 2.55.0
2026-09-26T13:14:32.0410886Z Temporarily overriding HOME='/home/runner/work/_temp/86f7f976-85d9-43bc-a0eb-49fe6f314104' before making global git config changes
2026-09-26T13:14:32.0412622Z Adding repository directory to the temporary git global config as a safe directory
2026-09-26T13:14:32.0420355Z [command]/usr/bin/git config --global --add safe.directory /home/runner/work/incompleteness/incompleteness
2026-09-26T13:14:32.0492080Z [command]/usr/bin/git config --local --name-only --get-regexp core\.sshCommand
2026-09-26T13:14:32.0526798Z [command]/usr/bin/git submodule foreach --recursive sh -c "git config --local --name-only --get-regexp 'core\.sshCommand' && git config --local --unset-all 'core.sshCommand' || :"
2026-09-26T13:14:32.0836720Z [command]/usr/bin/git config --local --name-only --get-regexp http\.https\:\/\/github\.com\/\.extraheader
2026-09-26T13:14:32.0871779Z http.https://github.com/.extraheader
2026-09-26T13:14:32.0897570Z [command]/usr/bin/git config --local --unset-all http.https://github.com/.extraheader
2026-09-26T13:14:32.0952689Z [command]/usr/bin/git submodule foreach --recursive sh -c "git config --local --name-only --get-regexp 'http\.https\:\/\/github\.com\/\.extraheader' && git config --local --unset-all 'http.https://github.com/.extraheader' || :"
2026-09-26T13:14:32.1209237Z [command]/usr/bin/git config --local --name-only --get-regexp ^includeIf\.gitdir:
2026-09-26T13:14:32.1248529Z [command]/usr/bin/git submodule foreach --recursive git config --local --show-origin --name-only --get-regexp remote.origin.url
2026-09-26T13:14:32.1605053Z Cleaning up orphan processes
2026-09-26T13:14:32.1898085Z ##[warning]Node.js 20 is deprecated. The following actions target Node.js 20 but are being forced to run on Node.js 24: actions/cache@v4, actions/checkout@v4. For more information see: https://github.blog/changelog/2025-09-19-deprecation-of-node-20-on-github-actions-runners/
