R#0 0x3 r=2 nodes 0 pruned 0 leaves 0 (0.0s) | total leaves 0 nonDita 0  0s
R#1 0x5 r=2 nodes 1 pruned 1 leaves 0 (0.0s) | total leaves 0 nonDita 0  0s
R#2 0x6 r=2 nodes 0 pruned 0 leaves 0 (0.0s) | total leaves 0 nonDita 0  0s
R#3 0x7 r=3 nodes 1 pruned 1 leaves 0 (0.0s) | total leaves 0 nonDita 0  0s
R#4 0x9 r=2 nodes 0 pruned 0 leaves 0 (0.0s) | total leaves 0 nonDita 0  0s
R#5 0xa r=2 nodes 1 pruned 1 leaves 0 (0.0s) | total leaves 0 nonDita 0  0s
R#6 0xb r=3 nodes 1 pruned 1 leaves 0 (0.0s) | total leaves 0 nonDita 0  0s
R#7 0xc r=2 nodes 0 pruned 0 leaves 0 (0.0s) | total leaves 0 nonDita 0  0s
R#8 0xd r=3 nodes 1 pruned 1 leaves 0 (0.0s) | total leaves 0 nonDita 0  0s
R#9 0xe r=3 nodes 1 pruned 1 leaves 0 (0.0s) | total leaves 0 nonDita 0  0s
R#10 0xf r=4 nodes 1 pruned 1 leaves 0 (0.0s) | total leaves 0 nonDita 0  0s
R#11 0x11 r=2 nodes 0 pruned 0 leaves 0 (0.0s) | total leaves 0 nonDita 0  0s
R#12 0x12 r=2 nodes 0 pruned 0 leaves 0 (0.0s) | total leaves 0 nonDita 0  0s
R#13 0x14 r=2 nodes 0 pruned 0 leaves 0 (0.0s) | total leaves 0 nonDita 0  0s
R#14 0x15 r=3 nodes 0 pruned 0 leaves 0 (0.0s) | total leaves 0 nonDita 0  0s
R#15 0x18 r=2 nodes 0 pruned 0 leaves 0 (0.0s) | total leaves 0 nonDita 0  0s
R#16 0x1a r=3 nodes 0 pruned 0 leaves 0 (0.0s) | total leaves 0 nonDita 0  0s
R#17 0x1f r=5 nodes 0 pruned 0 leaves 0 (0.0s) | total leaves 0 nonDita 0  0s
R#18 0x21 r=2 nodes 0 pruned 0 leaves 0 (0.0s) | total leaves 0 nonDita 0  0s
R#19 0x22 r=2 nodes 0 pruned 0 leaves 0 (0.0s) | total leaves 0 nonDita 0  0s
R#20 0x24 r=2 nodes 0 pruned 0 leaves 0 (0.0s) | total leaves 0 nonDita 0  0s
R#21 0x25 r=3 nodes 0 pruned 0 leaves 0 (0.0s) | total leaves 0 nonDita 0  0s
R#22 0x28 r=2 nodes 0 pruned 0 leaves 0 (0.0s) | total leaves 0 nonDita 0  0s
R#23 0x2a r=3 nodes 0 pruned 0 leaves 0 (0.0s) | total leaves 0 nonDita 0  0s
R#24 0x2f r=5 nodes 0 pruned 0 leaves 0 (0.0s) | total leaves 0 nonDita 0  0s
R#25 0x30 r=2 nodes 0 pruned 0 leaves 0 (0.0s) | total leaves 0 nonDita 0  0s
R#26 0x41 r=2 nodes 0 pruned 0 leaves 0 (0.0s) | total leaves 0 nonDita 0  0s
R#27 0x42 r=2 nodes 0 pruned 0 leaves 0 (0.0s) | total leaves 0 nonDita 0  0s
R#28 0x44 r=2 nodes 0 pruned 0 leaves 0 (0.0s) | total leaves 0 nonDita 0  0s
R#29 0x45 r=3 nodes 0 pruned 0 leaves 0 (0.0s) | total leaves 0 nonDita 0  0s
R#30 0x48 r=2 nodes 0 pruned 0 leaves 0 (0.0s) | total leaves 0 nonDita 0  0s
R#31 0x4a r=3 nodes 0 pruned 0 leaves 0 (0.0s) | total leaves 0 nonDita 0  0s
R#32 0x4f r=5 nodes 0 pruned 0 leaves 0 (0.0s) | total leaves 0 nonDita 0  0s
R#33 0x50 r=2 nodes 1 pruned 1 leaves 0 (0.0s) | total leaves 0 nonDita 0  0s
R#34 0x51 r=3 nodes 0 pruned 0 leaves 0 (0.0s) | total leaves 0 nonDita 0  0s
R#35 0x52 r=3 nodes 0 pruned 0 leaves 0 (0.0s) | total leaves 0 nonDita 0  0s
R#36 0x54 r=3 nodes 0 pruned 0 leaves 0 (0.0s) | total leaves 0 nonDita 0  0s
R#37 0x55 r=4 nodes 1 pruned 1 leaves 0 (0.0s) | total leaves 0 nonDita 0  0s
R#38 0x58 r=3 nodes 0 pruned 0 leaves 0 (0.0s) | total leaves 0 nonDita 0  0s
R#39 0x5a r=4 nodes 1 pruned 1 leaves 0 (0.0s) | total leaves 0 nonDita 0  0s
R#40 0x5f r=6 nodes 1 pruned 1 leaves 0 (0.0s) | total leaves 0 nonDita 0  0s
R#41 0x60 r=2 nodes 0 pruned 0 leaves 0 (0.0s) | total leaves 0 nonDita 0  0s
R#42 0x70 r=3 nodes 1 pruned 1 leaves 0 (0.0s) | total leaves 0 nonDita 0  0s
R#43 0x81 r=2 nodes 0 pruned 0 leaves 0 (0.0s) | total leaves 0 nonDita 0  0s
R#44 0x82 r=2 nodes 0 pruned 0 leaves 0 (0.0s) | total leaves 0 nonDita 0  0s
R#45 0x84 r=2 nodes 0 pruned 0 leaves 0 (0.0s) | total leaves 0 nonDita 0  0s
R#46 0x85 r=3 nodes 0 pruned 0 leaves 0 (0.0s) | total leaves 0 nonDita 0  0s
R#47 0x88 r=2 nodes 0 pruned 0 leaves 0 (0.0s) | total leaves 0 nonDita 0  0s
R#48 0x8a r=3 nodes 0 pruned 0 leaves 0 (0.0s) | total leaves 0 nonDita 0  0s
R#49 0x8f r=5 nodes 0 pruned 0 leaves 0 (0.0s) | total leaves 0 nonDita 0  0s
R#50 0x90 r=2 nodes 0 pruned 0 leaves 0 (0.0s) | total leaves 0 nonDita 0  0s
R#51 0xa0 r=2 nodes 1 pruned 1 leaves 0 (0.0s) | total leaves 0 nonDita 0  0s
R#52 0xa1 r=3 nodes 0 pruned 0 leaves 0 (0.0s) | total leaves 0 nonDita 0  0s
R#53 0xa2 r=3 nodes 0 pruned 0 leaves 0 (0.0s) | total leaves 0 nonDita 0  0s
R#54 0xa4 r=3 nodes 0 pruned 0 leaves 0 (0.0s) | total leaves 0 nonDita 0  0s
R#55 0xa5 r=4 nodes 1 pruned 1 leaves 0 (0.0s) | total leaves 0 nonDita 0  0s
R#56 0xa8 r=3 nodes 0 pruned 0 leaves 0 (0.0s) | total leaves 0 nonDita 0  0s
R#57 0xaa r=4 nodes 1 pruned 1 leaves 0 (0.0s) | total leaves 0 nonDita 0  0s
R#58 0xaf r=6 nodes 1 pruned 1 leaves 0 (0.0s) | total leaves 0 nonDita 0  0s
R#59 0xb0 r=3 nodes 1 pruned 1 leaves 0 (0.0s) | total leaves 0 nonDita 0  0s
R#60 0xc0 r=2 nodes 0 pruned 0 leaves 0 (0.0s) | total leaves 0 nonDita 0  0s
R#61 0xd0 r=3 nodes 1 pruned 1 leaves 0 (0.0s) | total leaves 0 nonDita 0  0s
R#62 0xe0 r=3 nodes 1 pruned 1 leaves 0 (0.0s) | total leaves 0 nonDita 0  0s
R#63 0xf0 r=4 nodes 1 pruned 1 leaves 0 (0.0s) | total leaves 0 nonDita 0  0s
R#64 0xf1 r=5 nodes 0 pruned 0 leaves 0 (0.0s) | total leaves 0 nonDita 0  0s
R#65 0xf2 r=5 nodes 0 pruned 0 leaves 0 (0.0s) | total leaves 0 nonDita 0  0s
R#66 0xf4 r=5 nodes 0 pruned 0 leaves 0 (0.0s) | total leaves 0 nonDita 0  0s
R#67 0xf5 r=6 nodes 1 pruned 1 leaves 0 (0.0s) | total leaves 0 nonDita 0  0s
R#68 0xf8 r=5 nodes 0 pruned 0 leaves 0 (0.0s) | total leaves 0 nonDita 0  0s
R#69 0xfa r=6 nodes 1 pruned 1 leaves 0 (0.0s) | total leaves 0 nonDita 0  0s
R#70 0xff r=8 nodes 1 pruned 1 leaves 0 (0.0s) | total leaves 0 nonDita 0  0s
R#71 0x101 r=2 nodes 1 pruned 1 leaves 0 (0.0s) | total leaves 0 nonDita 0  0s
R#72 0x102 r=2 nodes 0 pruned 0 leaves 0 (0.0s) | total leaves 0 nonDita 0  0s
R#73 0x103 r=3 nodes 0 pruned 0 leaves 0 (0.0s) | total leaves 0 nonDita 0  0s
R#74 0x104 r=2 nodes 1 pruned 1 leaves 0 (0.0s) | total leaves 0 nonDita 0  0s
R#75 0x105 r=3 nodes 1 pruned 1 leaves 0 (0.0s) | total leaves 0 nonDita 0  0s
R#76 0x106 r=3 nodes 0 pruned 0 leaves 0 (0.0s) | total leaves 0 nonDita 0  0s
R#77 0x107 r=4 nodes 1 pruned 1 leaves 0 (0.0s) | total leaves 0 nonDita 0  0s
R#78 0x108 r=2 nodes 0 pruned 0 leaves 0 (0.0s) | total leaves 0 nonDita 0  0s
R#79 0x109 r=3 nodes 0 pruned 0 leaves 0 (0.0s) | total leaves 0 nonDita 0  0s
R#80 0x10a r=3 nodes 1 pruned 1 leaves 0 (0.0s) | total leaves 0 nonDita 0  0s
R#81 0x10b r=4 nodes 1 pruned 1 leaves 0 (0.0s) | total leaves 0 nonDita 0  0s
R#82 0x10c r=3 nodes 0 pruned 0 leaves 0 (0.0s) | total leaves 0 nonDita 0  0s
R#83 0x10d r=4 nodes 1 pruned 1 leaves 0 (0.0s) | total leaves 0 nonDita 0  0s
R#84 0x10e r=4 nodes 1 pruned 1 leaves 0 (0.0s) | total leaves 0 nonDita 0  0s
R#85 0x10f r=5 nodes 1 pruned 1 leaves 0 (0.0s) | total leaves 0 nonDita 0  0s
R#86 0x110 r=2 nodes 0 pruned 0 leaves 0 (0.0s) | total leaves 0 nonDita 0  0s
R#87 0x111 r=3 nodes 1 pruned 1 leaves 0 (0.0s) | total leaves 0 nonDita 0  1s
R#88 0x114 r=3 nodes 0 pruned 0 leaves 0 (0.0s) | total leaves 0 nonDita 0  1s
R#89 0x115 r=4 nodes 1 pruned 1 leaves 0 (0.0s) | total leaves 0 nonDita 0  1s
R#90 0x11f r=6 nodes 1 pruned 0 leaves 0 (0.0s) | total leaves 0 nonDita 0  1s
R#91 0x120 r=2 nodes 0 pruned 0 leaves 0 (0.0s) | total leaves 0 nonDita 0  1s
R#92 0x121 r=3 nodes 0 pruned 0 leaves 0 (0.0s) | total leaves 0 nonDita 0  1s
R#93 0x124 r=3 nodes 0 pruned 0 leaves 0 (0.0s) | total leaves 0 nonDita 0  1s
R#94 0x140 r=2 nodes 0 pruned 0 leaves 0 (0.0s) | total leaves 0 nonDita 0  1s
R#95 0x141 r=3 nodes 1 pruned 1 leaves 0 (0.0s) | total leaves 0 nonDita 0  1s
R#96 0x144 r=3 nodes 0 pruned 0 leaves 0 (0.0s) | total leaves 0 nonDita 0  1s
R#97 0x145 r=4 nodes 1 pruned 1 leaves 0 (0.0s) | total leaves 0 nonDita 0  1s
R#98 0x14f r=6 nodes 1 pruned 0 leaves 0 (0.0s) | total leaves 0 nonDita 0  1s
R#99 0x150 r=3 nodes 0 pruned 0 leaves 0 (0.0s) | total leaves 0 nonDita 0  1s
R#100 0x151 r=4 nodes 1 pruned 1 leaves 0 (0.0s) | total leaves 0 nonDita 0  1s
R#101 0x154 r=4 nodes 1 pruned 1 leaves 0 (0.0s) | total leaves 0 nonDita 0  1s
R#102 0x180 r=2 nodes 0 pruned 0 leaves 0 (0.0s) | total leaves 0 nonDita 0  1s
R#103 0x181 r=3 nodes 0 pruned 0 leaves 0 (0.0s) | total leaves 0 nonDita 0  1s
R#104 0x184 r=3 nodes 0 pruned 0 leaves 0 (0.0s) | total leaves 0 nonDita 0  1s
R#105 0x1a0 r=3 nodes 0 pruned 0 leaves 0 (0.0s) | total leaves 0 nonDita 0  1s
R#106 0x1a1 r=4 nodes 1 pruned 1 leaves 0 (0.0s) | total leaves 0 nonDita 0  1s
R#107 0x1a4 r=4 nodes 1 pruned 1 leaves 0 (0.0s) | total leaves 0 nonDita 0  1s
R#108 0x1f0 r=5 nodes 0 pruned 0 leaves 0 (0.0s) | total leaves 0 nonDita 0  1s
R#109 0x1f1 r=6 nodes 5 pruned 4 leaves 0 (0.0s) | total leaves 0 nonDita 0  1s
R#110 0x1f4 r=6 nodes 1 pruned 1 leaves 0 (0.0s) | total leaves 0 nonDita 0  1s
R#111 0x201 r=2 nodes 0 pruned 0 leaves 0 (0.0s) | total leaves 0 nonDita 0  1s
R#112 0x202 r=2 nodes 1 pruned 1 leaves 0 (0.0s) | total leaves 0 nonDita 0  1s
R#113 0x203 r=3 nodes 0 pruned 0 leaves 0 (0.0s) | total leaves 0 nonDita 0  1s
R#114 0x204 r=2 nodes 0 pruned 0 leaves 0 (0.0s) | total leaves 0 nonDita 0  1s
R#115 0x205 r=3 nodes 1 pruned 1 leaves 0 (0.0s) | total leaves 0 nonDita 0  1s
R#116 0x206 r=3 nodes 0 pruned 0 leaves 0 (0.0s) | total leaves 0 nonDita 0  1s
R#117 0x207 r=4 nodes 1 pruned 1 leaves 0 (0.0s) | total leaves 0 nonDita 0  1s
R#118 0x208 r=2 nodes 1 pruned 1 leaves 0 (0.0s) | total leaves 0 nonDita 0  1s
R#119 0x209 r=3 nodes 0 pruned 0 leaves 0 (0.0s) | total leaves 0 nonDita 0  1s
R#120 0x20a r=3 nodes 1 pruned 1 leaves 0 (0.0s) | total leaves 0 nonDita 0  1s
R#121 0x20b r=4 nodes 1 pruned 1 leaves 0 (0.0s) | total leaves 0 nonDita 0  1s
R#122 0x20c r=3 nodes 0 pruned 0 leaves 0 (0.0s) | total leaves 0 nonDita 0  1s
R#123 0x20d r=4 nodes 1 pruned 1 leaves 0 (0.0s) | total leaves 0 nonDita 0  1s
R#124 0x20e r=4 nodes 1 pruned 1 leaves 0 (0.0s) | total leaves 0 nonDita 0  1s
R#125 0x20f r=5 nodes 1 pruned 1 leaves 0 (0.0s) | total leaves 0 nonDita 0  1s
R#126 0x210 r=2 nodes 0 pruned 0 leaves 0 (0.0s) | total leaves 0 nonDita 0  1s
R#127 0x212 r=3 nodes 0 pruned 0 leaves 0 (0.0s) | total leaves 0 nonDita 0  1s
R#128 0x218 r=3 nodes 0 pruned 0 leaves 0 (0.0s) | total leaves 0 nonDita 0  1s
R#129 0x220 r=2 nodes 0 pruned 0 leaves 0 (0.0s) | total leaves 0 nonDita 0  1s
R#130 0x222 r=3 nodes 1 pruned 1 leaves 0 (0.0s) | total leaves 0 nonDita 0  1s
R#131 0x228 r=3 nodes 0 pruned 0 leaves 0 (0.0s) | total leaves 0 nonDita 0  1s
R#132 0x22a r=4 nodes 1 pruned 1 leaves 0 (0.0s) | total leaves 0 nonDita 0  1s
R#133 0x22f r=6 nodes 1 pruned 0 leaves 0 (0.0s) | total leaves 0 nonDita 0  1s
R#134 0x240 r=2 nodes 0 pruned 0 leaves 0 (0.0s) | total leaves 0 nonDita 0  1s
R#135 0x242 r=3 nodes 0 pruned 0 leaves 0 (0.0s) | total leaves 0 nonDita 0  1s
R#136 0x248 r=3 nodes 0 pruned 0 leaves 0 (0.0s) | total leaves 0 nonDita 0  1s
R#137 0x250 r=3 nodes 0 pruned 0 leaves 0 (0.0s) | total leaves 0 nonDita 0  1s
R#138 0x252 r=4 nodes 1 pruned 1 leaves 0 (0.0s) | total leaves 0 nonDita 0  1s
R#139 0x258 r=4 nodes 1 pruned 1 leaves 0 (0.0s) | total leaves 0 nonDita 0  1s
R#140 0x280 r=2 nodes 0 pruned 0 leaves 0 (0.0s) | total leaves 0 nonDita 0  1s
R#141 0x282 r=3 nodes 1 pruned 1 leaves 0 (0.0s) | total leaves 0 nonDita 0  1s
R#142 0x288 r=3 nodes 0 pruned 0 leaves 0 (0.0s) | total leaves 0 nonDita 0  1s
R#143 0x28a r=4 nodes 1 pruned 1 leaves 0 (0.0s) | total leaves 0 nonDita 0  1s
R#144 0x28f r=6 nodes 1 pruned 0 leaves 0 (0.0s) | total leaves 0 nonDita 0  1s
R#145 0x2a0 r=3 nodes 0 pruned 0 leaves 0 (0.0s) | total leaves 0 nonDita 0  1s
R#146 0x2a2 r=4 nodes 1 pruned 1 leaves 0 (0.0s) | total leaves 0 nonDita 0  1s
R#147 0x2a8 r=4 nodes 1 pruned 1 leaves 0 (0.0s) | total leaves 0 nonDita 0  1s
R#148 0x2f0 r=5 nodes 0 pruned 0 leaves 0 (0.0s) | total leaves 0 nonDita 0  1s
R#149 0x2f2 r=6 nodes 5 pruned 4 leaves 0 (0.0s) | total leaves 0 nonDita 0  1s
R#150 0x2f8 r=6 nodes 1 pruned 1 leaves 0 (0.0s) | total leaves 0 nonDita 0  1s
R#151 0x300 r=2 nodes 0 pruned 0 leaves 0 (0.0s) | total leaves 0 nonDita 0  1s
R#152 0x301 r=3 nodes 0 pruned 0 leaves 0 (0.0s) | total leaves 0 nonDita 0  1s
R#153 0x302 r=3 nodes 0 pruned 0 leaves 0 (0.0s) | total leaves 0 nonDita 0  1s
R#154 0x303 r=4 nodes 1 pruned 1 leaves 0 (0.0s) | total leaves 0 nonDita 0  1s
R#155 0x304 r=3 nodes 0 pruned 0 leaves 0 (0.0s) | total leaves 0 nonDita 0  1s
R#156 0x305 r=4 nodes 1 pruned 1 leaves 0 (0.0s) | total leaves 0 nonDita 0  1s
R#157 0x306 r=4 nodes 1 pruned 1 leaves 0 (0.0s) | total leaves 0 nonDita 0  1s
R#158 0x308 r=3 nodes 0 pruned 0 leaves 0 (0.0s) | total leaves 0 nonDita 0  1s
R#159 0x309 r=4 nodes 1 pruned 1 leaves 0 (0.0s) | total leaves 0 nonDita 0  1s
R#160 0x30a r=4 nodes 1 pruned 1 leaves 0 (0.0s) | total leaves 0 nonDita 0  1s
R#161 0x30c r=4 nodes 1 pruned 1 leaves 0 (0.0s) | total leaves 0 nonDita 0  1s
R#162 0x30f r=6 nodes 1 pruned 1 leaves 0 (0.0s) | total leaves 0 nonDita 0  1s
R#163 0x401 r=2 nodes 1 pruned 1 leaves 0 (0.0s) | total leaves 0 nonDita 0  1s
R#164 0x402 r=2 nodes 0 pruned 0 leaves 0 (0.0s) | total leaves 0 nonDita 0  1s
R#165 0x403 r=3 nodes 0 pruned 0 leaves 0 (0.0s) | total leaves 0 nonDita 0  1s
R#166 0x404 r=2 nodes 1 pruned 1 leaves 0 (0.0s) | total leaves 0 nonDita 0  1s
R#167 0x405 r=3 nodes 1 pruned 1 leaves 0 (0.0s) | total leaves 0 nonDita 0  1s
R#168 0x406 r=3 nodes 0 pruned 0 leaves 0 (0.0s) | total leaves 0 nonDita 0  1s
R#169 0x407 r=4 nodes 1 pruned 1 leaves 0 (0.0s) | total leaves 0 nonDita 0  1s
R#170 0x408 r=2 nodes 0 pruned 0 leaves 0 (0.0s) | total leaves 0 nonDita 0  1s
R#171 0x409 r=3 nodes 0 pruned 0 leaves 0 (0.0s) | total leaves 0 nonDita 0  1s
R#172 0x40a r=3 nodes 1 pruned 1 leaves 0 (0.0s) | total leaves 0 nonDita 0  1s
R#173 0x40b r=4 nodes 1 pruned 1 leaves 0 (0.0s) | total leaves 0 nonDita 0  1s
R#174 0x40c r=3 nodes 0 pruned 0 leaves 0 (0.0s) | total leaves 0 nonDita 0  1s
R#175 0x40d r=4 nodes 1 pruned 1 leaves 0 (0.0s) | total leaves 0 nonDita 0  1s
R#176 0x40e r=4 nodes 1 pruned 1 leaves 0 (0.0s) | total leaves 0 nonDita 0  1s
R#177 0x40f r=5 nodes 1 pruned 1 leaves 0 (0.0s) | total leaves 0 nonDita 0  1s
R#178 0x410 r=2 nodes 0 pruned 0 leaves 0 (0.0s) | total leaves 0 nonDita 0  1s
R#179 0x411 r=3 nodes 0 pruned 0 leaves 0 (0.0s) | total leaves 0 nonDita 0  1s
R#180 0x414 r=3 nodes 1 pruned 1 leaves 0 (0.0s) | total leaves 0 nonDita 0  1s
R#181 0x415 r=4 nodes 1 pruned 1 leaves 0 (0.0s) | total leaves 0 nonDita 0  1s
R#182 0x41f r=6 nodes 1 pruned 0 leaves 0 (0.0s) | total leaves 0 nonDita 0  1s
R#183 0x420 r=2 nodes 0 pruned 0 leaves 0 (0.0s) | total leaves 0 nonDita 0  1s
R#184 0x421 r=3 nodes 0 pruned 0 leaves 0 (0.0s) | total leaves 0 nonDita 0  1s
R#185 0x424 r=3 nodes 0 pruned 0 leaves 0 (0.0s) | total leaves 0 nonDita 0  1s
R#186 0x440 r=2 nodes 0 pruned 0 leaves 0 (0.0s) | total leaves 0 nonDita 0  1s
R#187 0x441 r=3 nodes 0 pruned 0 leaves 0 (0.0s) | total leaves 0 nonDita 0  1s
R#188 0x444 r=3 nodes 1 pruned 1 leaves 0 (0.0s) | total leaves 0 nonDita 0  1s
R#189 0x445 r=4 nodes 1 pruned 1 leaves 0 (0.0s) | total leaves 0 nonDita 0  1s
R#190 0x44f r=6 nodes 1 pruned 0 leaves 0 (0.0s) | total leaves 0 nonDita 0  1s
R#191 0x450 r=3 nodes 0 pruned 0 leaves 0 (0.0s) | total leaves 0 nonDita 0  1s
R#192 0x451 r=4 nodes 1 pruned 1 leaves 0 (0.0s) | total leaves 0 nonDita 0  1s
R#193 0x454 r=4 nodes 1 pruned 1 leaves 0 (0.0s) | total leaves 0 nonDita 0  1s
R#194 0x480 r=2 nodes 0 pruned 0 leaves 0 (0.0s) | total leaves 0 nonDita 0  1s
R#195 0x481 r=3 nodes 0 pruned 0 leaves 0 (0.0s) | total leaves 0 nonDita 0  1s
R#196 0x484 r=3 nodes 0 pruned 0 leaves 0 (0.0s) | total leaves 0 nonDita 0  1s
R#197 0x4a0 r=3 nodes 0 pruned 0 leaves 0 (0.0s) | total leaves 0 nonDita 0  1s
R#198 0x4a1 r=4 nodes 1 pruned 1 leaves 0 (0.0s) | total leaves 0 nonDita 0  1s
R#199 0x4a4 r=4 nodes 1 pruned 1 leaves 0 (0.0s) | total leaves 0 nonDita 0  1s
R#200 0x4f0 r=5 nodes 0 pruned 0 leaves 0 (0.0s) | total leaves 0 nonDita 0  1s
R#201 0x4f1 r=6 nodes 1 pruned 1 leaves 0 (0.0s) | total leaves 0 nonDita 0  1s
R#202 0x4f4 r=6 nodes 5 pruned 4 leaves 0 (0.0s) | total leaves 0 nonDita 0  1s
R#203 0x500 r=2 nodes 1 pruned 1 leaves 0 (0.0s) | total leaves 0 nonDita 0  1s
R#204 0x501 r=3 nodes 1 pruned 1 leaves 0 (0.0s) | total leaves 0 nonDita 0  1s
R#205 0x502 r=3 nodes 1 pruned 1 leaves 0 (0.0s) | total leaves 0 nonDita 0  1s
R#206 0x503 r=4 nodes 1 pruned 1 leaves 0 (0.0s) | total leaves 0 nonDita 0  1s
R#207 0x504 r=3 nodes 1 pruned 1 leaves 0 (0.0s) | total leaves 0 nonDita 0  1s
R#208 0x505 r=4 nodes 1 pruned 1 leaves 0 (0.0s) | total leaves 0 nonDita 0  1s
R#209 0x506 r=4 nodes 1 pruned 1 leaves 0 (0.0s) | total leaves 0 nonDita 0  1s
R#210 0x507 r=5 nodes 1 pruned 1 leaves 0 (0.0s) | total leaves 0 nonDita 0  1s
R#211 0x508 r=3 nodes 1 pruned 1 leaves 0 (0.0s) | total leaves 0 nonDita 0  1s
R#212 0x509 r=4 nodes 1 pruned 1 leaves 0 (0.0s) | total leaves 0 nonDita 0  1s
R#213 0x50a r=4 nodes 1 pruned 1 leaves 0 (0.0s) | total leaves 0 nonDita 0  1s
R#214 0x50b r=5 nodes 1 pruned 1 leaves 0 (0.0s) | total leaves 0 nonDita 0  1s
R#215 0x50c r=4 nodes 1 pruned 1 leaves 0 (0.0s) | total leaves 0 nonDita 0  1s
R#216 0x50d r=5 nodes 1 pruned 1 leaves 0 (0.0s) | total leaves 0 nonDita 0  1s
R#217 0x50e r=5 nodes 1 pruned 1 leaves 0 (0.0s) | total leaves 0 nonDita 0  1s
R#218 0x50f r=6 nodes 1 pruned 1 leaves 0 (0.0s) | total leaves 0 nonDita 0  2s
R#219 0x510 r=3 nodes 0 pruned 0 leaves 0 (0.0s) | total leaves 0 nonDita 0  2s
R#220 0x511 r=4 nodes 1 pruned 1 leaves 0 (0.0s) | total leaves 0 nonDita 0  2s
R#221 0x514 r=4 nodes 1 pruned 1 leaves 0 (0.0s) | total leaves 0 nonDita 0  2s
R#222 0x515 r=5 nodes 1 pruned 1 leaves 0 (0.0s) | total leaves 0 nonDita 0  2s
R#223 0x517 r=6 nodes 1 pruned 0 leaves 0 (0.0s) | total leaves 0 nonDita 0  2s
R#224 0x51a r=5 nodes 0 pruned 0 leaves 0 (0.0s) | total leaves 0 nonDita 0  2s
R#225 0x51b r=6 nodes 1 pruned 0 leaves 0 (0.0s) | total leaves 0 nonDita 0  2s
R#226 0x51d r=6 nodes 1 pruned 0 leaves 0 (0.0s) | total leaves 0 nonDita 0  2s
R#227 0x51e r=6 nodes 1 pruned 0 leaves 0 (0.0s) | total leaves 0 nonDita 0  2s
R#228 0x51f r=7 nodes 1 pruned 0 leaves 0 (0.1s) | total leaves 0 nonDita 0  2s
R#229 0x520 r=3 nodes 0 pruned 0 leaves 0 (0.0s) | total leaves 0 nonDita 0  2s
R#230 0x525 r=5 nodes 1 pruned 1 leaves 0 (0.0s) | total leaves 0 nonDita 0  2s
R#231 0x527 r=6 nodes 1 pruned 0 leaves 0 (0.1s) | total leaves 0 nonDita 0  2s
R#232 0x52a r=5 nodes 0 pruned 0 leaves 0 (0.0s) | total leaves 0 nonDita 0  2s
R#233 0x52d r=6 nodes 1 pruned 0 leaves 0 (0.0s) | total leaves 0 nonDita 0  2s
R#234 0x52f r=7 nodes 1 pruned 0 leaves 0 (0.1s) | total leaves 0 nonDita 0  2s
R#235 0x535 r=6 nodes 1 pruned 0 leaves 0 (0.0s) | total leaves 0 nonDita 0  2s
R#236 0x540 r=3 nodes 0 pruned 0 leaves 0 (0.0s) | total leaves 0 nonDita 0  2s
R#237 0x541 r=4 nodes 1 pruned 1 leaves 0 (0.0s) | total leaves 0 nonDita 0  2s
R#238 0x544 r=4 nodes 1 pruned 1 leaves 0 (0.0s) | total leaves 0 nonDita 0  2s
R#239 0x545 r=5 nodes 1 pruned 1 leaves 0 (0.0s) | total leaves 0 nonDita 0  2s
R#240 0x547 r=6 nodes 1 pruned 0 leaves 0 (0.0s) | total leaves 0 nonDita 0  2s
R#241 0x54a r=5 nodes 0 pruned 0 leaves 0 (0.0s) | total leaves 0 nonDita 0  2s
R#242 0x54b r=6 nodes 1 pruned 0 leaves 0 (0.0s) | total leaves 0 nonDita 0  2s
R#243 0x54d r=6 nodes 1 pruned 0 leaves 0 (0.0s) | total leaves 0 nonDita 0  2s
R#244 0x54e r=6 nodes 1 pruned 0 leaves 0 (0.0s) | total leaves 0 nonDita 0  2s
R#245 0x54f r=7 nodes 1 pruned 0 leaves 0 (0.1s) | total leaves 0 nonDita 0  2s
R#246 0x550 r=4 nodes 1 pruned 1 leaves 0 (0.0s) | total leaves 0 nonDita 0  2s
R#247 0x555 r=6 nodes 1 pruned 1 leaves 0 (0.0s) | total leaves 0 nonDita 0  2s
R#248 0x557 r=7 nodes 5 pruned 0 leaves 0 (0.0s) | total leaves 0 nonDita 0  2s
R#249 0x55a r=6 nodes 1 pruned 1 leaves 0 (0.0s) | total leaves 0 nonDita 0  2s
R#250 0x55d r=7 nodes 5 pruned 0 leaves 0 (0.0s) | total leaves 0 nonDita 0  2s
R#251 0x55f r=8 nodes 93 pruned 64 leaves 0 (0.1s) | total leaves 0 nonDita 0  2s
R#252 0x565 r=6 nodes 1 pruned 0 leaves 0 (0.0s) | total leaves 0 nonDita 0  3s
R#253 0x575 r=7 nodes 33 pruned 20 leaves 0 (0.1s) | total leaves 0 nonDita 0  3s
R#254 0x580 r=3 nodes 0 pruned 0 leaves 0 (0.0s) | total leaves 0 nonDita 0  3s
R#255 0x585 r=5 nodes 1 pruned 1 leaves 0 (0.0s) | total leaves 0 nonDita 0  3s
R#256 0x587 r=6 nodes 1 pruned 0 leaves 0 (0.0s) | total leaves 0 nonDita 0  3s
R#257 0x58a r=5 nodes 0 pruned 0 leaves 0 (0.0s) | total leaves 0 nonDita 0  3s
R#258 0x58d r=6 nodes 1 pruned 0 leaves 0 (0.0s) | total leaves 0 nonDita 0  3s
R#259 0x58f r=7 nodes 1 pruned 0 leaves 0 (0.0s) | total leaves 0 nonDita 0  3s
R#260 0x595 r=6 nodes 1 pruned 0 leaves 0 (0.0s) | total leaves 0 nonDita 0  3s
R#261 0x5a0 r=4 nodes 1 pruned 1 leaves 0 (0.0s) | total leaves 0 nonDita 0  3s
R#262 0x5a5 r=6 nodes 1 pruned 1 leaves 0 (0.0s) | total leaves 0 nonDita 0  3s
R#263 0x5a7 r=7 nodes 5 pruned 4 leaves 0 (0.1s) | total leaves 0 nonDita 0  3s
R#264 0x5aa r=6 nodes 1 pruned 1 leaves 0 (0.0s) | total leaves 0 nonDita 0  3s
R#265 0x5ad r=7 nodes 5 pruned 4 leaves 0 (0.1s) | total leaves 0 nonDita 0  3s
R#266 0x5af r=8 nodes 93 pruned 92 leaves 0 (0.1s) | total leaves 0 nonDita 0  3s
R#267 0x5b5 r=7 nodes 33 pruned 28 leaves 0 (0.0s) | total leaves 0 nonDita 0  3s
R#268 0x5c5 r=6 nodes 1 pruned 0 leaves 0 (0.0s) | total leaves 0 nonDita 0  3s
R#269 0x5d5 r=7 nodes 33 pruned 20 leaves 0 (0.0s) | total leaves 0 nonDita 0  3s
R#270 0x5e5 r=7 nodes 33 pruned 28 leaves 0 (0.0s) | total leaves 0 nonDita 0  3s
R#271 0x5f0 r=6 nodes 1 pruned 1 leaves 0 (0.0s) | total leaves 0 nonDita 0  3s
R#272 0x5f5 r=8 nodes 33 pruned 20 leaves 0 (0.1s) | total leaves 0 nonDita 0  3s
R#273 0x5fa r=8 nodes 1 pruned 1 leaves 0 (0.0s) | total leaves 0 nonDita 0  3s
R#274 0x600 r=2 nodes 0 pruned 0 leaves 0 (0.0s) | total leaves 0 nonDita 0  3s
R#275 0x601 r=3 nodes 0 pruned 0 leaves 0 (0.0s) | total leaves 0 nonDita 0  3s
R#276 0x602 r=3 nodes 0 pruned 0 leaves 0 (0.0s) | total leaves 0 nonDita 0  3s
R#277 0x603 r=4 nodes 1 pruned 1 leaves 0 (0.0s) | total leaves 0 nonDita 0  3s
R#278 0x604 r=3 nodes 0 pruned 0 leaves 0 (0.0s) | total leaves 0 nonDita 0  3s
R#279 0x605 r=4 nodes 1 pruned 1 leaves 0 (0.0s) | total leaves 0 nonDita 0  3s
R#280 0x606 r=4 nodes 1 pruned 1 leaves 0 (0.0s) | total leaves 0 nonDita 0  3s
R#281 0x608 r=3 nodes 0 pruned 0 leaves 0 (0.0s) | total leaves 0 nonDita 0  3s
R#282 0x609 r=4 nodes 1 pruned 1 leaves 0 (0.0s) | total leaves 0 nonDita 0  3s
R#283 0x60a r=4 nodes 1 pruned 1 leaves 0 (0.0s) | total leaves 0 nonDita 0  3s
R#284 0x60c r=4 nodes 1 pruned 1 leaves 0 (0.0s) | total leaves 0 nonDita 0  3s
R#285 0x60f r=6 nodes 1 pruned 1 leaves 0 (0.0s) | total leaves 0 nonDita 0  3s
R#286 0x700 r=3 nodes 1 pruned 1 leaves 0 (0.0s) | total leaves 0 nonDita 0  3s
R#287 0x701 r=4 nodes 1 pruned 1 leaves 0 (0.0s) | total leaves 0 nonDita 0  3s
R#288 0x702 r=4 nodes 1 pruned 1 leaves 0 (0.0s) | total leaves 0 nonDita 0  3s
R#289 0x704 r=4 nodes 1 pruned 1 leaves 0 (0.0s) | total leaves 0 nonDita 0  3s
R#290 0x705 r=5 nodes 1 pruned 1 leaves 0 (0.0s) | total leaves 0 nonDita 0  3s
R#291 0x707 r=6 nodes 1 pruned 1 leaves 0 (0.0s) | total leaves 0 nonDita 0  4s
R#292 0x708 r=4 nodes 1 pruned 1 leaves 0 (0.0s) | total leaves 0 nonDita 0  4s
R#293 0x70a r=5 nodes 1 pruned 1 leaves 0 (0.0s) | total leaves 0 nonDita 0  4s
R#294 0x70b r=6 nodes 1 pruned 1 leaves 0 (0.0s) | total leaves 0 nonDita 0  4s
R#295 0x70d r=6 nodes 1 pruned 1 leaves 0 (0.1s) | total leaves 0 nonDita 0  4s
R#296 0x70e r=6 nodes 1 pruned 1 leaves 0 (0.0s) | total leaves 0 nonDita 0  4s
R#297 0x70f r=7 nodes 1 pruned 1 leaves 0 (0.1s) | total leaves 0 nonDita 0  4s
R#298 0x715 r=6 nodes 1 pruned 0 leaves 0 (0.0s) | total leaves 0 nonDita 0  4s
R#299 0x717 r=7 nodes 5 pruned 0 leaves 0 (0.1s) | total leaves 0 nonDita 0  4s
R#300 0x71d r=7 nodes 5 pruned 4 leaves 0 (0.0s) | total leaves 0 nonDita 0  4s
R#301 0x71f r=8 nodes 1 pruned 0 leaves 0 (0.0s) | total leaves 0 nonDita 0  4s
R#302 0x725 r=6 nodes 1 pruned 0 leaves 0 (0.0s) | total leaves 0 nonDita 0  4s
R#303 0x727 r=7 nodes 33 pruned 20 leaves 0 (0.1s) | total leaves 0 nonDita 0  4s
R#304 0x72a r=6 nodes 1 pruned 0 leaves 0 (0.1s) | total leaves 0 nonDita 0  4s
R#305 0x72d r=7 nodes 1 pruned 0 leaves 0 (0.1s) | total leaves 0 nonDita 0  4s
R#306 0x72f r=8 nodes 1 pruned 0 leaves 0 (0.1s) | total leaves 0 nonDita 0  4s
R#307 0x745 r=6 nodes 1 pruned 0 leaves 0 (0.0s) | total leaves 0 nonDita 0  4s
R#308 0x747 r=7 nodes 5 pruned 0 leaves 0 (0.1s) | total leaves 0 nonDita 0  4s
R#309 0x74d r=7 nodes 5 pruned 4 leaves 0 (0.1s) | total leaves 0 nonDita 0  5s
R#310 0x74f r=8 nodes 1 pruned 0 leaves 0 (0.0s) | total leaves 0 nonDita 0  5s
R#311 0x755 r=7 nodes 5 pruned 0 leaves 0 (0.1s) | total leaves 0 nonDita 0  5s
R#312 0x757 r=8 nodes 33 pruned 20 leaves 0 (0.1s) | total leaves 0 nonDita 0  5s
R#313 0x75d r=8 nodes 33 pruned 28 leaves 0 (0.1s) | total leaves 0 nonDita 0  5s
R#314 0x75f r=9 nodes 1 pruned 0 leaves 0 (0.0s) | total leaves 0 nonDita 0  5s
R#315 0x777 r=9 nodes 1 pruned 0 leaves 0 (0.0s) | total leaves 0 nonDita 0  5s
R#316 0x785 r=6 nodes 1 pruned 0 leaves 0 (0.1s) | total leaves 0 nonDita 0  5s
R#317 0x787 r=7 nodes 33 pruned 20 leaves 0 (0.1s) | total leaves 0 nonDita 0  5s
R#318 0x78a r=6 nodes 1 pruned 0 leaves 0 (0.0s) | total leaves 0 nonDita 0  5s
R#319 0x78d r=7 nodes 1 pruned 0 leaves 0 (0.1s) | total leaves 0 nonDita 0  5s
R#320 0x78f r=8 nodes 1 pruned 0 leaves 0 (0.1s) | total leaves 0 nonDita 0  5s
R#321 0x7a5 r=7 nodes 5 pruned 4 leaves 0 (0.1s) | total leaves 0 nonDita 0  5s
R#322 0x7a7 r=8 nodes 33 pruned 20 leaves 0 (0.1s) | total leaves 0 nonDita 0  6s
R#323 0x7ad r=8 nodes 33 pruned 32 leaves 0 (0.1s) | total leaves 0 nonDita 0  6s
R#324 0x7af r=9 nodes 1 pruned 0 leaves 0 (0.0s) | total leaves 0 nonDita 0  6s
R#325 0x7d7 r=9 nodes 1 pruned 0 leaves 0 (0.0s) | total leaves 0 nonDita 0  6s
R#326 0x801 r=2 nodes 0 pruned 0 leaves 0 (0.0s) | total leaves 0 nonDita 0  6s
R#327 0x802 r=2 nodes 1 pruned 1 leaves 0 (0.0s) | total leaves 0 nonDita 0  6s
R#328 0x803 r=3 nodes 0 pruned 0 leaves 0 (0.0s) | total leaves 0 nonDita 0  6s
R#329 0x804 r=2 nodes 0 pruned 0 leaves 0 (0.0s) | total leaves 0 nonDita 0  6s
R#330 0x805 r=3 nodes 1 pruned 1 leaves 0 (0.0s) | total leaves 0 nonDita 0  6s
R#331 0x806 r=3 nodes 0 pruned 0 leaves 0 (0.0s) | total leaves 0 nonDita 0  6s
R#332 0x807 r=4 nodes 1 pruned 1 leaves 0 (0.0s) | total leaves 0 nonDita 0  6s
R#333 0x808 r=2 nodes 1 pruned 1 leaves 0 (0.0s) | total leaves 0 nonDita 0  6s
R#334 0x809 r=3 nodes 0 pruned 0 leaves 0 (0.0s) | total leaves 0 nonDita 0  6s
R#335 0x80a r=3 nodes 1 pruned 1 leaves 0 (0.0s) | total leaves 0 nonDita 0  6s
R#336 0x80b r=4 nodes 1 pruned 1 leaves 0 (0.0s) | total leaves 0 nonDita 0  6s
R#337 0x80c r=3 nodes 0 pruned 0 leaves 0 (0.0s) | total leaves 0 nonDita 0  6s
R#338 0x80d r=4 nodes 1 pruned 1 leaves 0 (0.0s) | total leaves 0 nonDita 0  6s
R#339 0x80e r=4 nodes 1 pruned 1 leaves 0 (0.0s) | total leaves 0 nonDita 0  6s
R#340 0x80f r=5 nodes 1 pruned 1 leaves 0 (0.0s) | total leaves 0 nonDita 0  6s
R#341 0x810 r=2 nodes 0 pruned 0 leaves 0 (0.0s) | total leaves 0 nonDita 0  6s
R#342 0x812 r=3 nodes 0 pruned 0 leaves 0 (0.0s) | total leaves 0 nonDita 0  6s
R#343 0x818 r=3 nodes 0 pruned 0 leaves 0 (0.0s) | total leaves 0 nonDita 0  6s
R#344 0x820 r=2 nodes 0 pruned 0 leaves 0 (0.0s) | total leaves 0 nonDita 0  6s
R#345 0x822 r=3 nodes 0 pruned 0 leaves 0 (0.0s) | total leaves 0 nonDita 0  6s
R#346 0x828 r=3 nodes 1 pruned 1 leaves 0 (0.0s) | total leaves 0 nonDita 0  6s
R#347 0x82a r=4 nodes 1 pruned 1 leaves 0 (0.0s) | total leaves 0 nonDita 0  6s
R#348 0x82f r=6 nodes 1 pruned 0 leaves 0 (0.0s) | total leaves 0 nonDita 0  6s
R#349 0x840 r=2 nodes 0 pruned 0 leaves 0 (0.0s) | total leaves 0 nonDita 0  6s
R#350 0x842 r=3 nodes 0 pruned 0 leaves 0 (0.0s) | total leaves 0 nonDita 0  6s
R#351 0x848 r=3 nodes 0 pruned 0 leaves 0 (0.0s) | total leaves 0 nonDita 0  6s
R#352 0x850 r=3 nodes 0 pruned 0 leaves 0 (0.0s) | total leaves 0 nonDita 0  6s
R#353 0x852 r=4 nodes 1 pruned 1 leaves 0 (0.0s) | total leaves 0 nonDita 0  6s
R#354 0x858 r=4 nodes 1 pruned 1 leaves 0 (0.0s) | total leaves 0 nonDita 0  6s
R#355 0x880 r=2 nodes 0 pruned 0 leaves 0 (0.0s) | total leaves 0 nonDita 0  6s
R#356 0x882 r=3 nodes 0 pruned 0 leaves 0 (0.0s) | total leaves 0 nonDita 0  6s
R#357 0x888 r=3 nodes 1 pruned 1 leaves 0 (0.0s) | total leaves 0 nonDita 0  6s
R#358 0x88a r=4 nodes 1 pruned 1 leaves 0 (0.0s) | total leaves 0 nonDita 0  6s
R#359 0x88f r=6 nodes 1 pruned 0 leaves 0 (0.0s) | total leaves 0 nonDita 0  6s
R#360 0x8a0 r=3 nodes 0 pruned 0 leaves 0 (0.0s) | total leaves 0 nonDita 0  6s
R#361 0x8a2 r=4 nodes 1 pruned 1 leaves 0 (0.0s) | total leaves 0 nonDita 0  6s
R#362 0x8a8 r=4 nodes 1 pruned 1 leaves 0 (0.0s) | total leaves 0 nonDita 0  6s
R#363 0x8f0 r=5 nodes 0 pruned 0 leaves 0 (0.0s) | total leaves 0 nonDita 0  6s
R#364 0x8f2 r=6 nodes 1 pruned 1 leaves 0 (0.0s) | total leaves 0 nonDita 0  6s
R#365 0x8f8 r=6 nodes 5 pruned 4 leaves 0 (0.1s) | total leaves 0 nonDita 0  6s
R#366 0x900 r=2 nodes 0 pruned 0 leaves 0 (0.0s) | total leaves 0 nonDita 0  6s
R#367 0x901 r=3 nodes 0 pruned 0 leaves 0 (0.0s) | total leaves 0 nonDita 0  6s
R#368 0x902 r=3 nodes 0 pruned 0 leaves 0 (0.0s) | total leaves 0 nonDita 0  6s
R#369 0x903 r=4 nodes 1 pruned 1 leaves 0 (0.0s) | total leaves 0 nonDita 0  6s
R#370 0x904 r=3 nodes 0 pruned 0 leaves 0 (0.0s) | total leaves 0 nonDita 0  6s
R#371 0x905 r=4 nodes 1 pruned 1 leaves 0 (0.0s) | total leaves 0 nonDita 0  6s
R#372 0x906 r=4 nodes 1 pruned 1 leaves 0 (0.0s) | total leaves 0 nonDita 0  6s
R#373 0x908 r=3 nodes 0 pruned 0 leaves 0 (0.0s) | total leaves 0 nonDita 0  6s
R#374 0x909 r=4 nodes 1 pruned 1 leaves 0 (0.0s) | total leaves 0 nonDita 0  6s
R#375 0x90a r=4 nodes 1 pruned 1 leaves 0 (0.0s) | total leaves 0 nonDita 0  6s
R#376 0x90c r=4 nodes 1 pruned 1 leaves 0 (0.0s) | total leaves 0 nonDita 0  6s
R#377 0x90f r=6 nodes 1 pruned 1 leaves 0 (0.0s) | total leaves 0 nonDita 0  6s
R#378 0xa00 r=2 nodes 1 pruned 1 leaves 0 (0.0s) | total leaves 0 nonDita 0  6s
R#379 0xa01 r=3 nodes 1 pruned 1 leaves 0 (0.0s) | total leaves 0 nonDita 0  6s
R#380 0xa02 r=3 nodes 1 pruned 1 leaves 0 (0.0s) | total leaves 0 nonDita 0  6s
R#381 0xa03 r=4 nodes 1 pruned 1 leaves 0 (0.0s) | total leaves 0 nonDita 0  6s
R#382 0xa04 r=3 nodes 1 pruned 1 leaves 0 (0.0s) | total leaves 0 nonDita 0  6s
R#383 0xa05 r=4 nodes 1 pruned 1 leaves 0 (0.0s) | total leaves 0 nonDita 0  6s
R#384 0xa06 r=4 nodes 1 pruned 1 leaves 0 (0.0s) | total leaves 0 nonDita 0  6s
R#385 0xa07 r=5 nodes 1 pruned 1 leaves 0 (0.0s) | total leaves 0 nonDita 0  6s
R#386 0xa08 r=3 nodes 1 pruned 1 leaves 0 (0.0s) | total leaves 0 nonDita 0  6s
R#387 0xa09 r=4 nodes 1 pruned 1 leaves 0 (0.0s) | total leaves 0 nonDita 0  6s
R#388 0xa0a r=4 nodes 1 pruned 1 leaves 0 (0.0s) | total leaves 0 nonDita 0  6s
R#389 0xa0b r=5 nodes 1 pruned 1 leaves 0 (0.0s) | total leaves 0 nonDita 0  6s
R#390 0xa0c r=4 nodes 1 pruned 1 leaves 0 (0.0s) | total leaves 0 nonDita 0  6s
R#391 0xa0d r=5 nodes 1 pruned 1 leaves 0 (0.0s) | total leaves 0 nonDita 0  6s
R#392 0xa0e r=5 nodes 1 pruned 1 leaves 0 (0.0s) | total leaves 0 nonDita 0  6s
R#393 0xa0f r=6 nodes 1 pruned 1 leaves 0 (0.0s) | total leaves 0 nonDita 0  6s
R#394 0xa10 r=3 nodes 0 pruned 0 leaves 0 (0.0s) | total leaves 0 nonDita 0  6s
R#395 0xa15 r=5 nodes 0 pruned 0 leaves 0 (0.0s) | total leaves 0 nonDita 0  6s
R#396 0xa1a r=5 nodes 1 pruned 1 leaves 0 (0.0s) | total leaves 0 nonDita 0  6s
R#397 0xa1b r=6 nodes 1 pruned 0 leaves 0 (0.1s) | total leaves 0 nonDita 0  6s
R#398 0xa1e r=6 nodes 1 pruned 0 leaves 0 (0.0s) | total leaves 0 nonDita 0  7s
R#399 0xa1f r=7 nodes 1 pruned 0 leaves 0 (0.1s) | total leaves 0 nonDita 0  7s
R#400 0xa20 r=3 nodes 0 pruned 0 leaves 0 (0.0s) | total leaves 0 nonDita 0  7s
R#401 0xa22 r=4 nodes 1 pruned 1 leaves 0 (0.0s) | total leaves 0 nonDita 0  7s
R#402 0xa25 r=5 nodes 0 pruned 0 leaves 0 (0.0s) | total leaves 0 nonDita 0  7s
R#403 0xa27 r=6 nodes 1 pruned 0 leaves 0 (0.0s) | total leaves 0 nonDita 0  7s
R#404 0xa28 r=4 nodes 1 pruned 1 leaves 0 (0.0s) | total leaves 0 nonDita 0  7s
R#405 0xa2a r=5 nodes 1 pruned 1 leaves 0 (0.0s) | total leaves 0 nonDita 0  7s
R#406 0xa2b r=6 nodes 1 pruned 0 leaves 0 (0.0s) | total leaves 0 nonDita 0  7s
R#407 0xa2d r=6 nodes 1 pruned 0 leaves 0 (0.0s) | total leaves 0 nonDita 0  7s
R#408 0xa2e r=6 nodes 1 pruned 0 leaves 0 (0.0s) | total leaves 0 nonDita 0  7s
R#409 0xa2f r=7 nodes 1 pruned 0 leaves 0 (0.1s) | total leaves 0 nonDita 0  7s
R#410 0xa3a r=6 nodes 1 pruned 0 leaves 0 (0.1s) | total leaves 0 nonDita 0  7s
R#411 0xa40 r=3 nodes 0 pruned 0 leaves 0 (0.0s) | total leaves 0 nonDita 0  7s
R#412 0xa45 r=5 nodes 0 pruned 0 leaves 0 (0.0s) | total leaves 0 nonDita 0  7s
R#413 0xa4a r=5 nodes 1 pruned 1 leaves 0 (0.0s) | total leaves 0 nonDita 0  7s
R#414 0xa4b r=6 nodes 1 pruned 0 leaves 0 (0.0s) | total leaves 0 nonDita 0  7s
R#415 0xa4e r=6 nodes 1 pruned 0 leaves 0 (0.0s) | total leaves 0 nonDita 0  7s
R#416 0xa4f r=7 nodes 1 pruned 0 leaves 0 (0.0s) | total leaves 0 nonDita 0  7s
R#417 0xa50 r=4 nodes 1 pruned 1 leaves 0 (0.0s) | total leaves 0 nonDita 0  7s
R#418 0xa55 r=6 nodes 1 pruned 1 leaves 0 (0.0s) | total leaves 0 nonDita 0  7s
R#419 0xa5a r=6 nodes 1 pruned 1 leaves 0 (0.0s) | total leaves 0 nonDita 0  7s
R#420 0xa5b r=7 nodes 1 pruned 0 leaves 0 (0.0s) | total leaves 0 nonDita 0  7s
R#421 0xa5e r=7 nodes 5 pruned 4 leaves 0 (0.0s) | total leaves 0 nonDita 0  7s
R#422 0xa5f r=8 nodes 253 pruned 144 leaves 0 (0.5s) | total leaves 0 nonDita 0  8s
R#423 0xa6a r=6 nodes 1 pruned 0 leaves 0 (0.0s) | total leaves 0 nonDita 0  8s
R#424 0xa7a r=7 nodes 33 pruned 28 leaves 0 (0.1s) | total leaves 0 nonDita 0  8s
R#425 0xa80 r=3 nodes 0 pruned 0 leaves 0 (0.0s) | total leaves 0 nonDita 0  8s
R#426 0xa82 r=4 nodes 1 pruned 1 leaves 0 (0.0s) | total leaves 0 nonDita 0  8s
R#427 0xa85 r=5 nodes 0 pruned 0 leaves 0 (0.0s) | total leaves 0 nonDita 0  8s
R#428 0xa87 r=6 nodes 1 pruned 0 leaves 0 (0.1s) | total leaves 0 nonDita 0  8s
R#429 0xa88 r=4 nodes 1 pruned 1 leaves 0 (0.0s) | total leaves 0 nonDita 0  8s
R#430 0xa8a r=5 nodes 1 pruned 1 leaves 0 (0.1s) | total leaves 0 nonDita 0  8s
R#431 0xa8b r=6 nodes 1 pruned 0 leaves 0 (0.1s) | total leaves 0 nonDita 0  8s
R#432 0xa8d r=6 nodes 1 pruned 0 leaves 0 (0.0s) | total leaves 0 nonDita 0  8s
R#433 0xa8e r=6 nodes 1 pruned 0 leaves 0 (0.0s) | total leaves 0 nonDita 0  8s
R#434 0xa8f r=7 nodes 1 pruned 0 leaves 0 (0.1s) | total leaves 0 nonDita 0  8s
R#435 0xa9a r=6 nodes 1 pruned 0 leaves 0 (0.0s) | total leaves 0 nonDita 0  8s
R#436 0xaa0 r=4 nodes 1 pruned 1 leaves 0 (0.0s) | total leaves 0 nonDita 0  8s
R#437 0xaa5 r=6 nodes 1 pruned 1 leaves 0 (0.0s) | total leaves 0 nonDita 0  8s
R#438 0xaaa r=6 nodes 1 pruned 1 leaves 0 (0.0s) | total leaves 0 nonDita 0  8s
R#439 0xaab r=7 nodes 1 pruned 0 leaves 0 (0.0s) | total leaves 0 nonDita 0  8s
R#440 0xaae r=7 nodes 5 pruned 0 leaves 0 (0.1s) | total leaves 0 nonDita 0  9s
R#441 0xaaf r=8 nodes 253 pruned 208 leaves 0 (0.5s) | total leaves 0 nonDita 0  9s
R#442 0xaba r=7 nodes 33 pruned 20 leaves 0 (0.1s) | total leaves 0 nonDita 0  9s
R#443 0xaca r=6 nodes 1 pruned 0 leaves 0 (0.1s) | total leaves 0 nonDita 0  9s
R#444 0xada r=7 nodes 33 pruned 28 leaves 0 (0.1s) | total leaves 0 nonDita 0  9s
R#445 0xaea r=7 nodes 33 pruned 20 leaves 0 (0.1s) | total leaves 0 nonDita 0  9s
R#446 0xaf0 r=6 nodes 1 pruned 1 leaves 0 (0.0s) | total leaves 0 nonDita 0  9s
R#447 0xaf5 r=8 nodes 1 pruned 1 leaves 0 (0.0s) | total leaves 0 nonDita 0  9s
R#448 0xafa r=8 nodes 33 pruned 20 leaves 0 (0.2s) | total leaves 0 nonDita 0  10s
R#449 0xb00 r=3 nodes 1 pruned 1 leaves 0 (0.0s) | total leaves 0 nonDita 0  10s
R#450 0xb01 r=4 nodes 1 pruned 1 leaves 0 (0.0s) | total leaves 0 nonDita 0  10s
R#451 0xb02 r=4 nodes 1 pruned 1 leaves 0 (0.0s) | total leaves 0 nonDita 0  10s
R#452 0xb04 r=4 nodes 1 pruned 1 leaves 0 (0.0s) | total leaves 0 nonDita 0  10s
R#453 0xb05 r=5 nodes 1 pruned 1 leaves 0 (0.0s) | total leaves 0 nonDita 0  10s
R#454 0xb07 r=6 nodes 1 pruned 1 leaves 0 (0.0s) | total leaves 0 nonDita 0  10s
R#455 0xb08 r=4 nodes 1 pruned 1 leaves 0 (0.0s) | total leaves 0 nonDita 0  10s
R#456 0xb0a r=5 nodes 1 pruned 1 leaves 0 (0.0s) | total leaves 0 nonDita 0  10s
R#457 0xb0b r=6 nodes 1 pruned 1 leaves 0 (0.0s) | total leaves 0 nonDita 0  10s
R#458 0xb0d r=6 nodes 1 pruned 1 leaves 0 (0.0s) | total leaves 0 nonDita 0  10s
R#459 0xb0e r=6 nodes 1 pruned 1 leaves 0 (0.0s) | total leaves 0 nonDita 0  10s
R#460 0xb0f r=7 nodes 1 pruned 1 leaves 0 (0.1s) | total leaves 0 nonDita 0  10s
R#461 0xb15 r=6 nodes 1 pruned 0 leaves 0 (0.0s) | total leaves 0 nonDita 0  10s
R#462 0xb1a r=6 nodes 1 pruned 0 leaves 0 (0.0s) | total leaves 0 nonDita 0  10s
R#463 0xb1b r=7 nodes 33 pruned 20 leaves 0 (0.0s) | total leaves 0 nonDita 0  10s
R#464 0xb1e r=7 nodes 1 pruned 0 leaves 0 (0.0s) | total leaves 0 nonDita 0  10s
R#465 0xb1f r=8 nodes 1 pruned 0 leaves 0 (0.0s) | total leaves 0 nonDita 0  10s
R#466 0xb2a r=6 nodes 1 pruned 0 leaves 0 (0.1s) | total leaves 0 nonDita 0  10s
R#467 0xb2b r=7 nodes 5 pruned 0 leaves 0 (0.1s) | total leaves 0 nonDita 0  10s
R#468 0xb2e r=7 nodes 5 pruned 4 leaves 0 (0.0s) | total leaves 0 nonDita 0  10s
R#469 0xb2f r=8 nodes 1 pruned 0 leaves 0 (0.0s) | total leaves 0 nonDita 0  10s
R#470 0xb45 r=6 nodes 1 pruned 0 leaves 0 (0.0s) | total leaves 0 nonDita 0  10s
R#471 0xb4a r=6 nodes 1 pruned 0 leaves 0 (0.0s) | total leaves 0 nonDita 0  10s
R#472 0xb4b r=7 nodes 33 pruned 20 leaves 0 (0.0s) | total leaves 0 nonDita 0  10s
R#473 0xb4e r=7 nodes 1 pruned 0 leaves 0 (0.0s) | total leaves 0 nonDita 0  10s
R#474 0xb4f r=8 nodes 1 pruned 0 leaves 0 (0.1s) | total leaves 0 nonDita 0  11s
R#475 0xb5a r=7 nodes 5 pruned 4 leaves 0 (0.1s) | total leaves 0 nonDita 0  11s
R#476 0xb5b r=8 nodes 33 pruned 20 leaves 0 (0.1s) | total leaves 0 nonDita 0  11s
R#477 0xb5e r=8 nodes 33 pruned 32 leaves 0 (0.1s) | total leaves 0 nonDita 0  11s
R#478 0xb5f r=9 nodes 1 pruned 0 leaves 0 (0.0s) | total leaves 0 nonDita 0  11s
R#479 0xb8a r=6 nodes 1 pruned 0 leaves 0 (0.0s) | total leaves 0 nonDita 0  11s
R#480 0xb8b r=7 nodes 5 pruned 0 leaves 0 (0.0s) | total leaves 0 nonDita 0  11s
R#481 0xb8e r=7 nodes 5 pruned 4 leaves 0 (0.0s) | total leaves 0 nonDita 0  11s
R#482 0xb8f r=8 nodes 1 pruned 0 leaves 0 (0.0s) | total leaves 0 nonDita 0  11s
R#483 0xbaa r=7 nodes 5 pruned 0 leaves 0 (0.1s) | total leaves 0 nonDita 0  11s
R#484 0xbab r=8 nodes 33 pruned 20 leaves 0 (0.1s) | total leaves 0 nonDita 0  11s
R#485 0xbae r=8 nodes 33 pruned 28 leaves 0 (0.1s) | total leaves 0 nonDita 0  11s
R#486 0xbaf r=9 nodes 1 pruned 0 leaves 0 (0.0s) | total leaves 0 nonDita 0  11s
R#487 0xbbb r=9 nodes 1 pruned 0 leaves 0 (0.0s) | total leaves 0 nonDita 0  11s
R#488 0xbeb r=9 nodes 1 pruned 0 leaves 0 (0.0s) | total leaves 0 nonDita 0  11s
R#489 0xc00 r=2 nodes 0 pruned 0 leaves 0 (0.0s) | total leaves 0 nonDita 0  11s
R#490 0xc01 r=3 nodes 0 pruned 0 leaves 0 (0.0s) | total leaves 0 nonDita 0  11s
R#491 0xc02 r=3 nodes 0 pruned 0 leaves 0 (0.0s) | total leaves 0 nonDita 0  11s
R#492 0xc03 r=4 nodes 1 pruned 1 leaves 0 (0.0s) | total leaves 0 nonDita 0  11s
R#493 0xc04 r=3 nodes 0 pruned 0 leaves 0 (0.0s) | total leaves 0 nonDita 0  11s
R#494 0xc05 r=4 nodes 1 pruned 1 leaves 0 (0.0s) | total leaves 0 nonDita 0  11s
R#495 0xc06 r=4 nodes 1 pruned 1 leaves 0 (0.0s) | total leaves 0 nonDita 0  11s
R#496 0xc08 r=3 nodes 0 pruned 0 leaves 0 (0.0s) | total leaves 0 nonDita 0  11s
R#497 0xc09 r=4 nodes 1 pruned 1 leaves 0 (0.0s) | total leaves 0 nonDita 0  11s
R#498 0xc0a r=4 nodes 1 pruned 1 leaves 0 (0.0s) | total leaves 0 nonDita 0  11s
R#499 0xc0c r=4 nodes 1 pruned 1 leaves 0 (0.0s) | total leaves 0 nonDita 0  11s
R#500 0xc0f r=6 nodes 1 pruned 1 leaves 0 (0.0s) | total leaves 0 nonDita 0  11s
R#501 0xd00 r=3 nodes 1 pruned 1 leaves 0 (0.0s) | total leaves 0 nonDita 0  11s
R#502 0xd01 r=4 nodes 1 pruned 1 leaves 0 (0.0s) | total leaves 0 nonDita 0  11s
R#503 0xd02 r=4 nodes 1 pruned 1 leaves 0 (0.0s) | total leaves 0 nonDita 0  11s
R#504 0xd04 r=4 nodes 1 pruned 1 leaves 0 (0.0s) | total leaves 0 nonDita 0  11s
R#505 0xd05 r=5 nodes 1 pruned 1 leaves 0 (0.0s) | total leaves 0 nonDita 0  11s
R#506 0xd07 r=6 nodes 1 pruned 1 leaves 0 (0.0s) | total leaves 0 nonDita 0  11s
R#507 0xd08 r=4 nodes 1 pruned 1 leaves 0 (0.0s) | total leaves 0 nonDita 0  11s
R#508 0xd0a r=5 nodes 1 pruned 1 leaves 0 (0.0s) | total leaves 0 nonDita 0  11s
R#509 0xd0b r=6 nodes 1 pruned 1 leaves 0 (0.0s) | total leaves 0 nonDita 0  11s
R#510 0xd0d r=6 nodes 1 pruned 1 leaves 0 (0.0s) | total leaves 0 nonDita 0  11s
R#511 0xd0e r=6 nodes 1 pruned 1 leaves 0 (0.0s) | total leaves 0 nonDita 0  11s
R#512 0xd0f r=7 nodes 1 pruned 1 leaves 0 (0.1s) | total leaves 0 nonDita 0  12s
R#513 0xd15 r=6 nodes 1 pruned 0 leaves 0 (0.0s) | total leaves 0 nonDita 0  12s
R#514 0xd17 r=7 nodes 5 pruned 4 leaves 0 (0.1s) | total leaves 0 nonDita 0  12s
R#515 0xd1d r=7 nodes 5 pruned 0 leaves 0 (0.1s) | total leaves 0 nonDita 0  12s
R#516 0xd1f r=8 nodes 1 pruned 0 leaves 0 (0.0s) | total leaves 0 nonDita 0  12s
R#517 0xd25 r=6 nodes 1 pruned 0 leaves 0 (0.1s) | total leaves 0 nonDita 0  12s
R#518 0xd27 r=7 nodes 1 pruned 0 leaves 0 (0.1s) | total leaves 0 nonDita 0  12s
R#519 0xd2a r=6 nodes 1 pruned 0 leaves 0 (0.0s) | total leaves 0 nonDita 0  12s
R#520 0xd2d r=7 nodes 33 pruned 20 leaves 0 (0.2s) | total leaves 0 nonDita 0  12s
R#521 0xd2f r=8 nodes 1 pruned 0 leaves 0 (0.1s) | total leaves 0 nonDita 0  12s
R#522 0xd45 r=6 nodes 1 pruned 0 leaves 0 (0.0s) | total leaves 0 nonDita 0  12s
R#523 0xd47 r=7 nodes 5 pruned 4 leaves 0 (0.1s) | total leaves 0 nonDita 0  12s
R#524 0xd4d r=7 nodes 5 pruned 0 leaves 0 (0.1s) | total leaves 0 nonDita 0  12s
R#525 0xd4f r=8 nodes 1 pruned 0 leaves 0 (0.0s) | total leaves 0 nonDita 0  12s
R#526 0xd55 r=7 nodes 5 pruned 0 leaves 0 (0.1s) | total leaves 0 nonDita 0  13s
R#527 0xd57 r=8 nodes 33 pruned 28 leaves 0 (0.1s) | total leaves 0 nonDita 0  13s
R#528 0xd5d r=8 nodes 33 pruned 20 leaves 0 (0.1s) | total leaves 0 nonDita 0  13s
R#529 0xd5f r=9 nodes 1 pruned 0 leaves 0 (0.0s) | total leaves 0 nonDita 0  13s
R#530 0xd7d r=9 nodes 1 pruned 0 leaves 0 (0.0s) | total leaves 0 nonDita 0  13s
R#531 0xd85 r=6 nodes 1 pruned 0 leaves 0 (0.0s) | total leaves 0 nonDita 0  13s
R#532 0xd87 r=7 nodes 1 pruned 0 leaves 0 (0.0s) | total leaves 0 nonDita 0  13s
R#533 0xd8a r=6 nodes 1 pruned 0 leaves 0 (0.0s) | total leaves 0 nonDita 0  13s
R#534 0xd8d r=7 nodes 33 pruned 20 leaves 0 (0.0s) | total leaves 0 nonDita 0  13s
R#535 0xd8f r=8 nodes 1 pruned 0 leaves 0 (0.0s) | total leaves 0 nonDita 0  13s
R#536 0xda5 r=7 nodes 5 pruned 4 leaves 0 (0.0s) | total leaves 0 nonDita 0  13s
R#537 0xda7 r=8 nodes 33 pruned 32 leaves 0 (0.0s) | total leaves 0 nonDita 0  13s
R#538 0xdad r=8 nodes 33 pruned 20 leaves 0 (0.1s) | total leaves 0 nonDita 0  13s
R#539 0xdaf r=9 nodes 1 pruned 0 leaves 0 (0.0s) | total leaves 0 nonDita 0  13s
R#540 0xddd r=9 nodes 1 pruned 0 leaves 0 (0.0s) | total leaves 0 nonDita 0  13s
R#541 0xe00 r=3 nodes 1 pruned 1 leaves 0 (0.0s) | total leaves 0 nonDita 0  13s
R#542 0xe01 r=4 nodes 1 pruned 1 leaves 0 (0.0s) | total leaves 0 nonDita 0  13s
R#543 0xe02 r=4 nodes 1 pruned 1 leaves 0 (0.0s) | total leaves 0 nonDita 0  13s
R#544 0xe04 r=4 nodes 1 pruned 1 leaves 0 (0.0s) | total leaves 0 nonDita 0  13s
R#545 0xe05 r=5 nodes 1 pruned 1 leaves 0 (0.0s) | total leaves 0 nonDita 0  13s
R#546 0xe07 r=6 nodes 1 pruned 1 leaves 0 (0.0s) | total leaves 0 nonDita 0  13s
R#547 0xe08 r=4 nodes 1 pruned 1 leaves 0 (0.0s) | total leaves 0 nonDita 0  13s
R#548 0xe0a r=5 nodes 1 pruned 1 leaves 0 (0.0s) | total leaves 0 nonDita 0  13s
R#549 0xe0b r=6 nodes 1 pruned 1 leaves 0 (0.0s) | total leaves 0 nonDita 0  13s
R#550 0xe0d r=6 nodes 1 pruned 1 leaves 0 (0.0s) | total leaves 0 nonDita 0  13s
R#551 0xe0e r=6 nodes 1 pruned 1 leaves 0 (0.0s) | total leaves 0 nonDita 0  13s
R#552 0xe0f r=7 nodes 1 pruned 1 leaves 0 (0.2s) | total leaves 0 nonDita 0  14s
R#553 0xe15 r=6 nodes 1 pruned 0 leaves 0 (0.0s) | total leaves 0 nonDita 0  14s
R#554 0xe1a r=6 nodes 1 pruned 0 leaves 0 (0.0s) | total leaves 0 nonDita 0  14s
R#555 0xe1b r=7 nodes 1 pruned 0 leaves 0 (0.1s) | total leaves 0 nonDita 0  14s
R#556 0xe1e r=7 nodes 33 pruned 20 leaves 0 (0.1s) | total leaves 0 nonDita 0  14s
R#557 0xe1f r=8 nodes 1 pruned 0 leaves 0 (0.1s) | total leaves 0 nonDita 0  14s
R#558 0xe2a r=6 nodes 1 pruned 0 leaves 0 (0.0s) | total leaves 0 nonDita 0  14s
R#559 0xe2b r=7 nodes 5 pruned 4 leaves 0 (0.0s) | total leaves 0 nonDita 0  14s
R#560 0xe2e r=7 nodes 5 pruned 0 leaves 0 (0.0s) | total leaves 0 nonDita 0  14s
R#561 0xe2f r=8 nodes 1 pruned 0 leaves 0 (0.0s) | total leaves 0 nonDita 0  14s
R#562 0xe45 r=6 nodes 1 pruned 0 leaves 0 (0.0s) | total leaves 0 nonDita 0  14s
R#563 0xe4a r=6 nodes 1 pruned 0 leaves 0 (0.0s) | total leaves 0 nonDita 0  14s
R#564 0xe4b r=7 nodes 1 pruned 0 leaves 0 (0.0s) | total leaves 0 nonDita 0  14s
R#565 0xe4e r=7 nodes 33 pruned 20 leaves 0 (0.0s) | total leaves 0 nonDita 0  14s
R#566 0xe4f r=8 nodes 1 pruned 0 leaves 0 (0.0s) | total leaves 0 nonDita 0  14s
R#567 0xe5a r=7 nodes 5 pruned 4 leaves 0 (0.0s) | total leaves 0 nonDita 0  14s
R#568 0xe5b r=8 nodes 33 pruned 32 leaves 0 (0.1s) | total leaves 0 nonDita 0  14s
R#569 0xe5e r=8 nodes 33 pruned 20 leaves 0 (0.1s) | total leaves 0 nonDita 0  14s
R#570 0xe5f r=9 nodes 1 pruned 0 leaves 0 (0.1s) | total leaves 0 nonDita 0  15s
R#571 0xe8a r=6 nodes 1 pruned 0 leaves 0 (0.1s) | total leaves 0 nonDita 0  15s
R#572 0xe8b r=7 nodes 5 pruned 4 leaves 0 (0.1s) | total leaves 0 nonDita 0  15s
R#573 0xe8e r=7 nodes 5 pruned 0 leaves 0 (0.1s) | total leaves 0 nonDita 0  15s
R#574 0xe8f r=8 nodes 1 pruned 0 leaves 0 (0.0s) | total leaves 0 nonDita 0  15s
R#575 0xeaa r=7 nodes 5 pruned 0 leaves 0 (0.1s) | total leaves 0 nonDita 0  15s
R#576 0xeab r=8 nodes 33 pruned 28 leaves 0 (0.1s) | total leaves 0 nonDita 0  15s
R#577 0xeae r=8 nodes 33 pruned 20 leaves 0 (0.1s) | total leaves 0 nonDita 0  15s
R#578 0xeaf r=9 nodes 1 pruned 0 leaves 0 (0.0s) | total leaves 0 nonDita 0  15s
R#579 0xebe r=9 nodes 1 pruned 0 leaves 0 (0.0s) | total leaves 0 nonDita 0  15s
R#580 0xeee r=9 nodes 1 pruned 0 leaves 0 (0.0s) | total leaves 0 nonDita 0  15s
R#581 0xf00 r=4 nodes 1 pruned 1 leaves 0 (0.0s) | total leaves 0 nonDita 0  15s
R#582 0xf01 r=5 nodes 1 pruned 1 leaves 0 (0.0s) | total leaves 0 nonDita 0  15s
R#583 0xf02 r=5 nodes 1 pruned 1 leaves 0 (0.0s) | total leaves 0 nonDita 0  15s
R#584 0xf03 r=6 nodes 1 pruned 1 leaves 0 (0.0s) | total leaves 0 nonDita 0  15s
R#585 0xf04 r=5 nodes 1 pruned 1 leaves 0 (0.0s) | total leaves 0 nonDita 0  15s
R#586 0xf05 r=6 nodes 1 pruned 1 leaves 0 (0.1s) | total leaves 0 nonDita 0  15s
R#587 0xf06 r=6 nodes 1 pruned 1 leaves 0 (0.0s) | total leaves 0 nonDita 0  15s
R#588 0xf07 r=7 nodes 1 pruned 1 leaves 0 (0.1s) | total leaves 0 nonDita 0  15s
R#589 0xf08 r=5 nodes 1 pruned 1 leaves 0 (0.0s) | total leaves 0 nonDita 0  15s
R#590 0xf09 r=6 nodes 1 pruned 1 leaves 0 (0.0s) | total leaves 0 nonDita 0  16s
R#591 0xf0a r=6 nodes 1 pruned 1 leaves 0 (0.0s) | total leaves 0 nonDita 0  16s
R#592 0xf0b r=7 nodes 1 pruned 1 leaves 0 (0.1s) | total leaves 0 nonDita 0  16s
R#593 0xf0c r=6 nodes 1 pruned 1 leaves 0 (0.0s) | total leaves 0 nonDita 0  16s
R#594 0xf0d r=7 nodes 1 pruned 1 leaves 0 (0.1s) | total leaves 0 nonDita 0  16s
R#595 0xf0e r=7 nodes 1 pruned 1 leaves 0 (0.1s) | total leaves 0 nonDita 0  16s
R#596 0xf0f r=8 nodes 1 pruned 1 leaves 0 (1.9s) | total leaves 0 nonDita 0  18s
R#597 0xf10 r=5 nodes 0 pruned 0 leaves 0 (0.0s) | total leaves 0 nonDita 0  18s
R#598 0xf11 r=6 nodes 1 pruned 0 leaves 0 (0.0s) | total leaves 0 nonDita 0  18s
R#599 0xf14 r=6 nodes 1 pruned 0 leaves 0 (0.0s) | total leaves 0 nonDita 0  18s
R#600 0xf15 r=7 nodes 1 pruned 0 leaves 0 (0.1s) | total leaves 0 nonDita 0  18s
R#601 0xf17 r=8 nodes 1 pruned 0 leaves 0 (0.0s) | total leaves 0 nonDita 0  18s
R#602 0xf1a r=7 nodes 1 pruned 0 leaves 0 (0.1s) | total leaves 0 nonDita 0  18s
R#603 0xf1b r=8 nodes 1 pruned 0 leaves 0 (0.0s) | total leaves 0 nonDita 0  18s
R#604 0xf1d r=8 nodes 1 pruned 0 leaves 0 (0.0s) | total leaves 0 nonDita 0  18s
R#605 0xf1e r=8 nodes 1 pruned 0 leaves 0 (0.1s) | total leaves 0 nonDita 0  18s
R#606 0xf1f r=9 nodes 1 pruned 0 leaves 0 (2.0s) | total leaves 0 nonDita 0  20s
R#607 0xf20 r=5 nodes 0 pruned 0 leaves 0 (0.0s) | total leaves 0 nonDita 0  20s
R#608 0xf22 r=6 nodes 1 pruned 0 leaves 0 (0.0s) | total leaves 0 nonDita 0  20s
R#609 0xf25 r=7 nodes 1 pruned 0 leaves 0 (0.1s) | total leaves 0 nonDita 0  20s
R#610 0xf27 r=8 nodes 1 pruned 0 leaves 0 (0.1s) | total leaves 0 nonDita 0  20s
R#611 0xf28 r=6 nodes 1 pruned 0 leaves 0 (0.0s) | total leaves 0 nonDita 0  20s
R#612 0xf2a r=7 nodes 1 pruned 0 leaves 0 (0.1s) | total leaves 0 nonDita 0  21s
R#613 0xf2b r=8 nodes 1 pruned 0 leaves 0 (0.0s) | total leaves 0 nonDita 0  21s
R#614 0xf2d r=8 nodes 1 pruned 0 leaves 0 (0.1s) | total leaves 0 nonDita 0  21s
R#615 0xf2e r=8 nodes 1 pruned 0 leaves 0 (0.0s) | total leaves 0 nonDita 0  21s
R#616 0xf2f r=9 nodes 1 pruned 0 leaves 0 (2.1s) | total leaves 0 nonDita 0  23s
R#617 0xf3f r=10 nodes 1 pruned 0 leaves 0 (1.4s) | total leaves 0 nonDita 0  24s
R#618 0xf40 r=5 nodes 0 pruned 0 leaves 0 (0.0s) | total leaves 0 nonDita 0  24s
R#619 0xf41 r=6 nodes 1 pruned 0 leaves 0 (0.0s) | total leaves 0 nonDita 0  24s
R#620 0xf44 r=6 nodes 1 pruned 0 leaves 0 (0.0s) | total leaves 0 nonDita 0  24s
R#621 0xf45 r=7 nodes 1 pruned 0 leaves 0 (0.0s) | total leaves 0 nonDita 0  24s
R#622 0xf47 r=8 nodes 1 pruned 0 leaves 0 (0.0s) | total leaves 0 nonDita 0  24s
R#623 0xf4a r=7 nodes 1 pruned 0 leaves 0 (0.1s) | total leaves 0 nonDita 0  24s
R#624 0xf4b r=8 nodes 1 pruned 0 leaves 0 (0.0s) | total leaves 0 nonDita 0  24s
R#625 0xf4d r=8 nodes 1 pruned 0 leaves 0 (0.0s) | total leaves 0 nonDita 0  24s
R#626 0xf4e r=8 nodes 1 pruned 0 leaves 0 (0.1s) | total leaves 0 nonDita 0  25s
R#627 0xf4f r=9 nodes 1 pruned 0 leaves 0 (2.0s) | total leaves 0 nonDita 0  27s
R#628 0xf50 r=6 nodes 1 pruned 1 leaves 0 (0.0s) | total leaves 0 nonDita 0  27s
R#629 0xf55 r=8 nodes 93 pruned 64 leaves 0 (0.1s) | total leaves 0 nonDita 0  27s
R#630 0xf57 r=9 nodes 1 pruned 0 leaves 0 (0.0s) | total leaves 0 nonDita 0  27s
R#631 0xf5a r=8 nodes 93 pruned 92 leaves 0 (0.1s) | total leaves 0 nonDita 0  27s
R#632 0xf5b r=9 nodes 1 pruned 0 leaves 0 (0.0s) | total leaves 0 nonDita 0  27s
R#633 0xf5d r=9 nodes 1 pruned 0 leaves 0 (0.0s) | total leaves 0 nonDita 0  27s
R#634 0xf5e r=9 nodes 1 pruned 0 leaves 0 (0.0s) | total leaves 0 nonDita 0  27s
R#635 0xf5f r=10 nodes 13 pruned 8 leaves 0 (2.9s) | total leaves 0 nonDita 0  30s
R#636 0xf6f r=10 nodes 1 pruned 0 leaves 0 (1.3s) | total leaves 0 nonDita 0  31s
R#637 0xf7f r=11 nodes 5 pruned 0 leaves 0 (2.7s) | total leaves 0 nonDita 0  34s
R#638 0xf80 r=5 nodes 0 pruned 0 leaves 0 (0.0s) | total leaves 0 nonDita 0  34s
R#639 0xf82 r=6 nodes 1 pruned 0 leaves 0 (0.0s) | total leaves 0 nonDita 0  34s
R#640 0xf85 r=7 nodes 1 pruned 0 leaves 0 (0.0s) | total leaves 0 nonDita 0  34s
R#641 0xf87 r=8 nodes 1 pruned 0 leaves 0 (0.0s) | total leaves 0 nonDita 0  34s
R#642 0xf88 r=6 nodes 1 pruned 0 leaves 0 (0.1s) | total leaves 0 nonDita 0  34s
R#643 0xf8a r=7 nodes 1 pruned 0 leaves 0 (0.1s) | total leaves 0 nonDita 0  34s
R#644 0xf8b r=8 nodes 1 pruned 0 leaves 0 (0.0s) | total leaves 0 nonDita 0  34s
R#645 0xf8d r=8 nodes 1 pruned 0 leaves 0 (0.0s) | total leaves 0 nonDita 0  34s
R#646 0xf8e r=8 nodes 1 pruned 0 leaves 0 (0.0s) | total leaves 0 nonDita 0  34s
R#647 0xf8f r=9 nodes 1 pruned 0 leaves 0 (2.5s) | total leaves 0 nonDita 0  37s
R#648 0xf9f r=10 nodes 1 pruned 0 leaves 0 (1.4s) | total leaves 0 nonDita 0  38s
R#649 0xfa0 r=6 nodes 1 pruned 1 leaves 0 (0.0s) | total leaves 0 nonDita 0  38s
R#650 0xfa5 r=8 nodes 93 pruned 92 leaves 0 (0.1s) | total leaves 0 nonDita 0  38s
R#651 0xfa7 r=9 nodes 1 pruned 0 leaves 0 (0.0s) | total leaves 0 nonDita 0  38s
R#652 0xfaa r=8 nodes 93 pruned 64 leaves 0 (0.1s) | total leaves 0 nonDita 0  38s
R#653 0xfab r=9 nodes 1 pruned 0 leaves 0 (0.0s) | total leaves 0 nonDita 0  38s
R#654 0xfad r=9 nodes 1 pruned 0 leaves 0 (0.0s) | total leaves 0 nonDita 0  38s
R#655 0xfae r=9 nodes 1 pruned 0 leaves 0 (0.1s) | total leaves 0 nonDita 0  38s
R#656 0xfaf r=10 nodes 13 pruned 8 leaves 0 (2.6s) | total leaves 0 nonDita 0  41s
R#657 0xfbf r=11 nodes 5 pruned 0 leaves 0 (2.7s) | total leaves 0 nonDita 0  44s
R#658 0xfcf r=10 nodes 1 pruned 0 leaves 0 (1.7s) | total leaves 0 nonDita 0  45s
R#659 0xfdf r=11 nodes 5 pruned 0 leaves 0 (3.0s) | total leaves 0 nonDita 0  48s
R#660 0xfef r=11 nodes 5 pruned 0 leaves 0 (3.1s) | total leaves 0 nonDita 0  52s
R#661 0xff0 r=8 nodes 1 pruned 1 leaves 0 (0.0s) | total leaves 0 nonDita 0  52s
R#662 0xfff r=12 nodes 3361 pruned 544 leaves 0 (23.9s) | total leaves 0 nonDita 0  75s
R#663 0x1001 r=2 nodes 0 pruned 0 leaves 0 (0.0s) | total leaves 0 nonDita 0  75s
R#664 0x1002 r=2 nodes 0 pruned 0 leaves 0 (0.0s) | total leaves 0 nonDita 0  75s
R#665 0x1004 r=2 nodes 0 pruned 0 leaves 0 (0.0s) | total leaves 0 nonDita 0  75s
R#666 0x1005 r=3 nodes 0 pruned 0 leaves 0 (0.0s) | total leaves 0 nonDita 0  75s
R#667 0x1008 r=2 nodes 0 pruned 0 leaves 0 (0.0s) | total leaves 0 nonDita 0  75s
R#668 0x100a r=3 nodes 0 pruned 0 leaves 0 (0.0s) | total leaves 0 nonDita 0  75s
R#669 0x100f r=5 nodes 0 pruned 0 leaves 0 (0.0s) | total leaves 0 nonDita 0  75s
R#670 0x1010 r=2 nodes 1 pruned 1 leaves 0 (0.0s) | total leaves 0 nonDita 0  75s
R#671 0x1011 r=3 nodes 1 pruned 1 leaves 0 (0.0s) | total leaves 0 nonDita 0  75s
R#672 0x1012 r=3 nodes 0 pruned 0 leaves 0 (0.0s) | total leaves 0 nonDita 0  75s
R#673 0x1014 r=3 nodes 1 pruned 1 leaves 0 (0.0s) | total leaves 0 nonDita 0  75s
R#674 0x1015 r=4 nodes 1 pruned 1 leaves 0 (0.0s) | total leaves 0 nonDita 0  75s
R#675 0x1018 r=3 nodes 0 pruned 0 leaves 0 (0.0s) | total leaves 0 nonDita 0  75s
R#676 0x101a r=4 nodes 1 pruned 1 leaves 0 (0.0s) | total leaves 0 nonDita 0  75s
R#677 0x101f r=6 nodes 5 pruned 4 leaves 0 (0.0s) | total leaves 0 nonDita 0  76s
R#678 0x1020 r=2 nodes 0 pruned 0 leaves 0 (0.0s) | total leaves 0 nonDita 0  76s
R#679 0x1030 r=3 nodes 0 pruned 0 leaves 0 (0.0s) | total leaves 0 nonDita 0  76s
R#680 0x1040 r=2 nodes 1 pruned 1 leaves 0 (0.0s) | total leaves 0 nonDita 0  76s
R#681 0x1041 r=3 nodes 0 pruned 0 leaves 0 (0.0s) | total leaves 0 nonDita 0  76s
R#682 0x1042 r=3 nodes 0 pruned 0 leaves 0 (0.0s) | total leaves 0 nonDita 0  76s
R#683 0x1044 r=3 nodes 0 pruned 0 leaves 0 (0.0s) | total leaves 0 nonDita 0  76s
R#684 0x1045 r=4 nodes 1 pruned 1 leaves 0 (0.0s) | total leaves 0 nonDita 0  76s
R#685 0x1048 r=3 nodes 0 pruned 0 leaves 0 (0.0s) | total leaves 0 nonDita 0  76s
R#686 0x104a r=4 nodes 1 pruned 1 leaves 0 (0.0s) | total leaves 0 nonDita 0  76s
R#687 0x104f r=6 nodes 1 pruned 1 leaves 0 (0.0s) | total leaves 0 nonDita 0  76s
R#688 0x1050 r=3 nodes 1 pruned 1 leaves 0 (0.0s) | total leaves 0 nonDita 0  76s
R#689 0x1051 r=4 nodes 1 pruned 1 leaves 0 (0.0s) | total leaves 0 nonDita 0  76s
R#690 0x1054 r=4 nodes 1 pruned 1 leaves 0 (0.0s) | total leaves 0 nonDita 0  76s
R#691 0x1060 r=3 nodes 0 pruned 0 leaves 0 (0.0s) | total leaves 0 nonDita 0  76s
R#692 0x1070 r=4 nodes 1 pruned 1 leaves 0 (0.0s) | total leaves 0 nonDita 0  76s
R#693 0x1080 r=2 nodes 0 pruned 0 leaves 0 (0.0s) | total leaves 0 nonDita 0  76s
R#694 0x1090 r=3 nodes 0 pruned 0 leaves 0 (0.0s) | total leaves 0 nonDita 0  76s
R#695 0x10a0 r=3 nodes 1 pruned 1 leaves 0 (0.0s) | total leaves 0 nonDita 0  76s
R#696 0x10b0 r=4 nodes 1 pruned 1 leaves 0 (0.0s) | total leaves 0 nonDita 0  76s
R#697 0x10c0 r=3 nodes 0 pruned 0 leaves 0 (0.0s) | total leaves 0 nonDita 0  76s
R#698 0x10d0 r=4 nodes 1 pruned 1 leaves 0 (0.0s) | total leaves 0 nonDita 0  76s
R#699 0x10e0 r=4 nodes 1 pruned 1 leaves 0 (0.0s) | total leaves 0 nonDita 0  76s
R#700 0x10f0 r=5 nodes 1 pruned 1 leaves 0 (0.0s) | total leaves 0 nonDita 0  76s
R#701 0x10f1 r=6 nodes 1 pruned 0 leaves 0 (0.0s) | total leaves 0 nonDita 0  76s
R#702 0x10f4 r=6 nodes 1 pruned 0 leaves 0 (0.0s) | total leaves 0 nonDita 0  76s
R#703 0x1100 r=2 nodes 0 pruned 0 leaves 0 (0.0s) | total leaves 0 nonDita 0  76s
R#704 0x1101 r=3 nodes 1 pruned 1 leaves 0 (0.0s) | total leaves 0 nonDita 0  76s
R#705 0x1104 r=3 nodes 0 pruned 0 leaves 0 (0.0s) | total leaves 0 nonDita 0  76s
R#706 0x1105 r=4 nodes 1 pruned 1 leaves 0 (0.0s) | total leaves 0 nonDita 0  76s
R#707 0x110f r=6 nodes 1 pruned 0 leaves 0 (0.0s) | total leaves 0 nonDita 0  76s
R#708 0x1110 r=3 nodes 1 pruned 1 leaves 0 (0.0s) | total leaves 0 nonDita 0  76s
R#709 0x1111 r=4 nodes 1 pruned 1 leaves 0 (0.0s) | total leaves 0 nonDita 0  76s
R#710 0x1113 r=5 nodes 0 pruned 0 leaves 0 (0.0s) | total leaves 0 nonDita 0  76s
R#711 0x1114 r=4 nodes 1 pruned 1 leaves 0 (0.0s) | total leaves 0 nonDita 0  76s
R#712 0x1115 r=5 nodes 1 pruned 1 leaves 0 (0.0s) | total leaves 0 nonDita 0  76s
R#713 0x1117 r=6 nodes 1 pruned 0 leaves 0 (0.0s) | total leaves 0 nonDita 0  76s
R#714 0x1119 r=5 nodes 0 pruned 0 leaves 0 (0.0s) | total leaves 0 nonDita 0  76s
R#715 0x111b r=6 nodes 5 pruned 4 leaves 0 (0.0s) | total leaves 0 nonDita 0  76s
R#716 0x111d r=6 nodes 1 pruned 0 leaves 0 (0.0s) | total leaves 0 nonDita 0  76s
R#717 0x111f r=7 nodes 33 pruned 0 leaves 0 (0.0s) | total leaves 0 nonDita 0  76s
R#718 0x1131 r=5 nodes 0 pruned 0 leaves 0 (0.0s) | total leaves 0 nonDita 0  76s
R#719 0x1140 r=3 nodes 0 pruned 0 leaves 0 (0.0s) | total leaves 0 nonDita 0  76s
R#720 0x1141 r=4 nodes 1 pruned 1 leaves 0 (0.0s) | total leaves 0 nonDita 0  76s
R#721 0x1144 r=4 nodes 1 pruned 1 leaves 0 (0.0s) | total leaves 0 nonDita 0  76s
R#722 0x1150 r=4 nodes 1 pruned 1 leaves 0 (0.0s) | total leaves 0 nonDita 0  76s
R#723 0x1151 r=5 nodes 1 pruned 1 leaves 0 (0.0s) | total leaves 0 nonDita 0  76s
R#724 0x1155 r=6 nodes 1 pruned 1 leaves 0 (0.0s) | total leaves 0 nonDita 0  76s
R#725 0x115f r=8 nodes 1 pruned 0 leaves 0 (0.0s) | total leaves 0 nonDita 0  76s
R#726 0x1171 r=6 nodes 1 pruned 0 leaves 0 (0.0s) | total leaves 0 nonDita 0  76s
R#727 0x1191 r=5 nodes 0 pruned 0 leaves 0 (0.0s) | total leaves 0 nonDita 0  76s
R#728 0x11b1 r=6 nodes 5 pruned 4 leaves 0 (0.0s) | total leaves 0 nonDita 0  76s
R#729 0x11d1 r=6 nodes 1 pruned 0 leaves 0 (0.0s) | total leaves 0 nonDita 0  76s
R#730 0x11f0 r=6 nodes 1 pruned 0 leaves 0 (0.0s) | total leaves 0 nonDita 0  76s
R#731 0x11f1 r=7 nodes 33 pruned 0 leaves 0 (0.1s) | total leaves 0 nonDita 0  76s
R#732 0x11f5 r=8 nodes 1 pruned 0 leaves 0 (0.0s) | total leaves 0 nonDita 0  77s
R#733 0x1200 r=2 nodes 0 pruned 0 leaves 0 (0.0s) | total leaves 0 nonDita 0  77s
R#734 0x1202 r=3 nodes 0 pruned 0 leaves 0 (0.0s) | total leaves 0 nonDita 0  77s
R#735 0x1208 r=3 nodes 0 pruned 0 leaves 0 (0.0s) | total leaves 0 nonDita 0  77s
R#736 0x1210 r=3 nodes 0 pruned 0 leaves 0 (0.0s) | total leaves 0 nonDita 0  77s
R#737 0x1212 r=4 nodes 1 pruned 1 leaves 0 (0.0s) | total leaves 0 nonDita 0  77s
R#738 0x1218 r=4 nodes 1 pruned 1 leaves 0 (0.0s) | total leaves 0 nonDita 0  77s
R#739 0x1240 r=3 nodes 0 pruned 0 leaves 0 (0.0s) | total leaves 0 nonDita 0  77s
R#740 0x1242 r=4 nodes 1 pruned 1 leaves 0 (0.0s) | total leaves 0 nonDita 0  77s
R#741 0x1248 r=4 nodes 1 pruned 1 leaves 0 (0.0s) | total leaves 0 nonDita 0  77s
R#742 0x1311 r=5 nodes 0 pruned 0 leaves 0 (0.0s) | total leaves 0 nonDita 0  77s
R#743 0x1313 r=6 nodes 1 pruned 1 leaves 0 (0.0s) | total leaves 0 nonDita 0  77s
R#744 0x1315 r=6 nodes 1 pruned 0 leaves 0 (0.0s) | total leaves 0 nonDita 0  77s
R#745 0x1319 r=6 nodes 1 pruned 1 leaves 0 (0.0s) | total leaves 0 nonDita 0  77s
R#746 0x131f r=8 nodes 1 pruned 0 leaves 0 (0.0s) | total leaves 0 nonDita 0  77s
R#747 0x1400 r=2 nodes 0 pruned 0 leaves 0 (0.0s) | total leaves 0 nonDita 0  77s
R#748 0x1401 r=3 nodes 0 pruned 0 leaves 0 (0.0s) | total leaves 0 nonDita 0  77s
R#749 0x1404 r=3 nodes 1 pruned 1 leaves 0 (0.0s) | total leaves 0 nonDita 0  77s
R#750 0x1405 r=4 nodes 1 pruned 1 leaves 0 (0.0s) | total leaves 0 nonDita 0  77s
R#751 0x140f r=6 nodes 1 pruned 0 leaves 0 (0.0s) | total leaves 0 nonDita 0  77s
R#752 0x1410 r=3 nodes 1 pruned 1 leaves 0 (0.0s) | total leaves 0 nonDita 0  77s
R#753 0x1411 r=4 nodes 1 pruned 1 leaves 0 (0.0s) | total leaves 0 nonDita 0  77s
R#754 0x1414 r=4 nodes 1 pruned 1 leaves 0 (0.0s) | total leaves 0 nonDita 0  77s
R#755 0x1415 r=5 nodes 1 pruned 1 leaves 0 (0.0s) | total leaves 0 nonDita 0  77s
R#756 0x1416 r=5 nodes 0 pruned 0 leaves 0 (0.0s) | total leaves 0 nonDita 0  77s
R#757 0x1417 r=6 nodes 1 pruned 0 leaves 0 (0.0s) | total leaves 0 nonDita 0  77s
R#758 0x141c r=5 nodes 0 pruned 0 leaves 0 (0.0s) | total leaves 0 nonDita 0  77s
R#759 0x141d r=6 nodes 1 pruned 0 leaves 0 (0.0s) | total leaves 0 nonDita 0  77s
R#760 0x141e r=6 nodes 5 pruned 4 leaves 0 (0.0s) | total leaves 0 nonDita 0  77s
R#761 0x141f r=7 nodes 33 pruned 0 leaves 0 (0.1s) | total leaves 0 nonDita 0  77s
R#762 0x1434 r=5 nodes 0 pruned 0 leaves 0 (0.0s) | total leaves 0 nonDita 0  77s
R#763 0x1440 r=3 nodes 0 pruned 0 leaves 0 (0.0s) | total leaves 0 nonDita 0  77s
R#764 0x1441 r=4 nodes 1 pruned 1 leaves 0 (0.0s) | total leaves 0 nonDita 0  77s
R#765 0x1444 r=4 nodes 1 pruned 1 leaves 0 (0.0s) | total leaves 0 nonDita 0  77s
R#766 0x1450 r=4 nodes 1 pruned 1 leaves 0 (0.0s) | total leaves 0 nonDita 0  77s
R#767 0x1454 r=5 nodes 1 pruned 1 leaves 0 (0.1s) | total leaves 0 nonDita 0  77s
R#768 0x1455 r=6 nodes 1 pruned 1 leaves 0 (0.0s) | total leaves 0 nonDita 0  77s
R#769 0x145f r=8 nodes 1 pruned 0 leaves 0 (0.0s) | total leaves 0 nonDita 0  77s
R#770 0x1474 r=6 nodes 1 pruned 0 leaves 0 (0.0s) | total leaves 0 nonDita 0  77s
R#771 0x1494 r=5 nodes 0 pruned 0 leaves 0 (0.0s) | total leaves 0 nonDita 0  77s
R#772 0x14b4 r=6 nodes 5 pruned 4 leaves 0 (0.0s) | total leaves 0 nonDita 0  77s
R#773 0x14d4 r=6 nodes 1 pruned 0 leaves 0 (0.0s) | total leaves 0 nonDita 0  77s
R#774 0x14f0 r=6 nodes 1 pruned 0 leaves 0 (0.0s) | total leaves 0 nonDita 0  77s
R#775 0x14f4 r=7 nodes 33 pruned 0 leaves 0 (0.1s) | total leaves 0 nonDita 0  77s
R#776 0x14f5 r=8 nodes 1 pruned 0 leaves 0 (0.0s) | total leaves 0 nonDita 0  77s
R#777 0x1500 r=3 nodes 0 pruned 0 leaves 0 (0.0s) | total leaves 0 nonDita 0  77s
R#778 0x1501 r=4 nodes 1 pruned 1 leaves 0 (0.0s) | total leaves 0 nonDita 0  77s
R#779 0x1504 r=4 nodes 1 pruned 1 leaves 0 (0.0s) | total leaves 0 nonDita 0  77s
R#780 0x1505 r=5 nodes 1 pruned 1 leaves 0 (0.0s) | total leaves 0 nonDita 0  77s
R#781 0x1507 r=6 nodes 1 pruned 0 leaves 0 (0.0s) | total leaves 0 nonDita 0  77s
R#782 0x150a r=5 nodes 0 pruned 0 leaves 0 (0.0s) | total leaves 0 nonDita 0  77s
R#783 0x150b r=6 nodes 1 pruned 0 leaves 0 (0.0s) | total leaves 0 nonDita 0  77s
R#784 0x150d r=6 nodes 1 pruned 0 leaves 0 (0.1s) | total leaves 0 nonDita 0  78s
R#785 0x150e r=6 nodes 1 pruned 0 leaves 0 (0.0s) | total leaves 0 nonDita 0  78s
R#786 0x150f r=7 nodes 1 pruned 0 leaves 0 (0.1s) | total leaves 0 nonDita 0  78s
R#787 0x1510 r=4 nodes 1 pruned 1 leaves 0 (0.0s) | total leaves 0 nonDita 0  78s
R#788 0x1511 r=5 nodes 1 pruned 1 leaves 0 (0.0s) | total leaves 0 nonDita 0  78s
R#789 0x1513 r=6 nodes 1 pruned 0 leaves 0 (0.0s) | total leaves 0 nonDita 0  78s
R#790 0x1514 r=5 nodes 1 pruned 1 leaves 0 (0.0s) | total leaves 0 nonDita 0  78s
R#791 0x1515 r=6 nodes 1 pruned 1 leaves 0 (0.0s) | total leaves 0 nonDita 0  78s
R#792 0x1516 r=6 nodes 1 pruned 0 leaves 0 (0.0s) | total leaves 0 nonDita 0  78s
R#793 0x1517 r=7 nodes 1 pruned 0 leaves 0 (0.0s) | total leaves 0 nonDita 0  78s
R#794 0x1519 r=6 nodes 1 pruned 0 leaves 0 (0.0s) | total leaves 0 nonDita 0  78s
R#795 0x151a r=6 nodes 5 pruned 4 leaves 0 (0.0s) | total leaves 0 nonDita 0  78s
R#796 0x151b r=7 nodes 33 pruned 0 leaves 0 (0.0s) | total leaves 0 nonDita 0  78s
R#797 0x151c r=6 nodes 1 pruned 0 leaves 0 (0.0s) | total leaves 0 nonDita 0  78s
R#798 0x151d r=7 nodes 1 pruned 0 leaves 0 (0.0s) | total leaves 0 nonDita 0  78s
R#799 0x151e r=7 nodes 33 pruned 0 leaves 0 (0.1s) | total leaves 0 nonDita 0  78s
R#800 0x151f r=8 nodes 93 pruned 32 leaves 0 (0.2s) | total leaves 0 nonDita 0  78s
R#801 0x1525 r=6 nodes 1 pruned 0 leaves 0 (0.0s) | total leaves 0 nonDita 0  78s
R#802 0x1535 r=7 nodes 1 pruned 0 leaves 0 (0.0s) | total leaves 0 nonDita 0  78s
R#803 0x1540 r=4 nodes 1 pruned 1 leaves 0 (0.0s) | total leaves 0 nonDita 0  78s
R#804 0x1545 r=6 nodes 1 pruned 1 leaves 0 (0.0s) | total leaves 0 nonDita 0  78s
R#805 0x1547 r=7 nodes 5 pruned 4 leaves 0 (0.0s) | total leaves 0 nonDita 0  78s
R#806 0x154a r=6 nodes 1 pruned 1 leaves 0 (0.0s) | total leaves 0 nonDita 0  78s
R#807 0x154d r=7 nodes 5 pruned 4 leaves 0 (0.0s) | total leaves 0 nonDita 0  78s
R#808 0x154f r=8 nodes 93 pruned 72 leaves 0 (0.2s) | total leaves 0 nonDita 0  79s
R#809 0x1551 r=6 nodes 1 pruned 1 leaves 0 (0.0s) | total leaves 0 nonDita 0  79s
R#810 0x1554 r=6 nodes 1 pruned 1 leaves 0 (0.0s) | total leaves 0 nonDita 0  79s
R#811 0x1555 r=7 nodes 1 pruned 1 leaves 0 (0.1s) | total leaves 0 nonDita 0  79s
R#812 0x1557 r=8 nodes 1 pruned 0 leaves 0 (0.0s) | total leaves 0 nonDita 0  79s
R#813 0x155b r=8 nodes 1 pruned 0 leaves 0 (0.0s) | total leaves 0 nonDita 0  79s
R#814 0x155d r=8 nodes 1 pruned 0 leaves 0 (0.0s) | total leaves 0 nonDita 0  79s
R#815 0x155e r=8 nodes 1 pruned 0 leaves 0 (0.0s) | total leaves 0 nonDita 0  79s
R#816 0x155f r=9 nodes 1 pruned 0 leaves 0 (0.0s) | total leaves 0 nonDita 0  79s
R#817 0x1565 r=7 nodes 1 pruned 0 leaves 0 (0.0s) | total leaves 0 nonDita 0  79s
R#818 0x1575 r=8 nodes 1 pruned 0 leaves 0 (0.0s) | total leaves 0 nonDita 0  79s
R#819 0x1585 r=6 nodes 1 pruned 0 leaves 0 (0.1s) | total leaves 0 nonDita 0  79s
R#820 0x1595 r=7 nodes 1 pruned 0 leaves 0 (0.1s) | total leaves 0 nonDita 0  79s
R#821 0x15a5 r=7 nodes 33 pruned 28 leaves 0 (0.1s) | total leaves 0 nonDita 0  79s
R#822 0x15b5 r=8 nodes 93 pruned 60 leaves 0 (0.2s) | total leaves 0 nonDita 0  79s
R#823 0x15c5 r=7 nodes 1 pruned 0 leaves 0 (0.0s) | total leaves 0 nonDita 0  79s
R#824 0x15d5 r=8 nodes 1 pruned 0 leaves 0 (0.0s) | total leaves 0 nonDita 0  79s
R#825 0x15e5 r=8 nodes 33 pruned 20 leaves 0 (0.1s) | total leaves 0 nonDita 0  80s
R#826 0x15f1 r=8 nodes 1 pruned 0 leaves 0 (0.0s) | total leaves 0 nonDita 0  80s
R#827 0x15f4 r=8 nodes 1 pruned 0 leaves 0 (0.0s) | total leaves 0 nonDita 0  80s
R#828 0x15f5 r=9 nodes 9 pruned 0 leaves 0 (0.0s) | total leaves 0 nonDita 0  80s
R#829 0x1614 r=5 nodes 0 pruned 0 leaves 0 (0.0s) | total leaves 0 nonDita 0  80s
R#830 0x1615 r=6 nodes 1 pruned 0 leaves 0 (0.0s) | total leaves 0 nonDita 0  80s
R#831 0x1616 r=6 nodes 1 pruned 1 leaves 0 (0.0s) | total leaves 0 nonDita 0  80s
R#832 0x161c r=6 nodes 1 pruned 1 leaves 0 (0.0s) | total leaves 0 nonDita 0  80s
R#833 0x161f r=8 nodes 1 pruned 0 leaves 0 (0.0s) | total leaves 0 nonDita 0  80s
R#834 0x1705 r=6 nodes 1 pruned 0 leaves 0 (0.1s) | total leaves 0 nonDita 0  80s
R#835 0x1707 r=7 nodes 5 pruned 0 leaves 0 (0.1s) | total leaves 0 nonDita 0  80s
R#836 0x170d r=7 nodes 5 pruned 4 leaves 0 (0.1s) | total leaves 0 nonDita 0  80s
R#837 0x170f r=8 nodes 1 pruned 0 leaves 0 (0.1s) | total leaves 0 nonDita 0  80s
R#838 0x1711 r=6 nodes 1 pruned 0 leaves 0 (0.0s) | total leaves 0 nonDita 0  80s
R#839 0x1714 r=6 nodes 1 pruned 0 leaves 0 (0.0s) | total leaves 0 nonDita 0  80s
R#840 0x1715 r=7 nodes 1 pruned 0 leaves 0 (0.0s) | total leaves 0 nonDita 0  80s
R#841 0x1717 r=8 nodes 93 pruned 64 leaves 0 (0.1s) | total leaves 0 nonDita 0  80s
R#842 0x171b r=8 nodes 1 pruned 0 leaves 0 (0.0s) | total leaves 0 nonDita 0  80s
R#843 0x171d r=8 nodes 93 pruned 72 leaves 0 (0.1s) | total leaves 0 nonDita 0  80s
R#844 0x171e r=8 nodes 1 pruned 0 leaves 0 (0.0s) | total leaves 0 nonDita 0  80s
R#845 0x171f r=9 nodes 1 pruned 0 leaves 0 (0.0s) | total leaves 0 nonDita 0  80s
R#846 0x1745 r=7 nodes 5 pruned 4 leaves 0 (0.0s) | total leaves 0 nonDita 0  80s
R#847 0x1747 r=8 nodes 33 pruned 28 leaves 0 (0.0s) | total leaves 0 nonDita 0  80s
R#848 0x174d r=8 nodes 33 pruned 28 leaves 0 (0.0s) | total leaves 0 nonDita 0  81s
R#849 0x174f r=9 nodes 1 pruned 0 leaves 0 (0.0s) | total leaves 0 nonDita 0  81s
R#850 0x1755 r=8 nodes 1 pruned 0 leaves 0 (0.0s) | total leaves 0 nonDita 0  81s
R#851 0x1757 r=9 nodes 1 pruned 0 leaves 0 (0.0s) | total leaves 0 nonDita 0  81s
R#852 0x175d r=9 nodes 1 pruned 0 leaves 0 (0.1s) | total leaves 0 nonDita 0  81s
R#853 0x1800 r=2 nodes 0 pruned 0 leaves 0 (0.0s) | total leaves 0 nonDita 0  81s
R#854 0x1802 r=3 nodes 0 pruned 0 leaves 0 (0.0s) | total leaves 0 nonDita 0  81s
R#855 0x1808 r=3 nodes 0 pruned 0 leaves 0 (0.0s) | total leaves 0 nonDita 0  81s
R#856 0x1810 r=3 nodes 0 pruned 0 leaves 0 (0.0s) | total leaves 0 nonDita 0  81s
R#857 0x1812 r=4 nodes 1 pruned 1 leaves 0 (0.0s) | total leaves 0 nonDita 0  81s
R#858 0x1818 r=4 nodes 1 pruned 1 leaves 0 (0.0s) | total leaves 0 nonDita 0  81s
R#859 0x1840 r=3 nodes 0 pruned 0 leaves 0 (0.0s) | total leaves 0 nonDita 0  81s
R#860 0x1842 r=4 nodes 1 pruned 1 leaves 0 (0.0s) | total leaves 0 nonDita 0  81s
R#861 0x1848 r=4 nodes 1 pruned 1 leaves 0 (0.0s) | total leaves 0 nonDita 0  81s
R#862 0x1911 r=5 nodes 0 pruned 0 leaves 0 (0.0s) | total leaves 0 nonDita 0  81s
R#863 0x1913 r=6 nodes 1 pruned 1 leaves 0 (0.0s) | total leaves 0 nonDita 0  81s
R#864 0x1915 r=6 nodes 1 pruned 0 leaves 0 (0.0s) | total leaves 0 nonDita 0  81s
R#865 0x1919 r=6 nodes 1 pruned 1 leaves 0 (0.0s) | total leaves 0 nonDita 0  81s
R#866 0x191f r=8 nodes 1 pruned 0 leaves 0 (0.0s) | total leaves 0 nonDita 0  81s
R#867 0x1a00 r=3 nodes 0 pruned 0 leaves 0 (0.0s) | total leaves 0 nonDita 0  81s
R#868 0x1a05 r=5 nodes 0 pruned 0 leaves 0 (0.0s) | total leaves 0 nonDita 0  81s
R#869 0x1a0a r=5 nodes 1 pruned 1 leaves 0 (0.0s) | total leaves 0 nonDita 0  81s
R#870 0x1a0b r=6 nodes 1 pruned 0 leaves 0 (0.0s) | total leaves 0 nonDita 0  81s
R#871 0x1a0e r=6 nodes 1 pruned 0 leaves 0 (0.0s) | total leaves 0 nonDita 0  81s
R#872 0x1a0f r=7 nodes 1 pruned 0 leaves 0 (0.0s) | total leaves 0 nonDita 0  81s
R#873 0x1a10 r=4 nodes 1 pruned 1 leaves 0 (0.0s) | total leaves 0 nonDita 0  81s
R#874 0x1a15 r=6 nodes 5 pruned 4 leaves 0 (0.0s) | total leaves 0 nonDita 0  81s
R#875 0x1a1a r=6 nodes 1 pruned 1 leaves 0 (0.0s) | total leaves 0 nonDita 0  81s
R#876 0x1a1b r=7 nodes 33 pruned 28 leaves 0 (0.2s) | total leaves 0 nonDita 0  81s
R#877 0x1a1e r=7 nodes 33 pruned 28 leaves 0 (0.2s) | total leaves 0 nonDita 0  81s
R#878 0x1a1f r=8 nodes 93 pruned 60 leaves 0 (0.1s) | total leaves 0 nonDita 0  82s
R#879 0x1a2a r=6 nodes 1 pruned 0 leaves 0 (0.0s) | total leaves 0 nonDita 0  82s
R#880 0x1a3a r=7 nodes 5 pruned 4 leaves 0 (0.0s) | total leaves 0 nonDita 0  82s
R#881 0x1a40 r=4 nodes 1 pruned 1 leaves 0 (0.0s) | total leaves 0 nonDita 0  82s
R#882 0x1a45 r=6 nodes 1 pruned 1 leaves 0 (0.0s) | total leaves 0 nonDita 0  82s
R#883 0x1a4a r=6 nodes 1 pruned 1 leaves 0 (0.0s) | total leaves 0 nonDita 0  82s
R#884 0x1a4b r=7 nodes 1 pruned 0 leaves 0 (0.0s) | total leaves 0 nonDita 0  82s
R#885 0x1a4e r=7 nodes 5 pruned 4 leaves 0 (0.0s) | total leaves 0 nonDita 0  82s
R#886 0x1a4f r=8 nodes 93 pruned 56 leaves 0 (0.2s) | total leaves 0 nonDita 0  82s
R#887 0x1a5a r=7 nodes 1 pruned 1 leaves 0 (0.1s) | total leaves 0 nonDita 0  82s
R#888 0x1a5b r=8 nodes 1 pruned 0 leaves 0 (0.0s) | total leaves 0 nonDita 0  82s
R#889 0x1a5e r=8 nodes 1 pruned 0 leaves 0 (0.0s) | total leaves 0 nonDita 0  82s
R#890 0x1a5f r=9 nodes 1 pruned 0 leaves 0 (0.0s) | total leaves 0 nonDita 0  82s
R#891 0x1a6a r=7 nodes 5 pruned 4 leaves 0 (0.0s) | total leaves 0 nonDita 0  82s
R#892 0x1a7a r=8 nodes 1 pruned 0 leaves 0 (0.0s) | total leaves 0 nonDita 0  82s
R#893 0x1a8a r=6 nodes 1 pruned 0 leaves 0 (0.0s) | total leaves 0 nonDita 0  82s
R#894 0x1a9a r=7 nodes 5 pruned 4 leaves 0 (0.1s) | total leaves 0 nonDita 0  82s
R#895 0x1aaa r=7 nodes 33 pruned 20 leaves 0 (0.1s) | total leaves 0 nonDita 0  82s
R#896 0x1aba r=8 nodes 33 pruned 20 leaves 0 (0.1s) | total leaves 0 nonDita 0  83s
R#897 0x1aca r=7 nodes 5 pruned 4 leaves 0 (0.1s) | total leaves 0 nonDita 0  83s
R#898 0x1ada r=8 nodes 1 pruned 0 leaves 0 (0.1s) | total leaves 0 nonDita 0  83s
R#899 0x1aea r=8 nodes 33 pruned 20 leaves 0 (0.1s) | total leaves 0 nonDita 0  83s
R#900 0x1afa r=9 nodes 1 pruned 0 leaves 0 (0.1s) | total leaves 0 nonDita 0  83s
R#901 0x1b05 r=6 nodes 1 pruned 0 leaves 0 (0.0s) | total leaves 0 nonDita 0  83s
R#902 0x1b0a r=6 nodes 1 pruned 0 leaves 0 (0.0s) | total leaves 0 nonDita 0  83s
R#903 0x1b0b r=7 nodes 33 pruned 20 leaves 0 (0.1s) | total leaves 0 nonDita 0  83s
R#904 0x1b0e r=7 nodes 1 pruned 0 leaves 0 (0.0s) | total leaves 0 nonDita 0  83s
R#905 0x1b0f r=8 nodes 1 pruned 0 leaves 0 (0.0s) | total leaves 0 nonDita 0  83s
R#906 0x1b11 r=6 nodes 5 pruned 4 leaves 0 (0.0s) | total leaves 0 nonDita 0  83s
R#907 0x1b15 r=7 nodes 33 pruned 0 leaves 0 (0.0s) | total leaves 0 nonDita 0  83s
R#908 0x1b17 r=8 nodes 1 pruned 0 leaves 0 (0.0s) | total leaves 0 nonDita 0  83s
R#909 0x1b1a r=7 nodes 33 pruned 28 leaves 0 (0.1s) | total leaves 0 nonDita 0  83s
R#910 0x1b1b r=8 nodes 33 pruned 20 leaves 0 (0.2s) | total leaves 0 nonDita 0  83s
R#911 0x1b1d r=8 nodes 1 pruned 0 leaves 0 (0.1s) | total leaves 0 nonDita 0  83s
R#912 0x1b1e r=8 nodes 33 pruned 20 leaves 0 (0.1s) | total leaves 0 nonDita 0  84s
R#913 0x1b1f r=9 nodes 9 pruned 0 leaves 0 (0.1s) | total leaves 0 nonDita 0  84s
R#914 0x1b4a r=7 nodes 5 pruned 4 leaves 0 (0.1s) | total leaves 0 nonDita 0  84s
R#915 0x1b4b r=8 nodes 33 pruned 20 leaves 0 (0.1s) | total leaves 0 nonDita 0  84s
R#916 0x1b4e r=8 nodes 33 pruned 32 leaves 0 (0.1s) | total leaves 0 nonDita 0  84s
R#917 0x1b4f r=9 nodes 1 pruned 0 leaves 0 (0.0s) | total leaves 0 nonDita 0  84s
R#918 0x1b55 r=8 nodes 1 pruned 0 leaves 0 (0.0s) | total leaves 0 nonDita 0  84s
R#919 0x1b5a r=8 nodes 1 pruned 0 leaves 0 (0.0s) | total leaves 0 nonDita 0  84s
R#920 0x1b5b r=9 nodes 1 pruned 0 leaves 0 (0.0s) | total leaves 0 nonDita 0  84s
R#921 0x1b5e r=9 nodes 1 pruned 0 leaves 0 (0.0s) | total leaves 0 nonDita 0  84s
R#922 0x1bab r=9 nodes 1 pruned 0 leaves 0 (0.0s) | total leaves 0 nonDita 0  84s
R#923 0x1c14 r=5 nodes 0 pruned 0 leaves 0 (0.0s) | total leaves 0 nonDita 0  84s
R#924 0x1c15 r=6 nodes 1 pruned 0 leaves 0 (0.0s) | total leaves 0 nonDita 0  84s
R#925 0x1c16 r=6 nodes 1 pruned 1 leaves 0 (0.0s) | total leaves 0 nonDita 0  84s
R#926 0x1c1c r=6 nodes 1 pruned 1 leaves 0 (0.0s) | total leaves 0 nonDita 0  84s
R#927 0x1c1f r=8 nodes 1 pruned 0 leaves 0 (0.0s) | total leaves 0 nonDita 0  84s
R#928 0x1d05 r=6 nodes 1 pruned 0 leaves 0 (0.0s) | total leaves 0 nonDita 0  84s
R#929 0x1d07 r=7 nodes 5 pruned 4 leaves 0 (0.1s) | total leaves 0 nonDita 0  84s
R#930 0x1d0d r=7 nodes 5 pruned 0 leaves 0 (0.1s) | total leaves 0 nonDita 0  84s
R#931 0x1d0f r=8 nodes 1 pruned 0 leaves 0 (0.0s) | total leaves 0 nonDita 0  84s
R#932 0x1d11 r=6 nodes 1 pruned 0 leaves 0 (0.0s) | total leaves 0 nonDita 0  84s
R#933 0x1d14 r=6 nodes 1 pruned 0 leaves 0 (0.0s) | total leaves 0 nonDita 0  84s
R#934 0x1d15 r=7 nodes 1 pruned 0 leaves 0 (0.1s) | total leaves 0 nonDita 0  85s
R#935 0x1d17 r=8 nodes 93 pruned 72 leaves 0 (0.1s) | total leaves 0 nonDita 0  85s
R#936 0x1d1b r=8 nodes 1 pruned 0 leaves 0 (0.0s) | total leaves 0 nonDita 0  85s
R#937 0x1d1d r=8 nodes 93 pruned 64 leaves 0 (0.2s) | total leaves 0 nonDita 0  85s
R#938 0x1d1e r=8 nodes 1 pruned 0 leaves 0 (0.0s) | total leaves 0 nonDita 0  85s
R#939 0x1d1f r=9 nodes 1 pruned 0 leaves 0 (0.1s) | total leaves 0 nonDita 0  85s
R#940 0x1d45 r=7 nodes 5 pruned 4 leaves 0 (0.1s) | total leaves 0 nonDita 0  85s
R#941 0x1d47 r=8 nodes 33 pruned 28 leaves 0 (0.1s) | total leaves 0 nonDita 0  85s
R#942 0x1d4d r=8 nodes 33 pruned 28 leaves 0 (0.1s) | total leaves 0 nonDita 0  85s
R#943 0x1d4f r=9 nodes 1 pruned 0 leaves 0 (0.1s) | total leaves 0 nonDita 0  85s
R#944 0x1d55 r=8 nodes 1 pruned 0 leaves 0 (0.1s) | total leaves 0 nonDita 0  85s
R#945 0x1d57 r=9 nodes 1 pruned 0 leaves 0 (0.1s) | total leaves 0 nonDita 0  85s
R#946 0x1d5d r=9 nodes 1 pruned 0 leaves 0 (0.0s) | total leaves 0 nonDita 0  86s
R#947 0x1e05 r=6 nodes 1 pruned 0 leaves 0 (0.0s) | total leaves 0 nonDita 0  86s
R#948 0x1e0a r=6 nodes 1 pruned 0 leaves 0 (0.0s) | total leaves 0 nonDita 0  86s
R#949 0x1e0b r=7 nodes 1 pruned 0 leaves 0 (0.0s) | total leaves 0 nonDita 0  86s
R#950 0x1e0e r=7 nodes 33 pruned 20 leaves 0 (0.1s) | total leaves 0 nonDita 0  86s
R#951 0x1e0f r=8 nodes 1 pruned 0 leaves 0 (0.0s) | total leaves 0 nonDita 0  86s
R#952 0x1e14 r=6 nodes 5 pruned 4 leaves 0 (0.0s) | total leaves 0 nonDita 0  86s
R#953 0x1e15 r=7 nodes 33 pruned 0 leaves 0 (0.1s) | total leaves 0 nonDita 0  86s
R#954 0x1e17 r=8 nodes 1 pruned 0 leaves 0 (0.0s) | total leaves 0 nonDita 0  86s
R#955 0x1e1a r=7 nodes 33 pruned 28 leaves 0 (0.1s) | total leaves 0 nonDita 0  86s
R#956 0x1e1b r=8 nodes 33 pruned 20 leaves 0 (0.2s) | total leaves 0 nonDita 0  86s
R#957 0x1e1d r=8 nodes 1 pruned 0 leaves 0 (0.0s) | total leaves 0 nonDita 0  86s
R#958 0x1e1e r=8 nodes 33 pruned 20 leaves 0 (0.1s) | total leaves 0 nonDita 0  86s
R#959 0x1e1f r=9 nodes 9 pruned 0 leaves 0 (0.0s) | total leaves 0 nonDita 0  86s
R#960 0x1e4a r=7 nodes 5 pruned 4 leaves 0 (0.0s) | total leaves 0 nonDita 0  86s
R#961 0x1e4b r=8 nodes 33 pruned 32 leaves 0 (0.0s) | total leaves 0 nonDita 0  86s
R#962 0x1e4e r=8 nodes 33 pruned 20 leaves 0 (0.1s) | total leaves 0 nonDita 0  87s
R#963 0x1e4f r=9 nodes 1 pruned 0 leaves 0 (0.1s) | total leaves 0 nonDita 0  87s
R#964 0x1e55 r=8 nodes 1 pruned 0 leaves 0 (0.0s) | total leaves 0 nonDita 0  87s
R#965 0x1e5a r=8 nodes 1 pruned 0 leaves 0 (0.0s) | total leaves 0 nonDita 0  87s
R#966 0x1e5b r=9 nodes 1 pruned 0 leaves 0 (0.0s) | total leaves 0 nonDita 0  87s
R#967 0x1e5e r=9 nodes 1 pruned 0 leaves 0 (0.0s) | total leaves 0 nonDita 0  87s
R#968 0x1eae r=9 nodes 1 pruned 0 leaves 0 (0.0s) | total leaves 0 nonDita 0  87s
R#969 0x1f00 r=5 nodes 0 pruned 0 leaves 0 (0.0s) | total leaves 0 nonDita 0  87s
R#970 0x1f01 r=6 nodes 1 pruned 0 leaves 0 (0.0s) | total leaves 0 nonDita 0  87s
R#971 0x1f04 r=6 nodes 1 pruned 0 leaves 0 (0.0s) | total leaves 0 nonDita 0  87s
R#972 0x1f05 r=7 nodes 1 pruned 0 leaves 0 (0.0s) | total leaves 0 nonDita 0  87s
R#973 0x1f07 r=8 nodes 1 pruned 0 leaves 0 (0.0s) | total leaves 0 nonDita 0  87s
R#974 0x1f0a r=7 nodes 1 pruned 0 leaves 0 (0.0s) | total leaves 0 nonDita 0  87s
R#975 0x1f0b r=8 nodes 1 pruned 0 leaves 0 (0.0s) | total leaves 0 nonDita 0  87s
R#976 0x1f0d r=8 nodes 1 pruned 0 leaves 0 (0.0s) | total leaves 0 nonDita 0  87s
R#977 0x1f0e r=8 nodes 1 pruned 0 leaves 0 (0.1s) | total leaves 0 nonDita 0  87s
R#978 0x1f0f r=9 nodes 1 pruned 0 leaves 0 (1.9s) | total leaves 0 nonDita 0  89s
R#979 0x1f10 r=6 nodes 5 pruned 4 leaves 0 (0.0s) | total leaves 0 nonDita 0  89s
R#980 0x1f11 r=7 nodes 33 pruned 0 leaves 0 (0.0s) | total leaves 0 nonDita 0  89s
R#981 0x1f13 r=8 nodes 1 pruned 0 leaves 0 (0.0s) | total leaves 0 nonDita 0  89s
R#982 0x1f14 r=7 nodes 33 pruned 0 leaves 0 (0.1s) | total leaves 0 nonDita 0  89s
R#983 0x1f15 r=8 nodes 93 pruned 32 leaves 0 (0.3s) | total leaves 0 nonDita 0  89s
R#984 0x1f16 r=8 nodes 1 pruned 0 leaves 0 (0.0s) | total leaves 0 nonDita 0  89s
R#985 0x1f17 r=9 nodes 1 pruned 0 leaves 0 (0.1s) | total leaves 0 nonDita 0  89s
R#986 0x1f19 r=8 nodes 1 pruned 0 leaves 0 (0.0s) | total leaves 0 nonDita 0  89s
R#987 0x1f1a r=8 nodes 93 pruned 60 leaves 0 (0.2s) | total leaves 0 nonDita 0  90s
R#988 0x1f1b r=9 nodes 9 pruned 0 leaves 0 (0.1s) | total leaves 0 nonDita 0  90s
R#989 0x1f1c r=8 nodes 1 pruned 0 leaves 0 (0.0s) | total leaves 0 nonDita 0  90s
R#990 0x1f1d r=9 nodes 1 pruned 0 leaves 0 (0.1s) | total leaves 0 nonDita 0  90s
R#991 0x1f1e r=9 nodes 9 pruned 0 leaves 0 (0.1s) | total leaves 0 nonDita 0  90s
R#992 0x1f1f r=10 nodes 9621 pruned 1032 leaves 0 (16.5s) | total leaves 0 nonDita 0  106s
R#993 0x1f2f r=10 nodes 1 pruned 0 leaves 0 (1.5s) | total leaves 0 nonDita 0  108s
R#994 0x1f3f r=11 nodes 1 pruned 0 leaves 0 (1.9s) | total leaves 0 nonDita 0  110s
R#995 0x1f40 r=6 nodes 1 pruned 1 leaves 0 (0.0s) | total leaves 0 nonDita 0  110s
R#996 0x1f45 r=8 nodes 93 pruned 72 leaves 0 (0.3s) | total leaves 0 nonDita 0  110s
R#997 0x1f47 r=9 nodes 1 pruned 0 leaves 0 (0.0s) | total leaves 0 nonDita 0  110s
R#998 0x1f4a r=8 nodes 93 pruned 92 leaves 0 (0.1s) | total leaves 0 nonDita 0  110s
R#999 0x1f4b r=9 nodes 1 pruned 0 leaves 0 (0.0s) | total leaves 0 nonDita 0  110s
R#1000 0x1f4d r=9 nodes 1 pruned 0 leaves 0 (0.0s) | total leaves 0 nonDita 0  110s
R#1001 0x1f4e r=9 nodes 1 pruned 0 leaves 0 (0.1s) | total leaves 0 nonDita 0  110s
R#1002 0x1f4f r=10 nodes 13 pruned 8 leaves 0 (3.2s) | total leaves 0 nonDita 0  114s
R#1003 0x1f51 r=8 nodes 1 pruned 0 leaves 0 (0.0s) | total leaves 0 nonDita 0  114s
R#1004 0x1f54 r=8 nodes 1 pruned 0 leaves 0 (0.0s) | total leaves 0 nonDita 0  114s
R#1005 0x1f55 r=9 nodes 1 pruned 0 leaves 0 (0.0s) | total leaves 0 nonDita 0  114s
R#1006 0x1f5a r=9 nodes 1 pruned 0 leaves 0 (0.0s) | total leaves 0 nonDita 0  114s
R#1007 0x1f5f r=11 nodes 185 pruned 0 leaves 0 (4.6s) | total leaves 0 nonDita 0  118s
R#1008 0x1f6f r=11 nodes 1 pruned 0 leaves 0 (1.4s) | total leaves 0 nonDita 0  120s
R#1009 0x1f7f r=12 nodes 2241 pruned 608 leaves 0 (5.2s) | total leaves 0 nonDita 0  125s
R#1010 0x1f8f r=10 nodes 1 pruned 0 leaves 0 (1.3s) | total leaves 0 nonDita 0  126s
R#1011 0x1f9f r=11 nodes 1 pruned 0 leaves 0 (1.4s) | total leaves 0 nonDita 0  128s
R#1012 0x1faf r=11 nodes 5 pruned 0 leaves 0 (2.5s) | total leaves 0 nonDita 0  130s
R#1013 0x1fbf r=12 nodes 5 pruned 0 leaves 0 (3.0s) | total leaves 0 nonDita 0  133s
R#1014 0x1fcf r=11 nodes 1 pruned 0 leaves 0 (1.9s) | total leaves 0 nonDita 0  135s
R#1015 0x1fdf r=12 nodes 2241 pruned 608 leaves 0 (5.4s) | total leaves 0 nonDita 0  140s
R#1016 0x1fef r=12 nodes 5 pruned 0 leaves 0 (2.3s) | total leaves 0 nonDita 0  143s
R#1017 0x1fff r=13 nodes 2977 pruned 48 leaves 0 (33.5s) | total leaves 0 nonDita 0  176s
R#1018 0x2001 r=2 nodes 0 pruned 0 leaves 0 (0.0s) | total leaves 0 nonDita 0  176s
R#1019 0x2002 r=2 nodes 0 pruned 0 leaves 0 (0.0s) | total leaves 0 nonDita 0  176s
R#1020 0x2004 r=2 nodes 0 pruned 0 leaves 0 (0.0s) | total leaves 0 nonDita 0  176s
R#1021 0x2005 r=3 nodes 0 pruned 0 leaves 0 (0.0s) | total leaves 0 nonDita 0  176s
R#1022 0x2008 r=2 nodes 0 pruned 0 leaves 0 (0.0s) | total leaves 0 nonDita 0  176s
R#1023 0x200a r=3 nodes 0 pruned 0 leaves 0 (0.0s) | total leaves 0 nonDita 0  176s
R#1024 0x200f r=5 nodes 0 pruned 0 leaves 0 (0.0s) | total leaves 0 nonDita 0  176s
R#1025 0x2010 r=2 nodes 0 pruned 0 leaves 0 (0.0s) | total leaves 0 nonDita 0  176s
R#1026 0x2020 r=2 nodes 1 pruned 1 leaves 0 (0.0s) | total leaves 0 nonDita 0  176s
R#1027 0x2021 r=3 nodes 0 pruned 0 leaves 0 (0.0s) | total leaves 0 nonDita 0  176s
R#1028 0x2022 r=3 nodes 1 pruned 1 leaves 0 (0.0s) | total leaves 0 nonDita 0  176s
R#1029 0x2024 r=3 nodes 0 pruned 0 leaves 0 (0.0s) | total leaves 0 nonDita 0  176s
R#1030 0x2025 r=4 nodes 1 pruned 1 leaves 0 (0.0s) | total leaves 0 nonDita 0  176s
R#1031 0x2028 r=3 nodes 1 pruned 1 leaves 0 (0.0s) | total leaves 0 nonDita 0  176s
R#1032 0x202a r=4 nodes 1 pruned 1 leaves 0 (0.0s) | total leaves 0 nonDita 0  176s
R#1033 0x202f r=6 nodes 5 pruned 4 leaves 0 (0.0s) | total leaves 0 nonDita 0  176s
R#1034 0x2030 r=3 nodes 0 pruned 0 leaves 0 (0.0s) | total leaves 0 nonDita 0  176s
R#1035 0x2040 r=2 nodes 0 pruned 0 leaves 0 (0.0s) | total leaves 0 nonDita 0  176s
R#1036 0x2050 r=3 nodes 1 pruned 1 leaves 0 (0.0s) | total leaves 0 nonDita 0  176s
R#1037 0x2060 r=3 nodes 0 pruned 0 leaves 0 (0.0s) | total leaves 0 nonDita 0  176s
R#1038 0x2070 r=4 nodes 1 pruned 1 leaves 0 (0.0s) | total leaves 0 nonDita 0  176s
R#1039 0x2080 r=2 nodes 1 pruned 1 leaves 0 (0.0s) | total leaves 0 nonDita 0  176s
R#1040 0x2081 r=3 nodes 0 pruned 0 leaves 0 (0.0s) | total leaves 0 nonDita 0  176s
R#1041 0x2082 r=3 nodes 0 pruned 0 leaves 0 (0.0s) | total leaves 0 nonDita 0  176s
R#1042 0x2084 r=3 nodes 0 pruned 0 leaves 0 (0.0s) | total leaves 0 nonDita 0  176s
R#1043 0x2085 r=4 nodes 1 pruned 1 leaves 0 (0.0s) | total leaves 0 nonDita 0  176s
R#1044 0x2088 r=3 nodes 0 pruned 0 leaves 0 (0.0s) | total leaves 0 nonDita 0  176s
R#1045 0x208a r=4 nodes 1 pruned 1 leaves 0 (0.0s) | total leaves 0 nonDita 0  176s
R#1046 0x208f r=6 nodes 1 pruned 1 leaves 0 (0.0s) | total leaves 0 nonDita 0  176s
R#1047 0x2090 r=3 nodes 0 pruned 0 leaves 0 (0.0s) | total leaves 0 nonDita 0  176s
R#1048 0x20a0 r=3 nodes 1 pruned 1 leaves 0 (0.0s) | total leaves 0 nonDita 0  176s
R#1049 0x20a2 r=4 nodes 1 pruned 1 leaves 0 (0.0s) | total leaves 0 nonDita 0  176s
R#1050 0x20a8 r=4 nodes 1 pruned 1 leaves 0 (0.0s) | total leaves 0 nonDita 0  176s
R#1051 0x20b0 r=4 nodes 1 pruned 1 leaves 0 (0.0s) | total leaves 0 nonDita 0  176s
R#1052 0x20c0 r=3 nodes 0 pruned 0 leaves 0 (0.0s) | total leaves 0 nonDita 0  176s
R#1053 0x20d0 r=4 nodes 1 pruned 1 leaves 0 (0.0s) | total leaves 0 nonDita 0  177s
R#1054 0x20e0 r=4 nodes 1 pruned 1 leaves 0 (0.0s) | total leaves 0 nonDita 0  177s
R#1055 0x20f0 r=5 nodes 1 pruned 1 leaves 0 (0.0s) | total leaves 0 nonDita 0  177s
R#1056 0x20f2 r=6 nodes 1 pruned 0 leaves 0 (0.0s) | total leaves 0 nonDita 0  177s
R#1057 0x20f8 r=6 nodes 1 pruned 0 leaves 0 (0.0s) | total leaves 0 nonDita 0  177s
R#1058 0x2100 r=2 nodes 0 pruned 0 leaves 0 (0.0s) | total leaves 0 nonDita 0  177s
R#1059 0x2101 r=3 nodes 0 pruned 0 leaves 0 (0.0s) | total leaves 0 nonDita 0  177s
R#1060 0x2104 r=3 nodes 0 pruned 0 leaves 0 (0.0s) | total leaves 0 nonDita 0  177s
R#1061 0x2120 r=3 nodes 0 pruned 0 leaves 0 (0.0s) | total leaves 0 nonDita 0  177s
R#1062 0x2121 r=4 nodes 1 pruned 1 leaves 0 (0.0s) | total leaves 0 nonDita 0  177s
R#1063 0x2124 r=4 nodes 1 pruned 1 leaves 0 (0.0s) | total leaves 0 nonDita 0  177s
R#1064 0x2180 r=3 nodes 0 pruned 0 leaves 0 (0.0s) | total leaves 0 nonDita 0  177s
R#1065 0x2181 r=4 nodes 1 pruned 1 leaves 0 (0.0s) | total leaves 0 nonDita 0  177s
R#1066 0x2184 r=4 nodes 1 pruned 1 leaves 0 (0.0s) | total leaves 0 nonDita 0  177s
R#1067 0x2200 r=2 nodes 0 pruned 0 leaves 0 (0.0s) | total leaves 0 nonDita 0  177s
R#1068 0x2202 r=3 nodes 1 pruned 1 leaves 0 (0.0s) | total leaves 0 nonDita 0  177s
R#1069 0x2208 r=3 nodes 0 pruned 0 leaves 0 (0.0s) | total leaves 0 nonDita 0  177s
R#1070 0x220a r=4 nodes 1 pruned 1 leaves 0 (0.0s) | total leaves 0 nonDita 0  177s
R#1071 0x220f r=6 nodes 1 pruned 0 leaves 0 (0.0s) | total leaves 0 nonDita 0  177s
R#1072 0x2220 r=3 nodes 1 pruned 1 leaves 0 (0.0s) | total leaves 0 nonDita 0  177s
R#1073 0x2222 r=4 nodes 1 pruned 1 leaves 0 (0.0s) | total leaves 0 nonDita 0  177s
R#1074 0x2223 r=5 nodes 0 pruned 0 leaves 0 (0.0s) | total leaves 0 nonDita 0  177s
R#1075 0x2226 r=5 nodes 0 pruned 0 leaves 0 (0.0s) | total leaves 0 nonDita 0  177s
R#1076 0x2227 r=6 nodes 5 pruned 4 leaves 0 (0.0s) | total leaves 0 nonDita 0  177s
R#1077 0x2228 r=4 nodes 1 pruned 1 leaves 0 (0.0s) | total leaves 0 nonDita 0  177s
R#1078 0x222a r=5 nodes 1 pruned 1 leaves 0 (0.0s) | total leaves 0 nonDita 0  177s
R#1079 0x222b r=6 nodes 1 pruned 0 leaves 0 (0.0s) | total leaves 0 nonDita 0  177s
R#1080 0x222e r=6 nodes 1 pruned 0 leaves 0 (0.0s) | total leaves 0 nonDita 0  177s
R#1081 0x222f r=7 nodes 33 pruned 0 leaves 0 (0.0s) | total leaves 0 nonDita 0  177s
R#1082 0x2232 r=5 nodes 0 pruned 0 leaves 0 (0.0s) | total leaves 0 nonDita 0  177s
R#1083 0x2262 r=5 nodes 0 pruned 0 leaves 0 (0.0s) | total leaves 0 nonDita 0  177s
R#1084 0x2272 r=6 nodes 5 pruned 4 leaves 0 (0.0s) | total leaves 0 nonDita 0  177s
R#1085 0x2280 r=3 nodes 0 pruned 0 leaves 0 (0.0s) | total leaves 0 nonDita 0  177s
R#1086 0x2282 r=4 nodes 1 pruned 1 leaves 0 (0.0s) | total leaves 0 nonDita 0  177s
R#1087 0x2288 r=4 nodes 1 pruned 1 leaves 0 (0.0s) | total leaves 0 nonDita 0  177s
R#1088 0x22a0 r=4 nodes 1 pruned 1 leaves 0 (0.0s) | total leaves 0 nonDita 0  177s
R#1089 0x22a2 r=5 nodes 1 pruned 1 leaves 0 (0.0s) | total leaves 0 nonDita 0  177s
R#1090 0x22aa r=6 nodes 1 pruned 1 leaves 0 (0.0s) | total leaves 0 nonDita 0  177s
R#1091 0x22af r=8 nodes 1 pruned 0 leaves 0 (0.0s) | total leaves 0 nonDita 0  177s
R#1092 0x22b2 r=6 nodes 1 pruned 0 leaves 0 (0.0s) | total leaves 0 nonDita 0  177s
R#1093 0x22e2 r=6 nodes 1 pruned 0 leaves 0 (0.0s) | total leaves 0 nonDita 0  177s
R#1094 0x22f0 r=6 nodes 1 pruned 0 leaves 0 (0.0s) | total leaves 0 nonDita 0  177s
R#1095 0x22f2 r=7 nodes 33 pruned 0 leaves 0 (0.1s) | total leaves 0 nonDita 0  177s
R#1096 0x22fa r=8 nodes 1 pruned 0 leaves 0 (0.0s) | total leaves 0 nonDita 0  177s
R#1097 0x2322 r=5 nodes 0 pruned 0 leaves 0 (0.0s) | total leaves 0 nonDita 0  177s
R#1098 0x2323 r=6 nodes 1 pruned 1 leaves 0 (0.1s) | total leaves 0 nonDita 0  177s
R#1099 0x2326 r=6 nodes 1 pruned 1 leaves 0 (0.0s) | total leaves 0 nonDita 0  178s
R#1100 0x232a r=6 nodes 1 pruned 0 leaves 0 (0.0s) | total leaves 0 nonDita 0  178s
R#1101 0x232f r=8 nodes 1 pruned 0 leaves 0 (0.0s) | total leaves 0 nonDita 0  178s
R#1102 0x2400 r=2 nodes 0 pruned 0 leaves 0 (0.0s) | total leaves 0 nonDita 0  178s
R#1103 0x2401 r=3 nodes 0 pruned 0 leaves 0 (0.0s) | total leaves 0 nonDita 0  178s
R#1104 0x2404 r=3 nodes 0 pruned 0 leaves 0 (0.0s) | total leaves 0 nonDita 0  178s
R#1105 0x2420 r=3 nodes 0 pruned 0 leaves 0 (0.0s) | total leaves 0 nonDita 0  178s
R#1106 0x2421 r=4 nodes 1 pruned 1 leaves 0 (0.0s) | total leaves 0 nonDita 0  178s
R#1107 0x2424 r=4 nodes 1 pruned 1 leaves 0 (0.0s) | total leaves 0 nonDita 0  178s
R#1108 0x2480 r=3 nodes 0 pruned 0 leaves 0 (0.0s) | total leaves 0 nonDita 0  178s
R#1109 0x2481 r=4 nodes 1 pruned 1 leaves 0 (0.0s) | total leaves 0 nonDita 0  178s
R#1110 0x2484 r=4 nodes 1 pruned 1 leaves 0 (0.0s) | total leaves 0 nonDita 0  178s
R#1111 0x2500 r=3 nodes 0 pruned 0 leaves 0 (0.0s) | total leaves 0 nonDita 0  178s
R#1112 0x2505 r=5 nodes 1 pruned 1 leaves 0 (0.0s) | total leaves 0 nonDita 0  178s
R#1113 0x2507 r=6 nodes 1 pruned 0 leaves 0 (0.0s) | total leaves 0 nonDita 0  178s
R#1114 0x250a r=5 nodes 0 pruned 0 leaves 0 (0.0s) | total leaves 0 nonDita 0  178s
R#1115 0x250d r=6 nodes 1 pruned 0 leaves 0 (0.0s) | total leaves 0 nonDita 0  178s
R#1116 0x250f r=7 nodes 1 pruned 0 leaves 0 (0.0s) | total leaves 0 nonDita 0  178s
R#1117 0x2515 r=6 nodes 1 pruned 0 leaves 0 (0.0s) | total leaves 0 nonDita 0  178s
R#1118 0x2520 r=4 nodes 1 pruned 1 leaves 0 (0.0s) | total leaves 0 nonDita 0  178s
R#1119 0x2525 r=6 nodes 1 pruned 1 leaves 0 (0.0s) | total leaves 0 nonDita 0  178s
R#1120 0x2527 r=7 nodes 33 pruned 28 leaves 0 (0.1s) | total leaves 0 nonDita 0  178s
R#1121 0x252a r=6 nodes 5 pruned 4 leaves 0 (0.0s) | total leaves 0 nonDita 0  178s
R#1122 0x252d r=7 nodes 33 pruned 28 leaves 0 (0.0s) | total leaves 0 nonDita 0  178s
R#1123 0x252f r=8 nodes 93 pruned 60 leaves 0 (0.1s) | total leaves 0 nonDita 0  178s
R#1124 0x2535 r=7 nodes 5 pruned 4 leaves 0 (0.0s) | total leaves 0 nonDita 0  178s
R#1125 0x2545 r=6 nodes 1 pruned 0 leaves 0 (0.0s) | total leaves 0 nonDita 0  178s
R#1126 0x2555 r=7 nodes 33 pruned 20 leaves 0 (0.1s) | total leaves 0 nonDita 0  178s
R#1127 0x2565 r=7 nodes 5 pruned 4 leaves 0 (0.1s) | total leaves 0 nonDita 0  178s
R#1128 0x2575 r=8 nodes 33 pruned 20 leaves 0 (0.1s) | total leaves 0 nonDita 0  178s
R#1129 0x2580 r=4 nodes 1 pruned 1 leaves 0 (0.0s) | total leaves 0 nonDita 0  178s
R#1130 0x2585 r=6 nodes 1 pruned 1 leaves 0 (0.0s) | total leaves 0 nonDita 0  178s
R#1131 0x2587 r=7 nodes 5 pruned 4 leaves 0 (0.0s) | total leaves 0 nonDita 0  178s
R#1132 0x258a r=6 nodes 1 pruned 1 leaves 0 (0.0s) | total leaves 0 nonDita 0  178s
R#1133 0x258d r=7 nodes 5 pruned 4 leaves 0 (0.0s) | total leaves 0 nonDita 0  178s
R#1134 0x258f r=8 nodes 93 pruned 92 leaves 0 (0.1s) | total leaves 0 nonDita 0  179s
R#1135 0x2595 r=7 nodes 5 pruned 4 leaves 0 (0.0s) | total leaves 0 nonDita 0  179s
R#1136 0x25a5 r=7 nodes 1 pruned 1 leaves 0 (0.1s) | total leaves 0 nonDita 0  179s
R#1137 0x25a7 r=8 nodes 1 pruned 0 leaves 0 (0.0s) | total leaves 0 nonDita 0  179s
R#1138 0x25ad r=8 nodes 1 pruned 0 leaves 0 (0.0s) | total leaves 0 nonDita 0  179s
R#1139 0x25af r=9 nodes 1 pruned 0 leaves 0 (0.0s) | total leaves 0 nonDita 0  179s
R#1140 0x25b5 r=8 nodes 1 pruned 0 leaves 0 (0.0s) | total leaves 0 nonDita 0  179s
R#1141 0x25c5 r=7 nodes 5 pruned 4 leaves 0 (0.0s) | total leaves 0 nonDita 0  179s
R#1142 0x25d5 r=8 nodes 33 pruned 20 leaves 0 (0.1s) | total leaves 0 nonDita 0  179s
R#1143 0x25e5 r=8 nodes 1 pruned 0 leaves 0 (0.0s) | total leaves 0 nonDita 0  179s
R#1144 0x25f5 r=9 nodes 1 pruned 0 leaves 0 (0.1s) | total leaves 0 nonDita 0  179s
R#1145 0x2622 r=5 nodes 0 pruned 0 leaves 0 (0.0s) | total leaves 0 nonDita 0  179s
R#1146 0x2623 r=6 nodes 1 pruned 1 leaves 0 (0.0s) | total leaves 0 nonDita 0  179s
R#1147 0x2626 r=6 nodes 1 pruned 1 leaves 0 (0.0s) | total leaves 0 nonDita 0  179s
R#1148 0x262a r=6 nodes 1 pruned 0 leaves 0 (0.0s) | total leaves 0 nonDita 0  179s
R#1149 0x262f r=8 nodes 1 pruned 0 leaves 0 (0.0s) | total leaves 0 nonDita 0  179s
R#1150 0x2705 r=6 nodes 1 pruned 0 leaves 0 (0.0s) | total leaves 0 nonDita 0  179s
R#1151 0x2707 r=7 nodes 33 pruned 20 leaves 0 (0.1s) | total leaves 0 nonDita 0  179s
R#1152 0x270a r=6 nodes 1 pruned 0 leaves 0 (0.0s) | total leaves 0 nonDita 0  179s
R#1153 0x270d r=7 nodes 1 pruned 0 leaves 0 (0.0s) | total leaves 0 nonDita 0  179s
R#1154 0x270f r=8 nodes 1 pruned 0 leaves 0 (0.0s) | total leaves 0 nonDita 0  179s
R#1155 0x2722 r=6 nodes 5 pruned 4 leaves 0 (0.0s) | total leaves 0 nonDita 0  179s
R#1156 0x2725 r=7 nodes 33 pruned 28 leaves 0 (0.0s) | total leaves 0 nonDita 0  179s
R#1157 0x2727 r=8 nodes 33 pruned 20 leaves 0 (0.1s) | total leaves 0 nonDita 0  179s
R#1158 0x272a r=7 nodes 33 pruned 0 leaves 0 (0.1s) | total leaves 0 nonDita 0  180s
R#1159 0x272b r=8 nodes 1 pruned 0 leaves 0 (0.0s) | total leaves 0 nonDita 0  180s
R#1160 0x272d r=8 nodes 33 pruned 20 leaves 0 (0.1s) | total leaves 0 nonDita 0  180s
R#1161 0x272e r=8 nodes 1 pruned 0 leaves 0 (0.0s) | total leaves 0 nonDita 0  180s
R#1162 0x272f r=9 nodes 9 pruned 0 leaves 0 (0.1s) | total leaves 0 nonDita 0  180s
R#1163 0x2757 r=9 nodes 1 pruned 0 leaves 0 (0.0s) | total leaves 0 nonDita 0  180s
R#1164 0x2785 r=7 nodes 5 pruned 4 leaves 0 (0.1s) | total leaves 0 nonDita 0  180s
R#1165 0x2787 r=8 nodes 33 pruned 20 leaves 0 (0.1s) | total leaves 0 nonDita 0  180s
R#1166 0x278d r=8 nodes 33 pruned 32 leaves 0 (0.0s) | total leaves 0 nonDita 0  180s
R#1167 0x278f r=9 nodes 1 pruned 0 leaves 0 (0.0s) | total leaves 0 nonDita 0  180s
R#1168 0x27a5 r=8 nodes 1 pruned 0 leaves 0 (0.0s) | total leaves 0 nonDita 0  180s
R#1169 0x27a7 r=9 nodes 1 pruned 0 leaves 0 (0.0s) | total leaves 0 nonDita 0  180s
R#1170 0x27aa r=8 nodes 1 pruned 0 leaves 0 (0.0s) | total leaves 0 nonDita 0  180s
R#1171 0x27ad r=9 nodes 1 pruned 0 leaves 0 (0.0s) | total leaves 0 nonDita 0  180s
R#1172 0x2800 r=2 nodes 0 pruned 0 leaves 0 (0.0s) | total leaves 0 nonDita 0  180s
R#1173 0x2802 r=3 nodes 0 pruned 0 leaves 0 (0.0s) | total leaves 0 nonDita 0  180s
R#1174 0x2808 r=3 nodes 1 pruned 1 leaves 0 (0.0s) | total leaves 0 nonDita 0  180s
R#1175 0x280a r=4 nodes 1 pruned 1 leaves 0 (0.0s) | total leaves 0 nonDita 0  180s
R#1176 0x280f r=6 nodes 1 pruned 0 leaves 0 (0.0s) | total leaves 0 nonDita 0  180s
R#1177 0x2820 r=3 nodes 1 pruned 1 leaves 0 (0.0s) | total leaves 0 nonDita 0  180s
R#1178 0x2822 r=4 nodes 1 pruned 1 leaves 0 (0.0s) | total leaves 0 nonDita 0  180s
R#1179 0x2828 r=4 nodes 1 pruned 1 leaves 0 (0.0s) | total leaves 0 nonDita 0  180s
R#1180 0x2829 r=5 nodes 0 pruned 0 leaves 0 (0.0s) | total leaves 0 nonDita 0  180s
R#1181 0x282a r=5 nodes 1 pruned 1 leaves 0 (0.0s) | total leaves 0 nonDita 0  180s
R#1182 0x282b r=6 nodes 1 pruned 0 leaves 0 (0.0s) | total leaves 0 nonDita 0  180s
R#1183 0x282c r=5 nodes 0 pruned 0 leaves 0 (0.0s) | total leaves 0 nonDita 0  180s
R#1184 0x282d r=6 nodes 5 pruned 4 leaves 0 (0.1s) | total leaves 0 nonDita 0  180s
R#1185 0x282e r=6 nodes 1 pruned 0 leaves 0 (0.0s) | total leaves 0 nonDita 0  180s
R#1186 0x282f r=7 nodes 33 pruned 0 leaves 0 (0.0s) | total leaves 0 nonDita 0  180s
R#1187 0x2838 r=5 nodes 0 pruned 0 leaves 0 (0.0s) | total leaves 0 nonDita 0  180s
R#1188 0x2868 r=5 nodes 0 pruned 0 leaves 0 (0.0s) | total leaves 0 nonDita 0  181s
R#1189 0x2878 r=6 nodes 5 pruned 4 leaves 0 (0.0s) | total leaves 0 nonDita 0  181s
R#1190 0x2880 r=3 nodes 0 pruned 0 leaves 0 (0.0s) | total leaves 0 nonDita 0  181s
R#1191 0x2882 r=4 nodes 1 pruned 1 leaves 0 (0.0s) | total leaves 0 nonDita 0  181s
R#1192 0x2888 r=4 nodes 1 pruned 1 leaves 0 (0.0s) | total leaves 0 nonDita 0  181s
R#1193 0x28a0 r=4 nodes 1 pruned 1 leaves 0 (0.0s) | total leaves 0 nonDita 0  181s
R#1194 0x28a8 r=5 nodes 1 pruned 1 leaves 0 (0.0s) | total leaves 0 nonDita 0  181s
R#1195 0x28aa r=6 nodes 1 pruned 1 leaves 0 (0.0s) | total leaves 0 nonDita 0  181s
R#1196 0x28af r=8 nodes 1 pruned 0 leaves 0 (0.0s) | total leaves 0 nonDita 0  181s
R#1197 0x28b8 r=6 nodes 1 pruned 0 leaves 0 (0.0s) | total leaves 0 nonDita 0  181s
R#1198 0x28e8 r=6 nodes 1 pruned 0 leaves 0 (0.0s) | total leaves 0 nonDita 0  181s
R#1199 0x28f0 r=6 nodes 1 pruned 0 leaves 0 (0.0s) | total leaves 0 nonDita 0  181s
R#1200 0x28f8 r=7 nodes 33 pruned 0 leaves 0 (0.0s) | total leaves 0 nonDita 0  181s
R#1201 0x28fa r=8 nodes 1 pruned 0 leaves 0 (0.0s) | total leaves 0 nonDita 0  181s
R#1202 0x2928 r=5 nodes 0 pruned 0 leaves 0 (0.0s) | total leaves 0 nonDita 0  181s
R#1203 0x2929 r=6 nodes 1 pruned 1 leaves 0 (0.0s) | total leaves 0 nonDita 0  181s
R#1204 0x292a r=6 nodes 1 pruned 0 leaves 0 (0.0s) | total leaves 0 nonDita 0  181s
R#1205 0x292c r=6 nodes 1 pruned 1 leaves 0 (0.0s) | total leaves 0 nonDita 0  181s
R#1206 0x292f r=8 nodes 1 pruned 0 leaves 0 (0.0s) | total leaves 0 nonDita 0  181s
R#1207 0x2a00 r=3 nodes 0 pruned 0 leaves 0 (0.0s) | total leaves 0 nonDita 0  181s
R#1208 0x2a02 r=4 nodes 1 pruned 1 leaves 0 (0.0s) | total leaves 0 nonDita 0  181s
R#1209 0x2a05 r=5 nodes 0 pruned 0 leaves 0 (0.0s) | total leaves 0 nonDita 0  181s
R#1210 0x2a07 r=6 nodes 1 pruned 0 leaves 0 (0.0s) | total leaves 0 nonDita 0  181s
R#1211 0x2a08 r=4 nodes 1 pruned 1 leaves 0 (0.0s) | total leaves 0 nonDita 0  181s
R#1212 0x2a0a r=5 nodes 1 pruned 1 leaves 0 (0.0s) | total leaves 0 nonDita 0  181s
R#1213 0x2a0b r=6 nodes 1 pruned 0 leaves 0 (0.0s) | total leaves 0 nonDita 0  181s
R#1214 0x2a0d r=6 nodes 1 pruned 0 leaves 0 (0.0s) | total leaves 0 nonDita 0  181s
R#1215 0x2a0e r=6 nodes 1 pruned 0 leaves 0 (0.0s) | total leaves 0 nonDita 0  181s
R#1216 0x2a0f r=7 nodes 1 pruned 0 leaves 0 (0.1s) | total leaves 0 nonDita 0  181s
R#1217 0x2a1a r=6 nodes 1 pruned 0 leaves 0 (0.0s) | total leaves 0 nonDita 0  181s
R#1218 0x2a20 r=4 nodes 1 pruned 1 leaves 0 (0.0s) | total leaves 0 nonDita 0  181s
R#1219 0x2a22 r=5 nodes 1 pruned 1 leaves 0 (0.0s) | total leaves 0 nonDita 0  181s
R#1220 0x2a23 r=6 nodes 1 pruned 0 leaves 0 (0.0s) | total leaves 0 nonDita 0  181s
R#1221 0x2a25 r=6 nodes 5 pruned 4 leaves 0 (0.0s) | total leaves 0 nonDita 0  181s
R#1222 0x2a26 r=6 nodes 1 pruned 0 leaves 0 (0.0s) | total leaves 0 nonDita 0  181s
R#1223 0x2a27 r=7 nodes 33 pruned 0 leaves 0 (0.0s) | total leaves 0 nonDita 0  181s
R#1224 0x2a28 r=5 nodes 1 pruned 1 leaves 0 (0.0s) | total leaves 0 nonDita 0  181s
R#1225 0x2a29 r=6 nodes 1 pruned 0 leaves 0 (0.0s) | total leaves 0 nonDita 0  181s
R#1226 0x2a2a r=6 nodes 1 pruned 1 leaves 0 (0.0s) | total leaves 0 nonDita 0  181s
R#1227 0x2a2b r=7 nodes 1 pruned 0 leaves 0 (0.0s) | total leaves 0 nonDita 0  181s
R#1228 0x2a2c r=6 nodes 1 pruned 0 leaves 0 (0.0s) | total leaves 0 nonDita 0  181s
R#1229 0x2a2d r=7 nodes 33 pruned 0 leaves 0 (0.0s) | total leaves 0 nonDita 0  181s
R#1230 0x2a2e r=7 nodes 1 pruned 0 leaves 0 (0.0s) | total leaves 0 nonDita 0  182s
R#1231 0x2a2f r=8 nodes 93 pruned 32 leaves 0 (0.2s) | total leaves 0 nonDita 0  182s
R#1232 0x2a3a r=7 nodes 1 pruned 0 leaves 0 (0.1s) | total leaves 0 nonDita 0  182s
R#1233 0x2a4a r=6 nodes 1 pruned 0 leaves 0 (0.0s) | total leaves 0 nonDita 0  182s
R#1234 0x2a5a r=7 nodes 33 pruned 28 leaves 0 (0.0s) | total leaves 0 nonDita 0  182s
R#1235 0x2a6a r=7 nodes 1 pruned 0 leaves 0 (0.1s) | total leaves 0 nonDita 0  182s
R#1236 0x2a7a r=8 nodes 93 pruned 60 leaves 0 (0.2s) | total leaves 0 nonDita 0  182s
R#1237 0x2a80 r=4 nodes 1 pruned 1 leaves 0 (0.0s) | total leaves 0 nonDita 0  182s
R#1238 0x2a85 r=6 nodes 1 pruned 1 leaves 0 (0.0s) | total leaves 0 nonDita 0  182s
R#1239 0x2a8a r=6 nodes 1 pruned 1 leaves 0 (0.0s) | total leaves 0 nonDita 0  182s
R#1240 0x2a8b r=7 nodes 1 pruned 0 leaves 0 (0.0s) | total leaves 0 nonDita 0  182s
R#1241 0x2a8e r=7 nodes 5 pruned 4 leaves 0 (0.0s) | total leaves 0 nonDita 0  182s
R#1242 0x2a8f r=8 nodes 93 pruned 88 leaves 0 (0.2s) | total leaves 0 nonDita 0  182s
R#1243 0x2a9a r=7 nodes 1 pruned 0 leaves 0 (0.1s) | total leaves 0 nonDita 0  182s
R#1244 0x2aa2 r=6 nodes 1 pruned 1 leaves 0 (0.0s) | total leaves 0 nonDita 0  182s
R#1245 0x2aa7 r=8 nodes 1 pruned 0 leaves 0 (0.0s) | total leaves 0 nonDita 0  182s
R#1246 0x2aa8 r=6 nodes 1 pruned 1 leaves 0 (0.0s) | total leaves 0 nonDita 0  183s
R#1247 0x2aaa r=7 nodes 1 pruned 1 leaves 0 (0.1s) | total leaves 0 nonDita 0  183s
R#1248 0x2aab r=8 nodes 1 pruned 0 leaves 0 (0.0s) | total leaves 0 nonDita 0  183s
R#1249 0x2aad r=8 nodes 1 pruned 0 leaves 0 (0.0s) | total leaves 0 nonDita 0  183s
R#1250 0x2aae r=8 nodes 1 pruned 0 leaves 0 (0.0s) | total leaves 0 nonDita 0  183s
R#1251 0x2aaf r=9 nodes 1 pruned 0 leaves 0 (0.0s) | total leaves 0 nonDita 0  183s
R#1252 0x2aba r=8 nodes 1 pruned 0 leaves 0 (0.0s) | total leaves 0 nonDita 0  183s
R#1253 0x2aca r=7 nodes 1 pruned 0 leaves 0 (0.0s) | total leaves 0 nonDita 0  183s
R#1254 0x2ada r=8 nodes 33 pruned 20 leaves 0 (0.1s) | total leaves 0 nonDita 0  183s
R#1255 0x2aea r=8 nodes 1 pruned 0 leaves 0 (0.0s) | total leaves 0 nonDita 0  183s
R#1256 0x2af2 r=8 nodes 1 pruned 0 leaves 0 (0.0s) | total leaves 0 nonDita 0  183s
R#1257 0x2af8 r=8 nodes 1 pruned 0 leaves 0 (0.0s) | total leaves 0 nonDita 0  183s
R#1258 0x2afa r=9 nodes 9 pruned 0 leaves 0 (0.0s) | total leaves 0 nonDita 0  183s
R#1259 0x2b0a r=6 nodes 1 pruned 0 leaves 0 (0.0s) | total leaves 0 nonDita 0  183s
R#1260 0x2b0b r=7 nodes 5 pruned 0 leaves 0 (0.0s) | total leaves 0 nonDita 0  183s
R#1261 0x2b0e r=7 nodes 5 pruned 4 leaves 0 (0.0s) | total leaves 0 nonDita 0  183s
R#1262 0x2b0f r=8 nodes 1 pruned 0 leaves 0 (0.0s) | total leaves 0 nonDita 0  183s
R#1263 0x2b22 r=6 nodes 1 pruned 0 leaves 0 (0.0s) | total leaves 0 nonDita 0  183s
R#1264 0x2b27 r=8 nodes 1 pruned 0 leaves 0 (0.0s) | total leaves 0 nonDita 0  183s
R#1265 0x2b28 r=6 nodes 1 pruned 0 leaves 0 (0.0s) | total leaves 0 nonDita 0  183s
R#1266 0x2b2a r=7 nodes 1 pruned 0 leaves 0 (0.1s) | total leaves 0 nonDita 0  183s
R#1267 0x2b2b r=8 nodes 5 pruned 0 leaves 0 (0.1s) | total leaves 0 nonDita 0  183s
R#1268 0x2b2d r=8 nodes 1 pruned 0 leaves 0 (0.0s) | total leaves 0 nonDita 0  183s
R#1269 0x2b2e r=8 nodes 93 pruned 72 leaves 0 (0.1s) | total leaves 0 nonDita 0  184s
R#1270 0x2b2f r=9 nodes 1 pruned 0 leaves 0 (0.0s) | total leaves 0 nonDita 0  184s
R#1271 0x2b8a r=7 nodes 5 pruned 4 leaves 0 (0.0s) | total leaves 0 nonDita 0  184s
R#1272 0x2b8b r=8 nodes 33 pruned 28 leaves 0 (0.1s) | total leaves 0 nonDita 0  184s
R#1273 0x2b8e r=8 nodes 33 pruned 28 leaves 0 (0.1s) | total leaves 0 nonDita 0  184s
R#1274 0x2b8f r=9 nodes 1 pruned 0 leaves 0 (0.0s) | total leaves 0 nonDita 0  184s
R#1275 0x2baa r=8 nodes 1 pruned 0 leaves 0 (0.0s) | total leaves 0 nonDita 0  184s
R#1276 0x2bab r=9 nodes 1 pruned 0 leaves 0 (0.0s) | total leaves 0 nonDita 0  184s
R#1277 0x2bae r=9 nodes 1 pruned 0 leaves 0 (0.0s) | total leaves 0 nonDita 0  184s
R#1278 0x2c28 r=5 nodes 0 pruned 0 leaves 0 (0.0s) | total leaves 0 nonDita 0  184s
R#1279 0x2c29 r=6 nodes 1 pruned 1 leaves 0 (0.0s) | total leaves 0 nonDita 0  184s
R#1280 0x2c2a r=6 nodes 1 pruned 0 leaves 0 (0.0s) | total leaves 0 nonDita 0  184s
R#1281 0x2c2c r=6 nodes 1 pruned 1 leaves 0 (0.0s) | total leaves 0 nonDita 0  184s
R#1282 0x2c2f r=8 nodes 1 pruned 0 leaves 0 (0.0s) | total leaves 0 nonDita 0  184s
R#1283 0x2d05 r=6 nodes 1 pruned 0 leaves 0 (0.0s) | total leaves 0 nonDita 0  184s
R#1284 0x2d07 r=7 nodes 1 pruned 0 leaves 0 (0.1s) | total leaves 0 nonDita 0  184s
R#1285 0x2d0a r=6 nodes 1 pruned 0 leaves 0 (0.0s) | total leaves 0 nonDita 0  184s
R#1286 0x2d0d r=7 nodes 33 pruned 20 leaves 0 (0.1s) | total leaves 0 nonDita 0  184s
R#1287 0x2d0f r=8 nodes 1 pruned 0 leaves 0 (0.1s) | total leaves 0 nonDita 0  184s
R#1288 0x2d25 r=7 nodes 33 pruned 28 leaves 0 (0.1s) | total leaves 0 nonDita 0  184s
R#1289 0x2d27 r=8 nodes 33 pruned 20 leaves 0 (0.1s) | total leaves 0 nonDita 0  185s
R#1290 0x2d28 r=6 nodes 5 pruned 4 leaves 0 (0.0s) | total leaves 0 nonDita 0  185s
R#1291 0x2d2a r=7 nodes 33 pruned 0 leaves 0 (0.1s) | total leaves 0 nonDita 0  185s
R#1292 0x2d2b r=8 nodes 1 pruned 0 leaves 0 (0.0s) | total leaves 0 nonDita 0  185s
R#1293 0x2d2d r=8 nodes 33 pruned 20 leaves 0 (0.1s) | total leaves 0 nonDita 0  185s
R#1294 0x2d2e r=8 nodes 1 pruned 0 leaves 0 (0.0s) | total leaves 0 nonDita 0  185s
R#1295 0x2d2f r=9 nodes 9 pruned 0 leaves 0 (0.0s) | total leaves 0 nonDita 0  185s
R#1296 0x2d5d r=9 nodes 1 pruned 0 leaves 0 (0.0s) | total leaves 0 nonDita 0  185s
R#1297 0x2d85 r=7 nodes 5 pruned 4 leaves 0 (0.0s) | total leaves 0 nonDita 0  185s
R#1298 0x2d87 r=8 nodes 33 pruned 32 leaves 0 (0.1s) | total leaves 0 nonDita 0  185s
R#1299 0x2d8d r=8 nodes 33 pruned 20 leaves 0 (0.1s) | total leaves 0 nonDita 0  185s
R#1300 0x2d8f r=9 nodes 1 pruned 0 leaves 0 (0.0s) | total leaves 0 nonDita 0  185s
R#1301 0x2da5 r=8 nodes 1 pruned 0 leaves 0 (0.0s) | total leaves 0 nonDita 0  185s
R#1302 0x2da7 r=9 nodes 1 pruned 0 leaves 0 (0.0s) | total leaves 0 nonDita 0  185s
R#1303 0x2daa r=8 nodes 1 pruned 0 leaves 0 (0.0s) | total leaves 0 nonDita 0  185s
R#1304 0x2dad r=9 nodes 1 pruned 0 leaves 0 (0.0s) | total leaves 0 nonDita 0  185s
R#1305 0x2e0a r=6 nodes 1 pruned 0 leaves 0 (0.1s) | total leaves 0 nonDita 0  185s
R#1306 0x2e0b r=7 nodes 5 pruned 4 leaves 0 (0.1s) | total leaves 0 nonDita 0  185s
R#1307 0x2e0e r=7 nodes 5 pruned 0 leaves 0 (0.1s) | total leaves 0 nonDita 0  185s
R#1308 0x2e0f r=8 nodes 1 pruned 0 leaves 0 (0.0s) | total leaves 0 nonDita 0  185s
R#1309 0x2e22 r=6 nodes 1 pruned 0 leaves 0 (0.0s) | total leaves 0 nonDita 0  185s
R#1310 0x2e27 r=8 nodes 1 pruned 0 leaves 0 (0.0s) | total leaves 0 nonDita 0  185s
R#1311 0x2e28 r=6 nodes 1 pruned 0 leaves 0 (0.0s) | total leaves 0 nonDita 0  186s
R#1312 0x2e2a r=7 nodes 1 pruned 0 leaves 0 (0.1s) | total leaves 0 nonDita 0  186s
R#1313 0x2e2b r=8 nodes 5 pruned 0 leaves 0 (0.1s) | total leaves 0 nonDita 0  186s
R#1314 0x2e2d r=8 nodes 1 pruned 0 leaves 0 (0.0s) | total leaves 0 nonDita 0  186s
R#1315 0x2e2e r=8 nodes 93 pruned 64 leaves 0 (0.1s) | total leaves 0 nonDita 0  186s
R#1316 0x2e2f r=9 nodes 1 pruned 0 leaves 0 (0.0s) | total leaves 0 nonDita 0  186s
R#1317 0x2e8a r=7 nodes 5 pruned 4 leaves 0 (0.1s) | total leaves 0 nonDita 0  186s
R#1318 0x2e8b r=8 nodes 33 pruned 28 leaves 0 (0.1s) | total leaves 0 nonDita 0  186s
R#1319 0x2e8e r=8 nodes 33 pruned 28 leaves 0 (0.1s) | total leaves 0 nonDita 0  186s
R#1320 0x2e8f r=9 nodes 1 pruned 0 leaves 0 (0.0s) | total leaves 0 nonDita 0  186s
R#1321 0x2eaa r=8 nodes 1 pruned 0 leaves 0 (0.0s) | total leaves 0 nonDita 0  186s
R#1322 0x2eab r=9 nodes 1 pruned 0 leaves 0 (0.0s) | total leaves 0 nonDita 0  186s
R#1323 0x2eae r=9 nodes 1 pruned 0 leaves 0 (0.1s) | total leaves 0 nonDita 0  186s
R#1324 0x2f00 r=5 nodes 0 pruned 0 leaves 0 (0.0s) | total leaves 0 nonDita 0  186s
R#1325 0x2f02 r=6 nodes 1 pruned 0 leaves 0 (0.0s) | total leaves 0 nonDita 0  186s
R#1326 0x2f05 r=7 nodes 1 pruned 0 leaves 0 (0.1s) | total leaves 0 nonDita 0  186s
R#1327 0x2f07 r=8 nodes 1 pruned 0 leaves 0 (0.0s) | total leaves 0 nonDita 0  187s
R#1328 0x2f08 r=6 nodes 1 pruned 0 leaves 0 (0.0s) | total leaves 0 nonDita 0  187s
R#1329 0x2f0a r=7 nodes 1 pruned 0 leaves 0 (0.1s) | total leaves 0 nonDita 0  187s
R#1330 0x2f0b r=8 nodes 1 pruned 0 leaves 0 (0.0s) | total leaves 0 nonDita 0  187s
R#1331 0x2f0d r=8 nodes 1 pruned 0 leaves 0 (0.0s) | total leaves 0 nonDita 0  187s
R#1332 0x2f0e r=8 nodes 1 pruned 0 leaves 0 (0.0s) | total leaves 0 nonDita 0  187s
R#1333 0x2f0f r=9 nodes 1 pruned 0 leaves 0 (2.4s) | total leaves 0 nonDita 0  189s
R#1334 0x2f1f r=10 nodes 1 pruned 0 leaves 0 (1.5s) | total leaves 0 nonDita 0  191s
R#1335 0x2f20 r=6 nodes 5 pruned 4 leaves 0 (0.0s) | total leaves 0 nonDita 0  191s
R#1336 0x2f22 r=7 nodes 33 pruned 0 leaves 0 (0.1s) | total leaves 0 nonDita 0  191s
R#1337 0x2f23 r=8 nodes 1 pruned 0 leaves 0 (0.0s) | total leaves 0 nonDita 0  191s
R#1338 0x2f25 r=8 nodes 93 pruned 60 leaves 0 (0.1s) | total leaves 0 nonDita 0  191s
R#1339 0x2f26 r=8 nodes 1 pruned 0 leaves 0 (0.0s) | total leaves 0 nonDita 0  191s
R#1340 0x2f27 r=9 nodes 9 pruned 0 leaves 0 (0.0s) | total leaves 0 nonDita 0  191s
R#1341 0x2f28 r=7 nodes 33 pruned 0 leaves 0 (0.0s) | total leaves 0 nonDita 0  191s
R#1342 0x2f29 r=8 nodes 1 pruned 0 leaves 0 (0.0s) | total leaves 0 nonDita 0  191s
R#1343 0x2f2a r=8 nodes 93 pruned 32 leaves 0 (0.1s) | total leaves 0 nonDita 0  191s
R#1344 0x2f2b r=9 nodes 1 pruned 0 leaves 0 (0.0s) | total leaves 0 nonDita 0  191s
R#1345 0x2f2c r=8 nodes 1 pruned 0 leaves 0 (0.0s) | total leaves 0 nonDita 0  191s
R#1346 0x2f2d r=9 nodes 9 pruned 0 leaves 0 (0.0s) | total leaves 0 nonDita 0  191s
R#1347 0x2f2e r=9 nodes 1 pruned 0 leaves 0 (0.0s) | total leaves 0 nonDita 0  191s
R#1348 0x2f2f r=10 nodes 9621 pruned 1032 leaves 0 (14.9s) | total leaves 0 nonDita 0  206s
R#1349 0x2f3f r=11 nodes 1 pruned 0 leaves 0 (1.7s) | total leaves 0 nonDita 0  208s
R#1350 0x2f4f r=10 nodes 1 pruned 0 leaves 0 (1.3s) | total leaves 0 nonDita 0  209s
R#1351 0x2f5f r=11 nodes 5 pruned 0 leaves 0 (3.4s) | total leaves 0 nonDita 0  213s
R#1352 0x2f6f r=11 nodes 1 pruned 0 leaves 0 (1.7s) | total leaves 0 nonDita 0  214s
R#1353 0x2f7f r=12 nodes 5 pruned 0 leaves 0 (2.6s) | total leaves 0 nonDita 0  217s
R#1354 0x2f80 r=6 nodes 1 pruned 1 leaves 0 (0.0s) | total leaves 0 nonDita 0  217s
R#1355 0x2f85 r=8 nodes 93 pruned 92 leaves 0 (0.1s) | total leaves 0 nonDita 0  217s
R#1356 0x2f87 r=9 nodes 1 pruned 0 leaves 0 (0.1s) | total leaves 0 nonDita 0  217s
R#1357 0x2f8a r=8 nodes 93 pruned 72 leaves 0 (0.2s) | total leaves 0 nonDita 0  217s
R#1358 0x2f8b r=9 nodes 1 pruned 0 leaves 0 (0.1s) | total leaves 0 nonDita 0  217s
R#1359 0x2f8d r=9 nodes 1 pruned 0 leaves 0 (0.0s) | total leaves 0 nonDita 0  217s
R#1360 0x2f8e r=9 nodes 1 pruned 0 leaves 0 (0.1s) | total leaves 0 nonDita 0  218s
R#1361 0x2f8f r=10 nodes 13 pruned 8 leaves 0 (3.0s) | total leaves 0 nonDita 0  221s
R#1362 0x2f9f r=11 nodes 1 pruned 0 leaves 0 (1.3s) | total leaves 0 nonDita 0  222s
R#1363 0x2fa2 r=8 nodes 1 pruned 0 leaves 0 (0.0s) | total leaves 0 nonDita 0  222s
R#1364 0x2fa5 r=9 nodes 1 pruned 0 leaves 0 (0.0s) | total leaves 0 nonDita 0  222s
R#1365 0x2fa8 r=8 nodes 1 pruned 0 leaves 0 (0.0s) | total leaves 0 nonDita 0  222s
R#1366 0x2faa r=9 nodes 1 pruned 0 leaves 0 (0.1s) | total leaves 0 nonDita 0  222s
R#1367 0x2faf r=11 nodes 185 pruned 0 leaves 0 (4.7s) | total leaves 0 nonDita 0  227s
R#1368 0x2fbf r=12 nodes 2241 pruned 608 leaves 0 (4.9s) | total leaves 0 nonDita 0  232s
R#1369 0x2fcf r=11 nodes 1 pruned 0 leaves 0 (1.9s) | total leaves 0 nonDita 0  233s
R#1370 0x2fdf r=12 nodes 5 pruned 0 leaves 0 (2.2s) | total leaves 0 nonDita 0  236s
R#1371 0x2fef r=12 nodes 2241 pruned 608 leaves 0 (5.0s) | total leaves 0 nonDita 0  241s
R#1372 0x2fff r=13 nodes 2977 pruned 48 leaves 0 (33.9s) | total leaves 0 nonDita 0  275s
R#1373 0x3000 r=2 nodes 0 pruned 0 leaves 0 (0.0s) | total leaves 0 nonDita 0  275s
R#1374 0x3010 r=3 nodes 0 pruned 0 leaves 0 (0.0s) | total leaves 0 nonDita 0  275s
R#1375 0x3020 r=3 nodes 0 pruned 0 leaves 0 (0.0s) | total leaves 0 nonDita 0  275s
R#1376 0x3030 r=4 nodes 1 pruned 1 leaves 0 (0.0s) | total leaves 0 nonDita 0  275s
R#1377 0x3040 r=3 nodes 0 pruned 0 leaves 0 (0.0s) | total leaves 0 nonDita 0  275s
R#1378 0x3050 r=4 nodes 1 pruned 1 leaves 0 (0.0s) | total leaves 0 nonDita 0  275s
R#1379 0x3060 r=4 nodes 1 pruned 1 leaves 0 (0.0s) | total leaves 0 nonDita 0  275s
R#1380 0x3080 r=3 nodes 0 pruned 0 leaves 0 (0.0s) | total leaves 0 nonDita 0  275s
R#1381 0x3090 r=4 nodes 1 pruned 1 leaves 0 (0.0s) | total leaves 0 nonDita 0  275s
R#1382 0x30a0 r=4 nodes 1 pruned 1 leaves 0 (0.0s) | total leaves 0 nonDita 0  275s
R#1383 0x30c0 r=4 nodes 1 pruned 1 leaves 0 (0.0s) | total leaves 0 nonDita 0  275s
R#1384 0x30f0 r=6 nodes 1 pruned 1 leaves 0 (0.0s) | total leaves 0 nonDita 0  275s
R#1385 0x3111 r=5 nodes 0 pruned 0 leaves 0 (0.0s) | total leaves 0 nonDita 0  275s
R#1386 0x3131 r=6 nodes 1 pruned 1 leaves 0 (0.0s) | total leaves 0 nonDita 0  275s
R#1387 0x3151 r=6 nodes 1 pruned 0 leaves 0 (0.0s) | total leaves 0 nonDita 0  275s
R#1388 0x3191 r=6 nodes 1 pruned 1 leaves 0 (0.0s) | total leaves 0 nonDita 0  275s
R#1389 0x31f1 r=8 nodes 1 pruned 0 leaves 0 (0.0s) | total leaves 0 nonDita 0  275s
R#1390 0x3222 r=5 nodes 0 pruned 0 leaves 0 (0.0s) | total leaves 0 nonDita 0  275s
R#1391 0x3232 r=6 nodes 1 pruned 1 leaves 0 (0.0s) | total leaves 0 nonDita 0  275s
R#1392 0x3262 r=6 nodes 1 pruned 1 leaves 0 (0.0s) | total leaves 0 nonDita 0  275s
R#1393 0x32a2 r=6 nodes 1 pruned 0 leaves 0 (0.0s) | total leaves 0 nonDita 0  275s
R#1394 0x32f2 r=8 nodes 1 pruned 0 leaves 0 (0.0s) | total leaves 0 nonDita 0  275s
R#1395 0x3333 r=8 nodes 1 pruned 1 leaves 0 (0.0s) | total leaves 0 nonDita 0  275s
R#1396 0x3414 r=5 nodes 0 pruned 0 leaves 0 (0.0s) | total leaves 0 nonDita 0  275s
R#1397 0x3434 r=6 nodes 1 pruned 1 leaves 0 (0.0s) | total leaves 0 nonDita 0  275s
R#1398 0x3454 r=6 nodes 1 pruned 0 leaves 0 (0.0s) | total leaves 0 nonDita 0  275s
R#1399 0x3494 r=6 nodes 1 pruned 1 leaves 0 (0.0s) | total leaves 0 nonDita 0  275s
R#1400 0x34f4 r=8 nodes 1 pruned 0 leaves 0 (0.0s) | total leaves 0 nonDita 0  275s
R#1401 0x3505 r=6 nodes 1 pruned 0 leaves 0 (0.0s) | total leaves 0 nonDita 0  275s
R#1402 0x3515 r=7 nodes 1 pruned 0 leaves 0 (0.0s) | total leaves 0 nonDita 0  275s
R#1403 0x3525 r=7 nodes 5 pruned 4 leaves 0 (0.0s) | total leaves 0 nonDita 0  275s
R#1404 0x3535 r=8 nodes 93 pruned 92 leaves 0 (0.2s) | total leaves 0 nonDita 0  276s
R#1405 0x3545 r=7 nodes 1 pruned 0 leaves 0 (0.1s) | total leaves 0 nonDita 0  276s
R#1406 0x3555 r=8 nodes 1 pruned 0 leaves 0 (0.0s) | total leaves 0 nonDita 0  276s
R#1407 0x3565 r=8 nodes 33 pruned 32 leaves 0 (0.0s) | total leaves 0 nonDita 0  276s
R#1408 0x3575 r=9 nodes 1 pruned 0 leaves 0 (0.0s) | total leaves 0 nonDita 0  276s
R#1409 0x3585 r=7 nodes 5 pruned 4 leaves 0 (0.0s) | total leaves 0 nonDita 0  276s
R#1410 0x3595 r=8 nodes 93 pruned 92 leaves 0 (0.1s) | total leaves 0 nonDita 0  276s
R#1411 0x35a5 r=8 nodes 1 pruned 0 leaves 0 (0.0s) | total leaves 0 nonDita 0  276s
R#1412 0x35b5 r=9 nodes 1 pruned 0 leaves 0 (0.1s) | total leaves 0 nonDita 0  276s
R#1413 0x35c5 r=8 nodes 33 pruned 32 leaves 0 (0.1s) | total leaves 0 nonDita 0  276s
R#1414 0x35d5 r=9 nodes 1 pruned 0 leaves 0 (0.1s) | total leaves 0 nonDita 0  276s
R#1415 0x35e5 r=9 nodes 1 pruned 0 leaves 0 (0.1s) | total leaves 0 nonDita 0  276s
R#1416 0x3636 r=8 nodes 1 pruned 1 leaves 0 (0.0s) | total leaves 0 nonDita 0  276s
R#1417 0x3828 r=5 nodes 0 pruned 0 leaves 0 (0.0s) | total leaves 0 nonDita 0  276s
R#1418 0x3838 r=6 nodes 1 pruned 1 leaves 0 (0.0s) | total leaves 0 nonDita 0  276s
R#1419 0x3868 r=6 nodes 1 pruned 1 leaves 0 (0.0s) | total leaves 0 nonDita 0  276s
R#1420 0x38a8 r=6 nodes 1 pruned 0 leaves 0 (0.0s) | total leaves 0 nonDita 0  276s
R#1421 0x38f8 r=8 nodes 1 pruned 0 leaves 0 (0.0s) | total leaves 0 nonDita 0  276s
R#1422 0x3939 r=8 nodes 1 pruned 1 leaves 0 (0.0s) | total leaves 0 nonDita 0  276s
R#1423 0x3a0a r=6 nodes 1 pruned 0 leaves 0 (0.0s) | total leaves 0 nonDita 0  276s
R#1424 0x3a1a r=7 nodes 5 pruned 4 leaves 0 (0.0s) | total leaves 0 nonDita 0  277s
R#1425 0x3a2a r=7 nodes 1 pruned 0 leaves 0 (0.0s) | total leaves 0 nonDita 0  277s
R#1426 0x3a3a r=8 nodes 93 pruned 92 leaves 0 (0.1s) | total leaves 0 nonDita 0  277s
R#1427 0x3a4a r=7 nodes 5 pruned 4 leaves 0 (0.1s) | total leaves 0 nonDita 0  277s
R#1428 0x3a5a r=8 nodes 1 pruned 0 leaves 0 (0.0s) | total leaves 0 nonDita 0  277s
R#1429 0x3a6a r=8 nodes 93 pruned 92 leaves 0 (0.1s) | total leaves 0 nonDita 0  277s
R#1430 0x3a7a r=9 nodes 1 pruned 0 leaves 0 (0.0s) | total leaves 0 nonDita 0  277s
R#1431 0x3a8a r=7 nodes 1 pruned 0 leaves 0 (0.0s) | total leaves 0 nonDita 0  277s
R#1432 0x3a9a r=8 nodes 33 pruned 32 leaves 0 (0.0s) | total leaves 0 nonDita 0  277s
R#1433 0x3aaa r=8 nodes 1 pruned 0 leaves 0 (0.0s) | total leaves 0 nonDita 0  277s
R#1434 0x3aba r=9 nodes 1 pruned 0 leaves 0 (0.0s) | total leaves 0 nonDita 0  277s
R#1435 0x3aca r=8 nodes 33 pruned 32 leaves 0 (0.1s) | total leaves 0 nonDita 0  277s
R#1436 0x3ada r=9 nodes 1 pruned 0 leaves 0 (0.0s) | total leaves 0 nonDita 0  277s
R#1437 0x3aea r=9 nodes 1 pruned 0 leaves 0 (0.1s) | total leaves 0 nonDita 0  277s
R#1438 0x3c3c r=8 nodes 1 pruned 1 leaves 0 (0.0s) | total leaves 0 nonDita 0  277s
R#1439 0x3f0f r=10 nodes 1 pruned 0 leaves 0 (1.2s) | total leaves 0 nonDita 0  278s
R#1440 0x3f1f r=11 nodes 1 pruned 0 leaves 0 (1.8s) | total leaves 0 nonDita 0  280s
R#1441 0x3f2f r=11 nodes 1 pruned 0 leaves 0 (1.6s) | total leaves 0 nonDita 0  282s
R#1442 0x3f3f r=12 nodes 397 pruned 0 leaves 0 (2.4s) | total leaves 0 nonDita 0  284s
R#1443 0x3f4f r=11 nodes 1 pruned 0 leaves 0 (1.8s) | total leaves 0 nonDita 0  286s
R#1444 0x3f5f r=12 nodes 2241 pruned 608 leaves 0 (6.7s) | total leaves 0 nonDita 0  293s
R#1445 0x3f6f r=12 nodes 397 pruned 0 leaves 0 (2.7s) | total leaves 0 nonDita 0  295s
R#1446 0x3f7f r=13 nodes 17 pruned 0 leaves 0 (0.2s) | total leaves 0 nonDita 0  296s
R#1447 0x3f8f r=11 nodes 1 pruned 0 leaves 0 (1.4s) | total leaves 0 nonDita 0  297s
R#1448 0x3f9f r=12 nodes 397 pruned 0 leaves 0 (2.4s) | total leaves 0 nonDita 0  300s
R#1449 0x3faf r=12 nodes 2241 pruned 608 leaves 0 (6.1s) | total leaves 0 nonDita 0  306s
R#1450 0x3fbf r=13 nodes 17 pruned 0 leaves 0 (0.2s) | total leaves 0 nonDita 0  306s
R#1451 0x3fcf r=12 nodes 5 pruned 0 leaves 0 (1.9s) | total leaves 0 nonDita 0  308s
R#1452 0x3fdf r=13 nodes 33 pruned 0 leaves 0 (0.2s) | total leaves 0 nonDita 0  308s
R#1453 0x3fef r=13 nodes 33 pruned 0 leaves 0 (0.3s) | total leaves 0 nonDita 0  308s
R#1454 0x4001 r=2 nodes 0 pruned 0 leaves 0 (0.0s) | total leaves 0 nonDita 0  308s
R#1455 0x4002 r=2 nodes 0 pruned 0 leaves 0 (0.0s) | total leaves 0 nonDita 0  308s
R#1456 0x4004 r=2 nodes 0 pruned 0 leaves 0 (0.0s) | total leaves 0 nonDita 0  308s
R#1457 0x4005 r=3 nodes 0 pruned 0 leaves 0 (0.0s) | total leaves 0 nonDita 0  308s
R#1458 0x4008 r=2 nodes 0 pruned 0 leaves 0 (0.0s) | total leaves 0 nonDita 0  308s
R#1459 0x400a r=3 nodes 0 pruned 0 leaves 0 (0.0s) | total leaves 0 nonDita 0  308s
R#1460 0x400f r=5 nodes 0 pruned 0 leaves 0 (0.0s) | total leaves 0 nonDita 0  308s
R#1461 0x4010 r=2 nodes 1 pruned 1 leaves 0 (0.0s) | total leaves 0 nonDita 0  308s
R#1462 0x4011 r=3 nodes 0 pruned 0 leaves 0 (0.0s) | total leaves 0 nonDita 0  308s
R#1463 0x4012 r=3 nodes 0 pruned 0 leaves 0 (0.0s) | total leaves 0 nonDita 0  308s
R#1464 0x4014 r=3 nodes 0 pruned 0 leaves 0 (0.0s) | total leaves 0 nonDita 0  308s
R#1465 0x4015 r=4 nodes 1 pruned 1 leaves 0 (0.0s) | total leaves 0 nonDita 0  308s
R#1466 0x4018 r=3 nodes 0 pruned 0 leaves 0 (0.0s) | total leaves 0 nonDita 0  308s
R#1467 0x401a r=4 nodes 1 pruned 1 leaves 0 (0.0s) | total leaves 0 nonDita 0  308s
R#1468 0x401f r=6 nodes 1 pruned 1 leaves 0 (0.0s) | total leaves 0 nonDita 0  308s
R#1469 0x4020 r=2 nodes 0 pruned 0 leaves 0 (0.0s) | total leaves 0 nonDita 0  308s
R#1470 0x4030 r=3 nodes 0 pruned 0 leaves 0 (0.0s) | total leaves 0 nonDita 0  308s
R#1471 0x4040 r=2 nodes 1 pruned 1 leaves 0 (0.0s) | total leaves 0 nonDita 0  308s
R#1472 0x4041 r=3 nodes 1 pruned 1 leaves 0 (0.0s) | total leaves 0 nonDita 0  308s
R#1473 0x4042 r=3 nodes 0 pruned 0 leaves 0 (0.0s) | total leaves 0 nonDita 0  308s
R#1474 0x4044 r=3 nodes 1 pruned 1 leaves 0 (0.0s) | total leaves 0 nonDita 0  308s
R#1475 0x4045 r=4 nodes 1 pruned 1 leaves 0 (0.0s) | total leaves 0 nonDita 0  308s
R#1476 0x4048 r=3 nodes 0 pruned 0 leaves 0 (0.0s) | total leaves 0 nonDita 0  308s
R#1477 0x404a r=4 nodes 1 pruned 1 leaves 0 (0.0s) | total leaves 0 nonDita 0  308s
R#1478 0x404f r=6 nodes 5 pruned 4 leaves 0 (0.0s) | total leaves 0 nonDita 0  308s
R#1479 0x4050 r=3 nodes 1 pruned 1 leaves 0 (0.0s) | total leaves 0 nonDita 0  308s
R#1480 0x4051 r=4 nodes 1 pruned 1 leaves 0 (0.0s) | total leaves 0 nonDita 0  308s
R#1481 0x4054 r=4 nodes 1 pruned 1 leaves 0 (0.0s) | total leaves 0 nonDita 0  308s
R#1482 0x4060 r=3 nodes 0 pruned 0 leaves 0 (0.0s) | total leaves 0 nonDita 0  308s
R#1483 0x4070 r=4 nodes 1 pruned 1 leaves 0 (0.0s) | total leaves 0 nonDita 0  308s
R#1484 0x4080 r=2 nodes 0 pruned 0 leaves 0 (0.0s) | total leaves 0 nonDita 0  308s
R#1485 0x4090 r=3 nodes 0 pruned 0 leaves 0 (0.0s) | total leaves 0 nonDita 0  308s
R#1486 0x40a0 r=3 nodes 1 pruned 1 leaves 0 (0.0s) | total leaves 0 nonDita 0  308s
R#1487 0x40b0 r=4 nodes 1 pruned 1 leaves 0 (0.0s) | total leaves 0 nonDita 0  308s
R#1488 0x40c0 r=3 nodes 0 pruned 0 leaves 0 (0.0s) | total leaves 0 nonDita 0  308s
R#1489 0x40d0 r=4 nodes 1 pruned 1 leaves 0 (0.0s) | total leaves 0 nonDita 0  308s
R#1490 0x40e0 r=4 nodes 1 pruned 1 leaves 0 (0.0s) | total leaves 0 nonDita 0  308s
R#1491 0x40f0 r=5 nodes 1 pruned 1 leaves 0 (0.0s) | total leaves 0 nonDita 0  309s
R#1492 0x40f1 r=6 nodes 1 pruned 0 leaves 0 (0.0s) | total leaves 0 nonDita 0  309s
R#1493 0x40f4 r=6 nodes 1 pruned 0 leaves 0 (0.0s) | total leaves 0 nonDita 0  309s
R#1494 0x4100 r=2 nodes 0 pruned 0 leaves 0 (0.0s) | total leaves 0 nonDita 0  309s
R#1495 0x4101 r=3 nodes 1 pruned 1 leaves 0 (0.0s) | total leaves 0 nonDita 0  309s
R#1496 0x4104 r=3 nodes 0 pruned 0 leaves 0 (0.0s) | total leaves 0 nonDita 0  309s
R#1497 0x4105 r=4 nodes 1 pruned 1 leaves 0 (0.0s) | total leaves 0 nonDita 0  309s
R#1498 0x410f r=6 nodes 1 pruned 0 leaves 0 (0.0s) | total leaves 0 nonDita 0  309s
R#1499 0x4110 r=3 nodes 0 pruned 0 leaves 0 (0.0s) | total leaves 0 nonDita 0  309s
R#1500 0x4111 r=4 nodes 1 pruned 1 leaves 0 (0.0s) | total leaves 0 nonDita 0  309s
R#1501 0x4114 r=4 nodes 1 pruned 1 leaves 0 (0.0s) | total leaves 0 nonDita 0  309s
R#1502 0x4140 r=3 nodes 1 pruned 1 leaves 0 (0.0s) | total leaves 0 nonDita 0  309s
R#1503 0x4141 r=4 nodes 1 pruned 1 leaves 0 (0.0s) | total leaves 0 nonDita 0  309s
R#1504 0x4143 r=5 nodes 0 pruned 0 leaves 0 (0.0s) | total leaves 0 nonDita 0  309s
R#1505 0x4144 r=4 nodes 1 pruned 1 leaves 0 (0.0s) | total leaves 0 nonDita 0  309s
R#1506 0x4145 r=5 nodes 1 pruned 1 leaves 0 (0.0s) | total leaves 0 nonDita 0  309s
R#1507 0x4147 r=6 nodes 1 pruned 0 leaves 0 (0.0s) | total leaves 0 nonDita 0  309s
R#1508 0x4149 r=5 nodes 0 pruned 0 leaves 0 (0.0s) | total leaves 0 nonDita 0  309s
R#1509 0x414b r=6 nodes 5 pruned 4 leaves 0 (0.0s) | total leaves 0 nonDita 0  309s
R#1510 0x414d r=6 nodes 1 pruned 0 leaves 0 (0.0s) | total leaves 0 nonDita 0  309s
R#1511 0x414f r=7 nodes 33 pruned 0 leaves 0 (0.0s) | total leaves 0 nonDita 0  309s
R#1512 0x4150 r=4 nodes 1 pruned 1 leaves 0 (0.0s) | total leaves 0 nonDita 0  309s
R#1513 0x4151 r=5 nodes 1 pruned 1 leaves 0 (0.0s) | total leaves 0 nonDita 0  309s
R#1514 0x4155 r=6 nodes 1 pruned 1 leaves 0 (0.0s) | total leaves 0 nonDita 0  309s
R#1515 0x415f r=8 nodes 1 pruned 0 leaves 0 (0.0s) | total leaves 0 nonDita 0  309s
R#1516 0x4161 r=5 nodes 0 pruned 0 leaves 0 (0.0s) | total leaves 0 nonDita 0  309s
R#1517 0x4171 r=6 nodes 1 pruned 0 leaves 0 (0.0s) | total leaves 0 nonDita 0  309s
R#1518 0x41c1 r=5 nodes 0 pruned 0 leaves 0 (0.0s) | total leaves 0 nonDita 0  309s
R#1519 0x41d1 r=6 nodes 1 pruned 0 leaves 0 (0.0s) | total leaves 0 nonDita 0  309s
R#1520 0x41e1 r=6 nodes 5 pruned 4 leaves 0 (0.1s) | total leaves 0 nonDita 0  309s
R#1521 0x41f0 r=6 nodes 1 pruned 0 leaves 0 (0.0s) | total leaves 0 nonDita 0  309s
R#1522 0x41f1 r=7 nodes 33 pruned 0 leaves 0 (0.1s) | total leaves 0 nonDita 0  309s
R#1523 0x41f5 r=8 nodes 1 pruned 0 leaves 0 (0.0s) | total leaves 0 nonDita 0  309s
R#1524 0x4200 r=2 nodes 0 pruned 0 leaves 0 (0.0s) | total leaves 0 nonDita 0  309s
R#1525 0x4202 r=3 nodes 0 pruned 0 leaves 0 (0.0s) | total leaves 0 nonDita 0  309s
R#1526 0x4208 r=3 nodes 0 pruned 0 leaves 0 (0.0s) | total leaves 0 nonDita 0  309s
R#1527 0x4210 r=3 nodes 0 pruned 0 leaves 0 (0.0s) | total leaves 0 nonDita 0  309s
R#1528 0x4212 r=4 nodes 1 pruned 1 leaves 0 (0.0s) | total leaves 0 nonDita 0  309s
R#1529 0x4218 r=4 nodes 1 pruned 1 leaves 0 (0.0s) | total leaves 0 nonDita 0  309s
R#1530 0x4240 r=3 nodes 0 pruned 0 leaves 0 (0.0s) | total leaves 0 nonDita 0  309s
R#1531 0x4242 r=4 nodes 1 pruned 1 leaves 0 (0.0s) | total leaves 0 nonDita 0  309s
R#1532 0x4248 r=4 nodes 1 pruned 1 leaves 0 (0.0s) | total leaves 0 nonDita 0  309s
R#1533 0x4341 r=5 nodes 0 pruned 0 leaves 0 (0.0s) | total leaves 0 nonDita 0  309s
R#1534 0x4343 r=6 nodes 1 pruned 1 leaves 0 (0.0s) | total leaves 0 nonDita 0  309s
R#1535 0x4345 r=6 nodes 1 pruned 0 leaves 0 (0.0s) | total leaves 0 nonDita 0  309s
R#1536 0x4349 r=6 nodes 1 pruned 1 leaves 0 (0.0s) | total leaves 0 nonDita 0  309s
R#1537 0x434f r=8 nodes 1 pruned 0 leaves 0 (0.0s) | total leaves 0 nonDita 0  309s
R#1538 0x4400 r=2 nodes 0 pruned 0 leaves 0 (0.0s) | total leaves 0 nonDita 0  309s
R#1539 0x4401 r=3 nodes 0 pruned 0 leaves 0 (0.0s) | total leaves 0 nonDita 0  309s
R#1540 0x4404 r=3 nodes 1 pruned 1 leaves 0 (0.0s) | total leaves 0 nonDita 0  309s
R#1541 0x4405 r=4 nodes 1 pruned 1 leaves 0 (0.0s) | total leaves 0 nonDita 0  309s
R#1542 0x440f r=6 nodes 1 pruned 0 leaves 0 (0.0s) | total leaves 0 nonDita 0  309s
R#1543 0x4410 r=3 nodes 0 pruned 0 leaves 0 (0.0s) | total leaves 0 nonDita 0  309s
R#1544 0x4411 r=4 nodes 1 pruned 1 leaves 0 (0.0s) | total leaves 0 nonDita 0  309s
R#1545 0x4414 r=4 nodes 1 pruned 1 leaves 0 (0.0s) | total leaves 0 nonDita 0  309s
R#1546 0x4440 r=3 nodes 1 pruned 1 leaves 0 (0.0s) | total leaves 0 nonDita 0  309s
R#1547 0x4441 r=4 nodes 1 pruned 1 leaves 0 (0.0s) | total leaves 0 nonDita 0  309s
R#1548 0x4444 r=4 nodes 1 pruned 1 leaves 0 (0.0s) | total leaves 0 nonDita 0  309s
R#1549 0x4445 r=5 nodes 1 pruned 1 leaves 0 (0.0s) | total leaves 0 nonDita 0  310s
R#1550 0x4446 r=5 nodes 0 pruned 0 leaves 0 (0.0s) | total leaves 0 nonDita 0  310s
R#1551 0x4447 r=6 nodes 1 pruned 0 leaves 0 (0.0s) | total leaves 0 nonDita 0  310s
R#1552 0x444c r=5 nodes 0 pruned 0 leaves 0 (0.0s) | total leaves 0 nonDita 0  310s
R#1553 0x444d r=6 nodes 1 pruned 0 leaves 0 (0.0s) | total leaves 0 nonDita 0  310s
R#1554 0x444e r=6 nodes 5 pruned 4 leaves 0 (0.0s) | total leaves 0 nonDita 0  310s
R#1555 0x444f r=7 nodes 33 pruned 0 leaves 0 (0.1s) | total leaves 0 nonDita 0  310s
R#1556 0x4450 r=4 nodes 1 pruned 1 leaves 0 (0.0s) | total leaves 0 nonDita 0  310s
R#1557 0x4454 r=5 nodes 1 pruned 1 leaves 0 (0.0s) | total leaves 0 nonDita 0  310s
R#1558 0x4455 r=6 nodes 1 pruned 1 leaves 0 (0.0s) | total leaves 0 nonDita 0  310s
R#1559 0x445f r=8 nodes 1 pruned 0 leaves 0 (0.0s) | total leaves 0 nonDita 0  310s
R#1560 0x4464 r=5 nodes 0 pruned 0 leaves 0 (0.0s) | total leaves 0 nonDita 0  310s
R#1561 0x4474 r=6 nodes 1 pruned 0 leaves 0 (0.0s) | total leaves 0 nonDita 0  310s
R#1562 0x44c4 r=5 nodes 0 pruned 0 leaves 0 (0.0s) | total leaves 0 nonDita 0  310s
R#1563 0x44d4 r=6 nodes 1 pruned 0 leaves 0 (0.0s) | total leaves 0 nonDita 0  310s
R#1564 0x44e4 r=6 nodes 5 pruned 4 leaves 0 (0.0s) | total leaves 0 nonDita 0  310s
R#1565 0x44f0 r=6 nodes 1 pruned 0 leaves 0 (0.0s) | total leaves 0 nonDita 0  310s
R#1566 0x44f4 r=7 nodes 33 pruned 0 leaves 0 (0.0s) | total leaves 0 nonDita 0  310s
R#1567 0x44f5 r=8 nodes 1 pruned 0 leaves 0 (0.0s) | total leaves 0 nonDita 0  310s
R#1568 0x4500 r=3 nodes 0 pruned 0 leaves 0 (0.0s) | total leaves 0 nonDita 0  310s
R#1569 0x4501 r=4 nodes 1 pruned 1 leaves 0 (0.0s) | total leaves 0 nonDita 0  310s
R#1570 0x4504 r=4 nodes 1 pruned 1 leaves 0 (0.0s) | total leaves 0 nonDita 0  310s
R#1571 0x4505 r=5 nodes 1 pruned 1 leaves 0 (0.0s) | total leaves 0 nonDita 0  310s
R#1572 0x4507 r=6 nodes 1 pruned 0 leaves 0 (0.0s) | total leaves 0 nonDita 0  310s
R#1573 0x450a r=5 nodes 0 pruned 0 leaves 0 (0.0s) | total leaves 0 nonDita 0  310s
R#1574 0x450b r=6 nodes 1 pruned 0 leaves 0 (0.0s) | total leaves 0 nonDita 0  310s
R#1575 0x450d r=6 nodes 1 pruned 0 leaves 0 (0.0s) | total leaves 0 nonDita 0  310s
R#1576 0x450e r=6 nodes 1 pruned 0 leaves 0 (0.0s) | total leaves 0 nonDita 0  310s
R#1577 0x450f r=7 nodes 1 pruned 0 leaves 0 (0.1s) | total leaves 0 nonDita 0  310s
R#1578 0x4510 r=4 nodes 1 pruned 1 leaves 0 (0.0s) | total leaves 0 nonDita 0  310s
R#1579 0x4515 r=6 nodes 1 pruned 1 leaves 0 (0.1s) | total leaves 0 nonDita 0  310s
R#1580 0x4517 r=7 nodes 5 pruned 4 leaves 0 (0.1s) | total leaves 0 nonDita 0  310s
R#1581 0x451a r=6 nodes 1 pruned 1 leaves 0 (0.0s) | total leaves 0 nonDita 0  311s
R#1582 0x451d r=7 nodes 5 pruned 4 leaves 0 (0.0s) | total leaves 0 nonDita 0  311s
R#1583 0x451f r=8 nodes 93 pruned 72 leaves 0 (0.1s) | total leaves 0 nonDita 0  311s
R#1584 0x4525 r=6 nodes 1 pruned 0 leaves 0 (0.0s) | total leaves 0 nonDita 0  311s
R#1585 0x4535 r=7 nodes 1 pruned 0 leaves 0 (0.0s) | total leaves 0 nonDita 0  311s
R#1586 0x4540 r=4 nodes 1 pruned 1 leaves 0 (0.0s) | total leaves 0 nonDita 0  311s
R#1587 0x4541 r=5 nodes 1 pruned 1 leaves 0 (0.0s) | total leaves 0 nonDita 0  311s
R#1588 0x4543 r=6 nodes 1 pruned 0 leaves 0 (0.0s) | total leaves 0 nonDita 0  311s
R#1589 0x4544 r=5 nodes 1 pruned 1 leaves 0 (0.0s) | total leaves 0 nonDita 0  311s
R#1590 0x4545 r=6 nodes 1 pruned 1 leaves 0 (0.0s) | total leaves 0 nonDita 0  311s
R#1591 0x4546 r=6 nodes 1 pruned 0 leaves 0 (0.0s) | total leaves 0 nonDita 0  311s
R#1592 0x4547 r=7 nodes 1 pruned 0 leaves 0 (0.1s) | total leaves 0 nonDita 0  311s
R#1593 0x4549 r=6 nodes 1 pruned 0 leaves 0 (0.0s) | total leaves 0 nonDita 0  311s
R#1594 0x454a r=6 nodes 5 pruned 4 leaves 0 (0.0s) | total leaves 0 nonDita 0  311s
R#1595 0x454b r=7 nodes 33 pruned 0 leaves 0 (0.1s) | total leaves 0 nonDita 0  311s
R#1596 0x454c r=6 nodes 1 pruned 0 leaves 0 (0.0s) | total leaves 0 nonDita 0  311s
R#1597 0x454d r=7 nodes 1 pruned 0 leaves 0 (0.1s) | total leaves 0 nonDita 0  311s
R#1598 0x454e r=7 nodes 33 pruned 0 leaves 0 (0.0s) | total leaves 0 nonDita 0  311s
R#1599 0x454f r=8 nodes 93 pruned 32 leaves 0 (0.1s) | total leaves 0 nonDita 0  311s
R#1600 0x4551 r=6 nodes 1 pruned 1 leaves 0 (0.0s) | total leaves 0 nonDita 0  311s
R#1601 0x4554 r=6 nodes 1 pruned 1 leaves 0 (0.0s) | total leaves 0 nonDita 0  311s
R#1602 0x4555 r=7 nodes 1 pruned 1 leaves 0 (0.1s) | total leaves 0 nonDita 0  311s
R#1603 0x4557 r=8 nodes 1 pruned 0 leaves 0 (0.0s) | total leaves 0 nonDita 0  312s
R#1604 0x455b r=8 nodes 1 pruned 0 leaves 0 (0.0s) | total leaves 0 nonDita 0  312s
R#1605 0x455d r=8 nodes 1 pruned 0 leaves 0 (0.0s) | total leaves 0 nonDita 0  312s
R#1606 0x455e r=8 nodes 1 pruned 0 leaves 0 (0.0s) | total leaves 0 nonDita 0  312s
R#1607 0x455f r=9 nodes 1 pruned 0 leaves 0 (0.0s) | total leaves 0 nonDita 0  312s
R#1608 0x4565 r=7 nodes 1 pruned 0 leaves 0 (0.1s) | total leaves 0 nonDita 0  312s
R#1609 0x4575 r=8 nodes 1 pruned 0 leaves 0 (0.0s) | total leaves 0 nonDita 0  312s
R#1610 0x4585 r=6 nodes 1 pruned 0 leaves 0 (0.0s) | total leaves 0 nonDita 0  312s
R#1611 0x4595 r=7 nodes 1 pruned 0 leaves 0 (0.0s) | total leaves 0 nonDita 0  312s
R#1612 0x45a5 r=7 nodes 33 pruned 28 leaves 0 (0.0s) | total leaves 0 nonDita 0  312s
R#1613 0x45b5 r=8 nodes 33 pruned 20 leaves 0 (0.1s) | total leaves 0 nonDita 0  312s
R#1614 0x45c5 r=7 nodes 1 pruned 0 leaves 0 (0.0s) | total leaves 0 nonDita 0  312s
R#1615 0x45d5 r=8 nodes 1 pruned 0 leaves 0 (0.1s) | total leaves 0 nonDita 0  312s
R#1616 0x45e5 r=8 nodes 93 pruned 60 leaves 0 (0.2s) | total leaves 0 nonDita 0  312s
R#1617 0x45f1 r=8 nodes 1 pruned 0 leaves 0 (0.0s) | total leaves 0 nonDita 0  312s
R#1618 0x45f4 r=8 nodes 1 pruned 0 leaves 0 (0.0s) | total leaves 0 nonDita 0  312s
R#1619 0x45f5 r=9 nodes 9 pruned 0 leaves 0 (0.0s) | total leaves 0 nonDita 0  312s
R#1620 0x4644 r=5 nodes 0 pruned 0 leaves 0 (0.0s) | total leaves 0 nonDita 0  312s
R#1621 0x4645 r=6 nodes 1 pruned 0 leaves 0 (0.0s) | total leaves 0 nonDita 0  312s
R#1622 0x4646 r=6 nodes 1 pruned 1 leaves 0 (0.0s) | total leaves 0 nonDita 0  312s
R#1623 0x464c r=6 nodes 1 pruned 1 leaves 0 (0.0s) | total leaves 0 nonDita 0  312s
R#1624 0x464f r=8 nodes 1 pruned 0 leaves 0 (0.0s) | total leaves 0 nonDita 0  312s
R#1625 0x4705 r=6 nodes 1 pruned 0 leaves 0 (0.0s) | total leaves 0 nonDita 0  312s
R#1626 0x4707 r=7 nodes 5 pruned 0 leaves 0 (0.0s) | total leaves 0 nonDita 0  312s
R#1627 0x470d r=7 nodes 5 pruned 4 leaves 0 (0.0s) | total leaves 0 nonDita 0  312s
R#1628 0x470f r=8 nodes 1 pruned 0 leaves 0 (0.0s) | total leaves 0 nonDita 0  313s
R#1629 0x4715 r=7 nodes 5 pruned 4 leaves 0 (0.1s) | total leaves 0 nonDita 0  313s
R#1630 0x4717 r=8 nodes 33 pruned 28 leaves 0 (0.1s) | total leaves 0 nonDita 0  313s
R#1631 0x471d r=8 nodes 33 pruned 28 leaves 0 (0.1s) | total leaves 0 nonDita 0  313s
R#1632 0x471f r=9 nodes 1 pruned 0 leaves 0 (0.0s) | total leaves 0 nonDita 0  313s
R#1633 0x4741 r=6 nodes 1 pruned 0 leaves 0 (0.0s) | total leaves 0 nonDita 0  313s
R#1634 0x4744 r=6 nodes 1 pruned 0 leaves 0 (0.0s) | total leaves 0 nonDita 0  313s
R#1635 0x4745 r=7 nodes 1 pruned 0 leaves 0 (0.1s) | total leaves 0 nonDita 0  313s
R#1636 0x4747 r=8 nodes 93 pruned 64 leaves 0 (0.2s) | total leaves 0 nonDita 0  313s
R#1637 0x474b r=8 nodes 1 pruned 0 leaves 0 (0.0s) | total leaves 0 nonDita 0  313s
R#1638 0x474d r=8 nodes 93 pruned 72 leaves 0 (0.3s) | total leaves 0 nonDita 0  313s
R#1639 0x474e r=8 nodes 1 pruned 0 leaves 0 (0.0s) | total leaves 0 nonDita 0  313s
R#1640 0x474f r=9 nodes 1 pruned 0 leaves 0 (0.0s) | total leaves 0 nonDita 0  313s
R#1641 0x4755 r=8 nodes 1 pruned 0 leaves 0 (0.0s) | total leaves 0 nonDita 0  313s
R#1642 0x4757 r=9 nodes 1 pruned 0 leaves 0 (0.0s) | total leaves 0 nonDita 0  313s
R#1643 0x475d r=9 nodes 1 pruned 0 leaves 0 (0.0s) | total leaves 0 nonDita 0  313s
R#1644 0x4800 r=2 nodes 0 pruned 0 leaves 0 (0.0s) | total leaves 0 nonDita 0  313s
R#1645 0x4802 r=3 nodes 0 pruned 0 leaves 0 (0.0s) | total leaves 0 nonDita 0  313s
R#1646 0x4808 r=3 nodes 0 pruned 0 leaves 0 (0.0s) | total leaves 0 nonDita 0  313s
R#1647 0x4810 r=3 nodes 0 pruned 0 leaves 0 (0.0s) | total leaves 0 nonDita 0  313s
R#1648 0x4812 r=4 nodes 1 pruned 1 leaves 0 (0.0s) | total leaves 0 nonDita 0  313s
R#1649 0x4818 r=4 nodes 1 pruned 1 leaves 0 (0.0s) | total leaves 0 nonDita 0  313s
R#1650 0x4840 r=3 nodes 0 pruned 0 leaves 0 (0.0s) | total leaves 0 nonDita 0  313s
R#1651 0x4842 r=4 nodes 1 pruned 1 leaves 0 (0.0s) | total leaves 0 nonDita 0  313s
R#1652 0x4848 r=4 nodes 1 pruned 1 leaves 0 (0.0s) | total leaves 0 nonDita 0  313s
R#1653 0x4941 r=5 nodes 0 pruned 0 leaves 0 (0.0s) | total leaves 0 nonDita 0  314s
R#1654 0x4943 r=6 nodes 1 pruned 1 leaves 0 (0.0s) | total leaves 0 nonDita 0  314s
R#1655 0x4945 r=6 nodes 1 pruned 0 leaves 0 (0.0s) | total leaves 0 nonDita 0  314s
R#1656 0x4949 r=6 nodes 1 pruned 1 leaves 0 (0.0s) | total leaves 0 nonDita 0  314s
R#1657 0x494f r=8 nodes 1 pruned 0 leaves 0 (0.0s) | total leaves 0 nonDita 0  314s
R#1658 0x4a00 r=3 nodes 0 pruned 0 leaves 0 (0.0s) | total leaves 0 nonDita 0  314s
R#1659 0x4a05 r=5 nodes 0 pruned 0 leaves 0 (0.0s) | total leaves 0 nonDita 0  314s
R#1660 0x4a0a r=5 nodes 1 pruned 1 leaves 0 (0.0s) | total leaves 0 nonDita 0  314s
R#1661 0x4a0b r=6 nodes 1 pruned 0 leaves 0 (0.0s) | total leaves 0 nonDita 0  314s
R#1662 0x4a0e r=6 nodes 1 pruned 0 leaves 0 (0.0s) | total leaves 0 nonDita 0  314s
R#1663 0x4a0f r=7 nodes 1 pruned 0 leaves 0 (0.1s) | total leaves 0 nonDita 0  314s
R#1664 0x4a10 r=4 nodes 1 pruned 1 leaves 0 (0.0s) | total leaves 0 nonDita 0  314s
R#1665 0x4a15 r=6 nodes 1 pruned 1 leaves 0 (0.0s) | total leaves 0 nonDita 0  314s
R#1666 0x4a1a r=6 nodes 1 pruned 1 leaves 0 (0.1s) | total leaves 0 nonDita 0  314s
R#1667 0x4a1b r=7 nodes 1 pruned 0 leaves 0 (0.1s) | total leaves 0 nonDita 0  314s
R#1668 0x4a1e r=7 nodes 5 pruned 4 leaves 0 (0.0s) | total leaves 0 nonDita 0  314s
R#1669 0x4a1f r=8 nodes 93 pruned 56 leaves 0 (0.1s) | total leaves 0 nonDita 0  314s
R#1670 0x4a2a r=6 nodes 1 pruned 0 leaves 0 (0.0s) | total leaves 0 nonDita 0  314s
R#1671 0x4a3a r=7 nodes 5 pruned 4 leaves 0 (0.0s) | total leaves 0 nonDita 0  314s
R#1672 0x4a40 r=4 nodes 1 pruned 1 leaves 0 (0.0s) | total leaves 0 nonDita 0  314s
R#1673 0x4a45 r=6 nodes 5 pruned 4 leaves 0 (0.1s) | total leaves 0 nonDita 0  314s
R#1674 0x4a4a r=6 nodes 1 pruned 1 leaves 0 (0.1s) | total leaves 0 nonDita 0  314s
R#1675 0x4a4b r=7 nodes 33 pruned 28 leaves 0 (0.1s) | total leaves 0 nonDita 0  314s
R#1676 0x4a4e r=7 nodes 33 pruned 28 leaves 0 (0.1s) | total leaves 0 nonDita 0  315s
R#1677 0x4a4f r=8 nodes 93 pruned 60 leaves 0 (0.3s) | total leaves 0 nonDita 0  315s
R#1678 0x4a5a r=7 nodes 1 pruned 1 leaves 0 (0.1s) | total leaves 0 nonDita 0  315s
R#1679 0x4a5b r=8 nodes 1 pruned 0 leaves 0 (0.0s) | total leaves 0 nonDita 0  315s
R#1680 0x4a5e r=8 nodes 1 pruned 0 leaves 0 (0.0s) | total leaves 0 nonDita 0  315s
R#1681 0x4a5f r=9 nodes 1 pruned 0 leaves 0 (0.1s) | total leaves 0 nonDita 0  315s
R#1682 0x4a6a r=7 nodes 5 pruned 4 leaves 0 (0.0s) | total leaves 0 nonDita 0  315s
R#1683 0x4a7a r=8 nodes 1 pruned 0 leaves 0 (0.0s) | total leaves 0 nonDita 0  315s
R#1684 0x4a8a r=6 nodes 1 pruned 0 leaves 0 (0.0s) | total leaves 0 nonDita 0  315s
R#1685 0x4a9a r=7 nodes 5 pruned 4 leaves 0 (0.0s) | total leaves 0 nonDita 0  315s
R#1686 0x4aaa r=7 nodes 33 pruned 20 leaves 0 (0.0s) | total leaves 0 nonDita 0  315s
R#1687 0x4aba r=8 nodes 33 pruned 20 leaves 0 (0.1s) | total leaves 0 nonDita 0  315s
R#1688 0x4aca r=7 nodes 5 pruned 4 leaves 0 (0.1s) | total leaves 0 nonDita 0  315s
R#1689 0x4ada r=8 nodes 1 pruned 0 leaves 0 (0.0s) | total leaves 0 nonDita 0  315s
R#1690 0x4aea r=8 nodes 33 pruned 20 leaves 0 (0.1s) | total leaves 0 nonDita 0  316s
R#1691 0x4afa r=9 nodes 1 pruned 0 leaves 0 (0.1s) | total leaves 0 nonDita 0  316s
R#1692 0x4b05 r=6 nodes 1 pruned 0 leaves 0 (0.0s) | total leaves 0 nonDita 0  316s
R#1693 0x4b0a r=6 nodes 1 pruned 0 leaves 0 (0.1s) | total leaves 0 nonDita 0  316s
R#1694 0x4b0b r=7 nodes 33 pruned 20 leaves 0 (0.1s) | total leaves 0 nonDita 0  316s
R#1695 0x4b0e r=7 nodes 1 pruned 0 leaves 0 (0.1s) | total leaves 0 nonDita 0  316s
R#1696 0x4b0f r=8 nodes 1 pruned 0 leaves 0 (0.1s) | total leaves 0 nonDita 0  316s
R#1697 0x4b1a r=7 nodes 5 pruned 4 leaves 0 (0.1s) | total leaves 0 nonDita 0  316s
R#1698 0x4b1b r=8 nodes 33 pruned 20 leaves 0 (0.1s) | total leaves 0 nonDita 0  316s
R#1699 0x4b1e r=8 nodes 33 pruned 32 leaves 0 (0.1s) | total leaves 0 nonDita 0  316s
R#1700 0x4b1f r=9 nodes 1 pruned 0 leaves 0 (0.0s) | total leaves 0 nonDita 0  316s
R#1701 0x4b41 r=6 nodes 5 pruned 4 leaves 0 (0.0s) | total leaves 0 nonDita 0  316s
R#1702 0x4b45 r=7 nodes 33 pruned 0 leaves 0 (0.1s) | total leaves 0 nonDita 0  316s
R#1703 0x4b47 r=8 nodes 1 pruned 0 leaves 0 (0.0s) | total leaves 0 nonDita 0  316s
R#1704 0x4b4a r=7 nodes 33 pruned 28 leaves 0 (0.1s) | total leaves 0 nonDita 0  317s
R#1705 0x4b4b r=8 nodes 33 pruned 20 leaves 0 (0.2s) | total leaves 0 nonDita 0  317s
R#1706 0x4b4d r=8 nodes 1 pruned 0 leaves 0 (0.0s) | total leaves 0 nonDita 0  317s
R#1707 0x4b4e r=8 nodes 33 pruned 20 leaves 0 (0.1s) | total leaves 0 nonDita 0  317s
R#1708 0x4b4f r=9 nodes 9 pruned 0 leaves 0 (0.1s) | total leaves 0 nonDita 0  317s
R#1709 0x4b55 r=8 nodes 1 pruned 0 leaves 0 (0.0s) | total leaves 0 nonDita 0  317s
R#1710 0x4b5a r=8 nodes 1 pruned 0 leaves 0 (0.0s) | total leaves 0 nonDita 0  317s
R#1711 0x4b5b r=9 nodes 1 pruned 0 leaves 0 (0.0s) | total leaves 0 nonDita 0  317s
R#1712 0x4b5e r=9 nodes 1 pruned 0 leaves 0 (0.0s) | total leaves 0 nonDita 0  317s
R#1713 0x4bab r=9 nodes 1 pruned 0 leaves 0 (0.0s) | total leaves 0 nonDita 0  317s
R#1714 0x4c44 r=5 nodes 0 pruned 0 leaves 0 (0.0s) | total leaves 0 nonDita 0  317s
R#1715 0x4c45 r=6 nodes 1 pruned 0 leaves 0 (0.0s) | total leaves 0 nonDita 0  317s
R#1716 0x4c46 r=6 nodes 1 pruned 1 leaves 0 (0.0s) | total leaves 0 nonDita 0  317s
R#1717 0x4c4c r=6 nodes 1 pruned 1 leaves 0 (0.0s) | total leaves 0 nonDita 0  317s
R#1718 0x4c4f r=8 nodes 1 pruned 0 leaves 0 (0.0s) | total leaves 0 nonDita 0  317s
R#1719 0x4d05 r=6 nodes 1 pruned 0 leaves 0 (0.0s) | total leaves 0 nonDita 0  317s
R#1720 0x4d07 r=7 nodes 5 pruned 4 leaves 0 (0.1s) | total leaves 0 nonDita 0  317s
R#1721 0x4d0d r=7 nodes 5 pruned 0 leaves 0 (0.1s) | total leaves 0 nonDita 0  317s
R#1722 0x4d0f r=8 nodes 1 pruned 0 leaves 0 (0.0s) | total leaves 0 nonDita 0  317s
R#1723 0x4d15 r=7 nodes 5 pruned 4 leaves 0 (0.0s) | total leaves 0 nonDita 0  317s
R#1724 0x4d17 r=8 nodes 33 pruned 28 leaves 0 (0.1s) | total leaves 0 nonDita 0  317s
R#1725 0x4d1d r=8 nodes 33 pruned 28 leaves 0 (0.1s) | total leaves 0 nonDita 0  318s
R#1726 0x4d1f r=9 nodes 1 pruned 0 leaves 0 (0.0s) | total leaves 0 nonDita 0  318s
R#1727 0x4d41 r=6 nodes 1 pruned 0 leaves 0 (0.0s) | total leaves 0 nonDita 0  318s
R#1728 0x4d44 r=6 nodes 1 pruned 0 leaves 0 (0.1s) | total leaves 0 nonDita 0  318s
R#1729 0x4d45 r=7 nodes 1 pruned 0 leaves 0 (0.1s) | total leaves 0 nonDita 0  318s
R#1730 0x4d47 r=8 nodes 93 pruned 72 leaves 0 (0.2s) | total leaves 0 nonDita 0  318s
R#1731 0x4d4b r=8 nodes 1 pruned 0 leaves 0 (0.0s) | total leaves 0 nonDita 0  318s
R#1732 0x4d4d r=8 nodes 93 pruned 64 leaves 0 (0.2s) | total leaves 0 nonDita 0  318s
R#1733 0x4d4e r=8 nodes 1 pruned 0 leaves 0 (0.0s) | total leaves 0 nonDita 0  318s
R#1734 0x4d4f r=9 nodes 1 pruned 0 leaves 0 (0.0s) | total leaves 0 nonDita 0  318s
R#1735 0x4d55 r=8 nodes 1 pruned 0 leaves 0 (0.0s) | total leaves 0 nonDita 0  318s
R#1736 0x4d57 r=9 nodes 1 pruned 0 leaves 0 (0.0s) | total leaves 0 nonDita 0  318s
R#1737 0x4d5d r=9 nodes 1 pruned 0 leaves 0 (0.0s) | total leaves 0 nonDita 0  318s
R#1738 0x4e05 r=6 nodes 1 pruned 0 leaves 0 (0.0s) | total leaves 0 nonDita 0  318s
R#1739 0x4e0a r=6 nodes 1 pruned 0 leaves 0 (0.0s) | total leaves 0 nonDita 0  318s
R#1740 0x4e0b r=7 nodes 1 pruned 0 leaves 0 (0.0s) | total leaves 0 nonDita 0  318s
R#1741 0x4e0e r=7 nodes 33 pruned 20 leaves 0 (0.1s) | total leaves 0 nonDita 0  318s
R#1742 0x4e0f r=8 nodes 1 pruned 0 leaves 0 (0.1s) | total leaves 0 nonDita 0  319s
R#1743 0x4e1a r=7 nodes 5 pruned 4 leaves 0 (0.1s) | total leaves 0 nonDita 0  319s
R#1744 0x4e1b r=8 nodes 33 pruned 32 leaves 0 (0.1s) | total leaves 0 nonDita 0  319s
R#1745 0x4e1e r=8 nodes 33 pruned 20 leaves 0 (0.1s) | total leaves 0 nonDita 0  319s
R#1746 0x4e1f r=9 nodes 1 pruned 0 leaves 0 (0.0s) | total leaves 0 nonDita 0  319s
R#1747 0x4e44 r=6 nodes 5 pruned 4 leaves 0 (0.0s) | total leaves 0 nonDita 0  319s
R#1748 0x4e45 r=7 nodes 33 pruned 0 leaves 0 (0.1s) | total leaves 0 nonDita 0  319s
R#1749 0x4e47 r=8 nodes 1 pruned 0 leaves 0 (0.0s) | total leaves 0 nonDita 0  319s
R#1750 0x4e4a r=7 nodes 33 pruned 28 leaves 0 (0.1s) | total leaves 0 nonDita 0  319s
R#1751 0x4e4b r=8 nodes 33 pruned 20 leaves 0 (0.1s) | total leaves 0 nonDita 0  319s
R#1752 0x4e4d r=8 nodes 1 pruned 0 leaves 0 (0.0s) | total leaves 0 nonDita 0  319s
R#1753 0x4e4e r=8 nodes 33 pruned 20 leaves 0 (0.2s) | total leaves 0 nonDita 0  319s
R#1754 0x4e4f r=9 nodes 9 pruned 0 leaves 0 (0.1s) | total leaves 0 nonDita 0  320s
R#1755 0x4e55 r=8 nodes 1 pruned 0 leaves 0 (0.0s) | total leaves 0 nonDita 0  320s
R#1756 0x4e5a r=8 nodes 1 pruned 0 leaves 0 (0.0s) | total leaves 0 nonDita 0  320s
R#1757 0x4e5b r=9 nodes 1 pruned 0 leaves 0 (0.0s) | total leaves 0 nonDita 0  320s
R#1758 0x4e5e r=9 nodes 1 pruned 0 leaves 0 (0.0s) | total leaves 0 nonDita 0  320s
R#1759 0x4eae r=9 nodes 1 pruned 0 leaves 0 (0.0s) | total leaves 0 nonDita 0  320s
R#1760 0x4f00 r=5 nodes 0 pruned 0 leaves 0 (0.0s) | total leaves 0 nonDita 0  320s
R#1761 0x4f01 r=6 nodes 1 pruned 0 leaves 0 (0.0s) | total leaves 0 nonDita 0  320s
R#1762 0x4f04 r=6 nodes 1 pruned 0 leaves 0 (0.0s) | total leaves 0 nonDita 0  320s
R#1763 0x4f05 r=7 nodes 1 pruned 0 leaves 0 (0.1s) | total leaves 0 nonDita 0  320s
R#1764 0x4f07 r=8 nodes 1 pruned 0 leaves 0 (0.0s) | total leaves 0 nonDita 0  320s
R#1765 0x4f0a r=7 nodes 1 pruned 0 leaves 0 (0.0s) | total leaves 0 nonDita 0  320s
R#1766 0x4f0b r=8 nodes 1 pruned 0 leaves 0 (0.0s) | total leaves 0 nonDita 0  320s
R#1767 0x4f0d r=8 nodes 1 pruned 0 leaves 0 (0.0s) | total leaves 0 nonDita 0  320s
R#1768 0x4f0e r=8 nodes 1 pruned 0 leaves 0 (0.0s) | total leaves 0 nonDita 0  320s
R#1769 0x4f0f r=9 nodes 1 pruned 0 leaves 0 (2.0s) | total leaves 0 nonDita 0  322s
R#1770 0x4f10 r=6 nodes 1 pruned 1 leaves 0 (0.0s) | total leaves 0 nonDita 0  322s
R#1771 0x4f15 r=8 nodes 93 pruned 72 leaves 0 (0.2s) | total leaves 0 nonDita 0  322s
R#1772 0x4f17 r=9 nodes 1 pruned 0 leaves 0 (0.0s) | total leaves 0 nonDita 0  322s
R#1773 0x4f1a r=8 nodes 93 pruned 92 leaves 0 (0.1s) | total leaves 0 nonDita 0  322s
R#1774 0x4f1b r=9 nodes 1 pruned 0 leaves 0 (0.0s) | total leaves 0 nonDita 0  322s
R#1775 0x4f1d r=9 nodes 1 pruned 0 leaves 0 (0.0s) | total leaves 0 nonDita 0  322s
R#1776 0x4f1e r=9 nodes 1 pruned 0 leaves 0 (0.0s) | total leaves 0 nonDita 0  322s
R#1777 0x4f1f r=10 nodes 13 pruned 8 leaves 0 (2.9s) | total leaves 0 nonDita 0  325s
R#1778 0x4f2f r=10 nodes 1 pruned 0 leaves 0 (1.1s) | total leaves 0 nonDita 0  326s
R#1779 0x4f3f r=11 nodes 1 pruned 0 leaves 0 (1.4s) | total leaves 0 nonDita 0  328s
R#1780 0x4f40 r=6 nodes 5 pruned 4 leaves 0 (0.0s) | total leaves 0 nonDita 0  328s
R#1781 0x4f41 r=7 nodes 33 pruned 0 leaves 0 (0.1s) | total leaves 0 nonDita 0  328s
R#1782 0x4f43 r=8 nodes 1 pruned 0 leaves 0 (0.0s) | total leaves 0 nonDita 0  328s
R#1783 0x4f44 r=7 nodes 33 pruned 0 leaves 0 (0.1s) | total leaves 0 nonDita 0  328s
R#1784 0x4f45 r=8 nodes 93 pruned 32 leaves 0 (0.2s) | total leaves 0 nonDita 0  328s
R#1785 0x4f46 r=8 nodes 1 pruned 0 leaves 0 (0.0s) | total leaves 0 nonDita 0  328s
R#1786 0x4f47 r=9 nodes 1 pruned 0 leaves 0 (0.0s) | total leaves 0 nonDita 0  328s
R#1787 0x4f49 r=8 nodes 1 pruned 0 leaves 0 (0.0s) | total leaves 0 nonDita 0  328s
R#1788 0x4f4a r=8 nodes 93 pruned 60 leaves 0 (0.1s) | total leaves 0 nonDita 0  328s
R#1789 0x4f4b r=9 nodes 9 pruned 0 leaves 0 (0.0s) | total leaves 0 nonDita 0  328s
R#1790 0x4f4c r=8 nodes 1 pruned 0 leaves 0 (0.0s) | total leaves 0 nonDita 0  328s
R#1791 0x4f4d r=9 nodes 1 pruned 0 leaves 0 (0.0s) | total leaves 0 nonDita 0  328s
R#1792 0x4f4e r=9 nodes 9 pruned 0 leaves 0 (0.1s) | total leaves 0 nonDita 0  329s
R#1793 0x4f4f r=10 nodes 9621 pruned 1032 leaves 0 (13.4s) | total leaves 0 nonDita 0  342s
R#1794 0x4f51 r=8 nodes 1 pruned 0 leaves 0 (0.0s) | total leaves 0 nonDita 0  342s
R#1795 0x4f54 r=8 nodes 1 pruned 0 leaves 0 (0.0s) | total leaves 0 nonDita 0  342s
R#1796 0x4f55 r=9 nodes 1 pruned 0 leaves 0 (0.1s) | total leaves 0 nonDita 0  342s
R#1797 0x4f5a r=9 nodes 1 pruned 0 leaves 0 (0.1s) | total leaves 0 nonDita 0  342s
R#1798 0x4f5f r=11 nodes 9 pruned 0 leaves 0 (3.7s) | total leaves 0 nonDita 0  346s
R#1799 0x4f6f r=11 nodes 1 pruned 0 leaves 0 (1.8s) | total leaves 0 nonDita 0  348s
R#1800 0x4f7f r=12 nodes 2241 pruned 608 leaves 0 (6.1s) | total leaves 0 nonDita 0  354s
R#1801 0x4f8f r=10 nodes 1 pruned 0 leaves 0 (1.5s) | total leaves 0 nonDita 0  355s
R#1802 0x4f9f r=11 nodes 1 pruned 0 leaves 0 (1.7s) | total leaves 0 nonDita 0  357s
R#1803 0x4faf r=11 nodes 5 pruned 0 leaves 0 (2.8s) | total leaves 0 nonDita 0  360s
R#1804 0x4fbf r=12 nodes 5 pruned 0 leaves 0 (2.4s) | total leaves 0 nonDita 0  362s
R#1805 0x4fcf r=11 nodes 1 pruned 0 leaves 0 (1.6s) | total leaves 0 nonDita 0  364s
R#1806 0x4fdf r=12 nodes 2241 pruned 608 leaves 0 (6.2s) | total leaves 0 nonDita 0  370s
R#1807 0x4fef r=12 nodes 5 pruned 0 leaves 0 (2.5s) | total leaves 0 nonDita 0  372s
R#1808 0x4fff r=13 nodes 2977 pruned 48 leaves 0 (34.6s) | total leaves 0 nonDita 0  407s
R#1809 0x5000 r=2 nodes 1 pruned 1 leaves 0 (0.0s) | total leaves 0 nonDita 0  407s
R#1810 0x5001 r=3 nodes 0 pruned 0 leaves 0 (0.0s) | total leaves 0 nonDita 0  407s
R#1811 0x5002 r=3 nodes 0 pruned 0 leaves 0 (0.0s) | total leaves 0 nonDita 0  407s
R#1812 0x5004 r=3 nodes 0 pruned 0 leaves 0 (0.0s) | total leaves 0 nonDita 0  407s
R#1813 0x5005 r=4 nodes 1 pruned 1 leaves 0 (0.0s) | total leaves 0 nonDita 0  407s
R#1814 0x5008 r=3 nodes 0 pruned 0 leaves 0 (0.0s) | total leaves 0 nonDita 0  407s
R#1815 0x500a r=4 nodes 1 pruned 1 leaves 0 (0.0s) | total leaves 0 nonDita 0  407s
R#1816 0x500f r=6 nodes 1 pruned 1 leaves 0 (0.0s) | total leaves 0 nonDita 0  407s
R#1817 0x5010 r=3 nodes 1 pruned 1 leaves 0 (0.0s) | total leaves 0 nonDita 0  407s
R#1818 0x5011 r=4 nodes 1 pruned 1 leaves 0 (0.0s) | total leaves 0 nonDita 0  407s
R#1819 0x5014 r=4 nodes 1 pruned 1 leaves 0 (0.0s) | total leaves 0 nonDita 0  407s
R#1820 0x5020 r=3 nodes 1 pruned 1 leaves 0 (0.0s) | total leaves 0 nonDita 0  407s
R#1821 0x5030 r=4 nodes 1 pruned 1 leaves 0 (0.0s) | total leaves 0 nonDita 0  407s
R#1822 0x5040 r=3 nodes 1 pruned 1 leaves 0 (0.0s) | total leaves 0 nonDita 0  407s
R#1823 0x5041 r=4 nodes 1 pruned 1 leaves 0 (0.0s) | total leaves 0 nonDita 0  407s
R#1824 0x5044 r=4 nodes 1 pruned 1 leaves 0 (0.0s) | total leaves 0 nonDita 0  407s
R#1825 0x5050 r=4 nodes 1 pruned 1 leaves 0 (0.0s) | total leaves 0 nonDita 0  407s
R#1826 0x5051 r=5 nodes 1 pruned 1 leaves 0 (0.0s) | total leaves 0 nonDita 0  407s
R#1827 0x5052 r=5 nodes 1 pruned 1 leaves 0 (0.0s) | total leaves 0 nonDita 0  407s
R#1828 0x5053 r=6 nodes 1 pruned 0 leaves 0 (0.1s) | total leaves 0 nonDita 0  407s
R#1829 0x5054 r=5 nodes 1 pruned 1 leaves 0 (0.0s) | total leaves 0 nonDita 0  407s
R#1830 0x5055 r=6 nodes 1 pruned 1 leaves 0 (0.1s) | total leaves 0 nonDita 0  407s
R#1831 0x5056 r=6 nodes 1 pruned 0 leaves 0 (0.1s) | total leaves 0 nonDita 0  408s
R#1832 0x5057 r=7 nodes 33 pruned 20 leaves 0 (0.1s) | total leaves 0 nonDita 0  408s
R#1833 0x5058 r=5 nodes 1 pruned 1 leaves 0 (0.0s) | total leaves 0 nonDita 0  408s
R#1834 0x5059 r=6 nodes 1 pruned 0 leaves 0 (0.0s) | total leaves 0 nonDita 0  408s
R#1835 0x505a r=6 nodes 1 pruned 1 leaves 0 (0.1s) | total leaves 0 nonDita 0  408s
R#1836 0x505b r=7 nodes 33 pruned 28 leaves 0 (0.1s) | total leaves 0 nonDita 0  408s
R#1837 0x505c r=6 nodes 1 pruned 0 leaves 0 (0.1s) | total leaves 0 nonDita 0  408s
R#1838 0x505d r=7 nodes 33 pruned 20 leaves 0 (0.1s) | total leaves 0 nonDita 0  408s
R#1839 0x505e r=7 nodes 33 pruned 28 leaves 0 (0.1s) | total leaves 0 nonDita 0  408s
R#1840 0x505f r=8 nodes 33 pruned 20 leaves 0 (0.2s) | total leaves 0 nonDita 0  408s
R#1841 0x5060 r=4 nodes 1 pruned 1 leaves 0 (0.0s) | total leaves 0 nonDita 0  408s
R#1842 0x5070 r=5 nodes 1 pruned 1 leaves 0 (0.0s) | total leaves 0 nonDita 0  408s
R#1843 0x5071 r=6 nodes 1 pruned 0 leaves 0 (0.0s) | total leaves 0 nonDita 0  408s
R#1844 0x5072 r=6 nodes 1 pruned 0 leaves 0 (0.0s) | total leaves 0 nonDita 0  408s
R#1845 0x5074 r=6 nodes 1 pruned 0 leaves 0 (0.1s) | total leaves 0 nonDita 0  409s
R#1846 0x5075 r=7 nodes 5 pruned 0 leaves 0 (0.1s) | total leaves 0 nonDita 0  409s
R#1847 0x5078 r=6 nodes 1 pruned 0 leaves 0 (0.0s) | total leaves 0 nonDita 0  409s
R#1848 0x507a r=7 nodes 5 pruned 4 leaves 0 (0.0s) | total leaves 0 nonDita 0  409s
R#1849 0x5080 r=3 nodes 1 pruned 1 leaves 0 (0.0s) | total leaves 0 nonDita 0  409s
R#1850 0x5090 r=4 nodes 1 pruned 1 leaves 0 (0.0s) | total leaves 0 nonDita 0  409s
R#1851 0x50a0 r=4 nodes 1 pruned 1 leaves 0 (0.0s) | total leaves 0 nonDita 0  409s
R#1852 0x50a1 r=5 nodes 0 pruned 0 leaves 0 (0.0s) | total leaves 0 nonDita 0  409s
R#1853 0x50a2 r=5 nodes 0 pruned 0 leaves 0 (0.0s) | total leaves 0 nonDita 0  409s
R#1854 0x50a4 r=5 nodes 0 pruned 0 leaves 0 (0.0s) | total leaves 0 nonDita 0  409s
R#1855 0x50a5 r=6 nodes 1 pruned 1 leaves 0 (0.0s) | total leaves 0 nonDita 0  409s
R#1856 0x50a8 r=5 nodes 0 pruned 0 leaves 0 (0.0s) | total leaves 0 nonDita 0  409s
R#1857 0x50aa r=6 nodes 1 pruned 1 leaves 0 (0.0s) | total leaves 0 nonDita 0  409s
R#1858 0x50af r=8 nodes 1 pruned 1 leaves 0 (0.0s) | total leaves 0 nonDita 0  409s
R#1859 0x50b0 r=5 nodes 1 pruned 1 leaves 0 (0.0s) | total leaves 0 nonDita 0  409s
R#1860 0x50b1 r=6 nodes 1 pruned 0 leaves 0 (0.0s) | total leaves 0 nonDita 0  409s
R#1861 0x50b4 r=6 nodes 1 pruned 0 leaves 0 (0.0s) | total leaves 0 nonDita 0  409s
R#1862 0x50c0 r=4 nodes 1 pruned 1 leaves 0 (0.0s) | total leaves 0 nonDita 0  409s
R#1863 0x50d0 r=5 nodes 1 pruned 1 leaves 0 (0.0s) | total leaves 0 nonDita 0  409s
R#1864 0x50d1 r=6 nodes 1 pruned 0 leaves 0 (0.1s) | total leaves 0 nonDita 0  409s
R#1865 0x50d2 r=6 nodes 1 pruned 0 leaves 0 (0.1s) | total leaves 0 nonDita 0  409s
R#1866 0x50d4 r=6 nodes 1 pruned 0 leaves 0 (0.0s) | total leaves 0 nonDita 0  409s
R#1867 0x50d5 r=7 nodes 5 pruned 0 leaves 0 (0.0s) | total leaves 0 nonDita 0  409s
R#1868 0x50d8 r=6 nodes 1 pruned 0 leaves 0 (0.0s) | total leaves 0 nonDita 0  409s
R#1869 0x50da r=7 nodes 5 pruned 4 leaves 0 (0.0s) | total leaves 0 nonDita 0  409s
R#1870 0x50e0 r=5 nodes 1 pruned 1 leaves 0 (0.0s) | total leaves 0 nonDita 0  409s
R#1871 0x50e1 r=6 nodes 1 pruned 0 leaves 0 (0.0s) | total leaves 0 nonDita 0  409s
R#1872 0x50e4 r=6 nodes 1 pruned 0 leaves 0 (0.0s) | total leaves 0 nonDita 0  409s
R#1873 0x50f0 r=6 nodes 1 pruned 1 leaves 0 (0.0s) | total leaves 0 nonDita 0  409s
R#1874 0x50f1 r=7 nodes 1 pruned 0 leaves 0 (0.1s) | total leaves 0 nonDita 0  409s
R#1875 0x50f2 r=7 nodes 1 pruned 0 leaves 0 (0.1s) | total leaves 0 nonDita 0  409s
R#1876 0x50f4 r=7 nodes 1 pruned 0 leaves 0 (0.1s) | total leaves 0 nonDita 0  410s
R#1877 0x50f5 r=8 nodes 5 pruned 0 leaves 0 (0.1s) | total leaves 0 nonDita 0  410s
R#1878 0x50f8 r=7 nodes 1 pruned 0 leaves 0 (0.1s) | total leaves 0 nonDita 0  410s
R#1879 0x50fa r=8 nodes 5 pruned 0 leaves 0 (0.1s) | total leaves 0 nonDita 0  410s
R#1880 0x5100 r=3 nodes 0 pruned 0 leaves 0 (0.0s) | total leaves 0 nonDita 0  410s
R#1881 0x5101 r=4 nodes 1 pruned 1 leaves 0 (0.0s) | total leaves 0 nonDita 0  410s
R#1882 0x5104 r=4 nodes 1 pruned 1 leaves 0 (0.0s) | total leaves 0 nonDita 0  410s
R#1883 0x5110 r=4 nodes 1 pruned 1 leaves 0 (0.0s) | total leaves 0 nonDita 0  410s
R#1884 0x5111 r=5 nodes 1 pruned 1 leaves 0 (0.0s) | total leaves 0 nonDita 0  410s
R#1885 0x5115 r=6 nodes 1 pruned 1 leaves 0 (0.0s) | total leaves 0 nonDita 0  410s
R#1886 0x511f r=8 nodes 1 pruned 0 leaves 0 (0.0s) | total leaves 0 nonDita 0  410s
R#1887 0x5131 r=6 nodes 1 pruned 0 leaves 0 (0.0s) | total leaves 0 nonDita 0  410s
R#1888 0x5140 r=4 nodes 1 pruned 1 leaves 0 (0.0s) | total leaves 0 nonDita 0  410s
R#1889 0x5141 r=5 nodes 1 pruned 1 leaves 0 (0.0s) | total leaves 0 nonDita 0  410s
R#1890 0x5145 r=6 nodes 1 pruned 1 leaves 0 (0.0s) | total leaves 0 nonDita 0  410s
R#1891 0x514f r=8 nodes 1 pruned 0 leaves 0 (0.0s) | total leaves 0 nonDita 0  410s
R#1892 0x5150 r=5 nodes 1 pruned 1 leaves 0 (0.0s) | total leaves 0 nonDita 0  410s
R#1893 0x5151 r=6 nodes 1 pruned 1 leaves 0 (0.1s) | total leaves 0 nonDita 0  410s
R#1894 0x5152 r=6 nodes 1 pruned 0 leaves 0 (0.0s) | total leaves 0 nonDita 0  410s
R#1895 0x5153 r=7 nodes 1 pruned 0 leaves 0 (0.1s) | total leaves 0 nonDita 0  410s
R#1896 0x5154 r=6 nodes 1 pruned 1 leaves 0 (0.0s) | total leaves 0 nonDita 0  411s
R#1897 0x5155 r=7 nodes 1 pruned 1 leaves 0 (0.1s) | total leaves 0 nonDita 0  411s
R#1898 0x5156 r=7 nodes 1 pruned 0 leaves 0 (0.0s) | total leaves 0 nonDita 0  411s
R#1899 0x5157 r=8 nodes 1 pruned 0 leaves 0 (0.0s) | total leaves 0 nonDita 0  411s
R#1900 0x5158 r=6 nodes 1 pruned 0 leaves 0 (0.0s) | total leaves 0 nonDita 0  411s
R#1901 0x5159 r=7 nodes 1 pruned 0 leaves 0 (0.1s) | total leaves 0 nonDita 0  411s
R#1902 0x515a r=7 nodes 33 pruned 28 leaves 0 (0.1s) | total leaves 0 nonDita 0  411s
R#1903 0x515b r=8 nodes 5 pruned 0 leaves 0 (0.1s) | total leaves 0 nonDita 0  411s
R#1904 0x515c r=7 nodes 1 pruned 0 leaves 0 (0.0s) | total leaves 0 nonDita 0  411s
R#1905 0x515d r=8 nodes 1 pruned 0 leaves 0 (0.0s) | total leaves 0 nonDita 0  411s
R#1906 0x515e r=8 nodes 33 pruned 20 leaves 0 (0.1s) | total leaves 0 nonDita 0  411s
R#1907 0x515f r=9 nodes 9 pruned 0 leaves 0 (0.0s) | total leaves 0 nonDita 0  411s
R#1908 0x5161 r=6 nodes 1 pruned 0 leaves 0 (0.0s) | total leaves 0 nonDita 0  411s
R#1909 0x5170 r=6 nodes 1 pruned 0 leaves 0 (0.0s) | total leaves 0 nonDita 0  411s
R#1910 0x5171 r=7 nodes 1 pruned 0 leaves 0 (0.0s) | total leaves 0 nonDita 0  411s
R#1911 0x5174 r=7 nodes 5 pruned 4 leaves 0 (0.0s) | total leaves 0 nonDita 0  411s
R#1912 0x5175 r=8 nodes 1 pruned 0 leaves 0 (0.0s) | total leaves 0 nonDita 0  411s
R#1913 0x5191 r=6 nodes 1 pruned 0 leaves 0 (0.0s) | total leaves 0 nonDita 0  411s
R#1914 0x51a0 r=5 nodes 0 pruned 0 leaves 0 (0.0s) | total leaves 0 nonDita 0  411s
R#1915 0x51a1 r=6 nodes 5 pruned 4 leaves 0 (0.0s) | total leaves 0 nonDita 0  411s
R#1916 0x51a4 r=6 nodes 1 pruned 1 leaves 0 (0.0s) | total leaves 0 nonDita 0  411s
R#1917 0x51b0 r=6 nodes 1 pruned 0 leaves 0 (0.0s) | total leaves 0 nonDita 0  411s
R#1918 0x51b1 r=7 nodes 33 pruned 0 leaves 0 (0.0s) | total leaves 0 nonDita 0  412s
R#1919 0x51b5 r=8 nodes 1 pruned 0 leaves 0 (0.0s) | total leaves 0 nonDita 0  412s
R#1920 0x51c1 r=6 nodes 1 pruned 0 leaves 0 (0.0s) | total leaves 0 nonDita 0  412s
R#1921 0x51d0 r=6 nodes 1 pruned 0 leaves 0 (0.0s) | total leaves 0 nonDita 0  412s
R#1922 0x51d1 r=7 nodes 1 pruned 0 leaves 0 (0.1s) | total leaves 0 nonDita 0  412s
R#1923 0x51d4 r=7 nodes 5 pruned 4 leaves 0 (0.1s) | total leaves 0 nonDita 0  412s
R#1924 0x51d5 r=8 nodes 1 pruned 0 leaves 0 (0.0s) | total leaves 0 nonDita 0  412s
R#1925 0x51e0 r=6 nodes 1 pruned 0 leaves 0 (0.0s) | total leaves 0 nonDita 0  412s
R#1926 0x51e1 r=7 nodes 33 pruned 0 leaves 0 (0.1s) | total leaves 0 nonDita 0  412s
R#1927 0x51e5 r=8 nodes 1 pruned 0 leaves 0 (0.0s) | total leaves 0 nonDita 0  412s
R#1928 0x51f0 r=7 nodes 1 pruned 0 leaves 0 (0.0s) | total leaves 0 nonDita 0  412s
R#1929 0x51f1 r=8 nodes 93 pruned 32 leaves 0 (0.2s) | total leaves 0 nonDita 0  412s
R#1930 0x51f4 r=8 nodes 5 pruned 0 leaves 0 (0.1s) | total leaves 0 nonDita 0  412s
R#1931 0x51f5 r=9 nodes 1 pruned 0 leaves 0 (0.0s) | total leaves 0 nonDita 0  412s
R#1932 0x5200 r=3 nodes 0 pruned 0 leaves 0 (0.0s) | total leaves 0 nonDita 0  412s
R#1933 0x5202 r=4 nodes 1 pruned 1 leaves 0 (0.0s) | total leaves 0 nonDita 0  412s
R#1934 0x5208 r=4 nodes 1 pruned 1 leaves 0 (0.0s) | total leaves 0 nonDita 0  412s
R#1935 0x5250 r=5 nodes 1 pruned 1 leaves 0 (0.0s) | total leaves 0 nonDita 0  412s
R#1936 0x5251 r=6 nodes 1 pruned 0 leaves 0 (0.0s) | total leaves 0 nonDita 0  412s
R#1937 0x5252 r=6 nodes 1 pruned 1 leaves 0 (0.0s) | total leaves 0 nonDita 0  412s
R#1938 0x5253 r=7 nodes 1 pruned 0 leaves 0 (0.0s) | total leaves 0 nonDita 0  412s
R#1939 0x5254 r=6 nodes 1 pruned 0 leaves 0 (0.0s) | total leaves 0 nonDita 0  412s
R#1940 0x5255 r=7 nodes 33 pruned 20 leaves 0 (0.1s) | total leaves 0 nonDita 0  412s
R#1941 0x5256 r=7 nodes 1 pruned 0 leaves 0 (0.1s) | total leaves 0 nonDita 0  413s
R#1942 0x5257 r=8 nodes 33 pruned 20 leaves 0 (0.2s) | total leaves 0 nonDita 0  413s
R#1943 0x5258 r=6 nodes 1 pruned 1 leaves 0 (0.0s) | total leaves 0 nonDita 0  413s
R#1944 0x5259 r=7 nodes 1 pruned 0 leaves 0 (0.1s) | total leaves 0 nonDita 0  413s
R#1945 0x525a r=7 nodes 1 pruned 1 leaves 0 (0.1s) | total leaves 0 nonDita 0  413s
R#1946 0x525b r=8 nodes 1 pruned 0 leaves 0 (0.0s) | total leaves 0 nonDita 0  413s
R#1947 0x525c r=7 nodes 1 pruned 0 leaves 0 (0.1s) | total leaves 0 nonDita 0  413s
R#1948 0x525d r=8 nodes 33 pruned 20 leaves 0 (0.1s) | total leaves 0 nonDita 0  413s
R#1949 0x525e r=8 nodes 1 pruned 0 leaves 0 (0.0s) | total leaves 0 nonDita 0  413s
R#1950 0x525f r=9 nodes 1 pruned 0 leaves 0 (0.0s) | total leaves 0 nonDita 0  413s
R#1951 0x5270 r=6 nodes 1 pruned 0 leaves 0 (0.0s) | total leaves 0 nonDita 0  413s
R#1952 0x5272 r=7 nodes 33 pruned 28 leaves 0 (0.1s) | total leaves 0 nonDita 0  413s
R#1953 0x5278 r=7 nodes 5 pruned 4 leaves 0 (0.1s) | total leaves 0 nonDita 0  413s
R#1954 0x527a r=8 nodes 1 pruned 0 leaves 0 (0.0s) | total leaves 0 nonDita 0  413s
R#1955 0x52a0 r=5 nodes 0 pruned 0 leaves 0 (0.0s) | total leaves 0 nonDita 0  413s
R#1956 0x52a2 r=6 nodes 5 pruned 4 leaves 0 (0.0s) | total leaves 0 nonDita 0  413s
R#1957 0x52a8 r=6 nodes 1 pruned 1 leaves 0 (0.0s) | total leaves 0 nonDita 0  413s
R#1958 0x52d0 r=6 nodes 1 pruned 0 leaves 0 (0.0s) | total leaves 0 nonDita 0  413s
R#1959 0x52d2 r=7 nodes 33 pruned 28 leaves 0 (0.1s) | total leaves 0 nonDita 0  414s
R#1960 0x52d8 r=7 nodes 5 pruned 4 leaves 0 (0.1s) | total leaves 0 nonDita 0  414s
R#1961 0x52da r=8 nodes 1 pruned 0 leaves 0 (0.1s) | total leaves 0 nonDita 0  414s
R#1962 0x52f0 r=7 nodes 1 pruned 0 leaves 0 (0.1s) | total leaves 0 nonDita 0  414s
R#1963 0x52f2 r=8 nodes 5 pruned 0 leaves 0 (0.2s) | total leaves 0 nonDita 0  414s
R#1964 0x52f8 r=8 nodes 5 pruned 0 leaves 0 (0.2s) | total leaves 0 nonDita 0  414s
R#1965 0x52fa r=9 nodes 1 pruned 0 leaves 0 (0.1s) | total leaves 0 nonDita 0  414s
R#1966 0x5350 r=6 nodes 1 pruned 0 leaves 0 (0.1s) | total leaves 0 nonDita 0  414s
R#1967 0x5351 r=7 nodes 1 pruned 0 leaves 0 (0.1s) | total leaves 0 nonDita 0  414s
R#1968 0x5352 r=7 nodes 5 pruned 4 leaves 0 (0.1s) | total leaves 0 nonDita 0  414s
R#1969 0x5353 r=8 nodes 253 pruned 144 leaves 0 (0.4s) | total leaves 0 nonDita 0  415s
R#1970 0x5354 r=7 nodes 1 pruned 0 leaves 0 (0.0s) | total leaves 0 nonDita 0  415s
R#1971 0x5355 r=8 nodes 1 pruned 0 leaves 0 (0.0s) | total leaves 0 nonDita 0  415s
R#1972 0x5356 r=8 nodes 33 pruned 32 leaves 0 (0.1s) | total leaves 0 nonDita 0  415s
R#1973 0x5357 r=9 nodes 1 pruned 0 leaves 0 (0.0s) | total leaves 0 nonDita 0  415s
R#1974 0x5358 r=7 nodes 5 pruned 4 leaves 0 (0.0s) | total leaves 0 nonDita 0  415s
R#1975 0x5359 r=8 nodes 93 pruned 56 leaves 0 (0.1s) | total leaves 0 nonDita 0  415s
R#1976 0x535a r=8 nodes 1 pruned 0 leaves 0 (0.0s) | total leaves 0 nonDita 0  415s
R#1977 0x535b r=9 nodes 1 pruned 0 leaves 0 (0.0s) | total leaves 0 nonDita 0  415s
R#1978 0x535c r=8 nodes 33 pruned 32 leaves 0 (0.0s) | total leaves 0 nonDita 0  415s
R#1979 0x535d r=9 nodes 1 pruned 0 leaves 0 (0.0s) | total leaves 0 nonDita 0  415s
R#1980 0x535e r=9 nodes 1 pruned 0 leaves 0 (0.0s) | total leaves 0 nonDita 0  415s
R#1981 0x5400 r=3 nodes 0 pruned 0 leaves 0 (0.0s) | total leaves 0 nonDita 0  415s
R#1982 0x5401 r=4 nodes 1 pruned 1 leaves 0 (0.0s) | total leaves 0 nonDita 0  415s
R#1983 0x5404 r=4 nodes 1 pruned 1 leaves 0 (0.0s) | total leaves 0 nonDita 0  415s
R#1984 0x5410 r=4 nodes 1 pruned 1 leaves 0 (0.0s) | total leaves 0 nonDita 0  415s
R#1985 0x5414 r=5 nodes 1 pruned 1 leaves 0 (0.0s) | total leaves 0 nonDita 0  415s
R#1986 0x5415 r=6 nodes 1 pruned 1 leaves 0 (0.0s) | total leaves 0 nonDita 0  415s
R#1987 0x541f r=8 nodes 1 pruned 0 leaves 0 (0.0s) | total leaves 0 nonDita 0  415s
R#1988 0x5434 r=6 nodes 1 pruned 0 leaves 0 (0.0s) | total leaves 0 nonDita 0  415s
R#1989 0x5440 r=4 nodes 1 pruned 1 leaves 0 (0.0s) | total leaves 0 nonDita 0  415s
R#1990 0x5444 r=5 nodes 1 pruned 1 leaves 0 (0.0s) | total leaves 0 nonDita 0  415s
R#1991 0x5445 r=6 nodes 1 pruned 1 leaves 0 (0.0s) | total leaves 0 nonDita 0  415s
R#1992 0x544f r=8 nodes 1 pruned 0 leaves 0 (0.0s) | total leaves 0 nonDita 0  415s
R#1993 0x5450 r=5 nodes 1 pruned 1 leaves 0 (0.0s) | total leaves 0 nonDita 0  415s
R#1994 0x5451 r=6 nodes 1 pruned 1 leaves 0 (0.0s) | total leaves 0 nonDita 0  416s
R#1995 0x5452 r=6 nodes 1 pruned 0 leaves 0 (0.0s) | total leaves 0 nonDita 0  416s
R#1996 0x5453 r=7 nodes 1 pruned 0 leaves 0 (0.1s) | total leaves 0 nonDita 0  416s
R#1997 0x5454 r=6 nodes 1 pruned 1 leaves 0 (0.1s) | total leaves 0 nonDita 0  416s
R#1998 0x5455 r=7 nodes 1 pruned 1 leaves 0 (0.1s) | total leaves 0 nonDita 0  416s
R#1999 0x5456 r=7 nodes 1 pruned 0 leaves 0 (0.0s) | total leaves 0 nonDita 0  416s
R#2000 0x5457 r=8 nodes 1 pruned 0 leaves 0 (0.0s) | total leaves 0 nonDita 0  416s
R#2001 0x5458 r=6 nodes 1 pruned 0 leaves 0 (0.0s) | total leaves 0 nonDita 0  416s
R#2002 0x5459 r=7 nodes 1 pruned 0 leaves 0 (0.0s) | total leaves 0 nonDita 0  416s
R#2003 0x545a r=7 nodes 33 pruned 28 leaves 0 (0.0s) | total leaves 0 nonDita 0  416s
R#2004 0x545b r=8 nodes 33 pruned 20 leaves 0 (0.1s) | total leaves 0 nonDita 0  416s
R#2005 0x545c r=7 nodes 1 pruned 0 leaves 0 (0.1s) | total leaves 0 nonDita 0  416s
R#2006 0x545d r=8 nodes 1 pruned 0 leaves 0 (0.0s) | total leaves 0 nonDita 0  416s
R#2007 0x545e r=8 nodes 5 pruned 0 leaves 0 (0.1s) | total leaves 0 nonDita 0  416s
R#2008 0x545f r=9 nodes 9 pruned 0 leaves 0 (0.0s) | total leaves 0 nonDita 0  416s
R#2009 0x5464 r=6 nodes 1 pruned 0 leaves 0 (0.0s) | total leaves 0 nonDita 0  416s
R#2010 0x5470 r=6 nodes 1 pruned 0 leaves 0 (0.0s) | total leaves 0 nonDita 0  416s
R#2011 0x5471 r=7 nodes 5 pruned 4 leaves 0 (0.0s) | total leaves 0 nonDita 0  416s
R#2012 0x5474 r=7 nodes 1 pruned 0 leaves 0 (0.1s) | total leaves 0 nonDita 0  416s
R#2013 0x5475 r=8 nodes 1 pruned 0 leaves 0 (0.0s) | total leaves 0 nonDita 0  416s
R#2014 0x5494 r=6 nodes 1 pruned 0 leaves 0 (0.0s) | total leaves 0 nonDita 0  417s
R#2015 0x54a0 r=5 nodes 0 pruned 0 leaves 0 (0.0s) | total leaves 0 nonDita 0  417s
R#2016 0x54a1 r=6 nodes 1 pruned 1 leaves 0 (0.0s) | total leaves 0 nonDita 0  417s
R#2017 0x54a4 r=6 nodes 5 pruned 4 leaves 0 (0.0s) | total leaves 0 nonDita 0  417s
R#2018 0x54b0 r=6 nodes 1 pruned 0 leaves 0 (0.0s) | total leaves 0 nonDita 0  417s
R#2019 0x54b4 r=7 nodes 33 pruned 0 leaves 0 (0.1s) | total leaves 0 nonDita 0  417s
R#2020 0x54b5 r=8 nodes 1 pruned 0 leaves 0 (0.0s) | total leaves 0 nonDita 0  417s
R#2021 0x54c4 r=6 nodes 1 pruned 0 leaves 0 (0.0s) | total leaves 0 nonDita 0  417s
R#2022 0x54d0 r=6 nodes 1 pruned 0 leaves 0 (0.0s) | total leaves 0 nonDita 0  417s
R#2023 0x54d1 r=7 nodes 5 pruned 4 leaves 0 (0.1s) | total leaves 0 nonDita 0  417s
R#2024 0x54d4 r=7 nodes 1 pruned 0 leaves 0 (0.1s) | total leaves 0 nonDita 0  417s
R#2025 0x54d5 r=8 nodes 1 pruned 0 leaves 0 (0.0s) | total leaves 0 nonDita 0  417s
R#2026 0x54e0 r=6 nodes 1 pruned 0 leaves 0 (0.0s) | total leaves 0 nonDita 0  417s
R#2027 0x54e4 r=7 nodes 33 pruned 0 leaves 0 (0.1s) | total leaves 0 nonDita 0  417s
R#2028 0x54e5 r=8 nodes 1 pruned 0 leaves 0 (0.0s) | total leaves 0 nonDita 0  417s
R#2029 0x54f0 r=7 nodes 1 pruned 0 leaves 0 (0.1s) | total leaves 0 nonDita 0  417s
R#2030 0x54f1 r=8 nodes 5 pruned 0 leaves 0 (0.1s) | total leaves 0 nonDita 0  417s
R#2031 0x54f4 r=8 nodes 93 pruned 32 leaves 0 (0.1s) | total leaves 0 nonDita 0  418s
R#2032 0x54f5 r=9 nodes 1 pruned 0 leaves 0 (0.0s) | total leaves 0 nonDita 0  418s
R#2033 0x5500 r=4 nodes 1 pruned 1 leaves 0 (0.0s) | total leaves 0 nonDita 0  418s
R#2034 0x5505 r=6 nodes 1 pruned 1 leaves 0 (0.0s) | total leaves 0 nonDita 0  418s
R#2035 0x5507 r=7 nodes 5 pruned 0 leaves 0 (0.0s) | total leaves 0 nonDita 0  418s
R#2036 0x550a r=6 nodes 1 pruned 1 leaves 0 (0.0s) | total leaves 0 nonDita 0  418s
R#2037 0x550d r=7 nodes 5 pruned 0 leaves 0 (0.0s) | total leaves 0 nonDita 0  418s
R#2038 0x550f r=8 nodes 93 pruned 64 leaves 0 (0.1s) | total leaves 0 nonDita 0  418s
R#2039 0x5511 r=6 nodes 1 pruned 1 leaves 0 (0.0s) | total leaves 0 nonDita 0  418s
R#2040 0x5514 r=6 nodes 1 pruned 1 leaves 0 (0.0s) | total leaves 0 nonDita 0  418s
R#2041 0x5515 r=7 nodes 1 pruned 1 leaves 0 (0.1s) | total leaves 0 nonDita 0  418s
R#2042 0x5517 r=8 nodes 1 pruned 0 leaves 0 (0.0s) | total leaves 0 nonDita 0  418s
R#2043 0x551b r=8 nodes 1 pruned 0 leaves 0 (0.0s) | total leaves 0 nonDita 0  418s
R#2044 0x551d r=8 nodes 1 pruned 0 leaves 0 (0.0s) | total leaves 0 nonDita 0  418s
R#2045 0x551e r=8 nodes 1 pruned 0 leaves 0 (0.0s) | total leaves 0 nonDita 0  418s
R#2046 0x551f r=9 nodes 1 pruned 0 leaves 0 (0.0s) | total leaves 0 nonDita 0  418s
R#2047 0x5525 r=7 nodes 33 pruned 20 leaves 0 (0.0s) | total leaves 0 nonDita 0  418s
R#2048 0x5535 r=8 nodes 1 pruned 0 leaves 0 (0.0s) | total leaves 0 nonDita 0  418s
R#2049 0x5541 r=6 nodes 1 pruned 1 leaves 0 (0.0s) | total leaves 0 nonDita 0  418s
R#2050 0x5544 r=6 nodes 1 pruned 1 leaves 0 (0.0s) | total leaves 0 nonDita 0  418s
R#2051 0x5545 r=7 nodes 1 pruned 1 leaves 0 (0.1s) | total leaves 0 nonDita 0  418s
R#2052 0x5547 r=8 nodes 1 pruned 0 leaves 0 (0.1s) | total leaves 0 nonDita 0  418s
R#2053 0x554b r=8 nodes 1 pruned 0 leaves 0 (0.0s) | total leaves 0 nonDita 0  418s
R#2054 0x554d r=8 nodes 1 pruned 0 leaves 0 (0.1s) | total leaves 0 nonDita 0  419s
R#2055 0x554e r=8 nodes 1 pruned 0 leaves 0 (0.0s) | total leaves 0 nonDita 0  419s
R#2056 0x554f r=9 nodes 1 pruned 0 leaves 0 (0.1s) | total leaves 0 nonDita 0  419s
R#2057 0x5550 r=6 nodes 1 pruned 1 leaves 0 (0.0s) | total leaves 0 nonDita 0  419s
R#2058 0x5551 r=7 nodes 1 pruned 1 leaves 0 (0.1s) | total leaves 0 nonDita 0  419s
R#2059 0x5552 r=7 nodes 33 pruned 20 leaves 0 (0.1s) | total leaves 0 nonDita 0  419s
R#2060 0x5553 r=8 nodes 1 pruned 0 leaves 0 (0.1s) | total leaves 0 nonDita 0  419s
R#2061 0x5554 r=7 nodes 1 pruned 1 leaves 0 (0.1s) | total leaves 0 nonDita 0  419s
R#2062 0x5555 r=8 nodes 1 pruned 1 leaves 0 (1.6s) | total leaves 0 nonDita 0  421s
R#2063 0x5556 r=8 nodes 1 pruned 0 leaves 0 (0.0s) | total leaves 0 nonDita 0  421s
R#2064 0x5557 r=9 nodes 1 pruned 0 leaves 0 (2.0s) | total leaves 0 nonDita 0  423s
R#2065 0x5558 r=7 nodes 33 pruned 20 leaves 0 (0.1s) | total leaves 0 nonDita 0  423s
R#2066 0x5559 r=8 nodes 1 pruned 0 leaves 0 (0.0s) | total leaves 0 nonDita 0  423s
R#2067 0x555a r=8 nodes 33 pruned 20 leaves 0 (0.1s) | total leaves 0 nonDita 0  423s
R#2068 0x555b r=9 nodes 9 pruned 0 leaves 0 (0.0s) | total leaves 0 nonDita 0  423s
R#2069 0x555c r=8 nodes 1 pruned 0 leaves 0 (0.0s) | total leaves 0 nonDita 0  423s
R#2070 0x555d r=9 nodes 1 pruned 0 leaves 0 (2.6s) | total leaves 0 nonDita 0  426s
R#2071 0x555e r=9 nodes 9 pruned 0 leaves 0 (0.0s) | total leaves 0 nonDita 0  426s
R#2072 0x555f r=10 nodes 9621 pruned 1032 leaves 0 (17.7s) | total leaves 0 nonDita 0  443s
R#2073 0x5565 r=8 nodes 1 pruned 0 leaves 0 (0.0s) | total leaves 0 nonDita 0  443s
R#2074 0x5570 r=7 nodes 5 pruned 0 leaves 0 (0.0s) | total leaves 0 nonDita 0  443s
R#2075 0x5571 r=8 nodes 1 pruned 0 leaves 0 (0.0s) | total leaves 0 nonDita 0  443s
R#2076 0x5574 r=8 nodes 1 pruned 0 leaves 0 (0.0s) | total leaves 0 nonDita 0  443s
R#2077 0x5575 r=9 nodes 1 pruned 0 leaves 0 (2.0s) | total leaves 0 nonDita 0  445s
R#2078 0x5577 r=10 nodes 1 pruned 0 leaves 0 (1.2s) | total leaves 0 nonDita 0  446s
R#2079 0x557d r=10 nodes 1 pruned 0 leaves 0 (1.4s) | total leaves 0 nonDita 0  448s
R#2080 0x557f r=11 nodes 1 pruned 0 leaves 0 (1.8s) | total leaves 0 nonDita 0  450s
R#2081 0x5585 r=7 nodes 33 pruned 20 leaves 0 (0.1s) | total leaves 0 nonDita 0  450s
R#2082 0x5595 r=8 nodes 1 pruned 0 leaves 0 (0.0s) | total leaves 0 nonDita 0  450s
R#2083 0x55a0 r=6 nodes 1 pruned 1 leaves 0 (0.0s) | total leaves 0 nonDita 0  450s
R#2084 0x55a5 r=8 nodes 33 pruned 20 leaves 0 (0.1s) | total leaves 0 nonDita 0  450s
R#2085 0x55aa r=8 nodes 1 pruned 1 leaves 0 (0.0s) | total leaves 0 nonDita 0  450s
R#2086 0x55b1 r=8 nodes 1 pruned 0 leaves 0 (0.0s) | total leaves 0 nonDita 0  450s
R#2087 0x55b4 r=8 nodes 1 pruned 0 leaves 0 (0.0s) | total leaves 0 nonDita 0  450s
R#2088 0x55b5 r=9 nodes 9 pruned 0 leaves 0 (0.0s) | total leaves 0 nonDita 0  450s
R#2089 0x55c5 r=8 nodes 1 pruned 0 leaves 0 (0.1s) | total leaves 0 nonDita 0  450s
R#2090 0x55d0 r=7 nodes 5 pruned 0 leaves 0 (0.1s) | total leaves 0 nonDita 0  450s
R#2091 0x55d1 r=8 nodes 1 pruned 0 leaves 0 (0.0s) | total leaves 0 nonDita 0  450s
R#2092 0x55d4 r=8 nodes 1 pruned 0 leaves 0 (0.1s) | total leaves 0 nonDita 0  450s
R#2093 0x55d5 r=9 nodes 1 pruned 0 leaves 0 (2.3s) | total leaves 0 nonDita 0  453s
R#2094 0x55d7 r=10 nodes 1 pruned 0 leaves 0 (1.2s) | total leaves 0 nonDita 0  454s
R#2095 0x55dd r=10 nodes 1 pruned 0 leaves 0 (1.2s) | total leaves 0 nonDita 0  455s
R#2096 0x55df r=11 nodes 1 pruned 0 leaves 0 (2.2s) | total leaves 0 nonDita 0  457s
R#2097 0x55e1 r=8 nodes 1 pruned 0 leaves 0 (0.0s) | total leaves 0 nonDita 0  457s
R#2098 0x55e4 r=8 nodes 1 pruned 0 leaves 0 (0.0s) | total leaves 0 nonDita 0  457s
R#2099 0x55e5 r=9 nodes 9 pruned 0 leaves 0 (0.1s) | total leaves 0 nonDita 0  457s
R#2100 0x55f0 r=8 nodes 93 pruned 64 leaves 0 (0.3s) | total leaves 0 nonDita 0  458s
R#2101 0x55f1 r=9 nodes 1 pruned 0 leaves 0 (0.0s) | total leaves 0 nonDita 0  458s
R#2102 0x55f4 r=9 nodes 1 pruned 0 leaves 0 (0.0s) | total leaves 0 nonDita 0  458s
R#2103 0x55f5 r=10 nodes 9621 pruned 1032 leaves 0 (15.2s) | total leaves 0 nonDita 0  473s
R#2104 0x55f7 r=11 nodes 1 pruned 0 leaves 0 (1.8s) | total leaves 0 nonDita 0  475s
R#2105 0x55fd r=11 nodes 1 pruned 0 leaves 0 (1.8s) | total leaves 0 nonDita 0  476s
R#2106 0x55ff r=12 nodes 397 pruned 0 leaves 0 (3.1s) | total leaves 0 nonDita 0  480s
R#2107 0x5650 r=6 nodes 1 pruned 0 leaves 0 (0.1s) | total leaves 0 nonDita 0  480s
R#2108 0x5651 r=7 nodes 1 pruned 0 leaves 0 (0.1s) | total leaves 0 nonDita 0  480s
R#2109 0x5652 r=7 nodes 5 pruned 4 leaves 0 (0.0s) | total leaves 0 nonDita 0  480s
R#2110 0x5653 r=8 nodes 33 pruned 32 leaves 0 (0.1s) | total leaves 0 nonDita 0  480s
R#2111 0x5654 r=7 nodes 1 pruned 0 leaves 0 (0.1s) | total leaves 0 nonDita 0  480s
R#2112 0x5655 r=8 nodes 1 pruned 0 leaves 0 (0.0s) | total leaves 0 nonDita 0  480s
R#2113 0x5656 r=8 nodes 5 pruned 0 leaves 0 (0.1s) | total leaves 0 nonDita 0  480s
R#2114 0x5657 r=9 nodes 1 pruned 0 leaves 0 (0.0s) | total leaves 0 nonDita 0  480s
R#2115 0x5658 r=7 nodes 5 pruned 4 leaves 0 (0.1s) | total leaves 0 nonDita 0  480s
R#2116 0x5659 r=8 nodes 33 pruned 32 leaves 0 (0.2s) | total leaves 0 nonDita 0  480s
R#2117 0x565a r=8 nodes 1 pruned 0 leaves 0 (0.0s) | total leaves 0 nonDita 0  480s
R#2118 0x565b r=9 nodes 1 pruned 0 leaves 0 (0.0s) | total leaves 0 nonDita 0  480s
R#2119 0x565c r=8 nodes 93 pruned 56 leaves 0 (0.1s) | total leaves 0 nonDita 0  481s
R#2120 0x565d r=9 nodes 1 pruned 0 leaves 0 (0.0s) | total leaves 0 nonDita 0  481s
R#2121 0x565e r=9 nodes 1 pruned 0 leaves 0 (0.0s) | total leaves 0 nonDita 0  481s
R#2122 0x5705 r=7 nodes 5 pruned 0 leaves 0 (0.0s) | total leaves 0 nonDita 0  481s
R#2123 0x5707 r=8 nodes 33 pruned 20 leaves 0 (0.0s) | total leaves 0 nonDita 0  481s
R#2124 0x570d r=8 nodes 33 pruned 28 leaves 0 (0.1s) | total leaves 0 nonDita 0  481s
R#2125 0x570f r=9 nodes 1 pruned 0 leaves 0 (0.0s) | total leaves 0 nonDita 0  481s
R#2126 0x5715 r=8 nodes 1 pruned 0 leaves 0 (0.0s) | total leaves 0 nonDita 0  481s
R#2127 0x5717 r=9 nodes 1 pruned 0 leaves 0 (0.0s) | total leaves 0 nonDita 0  481s
R#2128 0x571d r=9 nodes 1 pruned 0 leaves 0 (0.0s) | total leaves 0 nonDita 0  481s
R#2129 0x5727 r=9 nodes 1 pruned 0 leaves 0 (0.0s) | total leaves 0 nonDita 0  481s
R#2130 0x5745 r=8 nodes 1 pruned 0 leaves 0 (0.0s) | total leaves 0 nonDita 0  481s
R#2131 0x5747 r=9 nodes 1 pruned 0 leaves 0 (0.0s) | total leaves 0 nonDita 0  481s
R#2132 0x574d r=9 nodes 1 pruned 0 leaves 0 (0.0s) | total leaves 0 nonDita 0  481s
R#2133 0x5750 r=7 nodes 33 pruned 20 leaves 0 (0.0s) | total leaves 0 nonDita 0  481s
R#2134 0x5751 r=8 nodes 1 pruned 0 leaves 0 (0.0s) | total leaves 0 nonDita 0  481s
R#2135 0x5752 r=8 nodes 33 pruned 20 leaves 0 (0.1s) | total leaves 0 nonDita 0  481s
R#2136 0x5753 r=9 nodes 1 pruned 0 leaves 0 (0.0s) | total leaves 0 nonDita 0  481s
R#2137 0x5754 r=8 nodes 1 pruned 0 leaves 0 (0.0s) | total leaves 0 nonDita 0  481s
R#2138 0x5755 r=9 nodes 1 pruned 0 leaves 0 (1.9s) | total leaves 0 nonDita 0  483s
R#2139 0x5756 r=9 nodes 1 pruned 0 leaves 0 (0.0s) | total leaves 0 nonDita 0  483s
R#2140 0x5757 r=10 nodes 13 pruned 8 leaves 0 (2.4s) | total leaves 0 nonDita 0  486s
R#2141 0x5758 r=8 nodes 33 pruned 20 leaves 0 (0.1s) | total leaves 0 nonDita 0  486s
R#2142 0x5759 r=9 nodes 1 pruned 0 leaves 0 (0.0s) | total leaves 0 nonDita 0  486s
R#2143 0x575a r=9 nodes 1 pruned 0 leaves 0 (0.0s) | total leaves 0 nonDita 0  486s
R#2144 0x575c r=9 nodes 1 pruned 0 leaves 0 (0.0s) | total leaves 0 nonDita 0  486s
R#2145 0x575d r=10 nodes 13 pruned 8 leaves 0 (2.8s) | total leaves 0 nonDita 0  489s
R#2146 0x575f r=11 nodes 185 pruned 0 leaves 0 (5.0s) | total leaves 0 nonDita 0  494s
R#2147 0x5775 r=10 nodes 1 pruned 0 leaves 0 (1.3s) | total leaves 0 nonDita 0  495s
R#2148 0x5777 r=11 nodes 5 pruned 0 leaves 0 (2.8s) | total leaves 0 nonDita 0  498s
R#2149 0x577d r=11 nodes 1 pruned 0 leaves 0 (1.7s) | total leaves 0 nonDita 0  499s
R#2150 0x577f r=12 nodes 2241 pruned 608 leaves 0 (5.2s) | total leaves 0 nonDita 0  505s
R#2151 0x5787 r=9 nodes 1 pruned 0 leaves 0 (0.0s) | total leaves 0 nonDita 0  505s
R#2152 0x57d5 r=10 nodes 1 pruned 0 leaves 0 (1.2s) | total leaves 0 nonDita 0  506s
R#2153 0x57d7 r=11 nodes 5 pruned 0 leaves 0 (2.6s) | total leaves 0 nonDita 0  508s
R#2154 0x57dd r=11 nodes 1 pruned 0 leaves 0 (1.8s) | total leaves 0 nonDita 0  510s
R#2155 0x57df r=12 nodes 2241 pruned 608 leaves 0 (5.9s) | total leaves 0 nonDita 0  516s
R#2156 0x57f5 r=11 nodes 1 pruned 0 leaves 0 (1.8s) | total leaves 0 nonDita 0  518s
R#2157 0x57f7 r=12 nodes 5 pruned 0 leaves 0 (3.1s) | total leaves 0 nonDita 0  521s
R#2158 0x57fd r=12 nodes 5 pruned 0 leaves 0 (1.8s) | total leaves 0 nonDita 0  523s
R#2159 0x57ff r=13 nodes 17 pruned 0 leaves 0 (0.2s) | total leaves 0 nonDita 0  523s
R#2160 0x5800 r=3 nodes 0 pruned 0 leaves 0 (0.0s) | total leaves 0 nonDita 0  523s
R#2161 0x5802 r=4 nodes 1 pruned 1 leaves 0 (0.0s) | total leaves 0 nonDita 0  523s
R#2162 0x5808 r=4 nodes 1 pruned 1 leaves 0 (0.0s) | total leaves 0 nonDita 0  523s
R#2163 0x5850 r=5 nodes 1 pruned 1 leaves 0 (0.0s) | total leaves 0 nonDita 0  523s
R#2164 0x5851 r=6 nodes 1 pruned 0 leaves 0 (0.0s) | total leaves 0 nonDita 0  523s
R#2165 0x5852 r=6 nodes 1 pruned 1 leaves 0 (0.1s) | total leaves 0 nonDita 0  523s
R#2166 0x5853 r=7 nodes 1 pruned 0 leaves 0 (0.1s) | total leaves 0 nonDita 0  523s
R#2167 0x5854 r=6 nodes 1 pruned 0 leaves 0 (0.1s) | total leaves 0 nonDita 0  523s
R#2168 0x5855 r=7 nodes 33 pruned 20 leaves 0 (0.1s) | total leaves 0 nonDita 0  523s
R#2169 0x5856 r=7 nodes 1 pruned 0 leaves 0 (0.1s) | total leaves 0 nonDita 0  524s
R#2170 0x5857 r=8 nodes 33 pruned 20 leaves 0 (0.2s) | total leaves 0 nonDita 0  524s
R#2171 0x5858 r=6 nodes 1 pruned 1 leaves 0 (0.1s) | total leaves 0 nonDita 0  524s
R#2172 0x5859 r=7 nodes 1 pruned 0 leaves 0 (0.1s) | total leaves 0 nonDita 0  524s
R#2173 0x585a r=7 nodes 1 pruned 1 leaves 0 (0.1s) | total leaves 0 nonDita 0  524s
R#2174 0x585b r=8 nodes 1 pruned 0 leaves 0 (0.0s) | total leaves 0 nonDita 0  524s
R#2175 0x585c r=7 nodes 1 pruned 0 leaves 0 (0.0s) | total leaves 0 nonDita 0  524s
R#2176 0x585d r=8 nodes 33 pruned 20 leaves 0 (0.1s) | total leaves 0 nonDita 0  524s
R#2177 0x585e r=8 nodes 1 pruned 0 leaves 0 (0.0s) | total leaves 0 nonDita 0  524s
R#2178 0x585f r=9 nodes 1 pruned 0 leaves 0 (0.0s) | total leaves 0 nonDita 0  524s
R#2179 0x5870 r=6 nodes 1 pruned 0 leaves 0 (0.0s) | total leaves 0 nonDita 0  524s
R#2180 0x5872 r=7 nodes 5 pruned 4 leaves 0 (0.1s) | total leaves 0 nonDita 0  524s
R#2181 0x5878 r=7 nodes 33 pruned 28 leaves 0 (0.1s) | total leaves 0 nonDita 0  524s
R#2182 0x587a r=8 nodes 1 pruned 0 leaves 0 (0.1s) | total leaves 0 nonDita 0  524s
R#2183 0x58a0 r=5 nodes 0 pruned 0 leaves 0 (0.0s) | total leaves 0 nonDita 0  524s
R#2184 0x58a2 r=6 nodes 1 pruned 1 leaves 0 (0.0s) | total leaves 0 nonDita 0  524s
R#2185 0x58a8 r=6 nodes 5 pruned 4 leaves 0 (0.0s) | total leaves 0 nonDita 0  524s
R#2186 0x58d0 r=6 nodes 1 pruned 0 leaves 0 (0.0s) | total leaves 0 nonDita 0  524s
R#2187 0x58d2 r=7 nodes 5 pruned 4 leaves 0 (0.1s) | total leaves 0 nonDita 0  525s
R#2188 0x58d8 r=7 nodes 33 pruned 28 leaves 0 (0.1s) | total leaves 0 nonDita 0  525s
R#2189 0x58da r=8 nodes 1 pruned 0 leaves 0 (0.0s) | total leaves 0 nonDita 0  525s
R#2190 0x58f0 r=7 nodes 1 pruned 0 leaves 0 (0.1s) | total leaves 0 nonDita 0  525s
R#2191 0x58f2 r=8 nodes 5 pruned 0 leaves 0 (0.2s) | total leaves 0 nonDita 0  525s
R#2192 0x58f8 r=8 nodes 5 pruned 0 leaves 0 (0.2s) | total leaves 0 nonDita 0  525s
R#2193 0x58fa r=9 nodes 1 pruned 0 leaves 0 (0.1s) | total leaves 0 nonDita 0  525s
R#2194 0x5950 r=6 nodes 1 pruned 0 leaves 0 (0.1s) | total leaves 0 nonDita 0  525s
R#2195 0x5951 r=7 nodes 1 pruned 0 leaves 0 (0.1s) | total leaves 0 nonDita 0  525s
R#2196 0x5952 r=7 nodes 5 pruned 4 leaves 0 (0.1s) | total leaves 0 nonDita 0  525s
R#2197 0x5953 r=8 nodes 93 pruned 56 leaves 0 (0.2s) | total leaves 0 nonDita 0  526s
R#2198 0x5954 r=7 nodes 1 pruned 0 leaves 0 (0.1s) | total leaves 0 nonDita 0  526s
R#2199 0x5955 r=8 nodes 1 pruned 0 leaves 0 (0.1s) | total leaves 0 nonDita 0  526s
R#2200 0x5956 r=8 nodes 33 pruned 32 leaves 0 (0.1s) | total leaves 0 nonDita 0  526s
R#2201 0x5957 r=9 nodes 1 pruned 0 leaves 0 (0.0s) | total leaves 0 nonDita 0  526s
R#2202 0x5958 r=7 nodes 5 pruned 4 leaves 0 (0.0s) | total leaves 0 nonDita 0  526s
R#2203 0x5959 r=8 nodes 253 pruned 144 leaves 0 (0.2s) | total leaves 0 nonDita 0  526s
R#2204 0x595a r=8 nodes 1 pruned 0 leaves 0 (0.0s) | total leaves 0 nonDita 0  526s
R#2205 0x595b r=9 nodes 1 pruned 0 leaves 0 (0.1s) | total leaves 0 nonDita 0  526s
R#2206 0x595c r=8 nodes 33 pruned 32 leaves 0 (0.1s) | total leaves 0 nonDita 0  526s
R#2207 0x595d r=9 nodes 1 pruned 0 leaves 0 (0.0s) | total leaves 0 nonDita 0  526s
R#2208 0x595e r=9 nodes 1 pruned 0 leaves 0 (0.0s) | total leaves 0 nonDita 0  526s
R#2209 0x5a00 r=4 nodes 1 pruned 1 leaves 0 (0.0s) | total leaves 0 nonDita 0  526s
R#2210 0x5a05 r=6 nodes 1 pruned 1 leaves 0 (0.0s) | total leaves 0 nonDita 0  526s
R#2211 0x5a0a r=6 nodes 1 pruned 1 leaves 0 (0.0s) | total leaves 0 nonDita 0  526s
R#2212 0x5a0b r=7 nodes 1 pruned 0 leaves 0 (0.0s) | total leaves 0 nonDita 0  526s
R#2213 0x5a0e r=7 nodes 5 pruned 4 leaves 0 (0.0s) | total leaves 0 nonDita 0  526s
R#2214 0x5a0f r=8 nodes 253 pruned 144 leaves 0 (0.5s) | total leaves 0 nonDita 0  527s
R#2215 0x5a1a r=7 nodes 1 pruned 1 leaves 0 (0.1s) | total leaves 0 nonDita 0  527s
R#2216 0x5a1b r=8 nodes 1 pruned 0 leaves 0 (0.0s) | total leaves 0 nonDita 0  527s
R#2217 0x5a1e r=8 nodes 1 pruned 0 leaves 0 (0.0s) | total leaves 0 nonDita 0  527s
R#2218 0x5a1f r=9 nodes 1 pruned 0 leaves 0 (0.1s) | total leaves 0 nonDita 0  527s
R#2219 0x5a2a r=7 nodes 33 pruned 28 leaves 0 (0.1s) | total leaves 0 nonDita 0  527s
R#2220 0x5a3a r=8 nodes 1 pruned 0 leaves 0 (0.1s) | total leaves 0 nonDita 0  527s
R#2221 0x5a4a r=7 nodes 1 pruned 1 leaves 0 (0.1s) | total leaves 0 nonDita 0  527s
R#2222 0x5a4b r=8 nodes 1 pruned 0 leaves 0 (0.0s) | total leaves 0 nonDita 0  527s
R#2223 0x5a4e r=8 nodes 1 pruned 0 leaves 0 (0.0s) | total leaves 0 nonDita 0  528s
R#2224 0x5a4f r=9 nodes 1 pruned 0 leaves 0 (0.0s) | total leaves 0 nonDita 0  528s
R#2225 0x5a50 r=6 nodes 1 pruned 1 leaves 0 (0.0s) | total leaves 0 nonDita 0  528s
R#2226 0x5a51 r=7 nodes 33 pruned 28 leaves 0 (0.1s) | total leaves 0 nonDita 0  528s
R#2227 0x5a52 r=7 nodes 1 pruned 1 leaves 0 (0.1s) | total leaves 0 nonDita 0  528s
R#2228 0x5a53 r=8 nodes 1 pruned 0 leaves 0 (0.0s) | total leaves 0 nonDita 0  528s
R#2229 0x5a54 r=7 nodes 33 pruned 28 leaves 0 (0.1s) | total leaves 0 nonDita 0  528s
R#2230 0x5a55 r=8 nodes 33 pruned 20 leaves 0 (0.2s) | total leaves 0 nonDita 0  528s
R#2231 0x5a56 r=8 nodes 1 pruned 0 leaves 0 (0.0s) | total leaves 0 nonDita 0  528s
R#2232 0x5a57 r=9 nodes 1 pruned 0 leaves 0 (0.1s) | total leaves 0 nonDita 0  528s
R#2233 0x5a58 r=7 nodes 1 pruned 1 leaves 0 (0.1s) | total leaves 0 nonDita 0  528s
R#2234 0x5a59 r=8 nodes 1 pruned 0 leaves 0 (0.0s) | total leaves 0 nonDita 0  528s
R#2235 0x5a5a r=8 nodes 1 pruned 1 leaves 0 (2.0s) | total leaves 0 nonDita 0  530s
R#2236 0x5a5b r=9 nodes 1 pruned 0 leaves 0 (1.9s) | total leaves 0 nonDita 0  532s
R#2237 0x5a5c r=8 nodes 1 pruned 0 leaves 0 (0.0s) | total leaves 0 nonDita 0  532s
R#2238 0x5a5d r=9 nodes 1 pruned 0 leaves 0 (0.0s) | total leaves 0 nonDita 0  532s
R#2239 0x5a5e r=9 nodes 1 pruned 0 leaves 0 (2.0s) | total leaves 0 nonDita 0  534s
R#2240 0x5a5f r=10 nodes 9621 pruned 1032 leaves 0 (15.4s) | total leaves 0 nonDita 0  550s
R#2241 0x5a6a r=8 nodes 1 pruned 0 leaves 0 (0.0s) | total leaves 0 nonDita 0  550s
R#2242 0x5a70 r=7 nodes 5 pruned 4 leaves 0 (0.0s) | total leaves 0 nonDita 0  550s
R#2243 0x5a72 r=8 nodes 1 pruned 0 leaves 0 (0.0s) | total leaves 0 nonDita 0  550s
R#2244 0x5a78 r=8 nodes 1 pruned 0 leaves 0 (0.0s) | total leaves 0 nonDita 0  550s
R#2245 0x5a7a r=9 nodes 1 pruned 0 leaves 0 (2.0s) | total leaves 0 nonDita 0  552s
R#2246 0x5a7b r=10 nodes 1 pruned 0 leaves 0 (1.3s) | total leaves 0 nonDita 0  553s
R#2247 0x5a7e r=10 nodes 1 pruned 0 leaves 0 (1.3s) | total leaves 0 nonDita 0  554s
R#2248 0x5a7f r=11 nodes 1 pruned 0 leaves 0 (1.5s) | total leaves 0 nonDita 0  556s
R#2249 0x5a8a r=7 nodes 33 pruned 28 leaves 0 (0.1s) | total leaves 0 nonDita 0  556s
R#2250 0x5a9a r=8 nodes 1 pruned 0 leaves 0 (0.0s) | total leaves 0 nonDita 0  556s
R#2251 0x5aa0 r=6 nodes 1 pruned 1 leaves 0 (0.0s) | total leaves 0 nonDita 0  556s
R#2252 0x5aa5 r=8 nodes 1 pruned 1 leaves 0 (0.1s) | total leaves 0 nonDita 0  556s
R#2253 0x5aaa r=8 nodes 33 pruned 20 leaves 0 (0.1s) | total leaves 0 nonDita 0  556s
R#2254 0x5aba r=9 nodes 1 pruned 0 leaves 0 (0.0s) | total leaves 0 nonDita 0  556s
R#2255 0x5aca r=8 nodes 1 pruned 0 leaves 0 (0.0s) | total leaves 0 nonDita 0  556s
R#2256 0x5ad0 r=7 nodes 5 pruned 4 leaves 0 (0.0s) | total leaves 0 nonDita 0  556s
R#2257 0x5ad2 r=8 nodes 1 pruned 0 leaves 0 (0.0s) | total leaves 0 nonDita 0  556s
R#2258 0x5ad8 r=8 nodes 1 pruned 0 leaves 0 (0.0s) | total leaves 0 nonDita 0  556s
R#2259 0x5ada r=9 nodes 1 pruned 0 leaves 0 (2.2s) | total leaves 0 nonDita 0  559s
R#2260 0x5adb r=10 nodes 1 pruned 0 leaves 0 (1.5s) | total leaves 0 nonDita 0  560s
R#2261 0x5ade r=10 nodes 1 pruned 0 leaves 0 (1.4s) | total leaves 0 nonDita 0  562s
R#2262 0x5adf r=11 nodes 1 pruned 0 leaves 0 (2.0s) | total leaves 0 nonDita 0  564s
R#2263 0x5aea r=9 nodes 1 pruned 0 leaves 0 (0.1s) | total leaves 0 nonDita 0  564s
R#2264 0x5af0 r=8 nodes 93 pruned 92 leaves 0 (0.2s) | total leaves 0 nonDita 0  564s
R#2265 0x5af2 r=9 nodes 1 pruned 0 leaves 0 (0.1s) | total leaves 0 nonDita 0  564s
R#2266 0x5af8 r=9 nodes 1 pruned 0 leaves 0 (0.0s) | total leaves 0 nonDita 0  564s
R#2267 0x5afa r=10 nodes 9621 pruned 1032 leaves 0 (14.2s) | total leaves 0 nonDita 0  578s
R#2268 0x5afb r=11 nodes 1 pruned 0 leaves 0 (1.7s) | total leaves 0 nonDita 0  580s
R#2269 0x5afe r=11 nodes 1 pruned 0 leaves 0 (1.9s) | total leaves 0 nonDita 0  582s
R#2270 0x5aff r=12 nodes 397 pruned 0 leaves 0 (2.8s) | total leaves 0 nonDita 0  584s
R#2271 0x5b0a r=7 nodes 5 pruned 4 leaves 0 (0.1s) | total leaves 0 nonDita 0  585s
R#2272 0x5b0b r=8 nodes 33 pruned 20 leaves 0 (0.1s) | total leaves 0 nonDita 0  585s
R#2273 0x5b0e r=8 nodes 33 pruned 32 leaves 0 (0.1s) | total leaves 0 nonDita 0  585s
R#2274 0x5b0f r=9 nodes 1 pruned 0 leaves 0 (0.0s) | total leaves 0 nonDita 0  585s
R#2275 0x5b15 r=8 nodes 1 pruned 0 leaves 0 (0.0s) | total leaves 0 nonDita 0  585s
R#2276 0x5b1a r=8 nodes 1 pruned 0 leaves 0 (0.0s) | total leaves 0 nonDita 0  585s
R#2277 0x5b1b r=9 nodes 1 pruned 0 leaves 0 (0.0s) | total leaves 0 nonDita 0  585s
R#2278 0x5b1e r=9 nodes 1 pruned 0 leaves 0 (0.0s) | total leaves 0 nonDita 0  585s
R#2279 0x5b45 r=8 nodes 1 pruned 0 leaves 0 (0.0s) | total leaves 0 nonDita 0  585s
R#2280 0x5b4a r=8 nodes 1 pruned 0 leaves 0 (0.0s) | total leaves 0 nonDita 0  585s
R#2281 0x5b4b r=9 nodes 1 pruned 0 leaves 0 (0.0s) | total leaves 0 nonDita 0  585s
R#2282 0x5b4e r=9 nodes 1 pruned 0 leaves 0 (0.0s) | total leaves 0 nonDita 0  585s
R#2283 0x5b50 r=7 nodes 33 pruned 28 leaves 0 (0.1s) | total leaves 0 nonDita 0  585s
R#2284 0x5b51 r=8 nodes 93 pruned 60 leaves 0 (0.2s) | total leaves 0 nonDita 0  585s
R#2285 0x5b52 r=8 nodes 1 pruned 0 leaves 0 (0.1s) | total leaves 0 nonDita 0  585s
R#2286 0x5b53 r=9 nodes 1 pruned 0 leaves 0 (0.1s) | total leaves 0 nonDita 0  585s
R#2287 0x5b54 r=8 nodes 33 pruned 20 leaves 0 (0.2s) | total leaves 0 nonDita 0  586s
R#2288 0x5b55 r=9 nodes 9 pruned 0 leaves 0 (0.1s) | total leaves 0 nonDita 0  586s
R#2289 0x5b56 r=9 nodes 1 pruned 0 leaves 0 (0.0s) | total leaves 0 nonDita 0  586s
R#2290 0x5b58 r=8 nodes 1 pruned 0 leaves 0 (0.0s) | total leaves 0 nonDita 0  586s
R#2291 0x5b59 r=9 nodes 1 pruned 0 leaves 0 (0.0s) | total leaves 0 nonDita 0  586s
R#2292 0x5b5a r=9 nodes 1 pruned 0 leaves 0 (2.2s) | total leaves 0 nonDita 0  588s
R#2293 0x5b5b r=10 nodes 9621 pruned 1032 leaves 0 (14.3s) | total leaves 0 nonDita 0  602s
R#2294 0x5b5c r=9 nodes 1 pruned 0 leaves 0 (0.0s) | total leaves 0 nonDita 0  602s
R#2295 0x5b5e r=10 nodes 13 pruned 8 leaves 0 (2.5s) | total leaves 0 nonDita 0  605s
R#2296 0x5b5f r=11 nodes 361 pruned 0 leaves 0 (5.3s) | total leaves 0 nonDita 0  610s
R#2297 0x5b7a r=10 nodes 1 pruned 0 leaves 0 (1.7s) | total leaves 0 nonDita 0  612s
R#2298 0x5b7b r=11 nodes 1 pruned 0 leaves 0 (1.7s) | total leaves 0 nonDita 0  613s
R#2299 0x5b7e r=11 nodes 1 pruned 0 leaves 0 (1.8s) | total leaves 0 nonDita 0  615s
R#2300 0x5b7f r=12 nodes 33 pruned 0 leaves 0 (0.3s) | total leaves 0 nonDita 0  615s
R#2301 0x5bda r=10 nodes 1 pruned 0 leaves 0 (1.3s) | total leaves 0 nonDita 0  617s
R#2302 0x5bdb r=11 nodes 1 pruned 0 leaves 0 (1.6s) | total leaves 0 nonDita 0  618s
R#2303 0x5bde r=11 nodes 1 pruned 0 leaves 0 (1.6s) | total leaves 0 nonDita 0  620s
R#2304 0x5bdf r=12 nodes 33 pruned 0 leaves 0 (0.2s) | total leaves 0 nonDita 0  620s
R#2305 0x5bfa r=11 nodes 1 pruned 0 leaves 0 (1.7s) | total leaves 0 nonDita 0  622s
R#2306 0x5bfb r=12 nodes 397 pruned 0 leaves 0 (3.9s) | total leaves 0 nonDita 0  626s
R#2307 0x5bfe r=12 nodes 5 pruned 0 leaves 0 (2.0s) | total leaves 0 nonDita 0  628s
R#2308 0x5bff r=13 nodes 17 pruned 0 leaves 0 (0.3s) | total leaves 0 nonDita 0  628s
R#2309 0x5c50 r=6 nodes 1 pruned 0 leaves 0 (0.0s) | total leaves 0 nonDita 0  628s
R#2310 0x5c51 r=7 nodes 1 pruned 0 leaves 0 (0.1s) | total leaves 0 nonDita 0  628s
R#2311 0x5c52 r=7 nodes 5 pruned 4 leaves 0 (0.1s) | total leaves 0 nonDita 0  628s
R#2312 0x5c53 r=8 nodes 33 pruned 32 leaves 0 (0.1s) | total leaves 0 nonDita 0  628s
R#2313 0x5c54 r=7 nodes 1 pruned 0 leaves 0 (0.1s) | total leaves 0 nonDita 0  628s
R#2314 0x5c55 r=8 nodes 1 pruned 0 leaves 0 (0.1s) | total leaves 0 nonDita 0  628s
R#2315 0x5c56 r=8 nodes 5 pruned 0 leaves 0 (0.2s) | total leaves 0 nonDita 0  629s
R#2316 0x5c57 r=9 nodes 1 pruned 0 leaves 0 (0.1s) | total leaves 0 nonDita 0  629s
R#2317 0x5c58 r=7 nodes 5 pruned 4 leaves 0 (0.1s) | total leaves 0 nonDita 0  629s
R#2318 0x5c59 r=8 nodes 33 pruned 32 leaves 0 (0.1s) | total leaves 0 nonDita 0  629s
R#2319 0x5c5a r=8 nodes 1 pruned 0 leaves 0 (0.1s) | total leaves 0 nonDita 0  629s
R#2320 0x5c5b r=9 nodes 1 pruned 0 leaves 0 (0.1s) | total leaves 0 nonDita 0  629s
R#2321 0x5c5c r=8 nodes 253 pruned 144 leaves 0 (0.3s) | total leaves 0 nonDita 0  629s
R#2322 0x5c5d r=9 nodes 1 pruned 0 leaves 0 (0.0s) | total leaves 0 nonDita 0  629s
R#2323 0x5c5e r=9 nodes 1 pruned 0 leaves 0 (0.0s) | total leaves 0 nonDita 0  629s
R#2324 0x5d05 r=7 nodes 5 pruned 0 leaves 0 (0.0s) | total leaves 0 nonDita 0  629s
R#2325 0x5d07 r=8 nodes 33 pruned 28 leaves 0 (0.1s) | total leaves 0 nonDita 0  629s
R#2326 0x5d0d r=8 nodes 33 pruned 20 leaves 0 (0.0s) | total leaves 0 nonDita 0  630s
R#2327 0x5d0f r=9 nodes 1 pruned 0 leaves 0 (0.1s) | total leaves 0 nonDita 0  630s
R#2328 0x5d15 r=8 nodes 1 pruned 0 leaves 0 (0.1s) | total leaves 0 nonDita 0  630s
R#2329 0x5d17 r=9 nodes 1 pruned 0 leaves 0 (0.0s) | total leaves 0 nonDita 0  630s
R#2330 0x5d1d r=9 nodes 1 pruned 0 leaves 0 (0.0s) | total leaves 0 nonDita 0  630s
R#2331 0x5d2d r=9 nodes 1 pruned 0 leaves 0 (0.0s) | total leaves 0 nonDita 0  630s
R#2332 0x5d45 r=8 nodes 1 pruned 0 leaves 0 (0.0s) | total leaves 0 nonDita 0  630s
R#2333 0x5d47 r=9 nodes 1 pruned 0 leaves 0 (0.0s) | total leaves 0 nonDita 0  630s
R#2334 0x5d4d r=9 nodes 1 pruned 0 leaves 0 (0.0s) | total leaves 0 nonDita 0  630s
R#2335 0x5d50 r=7 nodes 33 pruned 20 leaves 0 (0.0s) | total leaves 0 nonDita 0  630s
R#2336 0x5d51 r=8 nodes 1 pruned 0 leaves 0 (0.0s) | total leaves 0 nonDita 0  630s
R#2337 0x5d52 r=8 nodes 33 pruned 20 leaves 0 (0.1s) | total leaves 0 nonDita 0  630s
R#2338 0x5d53 r=9 nodes 1 pruned 0 leaves 0 (0.0s) | total leaves 0 nonDita 0  630s
R#2339 0x5d54 r=8 nodes 1 pruned 0 leaves 0 (0.1s) | total leaves 0 nonDita 0  630s
R#2340 0x5d55 r=9 nodes 1 pruned 0 leaves 0 (1.9s) | total leaves 0 nonDita 0  632s
R#2341 0x5d56 r=9 nodes 1 pruned 0 leaves 0 (0.0s) | total leaves 0 nonDita 0  632s
R#2342 0x5d57 r=10 nodes 13 pruned 8 leaves 0 (2.6s) | total leaves 0 nonDita 0  635s
R#2343 0x5d58 r=8 nodes 33 pruned 20 leaves 0 (0.1s) | total leaves 0 nonDita 0  635s
R#2344 0x5d59 r=9 nodes 1 pruned 0 leaves 0 (0.0s) | total leaves 0 nonDita 0  635s
R#2345 0x5d5a r=9 nodes 1 pruned 0 leaves 0 (0.0s) | total leaves 0 nonDita 0  635s
R#2346 0x5d5c r=9 nodes 1 pruned 0 leaves 0 (0.0s) | total leaves 0 nonDita 0  635s
R#2347 0x5d5d r=10 nodes 13 pruned 8 leaves 0 (2.5s) | total leaves 0 nonDita 0  637s
R#2348 0x5d5f r=11 nodes 185 pruned 0 leaves 0 (4.3s) | total leaves 0 nonDita 0  642s
R#2349 0x5d75 r=10 nodes 1 pruned 0 leaves 0 (1.3s) | total leaves 0 nonDita 0  643s
R#2350 0x5d77 r=11 nodes 1 pruned 0 leaves 0 (1.2s) | total leaves 0 nonDita 0  644s
R#2351 0x5d7d r=11 nodes 5 pruned 0 leaves 0 (2.6s) | total leaves 0 nonDita 0  647s
R#2352 0x5d7f r=12 nodes 2241 pruned 608 leaves 0 (5.2s) | total leaves 0 nonDita 0  652s
R#2353 0x5d8d r=9 nodes 1 pruned 0 leaves 0 (0.0s) | total leaves 0 nonDita 0  652s
R#2354 0x5dd5 r=10 nodes 1 pruned 0 leaves 0 (1.4s) | total leaves 0 nonDita 0  653s
R#2355 0x5dd7 r=11 nodes 1 pruned 0 leaves 0 (1.3s) | total leaves 0 nonDita 0  655s
R#2356 0x5ddd r=11 nodes 5 pruned 0 leaves 0 (3.1s) | total leaves 0 nonDita 0  658s
R#2357 0x5ddf r=12 nodes 2241 pruned 608 leaves 0 (5.4s) | total leaves 0 nonDita 0  663s
R#2358 0x5df5 r=11 nodes 1 pruned 0 leaves 0 (1.5s) | total leaves 0 nonDita 0  665s
R#2359 0x5df7 r=12 nodes 5 pruned 0 leaves 0 (2.0s) | total leaves 0 nonDita 0  667s
R#2360 0x5dfd r=12 nodes 5 pruned 0 leaves 0 (2.6s) | total leaves 0 nonDita 0  669s
R#2361 0x5dff r=13 nodes 17 pruned 0 leaves 0 (0.2s) | total leaves 0 nonDita 0  669s
R#2362 0x5e0a r=7 nodes 5 pruned 4 leaves 0 (0.0s) | total leaves 0 nonDita 0  669s
R#2363 0x5e0b r=8 nodes 33 pruned 32 leaves 0 (0.0s) | total leaves 0 nonDita 0  669s
R#2364 0x5e0e r=8 nodes 33 pruned 20 leaves 0 (0.1s) | total leaves 0 nonDita 0  670s
R#2365 0x5e0f r=9 nodes 1 pruned 0 leaves 0 (0.0s) | total leaves 0 nonDita 0  670s
R#2366 0x5e15 r=8 nodes 1 pruned 0 leaves 0 (0.0s) | total leaves 0 nonDita 0  670s
R#2367 0x5e1a r=8 nodes 1 pruned 0 leaves 0 (0.0s) | total leaves 0 nonDita 0  670s
R#2368 0x5e1b r=9 nodes 1 pruned 0 leaves 0 (0.0s) | total leaves 0 nonDita 0  670s
R#2369 0x5e1e r=9 nodes 1 pruned 0 leaves 0 (0.0s) | total leaves 0 nonDita 0  670s
R#2370 0x5e45 r=8 nodes 1 pruned 0 leaves 0 (0.0s) | total leaves 0 nonDita 0  670s
R#2371 0x5e4a r=8 nodes 1 pruned 0 leaves 0 (0.0s) | total leaves 0 nonDita 0  670s
R#2372 0x5e4b r=9 nodes 1 pruned 0 leaves 0 (0.0s) | total leaves 0 nonDita 0  670s
R#2373 0x5e4e r=9 nodes 1 pruned 0 leaves 0 (0.0s) | total leaves 0 nonDita 0  670s
R#2374 0x5e50 r=7 nodes 33 pruned 28 leaves 0 (0.1s) | total leaves 0 nonDita 0  670s
R#2375 0x5e51 r=8 nodes 33 pruned 20 leaves 0 (0.1s) | total leaves 0 nonDita 0  670s
R#2376 0x5e52 r=8 nodes 1 pruned 0 leaves 0 (0.0s) | total leaves 0 nonDita 0  670s
R#2377 0x5e53 r=9 nodes 1 pruned 0 leaves 0 (0.0s) | total leaves 0 nonDita 0  670s
R#2378 0x5e54 r=8 nodes 93 pruned 60 leaves 0 (0.2s) | total leaves 0 nonDita 0  670s
R#2379 0x5e55 r=9 nodes 9 pruned 0 leaves 0 (0.1s) | total leaves 0 nonDita 0  670s
R#2380 0x5e56 r=9 nodes 1 pruned 0 leaves 0 (0.0s) | total leaves 0 nonDita 0  670s
R#2381 0x5e58 r=8 nodes 1 pruned 0 leaves 0 (0.0s) | total leaves 0 nonDita 0  670s
R#2382 0x5e59 r=9 nodes 1 pruned 0 leaves 0 (0.0s) | total leaves 0 nonDita 0  671s
R#2383 0x5e5a r=9 nodes 1 pruned 0 leaves 0 (1.8s) | total leaves 0 nonDita 0  672s
R#2384 0x5e5b r=10 nodes 13 pruned 8 leaves 0 (3.1s) | total leaves 0 nonDita 0  675s
R#2385 0x5e5c r=9 nodes 1 pruned 0 leaves 0 (0.1s) | total leaves 0 nonDita 0  675s
R#2386 0x5e5e r=10 nodes 9621 pruned 1032 leaves 0 (14.3s) | total leaves 0 nonDita 0  690s
R#2387 0x5e5f r=11 nodes 185 pruned 0 leaves 0 (4.4s) | total leaves 0 nonDita 0  694s
R#2388 0x5e7a r=10 nodes 1 pruned 0 leaves 0 (1.7s) | total leaves 0 nonDita 0  696s
R#2389 0x5e7b r=11 nodes 1 pruned 0 leaves 0 (1.4s) | total leaves 0 nonDita 0  697s
R#2390 0x5e7e r=11 nodes 1 pruned 0 leaves 0 (1.7s) | total leaves 0 nonDita 0  699s
R#2391 0x5e7f r=12 nodes 17 pruned 0 leaves 0 (0.3s) | total leaves 0 nonDita 0  699s
R#2392 0x5eda r=10 nodes 1 pruned 0 leaves 0 (1.2s) | total leaves 0 nonDita 0  700s
R#2393 0x5edb r=11 nodes 1 pruned 0 leaves 0 (1.9s) | total leaves 0 nonDita 0  702s
R#2394 0x5ede r=11 nodes 1 pruned 0 leaves 0 (1.5s) | total leaves 0 nonDita 0  704s
R#2395 0x5edf r=12 nodes 17 pruned 0 leaves 0 (0.3s) | total leaves 0 nonDita 0  704s
R#2396 0x5efa r=11 nodes 1 pruned 0 leaves 0 (2.3s) | total leaves 0 nonDita 0  706s
R#2397 0x5efb r=12 nodes 5 pruned 0 leaves 0 (2.4s) | total leaves 0 nonDita 0  709s
R#2398 0x5efe r=12 nodes 397 pruned 0 leaves 0 (3.0s) | total leaves 0 nonDita 0  712s
R#2399 0x5eff r=13 nodes 17 pruned 0 leaves 0 (0.3s) | total leaves 0 nonDita 0  712s
R#2400 0x5f00 r=6 nodes 1 pruned 1 leaves 0 (0.0s) | total leaves 0 nonDita 0  712s
R#2401 0x5f05 r=8 nodes 93 pruned 64 leaves 0 (0.1s) | total leaves 0 nonDita 0  712s
R#2402 0x5f07 r=9 nodes 1 pruned 0 leaves 0 (0.0s) | total leaves 0 nonDita 0  712s
R#2403 0x5f0a r=8 nodes 93 pruned 92 leaves 0 (0.1s) | total leaves 0 nonDita 0  712s
R#2404 0x5f0b r=9 nodes 1 pruned 0 leaves 0 (0.0s) | total leaves 0 nonDita 0  712s
R#2405 0x5f0d r=9 nodes 1 pruned 0 leaves 0 (0.0s) | total leaves 0 nonDita 0  712s
R#2406 0x5f0e r=9 nodes 1 pruned 0 leaves 0 (0.1s) | total leaves 0 nonDita 0  713s
R#2407 0x5f0f r=10 nodes 13 pruned 8 leaves 0 (3.2s) | total leaves 0 nonDita 0  716s
R#2408 0x5f11 r=8 nodes 1 pruned 0 leaves 0 (0.0s) | total leaves 0 nonDita 0  716s
R#2409 0x5f14 r=8 nodes 1 pruned 0 leaves 0 (0.0s) | total leaves 0 nonDita 0  716s
R#2410 0x5f15 r=9 nodes 1 pruned 0 leaves 0 (0.0s) | total leaves 0 nonDita 0  716s
R#2411 0x5f1a r=9 nodes 1 pruned 0 leaves 0 (0.0s) | total leaves 0 nonDita 0  716s
R#2412 0x5f1f r=11 nodes 185 pruned 0 leaves 0 (5.9s) | total leaves 0 nonDita 0  722s
R#2413 0x5f2f r=11 nodes 5 pruned 0 leaves 0 (2.8s) | total leaves 0 nonDita 0  725s
R#2414 0x5f3f r=12 nodes 2241 pruned 608 leaves 0 (5.0s) | total leaves 0 nonDita 0  730s
R#2415 0x5f41 r=8 nodes 1 pruned 0 leaves 0 (0.0s) | total leaves 0 nonDita 0  730s
R#2416 0x5f44 r=8 nodes 1 pruned 0 leaves 0 (0.0s) | total leaves 0 nonDita 0  730s
R#2417 0x5f45 r=9 nodes 1 pruned 0 leaves 0 (0.0s) | total leaves 0 nonDita 0  730s
R#2418 0x5f4a r=9 nodes 1 pruned 0 leaves 0 (0.0s) | total leaves 0 nonDita 0  730s
R#2419 0x5f4f r=11 nodes 185 pruned 0 leaves 0 (4.2s) | total leaves 0 nonDita 0  734s
R#2420 0x5f50 r=8 nodes 33 pruned 20 leaves 0 (0.1s) | total leaves 0 nonDita 0  734s
R#2421 0x5f51 r=9 nodes 9 pruned 0 leaves 0 (0.0s) | total leaves 0 nonDita 0  734s
R#2422 0x5f52 r=9 nodes 1 pruned 0 leaves 0 (0.0s) | total leaves 0 nonDita 0  734s
R#2423 0x5f54 r=9 nodes 9 pruned 0 leaves 0 (0.0s) | total leaves 0 nonDita 0  734s
R#2424 0x5f55 r=10 nodes 9621 pruned 1032 leaves 0 (14.7s) | total leaves 0 nonDita 0  749s
R#2425 0x5f57 r=11 nodes 9 pruned 0 leaves 0 (3.3s) | total leaves 0 nonDita 0  752s
R#2426 0x5f58 r=9 nodes 1 pruned 0 leaves 0 (0.1s) | total leaves 0 nonDita 0  752s
R#2427 0x5f5a r=10 nodes 9621 pruned 1032 leaves 0 (15.3s) | total leaves 0 nonDita 0  768s
R#2428 0x5f5b r=11 nodes 185 pruned 0 leaves 0 (4.6s) | total leaves 0 nonDita 0  772s
R#2429 0x5f5d r=11 nodes 9 pruned 0 leaves 0 (3.3s) | total leaves 0 nonDita 0  776s
R#2430 0x5f5e r=11 nodes 185 pruned 0 leaves 0 (4.5s) | total leaves 0 nonDita 0  780s
R#2431 0x5f5f r=12 nodes 286313 pruned 18592 leaves 0 (578.9s) | total leaves 0 nonDita 0  1359s
R#2432 0x5f6f r=12 nodes 2241 pruned 608 leaves 0 (6.6s) | total leaves 0 nonDita 0  1366s
R#2433 0x5f75 r=11 nodes 1 pruned 0 leaves 0 (1.9s) | total leaves 0 nonDita 0  1368s
R#2434 0x5f77 r=12 nodes 2241 pruned 608 leaves 0 (6.5s) | total leaves 0 nonDita 0  1374s
R#2435 0x5f7a r=11 nodes 1 pruned 0 leaves 0 (1.7s) | total leaves 0 nonDita 0  1376s
R#2436 0x5f7b r=12 nodes 17 pruned 0 leaves 0 (0.2s) | total leaves 0 nonDita 0  1376s
R#2437 0x5f7d r=12 nodes 2241 pruned 608 leaves 0 (5.3s) | total leaves 0 nonDita 0  1381s
R#2438 0x5f7e r=12 nodes 17 pruned 0 leaves 0 (0.3s) | total leaves 0 nonDita 0  1382s
R#2439 0x5f7f r=13 nodes 22673 pruned 0 leaves 0 (271.5s) | total leaves 0 nonDita 0  1653s
R#2440 0x5f8f r=11 nodes 5 pruned 0 leaves 0 (2.8s) | total leaves 0 nonDita 0  1656s
R#2441 0x5f9f r=12 nodes 2241 pruned 608 leaves 0 (6.6s) | total leaves 0 nonDita 0  1662s
R#2442 0x5fa0 r=8 nodes 1 pruned 1 leaves 0 (0.0s) | total leaves 0 nonDita 0  1662s
R#2443 0x5faf r=12 nodes 3361 pruned 544 leaves 0 (26.9s) | total leaves 0 nonDita 0  1689s
R#2444 0x5fbf r=13 nodes 2977 pruned 48 leaves 0 (40.5s) | total leaves 0 nonDita 0  1730s
R#2445 0x5fcf r=12 nodes 2241 pruned 608 leaves 0 (5.9s) | total leaves 0 nonDita 0  1736s
R#2446 0x5fd5 r=11 nodes 1 pruned 0 leaves 0 (2.1s) | total leaves 0 nonDita 0  1738s
R#2447 0x5fd7 r=12 nodes 2241 pruned 608 leaves 0 (6.9s) | total leaves 0 nonDita 0  1745s
R#2448 0x5fda r=11 nodes 1 pruned 0 leaves 0 (2.2s) | total leaves 0 nonDita 0  1747s
R#2449 0x5fdb r=12 nodes 17 pruned 0 leaves 0 (0.3s) | total leaves 0 nonDita 0  1747s
R#2450 0x5fdd r=12 nodes 2241 pruned 608 leaves 0 (7.3s) | total leaves 0 nonDita 0  1754s
R#2451 0x5fde r=12 nodes 17 pruned 0 leaves 0 (0.4s) | total leaves 0 nonDita 0  1755s
R#2452 0x5fdf r=13 nodes 22673 pruned 0 leaves 0 (281.9s) | total leaves 0 nonDita 0  2037s
R#2453 0x5fef r=13 nodes 2977 pruned 48 leaves 0 (42.5s) | total leaves 0 nonDita 0  2079s
R#2454 0x5ff5 r=12 nodes 397 pruned 0 leaves 0 (3.1s) | total leaves 0 nonDita 0  2082s
R#2455 0x5ff7 r=13 nodes 1 pruned 0 leaves 0 (0.2s) | total leaves 0 nonDita 0  2082s
R#2456 0x5ffa r=12 nodes 397 pruned 0 leaves 0 (3.1s) | total leaves 0 nonDita 0  2086s
R#2457 0x5ffb r=13 nodes 17 pruned 0 leaves 0 (0.3s) | total leaves 0 nonDita 0  2086s
R#2458 0x5ffd r=13 nodes 1 pruned 0 leaves 0 (0.3s) | total leaves 0 nonDita 0  2086s
R#2459 0x5ffe r=13 nodes 17 pruned 0 leaves 0 (0.3s) | total leaves 0 nonDita 0  2086s
R#2460 0x6000 r=2 nodes 0 pruned 0 leaves 0 (0.0s) | total leaves 0 nonDita 0  2086s
R#2461 0x6010 r=3 nodes 0 pruned 0 leaves 0 (0.0s) | total leaves 0 nonDita 0  2086s
R#2462 0x6020 r=3 nodes 0 pruned 0 leaves 0 (0.0s) | total leaves 0 nonDita 0  2086s
R#2463 0x6030 r=4 nodes 1 pruned 1 leaves 0 (0.0s) | total leaves 0 nonDita 0  2086s
R#2464 0x6040 r=3 nodes 0 pruned 0 leaves 0 (0.0s) | total leaves 0 nonDita 0  2086s
R#2465 0x6050 r=4 nodes 1 pruned 1 leaves 0 (0.0s) | total leaves 0 nonDita 0  2086s
R#2466 0x6060 r=4 nodes 1 pruned 1 leaves 0 (0.0s) | total leaves 0 nonDita 0  2086s
R#2467 0x6080 r=3 nodes 0 pruned 0 leaves 0 (0.0s) | total leaves 0 nonDita 0  2086s
R#2468 0x6090 r=4 nodes 1 pruned 1 leaves 0 (0.0s) | total leaves 0 nonDita 0  2086s
R#2469 0x60a0 r=4 nodes 1 pruned 1 leaves 0 (0.0s) | total leaves 0 nonDita 0  2086s
R#2470 0x60c0 r=4 nodes 1 pruned 1 leaves 0 (0.0s) | total leaves 0 nonDita 0  2086s
R#2471 0x60f0 r=6 nodes 1 pruned 1 leaves 0 (0.0s) | total leaves 0 nonDita 0  2086s
R#2472 0x6141 r=5 nodes 0 pruned 0 leaves 0 (0.0s) | total leaves 0 nonDita 0  2087s
R#2473 0x6151 r=6 nodes 1 pruned 0 leaves 0 (0.0s) | total leaves 0 nonDita 0  2087s
R#2474 0x6161 r=6 nodes 1 pruned 1 leaves 0 (0.0s) | total leaves 0 nonDita 0  2087s
R#2475 0x61c1 r=6 nodes 1 pruned 1 leaves 0 (0.0s) | total leaves 0 nonDita 0  2087s
R#2476 0x61f1 r=8 nodes 1 pruned 0 leaves 0 (0.0s) | total leaves 0 nonDita 0  2087s
R#2477 0x6222 r=5 nodes 0 pruned 0 leaves 0 (0.0s) | total leaves 0 nonDita 0  2087s
R#2478 0x6232 r=6 nodes 1 pruned 1 leaves 0 (0.0s) | total leaves 0 nonDita 0  2087s
R#2479 0x6262 r=6 nodes 1 pruned 1 leaves 0 (0.0s) | total leaves 0 nonDita 0  2087s
R#2480 0x62a2 r=6 nodes 1 pruned 0 leaves 0 (0.0s) | total leaves 0 nonDita 0  2087s
R#2481 0x62f2 r=8 nodes 1 pruned 0 leaves 0 (0.0s) | total leaves 0 nonDita 0  2087s
R#2482 0x6363 r=8 nodes 1 pruned 1 leaves 0 (0.0s) | total leaves 0 nonDita 0  2087s
R#2483 0x6444 r=5 nodes 0 pruned 0 leaves 0 (0.0s) | total leaves 0 nonDita 0  2087s
R#2484 0x6454 r=6 nodes 1 pruned 0 leaves 0 (0.0s) | total leaves 0 nonDita 0  2087s
R#2485 0x6464 r=6 nodes 1 pruned 1 leaves 0 (0.0s) | total leaves 0 nonDita 0  2087s
R#2486 0x64c4 r=6 nodes 1 pruned 1 leaves 0 (0.0s) | total leaves 0 nonDita 0  2087s
R#2487 0x64f4 r=8 nodes 1 pruned 0 leaves 0 (0.0s) | total leaves 0 nonDita 0  2087s
R#2488 0x6505 r=6 nodes 1 pruned 0 leaves 0 (0.1s) | total leaves 0 nonDita 0  2087s
R#2489 0x6515 r=7 nodes 1 pruned 0 leaves 0 (0.1s) | total leaves 0 nonDita 0  2087s
R#2490 0x6525 r=7 nodes 5 pruned 4 leaves 0 (0.1s) | total leaves 0 nonDita 0  2087s
R#2491 0x6535 r=8 nodes 33 pruned 32 leaves 0 (0.1s) | total leaves 0 nonDita 0  2087s
R#2492 0x6545 r=7 nodes 1 pruned 0 leaves 0 (0.1s) | total leaves 0 nonDita 0  2087s
R#2493 0x6555 r=8 nodes 1 pruned 0 leaves 0 (0.1s) | total leaves 0 nonDita 0  2087s
R#2494 0x6565 r=8 nodes 93 pruned 92 leaves 0 (0.2s) | total leaves 0 nonDita 0  2088s
R#2495 0x6575 r=9 nodes 1 pruned 0 leaves 0 (0.0s) | total leaves 0 nonDita 0  2088s
R#2496 0x6585 r=7 nodes 5 pruned 4 leaves 0 (0.1s) | total leaves 0 nonDita 0  2088s
R#2497 0x6595 r=8 nodes 33 pruned 32 leaves 0 (0.1s) | total leaves 0 nonDita 0  2088s
R#2498 0x65a5 r=8 nodes 1 pruned 0 leaves 0 (0.0s) | total leaves 0 nonDita 0  2088s
R#2499 0x65b5 r=9 nodes 1 pruned 0 leaves 0 (0.0s) | total leaves 0 nonDita 0  2088s
R#2500 0x65c5 r=8 nodes 93 pruned 92 leaves 0 (0.2s) | total leaves 0 nonDita 0  2088s
R#2501 0x65d5 r=9 nodes 1 pruned 0 leaves 0 (0.0s) | total leaves 0 nonDita 0  2088s
R#2502 0x65e5 r=9 nodes 1 pruned 0 leaves 0 (0.0s) | total leaves 0 nonDita 0  2088s
R#2503 0x6666 r=8 nodes 1 pruned 1 leaves 0 (0.0s) | total leaves 0 nonDita 0  2088s
R#2504 0x6828 r=5 nodes 0 pruned 0 leaves 0 (0.0s) | total leaves 0 nonDita 0  2088s
R#2505 0x6838 r=6 nodes 1 pruned 1 leaves 0 (0.0s) | total leaves 0 nonDita 0  2088s
R#2506 0x6868 r=6 nodes 1 pruned 1 leaves 0 (0.0s) | total leaves 0 nonDita 0  2088s
R#2507 0x68a8 r=6 nodes 1 pruned 0 leaves 0 (0.0s) | total leaves 0 nonDita 0  2088s
R#2508 0x68f8 r=8 nodes 1 pruned 0 leaves 0 (0.0s) | total leaves 0 nonDita 0  2088s
R#2509 0x6969 r=8 nodes 1 pruned 1 leaves 0 (0.0s) | total leaves 0 nonDita 0  2088s
R#2510 0x6a0a r=6 nodes 1 pruned 0 leaves 0 (0.0s) | total leaves 0 nonDita 0  2088s
R#2511 0x6a1a r=7 nodes 5 pruned 4 leaves 0 (0.1s) | total leaves 0 nonDita 0  2089s
R#2512 0x6a2a r=7 nodes 1 pruned 0 leaves 0 (0.1s) | total leaves 0 nonDita 0  2089s
R#2513 0x6a3a r=8 nodes 93 pruned 92 leaves 0 (0.2s) | total leaves 0 nonDita 0  2089s
R#2514 0x6a4a r=7 nodes 5 pruned 4 leaves 0 (0.1s) | total leaves 0 nonDita 0  2089s
R#2515 0x6a5a r=8 nodes 1 pruned 0 leaves 0 (0.1s) | total leaves 0 nonDita 0  2089s
R#2516 0x6a6a r=8 nodes 93 pruned 92 leaves 0 (0.2s) | total leaves 0 nonDita 0  2089s
R#2517 0x6a7a r=9 nodes 1 pruned 0 leaves 0 (0.0s) | total leaves 0 nonDita 0  2089s
R#2518 0x6a8a r=7 nodes 1 pruned 0 leaves 0 (0.1s) | total leaves 0 nonDita 0  2089s
R#2519 0x6a9a r=8 nodes 33 pruned 32 leaves 0 (0.1s) | total leaves 0 nonDita 0  2089s
R#2520 0x6aaa r=8 nodes 1 pruned 0 leaves 0 (0.1s) | total leaves 0 nonDita 0  2089s
R#2521 0x6aba r=9 nodes 1 pruned 0 leaves 0 (0.0s) | total leaves 0 nonDita 0  2089s
R#2522 0x6aca r=8 nodes 33 pruned 32 leaves 0 (0.1s) | total leaves 0 nonDita 0  2090s
R#2523 0x6ada r=9 nodes 1 pruned 0 leaves 0 (0.0s) | total leaves 0 nonDita 0  2090s
R#2524 0x6aea r=9 nodes 1 pruned 0 leaves 0 (0.0s) | total leaves 0 nonDita 0  2090s
R#2525 0x6c6c r=8 nodes 1 pruned 1 leaves 0 (0.0s) | total leaves 0 nonDita 0  2090s
R#2526 0x6f0f r=10 nodes 1 pruned 0 leaves 0 (1.7s) | total leaves 0 nonDita 0  2091s
R#2527 0x6f1f r=11 nodes 1 pruned 0 leaves 0 (1.8s) | total leaves 0 nonDita 0  2093s
R#2528 0x6f2f r=11 nodes 1 pruned 0 leaves 0 (2.1s) | total leaves 0 nonDita 0  2095s
R#2529 0x6f3f r=12 nodes 5 pruned 0 leaves 0 (2.7s) | total leaves 0 nonDita 0  2098s
R#2530 0x6f4f r=11 nodes 1 pruned 0 leaves 0 (1.7s) | total leaves 0 nonDita 0  2100s
R#2531 0x6f5f r=12 nodes 2241 pruned 608 leaves 0 (6.2s) | total leaves 0 nonDita 0  2106s
R#2532 0x6f6f r=12 nodes 397 pruned 0 leaves 0 (2.6s) | total leaves 0 nonDita 0  2108s
R#2533 0x6f7f r=13 nodes 1 pruned 0 leaves 0 (0.3s) | total leaves 0 nonDita 0  2109s
R#2534 0x6f8f r=11 nodes 1 pruned 0 leaves 0 (1.6s) | total leaves 0 nonDita 0  2110s
R#2535 0x6f9f r=12 nodes 5 pruned 0 leaves 0 (2.3s) | total leaves 0 nonDita 0  2113s
R#2536 0x6faf r=12 nodes 2241 pruned 608 leaves 0 (6.8s) | total leaves 0 nonDita 0  2119s
R#2537 0x6fbf r=13 nodes 33 pruned 0 leaves 0 (0.2s) | total leaves 0 nonDita 0  2120s
R#2538 0x6fcf r=12 nodes 397 pruned 0 leaves 0 (3.4s) | total leaves 0 nonDita 0  2123s
R#2539 0x6fdf r=13 nodes 33 pruned 0 leaves 0 (0.4s) | total leaves 0 nonDita 0  2123s
R#2540 0x6fef r=13 nodes 17 pruned 0 leaves 0 (0.3s) | total leaves 0 nonDita 0  2124s
R#2541 0x7000 r=3 nodes 1 pruned 1 leaves 0 (0.0s) | total leaves 0 nonDita 0  2124s
R#2542 0x7010 r=4 nodes 1 pruned 1 leaves 0 (0.0s) | total leaves 0 nonDita 0  2124s
R#2543 0x7020 r=4 nodes 1 pruned 1 leaves 0 (0.0s) | total leaves 0 nonDita 0  2124s
R#2544 0x7040 r=4 nodes 1 pruned 1 leaves 0 (0.0s) | total leaves 0 nonDita 0  2124s
R#2545 0x7050 r=5 nodes 1 pruned 1 leaves 0 (0.0s) | total leaves 0 nonDita 0  2124s
R#2546 0x7051 r=6 nodes 1 pruned 0 leaves 0 (0.0s) | total leaves 0 nonDita 0  2124s
R#2547 0x7052 r=6 nodes 1 pruned 0 leaves 0 (0.1s) | total leaves 0 nonDita 0  2124s
R#2548 0x7054 r=6 nodes 1 pruned 0 leaves 0 (0.0s) | total leaves 0 nonDita 0  2124s
R#2549 0x7055 r=7 nodes 5 pruned 0 leaves 0 (0.1s) | total leaves 0 nonDita 0  2124s
R#2550 0x7058 r=6 nodes 1 pruned 0 leaves 0 (0.0s) | total leaves 0 nonDita 0  2124s
R#2551 0x705a r=7 nodes 5 pruned 4 leaves 0 (0.1s) | total leaves 0 nonDita 0  2124s
R#2552 0x7070 r=6 nodes 1 pruned 1 leaves 0 (0.1s) | total leaves 0 nonDita 0  2124s
R#2553 0x7071 r=7 nodes 1 pruned 0 leaves 0 (0.0s) | total leaves 0 nonDita 0  2124s
R#2554 0x7072 r=7 nodes 33 pruned 20 leaves 0 (0.0s) | total leaves 0 nonDita 0  2124s
R#2555 0x7074 r=7 nodes 1 pruned 0 leaves 0 (0.0s) | total leaves 0 nonDita 0  2124s
R#2556 0x7075 r=8 nodes 33 pruned 20 leaves 0 (0.1s) | total leaves 0 nonDita 0  2124s
R#2557 0x7077 r=9 nodes 1 pruned 0 leaves 0 (0.0s) | total leaves 0 nonDita 0  2124s
R#2558 0x7078 r=7 nodes 33 pruned 20 leaves 0 (0.0s) | total leaves 0 nonDita 0  2124s
R#2559 0x707a r=8 nodes 33 pruned 20 leaves 0 (0.1s) | total leaves 0 nonDita 0  2125s
R#2560 0x707d r=9 nodes 1 pruned 0 leaves 0 (0.1s) | total leaves 0 nonDita 0  2125s
R#2561 0x7080 r=4 nodes 1 pruned 1 leaves 0 (0.0s) | total leaves 0 nonDita 0  2125s
R#2562 0x70a0 r=5 nodes 1 pruned 1 leaves 0 (0.0s) | total leaves 0 nonDita 0  2125s
R#2563 0x70a2 r=6 nodes 1 pruned 0 leaves 0 (0.0s) | total leaves 0 nonDita 0  2125s
R#2564 0x70a8 r=6 nodes 1 pruned 0 leaves 0 (0.0s) | total leaves 0 nonDita 0  2125s
R#2565 0x70b0 r=6 nodes 1 pruned 1 leaves 0 (0.0s) | total leaves 0 nonDita 0  2125s
R#2566 0x70d0 r=6 nodes 1 pruned 1 leaves 0 (0.0s) | total leaves 0 nonDita 0  2125s
R#2567 0x70d1 r=7 nodes 1 pruned 0 leaves 0 (0.1s) | total leaves 0 nonDita 0  2125s
R#2568 0x70d2 r=7 nodes 1 pruned 0 leaves 0 (0.1s) | total leaves 0 nonDita 0  2125s
R#2569 0x70d4 r=7 nodes 1 pruned 0 leaves 0 (0.1s) | total leaves 0 nonDita 0  2125s
R#2570 0x70d5 r=8 nodes 33 pruned 28 leaves 0 (0.1s) | total leaves 0 nonDita 0  2125s
R#2571 0x70d8 r=7 nodes 1 pruned 0 leaves 0 (0.0s) | total leaves 0 nonDita 0  2125s
R#2572 0x70da r=8 nodes 33 pruned 32 leaves 0 (0.1s) | total leaves 0 nonDita 0  2125s
R#2573 0x70e0 r=6 nodes 1 pruned 1 leaves 0 (0.0s) | total leaves 0 nonDita 0  2125s
R#2574 0x70f0 r=7 nodes 1 pruned 1 leaves 0 (0.1s) | total leaves 0 nonDita 0  2125s
R#2575 0x70f1 r=8 nodes 1 pruned 0 leaves 0 (0.0s) | total leaves 0 nonDita 0  2125s
R#2576 0x70f2 r=8 nodes 1 pruned 0 leaves 0 (0.0s) | total leaves 0 nonDita 0  2125s
R#2577 0x70f4 r=8 nodes 1 pruned 0 leaves 0 (0.0s) | total leaves 0 nonDita 0  2125s
R#2578 0x70f5 r=9 nodes 1 pruned 0 leaves 0 (0.0s) | total leaves 0 nonDita 0  2125s
R#2579 0x70f8 r=8 nodes 1 pruned 0 leaves 0 (0.0s) | total leaves 0 nonDita 0  2125s
R#2580 0x70fa r=9 nodes 1 pruned 0 leaves 0 (0.0s) | total leaves 0 nonDita 0  2126s
R#2581 0x7111 r=6 nodes 1 pruned 0 leaves 0 (0.0s) | total leaves 0 nonDita 0  2126s
R#2582 0x7141 r=6 nodes 1 pruned 0 leaves 0 (0.0s) | total leaves 0 nonDita 0  2126s
R#2583 0x7150 r=6 nodes 1 pruned 0 leaves 0 (0.0s) | total leaves 0 nonDita 0  2126s
R#2584 0x7151 r=7 nodes 1 pruned 0 leaves 0 (0.1s) | total leaves 0 nonDita 0  2126s
R#2585 0x7154 r=7 nodes 5 pruned 4 leaves 0 (0.1s) | total leaves 0 nonDita 0  2126s
R#2586 0x7155 r=8 nodes 1 pruned 0 leaves 0 (0.0s) | total leaves 0 nonDita 0  2126s
R#2587 0x7170 r=7 nodes 5 pruned 0 leaves 0 (0.1s) | total leaves 0 nonDita 0  2126s
R#2588 0x7171 r=8 nodes 253 pruned 208 leaves 0 (0.6s) | total leaves 0 nonDita 0  2126s
R#2589 0x7174 r=8 nodes 33 pruned 28 leaves 0 (0.1s) | total leaves 0 nonDita 0  2127s
R#2590 0x7175 r=9 nodes 1 pruned 0 leaves 0 (0.1s) | total leaves 0 nonDita 0  2127s
R#2591 0x71b1 r=8 nodes 1 pruned 0 leaves 0 (0.0s) | total leaves 0 nonDita 0  2127s
R#2592 0x71d0 r=7 nodes 5 pruned 4 leaves 0 (0.1s) | total leaves 0 nonDita 0  2127s
R#2593 0x71d1 r=8 nodes 93 pruned 88 leaves 0 (0.2s) | total leaves 0 nonDita 0  2127s
R#2594 0x71d4 r=8 nodes 33 pruned 28 leaves 0 (0.1s) | total leaves 0 nonDita 0  2127s
R#2595 0x71d5 r=9 nodes 1 pruned 0 leaves 0 (0.1s) | total leaves 0 nonDita 0  2127s
R#2596 0x71e1 r=8 nodes 1 pruned 0 leaves 0 (0.0s) | total leaves 0 nonDita 0  2127s
R#2597 0x71f0 r=8 nodes 1 pruned 0 leaves 0 (0.0s) | total leaves 0 nonDita 0  2127s
R#2598 0x71f1 r=9 nodes 1 pruned 0 leaves 0 (0.1s) | total leaves 0 nonDita 0  2127s
R#2599 0x71f4 r=9 nodes 1 pruned 0 leaves 0 (0.1s) | total leaves 0 nonDita 0  2127s
R#2600 0x7222 r=6 nodes 5 pruned 4 leaves 0 (0.0s) | total leaves 0 nonDita 0  2127s
R#2601 0x7250 r=6 nodes 1 pruned 0 leaves 0 (0.1s) | total leaves 0 nonDita 0  2127s
R#2602 0x7252 r=7 nodes 33 pruned 28 leaves 0 (0.1s) | total leaves 0 nonDita 0  2128s
R#2603 0x7258 r=7 nodes 5 pruned 4 leaves 0 (0.1s) | total leaves 0 nonDita 0  2128s
R#2604 0x725a r=8 nodes 1 pruned 0 leaves 0 (0.0s) | total leaves 0 nonDita 0  2128s
R#2605 0x7270 r=7 nodes 33 pruned 20 leaves 0 (0.1s) | total leaves 0 nonDita 0  2128s
R#2606 0x7272 r=8 nodes 33 pruned 20 leaves 0 (0.2s) | total leaves 0 nonDita 0  2128s
R#2607 0x7275 r=9 nodes 1 pruned 0 leaves 0 (0.0s) | total leaves 0 nonDita 0  2128s
R#2608 0x7278 r=8 nodes 33 pruned 20 leaves 0 (0.1s) | total leaves 0 nonDita 0  2128s
R#2609 0x727a r=9 nodes 1 pruned 0 leaves 0 (0.1s) | total leaves 0 nonDita 0  2128s
R#2610 0x72a0 r=6 nodes 1 pruned 0 leaves 0 (0.0s) | total leaves 0 nonDita 0  2128s
R#2611 0x72a2 r=7 nodes 33 pruned 0 leaves 0 (0.1s) | total leaves 0 nonDita 0  2128s
R#2612 0x72aa r=8 nodes 1 pruned 0 leaves 0 (0.0s) | total leaves 0 nonDita 0  2128s
R#2613 0x72b2 r=8 nodes 1 pruned 0 leaves 0 (0.0s) | total leaves 0 nonDita 0  2128s
R#2614 0x72d0 r=7 nodes 1 pruned 0 leaves 0 (0.1s) | total leaves 0 nonDita 0  2128s
R#2615 0x72d2 r=8 nodes 33 pruned 20 leaves 0 (0.1s) | total leaves 0 nonDita 0  2129s
R#2616 0x72d8 r=8 nodes 33 pruned 32 leaves 0 (0.1s) | total leaves 0 nonDita 0  2129s
R#2617 0x72da r=9 nodes 1 pruned 0 leaves 0 (0.0s) | total leaves 0 nonDita 0  2129s
R#2618 0x72e2 r=8 nodes 1 pruned 0 leaves 0 (0.0s) | total leaves 0 nonDita 0  2129s
R#2619 0x72f0 r=8 nodes 1 pruned 0 leaves 0 (0.1s) | total leaves 0 nonDita 0  2129s
R#2620 0x72f2 r=9 nodes 9 pruned 0 leaves 0 (0.1s) | total leaves 0 nonDita 0  2129s
R#2621 0x72f8 r=9 nodes 1 pruned 0 leaves 0 (0.0s) | total leaves 0 nonDita 0  2129s
R#2622 0x7414 r=6 nodes 1 pruned 0 leaves 0 (0.0s) | total leaves 0 nonDita 0  2129s
R#2623 0x7444 r=6 nodes 1 pruned 0 leaves 0 (0.0s) | total leaves 0 nonDita 0  2129s
R#2624 0x7450 r=6 nodes 1 pruned 0 leaves 0 (0.0s) | total leaves 0 nonDita 0  2129s
R#2625 0x7451 r=7 nodes 5 pruned 4 leaves 0 (0.1s) | total leaves 0 nonDita 0  2129s
R#2626 0x7454 r=7 nodes 1 pruned 0 leaves 0 (0.1s) | total leaves 0 nonDita 0  2129s
R#2627 0x7455 r=8 nodes 1 pruned 0 leaves 0 (0.0s) | total leaves 0 nonDita 0  2129s
R#2628 0x7470 r=7 nodes 5 pruned 0 leaves 0 (0.1s) | total leaves 0 nonDita 0  2129s
R#2629 0x7471 r=8 nodes 33 pruned 28 leaves 0 (0.1s) | total leaves 0 nonDita 0  2129s
R#2630 0x7474 r=8 nodes 253 pruned 208 leaves 0 (0.5s) | total leaves 0 nonDita 0  2130s
R#2631 0x7475 r=9 nodes 1 pruned 0 leaves 0 (0.1s) | total leaves 0 nonDita 0  2130s
R#2632 0x74b4 r=8 nodes 1 pruned 0 leaves 0 (0.0s) | total leaves 0 nonDita 0  2130s
R#2633 0x74d0 r=7 nodes 5 pruned 4 leaves 0 (0.1s) | total leaves 0 nonDita 0  2130s
R#2634 0x74d1 r=8 nodes 33 pruned 28 leaves 0 (0.1s) | total leaves 0 nonDita 0  2130s
R#2635 0x74d4 r=8 nodes 93 pruned 88 leaves 0 (0.3s) | total leaves 0 nonDita 0  2130s
R#2636 0x74d5 r=9 nodes 1 pruned 0 leaves 0 (0.0s) | total leaves 0 nonDita 0  2131s
R#2637 0x74e4 r=8 nodes 1 pruned 0 leaves 0 (0.0s) | total leaves 0 nonDita 0  2131s
R#2638 0x74f0 r=8 nodes 1 pruned 0 leaves 0 (0.0s) | total leaves 0 nonDita 0  2131s
R#2639 0x74f1 r=9 nodes 1 pruned 0 leaves 0 (0.0s) | total leaves 0 nonDita 0  2131s
R#2640 0x74f4 r=9 nodes 1 pruned 0 leaves 0 (0.1s) | total leaves 0 nonDita 0  2131s
R#2641 0x7505 r=7 nodes 33 pruned 20 leaves 0 (0.1s) | total leaves 0 nonDita 0  2131s
R#2642 0x7515 r=8 nodes 1 pruned 0 leaves 0 (0.1s) | total leaves 0 nonDita 0  2131s
R#2643 0x7525 r=8 nodes 33 pruned 20 leaves 0 (0.1s) | total leaves 0 nonDita 0  2131s
R#2644 0x7535 r=9 nodes 1 pruned 0 leaves 0 (0.0s) | total leaves 0 nonDita 0  2131s
R#2645 0x7545 r=8 nodes 1 pruned 0 leaves 0 (0.1s) | total leaves 0 nonDita 0  2131s
R#2646 0x7550 r=7 nodes 5 pruned 0 leaves 0 (0.1s) | total leaves 0 nonDita 0  2131s
R#2647 0x7551 r=8 nodes 1 pruned 0 leaves 0 (0.1s) | total leaves 0 nonDita 0  2131s
R#2648 0x7554 r=8 nodes 1 pruned 0 leaves 0 (0.1s) | total leaves 0 nonDita 0  2131s
R#2649 0x7555 r=9 nodes 1 pruned 0 leaves 0 (2.4s) | total leaves 0 nonDita 0  2134s
R#2650 0x7557 r=10 nodes 1 pruned 0 leaves 0 (1.9s) | total leaves 0 nonDita 0  2136s
R#2651 0x755d r=10 nodes 1 pruned 0 leaves 0 (1.2s) | total leaves 0 nonDita 0  2137s
R#2652 0x755f r=11 nodes 1 pruned 0 leaves 0 (1.6s) | total leaves 0 nonDita 0  2138s
R#2653 0x7565 r=9 nodes 1 pruned 0 leaves 0 (0.0s) | total leaves 0 nonDita 0  2138s
R#2654 0x7570 r=8 nodes 33 pruned 20 leaves 0 (0.1s) | total leaves 0 nonDita 0  2139s
R#2655 0x7571 r=9 nodes 1 pruned 0 leaves 0 (0.0s) | total leaves 0 nonDita 0  2139s
R#2656 0x7572 r=9 nodes 1 pruned 0 leaves 0 (0.0s) | total leaves 0 nonDita 0  2139s
R#2657 0x7574 r=9 nodes 1 pruned 0 leaves 0 (0.0s) | total leaves 0 nonDita 0  2139s
R#2658 0x7575 r=10 nodes 13 pruned 8 leaves 0 (3.8s) | total leaves 0 nonDita 0  2142s
R#2659 0x7577 r=11 nodes 5 pruned 0 leaves 0 (3.8s) | total leaves 0 nonDita 0  2146s
R#2660 0x7578 r=9 nodes 1 pruned 0 leaves 0 (0.0s) | total leaves 0 nonDita 0  2146s
R#2661 0x757d r=11 nodes 5 pruned 0 leaves 0 (3.1s) | total leaves 0 nonDita 0  2149s
R#2662 0x757f r=12 nodes 5 pruned 0 leaves 0 (3.2s) | total leaves 0 nonDita 0  2153s
R#2663 0x7585 r=8 nodes 33 pruned 20 leaves 0 (0.1s) | total leaves 0 nonDita 0  2153s
R#2664 0x7595 r=9 nodes 1 pruned 0 leaves 0 (0.0s) | total leaves 0 nonDita 0  2153s
R#2665 0x75a5 r=9 nodes 1 pruned 0 leaves 0 (0.0s) | total leaves 0 nonDita 0  2153s
R#2666 0x75c5 r=9 nodes 1 pruned 0 leaves 0 (0.0s) | total leaves 0 nonDita 0  2153s
R#2667 0x75d0 r=8 nodes 33 pruned 28 leaves 0 (0.1s) | total leaves 0 nonDita 0  2153s
R#2668 0x75d1 r=9 nodes 1 pruned 0 leaves 0 (0.0s) | total leaves 0 nonDita 0  2153s
R#2669 0x75d4 r=9 nodes 1 pruned 0 leaves 0 (0.1s) | total leaves 0 nonDita 0  2153s
R#2670 0x75d5 r=10 nodes 13 pruned 8 leaves 0 (3.7s) | total leaves 0 nonDita 0  2157s
R#2671 0x75d7 r=11 nodes 1 pruned 0 leaves 0 (1.7s) | total leaves 0 nonDita 0  2158s
R#2672 0x75dd r=11 nodes 1 pruned 0 leaves 0 (1.7s) | total leaves 0 nonDita 0  2160s
R#2673 0x75df r=12 nodes 397 pruned 0 leaves 0 (3.0s) | total leaves 0 nonDita 0  2163s
R#2674 0x75f0 r=9 nodes 1 pruned 0 leaves 0 (0.0s) | total leaves 0 nonDita 0  2163s
R#2675 0x75f5 r=11 nodes 185 pruned 0 leaves 0 (4.8s) | total leaves 0 nonDita 0  2168s
R#2676 0x75f7 r=12 nodes 2241 pruned 608 leaves 0 (6.7s) | total leaves 0 nonDita 0  2175s
R#2677 0x75fd r=12 nodes 2241 pruned 608 leaves 0 (5.6s) | total leaves 0 nonDita 0  2180s
R#2678 0x75ff r=13 nodes 17 pruned 0 leaves 0 (0.4s) | total leaves 0 nonDita 0  2181s
R#2679 0x7707 r=9 nodes 1 pruned 0 leaves 0 (0.1s) | total leaves 0 nonDita 0  2181s
R#2680 0x7755 r=10 nodes 1 pruned 0 leaves 0 (2.2s) | total leaves 0 nonDita 0  2183s
R#2681 0x7757 r=11 nodes 5 pruned 0 leaves 0 (3.0s) | total leaves 0 nonDita 0  2186s
R#2682 0x775d r=11 nodes 1 pruned 0 leaves 0 (2.0s) | total leaves 0 nonDita 0  2188s
R#2683 0x775f r=12 nodes 2241 pruned 608 leaves 0 (6.5s) | total leaves 0 nonDita 0  2194s
R#2684 0x7770 r=9 nodes 1 pruned 0 leaves 0 (0.0s) | total leaves 0 nonDita 0  2194s
R#2685 0x7775 r=11 nodes 5 pruned 0 leaves 0 (2.6s) | total leaves 0 nonDita 0  2197s
R#2686 0x7777 r=12 nodes 3361 pruned 544 leaves 0 (27.0s) | total leaves 0 nonDita 0  2224s
R#2687 0x777d r=12 nodes 5 pruned 0 leaves 0 (3.1s) | total leaves 0 nonDita 0  2227s
R#2688 0x777f r=13 nodes 2977 pruned 48 leaves 0 (39.1s) | total leaves 0 nonDita 0  2266s
R#2689 0x77d5 r=11 nodes 1 pruned 0 leaves 0 (2.1s) | total leaves 0 nonDita 0  2268s
R#2690 0x77d7 r=12 nodes 5 pruned 0 leaves 0 (2.8s) | total leaves 0 nonDita 0  2271s
R#2691 0x77dd r=12 nodes 5 pruned 0 leaves 0 (1.9s) | total leaves 0 nonDita 0  2273s
R#2692 0x77df r=13 nodes 17 pruned 0 leaves 0 (0.3s) | total leaves 0 nonDita 0  2273s
R#2693 0x77f5 r=12 nodes 2241 pruned 608 leaves 0 (6.4s) | total leaves 0 nonDita 0  2280s
R#2694 0x77f7 r=13 nodes 2977 pruned 48 leaves 0 (40.7s) | total leaves 0 nonDita 0  2320s
R#2695 0x77fd r=13 nodes 33 pruned 0 leaves 0 (0.3s) | total leaves 0 nonDita 0  2321s
R#2696 0x7828 r=6 nodes 5 pruned 4 leaves 0 (0.0s) | total leaves 0 nonDita 0  2321s
R#2697 0x7850 r=6 nodes 1 pruned 0 leaves 0 (0.0s) | total leaves 0 nonDita 0  2321s
R#2698 0x7852 r=7 nodes 5 pruned 4 leaves 0 (0.0s) | total leaves 0 nonDita 0  2321s
R#2699 0x7858 r=7 nodes 33 pruned 28 leaves 0 (0.0s) | total leaves 0 nonDita 0  2321s
R#2700 0x785a r=8 nodes 1 pruned 0 leaves 0 (0.0s) | total leaves 0 nonDita 0  2321s
R#2701 0x7870 r=7 nodes 33 pruned 20 leaves 0 (0.0s) | total leaves 0 nonDita 0  2321s
R#2702 0x7872 r=8 nodes 33 pruned 20 leaves 0 (0.1s) | total leaves 0 nonDita 0  2321s
R#2703 0x7875 r=9 nodes 1 pruned 0 leaves 0 (0.0s) | total leaves 0 nonDita 0  2321s
R#2704 0x7878 r=8 nodes 33 pruned 20 leaves 0 (0.2s) | total leaves 0 nonDita 0  2321s
R#2705 0x787a r=9 nodes 1 pruned 0 leaves 0 (0.0s) | total leaves 0 nonDita 0  2321s
R#2706 0x78a0 r=6 nodes 1 pruned 0 leaves 0 (0.1s) | total leaves 0 nonDita 0  2321s
R#2707 0x78a8 r=7 nodes 33 pruned 0 leaves 0 (0.1s) | total leaves 0 nonDita 0  2321s
R#2708 0x78aa r=8 nodes 1 pruned 0 leaves 0 (0.0s) | total leaves 0 nonDita 0  2321s
R#2709 0x78b8 r=8 nodes 1 pruned 0 leaves 0 (0.0s) | total leaves 0 nonDita 0  2321s
R#2710 0x78d0 r=7 nodes 1 pruned 0 leaves 0 (0.1s) | total leaves 0 nonDita 0  2321s
R#2711 0x78d2 r=8 nodes 33 pruned 32 leaves 0 (0.2s) | total leaves 0 nonDita 0  2322s
R#2712 0x78d8 r=8 nodes 33 pruned 20 leaves 0 (0.1s) | total leaves 0 nonDita 0  2322s
R#2713 0x78da r=9 nodes 1 pruned 0 leaves 0 (0.0s) | total leaves 0 nonDita 0  2322s
R#2714 0x78e8 r=8 nodes 1 pruned 0 leaves 0 (0.0s) | total leaves 0 nonDita 0  2322s
R#2715 0x78f0 r=8 nodes 1 pruned 0 leaves 0 (0.0s) | total leaves 0 nonDita 0  2322s
R#2716 0x78f2 r=9 nodes 1 pruned 0 leaves 0 (0.0s) | total leaves 0 nonDita 0  2322s
R#2717 0x78f8 r=9 nodes 9 pruned 0 leaves 0 (0.0s) | total leaves 0 nonDita 0  2322s
R#2718 0x7a0a r=7 nodes 33 pruned 28 leaves 0 (0.0s) | total leaves 0 nonDita 0  2322s
R#2719 0x7a1a r=8 nodes 1 pruned 0 leaves 0 (0.0s) | total leaves 0 nonDita 0  2322s
R#2720 0x7a2a r=8 nodes 93 pruned 60 leaves 0 (0.2s) | total leaves 0 nonDita 0  2322s
R#2721 0x7a3a r=9 nodes 1 pruned 0 leaves 0 (0.0s) | total leaves 0 nonDita 0  2322s
R#2722 0x7a4a r=8 nodes 1 pruned 0 leaves 0 (0.1s) | total leaves 0 nonDita 0  2322s
R#2723 0x7a50 r=7 nodes 5 pruned 4 leaves 0 (0.1s) | total leaves 0 nonDita 0  2322s
R#2724 0x7a52 r=8 nodes 1 pruned 0 leaves 0 (0.0s) | total leaves 0 nonDita 0  2322s
R#2725 0x7a58 r=8 nodes 1 pruned 0 leaves 0 (0.0s) | total leaves 0 nonDita 0  2322s
R#2726 0x7a5a r=9 nodes 1 pruned 0 leaves 0 (2.9s) | total leaves 0 nonDita 0  2325s
R#2727 0x7a5b r=10 nodes 1 pruned 0 leaves 0 (1.5s) | total leaves 0 nonDita 0  2327s
R#2728 0x7a5e r=10 nodes 1 pruned 0 leaves 0 (1.7s) | total leaves 0 nonDita 0  2329s
R#2729 0x7a5f r=11 nodes 1 pruned 0 leaves 0 (2.0s) | total leaves 0 nonDita 0  2331s
R#2730 0x7a6a r=9 nodes 1 pruned 0 leaves 0 (0.0s) | total leaves 0 nonDita 0  2331s
R#2731 0x7a70 r=8 nodes 33 pruned 20 leaves 0 (0.1s) | total leaves 0 nonDita 0  2331s
R#2732 0x7a72 r=9 nodes 1 pruned 0 leaves 0 (0.1s) | total leaves 0 nonDita 0  2331s
R#2733 0x7a78 r=9 nodes 1 pruned 0 leaves 0 (0.1s) | total leaves 0 nonDita 0  2331s
R#2734 0x7a7a r=10 nodes 9621 pruned 1032 leaves 0 (16.6s) | total leaves 0 nonDita 0  2347s
R#2735 0x7a7b r=11 nodes 1 pruned 0 leaves 0 (1.8s) | total leaves 0 nonDita 0  2349s
R#2736 0x7a7e r=11 nodes 1 pruned 0 leaves 0 (1.8s) | total leaves 0 nonDita 0  2351s
R#2737 0x7a7f r=12 nodes 397 pruned 0 leaves 0 (3.5s) | total leaves 0 nonDita 0  2354s
R#2738 0x7a8a r=8 nodes 33 pruned 20 leaves 0 (0.2s) | total leaves 0 nonDita 0  2355s
R#2739 0x7a9a r=9 nodes 1 pruned 0 leaves 0 (0.0s) | total leaves 0 nonDita 0  2355s
R#2740 0x7aa2 r=8 nodes 1 pruned 0 leaves 0 (0.0s) | total leaves 0 nonDita 0  2355s
R#2741 0x7aa8 r=8 nodes 1 pruned 0 leaves 0 (0.0s) | total leaves 0 nonDita 0  2355s
R#2742 0x7aaa r=9 nodes 9 pruned 0 leaves 0 (0.1s) | total leaves 0 nonDita 0  2355s
R#2743 0x7aca r=9 nodes 1 pruned 0 leaves 0 (0.0s) | total leaves 0 nonDita 0  2355s
R#2744 0x7ad0 r=8 nodes 33 pruned 32 leaves 0 (0.1s) | total leaves 0 nonDita 0  2355s
R#2745 0x7ad2 r=9 nodes 1 pruned 0 leaves 0 (0.0s) | total leaves 0 nonDita 0  2355s
R#2746 0x7ad8 r=9 nodes 1 pruned 0 leaves 0 (0.0s) | total leaves 0 nonDita 0  2355s
R#2747 0x7ada r=10 nodes 13 pruned 8 leaves 0 (3.7s) | total leaves 0 nonDita 0  2359s
R#2748 0x7adb r=11 nodes 1 pruned 0 leaves 0 (2.0s) | total leaves 0 nonDita 0  2361s
R#2749 0x7ade r=11 nodes 1 pruned 0 leaves 0 (1.8s) | total leaves 0 nonDita 0  2363s
R#2750 0x7adf r=12 nodes 397 pruned 0 leaves 0 (3.0s) | total leaves 0 nonDita 0  2366s
R#2751 0x7af0 r=9 nodes 1 pruned 0 leaves 0 (0.0s) | total leaves 0 nonDita 0  2366s
R#2752 0x7afa r=11 nodes 361 pruned 0 leaves 0 (5.7s) | total leaves 0 nonDita 0  2371s
R#2753 0x7afb r=12 nodes 33 pruned 0 leaves 0 (0.3s) | total leaves 0 nonDita 0  2372s
R#2754 0x7afe r=12 nodes 33 pruned 0 leaves 0 (0.4s) | total leaves 0 nonDita 0  2372s
R#2755 0x7aff r=13 nodes 17 pruned 0 leaves 0 (0.3s) | total leaves 0 nonDita 0  2372s
R#2756 0x7b5a r=10 nodes 1 pruned 0 leaves 0 (1.9s) | total leaves 0 nonDita 0  2374s
R#2757 0x7b5b r=11 nodes 1 pruned 0 leaves 0 (1.9s) | total leaves 0 nonDita 0  2376s
R#2758 0x7b5e r=11 nodes 1 pruned 0 leaves 0 (1.5s) | total leaves 0 nonDita 0  2378s
R#2759 0x7b5f r=12 nodes 33 pruned 0 leaves 0 (0.2s) | total leaves 0 nonDita 0  2378s
R#2760 0x7b7a r=11 nodes 1 pruned 0 leaves 0 (1.9s) | total leaves 0 nonDita 0  2380s
R#2761 0x7b7b r=12 nodes 397 pruned 0 leaves 0 (3.3s) | total leaves 0 nonDita 0  2383s
R#2762 0x7b7e r=12 nodes 5 pruned 0 leaves 0 (2.6s) | total leaves 0 nonDita 0  2385s
R#2763 0x7b7f r=13 nodes 17 pruned 0 leaves 0 (0.3s) | total leaves 0 nonDita 0  2386s
R#2764 0x7bda r=11 nodes 1 pruned 0 leaves 0 (1.7s) | total leaves 0 nonDita 0  2387s
R#2765 0x7bdb r=12 nodes 397 pruned 0 leaves 0 (3.1s) | total leaves 0 nonDita 0  2391s
R#2766 0x7bde r=12 nodes 5 pruned 0 leaves 0 (2.2s) | total leaves 0 nonDita 0  2393s
R#2767 0x7bdf r=13 nodes 1 pruned 0 leaves 0 (0.3s) | total leaves 0 nonDita 0  2393s
R#2768 0x7bfa r=12 nodes 33 pruned 0 leaves 0 (0.2s) | total leaves 0 nonDita 0  2393s
R#2769 0x7bfb r=13 nodes 17 pruned 0 leaves 0 (0.1s) | total leaves 0 nonDita 0  2393s
R#2770 0x7bfe r=13 nodes 1 pruned 0 leaves 0 (0.1s) | total leaves 0 nonDita 0  2394s
R#2771 0x7d0d r=9 nodes 1 pruned 0 leaves 0 (0.0s) | total leaves 0 nonDita 0  2394s
R#2772 0x7d55 r=10 nodes 1 pruned 0 leaves 0 (1.6s) | total leaves 0 nonDita 0  2395s
R#2773 0x7d57 r=11 nodes 1 pruned 0 leaves 0 (1.9s) | total leaves 0 nonDita 0  2397s
R#2774 0x7d5d r=11 nodes 5 pruned 0 leaves 0 (3.3s) | total leaves 0 nonDita 0  2400s
R#2775 0x7d5f r=12 nodes 2241 pruned 608 leaves 0 (6.3s) | total leaves 0 nonDita 0  2407s
R#2776 0x7d70 r=9 nodes 1 pruned 0 leaves 0 (0.0s) | total leaves 0 nonDita 0  2407s
R#2777 0x7d75 r=11 nodes 5 pruned 0 leaves 0 (3.5s) | total leaves 0 nonDita 0  2410s
R#2778 0x7d77 r=12 nodes 5 pruned 0 leaves 0 (3.0s) | total leaves 0 nonDita 0  2413s
R#2779 0x7d7d r=12 nodes 3361 pruned 544 leaves 0 (26.0s) | total leaves 0 nonDita 0  2439s
R#2780 0x7d7f r=13 nodes 2977 pruned 48 leaves 0 (41.5s) | total leaves 0 nonDita 0  2481s
R#2781 0x7dd5 r=11 nodes 1 pruned 0 leaves 0 (1.9s) | total leaves 0 nonDita 0  2482s
R#2782 0x7dd7 r=12 nodes 5 pruned 0 leaves 0 (2.0s) | total leaves 0 nonDita 0  2484s
R#2783 0x7ddd r=12 nodes 5 pruned 0 leaves 0 (2.7s) | total leaves 0 nonDita 0  2487s
R#2784 0x7ddf r=13 nodes 17 pruned 0 leaves 0 (0.3s) | total leaves 0 nonDita 0  2487s
R#2785 0x7df5 r=12 nodes 2241 pruned 608 leaves 0 (7.0s) | total leaves 0 nonDita 0  2495s
R#2786 0x7df7 r=13 nodes 33 pruned 0 leaves 0 (0.2s) | total leaves 0 nonDita 0  2495s
R#2787 0x7dfd r=13 nodes 2977 pruned 48 leaves 0 (35.1s) | total leaves 0 nonDita 0  2530s
R#2788 0x7e5a r=10 nodes 1 pruned 0 leaves 0 (1.6s) | total leaves 0 nonDita 0  2531s
R#2789 0x7e5b r=11 nodes 1 pruned 0 leaves 0 (1.8s) | total leaves 0 nonDita 0  2533s
R#2790 0x7e5e r=11 nodes 1 pruned 0 leaves 0 (2.3s) | total leaves 0 nonDita 0  2535s
R#2791 0x7e5f r=12 nodes 17 pruned 0 leaves 0 (0.4s) | total leaves 0 nonDita 0  2536s
R#2792 0x7e7a r=11 nodes 1 pruned 0 leaves 0 (1.5s) | total leaves 0 nonDita 0  2537s
R#2793 0x7e7b r=12 nodes 5 pruned 0 leaves 0 (2.1s) | total leaves 0 nonDita 0  2540s
R#2794 0x7e7e r=12 nodes 397 pruned 0 leaves 0 (2.9s) | total leaves 0 nonDita 0  2542s
R#2795 0x7e7f r=13 nodes 17 pruned 0 leaves 0 (0.1s) | total leaves 0 nonDita 0  2543s
R#2796 0x7eda r=11 nodes 1 pruned 0 leaves 0 (1.7s) | total leaves 0 nonDita 0  2544s
R#2797 0x7edb r=12 nodes 5 pruned 0 leaves 0 (2.0s) | total leaves 0 nonDita 0  2546s
R#2798 0x7ede r=12 nodes 397 pruned 0 leaves 0 (2.7s) | total leaves 0 nonDita 0  2549s
R#2799 0x7edf r=13 nodes 1 pruned 0 leaves 0 (0.2s) | total leaves 0 nonDita 0  2549s
R#2800 0x7efa r=12 nodes 33 pruned 0 leaves 0 (0.2s) | total leaves 0 nonDita 0  2549s
R#2801 0x7efb r=13 nodes 1 pruned 0 leaves 0 (0.2s) | total leaves 0 nonDita 0  2550s
R#2802 0x7efe r=13 nodes 17 pruned 0 leaves 0 (0.3s) | total leaves 0 nonDita 0  2550s
R#2803 0x7f0f r=11 nodes 5 pruned 0 leaves 0 (2.9s) | total leaves 0 nonDita 0  2553s
R#2804 0x7f1f r=12 nodes 2241 pruned 608 leaves 0 (5.9s) | total leaves 0 nonDita 0  2559s
R#2805 0x7f2f r=12 nodes 5 pruned 0 leaves 0 (2.3s) | total leaves 0 nonDita 0  2561s
R#2806 0x7f3f r=13 nodes 17 pruned 0 leaves 0 (0.3s) | total leaves 0 nonDita 0  2561s
R#2807 0x7f4f r=12 nodes 2241 pruned 608 leaves 0 (6.2s) | total leaves 0 nonDita 0  2567s
R#2808 0x7f55 r=11 nodes 1 pruned 0 leaves 0 (1.6s) | total leaves 0 nonDita 0  2569s
R#2809 0x7f57 r=12 nodes 2241 pruned 608 leaves 0 (5.0s) | total leaves 0 nonDita 0  2574s
R#2810 0x7f5a r=11 nodes 1 pruned 0 leaves 0 (1.3s) | total leaves 0 nonDita 0  2575s
R#2811 0x7f5b r=12 nodes 17 pruned 0 leaves 0 (0.2s) | total leaves 0 nonDita 0  2576s
R#2812 0x7f5d r=12 nodes 2241 pruned 608 leaves 0 (4.6s) | total leaves 0 nonDita 0  2580s
R#2813 0x7f5e r=12 nodes 17 pruned 0 leaves 0 (0.4s) | total leaves 0 nonDita 0  2581s
DONE total leaves 0 nonDita 0 2581s
