3
5
6
7
9
10
11
12
13
14
15
17
18
20
21
23
24
26
27
29
30
31
33
34
36
37
39
40
42
43
45
46
47
48
65
66
68
69
71
72
74
75
77
78
79
80
81
82
84
85
87
88
90
91
93
94
95
96
112
113
114
116
117
120
122
127
129
130
132
133
135
136
138
139
141
142
143
144
160
161
162
164
165
167
168
170
171
173
174
175
176
177
178
180
181
184
186
191
192
208
209
210
212
213
216
218
223
224
225
226
228
229
232
234
239
240
241
242
244
245
247
248
250
251
253
254
255
257
258
259
260
261
262
263
264
265
266
267
268
269
270
271
272
273
275
276
277
279
281
282
283
285
287
288
289
292
293
298
303
305
320
321
323
324
325
327
329
330
331
333
335
336
337
340
341
346
351
353
368
369
372
384
385
388
389
394
399
401
416
417
420
421
426
431
432
433
436
449
464
465
468
480
481
484
496
497
500
501
506
511
513
514
515
516
517
518
519
520
521
522
523
524
525
526
527
528
530
533
536
538
543
544
546
547
549
550
551
552
554
555
558
559
562
576
578
581
584
586
591
592
594
597
600
602
607
610
624
626
632
640
642
643
645
646
647
648
650
651
654
655
658
672
674
677
680
682
687
688
690
696
706
720
722
728
736
738
744
752
754
757
760
762
767
768
769
770
771
772
773
774
775
776
777
778
779
780
781
782
783
785
787
789
793
799
802
803
806
810
815
833
835
837
841
847
898
899
902
906
911
1025
1026
1027
1028
1029
1030
1031
1032
1033
1034
1035
1036
1037
1038
1039
1040
1041
1044
1045
1046
1047
1050
1052
1053
1054
1055
1056
1057
1060
1061
1066
1071
1076
1088
1089
1092
1093
1094
1095
1098
1100
1101
1102
1103
1104
1105
1108
1109
1114
1119
1124
1136
1137
1140
1152
1153
1156
1157
1162
1167
1172
1184
1185
1188
1189
1194
1199
1200
1201
1204
1220
1232
1233
1236
1248
1249
1252
1264
1265
1268
1269
1274
1279
1280
1281
1282
1283
1284
1285
1286
1287
1288
1289
1290
1291
1292
1293
1294
1295
1296
1297
1298
1299
1300
1301
1302
1303
1304
1305
1306
1307
1308
1309
1310
1311
1312
1313
1314
1316
1317
1319
1320
1322
1323
1325
1326
1327
1333
1335
1341
1343
1344
1345
1346
1347
1348
1349
1350
1351
1352
1353
1354
1355
1356
1357
1358
1359
1360
1361
1362
1364
1365
1367
1368
1370
1371
1373
1374
1375
1381
1383
1389
1391
1392
1397
1399
1402
1405
1407
1408
1409
1410
1412
1413
1415
1416
1418
1419
1421
1422
1423
1429
1431
1437
1439
1440
1441
1442
1444
1445
1447
1448
1450
1451
1453
1454
1455
1456
1461
1463
1466
1469
1471
1477
1479
1485
1487
1488
1493
1495
1498
1501
1503
1504
1509
1511
1514
1517
1519
1520
1521
1522
1524
1525
1527
1528
1530
1531
1533
1534
1535
1536
1537
1538
1539
1540
1541
1542
1543
1544
1545
1546
1547
1548
1549
1550
1551
1556
1557
1558
1564
1567
1570
1571
1574
1578
1583
1604
1605
1606
1612
1615
1666
1667
1670
1674
1679
1792
1793
1794
1795
1796
1797
1798
1799
1800
1801
1802
1803
1804
1805
1806
1807
1808
1809
1812
1813
1815
1818
1819
1821
1822
1823
1824
1826
1829
1831
1834
1835
1837
1838
1839
1845
1847
1853
1855
1856
1857
1860
1861
1863
1866
1867
1869
1870
1871
1872
1877
1879
1882
1885
1887
1893
1895
1901
1903
1909
1911
1917
1919
1920
1922
1925
1927
1930
1931
1933
1934
1935
1941
1943
1949
1951
1952
1957
1959
1962
1965
1967
1973
1975
1981
1983
1989
1991
1997
1999
2005
2007
2013
2015
2021
2023
2029
2031
2032
2037
2039
2042
2045
2047
2049
2050
2051
2052
2053
2054
2055
2056
2057
2058
2059
2060
2061
2062
2063
2064
2066
2069
2072
2074
2079
2080
2082
2085
2088
2089
2090
2091
2092
2093
2094
2095
2104
2112
2114
2117
2120
2122
2127
2128
2130
2133
2136
2138
2143
2152
2160
2162
2168
2176
2178
2181
2184
2185
2186
2187
2188
2189
2190
2191
2200
2208
2210
2213
2216
2218
2223
2224
2226
2232
2248
2256
2258
2264
2272
2274
2280
2288
2290
2293
2296
2298
2303
2304
2305
2306
2307
2308
2309
2310
2311
2312
2313
2314
2315
2316
2317
2318
2319
2321
2323
2325
2329
2335
2344
2345
2346
2348
2351
2369
2371
2373
2377
2383
2440
2441
2442
2444
2447
2560
2561
2562
2563
2564
2565
2566
2567
2568
2569
2570
2571
2572
2573
2574
2575
2576
2577
2578
2580
2581
2583
2584
2586
2587
2589
2590
2591
2592
2593
2594
2595
2596
2597
2598
2599
2600
2601
2602
2603
2604
2605
2606
2607
2618
2619
2622
2623
2624
2625
2626
2628
2629
2631
2632
2634
2635
2637
2638
2639
2640
2641
2642
2644
2645
2647
2648
2650
2651
2653
2654
2655
2666
2667
2670
2671
2672
2677
2682
2683
2686
2687
2688
2689
2690
2691
2692
2693
2694
2695
2696
2697
2698
2699
2700
2701
2702
2703
2714
2715
2718
2719
2720
2721
2722
2724
2725
2727
2728
2730
2731
2733
2734
2735
2736
2741
2746
2747
2750
2751
2762
2763
2766
2767
2768
2773
2778
2779
2782
2783
2784
2789
2794
2795
2798
2799
2800
2801
2802
2804
2805
2807
2808
2810
2811
2813
2814
2815
2816
2817
2818
2819
2820
2821
2822
2823
2824
2825
2826
2827
2828
2829
2830
2831
2832
2833
2837
2839
2842
2843
2845
2846
2847
2848
2850
2853
2855
2856
2858
2859
2861
2862
2863
2874
2875
2878
2879
2880
2881
2885
2887
2890
2891
2893
2894
2895
2896
2901
2906
2907
2910
2911
2922
2923
2926
2927
2938
2939
2942
2943
2944
2946
2949
2951
2952
2954
2955
2957
2958
2959
2970
2971
2974
2975
2976
2981
2986
2987
2990
2991
3002
3003
3006
3007
3018
3019
3022
3023
3034
3035
3038
3039
3050
3051
3054
3055
3056
3061
3066
3067
3070
3071
3072
3073
3074
3075
3076
3077
3078
3079
3080
3081
3082
3083
3084
3085
3086
3087
3092
3093
3094
3100
3103
3112
3113
3114
3116
3119
3140
3141
3142
3148
3151
3208
3209
3210
3212
3215
3328
3329
3330
3331
3332
3333
3334
3335
3336
3337
3338
3339
3340
3341
3342
3343
3344
3345
3348
3349
3351
3354
3355
3357
3358
3359
3360
3365
3367
3368
3370
3371
3373
3374
3375
3381
3383
3389
3391
3392
3393
3396
3397
3399
3402
3403
3405
3406
3407
3408
3413
3415
3418
3421
3423
3429
3431
3437
3439
3445
3447
3453
3455
3456
3461
3463
3464
3466
3467
3469
3470
3471
3477
3479
3485
3487
3488
3493
3495
3498
3501
3503
3509
3511
3517
3519
3525
3527
3533
3535
3541
3543
3549
3551
3557
3559
3565
3567
3568
3573
3575
3578
3581
3583
3584
3585
3586
3587
3588
3589
3590
3591
3592
3593
3594
3595
3596
3597
3598
3599
3600
3604
3605
3607
3610
3611
3613
3614
3615
3616
3618
3621
3623
3624
3626
3627
3629
3630
3631
3642
3643
3646
3647
3648
3652
3653
3655
3658
3659
3661
3662
3663
3664
3669
3674
3675
3678
3679
3690
3691
3694
3695
3706
3707
3710
3711
3712
3714
3717
3719
3720
3722
3723
3725
3726
3727
3738
3739
3742
3743
3744
3749
3754
3755
3758
3759
3770
3771
3774
3775
3786
3787
3790
3791
3802
3803
3806
3807
3818
3819
3822
3823
3824
3829
3834
3835
3838
3839
3840
3841
3842
3843
3844
3845
3846
3847
3848
3849
3850
3851
3852
3853
3854
3855
3856
3857
3858
3859
3860
3861
3862
3863
3864
3865
3866
3867
3868
3869
3870
3871
3872
3873
3874
3875
3876
3877
3878
3879
3880
3881
3882
3883
3884
3885
3886
3887
3893
3895
3898
3899
3901
3902
3903
3904
3905
3906
3907
3908
3909
3910
3911
3912
3913
3914
3915
3916
3917
3918
3919
3920
3921
3922
3924
3925
3927
3928
3930
3931
3933
3934
3935
3941
3943
3946
3947
3949
3950
3951
3952
3957
3959
3962
3963
3965
3966
3967
3968
3969
3970
3971
3972
3973
3974
3975
3976
3977
3978
3979
3980
3981
3982
3983
3989
3991
3994
3995
3997
3998
3999
4000
4001
4002
4004
4005
4007
4008
4010
4011
4013
4014
4015
4016
4021
4023
4026
4027
4029
4030
4031
4037
4039
4042
4043
4045
4046
4047
4048
4053
4055
4058
4059
4061
4062
4063
4064
4069
4071
4074
4075
4077
4078
4079
4080
4081
4082
4084
4085
4087
4088
4090
4091
4093
4094
4095
4097
4098
4100
4101
4103
4104
4106
4107
4109
4110
4111
4112
4113
4114
4115
4116
4117
4118
4119
4120
4121
4122
4123
4124
4125
4126
4127
4128
4144
4145
4148
4160
4161
4162
4164
4165
4167
4168
4170
4171
4173
4174
4175
4176
4177
4178
4180
4181
4184
4186
4191
4192
4208
4209
4212
4224
4240
4241
4244
4256
4257
4258
4260
4261
4264
4266
4271
4272
4273
4276
4288
4304
4305
4308
4320
4336
4337
4338
4340
4341
4344
4346
4351
4352
4353
4355
4356
4357
4359
4361
4362
4363
4365
4367
4368
4369
4370
4371
4372
4373
4375
4376
4377
4378
4379
4381
4383
4385
4400
4401
4405
4415
4416
4417
4420
4421
4426
4431
4432
4433
4435
4436
4437
4439
4441
4443
4445
4447
4464
4465
4469
4479
4481
4496
4497
4501
4511
4512
4513
4516
4528
4529
4533
4543
4560
4561
4565
4575
4592
4593
4595
4596
4597
4599
4601
4603
4605
4607
4608
4610
4613
4616
4618
4623
4624
4625
4626
4627
4628
4629
4630
4632
4633
4634
4636
4639
4642
4658
4672
4674
4677
4680
4682
4687
4688
4690
4696
4706
4738
4754
4768
4770
4776
4802
4848
4850
4856
4865
4867
4869
4873
4879
4880
4881
4882
4883
4885
4887
4888
4889
4891
4893
4895
4915
4927
4945
4947
4949
4953
4959
5011
5023
5105
5107
5109
5113
5120
5121
5124
5125
5126
5127
5130
5132
5133
5134
5135
5136
5137
5138
5140
5141
5142
5143
5144
5146
5148
5149
5150
5151
5156
5168
5172
5173
5183
5184
5185
5188
5189
5194
5199
5200
5201
5204
5205
5206
5207
5212
5213
5214
5215
5232
5236
5237
5247
5252
5264
5268
5269
5279
5280
5281
5284
5296
5300
5301
5311
5328
5332
5333
5343
5360
5361
5364
5365
5366
5367
5372
5373
5374
5375
5376
5377
5378
5379
5380
5381
5382
5383
5384
5385
5386
5387
5388
5389
5390
5391
5392
5393
5394
5395
5396
5397
5398
5399
5400
5401
5402
5403
5404
5405
5406
5407
5413
5415
5421
5423
5425
5428
5429
5431
5435
5437
5438
5439
5440
5441
5442
5444
5445
5447
5448
5450
5451
5453
5454
5455
5456
5457
5459
5460
5461
5462
5463
5465
5466
5467
5468
5469
5470
5471
5477
5479
5485
5487
5489
5492
5493
5495
5499
5501
5502
5503
5509
5511
5517
5519
5521
5524
5525
5527
5531
5533
5534
5535
5536
5541
5543
5546
5549
5551
5553
5556
5557
5559
5563
5565
5566
5567
5573
5575
5581
5583
5585
5588
5589
5591
5595
5597
5598
5599
5605
5607
5613
5615
5616
5617
5619
5620
5621
5622
5623
5625
5626
5627
5628
5629
5630
5631
5636
5637
5638
5644
5647
5648
5650
5652
5653
5654
5655
5656
5660
5661
5662
5663
5686
5695
5716
5717
5718
5724
5727
5782
5791
5876
5877
5878
5884
5888
5889
5892
5893
5895
5898
5899
5901
5902
5903
5904
5905
5907
5908
5909
5910
5911
5913
5914
5915
5916
5917
5918
5919
5925
5927
5933
5935
5941
5943
5947
5949
5950
5951
5952
5957
5959
5962
5965
5967
5969
5972
5973
5975
5979
5981
5982
5983
5989
5991
5997
5999
6005
6007
6013
6015
6021
6023
6029
6031
6037
6039
6043
6045
6046
6047
6053
6055
6061
6063
6069
6071
6077
6079
6085
6087
6093
6095
6101
6103
6109
6111
6117
6119
6125
6127
6129
6132
6133
6135
6141
6144
6146
6149
6152
6154
6159
6160
6161
6162
6163
6164
6165
6166
6168
6169
6170
6172
6175
6184
6200
6208
6210
6213
6216
6218
6223
6224
6226
6232
6248
6280
6296
6304
6306
6312
6344
6384
6386
6392
6401
6403
6405
6409
6415
6416
6417
6418
6419
6421
6423
6424
6425
6427
6429
6431
6457
6463
6481
6483
6485
6489
6495
6553
6559
6641
6643
6645
6649
6656
6657
6658
6660
6661
6663
6664
6666
6667
6669
6670
6671
6672
6673
6674
6676
6677
6679
6680
6682
6683
6685
6686
6687
6698
6699
6702
6703
6714
6715
6718
6719
6720
6721
6722
6724
6725
6727
6728
6730
6731
6733
6734
6735
6736
6741
6746
6747
6750
6751
6762
6763
6766
6767
6778
6779
6782
6783
6794
6795
6798
6799
6810
6811
6814
6815
6816
6821
6826
6827
6830
6831
6842
6843
6846
6847
6858
6859
6862
6863
6874
6875
6878
6879
6890
6891
6894
6895
6896
6901
6906
6907
6910
6911
6912
6913
6917
6919
6922
6923
6925
6926
6927
6928
6929
6931
6933
6935
6937
6938
6939
6941
6942
6943
6954
6955
6958
6959
6965
6967
6970
6971
6973
6974
6975
6976
6981
6986
6987
6990
6991
6993
6997
6999
7002
7003
7005
7006
7007
7018
7019
7022
7023
7029
7034
7035
7038
7050
7051
7054
7055
7061
7063
7066
7067
7069
7070
7071
7082
7083
7086
7087
7093
7098
7099
7102
7103
7114
7115
7118
7119
7125
7130
7131
7134
7146
7147
7150
7151
7153
7157
7162
7163
7166
7172
7173
7174
7180
7183
7184
7186
7188
7189
7190
7191
7192
7196
7197
7198
7199
7228
7231
7252
7253
7254
7260
7263
7324
7327
7412
7413
7414
7420
7424
7425
7428
7429
7431
7434
7435
7437
7438
7439
7440
7441
7443
7444
7445
7446
7447
7449
7450
7451
7452
7453
7454
7455
7461
7463
7469
7471
7477
7479
7483
7485
7486
7487
7488
7493
7495
7498
7501
7503
7505
7508
7509
7511
7515
7517
7518
7519
7525
7527
7533
7535
7541
7543
7549
7551
7557
7559
7565
7567
7573
7575
7579
7581
7582
7583
7589
7591
7597
7599
7605
7607
7613
7615
7621
7623
7629
7631
7637
7639
7645
7647
7653
7655
7661
7663
7665
7668
7669
7671
7677
7680
7684
7685
7687
7690
7691
7693
7694
7695
7696
7700
7701
7702
7703
7706
7707
7708
7709
7710
7711
7722
7723
7726
7727
7733
7735
7738
7739
7741
7742
7743
7744
7749
7754
7755
7758
7759
7764
7765
7767
7770
7771
7773
7774
7775
7786
7787
7790
7791
7797
7802
7803
7806
7818
7819
7822
7823
7829
7831
7834
7835
7837
7838
7839
7850
7851
7854
7855
7861
7866
7867
7870
7871
7882
7883
7886
7887
7893
7898
7899
7902
7914
7915
7918
7919
7924
7925
7930
7931
7934
7936
7937
7938
7939
7940
7941
7942
7943
7944
7945
7946
7947
7948
7949
7950
7951
7952
7953
7954
7955
7956
7957
7958
7959
7960
7961
7962
7963
7964
7965
7966
7967
7973
7975
7978
7979
7981
7982
7983
7985
7987
7988
7989
7990
7991
7993
7994
7995
7996
7997
7998
7999
8000
8001
8002
8004
8005
8007
8008
8010
8011
8013
8014
8015
8016
8017
8019
8020
8021
8022
8023
8025
8026
8027
8028
8029
8030
8031
8037
8039
8042
8043
8045
8046
8047
8049
8052
8053
8055
8058
8061
8063
8069
8071
8074
8075
8077
8078
8079
8081
8083
8084
8085
8086
8087
8089
8090
8091
8092
8093
8094
8095
8096
8101
8103
8106
8107
8109
8110
8111
8113
8116
8117
8119
8122
8123
8125
8126
8127
8133
8135
8138
8139
8141
8142
8143
8145
8148
8149
8151
8154
8157
8159
8165
8167
8170
8171
8173
8174
8175
8176
8177
8180
8181
8186
8191
8193
8194
8196
8197
8199
8200
8202
8203
8205
8206
8207
8208
8224
8225
8226
8227
8228
8229
8230
8231
8232
8233
8234
8235
8236
8237
8238
8239
8240
8242
8248
8256
8272
8273
8274
8276
8277
8280
8282
8287
8288
8290
8296
8304
8306
8312
8320
8321
8322
8324
8325
8327
8328
8330
8331
8333
8334
8335
8336
8352
8353
8354
8356
8357
8360
8362
8367
8368
8370
8376
8384
8400
8416
8418
8424
8432
8433
8434
8436
8437
8440
8442
8447
8448
8449
8452
8453
8458
8463
8465
8480
8481
8482
8483
8484
8485
8486
8488
8489
8490
8492
8495
8497
8513
8528
8529
8532
8545
8576
8577
8580
8581
8586
8591
8593
8608
8609
8612
8641
8688
8689
8692
8704
8706
8707
8709
8710
8711
8712
8714
8715
8718
8719
8722
8736
8737
8738
8739
8740
8741
8742
8743
8744
8746
8747
8750
8751
8752
8754
8762
8767
8770
8784
8786
8792
8800
8802
8810
8815
8816
8818
8826
8831
8832
8834
8837
8840
8842
8847
8864
8866
8867
8870
8871
8872
8874
8875
8878
8879
8880
8882
8890
8895
8928
8930
8938
8943
8944
8946
8947
8950
8951
8952
8954
8955
8958
8959
8962
8963
8966
8970
8975
8992
8993
8994
8995
8996
8998
8999
9002
9003
9006
9007
9011
9023
9059
9071
9122
9123
9126
9130
9135
9202
9203
9206
9210
9216
9217
9220
9221
9226
9231
9236
9248
9249
9250
9251
9252
9253
9254
9256
9257
9258
9260
9263
9268
9284
9296
9297
9300
9316
9344
9345
9348
9349
9354
9359
9364
9376
9377
9380
9412
9456
9457
9460
9472
9473
9474
9476
9477
9479
9480
9482
9483
9485
9486
9487
9493
9495
9501
9503
9504
9505
9506
9508
9509
9511
9512
9514
9515
9517
9518
9519
9525
9527
9533
9535
9541
9543
9549
9551
9552
9557
9559
9562
9565
9567
9573
9575
9581
9583
9589
9591
9597
9599
9600
9601
9602
9604
9605
9607
9608
9610
9611
9613
9614
9615
9621
9623
9629
9631
9632
9637
9639
9642
9645
9647
9653
9655
9661
9663
9669
9671
9677
9679
9685
9687
9693
9695
9701
9703
9709
9711
9712
9717
9719
9722
9725
9727
9730
9731
9734
9738
9743
9760
9761
9762
9763
9764
9766
9767
9770
9771
9774
9775
9782
9791
9830
9839
9890
9891
9894
9898
9903
9970
9971
9974
9978
9984
9986
9989
9991
9994
9995
9997
9998
9999
10005
10007
10013
10015
10016
10018
10019
10021
10022
10023
10026
10027
10029
10030
10031
10037
10039
10042
10043
10045
10046
10047
10053
10055
10061
10063
10069
10071
10077
10079
10085
10087
10090
10091
10093
10094
10095
10101
10103
10106
10109
10111
10112
10117
10119
10122
10125
10127
10133
10135
10141
10143
10146
10149
10151
10154
10155
10157
10158
10159
10165
10167
10170
10173
10181
10183
10189
10191
10197
10199
10205
10207
10213
10215
10218
10221
10226
10229
10231
10234
10237
10240
10242
10245
10248
10249
10250
10251
10252
10253
10254
10255
10264
10272
10273
10274
10276
10277
10280
10281
10282
10283
10284
10285
10286
10287
10288
10296
10298
10303
10312
10320
10322
10328
10336
10344
10346
10351
10352
10360
10362
10367
10368
10370
10373
10376
10378
10383
10400
10402
10408
10409
10410
10411
10412
10413
10414
10415
10416
10424
10426
10431
10464
10472
10474
10479
10480
10482
10488
10489
10490
10491
10492
10493
10494
10495
10504
10505
10506
10508
10511
10528
10529
10532
10536
10537
10538
10539
10540
10541
10542
10543
10553
10559
10601
10607
10664
10665
10666
10668
10671
10744
10745
10746
10748
10752
10753
10754
10755
10756
10757
10758
10759
10760
10761
10762
10763
10764
10765
10766
10767
10778
10779
10782
10783
10784
10785
10786
10787
10788
10789
10790
10791
10792
10793
10794
10795
10796
10797
10798
10799
10802
10807
10808
10810
10811
10813
10814
10815
10826
10827
10830
10831
10832
10837
10842
10843
10846
10847
10850
10855
10856
10858
10859
10861
10862
10863
10866
10871
10872
10874
10875
10877
10878
10879
10880
10881
10882
10884
10885
10887
10888
10890
10891
10893
10894
10895
10906
10907
10910
10911
10912
10914
10915
10917
10918
10919
10920
10921
10922
10923
10924
10925
10926
10927
10930
10935
10936
10938
10939
10941
10942
10943
10954
10955
10958
10959
10970
10971
10974
10975
10978
10983
10984
10986
10987
10989
10990
10991
10992
10994
10995
10997
10998
10999
11000
11001
11002
11003
11004
11005
11006
11007
11008
11010
11013
11015
11016
11018
11019
11021
11022
11023
11034
11035
11038
11039
11040
11042
11043
11045
11046
11047
11048
11049
11050
11051
11052
11053
11054
11055
11063
11066
11067
11069
11070
11071
11082
11083
11086
11087
11098
11099
11102
11103
11111
11114
11115
11117
11118
11119
11130
11131
11134
11135
11136
11141
11146
11147
11150
11151
11162
11163
11166
11167
11170
11175
11176
11178
11179
11181
11182
11183
11194
11195
11198
11199
11210
11211
11214
11215
11226
11227
11230
11231
11242
11243
11246
11247
11250
11256
11258
11259
11262
11272
11273
11274
11276
11279
11296
11297
11300
11304
11305
11306
11307
11308
11309
11310
11311
11324
11327
11372
11375
11432
11433
11434
11436
11439
11512
11513
11514
11516
11520
11525
11527
11528
11530
11531
11533
11534
11535
11541
11543
11549
11551
11552
11557
11559
11560
11561
11562
11563
11564
11565
11566
11567
11573
11575
11578
11579
11581
11582
11583
11589
11591
11597
11599
11605
11607
11613
11615
11621
11623
11626
11627
11629
11630
11631
11637
11639
11642
11645
11647
11648
11653
11655
11658
11661
11663
11669
11671
11677
11679
11685
11687
11688
11690
11691
11693
11694
11695
11701
11703
11706
11709
11717
11719
11725
11727
11733
11735
11741
11743
11749
11751
11754
11757
11765
11767
11768
11770
11773
11776
11778
11781
11783
11784
11786
11787
11789
11790
11791
11802
11803
11806
11807
11808
11810
11811
11813
11814
11815
11816
11817
11818
11819
11820
11821
11822
11823
11831
11834
11835
11837
11838
11839
11850
11851
11854
11855
11866
11867
11870
11871
11879
11882
11883
11885
11886
11887
11898
11899
11902
11903
11904
11909
11914
11915
11918
11919
11930
11931
11934
11935
11938
11943
11944
11946
11947
11949
11950
11951
11962
11963
11966
11967
11978
11979
11982
11983
11994
11995
11998
11999
12010
12011
12014
12015
12018
12024
12026
12027
12030
12032
12033
12034
12035
12036
12037
12038
12039
12040
12041
12042
12043
12044
12045
12046
12047
12053
12055
12058
12059
12061
12062
12063
12064
12065
12066
12067
12068
12069
12070
12071
12072
12073
12074
12075
12076
12077
12078
12079
12082
12083
12085
12086
12087
12088
12089
12090
12091
12092
12093
12094
12095
12101
12103
12106
12107
12109
12110
12111
12112
12117
12119
12122
12123
12125
12126
12127
12130
12131
12133
12134
12135
12136
12137
12138
12139
12140
12141
12142
12143
12146
12149
12151
12152
12154
12155
12157
12158
12159
12160
12161
12162
12164
12165
12167
12168
12170
12171
12173
12174
12175
12181
12183
12186
12187
12189
12190
12191
12192
12194
12195
12197
12198
12199
12200
12201
12202
12203
12204
12205
12206
12207
12210
12213
12216
12218
12219
12222
12223
12229
12231
12234
12235
12237
12238
12239
12245
12247
12250
12251
12253
12254
12255
12258
12261
12264
12266
12267
12270
12271
12272
12274
12277
12280
12282
12287
12288
12304
12305
12308
12320
12322
12328
12336
12337
12338
12340
12344
12352
12368
12369
12372
12384
12386
12392
12400
12416
12432
12433
12436
12448
12450
12456
12464
12480
12496
12512
12528
12529
12530
12532
12536
12545
12560
12561
12565
12575
12577
12592
12593
12595
12597
12601
12607
12624
12625
12629
12639
12657
12673
12688
12689
12693
12703
12721
12753
12784
12785
12787
12789
12793
12802
12818
12832
12834
12842
12847
12848
12850
12851
12854
12858
12863
12866
12896
12898
12906
12911
12914
12960
12962
12970
12975
12978
13026
13040
13042
13043
13046
13050
13075
13087
13091
13103
13105
13106
13107
13111
13115
13119
13171
13235
13297
13298
13299
13316
13328
13332
13333
13343
13348
13360
13364
13365
13366
13372
13375
13392
13396
13397
13407
13428
13444
13456
13460
13461
13471
13492
13524
13552
13556
13557
13558
13564
13573
13575
13581
13583
13585
13588
13589
13591
13595
13597
13598
13599
13605
13607
13613
13615
13617
13620
13621
13623
13627
13629
13630
13631
13637
13639
13645
13647
13649
13652
13653
13655
13659
13661
13662
13663
13669
13671
13677
13679
13685
13687
13693
13695
13701
13703
13709
13711
13713
13716
13717
13719
13723
13725
13726
13727
13733
13735
13741
13743
13749
13751
13757
13759
13765
13767
13773
13775
13781
13783
13789
13791
13797
13799
13805
13807
13809
13812
13813
13846
13855
13862
13871
13874
13876
13878
13879
13886
13887
13942
14006
14066
14068
14070
14085
14087
14093
14095
14101
14103
14107
14109
14110
14111
14117
14119
14122
14123
14125
14126
14127
14131
14133
14134
14135
14138
14139
14141
14142
14143
14149
14151
14157
14159
14165
14167
14173
14175
14181
14183
14186
14189
14191
14197
14199
14205
14213
14215
14221
14223
14229
14231
14237
14239
14245
14247
14250
14253
14261
14263
14269
14277
14279
14285
14287
14293
14295
14301
14309
14311
14317
14344
14360
14368
14376
14378
14383
14384
14392
14393
14394
14396
14399
14408
14432
14440
14442
14447
14456
14496
14504
14506
14511
14520
14568
14576
14584
14585
14586
14588
14617
14623
14633
14639
14641
14648
14649
14651
14653
14655
14713
14777
14833
14840
14841
14858
14859
14862
14863
14874
14875
14878
14879
14882
14887
14888
14890
14891
14893
14894
14895
14898
14903
14904
14906
14907
14909
14910
14911
14922
14923
14926
14927
14938
14939
14942
14943
14946
14951
14952
14954
14955
14957
14958
14959
14970
14971
14974
14975
14986
14987
14990
14991
15002
15003
15006
15007
15010
15015
15016
15018
15019
15021
15022
15023
15034
15035
15038
15039
15050
15051
15054
15055
15066
15067
15070
15071
15082
15083
15086
15087
15090
15096
15098
15114
15115
15118
15119
15125
15127
15130
15131
15133
15134
15135
15143
15146
15147
15149
15150
15151
15155
15157
15159
15161
15162
15163
15165
15166
15167
15178
15179
15182
15183
15189
15194
15195
15198
15210
15211
15214
15215
15226
15227
15230
15242
15243
15246
15247
15253
15258
15259
15262
15263
15274
15275
15278
15279
15290
15291
15294
15306
15307
15310
15311
15322
15323
15326
15338
15339
15342
15388
15391
15404
15407
15412
15416
15420
15421
15422
15423
15484
15548
15604
15608
15612
15621
15623
15629
15631
15637
15639
15643
15645
15646
15647
15653
15655
15658
15659
15661
15662
15663
15669
15671
15673
15674
15675
15676
15677
15678
15679
15685
15687
15693
15695
15701
15703
15709
15711
15717
15719
15722
15725
15727
15733
15735
15741
15749
15751
15757
15759
15765
15767
15773
15775
15781
15783
15786
15789
15797
15799
15805
15813
15815
15821
15823
15829
15831
15837
15845
15847
15853
15882
15883
15886
15887
15893
15895
15898
15899
15901
15902
15903
15911
15914
15915
15917
15918
15919
15925
15926
15927
15930
15931
15932
15933
15934
15935
15946
15947
15950
15951
15957
15962
15963
15966
15978
15979
15982
15983
15994
15995
15998
16010
16011
16014
16015
16021
16026
16027
16030
16031
16042
16043
16046
16047
16058
16059
16062
16074
16075
16078
16079
16090
16091
16094
16106
16107
16110
16133
16135
16138
16139
16141
16142
16143
16145
16147
16148
16149
16150
16151
16153
16154
16155
16156
16157
16158
16159
16162
16163
16165
16166
16167
16168
16169
16170
16171
16172
16173
16174
16175
16177
16178
16179
16180
16181
16182
16183
16184
16185
16186
16187
16188
16189
16190
16191
16197
16199
16202
16203
16205
16206
16207
16209
16212
16213
16215
16218
16221
16223
16226
16229
16231
16232
16234
16235
16237
16238
16239
16245
16250
16255
16261
16263
16266
16267
16269
16270
16271
16273
16276
16277
16279
16282
16283
16285
16286
16287
16290
16293
16296
16298
16299
16302
16303
16309
16314
16319
16325
16327
16330
16331
16333
16334
16335
16341
16346
16351
16357
16362
16367
16383
16385
16386
16388
16389
16391
16392
16394
16395
16397
16398
16399
16400
16401
16402
16404
16405
16407
16408
16410
16411
16413
16414
16415
16416
16432
16448
16449
16450
16451
16452
16453
16454
16455
16456
16457
16458
16459
16460
16461
16462
16463
16464
16465
16466
16468
16469
16472
16474
16479
16480
16481
16484
16496
16497
16500
16512
16528
16544
16545
16546
16548
16549
16552
16554
16559
16560
16576
16577
16580
16592
16593
16596
16608
16609
16612
16624
16625
16626
16628
16629
16632
16634
16639
16640
16641
16643
16644
16645
16647
16649
16650
16651
16653
16655
16656
16657
16660
16661
16666
16671
16673
16704
16705
16706
16707
16708
16709
16711
16712
16713
16714
16715
16717
16719
16720
16721
16723
16724
16725
16727
16729
16731
16733
16735
16736
16737
16741
16751
16752
16753
16757
16767
16769
16800
16801
16804
16832
16833
16837
16847
16848
16849
16853
16863
16864
16865
16869
16879
16880
16881
16883
16884
16885
16887
16889
16891
16893
16895
16896
16898
16901
16904
16906
16911
16912
16914
16917
16920
16922
16927
16930
16946
16960
16961
16962
16963
16964
16965
16966
16968
16969
16970
16972
16975
16976
16978
16984
16994
17026
17042
17056
17058
17064
17090
17136
17138
17144
17153
17155
17157
17161
17167
17216
17217
17218
17219
17221
17223
17224
17225
17227
17229
17231
17233
17235
17237
17241
17247
17251
17263
17347
17359
17393
17395
17397
17401
17408
17409
17412
17413
17414
17415
17418
17420
17421
17422
17423
17424
17425
17428
17429
17434
17439
17444
17472
17473
17474
17476
17477
17478
17479
17480
17482
17484
17485
17486
17487
17488
17489
17492
17493
17494
17495
17500
17501
17502
17503
17504
17508
17509
17519
17520
17524
17525
17535
17540
17568
17569
17572
17600
17604
17605
17615
17616
17620
17621
17631
17632
17636
17637
17647
17648
17649
17652
17653
17654
17655
17660
17661
17662
17663
17664
17665
17666
17667
17668
17669
17670
17671
17672
17673
17674
17675
17676
17677
17678
17679
17680
17681
17682
17684
17685
17687
17688
17690
17691
17693
17694
17695
17701
17703
17709
17711
17717
17719
17725
17727
17728
17729
17730
17731
17732
17733
17734
17735
17736
17737
17738
17739
17740
17741
17742
17743
17744
17745
17747
17748
17749
17750
17751
17753
17754
17755
17756
17757
17758
17759
17761
17764
17765
17767
17771
17773
17774
17775
17777
17780
17781
17783
17787
17789
17790
17791
17797
17799
17805
17807
17813
17815
17821
17823
17824
17829
17831
17834
17837
17839
17845
17847
17853
17855
17857
17860
17861
17863
17867
17869
17870
17871
17873
17876
17877
17879
17883
17885
17886
17887
17889
17892
17893
17895
17899
17901
17902
17903
17904
17905
17907
17908
17909
17910
17911
17913
17914
17915
17916
17917
17918
17919
17924
17925
17926
17932
17935
17984
17986
17988
17989
17990
17991
17992
17996
17997
17998
17999
18004
18005
18006
18012
18015
18022
18031
18118
18127
18164
18165
18166
18172
18176
18177
18180
18181
18183
18186
18187
18189
18190
18191
18192
18197
18199
18202
18205
18207
18213
18215
18221
18223
18229
18231
18237
18239
18240
18241
18243
18244
18245
18246
18247
18249
18250
18251
18252
18253
18254
18255
18257
18260
18261
18263
18267
18269
18270
18271
18277
18279
18283
18285
18286
18287
18293
18295
18301
18303
18309
18311
18317
18319
18325
18327
18333
18335
18341
18343
18349
18351
18357
18359
18365
18367
18373
18375
18379
18381
18382
18383
18389
18391
18397
18399
18405
18407
18413
18415
18417
18420
18421
18423
18429
18432
18434
18437
18440
18442
18447
18448
18450
18453
18456
18458
18463
18472
18488
18496
18497
18498
18499
18500
18501
18502
18504
18505
18506
18508
18511
18512
18514
18520
18536
18568
18584
18592
18594
18600
18632
18672
18674
18680
18689
18691
18693
18697
18703
18752
18753
18754
18755
18757
18759
18760
18761
18763
18765
18767
18769
18771
18773
18777
18783
18793
18799
18889
18895
18929
18931
18933
18937
18944
18945
18946
18948
18949
18951
18952
18954
18955
18957
18958
18959
18960
18961
18962
18964
18965
18967
18968
18970
18971
18973
18974
18975
18986
18987
18990
18991
19002
19003
19006
19007
19008
19009
19010
19012
19013
19015
19016
19018
19019
19021
19022
19023
19024
19029
19034
19035
19038
19039
19050
19051
19054
19055
19066
19067
19070
19071
19082
19083
19086
19087
19098
19099
19102
19103
19104
19109
19114
19115
19118
19119
19130
19131
19134
19135
19146
19147
19150
19151
19162
19163
19166
19167
19178
19179
19182
19183
19184
19189
19194
19195
19198
19199
19200
19201
19205
19207
19210
19211
19213
19214
19215
19216
19221
19226
19227
19230
19231
19242
19243
19246
19247
19258
19259
19262
19263
19264
19265
19267
19269
19271
19273
19274
19275
19277
19278
19279
19281
19285
19287
19290
19291
19293
19294
19295
19301
19303
19306
19307
19309
19310
19311
19317
19322
19323
19326
19338
19339
19342
19343
19354
19355
19358
19359
19370
19371
19374
19375
19386
19387
19390
19391
19397
19399
19402
19403
19405
19406
19407
19413
19418
19419
19422
19429
19434
19435
19438
19439
19441
19445
19450
19451
19454
19460
19461
19462
19468
19471
19520
19522
19524
19525
19526
19527
19528
19532
19533
19534
19535
19540
19541
19542
19548
19551
19564
19567
19660
19663
19700
19701
19702
19708
19712
19713
19716
19717
19719
19722
19723
19725
19726
19727
19728
19733
19735
19738
19741
19743
19749
19751
19757
19759
19765
19767
19773
19775
19776
19777
19779
19780
19781
19782
19783
19785
19786
19787
19788
19789
19790
19791
19793
19796
19797
19799
19803
19805
19806
19807
19813
19815
19819
19821
19822
19823
19829
19831
19837
19839
19845
19847
19853
19855
19861
19863
19869
19871
19877
19879
19885
19887
19893
19895
19901
19903
19909
19911
19915
19917
19918
19919
19925
19927
19933
19935
19941
19943
19949
19951
19953
19956
19957
19959
19965
19968
19972
19973
19975
19978
19979
19981
19982
19983
19984
19989
19994
19995
19998
19999
20010
20011
20014
20015
20026
20027
20030
20031
20032
20036
20037
20038
20039
20042
20043
20044
20045
20046
20047
20052
20053
20055
20058
20059
20061
20062
20063
20069
20071
20074
20075
20077
20078
20079
20085
20090
20091
20094
20106
20107
20110
20111
20122
20123
20126
20127
20138
20139
20142
20143
20154
20155
20158
20159
20165
20167
20170
20171
20173
20174
20175
20181
20186
20187
20190
20197
20202
20203
20206
20207
20212
20213
20218
20219
20222
20224
20225
20226
20227
20228
20229
20230
20231
20232
20233
20234
20235
20236
20237
20238
20239
20240
20241
20242
20244
20245
20247
20248
20250
20251
20253
20254
20255
20261
20263
20266
20267
20269
20270
20271
20277
20279
20282
20283
20285
20286
20287
20288
20289
20290
20291
20292
20293
20294
20295
20296
20297
20298
20299
20300
20301
20302
20303
20304
20305
20307
20308
20309
20310
20311
20313
20314
20315
20316
20317
20318
20319
20321
20323
20324
20325
20326
20327
20329
20330
20331
20332
20333
20334
20335
20337
20340
20341
20343
20346
20349
20351
20357
20359
20362
20363
20365
20366
20367
20373
20375
20378
20379
20381
20382
20383
20384
20389
20391
20394
20395
20397
20398
20399
20405
20407
20410
20411
20413
20414
20415
20417
20419
20420
20421
20422
20423
20425
20426
20427
20428
20429
20430
20431
20433
20436
20437
20439
20442
20445
20447
20449
20452
20453
20455
20458
20459
20461
20462
20463
20464
20465
20468
20469
20474
20479
20480
20481
20482
20484
20485
20487
20488
20490
20491
20493
20494
20495
20496
20497
20498
20500
20501
20504
20506
20511
20512
20513
20514
20516
20517
20520
20522
20527
20528
20529
20532
20544
20545
20546
20548
20549
20552
20554
20559
20560
20561
20562
20563
20564
20565
20566
20567
20568
20569
20570
20571
20572
20573
20574
20575
20576
20577
20580
20592
20593
20594
20595
20596
20597
20598
20599
20600
20601
20602
20603
20604
20605
20606
20607
20608
20609
20610
20612
20613
20616
20618
20623
20624
20625
20628
20640
20641
20642
20644
20645
20647
20648
20650
20651
20653
20654
20655
20656
20657
20658
20660
20661
20664
20666
20671
20672
20673
20676
20688
20689
20690
20691
20692
20693
20694
20695
20696
20697
20698
20699
20700
20701
20702
20703
20704
20705
20706
20708
20709
20712
20714
20719
20720
20721
20722
20723
20724
20725
20726
20727
20728
20729
20730
20731
20732
20733
20734
20735
20736
20737
20740
20741
20746
20751
20752
20753
20755
20756
20757
20759
20761
20763
20765
20767
20768
20769
20772
20784
20785
20789
20799
20800
20801
20803
20804
20805
20807
20809
20811
20813
20815
20816
20817
20818
20819
20820
20821
20822
20823
20824
20825
20826
20827
20828
20829
20830
20831
20832
20833
20837
20847
20848
20849
20850
20851
20852
20853
20854
20855
20856
20857
20858
20859
20860
20861
20862
20863
20864
20865
20868
20880
20881
20885
20895
20896
20897
20900
20901
20906
20911
20912
20913
20915
20916
20917
20919
20921
20923
20925
20927
20928
20929
20933
20943
20944
20945
20946
20947
20948
20949
20950
20951
20952
20953
20954
20955
20956
20957
20958
20959
20960
20961
20963
20964
20965
20967
20969
20971
20973
20975
20976
20977
20978
20979
20980
20981
20982
20983
20984
20985
20986
20987
20988
20989
20990
20991
20992
20994
20997
21000
21002
21007
21008
21010
21016
21024
21026
21032
21056
21058
21064
21072
21073
21074
21075
21076
21077
21078
21079
21080
21081
21082
21083
21084
21085
21086
21087
21104
21105
21106
21107
21108
21109
21110
21111
21112
21113
21114
21115
21116
21117
21118
21119
21120
21122
21128
21152
21154
21157
21160
21162
21167
21168
21170
21176
21200
21201
21202
21203
21204
21205
21206
21207
21208
21209
21210
21211
21212
21213
21214
21215
21216
21218
21224
21232
21233
21234
21235
21236
21237
21238
21239
21240
21241
21242
21243
21244
21245
21246
21247
21265
21267
21269
21273
21279
21313
21315
21317
21321
21327
21328
21329
21330
21331
21332
21333
21334
21335
21336
21337
21338
21339
21340
21341
21342
21343
21360
21361
21362
21363
21364
21365
21366
21367
21368
21369
21370
21371
21372
21373
21374
21425
21427
21429
21433
21456
21457
21458
21459
21460
21461
21462
21463
21464
21465
21466
21467
21468
21469
21470
21473
21475
21477
21481
21488
21489
21490
21491
21492
21493
21494
21495
21496
21497
21498
21499
21500
21501
21502
21504
21505
21508
21509
21514
21519
21520
21521
21524
21525
21526
21527
21532
21533
21534
21535
21536
21537
21540
21552
21556
21557
21567
21568
21569
21572
21573
21574
21575
21580
21581
21582
21583
21584
21585
21586
21587
21588
21589
21590
21591
21592
21593
21594
21595
21596
21597
21598
21599
21600
21604
21605
21615
21616
21617
21618
21619
21620
21621
21622
21623
21624
21625
21626
21627
21628
21629
21630
21631
21632
21633
21636
21648
21652
21653
21663
21664
21665
21668
21669
21674
21679
21680
21681
21684
21685
21686
21687
21692
21693
21694
21695
21696
21700
21701
21711
21712
21713
21714
21715
21716
21717
21718
21719
21720
21721
21722
21723
21724
21725
21726
21727
21728
21729
21732
21733
21734
21735
21740
21741
21742
21743
21744
21745
21746
21747
21748
21749
21750
21751
21752
21753
21754
21755
21756
21757
21758
21759
21760
21761
21762
21764
21765
21767
21768
21770
21771
21773
21774
21775
21776
21777
21779
21780
21781
21782
21783
21785
21786
21787
21788
21789
21790
21791
21792
21797
21799
21802
21805
21807
21809
21812
21813
21815
21819
21821
21822
21823
21824
21825
21827
21828
21829
21830
21831
21833
21834
21835
21836
21837
21838
21839
21840
21841
21842
21843
21844
21845
21846
21847
21848
21849
21850
21851
21852
21853
21854
21855
21857
21860
21861
21863
21867
21869
21870
21871
21872
21873
21874
21875
21876
21877
21878
21879
21880
21881
21882
21883
21884
21885
21886
21887
21888
21893
21895
21898
21901
21903
21905
21908
21909
21911
21915
21917
21918
21919
21920
21921
21922
21924
21925
21927
21928
21930
21931
21933
21934
21935
21936
21937
21939
21940
21941
21942
21943
21945
21946
21947
21948
21949
21950
21951
21953
21956
21957
21959
21963
21965
21966
21967
21968
21969
21970
21971
21972
21973
21974
21975
21976
21977
21978
21979
21980
21981
21982
21983
21984
21985
21987
21988
21989
21990
21991
21993
21994
21995
21996
21997
21998
21999
22000
22001
22002
22003
22004
22005
22006
22007
22008
22009
22010
22011
22012
22013
22014
22015
22036
22037
22038
22044
22047
22084
22085
22086
22092
22095
22096
22097
22098
22099
22100
22101
22102
22103
22104
22105
22106
22107
22108
22109
22110
22111
22128
22129
22130
22131
22132
22133
22134
22135
22136
22137
22138
22139
22140
22141
22142
22196
22197
22198
22204
22224
22225
22226
22227
22228
22229
22230
22231
22232
22233
22234
22235
22236
22237
22238
22244
22245
22246
22252
22256
22257
22258
22259
22260
22261
22262
22263
22264
22265
22266
22267
22268
22269
22270
22272
22277
22279
22282
22285
22287
22289
22292
22293
22295
22299
22301
22302
22303
22309
22311
22317
22319
22325
22327
22333
22335
22337
22340
22341
22343
22347
22349
22350
22351
22352
22353
22354
22355
22356
22357
22358
22359
22360
22361
22362
22363
22364
22365
22366
22367
22373
22375
22381
22383
22384
22385
22386
22387
22388
22389
22390
22391
22392
22393
22394
22396
22397
22399
22405
22407
22413
22415
22421
22423
22429
22431
22432
22437
22439
22442
22445
22447
22449
22452
22453
22455
22461
22469
22471
22477
22479
22480
22481
22482
22483
22484
22485
22486
22487
22488
22489
22490
22492
22493
22495
22497
22500
22501
22503
22509
22512
22513
22514
22515
22516
22517
22518
22519
22520
22521
22522
22524
22525
22527
22528
22530
22533
22536
22538
22543
22544
22546
22552
22560
22562
22568
22592
22594
22600
22608
22609
22610
22611
22612
22613
22614
22615
22616
22617
22618
22619
22620
22621
22622
22623
22640
22641
22642
22643
22644
22645
22646
22647
22648
22649
22650
22651
22652
22653
22654
22655
22656
22658
22664
22688
22690
22693
22696
22698
22703
22704
22706
22712
22736
22737
22738
22739
22740
22741
22742
22743
22744
22745
22746
22747
22748
22749
22750
22751
22752
22754
22760
22768
22769
22770
22771
22772
22773
22774
22775
22776
22777
22778
22779
22780
22781
22782
22783
22801
22803
22805
22809
22815
22849
22851
22853
22857
22863
22864
22865
22866
22867
22868
22869
22870
22871
22872
22873
22874
22875
22876
22877
22878
22879
22896
22897
22898
22899
22900
22901
22902
22903
22904
22905
22906
22907
22908
22909
22910
22961
22963
22965
22969
22992
22993
22994
22995
22996
22997
22998
22999
23000
23001
23002
23003
23004
23005
23006
23009
23011
23013
23017
23024
23025
23026
23027
23028
23029
23030
23031
23032
23033
23034
23035
23036
23037
23038
23040
23041
23042
23044
23045
23047
23048
23050
23051
23053
23054
23055
23056
23061
23066
23067
23070
23071
23072
23077
23082
23083
23086
23087
23098
23099
23102
23103
23104
23109
23114
23115
23118
23119
23120
23121
23122
23123
23124
23125
23126
23127
23128
23129
23130
23131
23132
23133
23134
23135
23146
23147
23150
23151
23152
23153
23154
23155
23156
23157
23158
23159
23160
23161
23162
23163
23164
23165
23166
23167
23168
23173
23178
23179
23182
23183
23194
23195
23198
23199
23200
23201
23202
23204
23205
23207
23208
23210
23211
23213
23214
23215
23216
23221
23226
23227
23230
23231
23242
23243
23246
23247
23248
23249
23250
23251
23252
23253
23254
23255
23256
23257
23258
23259
23260
23261
23262
23263
23264
23269
23274
23275
23278
23279
23280
23281
23282
23283
23284
23285
23286
23287
23288
23289
23290
23291
23292
23293
23294
23295
23296
23301
23306
23307
23310
23311
23313
23317
23319
23322
23323
23325
23326
23327
23338
23339
23342
23343
23349
23354
23355
23358
23361
23365
23367
23370
23371
23373
23374
23375
23376
23377
23378
23379
23380
23381
23382
23383
23384
23385
23386
23387
23388
23389
23390
23391
23397
23402
23403
23406
23408
23409
23410
23411
23412
23413
23414
23416
23417
23418
23419
23420
23422
23423
23434
23435
23438
23439
23445
23450
23451
23454
23456
23461
23466
23467
23470
23471
23473
23477
23482
23483
23486
23493
23498
23499
23502
23504
23505
23506
23507
23508
23509
23510
23512
23513
23514
23515
23516
23518
23519
23521
23525
23530
23531
23534
23536
23537
23538
23539
23540
23541
23542
23544
23545
23546
23547
23548
23550
23551
23572
23573
23574
23580
23583
23620
23621
23622
23628
23631
23632
23633
23634
23635
23636
23637
23638
23639
23640
23641
23642
23643
23644
23645
23646
23647
23664
23665
23666
23667
23668
23669
23670
23671
23672
23673
23674
23675
23676
23677
23678
23732
23733
23734
23740
23760
23761
23762
23763
23764
23765
23766
23767
23768
23769
23770
23771
23772
23773
23774
23780
23781
23782
23788
23792
23793
23794
23795
23796
23797
23798
23799
23800
23801
23802
23803
23804
23805
23806
23808
23813
23815
23818
23821
23823
23825
23828
23829
23831
23835
23837
23838
23839
23845
23847
23853
23855
23861
23863
23869
23871
23873
23876
23877
23879
23883
23885
23886
23887
23888
23889
23890
23891
23892
23893
23894
23895
23896
23897
23898
23899
23900
23901
23902
23903
23909
23911
23917
23919
23920
23921
23922
23923
23924
23925
23926
23927
23928
23929
23930
23932
23933
23935
23941
23943
23949
23951
23957
23959
23965
23967
23968
23973
23975
23978
23981
23983
23985
23988
23989
23991
23997
24005
24007
24013
24015
24016
24017
24018
24019
24020
24021
24022
24023
24024
24025
24026
24028
24029
24031
24033
24036
24037
24039
24045
24048
24049
24050
24051
24052
24053
24054
24055
24056
24057
24058
24060
24061
24063
24064
24069
24074
24075
24078
24079
24084
24085
24087
24090
24091
24093
24094
24095
24106
24107
24110
24111
24117
24122
24123
24126
24132
24133
24135
24138
24139
24141
24142
24143
24144
24145
24146
24147
24148
24149
24150
24151
24152
24153
24154
24155
24156
24157
24158
24159
24165
24170
24171
24174
24176
24177
24178
24179
24180
24181
24182
24184
24185
24186
24187
24188
24190
24191
24202
24203
24206
24207
24213
24218
24219
24222
24224
24229
24234
24235
24238
24239
24244
24245
24250
24251
24254
24261
24266
24267
24270
24272
24273
24274
24275
24276
24277
24278
24280
24281
24282
24283
24284
24286
24287
24292
24293
24298
24299
24302
24304
24305
24306
24307
24308
24309
24310
24312
24313
24314
24315
24316
24318
24319
24320
24321
24322
24324
24325
24327
24328
24330
24331
24333
24334
24335
24336
24337
24339
24340
24341
24342
24343
24345
24346
24347
24348
24349
24350
24351
24352
24357
24359
24362
24363
24365
24366
24367
24369
24372
24373
24375
24378
24381
24383
24384
24385
24387
24388
24389
24390
24391
24393
24394
24395
24396
24397
24398
24399
24400
24401
24402
24403
24404
24405
24406
24407
24408
24409
24410
24411
24412
24413
24414
24415
24417
24420
24421
24423
24426
24429
24431
24432
24433
24434
24436
24437
24439
24440
24442
24443
24445
24446
24447
24448
24453
24455
24458
24459
24461
24462
24463
24465
24468
24469
24471
24474
24477
24479
24480
24481
24482
24484
24485
24487
24488
24490
24491
24493
24494
24495
24496
24497
24500
24501
24506
24511
24513
24516
24517
24519
24522
24525
24527
24528
24529
24530
24532
24533
24535
24536
24538
24539
24541
24542
24543
24544
24545
24548
24549
24554
24559
24560
24561
24562
24564
24565
24567
24568
24570
24571
24573
24574
24575
24576
24592
24608
24610
24616
24624
24626
24632
24640
24641
24644
24656
24657
24660
24672
24673
24674
24676
24680
24688
24704
24720
24736
24738
24744
24752
24768
24769
24772
24784
24800
24816
24817
24818
24820
24824
24833
24865
24896
24897
24901
24911
24912
24913
24917
24927
24928
24929
24931
24933
24937
24943
24945
24961
25024
25025
25029
25039
25041
25057
25072
25073
25075
25077
25081
25090
25106
25120
25122
25130
25135
25136
25138
25146
25151
25154
25184
25186
25187
25190
25194
25199
25202
25248
25250
25258
25263
25266
25314
25328
25330
25331
25334
25338
25379
25391
25411
25423
25441
25442
25443
25447
25451
25455
25459
25571
25585
25586
25587
25604
25636
25664
25668
25669
25679
25680
25684
25685
25695
25696
25700
25701
25702
25708
25711
25716
25732
25792
25796
25797
25807
25812
25828
25840
25844
25845
25846
25852
25861
25863
25869
25871
25877
25879
25885
25887
25893
25895
25901
25903
25909
25911
25917
25919
25921
25924
25925
25927
25931
25933
25934
25935
25937
25940
25941
25943
25947
25949
25950
25951
25953
25956
25957
25959
25963
25965
25966
25967
25973
25975
25981
25983
25989
25991
25997
25999
26005
26007
26013
26015
26021
26023
26029
26031
26037
26039
26045
26047
26049
26052
26053
26055
26059
26061
26062
26063
26069
26071
26077
26079
26085
26087
26093
26095
26097
26100
26101
26150
26159
26182
26191
26210
26212
26214
26215
26222
26223
26230
26342
26354
26356
26358
26373
26375
26381
26383
26389
26391
26397
26399
26405
26407
26410
26411
26413
26414
26415
26421
26423
26426
26429
26431
26437
26439
26443
26445
26446
26447
26453
26455
26461
26463
26467
26469
26470
26471
26474
26475
26477
26478
26479
26485
26487
26493
26501
26503
26509
26511
26517
26519
26525
26527
26533
26535
26538
26541
26549
26551
26557
26565
26567
26573
26575
26581
26583
26589
26597
26599
26605
26632
26648
26656
26664
26666
26671
26672
26680
26682
26687
26696
26720
26728
26729
26730
26732
26735
26744
26784
26792
26794
26799
26808
26856
26864
26872
26873
26874
26876
26921
26927
26953
26959
26977
26984
26985
26987
26989
26991
27001
27113
27121
27128
27129
27146
27147
27150
27151
27162
27163
27166
27167
27170
27175
27176
27178
27179
27181
27182
27183
27186
27191
27192
27194
27195
27197
27198
27199
27210
27211
27214
27215
27226
27227
27230
27231
27234
27239
27240
27242
27243
27245
27246
27247
27258
27259
27262
27263
27274
27275
27278
27279
27290
27291
27294
27295
27298
27303
27304
27306
27307
27309
27310
27311
27322
27323
27326
27327
27338
27339
27342
27343
27354
27355
27358
27359
27370
27371
27374
27375
27378
27384
27386
27402
27403
27406
27407
27418
27419
27422
27423
27431
27434
27435
27437
27438
27439
27450
27451
27454
27455
27461
27463
27466
27467
27469
27470
27471
27477
27482
27483
27486
27491
27493
27495
27497
27498
27499
27501
27502
27503
27514
27515
27518
27530
27531
27534
27535
27546
27547
27550
27551
27562
27563
27566
27567
27578
27579
27582
27589
27594
27595
27598
27599
27610
27611
27614
27626
27627
27630
27692
27695
27724
27727
27748
27752
27756
27757
27758
27759
27772
27884
27892
27896
27900
27909
27911
27917
27919
27925
27927
27933
27935
27941
27943
27946
27947
27949
27950
27951
27957
27959
27962
27965
27967
27973
27975
27979
27981
27982
27983
27989
27991
27997
27999
28005
28007
28009
28010
28011
28012
28013
28014
28015
28021
28023
28029
28037
28039
28045
28047
28053
28055
28061
28063
28069
28071
28074
28077
28085
28087
28093
28101
28103
28109
28111
28117
28119
28125
28133
28135
28141
28170
28171
28174
28175
28186
28187
28190
28191
28199
28202
28203
28205
28206
28207
28218
28219
28222
28223
28229
28231
28234
28235
28237
28238
28239
28245
28250
28251
28254
28261
28262
28263
28266
28267
28268
28269
28270
28271
28282
28283
28286
28298
28299
28302
28303
28314
28315
28318
28319
28330
28331
28334
28335
28346
28347
28350
28357
28362
28363
28366
28367
28378
28379
28382
28394
28395
28398
28421
28423
28426
28427
28429
28430
28431
28437
28439
28442
28443
28445
28446
28447
28450
28451
28453
28454
28455
28456
28457
28458
28459
28460
28461
28462
28463
28466
28469
28471
28472
28474
28475
28477
28478
28479
28481
28483
28484
28485
28486
28487
28489
28490
28491
28492
28493
28494
28495
28497
28500
28501
28503
28506
28509
28511
28513
28514
28515
28516
28517
28518
28519
28520
28521
28522
28523
28524
28525
28526
28527
28533
28538
28543
28549
28551
28554
28555
28557
28558
28559
28565
28567
28570
28571
28573
28574
28575
28578
28581
28584
28586
28587
28590
28591
28597
28602
28607
28609
28612
28613
28615
28618
28619
28621
28622
28623
28629
28634
28639
28645
28650
28655
28671
28672
28673
28674
28676
28677
28680
28682
28687
28688
28689
28692
28704
28706
28712
28720
28736
28737
28740
28752
28753
28754
28755
28756
28757
28758
28759
28760
28761
28762
28763
28764
28765
28766
28767
28768
28784
28785
28786
28787
28788
28789
28790
28791
28792
28793
28794
28795
28796
28797
28798
28799
28800
28816
28832
28833
28834
28836
28837
28840
28842
28847
28848
28849
28850
28852
28856
28864
28880
28881
28882
28883
28884
28885
28886
28887
28888
28889
28890
28891
28892
28893
28894
28895
28896
28897
28898
28900
28904
28912
28913
28914
28915
28916
28917
28918
28919
28920
28921
28922
28923
28924
28925
28926
28927
28928
28929
28932
28944
28945
28949
28959
28977
28992
28993
28997
29007
29008
29009
29010
29011
29012
29013
29014
29015
29016
29017
29018
29019
29020
29021
29022
29023
29025
29040
29041
29042
29043
29044
29045
29046
29047
29048
29049
29050
29051
29052
29053
29054
29055
29073
29088
29089
29092
29104
29105
29107
29109
29113
29121
29136
29137
29138
29139
29140
29141
29142
29143
29144
29145
29146
29147
29148
29149
29150
29151
29152
29153
29155
29157
29161
29168
29169
29170
29171
29172
29173
29174
29175
29176
29177
29178
29179
29180
29181
29182
29184
29186
29192
29216
29218
29226
29231
29234
29264
29265
29266
29267
29268
29269
29270
29271
29272
29273
29274
29275
29276
29277
29278
29279
29282
29296
29297
29298
29299
29300
29301
29302
29303
29304
29305
29306
29307
29308
29309
29310
29311
29344
29346
29347
29350
29351
29352
29354
29355
29358
29359
29360
29362
29363
29366
29370
29392
29393
29394
29395
29396
29397
29398
29399
29400
29401
29402
29403
29404
29405
29406
29407
29408
29410
29411
29414
29418
29424
29425
29426
29427
29428
29429
29430
29431
29432
29433
29434
29436
29437
29491
29520
29521
29522
29523
29524
29525
29526
29527
29528
29529
29530
29531
29532
29533
29534
29539
29552
29553
29554
29555
29556
29557
29558
29559
29560
29561
29562
29563
29564
29565
29566
29602
29603
29606
29610
29617
29618
29619
29648
29649
29650
29651
29652
29653
29654
29655
29656
29657
29658
29659
29660
29661
29662
29665
29666
29667
29680
29681
29682
29683
29684
29685
29686
29688
29689
29692
29696
29697
29700
29712
29716
29717
29727
29748
29760
29764
29765
29775
29776
29777
29778
29779
29780
29781
29782
29783
29784
29785
29786
29787
29788
29789
29790
29791
29796
29808
29809
29810
29811
29812
29813
29814
29815
29816
29817
29818
29819
29820
29821
29822
29823
29844
29856
29857
29860
29872
29876
29877
29878
29884
29892
29904
29905
29906
29907
29908
29909
29910
29911
29912
29913
29914
29915
29916
29917
29918
29919
29920
29924
29925
29926
29932
29936
29937
29938
29939
29940
29941
29942
29943
29944
29945
29946
29947
29948
29949
29950
29952
29957
29959
29962
29965
29967
29969
29972
29973
29975
29979
29981
29982
29983
29989
29991
29997
29999
30005
30007
30013
30015
30017
30020
30021
30023
30027
30029
30030
30031
30032
30033
30034
30035
30036
30037
30038
30039
30040
30041
30042
30043
30044
30045
30046
30047
30053
30055
30061
30063
30064
30065
30066
30067
30068
30069
30070
30071
30072
30073
30074
30075
30076
30077
30078
30079
30085
30087
30093
30095
30101
30103
30109
30111
30112
30117
30119
30122
30125
30127
30129
30132
30133
30149
30151
30157
30159
30160
30161
30162
30163
30164
30165
30166
30167
30168
30169
30170
30171
30172
30173
30174
30175
30177
30180
30181
30192
30193
30194
30195
30196
30197
30198
30199
30200
30201
30202
30204
30205
30207
30262
30288
30289
30290
30291
30292
30293
30294
30295
30296
30297
30298
30299
30300
30301
30302
30310
30320
30321
30322
30323
30324
30325
30326
30327
30328
30329
30330
30331
30332
30333
30334
30370
30371
30374
30378
30386
30388
30390
30416
30417
30418
30419
30420
30421
30422
30423
30424
30425
30426
30427
30428
30429
30430
30434
30436
30438
30448
30449
30450
30451
30452
30453
30454
30456
30457
30460
30469
30471
30477
30479
30485
30487
30493
30495
30501
30503
30506
30509
30511
30517
30519
30525
30533
30535
30541
30543
30544
30545
30546
30547
30548
30549
30550
30551
30552
30553
30554
30556
30557
30559
30565
30567
30573
30576
30577
30578
30579
30580
30581
30582
30583
30584
30585
30586
30588
30589
30591
30597
30599
30605
30607
30613
30615
30621
30626
30629
30631
30634
30637
30661
30663
30669
30672
30673
30674
30675
30676
30677
30678
30679
30680
30681
30682
30684
30685
30687
30704
30705
30706
30708
30709
30711
30712
30717
30719
30720
30722
30728
30752
30760
30762
30767
30776
30800
30801
30802
30803
30804
30805
30806
30807
30808
30809
30810
30811
30812
30813
30814
30815
30824
30832
30833
30834
30835
30836
30837
30838
30839
30840
30841
30842
30843
30844
30845
30846
30847
30880
30882
30888
30889
30890
30891
30892
30893
30894
30895
30896
30904
30905
30906
30908
30928
30929
30930
30931
30932
30933
30934
30935
30936
30937
30938
30939
30940
30941
30942
30943
30944
30952
30953
30954
30956
30960
30961
30962
30963
30964
30965
30966
30967
30968
30969
30970
30972
30973
31033
31056
31057
31058
31059
31060
31061
31062
31063
31064
31065
31066
31067
31068
31069
31070
31081
31088
31089
31090
31091
31092
31093
31094
31095
31096
31097
31098
31099
31100
31101
31102
31144
31145
31146
31148
31153
31160
31161
31184
31185
31186
31187
31188
31189
31190
31191
31192
31193
31194
31195
31196
31197
31198
31201
31208
31209
31216
31217
31218
31219
31220
31221
31222
31224
31225
31228
31232
31237
31242
31243
31246
31247
31258
31259
31262
31263
31266
31271
31272
31274
31275
31277
31278
31279
31290
31291
31294
31295
31306
31307
31310
31311
31312
31313
31314
31315
31316
31317
31318
31319
31320
31321
31322
31323
31324
31325
31326
31327
31338
31339
31342
31343
31344
31345
31346
31347
31348
31349
31350
31351
31352
31353
31354
31355
31356
31357
31358
31359
31370
31371
31374
31375
31386
31387
31390
31391
31392
31394
31395
31397
31398
31399
31400
31401
31402
31403
31404
31405
31406
31407
31410
31416
31418
31434
31435
31438
31439
31440
31441
31442
31443
31444
31445
31446
31447
31448
31449
31450
31451
31452
31453
31454
31455
31458
31464
31466
31472
31473
31474
31476
31477
31480
31482
31483
31486
31487
31498
31499
31502
31503
31509
31514
31515
31518
31530
31531
31534
31535
31546
31547
31550
31557
31562
31563
31566
31568
31569
31570
31571
31572
31573
31574
31576
31577
31578
31579
31580
31582
31583
31594
31595
31598
31600
31601
31602
31603
31604
31605
31606
31608
31609
31610
31611
31612
31614
31615
31626
31627
31630
31631
31642
31643
31646
31650
31656
31658
31659
31662
31690
31691
31694
31696
31697
31698
31699
31700
31701
31702
31704
31705
31706
31707
31708
31710
31711
31728
31729
31732
31738
31739
31742
31743
31804
31824
31825
31826
31827
31828
31829
31830
31831
31832
31833
31834
31835
31836
31837
31838
31852
31856
31857
31858
31859
31860
31861
31862
31863
31864
31865
31866
31867
31868
31869
31870
31912
31913
31914
31916
31924
31928
31932
31952
31953
31954
31955
31956
31957
31958
31959
31960
31961
31962
31963
31964
31965
31966
31972
31976
31980
31984
31985
31986
31987
31988
31989
31990
31992
31993
31996
32005
32007
32013
32015
32021
32023
32029
32031
32037
32039
32042
32045
32047
32053
32055
32061
32069
32071
32077
32079
32080
32081
32082
32083
32084
32085
32086
32087
32088
32089
32090
32092
32093
32095
32101
32103
32109
32112
32113
32114
32115
32116
32117
32118
32119
32120
32121
32122
32124
32125
32127
32133
32135
32141
32143
32149
32151
32157
32165
32167
32168
32170
32173
32197
32199
32205
32208
32209
32210
32211
32212
32213
32214
32215
32216
32217
32218
32220
32221
32223
32240
32241
32242
32244
32245
32247
32248
32253
32255
32266
32267
32270
32271
32277
32282
32283
32286
32298
32299
32302
32303
32314
32315
32318
32325
32330
32331
32334
32336
32337
32338
32339
32340
32341
32342
32344
32345
32346
32347
32348
32350
32351
32362
32363
32366
32368
32369
32370
32371
32372
32373
32374
32376
32377
32378
32379
32380
32382
32383
32394
32395
32398
32399
32410
32411
32414
32418
32424
32426
32427
32430
32458
32459
32462
32464
32465
32466
32467
32468
32469
32470
32472
32473
32474
32475
32476
32478
32479
32496
32497
32500
32506
32507
32510
32511
32512
32517
32519
32522
32523
32525
32526
32527
32529
32532
32533
32535
32538
32541
32543
32546
32549
32551
32552
32554
32555
32557
32558
32559
32565
32570
32575
32577
32580
32581
32583
32586
32589
32591
32592
32593
32594
32596
32597
32599
32600
32602
32603
32605
32606
32607
32613
32618
32623
32624
32625
32626
32628
32629
32631
32632
32634
32635
32637
32638
32639
32645
32647
32650
32651
32653
32654
32655
32661
32666
32671
32672
32674
32677
32680
32682
32687
32703
32709
32714
32719
32720
32721
32722
32724
32725
32727
32728
32730
32731
32733
32734
32735
32751
32752
32757
32759
32762
32763
32765
32766
32767
32769
32770
32772
32773
32775
32776
32778
32779
32781
32782
32783
32784
32800
32801
32802
32804
32805
32807
32808
32810
32811
32813
32814
32815
32816
32832
32848
32849
32850
32852
32853
32856
32858
32863
32864
32880
32896
32897
32898
32899
32900
32901
32902
32903
32904
32905
32906
32907
32908
32909
32910
32911
32912
32914
32920
32928
32929
32930
32932
32933
32936
32938
32943
32944
32946
32952
32960
32962
32968
32976
32978
32984
32992
32994
33000
33008
33009
33010
33012
33013
33016
33018
33023
33024
33025
33028
33029
33034
33039
33041
33056
33057
33060
33061
33066
33071
33073
33089
33104
33105
33108
33121
33152
33153
33154
33155
33156
33157
33158
33160
33161
33162
33164
33167
33169
33184
33185
33188
33217
33264
33265
33268
33280
33282
33283
33285
33286
33287
33288
33290
33291
33294
33295
33298
33312
33314
33317
33320
33322
33327
33346
33360
33362
33368
33408
33409
33410
33411
33412
33413
33414
33415
33416
33418
33419
33422
33423
33424
33426
33434
33439
33440
33442
33443
33446
33447
33448
33450
33451
33454
33455
33456
33458
33466
33471
33472
33474
33482
33487
33488
33490
33498
33503
33504
33506
33514
33519
33520
33522
33523
33526
33527
33528
33530
33531
33534
33535
33538
33539
33542
33546
33551
33664
33665
33666
33667
33668
33670
33671
33674
33675
33678
33679
33683
33695
33698
33699
33702
33706
33711
33731
33743
33778
33779
33782
33786
33792
33793
33796
33797
33802
33807
33812
33824
33825
33828
33829
33834
33839
33844
33860
33872
33873
33876
33892
33920
33921
33922
33923
33924
33925
33926
33928
33929
33930
33932
33935
33940
33952
33953
33956
33988
34032
34033
34036
34048
34049
34050
34052
34053
34055
34056
34058
34059
34061
34062
34063
34069
34071
34077
34079
34080
34081
34082
34084
34085
34087
34088
34090
34091
34093
34094
34095
34101
34103
34109
34111
34117
34119
34125
34127
34128
34133
34135
34138
34141
34143
34149
34151
34157
34159
34165
34167
34173
34175
34176
34177
34178
34180
34181
34183
34184
34186
34187
34189
34190
34191
34197
34199
34205
34207
34208
34213
34215
34218
34221
34223
34229
34231
34237
34239
34245
34247
34253
34255
34261
34263
34269
34271
34277
34279
34285
34287
34288
34293
34295
34298
34301
34303
34306
34307
34310
34314
34319
34432
34433
34434
34435
34436
34438
34439
34442
34443
34446
34447
34454
34463
34466
34467
34470
34474
34479
34502
34511
34546
34547
34550
34554
34560
34562
34565
34567
34570
34571
34573
34574
34575
34581
34583
34589
34591
34592
34597
34599
34602
34605
34607
34613
34615
34621
34623
34629
34631
34637
34639
34645
34647
34653
34655
34661
34663
34669
34671
34677
34679
34685
34687
34688
34690
34691
34693
34694
34695
34698
34699
34701
34702
34703
34709
34711
34714
34715
34717
34718
34719
34722
34725
34727
34730
34731
34733
34734
34735
34741
34743
34746
34749
34757
34759
34762
34763
34765
34766
34767
34773
34775
34778
34781
34783
34789
34791
34794
34797
34802
34805
34807
34810
34813
34816
34818
34821
34824
34825
34826
34827
34828
34829
34830
34831
34840
34848
34850
34853
34856
34858
34863
34888
34896
34898
34904
34944
34945
34946
34948
34949
34952
34953
34954
34955
34956
34957
34958
34959
34960
34968
34970
34975
34976
34978
34984
34985
34986
34987
34988
34989
34990
34991
34992
35000
35002
35007
35008
35016
35018
35023
35024
35032
35034
35039
35040
35048
35050
35055
35056
35058
35064
35065
35066
35067
35068
35069
35070
35071
35080
35081
35082
35084
35087
35200
35201
35204
35208
35209
35210
35211
35212
35213
35214
35215
35225
35231
35240
35241
35242
35244
35247
35273
35279
35320
35321
35322
35324
35328
35329
35330
35331
35332
35333
35334
35335
35336
35337
35338
35339
35340
35341
35342
35343
35354
35355
35358
35359
35360
35361
35362
35364
35365
35367
35368
35370
35371
35373
35374
35375
35386
35387
35390
35391
35402
35403
35406
35407
35408
35413
35418
35419
35422
35423
35434
35435
35438
35439
35450
35451
35454
35455
35456
35457
35458
35459
35460
35461
35462
35463
35464
35465
35466
35467
35468
35469
35470
35471
35474
35479
35480
35482
35483
35485
35486
35487
35488
35490
35491
35493
35494
35495
35496
35497
35498
35499
35500
35501
35502
35503
35506
35511
35512
35514
35515
35517
35518
35519
35522
35527
35528
35530
35531
35533
35534
35535
35538
35543
35544
35546
35547
35549
35550
35551
35554
35559
35560
35562
35563
35565
35566
35567
35568
35570
35571
35573
35574
35575
35576
35577
35578
35579
35580
35581
35582
35583
35584
35586
35589
35591
35592
35594
35595
35597
35598
35599
35610
35611
35614
35615
35616
35621
35626
35627
35630
35631
35642
35643
35646
35647
35658
35659
35662
35663
35674
35675
35678
35679
35690
35691
35694
35695
35706
35707
35710
35711
35712
35714
35715
35717
35718
35719
35720
35721
35722
35723
35724
35725
35726
35727
35735
35738
35739
35741
35742
35743
35746
35751
35752
35754
35755
35757
35758
35759
35770
35771
35774
35775
35783
35786
35787
35789
35790
35791
35802
35803
35806
35807
35818
35819
35822
35823
35826
35832
35834
35835
35838
35848
35849
35850
35852
35855
35968
35969
35972
35976
35977
35978
35979
35980
35981
35982
35983
35996
35999
36008
36009
36010
36012
36015
36044
36047
36088
36089
36090
36092
36096
36101
36103
36104
36106
36107
36109
36110
36111
36117
36119
36125
36127
36128
36133
36135
36138
36141
36143
36149
36151
36157
36159
36165
36167
36173
36175
36181
36183
36189
36191
36197
36199
36205
36207
36213
36215
36221
36223
36224
36229
36231
36232
36233
36234
36235
36236
36237
36238
36239
36245
36247
36250
36251
36253
36254
36255
36261
36263
36264
36266
36267
36269
36270
36271
36277
36279
36282
36285
36293
36295
36298
36299
36301
36302
36303
36309
36311
36314
36317
36319
36325
36327
36330
36333
36341
36343
36344
36346
36349
36352
36354
36357
36359
36360
36362
36363
36365
36366
36367
36378
36379
36382
36383
36384
36389
36394
36395
36398
36399
36410
36411
36414
36415
36426
36427
36430
36431
36442
36443
36446
36447
36458
36459
36462
36463
36474
36475
36478
36479
36480
36482
36483
36485
36486
36487
36488
36489
36490
36491
36492
36493
36494
36495
36503
36506
36507
36509
36510
36511
36514
36519
36520
36522
36523
36525
36526
36527
36538
36539
36542
36543
36551
36554
36555
36557
36558
36559
36570
36571
36574
36575
36586
36587
36590
36591
36594
36600
36602
36603
36606
36608
36609
36610
36611
36612
36613
36614
36615
36616
36617
36618
36619
36620
36621
36622
36623
36629
36631
36634
36635
36637
36638
36639
36640
36641
36642
36644
36645
36647
36648
36650
36651
36653
36654
36655
36661
36663
36666
36667
36669
36670
36671
36677
36679
36682
36683
36685
36686
36687
36688
36693
36695
36698
36699
36701
36702
36703
36709
36711
36714
36715
36717
36718
36719
36725
36727
36730
36731
36733
36734
36735
36736
36737
36738
36739
36740
36741
36742
36743
36744
36745
36746
36747
36748
36749
36750
36751
36754
36755
36757
36758
36759
36760
36761
36762
36763
36764
36765
36766
36767
36768
36770
36771
36773
36774
36775
36776
36777
36778
36779
36780
36781
36782
36783
36786
36789
36792
36794
36795
36798
36799
36802
36803
36805
36806
36807
36808
36809
36810
36811
36812
36813
36814
36815
36818
36821
36823
36824
36826
36827
36829
36830
36831
36834
36837
36840
36842
36843
36846
36847
36848
36850
36853
36856
36858
36863
36864
36880
36881
36884
36896
36912
36913
36916
36928
36944
36945
36948
36960
36976
36992
36994
37000
37008
37009
37010
37012
37016
37024
37026
37032
37040
37056
37058
37064
37072
37088
37104
37105
37106
37108
37112
37121
37136
37137
37141
37151
37153
37168
37169
37173
37183
37200
37201
37205
37215
37233
37249
37264
37265
37267
37269
37273
37279
37297
37329
37360
37361
37363
37365
37369
37378
37394
37442
37504
37506
37514
37519
37520
37522
37523
37526
37530
37535
37536
37538
37546
37551
37554
37568
37570
37578
37583
37586
37602
37616
37618
37619
37622
37626
37651
37663
37763
37775
37777
37778
37779
37783
37787
37791
37811
37843
37873
37874
37875
37892
37904
37908
37909
37919
37924
37936
37940
37941
37951
37968
37972
37973
37983
38004
38020
38032
38036
38037
38038
38044
38047
38068
38100
38128
38132
38133
38134
38140
38149
38151
38157
38159
38161
38164
38165
38167
38171
38173
38174
38175
38181
38183
38189
38191
38193
38196
38197
38199
38203
38205
38206
38207
38213
38215
38221
38223
38225
38228
38229
38231
38235
38237
38238
38239
38245
38247
38253
38255
38261
38263
38269
38271
38277
38279
38285
38287
38289
38292
38293
38295
38299
38301
38302
38303
38309
38311
38317
38319
38325
38327
38333
38335
38341
38343
38349
38351
38357
38359
38365
38367
38373
38375
38381
38383
38385
38388
38389
38422
38431
38534
38543
38546
38548
38550
38551
38558
38559
38582
38614
38642
38644
38646
38661
38663
38669
38671
38677
38679
38683
38685
38686
38687
38693
38695
38701
38703
38709
38711
38717
38719
38725
38727
38733
38735
38741
38743
38749
38751
38757
38759
38765
38767
38773
38775
38781
38789
38791
38794
38795
38797
38798
38799
38803
38805
38806
38807
38810
38811
38813
38814
38815
38821
38823
38826
38829
38837
38839
38845
38853
38855
38858
38861
38863
38869
38871
38877
38885
38887
38893
38920
38936
38984
39040
39048
39050
39055
39056
39064
39065
39066
39068
39071
39072
39080
39082
39087
39096
39104
39112
39114
39119
39128
39144
39152
39160
39161
39162
39164
39193
39199
39305
39311
39313
39320
39321
39323
39325
39327
39353
39385
39409
39416
39417
39434
39435
39438
39439
39450
39451
39454
39455
39466
39467
39470
39471
39482
39483
39486
39487
39498
39499
39502
39503
39514
39515
39518
39519
39530
39531
39534
39535
39546
39547
39550
39551
39554
39559
39560
39562
39563
39565
39566
39567
39570
39575
39576
39578
39579
39581
39582
39583
39586
39591
39592
39594
39595
39597
39598
39599
39610
39611
39614
39615
39618
39623
39624
39626
39627
39629
39630
39631
39642
39643
39646
39647
39658
39659
39662
39663
39666
39672
39674
39690
39691
39694
39695
39701
39703
39706
39707
39709
39710
39711
39722
39723
39726
39727
39733
39738
39739
39742
39743
39754
39755
39758
39759
39765
39770
39771
39774
39786
39787
39790
39791
39802
39803
39806
39815
39818
39819
39821
39822
39823
39827
39829
39831
39833
39834
39835
39837
39838
39839
39850
39851
39854
39855
39866
39867
39870
39882
39883
39886
39887
39898
39899
39902
39914
39915
39918
39964
39967
40076
40079
40084
40088
40092
40093
40094
40095
40124
40156
40180
40184
40188
40197
40199
40205
40207
40213
40215
40219
40221
40222
40223
40229
40231
40237
40239
40245
40247
40253
40255
40261
40263
40269
40271
40277
40279
40285
40287
40293
40295
40301
40303
40309
40311
40317
40325
40327
40330
40331
40333
40334
40335
40341
40343
40345
40346
40347
40348
40349
40350
40351
40357
40359
40362
40365
40373
40375
40381
40389
40391
40394
40397
40399
40405
40407
40413
40421
40423
40429
40458
40459
40462
40463
40469
40471
40474
40475
40477
40478
40479
40490
40491
40494
40495
40501
40506
40507
40510
40511
40522
40523
40526
40527
40533
40538
40539
40542
40554
40555
40558
40559
40570
40571
40574
40583
40586
40587
40589
40590
40591
40597
40598
40599
40602
40603
40604
40605
40606
40607
40618
40619
40622
40623
40634
40635
40638
40650
40651
40654
40655
40666
40667
40670
40682
40683
40686
40709
40711
40714
40715
40717
40718
40719
40721
40723
40724
40725
40726
40727
40729
40730
40731
40732
40733
40734
40735
40741
40743
40746
40747
40749
40750
40751
40753
40756
40757
40759
40762
40763
40765
40766
40767
40773
40775
40778
40779
40781
40782
40783
40785
40788
40789
40791
40794
40797
40799
40805
40807
40810
40811
40813
40814
40815
40821
40826
40831
40834
40835
40837
40838
40839
40840
40841
40842
40843
40844
40845
40846
40847
40849
40850
40851
40852
40853
40854
40855
40856
40857
40858
40859
40860
40861
40862
40863
40866
40869
40872
40874
40875
40878
40879
40885
40890
40895
40898
40901
40903
40904
40906
40907
40909
40910
40911
40917
40922
40927
40933
40938
40943
40959
40960
40961
40962
40964
40965
40967
40968
40970
40971
40973
40974
40975
40976
40977
40978
40980
40981
40984
40986
40991
40992
40993
40994
40996
40997
41000
41002
41007
41008
41010
41016
41024
41025
41026
41028
41029
41032
41034
41039
41040
41041
41042
41044
41045
41047
41048
41050
41051
41053
41054
41055
41056
41058
41064
41072
41073
41074
41076
41077
41080
41082
41087
41088
41089
41090
41092
41093
41096
41098
41103
41104
41106
41112
41120
41121
41122
41123
41124
41125
41126
41127
41128
41129
41130
41131
41132
41133
41134
41135
41136
41137
41138
41139
41140
41141
41142
41143
41144
41145
41146
41147
41148
41149
41150
41151
41152
41154
41160
41168
41169
41170
41172
41173
41176
41178
41183
41184
41185
41186
41187
41188
41189
41190
41191
41192
41193
41194
41195
41196
41197
41198
41199
41200
41201
41202
41203
41204
41205
41206
41207
41208
41209
41210
41211
41212
41213
41214
41215
41216
41217
41220
41221
41226
41231
41232
41233
41236
41248
41249
41252
41280
41281
41284
41296
41297
41300
41301
41306
41311
41328
41329
41332
41344
41345
41348
41376
41377
41378
41379
41380
41381
41382
41383
41384
41385
41386
41387
41388
41389
41390
41391
41392
41393
41394
41395
41396
41397
41398
41399
41400
41401
41402
41403
41404
41405
41406
41407
41424
41425
41428
41440
41441
41442
41443
41444
41445
41446
41447
41448
41449
41450
41451
41452
41453
41454
41455
41456
41457
41458
41459
41460
41461
41462
41463
41464
41465
41466
41467
41468
41469
41470
41471
41472
41474
41477
41480
41482
41487
41488
41490
41496
41504
41506
41507
41510
41511
41512
41514
41515
41518
41519
41520
41522
41530
41535
41536
41538
41544
41552
41554
41557
41560
41562
41567
41568
41570
41578
41583
41584
41586
41587
41590
41591
41592
41594
41595
41598
41599
41600
41602
41603
41606
41607
41608
41610
41611
41614
41615
41616
41618
41626
41631
41632
41633
41634
41635
41636
41637
41638
41639
41640
41641
41642
41643
41644
41645
41646
41647
41648
41649
41650
41651
41652
41653
41654
41655
41656
41657
41658
41659
41660
41661
41662
41663
41664
41666
41674
41679
41680
41682
41683
41686
41687
41688
41690
41691
41694
41695
41696
41697
41698
41699
41700
41701
41702
41703
41704
41705
41706
41707
41708
41709
41710
41711
41712
41713
41714
41715
41716
41717
41718
41719
41720
41721
41722
41723
41724
41725
41726
41727
41762
41763
41766
41770
41775
41842
41843
41846
41850
41858
41859
41862
41866
41871
41888
41889
41890
41891
41892
41893
41894
41895
41896
41897
41898
41899
41900
41901
41902
41903
41904
41905
41906
41907
41908
41909
41910
41911
41912
41913
41914
41915
41916
41917
41918
41938
41939
41942
41946
41952
41953
41954
41955
41956
41957
41958
41959
41960
41961
41962
41963
41964
41965
41966
41968
41969
41970
41971
41972
41973
41974
41975
41976
41977
41978
41979
41980
41981
41982
41984
41985
41988
41989
41994
41999
42000
42001
42004
42016
42017
42020
42048
42049
42052
42064
42065
42068
42069
42074
42079
42096
42097
42100
42112
42113
42116
42144
42145
42146
42147
42148
42149
42150
42151
42152
42153
42154
42155
42156
42157
42158
42159
42160
42161
42162
42163
42164
42165
42166
42167
42168
42169
42170
42171
42172
42173
42174
42175
42192
42193
42196
42208
42209
42210
42211
42212
42213
42214
42215
42216
42217
42218
42219
42220
42221
42222
42223
42224
42225
42226
42227
42228
42229
42230
42231
42232
42233
42234
42235
42236
42237
42238
42239
42240
42241
42242
42244
42245
42247
42248
42250
42251
42253
42254
42255
42256
42261
42263
42266
42269
42271
42272
42277
42279
42282
42285
42287
42293
42295
42301
42303
42304
42309
42311
42314
42317
42319
42320
42321
42322
42324
42325
42327
42328
42330
42331
42333
42334
42335
42341
42343
42349
42351
42352
42357
42359
42362
42365
42367
42368
42373
42375
42378
42381
42383
42389
42391
42397
42399
42400
42401
42402
42403
42404
42405
42406
42407
42408
42409
42410
42411
42412
42413
42414
42415
42416
42417
42418
42419
42420
42421
42422
42423
42424
42425
42426
42427
42428
42429
42430
42431
42437
42439
42445
42447
42448
42453
42455
42458
42461
42463
42464
42465
42466
42467
42468
42469
42470
42471
42472
42473
42474
42475
42476
42477
42478
42479
42480
42481
42482
42483
42484
42485
42486
42487
42488
42489
42490
42491
42492
42493
42494
42495
42530
42531
42534
42538
42543
42610
42611
42614
42618
42626
42627
42630
42634
42639
42656
42657
42658
42659
42660
42661
42662
42663
42664
42665
42666
42667
42668
42669
42670
42671
42672
42673
42674
42675
42676
42677
42678
42679
42680
42681
42682
42683
42684
42685
42686
42706
42707
42710
42714
42720
42721
42722
42723
42724
42725
42726
42727
42728
42729
42730
42731
42732
42733
42734
42736
42737
42738
42739
42740
42741
42742
42743
42744
42745
42746
42747
42748
42749
42750
42752
42757
42759
42762
42765
42767
42773
42775
42781
42783
42786
42789
42791
42794
42795
42797
42798
42799
42805
42807
42810
42813
42821
42823
42829
42831
42832
42837
42839
42842
42845
42847
42853
42855
42858
42861
42866
42869
42871
42874
42877
42882
42885
42887
42890
42891
42893
42894
42895
42901
42903
42906
42909
42912
42913
42914
42915
42916
42917
42918
42919
42920
42921
42922
42923
42924
42925
42926
42927
42928
42929
42930
42931
42932
42933
42934
42935
42936
42937
42938
42940
42941
42943
42949
42951
42954
42957
42962
42965
42967
42970
42973
42976
42977
42978
42979
42980
42981
42982
42983
42984
42985
42986
42988
42989
42991
42992
42993
42994
42995
42996
42997
42998
42999
43000
43001
43002
43004
43005
43007
43008
43010
43013
43016
43018
43023
43024
43026
43032
43040
43042
43048
43049
43050
43051
43052
43053
43054
43055
43056
43064
43066
43071
43072
43074
43080
43088
43090
43093
43096
43098
43103
43104
43112
43114
43119
43120
43122
43128
43129
43130
43131
43132
43133
43134
43135
43136
43138
43144
43145
43146
43147
43148
43149
43150
43151
43152
43160
43162
43167
43168
43169
43170
43171
43172
43173
43174
43175
43176
43177
43178
43179
43180
43181
43182
43183
43184
43185
43186
43187
43188
43189
43190
43191
43192
43193
43194
43195
43196
43197
43198
43199
43200
43208
43210
43215
43216
43218
43224
43225
43226
43227
43228
43229
43230
43231
43232
43233
43234
43235
43236
43237
43238
43239
43240
43241
43242
43243
43244
43245
43246
43247
43248
43249
43250
43251
43252
43253
43254
43255
43256
43257
43258
43259
43260
43261
43262
43263
43304
43305
43306
43308
43311
43384
43385
43386
43388
43400
43401
43402
43404
43407
43424
43425
43426
43427
43428
43429
43430
43431
43432
43433
43434
43435
43436
43437
43438
43439
43440
43441
43442
43443
43444
43445
43446
43447
43448
43449
43450
43451
43452
43453
43454
43480
43481
43482
43484
43488
43489
43490
43491
43492
43493
43494
43495
43496
43497
43498
43499
43500
43501
43502
43504
43505
43506
43507
43508
43509
43510
43511
43512
43513
43514
43515
43516
43517
43518
43520
43521
43522
43524
43525
43527
43528
43530
43531
43533
43534
43535
43536
43541
43546
43547
43550
43551
43552
43554
43555
43557
43558
43559
43560
43561
43562
43563
43564
43565
43566
43567
43570
43575
43576
43578
43579
43581
43582
43583
43584
43589
43594
43595
43598
43599
43600
43601
43602
43604
43605
43607
43608
43610
43611
43613
43614
43615
43618
43623
43624
43626
43627
43629
43630
43631
43632
43634
43635
43637
43638
43639
43640
43641
43642
43643
43644
43645
43646
43647
43648
43650
43651
43653
43654
43655
43656
43657
43658
43659
43660
43661
43662
43663
43666
43671
43672
43674
43675
43677
43678
43679
43680
43681
43682
43683
43684
43685
43686
43687
43688
43689
43690
43691
43692
43693
43694
43695
43696
43697
43698
43699
43700
43701
43702
43703
43704
43705
43706
43707
43708
43709
43710
43711
43714
43719
43720
43722
43723
43725
43726
43727
43728
43730
43731
43733
43734
43735
43736
43737
43738
43739
43740
43741
43742
43743
43744
43745
43746
43747
43748
43749
43750
43751
43752
43753
43754
43755
43756
43757
43758
43759
43760
43761
43762
43763
43764
43765
43766
43767
43768
43769
43770
43771
43772
43773
43774
43775
43776
43781
43786
43787
43790
43791
43802
43803
43806
43807
43810
43815
43816
43818
43819
43821
43822
43823
43834
43835
43838
43839
43850
43851
43854
43855
43856
43861
43866
43867
43870
43871
43882
43883
43886
43887
43890
43896
43898
43899
43902
43906
43911
43912
43914
43915
43917
43918
43919
43930
43931
43934
43935
43936
43937
43938
43939
43940
43941
43942
43943
43944
43945
43946
43947
43948
43949
43950
43951
43952
43953
43954
43955
43956
43957
43958
43960
43961
43962
43963
43964
43966
43967
43978
43979
43982
43983
43986
43992
43994
43995
43998
44000
44001
44002
44003
44004
44005
44006
44008
44009
44010
44011
44012
44014
44015
44016
44017
44018
44019
44020
44021
44022
44024
44025
44026
44027
44028
44030
44031
44072
44073
44074
44076
44079
44152
44153
44154
44156
44168
44169
44170
44172
44175
44192
44193
44194
44195
44196
44197
44198
44199
44200
44201
44202
44203
44204
44205
44206
44207
44208
44209
44210
44211
44212
44213
44214
44215
44216
44217
44218
44219
44220
44221
44222
44248
44249
44250
44252
44256
44257
44258
44259
44260
44261
44262
44263
44264
44265
44266
44267
44268
44269
44270
44272
44273
44274
44275
44276
44277
44278
44279
44280
44281
44282
44283
44284
44285
44286
44288
44293
44295
44298
44301
44303
44309
44311
44317
44319
44325
44327
44328
44330
44331
44333
44334
44335
44341
44343
44346
44349
44357
44359
44365
44367
44368
44373
44375
44378
44381
44383
44389
44391
44394
44397
44405
44407
44408
44410
44413
44421
44423
44424
44426
44427
44429
44430
44431
44437
44439
44442
44445
44448
44449
44450
44451
44452
44453
44454
44455
44456
44457
44458
44459
44460
44461
44462
44463
44464
44465
44466
44467
44468
44469
44470
44471
44472
44473
44474
44476
44477
44479
44485
44487
44490
44493
44501
44503
44504
44506
44509
44512
44513
44514
44515
44516
44517
44518
44519
44520
44521
44522
44524
44525
44527
44528
44529
44530
44531
44532
44533
44534
44535
44536
44537
44538
44540
44541
44543
44544
44549
44554
44555
44558
44559
44570
44571
44574
44575
44578
44583
44584
44586
44587
44589
44590
44591
44602
44603
44606
44607
44618
44619
44622
44623
44624
44629
44634
44635
44638
44639
44650
44651
44654
44655
44658
44664
44666
44667
44670
44674
44679
44680
44682
44683
44685
44686
44687
44698
44699
44702
44703
44704
44705
44706
44707
44708
44709
44710
44711
44712
44713
44714
44715
44716
44717
44718
44719
44720
44721
44722
44723
44724
44725
44726
44728
44729
44730
44731
44732
44734
44735
44746
44747
44750
44751
44754
44760
44762
44763
44766
44768
44769
44770
44771
44772
44773
44774
44776
44777
44778
44779
44780
44782
44783
44784
44785
44786
44787
44788
44789
44790
44792
44793
44794
44795
44796
44798
44799
44800
44801
44802
44804
44805
44807
44808
44810
44811
44813
44814
44815
44816
44821
44823
44826
44827
44829
44830
44831
44832
44834
44835
44837
44838
44839
44840
44841
44842
44843
44844
44845
44846
44847
44850
44853
44856
44858
44859
44862
44863
44864
44869
44871
44874
44875
44877
44878
44879
44880
44881
44882
44884
44885
44887
44888
44890
44891
44893
44894
44895
44898
44901
44904
44906
44907
44910
44911
44912
44914
44917
44920
44922
44927
44928
44930
44931
44933
44934
44935
44936
44937
44938
44939
44940
44941
44942
44943
44946
44949
44952
44954
44955
44958
44959
44960
44961
44962
44963
44964
44965
44966
44967
44968
44969
44970
44971
44972
44973
44974
44975
44976
44977
44978
44980
44981
44983
44984
44986
44987
44989
44990
44991
44994
44997
45000
45002
45003
45006
45007
45008
45010
45013
45016
45018
45023
45024
45025
45026
45028
45029
45031
45032
45034
45035
45037
45038
45039
45040
45041
45042
45044
45045
45047
45048
45050
45051
45053
45054
45055
45056
45057
45058
45060
45061
45064
45066
45071
45072
45073
45076
45088
45090
45096
45104
45120
45136
45137
45138
45140
45141
45144
45146
45151
45152
45168
45169
45170
45172
45176
45184
45186
45192
45200
45216
45217
45218
45219
45220
45221
45222
45223
45224
45225
45226
45227
45228
45229
45230
45231
45232
45233
45234
45235
45236
45237
45238
45239
45240
45241
45242
45243
45244
45245
45246
45247
45248
45264
45265
45266
45268
45272
45280
45281
45282
45283
45284
45285
45286
45287
45288
45289
45290
45291
45292
45293
45294
45295
45296
45297
45298
45299
45300
45301
45302
45303
45304
45305
45306
45307
45308
45309
45310
45311
45312
45313
45316
45328
45329
45333
45343
45361
45392
45393
45395
45396
45397
45399
45401
45403
45405
45407
45424
45425
45427
45429
45433
45457
45472
45473
45474
45475
45476
45477
45478
45479
45480
45481
45482
45483
45484
45485
45486
45487
45488
45489
45490
45491
45492
45493
45494
45495
45496
45497
45498
45499
45500
45501
45502
45503
45520
45521
45523
45525
45529
45536
45537
45538
45539
45540
45541
45542
45543
45544
45545
45546
45547
45548
45549
45550
45551
45552
45553
45554
45555
45556
45557
45558
45560
45561
45562
45563
45564
45566
45568
45570
45576
45600
45602
45610
45615
45618
45648
45650
45656
45666
45680
45682
45683
45686
45690
45696
45698
45706
45711
45714
45728
45729
45730
45731
45732
45733
45734
45735
45736
45737
45738
45739
45740
45741
45742
45743
45744
45745
45746
45747
45748
45749
45750
45751
45752
45753
45754
45755
45756
45757
45758
45759
45762
45776
45778
45779
45782
45786
45792
45793
45794
45795
45796
45797
45798
45799
45800
45801
45802
45803
45804
45805
45806
45807
45808
45809
45810
45811
45812
45813
45814
45815
45816
45817
45818
45819
45820
45821
45822
45875
45905
45907
45909
45913
45937
45938
45939
45971
45984
45985
45986
45987
45988
45989
45990
45991
45992
45993
45994
45995
45996
45997
45998
46000
46001
46002
46003
46004
46005
46006
46007
46008
46009
46010
46011
46012
46013
46014
46033
46034
46035
46048
46049
46050
46051
46052
46053
46054
46055
46056
46057
46058
46059
46060
46061
46062
46064
46065
46066
46067
46068
46070
46072
46073
46074
46076
46080
46081
46084
46096
46100
46101
46111
46132
46160
46161
46164
46165
46166
46167
46172
46173
46174
46175
46192
46196
46197
46198
46204
46228
46240
46241
46242
46243
46244
46245
46246
46247
46248
46249
46250
46251
46252
46253
46254
46255
46256
46257
46258
46259
46260
46261
46262
46263
46264
46265
46266
46267
46268
46269
46270
46271
46288
46292
46293
46294
46300
46304
46305
46306
46307
46308
46309
46310
46311
46312
46313
46314
46315
46316
46317
46318
46319
46320
46321
46322
46323
46324
46325
46326
46328
46329
46330
46331
46332
46334
46336
46341
46343
46346
46349
46351
46353
46356
46357
46359
46363
46365
46366
46367
46373
46375
46381
46383
46389
46391
46397
46399
46405
46407
46413
46415
46416
46417
46419
46420
46421
46422
46423
46425
46426
46427
46428
46429
46430
46431
46437
46439
46445
46447
46449
46452
46453
46469
46471
46477
46479
46485
46487
46493
46495
46496
46497
46498
46499
46500
46501
46502
46503
46504
46505
46506
46507
46508
46509
46510
46511
46512
46513
46514
46515
46516
46517
46518
46519
46520
46521
46522
46523
46524
46525
46526
46527
46533
46535
46541
46543
46545
46548
46549
46560
46561
46562
46563
46564
46565
46566
46567
46568
46569
46570
46571
46572
46573
46574
46575
46576
46577
46578
46580
46581
46583
46584
46586
46589
46591
46646
46676
46677
46678
46684
46706
46708
46710
46742
46752
46753
46754
46755
46756
46757
46758
46759
46760
46761
46762
46763
46764
46765
46766
46768
46769
46770
46771
46772
46773
46774
46775
46776
46777
46778
46779
46780
46781
46782
46802
46804
46806
46816
46817
46818
46819
46820
46821
46822
46823
46824
46825
46826
46827
46828
46829
46830
46832
46833
46834
46835
46836
46838
46840
46841
46842
46844
46853
46855
46861
46863
46869
46871
46877
46879
46885
46887
46890
46893
46901
46903
46909
46917
46919
46925
46927
46929
46932
46933
46935
46941
46949
46951
46957
46981
46983
46986
46989
46997
46999
47005
47008
47009
47010
47011
47012
47013
47014
47015
47016
47017
47018
47020
47021
47023
47024
47025
47026
47027
47028
47029
47030
47031
47032
47033
47034
47036
47037
47039
47045
47047
47053
47072
47073
47074
47075
47076
47077
47078
47079
47080
47081
47082
47084
47085
47087
47088
47090
47093
47095
47096
47101
47103
47104
47106
47112
47136
47144
47146
47151
47160
47184
47186
47192
47208
47216
47224
47225
47226
47228
47232
47240
47242
47247
47256
47264
47265
47266
47267
47268
47269
47270
47271
47272
47273
47274
47275
47276
47277
47278
47279
47280
47281
47282
47283
47284
47285
47286
47287
47288
47289
47290
47291
47292
47293
47294
47295
47304
47312
47320
47321
47322
47324
47328
47329
47330
47331
47332
47333
47334
47335
47336
47337
47338
47339
47340
47341
47342
47343
47344
47345
47346
47347
47348
47349
47350
47351
47352
47353
47354
47355
47356
47357
47358
47417
47441
47443
47445
47449
47473
47480
47481
47513
47520
47521
47522
47523
47524
47525
47526
47527
47528
47529
47530
47531
47532
47533
47534
47536
47537
47538
47539
47540
47541
47542
47543
47544
47545
47546
47547
47548
47549
47550
47569
47576
47577
47584
47585
47586
47587
47588
47589
47590
47591
47592
47593
47594
47595
47596
47597
47598
47600
47601
47602
47603
47604
47606
47608
47609
47610
47612
47616
47621
47626
47627
47630
47631
47642
47643
47646
47647
47650
47655
47656
47658
47659
47661
47662
47663
47674
47675
47678
47679
47690
47691
47694
47695
47696
47701
47706
47707
47710
47711
47722
47723
47726
47727
47730
47736
47738
47746
47751
47752
47754
47755
47757
47758
47759
47770
47771
47774
47775
47776
47777
47778
47779
47780
47781
47782
47783
47784
47785
47786
47787
47788
47789
47790
47791
47792
47793
47794
47795
47796
47797
47798
47799
47800
47801
47802
47803
47804
47805
47806
47807
47818
47819
47822
47823
47826
47832
47834
47840
47841
47842
47843
47844
47845
47846
47847
47848
47849
47850
47851
47852
47853
47854
47855
47856
47857
47858
47859
47860
47861
47862
47864
47865
47866
47867
47868
47870
47871
47882
47883
47886
47887
47893
47898
47899
47902
47903
47914
47915
47918
47919
47930
47931
47934
47946
47947
47950
47951
47953
47957
47962
47963
47966
47978
47979
47982
48010
48011
48014
48015
48026
48027
48030
48032
48033
48034
48035
48036
48037
48038
48040
48041
48042
48043
48044
48046
48047
48048
48049
48050
48051
48052
48053
48054
48056
48057
48058
48059
48060
48062
48063
48074
48075
48078
48096
48097
48098
48099
48100
48101
48102
48104
48105
48106
48107
48108
48110
48111
48112
48113
48114
48116
48120
48122
48123
48126
48127
48188
48212
48213
48214
48220
48244
48248
48252
48284
48288
48289
48290
48291
48292
48293
48294
48295
48296
48297
48298
48299
48300
48301
48302
48304
48305
48306
48307
48308
48309
48310
48311
48312
48313
48314
48315
48316
48317
48318
48340
48344
48348
48352
48353
48354
48355
48356
48357
48358
48359
48360
48361
48362
48363
48364
48365
48366
48368
48369
48370
48371
48372
48374
48376
48377
48378
48380
48389
48391
48397
48399
48405
48407
48413
48415
48421
48423
48426
48429
48437
48439
48445
48453
48455
48461
48463
48465
48468
48469
48471
48477
48485
48487
48493
48517
48519
48522
48525
48533
48535
48541
48544
48545
48546
48547
48548
48549
48550
48551
48552
48553
48554
48556
48557
48559
48560
48561
48562
48563
48564
48565
48566
48567
48568
48569
48570
48572
48573
48575
48581
48583
48589
48608
48609
48610
48611
48612
48613
48614
48615
48616
48617
48618
48620
48621
48623
48624
48626
48629
48631
48632
48637
48639
48650
48651
48654
48655
48661
48666
48667
48670
48671
48682
48683
48686
48687
48698
48699
48702
48714
48715
48718
48719
48724
48725
48730
48731
48734
48746
48747
48750
48778
48779
48782
48783
48794
48795
48798
48800
48801
48802
48803
48804
48805
48806
48808
48809
48810
48811
48812
48814
48815
48816
48817
48818
48819
48820
48821
48822
48824
48825
48826
48827
48828
48830
48831
48842
48843
48846
48864
48865
48866
48867
48868
48869
48870
48872
48873
48874
48875
48876
48878
48879
48880
48881
48882
48884
48888
48890
48891
48894
48895
48896
48901
48903
48906
48907
48909
48910
48911
48913
48916
48917
48919
48922
48923
48925
48926
48927
48930
48933
48936
48938
48939
48942
48943
48949
48954
48959
48965
48967
48970
48971
48973
48974
48975
48976
48977
48980
48981
48986
48991
48997
49002
49007
49023
49026
49029
49032
49034
49035
49038
49039
49045
49050
49055
49056
49057
49058
49060
49061
49063
49064
49066
49067
49069
49070
49071
49072
49073
49074
49076
49077
49079
49080
49082
49083
49085
49086
49087
49093
49098
49103
49119
49120
49121
49122
49124
49125
49127
49128
49130
49131
49133
49134
49135
49136
49141
49143
49146
49147
49149
49150
49151
49152
49168
49184
49200
49216
49217
49220
49232
49233
49236
49248
49249
49252
49264
49280
49282
49288
49296
49298
49304
49312
49314
49320
49328
49344
49345
49346
49348
49352
49360
49376
49392
49393
49394
49396
49400
49409
49441
49472
49473
49477
49487
49488
49489
49493
49503
49504
49505
49509
49519
49521
49537
49600
49601
49603
49605
49609
49615
49617
49633
49648
49649
49651
49653
49657
49666
49682
49730
49792
49794
49802
49807
49808
49810
49818
49823
49824
49826
49834
49839
49842
49856
49858
49859
49862
49866
49871
49874
49890
49904
49906
49907
49910
49914
49987
49999
50051
50063
50113
50114
50115
50119
50123
50127
50131
50147
50161
50162
50163
50180
50212
50240
50244
50245
50255
50256
50260
50261
50271
50272
50276
50277
50287
50292
50308
50368
50372
50373
50374
50380
50383
50388
50404
50416
50420
50421
50422
50428
50437
50439
50445
50447
50453
50455
50461
50463
50469
50471
50477
50479
50485
50487
50493
50495
50497
50500
50501
50503
50507
50509
50510
50511
50513
50516
50517
50519
50523
50525
50526
50527
50529
50532
50533
50535
50539
50541
50542
50543
50549
50551
50557
50559
50565
50567
50573
50575
50581
50583
50589
50591
50597
50599
50605
50607
50613
50615
50621
50623
50625
50628
50629
50631
50635
50637
50638
50639
50645
50647
50653
50655
50661
50663
50669
50671
50673
50676
50677
50758
50767
50822
50831
50882
50884
50886
50887
50894
50895
50902
50918
50930
50932
50934
50949
50951
50957
50959
50965
50967
50973
50975
50981
50983
50989
50991
50997
50999
51005
51007
51013
51015
51019
51021
51022
51023
51029
51031
51037
51039
51045
51047
51053
51055
51061
51063
51069
51077
51079
51082
51083
51085
51086
51087
51093
51095
51098
51101
51103
51109
51111
51114
51117
51125
51127
51133
51139
51141
51142
51143
51146
51147
51149
51150
51151
51157
51159
51165
51173
51175
51181
51208
51224
51272
51328
51336
51338
51343
51344
51352
51354
51359
51360
51368
51370
51375
51384
51392
51400
51401
51402
51404
51407
51416
51432
51440
51448
51449
51450
51452
51529
51535
51593
51599
51649
51656
51657
51659
51661
51663
51673
51689
51697
51704
51705
51722
51723
51726
51727
51738
51739
51742
51743
51754
51755
51758
51759
51770
51771
51774
51775
51786
51787
51790
51791
51802
51803
51806
51807
51818
51819
51822
51823
51834
51835
51838
51839
51842
51847
51848
51850
51851
51853
51854
51855
51858
51863
51864
51866
51867
51869
51870
51871
51874
51879
51880
51882
51883
51885
51886
51887
51898
51899
51902
51903
51906
51911
51912
51914
51915
51917
51918
51919
51930
51931
51934
51935
51946
51947
51950
51951
51954
51960
51962
51978
51979
51982
51983
51994
51995
51998
51999
52010
52011
52014
52015
52026
52027
52030
52031
52037
52039
52042
52043
52045
52046
52047
52053
52058
52059
52062
52069
52074
52075
52078
52079
52090
52091
52094
52103
52106
52107
52109
52110
52111
52122
52123
52126
52127
52138
52139
52142
52143
52154
52155
52158
52163
52165
52167
52169
52170
52171
52173
52174
52175
52186
52187
52190
52202
52203
52206
52300
52303
52364
52367
52420
52424
52428
52429
52430
52431
52444
52460
52468
52472
52476
52485
52487
52493
52495
52501
52503
52509
52511
52517
52519
52525
52527
52533
52535
52541
52543
52549
52551
52555
52557
52558
52559
52565
52567
52573
52575
52581
52583
52589
52591
52597
52599
52605
52613
52615
52618
52619
52621
52622
52623
52629
52631
52634
52637
52639
52645
52647
52650
52653
52661
52663
52669
52677
52679
52681
52682
52683
52684
52685
52686
52687
52693
52695
52701
52709
52711
52717
52746
52747
52750
52751
52762
52763
52766
52767
52778
52779
52782
52783
52794
52795
52798
52799
52805
52807
52810
52811
52813
52814
52815
52821
52826
52827
52830
52837
52842
52843
52846
52847
52858
52859
52862
52871
52874
52875
52877
52878
52879
52890
52891
52894
52895
52906
52907
52910
52911
52922
52923
52926
52933
52934
52935
52938
52939
52940
52941
52942
52943
52954
52955
52958
52970
52971
52974
52997
52999
53002
53003
53005
53006
53007
53013
53015
53018
53019
53021
53022
53023
53029
53031
53034
53035
53037
53038
53039
53045
53047
53050
53051
53053
53054
53055
53057
53059
53060
53061
53062
53063
53065
53066
53067
53068
53069
53070
53071
53073
53076
53077
53079
53082
53085
53087
53089
53092
53093
53095
53098
53099
53101
53102
53103
53109
53114
53119
53122
53123
53125
53126
53127
53128
53129
53130
53131
53132
53133
53134
53135
53138
53141
53143
53144
53146
53147
53149
53150
53151
53154
53157
53160
53162
53163
53166
53167
53173
53178
53183
53185
53186
53187
53188
53189
53190
53191
53192
53193
53194
53195
53196
53197
53198
53199
53205
53210
53215
53221
53226
53231
53247
53248
53249
53250
53252
53253
53256
53258
53263
53264
53265
53268
53280
53296
53312
53313
53316
53328
53329
53330
53331
53332
53333
53334
53335
53336
53337
53338
53339
53340
53341
53342
53343
53344
53360
53361
53362
53363
53364
53365
53366
53367
53368
53369
53370
53371
53372
53373
53374
53375
53376
53378
53384
53392
53408
53409
53410
53412
53413
53416
53418
53423
53424
53425
53426
53428
53432
53440
53456
53457
53458
53459
53460
53461
53462
53463
53464
53465
53466
53467
53468
53469
53470
53471
53472
53473
53474
53476
53480
53488
53489
53490
53491
53492
53493
53494
53495
53496
53497
53498
53499
53500
53501
53502
53503
53504
53505
53508
53520
53521
53525
53535
53553
53568
53569
53573
53583
53584
53585
53586
53587
53588
53589
53590
53591
53592
53593
53594
53595
53596
53597
53598
53599
53601
53616
53617
53618
53619
53620
53621
53622
53623
53624
53625
53626
53627
53628
53629
53630
53631
53649
53664
53665
53668
53680
53681
53683
53685
53689
53697
53712
53713
53714
53715
53716
53717
53718
53719
53720
53721
53722
53723
53724
53725
53726
53727
53728
53729
53731
53733
53737
53744
53745
53746
53747
53748
53749
53750
53751
53752
53753
53754
53755
53756
53757
53758
53760
53762
53768
53840
53841
53842
53843
53844
53845
53846
53847
53848
53849
53850
53851
53852
53853
53854
53855
53872
53873
53874
53875
53876
53877
53878
53879
53880
53881
53882
53883
53884
53885
53886
53887
53888
53890
53898
53903
53906
53920
53922
53923
53926
53927
53928
53930
53931
53934
53935
53936
53938
53939
53942
53946
53954
53968
53969
53970
53971
53972
53973
53974
53975
53976
53977
53978
53979
53980
53981
53982
53983
53984
53986
53987
53990
53994
54000
54001
54002
54003
54004
54005
54006
54007
54008
54009
54010
54012
54013
54096
54097
54098
54099
54100
54101
54102
54103
54104
54105
54106
54107
54108
54109
54110
54128
54129
54130
54131
54132
54133
54134
54135
54136
54137
54138
54139
54140
54141
54142
54163
54178
54179
54182
54186
54193
54194
54195
54211
54224
54225
54226
54227
54228
54229
54230
54231
54232
54233
54234
54235
54236
54237
54238
54241
54242
54243
54256
54257
54258
54259
54260
54261
54262
54264
54265
54268
54272
54273
54276
54288
54292
54293
54303
54324
54336
54340
54341
54351
54352
54353
54354
54355
54356
54357
54358
54359
54360
54361
54362
54363
54364
54365
54366
54367
54372
54384
54385
54386
54387
54388
54389
54390
54391
54392
54393
54394
54395
54396
54397
54398
54399
54420
54432
54433
54436
54448
54452
54453
54454
54460
54468
54480
54481
54482
54483
54484
54485
54486
54487
54488
54489
54490
54491
54492
54493
54494
54495
54496
54500
54501
54502
54508
54512
54513
54514
54515
54516
54517
54518
54519
54520
54521
54522
54523
54524
54525
54526
54528
54533
54535
54538
54541
54543
54545
54548
54549
54551
54555
54557
54558
54559
54565
54567
54573
54575
54581
54583
54589
54591
54593
54596
54597
54599
54603
54605
54606
54607
54608
54609
54610
54611
54612
54613
54614
54615
54616
54617
54618
54619
54620
54621
54622
54623
54629
54631
54637
54639
54640
54641
54642
54643
54644
54645
54646
54647
54648
54649
54650
54651
54652
54653
54654
54655
54661
54663
54669
54671
54677
54679
54685
54687
54688
54693
54695
54698
54701
54703
54705
54708
54709
54725
54727
54733
54735
54736
54737
54738
54739
54740
54741
54742
54743
54744
54745
54746
54747
54748
54749
54750
54751
54753
54756
54757
54768
54769
54770
54771
54772
54773
54774
54775
54776
54777
54778
54780
54781
54783
54864
54865
54866
54867
54868
54869
54870
54871
54872
54873
54874
54875
54876
54877
54878
54896
54897
54898
54899
54900
54901
54902
54903
54904
54905
54906
54907
54908
54909
54910
54934
54946
54947
54950
54954
54962
54964
54966
54982
54992
54993
54994
54995
54996
54997
54998
54999
55000
55001
55002
55003
55004
55005
55006
55010
55012
55014
55024
55025
55026
55027
55028
55029
55030
55032
55033
55036
55045
55047
55053
55055
55061
55063
55069
55071
55077
55079
55085
55087
55093
55095
55101
55109
55111
55117
55119
55120
55121
55122
55123
55124
55125
55126
55127
55128
55129
55130
55132
55133
55135
55141
55143
55149
55152
55153
55154
55155
55156
55157
55158
55159
55160
55161
55162
55164
55165
55167
55173
55175
55178
55181
55183
55189
55191
55197
55202
55205
55207
55210
55213
55237
55239
55245
55248
55249
55250
55251
55252
55253
55254
55255
55256
55257
55258
55260
55261
55263
55280
55281
55282
55284
55285
55287
55288
55293
55295
55296
55298
55304
55376
55377
55378
55379
55380
55381
55382
55383
55384
55385
55386
55387
55388
55389
55390
55391
55408
55409
55410
55411
55412
55413
55414
55415
55416
55417
55418
55419
55420
55421
55422
55423
55424
55432
55434
55439
55448
55456
55458
55464
55465
55466
55467
55468
55469
55470
55471
55472
55480
55481
55482
55484
55496
55504
55505
55506
55507
55508
55509
55510
55511
55512
55513
55514
55515
55516
55517
55518
55519
55520
55528
55529
55530
55532
55536
55537
55538
55539
55540
55541
55542
55543
55544
55545
55546
55548
55549
55632
55633
55634
55635
55636
55637
55638
55639
55640
55641
55642
55643
55644
55645
55646
55664
55665
55666
55667
55668
55669
55670
55671
55672
55673
55674
55675
55676
55677
55678
55705
55720
55721
55722
55724
55729
55736
55737
55753
55760
55761
55762
55763
55764
55765
55766
55767
55768
55769
55770
55771
55772
55773
55774
55777
55784
55785
55792
55793
55794
55795
55796
55797
55798
55800
55801
55804
55808
55813
55818
55819
55822
55823
55834
55835
55838
55839
55850
55851
55854
55855
55866
55867
55870
55871
55882
55883
55886
55887
55888
55889
55890
55891
55892
55893
55894
55895
55896
55897
55898
55899
55900
55901
55902
55903
55914
55915
55918
55919
55920
55921
55922
55923
55924
55925
55926
55927
55928
55929
55930
55931
55932
55933
55934
55935
55938
55943
55944
55946
55947
55949
55950
55951
55962
55963
55966
55967
55968
55970
55971
55973
55974
55975
55976
55977
55978
55979
55980
55981
55982
55983
55986
55992
55994
56010
56011
56014
56015
56016
56017
56018
56019
56020
56021
56022
56023
56024
56025
56026
56027
56028
56029
56030
56031
56034
56040
56042
56048
56049
56050
56052
56053
56056
56058
56059
56062
56063
56074
56075
56078
56079
56085
56090
56091
56094
56106
56107
56110
56111
56122
56123
56126
56133
56138
56139
56142
56144
56145
56146
56147
56148
56149
56150
56152
56153
56154
56155
56156
56158
56159
56170
56171
56174
56176
56177
56178
56179
56180
56181
56182
56184
56185
56186
56187
56188
56190
56191
56202
56203
56206
56207
56218
56219
56222
56226
56232
56234
56235
56238
56266
56267
56270
56272
56273
56274
56275
56276
56277
56278
56280
56281
56282
56283
56284
56286
56287
56304
56305
56308
56314
56315
56318
56319
56400
56401
56402
56403
56404
56405
56406
56407
56408
56409
56410
56411
56412
56413
56414
56432
56433
56434
56435
56436
56437
56438
56439
56440
56441
56442
56443
56444
56445
56446
56476
56488
56489
56490
56492
56500
56504
56508
56524
56528
56529
56530
56531
56532
56533
56534
56535
56536
56537
56538
56539
56540
56541
56542
56548
56552
56556
56560
56561
56562
56563
56564
56565
56566
56568
56569
56572
56581
56583
56589
56591
56597
56599
56605
56607
56613
56615
56621
56623
56629
56631
56637
56645
56647
56653
56655
56656
56657
56658
56659
56660
56661
56662
56663
56664
56665
56666
56668
56669
56671
56677
56679
56685
56688
56689
56690
56691
56692
56693
56694
56695
56696
56697
56698
56700
56701
56703
56709
56711
56714
56717
56719
56725
56727
56733
56741
56743
56744
56746
56749
56773
56775
56781
56784
56785
56786
56787
56788
56789
56790
56791
56792
56793
56794
56796
56797
56799
56816
56817
56818
56820
56821
56823
56824
56829
56831
56842
56843
56846
56847
56853
56858
56859
56862
56874
56875
56878
56879
56890
56891
56894
56901
56906
56907
56910
56912
56913
56914
56915
56916
56917
56918
56920
56921
56922
56923
56924
56926
56927
56938
56939
56942
56944
56945
56946
56947
56948
56949
56950
56952
56953
56954
56955
56956
56958
56959
56970
56971
56974
56975
56986
56987
56990
56994
57000
57002
57003
57006
57034
57035
57038
57040
57041
57042
57043
57044
57045
57046
57048
57049
57050
57051
57052
57054
57055
57072
57073
57076
57082
57083
57086
57087
57088
57093
57095
57098
57099
57101
57102
57103
57105
57108
57109
57111
57114
57117
57119
57125
57127
57130
57131
57133
57134
57135
57141
57146
57151
57153
57156
57157
57159
57162
57165
57167
57168
57169
57170
57172
57173
57175
57176
57178
57179
57181
57182
57183
57189
57194
57199
57200
57201
57202
57204
57205
57207
57208
57210
57211
57213
57214
57215
57218
57221
57223
57224
57226
57227
57229
57230
57231
57237
57242
57247
57248
57250
57253
57256
57258
57263
57279
57285
57290
57295
57296
57297
57298
57300
57301
57303
57304
57306
57307
57309
57310
57311
57327
57328
57333
57335
57338
57339
57341
57342
57343
57344
57345
57346
57348
57349
57352
57354
57359
57360
57376
57378
57384
57392
57408
57409
57412
57424
57425
57426
57428
57429
57432
57434
57439
57440
57456
57457
57458
57460
57464
57472
57474
57480
57488
57504
57505
57506
57507
57508
57509
57510
57511
57512
57513
57514
57515
57516
57517
57518
57519
57520
57521
57522
57523
57524
57525
57526
57527
57528
57529
57530
57531
57532
57533
57534
57535
57536
57552
57553
57554
57556
57560
57568
57569
57570
57571
57572
57573
57574
57575
57576
57577
57578
57579
57580
57581
57582
57583
57584
57585
57586
57587
57588
57589
57590
57591
57592
57593
57594
57595
57596
57597
57598
57599
57600
57601
57604
57664
57665
57669
57679
57680
57681
57683
57684
57685
57687
57689
57691
57693
57695
57697
57712
57713
57715
57717
57721
57760
57761
57762
57763
57764
57765
57766
57767
57768
57769
57770
57771
57772
57773
57774
57775
57776
57777
57778
57779
57780
57781
57782
57783
57784
57785
57786
57787
57788
57789
57790
57791
57793
57808
57809
57811
57813
57817
57824
57825
57826
57827
57828
57829
57830
57831
57832
57833
57834
57835
57836
57837
57838
57839
57840
57841
57842
57843
57844
57845
57846
57848
57849
57850
57851
57852
57854
57856
57858
57864
57888
57890
57898
57903
57906
57936
57938
57944
57954
57968
57970
57971
57974
57978
57984
57986
57994
57999
58002
58016
58017
58018
58019
58020
58021
58022
58023
58024
58025
58026
58027
58028
58029
58030
58031
58032
58033
58034
58035
58036
58037
58038
58039
58040
58041
58042
58043
58044
58045
58046
58047
58050
58064
58066
58067
58070
58074
58080
58081
58082
58083
58084
58085
58086
58087
58088
58089
58090
58091
58092
58093
58094
58095
58096
58097
58098
58099
58100
58101
58102
58103
58104
58105
58106
58107
58108
58109
58110
58193
58195
58197
58201
58211
58225
58226
58227
58272
58273
58274
58275
58276
58277
58278
58279
58280
58281
58282
58283
58284
58285
58286
58288
58289
58290
58291
58292
58293
58294
58295
58296
58297
58298
58299
58300
58301
58302
58307
58321
58322
58323
58336
58337
58338
58339
58340
58341
58342
58343
58344
58345
58346
58347
58348
58349
58350
58352
58353
58354
58355
58356
58358
58360
58361
58362
58364
58368
58369
58372
58432
58436
58437
58447
58448
58449
58452
58453
58454
58455
58460
58461
58462
58463
58468
58480
58484
58485
58486
58492
58528
58529
58530
58531
58532
58533
58534
58535
58536
58537
58538
58539
58540
58541
58542
58543
58544
58545
58546
58547
58548
58549
58550
58551
58552
58553
58554
58555
58556
58557
58558
58559
58564
58576
58580
58581
58582
58588
58592
58593
58594
58595
58596
58597
58598
58599
58600
58601
58602
58603
58604
58605
58606
58607
58608
58609
58610
58611
58612
58613
58614
58616
58617
58618
58619
58620
58622
58624
58629
58631
58634
58637
58639
58645
58647
58653
58655
58661
58663
58669
58671
58677
58679
58685
58687
58689
58692
58693
58695
58699
58701
58702
58703
58704
58705
58707
58708
58709
58710
58711
58713
58714
58715
58716
58717
58718
58719
58725
58727
58733
58735
58737
58740
58741
58757
58759
58765
58767
58773
58775
58781
58783
58784
58785
58786
58787
58788
58789
58790
58791
58792
58793
58794
58795
58796
58797
58798
58799
58800
58801
58802
58803
58804
58805
58806
58807
58808
58809
58810
58811
58812
58813
58814
58815
58821
58823
58829
58831
58833
58836
58837
58848
58849
58850
58851
58852
58853
58854
58855
58856
58857
58858
58859
58860
58861
58862
58863
58864
58865
58866
58868
58869
58871
58872
58874
58877
58879
58964
58965
58966
58972
58982
58994
58996
58998
59040
59041
59042
59043
59044
59045
59046
59047
59048
59049
59050
59051
59052
59053
59054
59056
59057
59058
59059
59060
59061
59062
59063
59064
59065
59066
59067
59068
59069
59070
59078
59090
59092
59094
59104
59105
59106
59107
59108
59109
59110
59111
59112
59113
59114
59115
59116
59117
59118
59120
59121
59122
59123
59124
59126
59128
59129
59130
59132
59141
59143
59149
59151
59157
59159
59165
59167
59173
59175
59178
59181
59189
59191
59197
59205
59207
59213
59215
59217
59220
59221
59223
59229
59237
59239
59245
59269
59271
59274
59277
59285
59287
59293
59296
59297
59298
59299
59300
59301
59302
59303
59304
59305
59306
59308
59309
59311
59312
59313
59314
59315
59316
59317
59318
59319
59320
59321
59322
59324
59325
59327
59333
59335
59341
59360
59361
59362
59363
59364
59365
59366
59367
59368
59369
59370
59372
59373
59375
59376
59378
59381
59383
59384
59389
59391
59392
59394
59400
59424
59432
59434
59439
59448
59472
59474
59480
59496
59504
59512
59513
59514
59516
59520
59528
59530
59535
59544
59552
59553
59554
59555
59556
59557
59558
59559
59560
59561
59562
59563
59564
59565
59566
59567
59568
59569
59570
59571
59572
59573
59574
59575
59576
59577
59578
59579
59580
59581
59582
59583
59592
59600
59608
59609
59610
59612
59616
59617
59618
59619
59620
59621
59622
59623
59624
59625
59626
59627
59628
59629
59630
59631
59632
59633
59634
59635
59636
59637
59638
59639
59640
59641
59642
59643
59644
59645
59646
59729
59731
59733
59737
59753
59761
59768
59769
59808
59809
59810
59811
59812
59813
59814
59815
59816
59817
59818
59819
59820
59821
59822
59824
59825
59826
59827
59828
59829
59830
59831
59832
59833
59834
59835
59836
59837
59838
59849
59857
59864
59865
59872
59873
59874
59875
59876
59877
59878
59879
59880
59881
59882
59883
59884
59885
59886
59888
59889
59890
59891
59892
59894
59896
59897
59898
59900
59904
59909
59914
59915
59918
59919
59930
59931
59934
59935
59938
59943
59944
59946
59947
59949
59950
59951
59962
59963
59966
59967
59978
59979
59982
59983
59984
59989
59994
59995
59998
59999
60010
60011
60014
60015
60018
60024
60026
60034
60039
60040
60042
60043
60045
60046
60047
60058
60059
60062
60063
60064
60065
60066
60067
60068
60069
60070
60071
60072
60073
60074
60075
60076
60077
60078
60079
60080
60081
60082
60083
60084
60085
60086
60087
60088
60089
60090
60091
60092
60093
60094
60095
60106
60107
60110
60111
60114
60120
60122
60128
60129
60130
60131
60132
60133
60134
60135
60136
60137
60138
60139
60140
60141
60142
60143
60144
60145
60146
60147
60148
60149
60150
60152
60153
60154
60155
60156
60158
60159
60170
60171
60174
60175
60186
60187
60190
60191
60202
60203
60206
60207
60218
60219
60222
60229
60234
60235
60238
60239
60241
60245
60250
60251
60254
60266
60267
60270
60298
60299
60302
60303
60314
60315
60318
60320
60321
60322
60323
60324
60325
60326
60328
60329
60330
60331
60332
60334
60335
60336
60337
60338
60339
60340
60341
60342
60344
60345
60346
60347
60348
60350
60351
60362
60363
60366
60384
60385
60386
60387
60388
60389
60390
60392
60393
60394
60395
60396
60398
60399
60400
60401
60402
60404
60408
60410
60411
60414
60415
60500
60501
60502
60508
60524
60532
60536
60540
60576
60577
60578
60579
60580
60581
60582
60583
60584
60585
60586
60587
60588
60589
60590
60592
60593
60594
60595
60596
60597
60598
60599
60600
60601
60602
60603
60604
60605
60606
60620
60628
60632
60636
60640
60641
60642
60643
60644
60645
60646
60647
60648
60649
60650
60651
60652
60653
60654
60656
60657
60658
60659
60660
60662
60664
60665
60666
60668
60677
60679
60685
60687
60693
60695
60701
60703
60709
60711
60714
60717
60725
60727
60733
60741
60743
60749
60751
60753
60756
60757
60759
60765
60773
60775
60781
60805
60807
60810
60813
60821
60823
60829
60832
60833
60834
60835
60836
60837
60838
60839
60840
60841
60842
60844
60845
60847
60848
60849
60850
60851
60852
60853
60854
60855
60856
60857
60858
60860
60861
60863
60869
60871
60877
60896
60897
60898
60899
60900
60901
60902
60903
60904
60905
60906
60908
60909
60911
60912
60914
60917
60919
60920
60925
60927
60938
60939
60942
60943
60954
60955
60958
60959
60970
60971
60974
60975
60986
60987
60990
60997
61002
61003
61006
61007
61012
61013
61018
61019
61022
61034
61035
61038
61066
61067
61070
61071
61082
61083
61086
61088
61089
61090
61091
61092
61093
61094
61096
61097
61098
61099
61100
61102
61103
61104
61105
61106
61107
61108
61109
61110
61112
61113
61114
61115
61116
61118
61119
61130
61131
61134
61152
61153
61154
61155
61156
61157
61158
61160
61161
61162
61163
61164
61166
61167
61168
61169
61170
61172
61176
61178
61179
61182
61183
61184
61189
61191
61194
61195
61197
61198
61199
61205
61207
61210
61211
61213
61214
61215
61218
61221
61224
61226
61227
61230
61231
61237
61242
61247
61249
61252
61253
61255
61258
61259
61261
61262
61263
61264
61265
61268
61269
61274
61279
61285
61290
61295
61311
61314
61317
61320
61322
61323
61326
61327
61333
61338
61343
61344
61345
61346
61348
61349
61351
61352
61354
61355
61357
61358
61359
61360
61361
61362
61364
61365
61367
61368
61370
61371
61373
61374
61375
61381
61386
61391
61407
61408
61409
61410
61412
61413
61415
61416
61418
61419
61421
61422
61423
61424
61429
61431
61434
61435
61437
61438
61439
61440
61441
61442
61444
61445
61447
61448
61450
61451
61453
61454
61455
61456
61457
61458
61460
61461
61464
61466
61471
61472
61473
61474
61476
61477
61480
61482
61487
61488
61489
61490
61492
61496
61504
61505
61506
61508
61509
61512
61514
61519
61520
61521
61522
61523
61524
61525
61526
61527
61528
61529
61530
61531
61532
61533
61534
61535
61536
61537
61538
61540
61544
61552
61553
61554
61555
61556
61557
61558
61559
61560
61561
61562
61563
61564
61565
61566
61567
61568
61569
61570
61572
61573
61576
61578
61583
61584
61585
61586
61588
61592
61600
61601
61602
61603
61604
61605
61606
61607
61608
61609
61610
61611
61612
61613
61614
61615
61616
61617
61618
61619
61620
61621
61622
61623
61624
61625
61626
61627
61628
61629
61630
61631
61632
61633
61634
61636
61640
61648
61649
61650
61651
61652
61653
61654
61655
61656
61657
61658
61659
61660
61661
61662
61663
61664
61665
61666
61667
61668
61669
61670
61671
61672
61673
61674
61675
61676
61677
61678
61679
61680
61681
61682
61683
61684
61685
61686
61687
61688
61689
61690
61691
61692
61693
61694
61695
61696
61697
61700
61701
61706
61711
61712
61713
61715
61716
61717
61719
61721
61723
61725
61727
61728
61729
61732
61744
61745
61747
61749
61753
61760
61761
61763
61764
61765
61767
61769
61771
61773
61775
61776
61777
61778
61779
61780
61781
61782
61783
61784
61785
61786
61787
61788
61789
61790
61791
61792
61793
61795
61797
61801
61808
61809
61810
61811
61812
61813
61814
61815
61816
61817
61818
61819
61820
61821
61822
61824
61825
61828
61840
61841
61843
61845
61849
61856
61857
61858
61859
61860
61861
61862
61863
61864
61865
61866
61867
61868
61869
61870
61871
61872
61873
61874
61875
61876
61877
61878
61880
61881
61882
61883
61884
61886
61888
61889
61891
61893
61897
61904
61905
61906
61907
61908
61909
61910
61911
61912
61913
61914
61915
61916
61917
61918
61920
61921
61922
61923
61924
61925
61926
61928
61929
61930
61931
61932
61934
61936
61937
61938
61939
61940
61941
61942
61943
61944
61945
61946
61947
61948
61949
61950
61951
61952
61954
61957
61960
61962
61967
61968
61970
61976
61984
61986
61987
61990
61991
61992
61994
61995
61998
61999
62000
62002
62003
62006
62010
62016
62018
62024
62032
62033
62034
62035
62036
62037
62038
62039
62040
62041
62042
62043
62044
62045
62046
62047
62048
62050
62051
62054
62058
62064
62065
62066
62067
62068
62069
62070
62071
62072
62073
62074
62076
62077
62080
62082
62083
62086
62087
62088
62090
62091
62094
62095
62096
62098
62099
62102
62106
62112
62113
62114
62115
62116
62117
62118
62119
62120
62121
62122
62123
62124
62125
62126
62127
62128
62129
62130
62131
62132
62133
62134
62135
62136
62137
62138
62139
62140
62141
62142
62144
62146
62147
62150
62154
62160
62161
62162
62163
62164
62165
62166
62167
62168
62169
62170
62172
62173
62176
62177
62178
62179
62180
62181
62182
62183
62184
62185
62186
62187
62188
62189
62190
62192
62193
62194
62195
62196
62197
62198
62199
62200
62201
62202
62203
62204
62205
62206
62207
62225
62227
62229
62233
62242
62243
62246
62250
62257
62258
62259
62273
62275
62277
62281
62288
62289
62290
62291
62292
62293
62294
62295
62296
62297
62298
62299
62300
62301
62302
62305
62306
62307
62320
62321
62322
62323
62324
62325
62326
62328
62329
62332
62338
62339
62342
62346
62353
62354
62355
62368
62369
62370
62371
62372
62373
62374
62375
62376
62377
62378
62379
62380
62381
62382
62384
62385
62386
62387
62388
62390
62392
62393
62394
62396
62401
62402
62403
62416
62417
62418
62419
62420
62421
62422
62424
62425
62428
62432
62433
62434
62435
62436
62438
62440
62441
62442
62444
62448
62449
62450
62451
62452
62453
62454
62455
62456
62457
62458
62459
62460
62461
62462
62463
62464
62465
62468
62469
62474
62479
62480
62481
62484
62485
62486
62487
62492
62493
62494
62495
62496
62497
62500
62512
62516
62517
62518
62524
62528
62529
62532
62533
62534
62535
62540
62541
62542
62543
62544
62545
62546
62547
62548
62549
62550
62551
62552
62553
62554
62555
62556
62557
62558
62559
62560
62564
62565
62566
62572
62576
62577
62578
62579
62580
62581
62582
62583
62584
62585
62586
62587
62588
62589
62590
62592
62593
62596
62608
62612
62613
62614
62620
62624
62625
62626
62627
62628
62629
62630
62631
62632
62633
62634
62635
62636
62637
62638
62639
62640
62641
62642
62643
62644
62645
62646
62648
62649
62650
62651
62652
62654
62656
62660
62661
62662
62668
62672
62673
62674
62675
62676
62677
62678
62679
62680
62681
62682
62683
62684
62685
62686
62688
62689
62690
62691
62692
62693
62694
62696
62697
62698
62699
62700
62702
62704
62705
62706
62707
62708
62709
62710
62711
62712
62713
62714
62715
62716
62717
62718
62719
62720
62721
62722
62724
62725
62727
62728
62730
62731
62733
62734
62735
62736
62737
62739
62740
62741
62742
62743
62745
62746
62747
62748
62749
62750
62751
62752
62757
62759
62762
62765
62767
62769
62772
62773
62784
62785
62787
62788
62789
62790
62791
62793
62794
62795
62796
62797
62798
62799
62800
62801
62802
62803
62804
62805
62806
62807
62808
62809
62810
62811
62812
62813
62814
62815
62817
62820
62821
62832
62833
62834
62835
62836
62837
62838
62839
62840
62841
62842
62844
62845
62847
62848
62853
62855
62858
62861
62863
62865
62868
62869
62880
62881
62882
62883
62884
62885
62886
62887
62888
62889
62890
62891
62892
62893
62894
62895
62896
62897
62898
62900
62901
62903
62904
62906
62909
62911
62913
62916
62917
62928
62929
62930
62931
62932
62933
62934
62935
62936
62937
62938
62940
62941
62943
62944
62945
62946
62948
62949
62951
62952
62954
62957
62959
62960
62961
62962
62963
62964
62965
62966
62967
62968
62969
62970
62971
62972
62973
62974
62975
62996
62997
62998
63004
63010
63011
63014
63018
63026
63028
63030
63044
63045
63046
63052
63056
63057
63058
63059
63060
63061
63062
63063
63064
63065
63066
63067
63068
63069
63070
63074
63076
63078
63088
63089
63090
63091
63092
63093
63094
63096
63097
63100
63106
63107
63110
63114
63122
63124
63126
63136
63137
63138
63139
63140
63141
63142
63143
63144
63145
63146
63147
63148
63149
63150
63152
63153
63154
63155
63156
63158
63160
63161
63162
63164
63170
63172
63174
63184
63185
63186
63187
63188
63189
63190
63192
63193
63196
63200
63201
63202
63203
63204
63206
63208
63209
63210
63212
63216
63217
63218
63219
63220
63221
63222
63223
63224
63225
63226
63227
63228
63229
63230
63231
63232
63237
63239
63242
63245
63247
63249
63252
63253
63255
63261
63266
63269
63271
63274
63277
63297
63300
63301
63303
63309
63312
63313
63314
63315
63316
63317
63318
63319
63320
63321
63322
63324
63325
63327
63344
63345
63346
63348
63349
63351
63352
63357
63359
63362
63365
63367
63370
63373
63392
63393
63394
63395
63396
63397
63398
63399
63400
63401
63402
63404
63405
63407
63408
63410
63413
63415
63416
63421
63423
63440
63441
63442
63444
63445
63447
63448
63453
63455
63456
63458
63461
63463
63464
63469
63471
63472
63473
63474
63475
63476
63477
63478
63479
63480
63481
63482
63483
63484
63485
63486
63487
63488
63490
63493
63496
63498
63503
63504
63506
63512
63520
63522
63528
63529
63530
63531
63532
63533
63534
63535
63536
63544
63545
63546
63548
63552
63554
63560
63568
63569
63570
63571
63572
63573
63574
63575
63576
63577
63578
63579
63580
63581
63582
63583
63584
63592
63593
63594
63596
63600
63601
63602
63603
63604
63605
63606
63607
63608
63609
63610
63612
63613
63616
63618
63624
63625
63626
63627
63628
63629
63630
63631
63632
63640
63641
63642
63644
63648
63649
63650
63651
63652
63653
63654
63655
63656
63657
63658
63659
63660
63661
63662
63663
63664
63665
63666
63667
63668
63669
63670
63671
63672
63673
63674
63675
63676
63677
63678
63680
63688
63689
63690
63692
63696
63697
63698
63699
63700
63701
63702
63703
63704
63705
63706
63708
63709
63712
63713
63714
63715
63716
63717
63718
63719
63720
63721
63722
63723
63724
63725
63726
63728
63729
63730
63731
63732
63733
63734
63735
63736
63737
63738
63739
63740
63741
63742
63743
63761
63763
63765
63769
63784
63785
63786
63788
63793
63800
63801
63809
63811
63813
63817
63824
63825
63826
63827
63828
63829
63830
63831
63832
63833
63834
63835
63836
63837
63838
63841
63848
63849
63856
63857
63858
63859
63860
63861
63862
63864
63865
63868
63880
63881
63882
63884
63889
63896
63897
63904
63905
63906
63907
63908
63909
63910
63911
63912
63913
63914
63915
63916
63917
63918
63920
63921
63922
63923
63924
63926
63928
63929
63930
63932
63937
63944
63945
63952
63953
63954
63955
63956
63957
63958
63960
63961
63964
63968
63969
63970
63971
63972
63974
63976
63977
63978
63980
63984
63985
63986
63987
63988
63989
63990
63991
63992
63993
63994
63995
63996
63997
63998
63999
64000
64001
64002
64004
64005
64007
64008
64010
64011
64013
64014
64015
64016
64021
64026
64027
64030
64031
64032
64034
64035
64037
64038
64039
64040
64041
64042
64043
64044
64045
64046
64047
64050
64056
64058
64064
64069
64074
64075
64078
64079
64080
64081
64082
64083
64084
64085
64086
64087
64088
64089
64090
64091
64092
64093
64094
64095
64098
64104
64106
64112
64113
64114
64116
64117
64120
64122
64123
64126
64127
64128
64130
64131
64133
64134
64135
64136
64137
64138
64139
64140
64141
64142
64143
64146
64152
64154
64160
64161
64162
64163
64164
64165
64166
64167
64168
64169
64170
64171
64172
64173
64174
64175
64176
64177
64178
64179
64180
64181
64182
64184
64185
64186
64187
64188
64190
64191
64194
64200
64202
64208
64209
64210
64212
64213
64216
64218
64219
64222
64223
64224
64225
64226
64227
64228
64229
64230
64232
64233
64234
64235
64236
64238
64239
64240
64241
64242
64243
64244
64245
64246
64247
64248
64249
64250
64251
64252
64253
64254
64255
64256
64261
64266
64267
64270
64271
64273
64277
64282
64283
64286
64290
64296
64298
64299
64302
64321
64325
64330
64331
64334
64336
64337
64338
64339
64340
64341
64342
64344
64345
64346
64347
64348
64350
64351
64368
64369
64372
64378
64379
64382
64383
64386
64392
64394
64395
64398
64416
64417
64418
64419
64420
64421
64422
64424
64425
64426
64427
64428
64430
64431
64432
64433
64434
64436
64440
64442
64443
64446
64447
64464
64465
64468
64474
64475
64478
64479
64480
64481
64482
64484
64488
64490
64491
64494
64495
64496
64497
64498
64499
64500
64501
64502
64503
64504
64505
64506
64507
64508
64509
64510
64511
64532
64533
64534
64540
64552
64553
64554
64556
64564
64568
64572
64580
64581
64582
64588
64592
64593
64594
64595
64596
64597
64598
64599
64600
64601
64602
64603
64604
64605
64606
64612
64616
64620
64624
64625
64626
64627
64628
64629
64630
64632
64633
64636
64648
64649
64650
64652
64660
64664
64668
64672
64673
64674
64675
64676
64677
64678
64679
64680
64681
64682
64683
64684
64685
64686
64688
64689
64690
64691
64692
64694
64696
64697
64698
64700
64708
64712
64716
64720
64721
64722
64723
64724
64725
64726
64728
64729
64732
64736
64737
64738
64739
64740
64742
64744
64745
64746
64748
64752
64753
64754
64755
64756
64757
64758
64759
64760
64761
64762
64763
64764
64765
64766
64767
64768
64773
64775
64778
64781
64783
64785
64788
64789
64791
64797
64805
64807
64808
64810
64813
64833
64836
64837
64839
64845
64848
64849
64850
64851
64852
64853
64854
64855
64856
64857
64858
64860
64861
64863
64880
64881
64882
64884
64885
64887
64888
64893
64895
64901
64903
64904
64906
64909
64928
64929
64930
64931
64932
64933
64934
64935
64936
64937
64938
64940
64941
64943
64944
64946
64949
64951
64952
64957
64959
64976
64977
64978
64980
64981
64983
64984
64989
64991
64992
64994
64997
64999
65000
65005
65007
65008
65009
65010
65011
65012
65013
65014
65015
65016
65017
65018
65019
65020
65021
65022
65023
65024
65029
65034
65035
65038
65039
65044
65045
65050
65051
65054
65058
65064
65066
65067
65070
65092
65093
65098
65099
65102
65104
65105
65106
65107
65108
65109
65110
65112
65113
65114
65115
65116
65118
65119
65136
65137
65140
65146
65147
65150
65151
65154
65160
65162
65163
65166
65184
65185
65186
65187
65188
65189
65190
65192
65193
65194
65195
65196
65198
65199
65200
65201
65202
65204
65208
65210
65211
65214
65215
65232
65233
65236
65242
65243
65246
65247
65248
65249
65250
65252
65256
65258
65259
65262
65263
65264
65265
65266
65267
65268
65269
65270
65271
65272
65273
65274
65275
65276
65277
65278
65279
65280
65281
65282
65284
65285
65287
65288
65290
65291
65293
65294
65295
65296
65297
65300
65301
65306
65311
65312
65314
65317
65320
65322
65327
65343
65344
65345
65348
65349
65354
65359
65360
65361
65362
65364
65365
65367
65368
65370
65371
65373
65374
65375
65391
65392
65397
65399
65402
65403
65405
65406
65407
65408
65410
65413
65416
65418
65423
65439
65440
65441
65442
65444
65445
65447
65448
65450
65451
65453
65454
65455
65456
65461
65463
65466
65467
65469
65470
65471
65487
65488
65493
65495
65498
65499
65501
65502
65503
65504
65509
65511
65514
65515
65517
65518
65519
65520
65521
65522
65523
65524
65525
65526
65527
65528
65529
65530
65531
65532
65533
65534