2026-09-26T08:01:17.7903356Z info: OIBridge/QuarterTurn.lean:696:0: 'OIBridge.QuarterTurn.character_gate' depends on axioms: [propext, Classical.choice, Quot.sound]
2026-09-26T08:01:17.7904318Z info: OIBridge/QuarterTurn.lean:697:0: 'OIBridge.QuarterTurn.character_values' depends on axioms: [propext, Classical.choice, Quot.sound]
2026-09-26T08:01:17.7905107Z info: OIBridge/QuarterTurn.lean:698:0: 'OIBridge.QuarterTurn.character_rhoLinkQT' depends on axioms: [propext, Classical.choice, Quot.sound]
2026-09-26T08:01:17.7905880Z info: OIBridge/QuarterTurn.lean:699:0: 'OIBridge.QuarterTurn.character_rhoT_eq' depends on axioms: [propext, Classical.choice, Quot.sound]
2026-09-26T08:01:17.7906624Z info: OIBridge/QuarterTurn.lean:700:0: 'OIBridge.QuarterTurn.character_rhoE_eq' depends on axioms: [propext, Classical.choice, Quot.sound]
2026-09-26T08:01:17.7907380Z info: OIBridge/QuarterTurn.lean:701:0: 'OIBridge.QuarterTurn.character_rhoA_eq' depends on axioms: [propext, Classical.choice, Quot.sound]
2026-09-26T08:01:17.7908121Z info: OIBridge/QuarterTurn.lean:702:0: 'OIBridge.QuarterTurn.irr_orthonormal' depends on axioms: [propext, Classical.choice, Quot.sound]
2026-09-26T08:01:17.7908814Z info: OIBridge/QuarterTurn.lean:703:0: 'OIBridge.QuarterTurn.mult_link' depends on axioms: [propext, Classical.choice, Quot.sound]
2026-09-26T08:01:17.7909567Z info: OIBridge/QuarterTurn.lean:704:0: 'OIBridge.QuarterTurn.finrank_end_rhoT' depends on axioms: [propext, Classical.choice, Quot.sound]
2026-09-26T08:01:17.7910533Z info: OIBridge/QuarterTurn.lean:705:0: 'OIBridge.QuarterTurn.finrank_end_rhoE' depends on axioms: [propext, Classical.choice, Quot.sound]
2026-09-26T08:01:17.7911283Z info: OIBridge/QuarterTurn.lean:706:0: 'OIBridge.QuarterTurn.irreducible_rhoT' depends on axioms: [propext, Classical.choice, Quot.sound]
2026-09-26T08:01:17.7912056Z info: OIBridge/QuarterTurn.lean:707:0: 'OIBridge.QuarterTurn.irreducible_rhoE' depends on axioms: [propext, Classical.choice, Quot.sound]
2026-09-26T08:01:17.7912824Z info: OIBridge/QuarterTurn.lean:708:0: 'OIBridge.QuarterTurn.irreducible_rhoA' depends on axioms: [propext, Classical.choice, Quot.sound]
2026-09-26T08:01:17.7913808Z info: OIBridge/QuarterTurn.lean:709:0: 'OIBridge.QuarterTurn.decompEquiv_equivariant' depends on axioms: [propext, Classical.choice, Quot.sound]
2026-09-26T08:01:17.7914505Z info: OIBridge/QuarterTurn.lean:710:0: 'OIBridge.QuarterTurn.chiT_c4' depends on axioms: [propext, Classical.choice, Quot.sound]
2026-09-26T08:01:17.7915472Z info: OIBridge/QuarterTurn.lean:711:0: 'OIBridge.QuarterTurn.finrank_end_rhoA' depends on axioms: [propext, Classical.choice, Quot.sound]
2026-09-26T08:01:17.7916274Z info: OIBridge/QuarterTurn.lean:712:0: 'OIBridge.QuarterTurn.theorem_7_link' depends on axioms: [propext, Classical.choice, Quot.sound]
2026-09-26T08:01:17.7916651Z ℹ [3468/3583] Replayed OIBridge.TasteBranching
2026-09-26T08:01:17.7917508Z info: OIBridge/TasteBranching.lean:244:0: 'OIBridge.TasteBranching.axisAct_mul' depends on axioms: [propext, Classical.choice, Quot.sound]
2026-09-26T08:01:17.7918349Z info: OIBridge/TasteBranching.lean:245:0: 'OIBridge.TasteBranching.cornerAct_mate' depends on axioms: [propext, Classical.choice, Quot.sound]
2026-09-26T08:01:17.7919011Z info: OIBridge/TasteBranching.lean:246:0: 'OIBridge.TasteBranching.singlet_fixed' depends on axioms: [propext, Classical.choice, Quot.sound]
2026-09-26T08:01:17.7919499Z info: OIBridge/TasteBranching.lean:247:0: 'OIBridge.TasteBranching.cornerAct_axisCorner' depends on axioms: [propext, Classical.choice, Quot.sound]
2026-09-26T08:01:17.7919966Z info: OIBridge/TasteBranching.lean:248:0: 'OIBridge.TasteBranching.axis_transitive' depends on axioms: [propext, Classical.choice, Quot.sound]
2026-09-26T08:01:17.7920705Z info: OIBridge/TasteBranching.lean:249:0: 'OIBridge.TasteBranching.corners_exhausted' depends on axioms: [propext, Classical.choice, Quot.sound]
2026-09-26T08:01:17.7921587Z info: OIBridge/TasteBranching.lean:250:0: 'OIBridge.TasteBranching.axisRep_fixes_allOnes' depends on axioms: [propext, Classical.choice, Quot.sound]
2026-09-26T08:01:17.7922437Z info: OIBridge/TasteBranching.lean:251:0: 'OIBridge.TasteBranching.axis_rep_reducible' depends on axioms: [propext, Classical.choice, Quot.sound]
2026-09-26T08:01:17.7923214Z info: OIBridge/TasteBranching.lean:252:0: 'OIBridge.TasteBranching.theorem_8' depends on axioms: [propext, Classical.choice, Quot.sound]
2026-09-26T08:01:17.7923476Z ℹ [3469/3583] Replayed OIBridge.TurnpikeScopeTransfer
2026-09-26T08:01:17.7924625Z info: OIBridge/TurnpikeScopeTransfer.lean:847:0: 'OIBridge.ScopeTransfer.rational_point' depends on axioms: [propext, Classical.choice, Quot.sound]
2026-09-26T08:01:17.7925579Z info: OIBridge/TurnpikeScopeTransfer.lean:848:0: 'OIBridge.ScopeTransfer.rational_solutions' depends on axioms: [propext, Classical.choice, Quot.sound]
2026-09-26T08:01:17.7926225Z info: OIBridge/TurnpikeScopeTransfer.lean:849:0: 'OIBridge.ScopeTransfer.exists_int_scaling' depends on axioms: [propext, Classical.choice, Quot.sound]
2026-09-26T08:01:17.7927104Z info: OIBridge/TurnpikeScopeTransfer.lean:850:0: 'OIBridge.ScopeTransfer.integer_realization_of_real_realization' depends on axioms: [propext,
2026-09-26T08:01:17.7927266Z  Classical.choice,
2026-09-26T08:01:17.7927416Z  Quot.sound]
2026-09-26T08:01:17.7928421Z info: OIBridge/TurnpikeScopeTransfer.lean:851:0: 'OIBridge.ScopeTransfer.spectral_classification_of_BG' depends on axioms: [propext, Classical.choice, Quot.sound]
2026-09-26T08:01:17.7929649Z info: OIBridge/TurnpikeScopeTransfer.lean:852:0: 'OIBridge.ScopeTransfer.gaps_eq_of_equal_probabilities' depends on axioms: [propext, Classical.choice, Quot.sound]
2026-09-26T08:01:17.7930662Z info: OIBridge/TurnpikeScopeTransfer.lean:853:0: 'OIBridge.ScopeTransfer.twoBranch_of_BGClassification' depends on axioms: [propext, Classical.choice, Quot.sound]
2026-09-26T08:01:17.7930980Z ℹ [3470/3583] Replayed OIBridge.TwoByTwoNoGo
2026-09-26T08:01:17.7931844Z info: OIBridge/TwoByTwoNoGo.lean:800:0: 'OIBridge.TwoByTwoNoGo.twoByTwo_affine_rigidity' depends on axioms: [propext, Classical.choice, Quot.sound]
2026-09-26T08:01:17.7932619Z info: OIBridge/TwoByTwoNoGo.lean:801:0: 'OIBridge.TwoByTwoNoGo.twoByTwo_nonCP' depends on axioms: [propext, Classical.choice, Quot.sound]
2026-09-26T08:01:17.7933425Z info: OIBridge/TwoByTwoNoGo.lean:802:0: 'OIBridge.TwoByTwoNoGo.twoByTwo_no_local_lift' depends on axioms: [propext, Classical.choice, Quot.sound]
2026-09-26T08:01:17.7933988Z ℹ [3471/3583] Replayed OIBridge.JordanClassification
2026-09-26T08:01:17.7935125Z info: OIBridge/JordanClassification.lean:1134:0: 'OIBridge.JordanClassification.psd_iff_trace_nonneg' depends on axioms: [propext, Classical.choice, Quot.sound]
2026-09-26T08:01:17.7936057Z info: OIBridge/JordanClassification.lean:1135:0: 'OIBridge.JordanClassification.jordan_complexify' depends on axioms: [propext, Classical.choice, Quot.sound]
2026-09-26T08:01:17.7936876Z info: OIBridge/JordanClassification.lean:1136:0: 'OIBridge.JordanClassification.orthogonal_resolution_rank_one' depends on axioms: [propext,
2026-09-26T08:01:17.7937025Z  Classical.choice,
2026-09-26T08:01:17.7937160Z  Quot.sound]
2026-09-26T08:01:17.7938030Z info: OIBridge/JordanClassification.lean:1137:0: 'OIBridge.JordanClassification.corner_form' depends on axioms: [propext, Classical.choice, Quot.sound]
2026-09-26T08:01:17.7938994Z info: OIBridge/JordanClassification.lean:1138:0: 'OIBridge.JordanClassification.corner_nilpotent' depends on axioms: [propext, Classical.choice, Quot.sound]
2026-09-26T08:01:17.7940039Z info: OIBridge/JordanClassification.lean:1139:0: 'OIBridge.JordanClassification.corner_unimodular' depends on axioms: [propext, Classical.choice, Quot.sound]
2026-09-26T08:01:17.7940983Z info: OIBridge/JordanClassification.lean:1140:0: 'OIBridge.JordanClassification.corner_cocycle' depends on axioms: [propext, Classical.choice, Quot.sound]
2026-09-26T08:01:17.7941990Z info: OIBridge/JordanClassification.lean:1141:0: 'OIBridge.JordanClassification.orientation_dichotomy' depends on axioms: [propext, Classical.choice, Quot.sound]
2026-09-26T08:01:17.7942935Z info: OIBridge/JordanClassification.lean:1142:0: 'OIBridge.JordanClassification.matrixJordan_unitary_or_transpose' depends on axioms: [propext,
2026-09-26T08:01:17.7943094Z  Classical.choice,
2026-09-26T08:01:17.7943246Z  Quot.sound]
2026-09-26T08:01:17.7944560Z info: OIBridge/JordanClassification.lean:1143:0: 'OIBridge.JordanClassification.sameData_orderIso' depends on axioms: [propext, Classical.choice, Quot.sound]
2026-09-26T08:01:17.7945665Z info: OIBridge/JordanClassification.lean:1144:0: 'OIBridge.JordanClassification.sameData_unitary_or_transpose' depends on axioms: [propext, Classical.choice, Quot.sound]
2026-09-26T08:01:17.7946175Z ℹ [3472/3583] Replayed OIBridge.OrientationSelection
2026-09-26T08:01:17.7947179Z info: OIBridge/OrientationSelection.lean:403:0: 'OIBridge.OrientationSelection.transpose_data_eq' depends on axioms: [propext, Classical.choice, Quot.sound]
2026-09-26T08:01:17.7948081Z info: OIBridge/OrientationSelection.lean:404:0: 'OIBridge.OrientationSelection.selector_factorization_invariant' does not depend on any axioms
2026-09-26T08:01:17.7949121Z info: OIBridge/OrientationSelection.lean:405:0: 'OIBridge.OrientationSelection.operational_orientation_noGo' depends on axioms: [propext, Classical.choice, Quot.sound]
2026-09-26T08:01:17.7950098Z info: OIBridge/OrientationSelection.lean:406:0: 'OIBridge.OrientationSelection.transpose_span' depends on axioms: [propext, Classical.choice, Quot.sound]
2026-09-26T08:01:17.7951283Z info: OIBridge/OrientationSelection.lean:407:0: 'OIBridge.OrientationSelection.transpose_sep' depends on axioms: [propext, Classical.choice, Quot.sound]
2026-09-26T08:01:17.7952239Z info: OIBridge/OrientationSelection.lean:408:0: 'OIBridge.OrientationSelection.transpose_cone' depends on axioms: [propext, Classical.choice, Quot.sound]
2026-09-26T08:01:17.7953170Z info: OIBridge/OrientationSelection.lean:409:0: 'OIBridge.OrientationSelection.transpose_completion_admissible' depends on axioms: [propext,
2026-09-26T08:01:17.7953319Z  Classical.choice,
2026-09-26T08:01:17.7953456Z  Quot.sound]
2026-09-26T08:01:17.7954518Z info: OIBridge/OrientationSelection.lean:410:0: 'OIBridge.OrientationSelection.transpose_realizes_second_branch' depends on axioms: [propext,
2026-09-26T08:01:17.7954665Z  Classical.choice,
2026-09-26T08:01:17.7954802Z  Quot.sound]
2026-09-26T08:01:17.7955749Z info: OIBridge/OrientationSelection.lean:411:0: 'OIBridge.OrientationSelection.transpose_not_inner' depends on axioms: [propext, Classical.choice, Quot.sound]
2026-09-26T08:01:17.7956819Z info: OIBridge/OrientationSelection.lean:412:0: 'OIBridge.OrientationSelection.orientedReference_excludes_transpose' depends on axioms: [propext,
2026-09-26T08:01:17.7956976Z  Classical.choice,
2026-09-26T08:01:17.7957110Z  Quot.sound]
2026-09-26T08:01:17.7957971Z info: OIBridge/OrientationSelection.lean:413:0: 'OIBridge.OrientationSelection.oriented_functional_not_data_definable' depends on axioms: [propext,
2026-09-26T08:01:17.7958118Z  Classical.choice,
2026-09-26T08:01:17.7958244Z  Quot.sound]
2026-09-26T08:01:17.7959097Z info: OIBridge/OrientationSelection.lean:414:0: 'OIBridge.OrientationSelection.sameData_unitary_of_orientedReference' depends on axioms: [propext,
2026-09-26T08:01:17.7959243Z  Classical.choice,
2026-09-26T08:01:17.7959370Z  Quot.sound]
2026-09-26T08:01:17.7960269Z info: OIBridge/OrientationSelection.lean:415:0: 'OIBridge.OrientationSelection.shellRepresentation_stationary_profile' depends on axioms: [propext,
2026-09-26T08:01:17.7960421Z  Classical.choice,
2026-09-26T08:01:17.7960548Z  Quot.sound]
2026-09-26T08:01:17.7961536Z info: OIBridge/OrientationSelection.lean:416:0: 'OIBridge.OrientationSelection.sameData_unitary_of_transitionIdentification' depends on axioms: [propext,
2026-09-26T08:01:17.7961696Z  Classical.choice,
2026-09-26T08:01:17.7961839Z  Quot.sound]
2026-09-26T08:01:17.7962800Z info: OIBridge/OrientationSelection.lean:417:0: 'OIBridge.OrientationSelection.sameData_unitary_of_shellRepresentation' depends on axioms: [propext,
2026-09-26T08:01:17.7962959Z  Classical.choice,
2026-09-26T08:01:17.7963095Z  Quot.sound]
2026-09-26T08:01:17.7963477Z ℹ [3473/3583] Replayed OIBridge.OrientationClosure
2026-09-26T08:01:17.7964663Z info: OIBridge/OrientationClosure.lean:290:0: 'OIBridge.OrientationClosure.conjM_conjM' depends on axioms: [propext, Classical.choice, Quot.sound]
2026-09-26T08:01:17.7965633Z info: OIBridge/OrientationClosure.lean:291:0: 'OIBridge.OrientationClosure.conjM_sandwich_transpose' depends on axioms: [propext, Classical.choice, Quot.sound]
2026-09-26T08:01:17.7966605Z info: OIBridge/OrientationClosure.lean:292:0: 'OIBridge.OrientationClosure.umat_reflect_conjM' depends on axioms: [propext, Classical.choice, Quot.sound]
2026-09-26T08:01:17.7967559Z info: OIBridge/OrientationClosure.lean:293:0: 'OIBridge.OrientationClosure.shellRepresentation_transpose_stable' depends on axioms: [propext,
2026-09-26T08:01:17.7967731Z  Classical.choice,
2026-09-26T08:01:17.7967867Z  Quot.sound]
2026-09-26T08:01:17.7968880Z info: OIBridge/OrientationClosure.lean:294:0: 'OIBridge.OrientationClosure.transitionIdentification_orientation_sensitive' depends on axioms: [propext,
2026-09-26T08:01:17.7969061Z  Classical.choice,
2026-09-26T08:01:17.7969208Z  Quot.sound]
2026-09-26T08:01:17.7970166Z info: OIBridge/OrientationClosure.lean:295:0: 'OIBridge.OrientationClosure.stationary_readout' depends on axioms: [propext, Classical.choice, Quot.sound]
2026-09-26T08:01:17.7971187Z info: OIBridge/OrientationClosure.lean:296:0: 'OIBridge.OrientationClosure.orientedShellRepresentation_orientation_sensitive' depends on axioms: [propext,
2026-09-26T08:01:17.7971522Z  Classical.choice,
2026-09-26T08:01:17.7971662Z  Quot.sound]
2026-09-26T08:01:17.7972453Z info: OIBridge/OrientationClosure.lean:297:0: 'OIBridge.OrientationClosure.no_universal_oriented_property' does not depend on any axioms
2026-09-26T08:01:17.7973443Z info: OIBridge/OrientationClosure.lean:298:0: 'OIBridge.OrientationClosure.no_symmetric_condition_forces_transitionIdentification' depends on axioms: [propext,
2026-09-26T08:01:17.7973822Z  Classical.choice,
2026-09-26T08:01:17.7973967Z  Quot.sound]
2026-09-26T08:01:17.7974856Z info: OIBridge/OrientationClosure.lean:299:0: 'OIBridge.OrientationClosure.no_symmetric_condition_forces_orientedShell' depends on axioms: [propext,
2026-09-26T08:01:17.7975002Z  Classical.choice,
2026-09-26T08:01:17.7975132Z  Quot.sound]
2026-09-26T08:01:17.7975500Z ⚠ [3474/3583] Replayed OIBridge.PassiveObservation
2026-09-26T08:01:17.7975927Z warning: OIBridge/PassiveObservation.lean:62:80: This simp argument is unused:
2026-09-26T08:01:17.7976070Z   mul_assoc
2026-09-26T08:01:17.7976077Z 
2026-09-26T08:01:17.7976448Z Hint: Omit it from the simp argument list.
2026-09-26T08:01:17.7976888Z   [apply] simp [mulVec, dotProduct, vecMulVec, Finset.mul_sum, mul_comm, mul_left_comm]
2026-09-26T08:01:17.7976898Z 
2026-09-26T08:01:17.7977279Z Note: This linter can be disabled with `set_option linter.unusedSimpArgs false`
2026-09-26T08:01:17.7978264Z warning: OIBridge/PassiveObservation.lean:65:0: automatically included section variable(s) unused in theorem `OIBridge.PassiveObservation.vecMulVec_star_mulVec_orth`:
2026-09-26T08:01:17.7978409Z   [DecidableEq n]
2026-09-26T08:01:17.7979009Z consider restructuring your `variable` declarations so that the variables are not in scope or explicitly omit them:
2026-09-26T08:01:17.7979180Z   omit [DecidableEq n] in theorem ...
2026-09-26T08:01:17.7979187Z 
2026-09-26T08:01:17.7979574Z Note: This linter can be disabled with `set_option linter.unusedSectionVars false`
2026-09-26T08:01:17.7980531Z warning: OIBridge/PassiveObservation.lean:70:0: automatically included section variable(s) unused in theorem `OIBridge.PassiveObservation.star_dotProduct_comm_zero`:
2026-09-26T08:01:17.7980676Z   [DecidableEq n]
2026-09-26T08:01:17.7981283Z consider restructuring your `variable` declarations so that the variables are not in scope or explicitly omit them:
2026-09-26T08:01:17.7981445Z   omit [DecidableEq n] in theorem ...
2026-09-26T08:01:17.7981451Z 
2026-09-26T08:01:17.7981833Z Note: This linter can be disabled with `set_option linter.unusedSectionVars false`
2026-09-26T08:01:17.7982743Z warning: OIBridge/PassiveObservation.lean:241:0: automatically included section variable(s) unused in theorem `OIBridge.PassiveObservation.pureState_apply`:
2026-09-26T08:01:17.7982875Z   [Fintype S]
2026-09-26T08:01:17.7983479Z consider restructuring your `variable` declarations so that the variables are not in scope or explicitly omit them:
2026-09-26T08:01:17.7983821Z   omit [Fintype S] in theorem ...
2026-09-26T08:01:17.7983836Z 
2026-09-26T08:01:17.7984222Z Note: This linter can be disabled with `set_option linter.unusedSectionVars false`
2026-09-26T08:01:17.7984625Z warning: OIBridge/PassiveObservation.lean:294:62: This simp argument is unused:
2026-09-26T08:01:17.7984768Z   Finset.sum_ite_eq'
2026-09-26T08:01:17.7984774Z 
2026-09-26T08:01:17.7984949Z Hint: Omit it from the simp argument list.
2026-09-26T08:01:17.7985286Z   [apply] simp [Matrix.mul_apply, Matrix.single, Finset.sum_ite_eq, hi, hj]
2026-09-26T08:01:17.7985293Z 
2026-09-26T08:01:17.7985655Z Note: This linter can be disabled with `set_option linter.unusedSimpArgs false`
2026-09-26T08:01:17.7986551Z info: OIBridge/PassiveObservation.lean:353:0: 'OIBridge.PassiveObservation.psd_summand_of_rankOne' depends on axioms: [propext, Classical.choice, Quot.sound]
2026-09-26T08:01:17.7987409Z info: OIBridge/PassiveObservation.lean:354:0: 'OIBridge.PassiveObservation.choiMatrix_id' depends on axioms: [propext, Classical.choice, Quot.sound]
2026-09-26T08:01:17.7988505Z info: OIBridge/PassiveObservation.lean:355:0: 'OIBridge.PassiveObservation.passive_branch_scalar' depends on axioms: [propext, Classical.choice, Quot.sound]
2026-09-26T08:01:17.7989300Z info: OIBridge/PassiveObservation.lean:356:0: 'OIBridge.PassiveObservation.passive_outcome_state_independent' depends on axioms: [propext,
2026-09-26T08:01:17.7989447Z  Classical.choice,
2026-09-26T08:01:17.7989581Z  Quot.sound]
2026-09-26T08:01:17.7990622Z info: OIBridge/PassiveObservation.lean:357:0: 'OIBridge.PassiveObservation.no_complete_passive_observation' depends on axioms: [propext, Classical.choice, Quot.sound]
2026-09-26T08:01:17.7991552Z info: OIBridge/PassiveObservation.lean:358:0: 'OIBridge.PassiveObservation.pinching_cp' depends on axioms: [propext, Classical.choice, Quot.sound]
2026-09-26T08:01:17.7992609Z info: OIBridge/PassiveObservation.lean:359:0: 'OIBridge.PassiveObservation.pinching_passive_on_diagonal' depends on axioms: [propext, Classical.choice, Quot.sound]
2026-09-26T08:01:17.7994020Z info: OIBridge/PassiveObservation.lean:360:0: 'OIBridge.PassiveObservation.pinching_separates_diagonal' depends on axioms: [propext, Classical.choice, Quot.sound]
2026-09-26T08:01:17.7995019Z info: OIBridge/PassiveObservation.lean:361:0: 'OIBridge.PassiveObservation.pinching_sum_apply' depends on axioms: [propext, Classical.choice, Quot.sound]
2026-09-26T08:01:17.7995983Z info: OIBridge/PassiveObservation.lean:362:0: 'OIBridge.PassiveObservation.pinching_not_passive' depends on axioms: [propext, Classical.choice, Quot.sound]
2026-09-26T08:01:17.7996356Z ℹ [3475/3583] Replayed OIBridge.CentralObservation
2026-09-26T08:01:17.7997324Z info: OIBridge/CentralObservation.lean:628:0: 'OIBridge.CentralObservation.exists_kraus' depends on axioms: [propext, Classical.choice, Quot.sound]
2026-09-26T08:01:17.7998276Z info: OIBridge/CentralObservation.lean:629:0: 'OIBridge.CentralObservation.kraus_block_vanish' depends on axioms: [propext, Classical.choice, Quot.sound]
2026-09-26T08:01:17.7999321Z info: OIBridge/CentralObservation.lean:630:0: 'OIBridge.CentralObservation.branch_preserves_block' depends on axioms: [propext, Classical.choice, Quot.sound]
2026-09-26T08:01:17.8000311Z info: OIBridge/CentralObservation.lean:631:0: 'OIBridge.CentralObservation.choiMatrix_restrictMap' depends on axioms: [propext, Classical.choice, Quot.sound]
2026-09-26T08:01:17.8001260Z info: OIBridge/CentralObservation.lean:632:0: 'OIBridge.CentralObservation.restricted_passive' depends on axioms: [propext, Classical.choice, Quot.sound]
2026-09-26T08:01:17.8002207Z info: OIBridge/CentralObservation.lean:633:0: 'OIBridge.CentralObservation.branch_scalar_on_block' depends on axioms: [propext, Classical.choice, Quot.sound]
2026-09-26T08:01:17.8003149Z info: OIBridge/CentralObservation.lean:634:0: 'OIBridge.CentralObservation.central_classification' depends on axioms: [propext, Classical.choice, Quot.sound]
2026-09-26T08:01:17.8004289Z info: OIBridge/CentralObservation.lean:635:0: 'OIBridge.CentralObservation.blockPinch_passive' depends on axioms: [propext, Classical.choice, Quot.sound]
2026-09-26T08:01:17.8005295Z info: OIBridge/CentralObservation.lean:636:0: 'OIBridge.CentralObservation.no_complete_passive_of_block' depends on axioms: [propext, Classical.choice, Quot.sound]
2026-09-26T08:01:17.8006245Z info: OIBridge/CentralObservation.lean:637:0: 'OIBridge.CentralObservation.blockPinch_separates' depends on axioms: [propext, Classical.choice, Quot.sound]
2026-09-26T08:01:17.8007217Z info: OIBridge/CentralObservation.lean:638:0: 'OIBridge.CentralObservation.complete_passive_iff_injective' depends on axioms: [propext, Classical.choice, Quot.sound]
2026-09-26T08:01:17.8008153Z info: OIBridge/CentralObservation.lean:639:0: 'OIBridge.CentralObservation.injective_iff_commutative' depends on axioms: [propext, Classical.choice, Quot.sound]
2026-09-26T08:01:17.8008948Z info: OIBridge/CentralObservation.lean:640:0: 'OIBridge.CentralObservation.complete_passive_iff_commutative' depends on axioms: [propext,
2026-09-26T08:01:17.8009302Z  Classical.choice,
2026-09-26T08:01:17.8009441Z  Quot.sound]
2026-09-26T08:01:17.8009790Z ℹ [3476/3583] Replayed OIBridge.PassiveIndependence
2026-09-26T08:01:17.8010813Z info: OIBridge/PassiveIndependence.lean:345:0: 'OIBridge.PassiveIndependence.passivelyIncomplete_of_card' depends on axioms: [propext, Classical.choice, Quot.sound]
2026-09-26T08:01:17.8011809Z info: OIBridge/PassiveIndependence.lean:346:0: 'OIBridge.PassiveIndependence.passivelyIncomplete_qubit' depends on axioms: [propext, Classical.choice, Quot.sound]
2026-09-26T08:01:17.8012757Z info: OIBridge/PassiveIndependence.lean:347:0: 'OIBridge.PassiveIndependence.keepsLabels_localLuders' depends on axioms: [propext, Classical.choice, Quot.sound]
2026-09-26T08:01:17.8013884Z info: OIBridge/PassiveIndependence.lean:348:0: 'OIBridge.PassiveIndependence.tau_moves_label' depends on axioms: [propext, Classical.choice, Quot.sound]
2026-09-26T08:01:17.8014861Z info: OIBridge/PassiveIndependence.lean:349:0: 'OIBridge.PassiveIndependence.label_not_oiCore' depends on axioms: [propext, Classical.choice, Quot.sound]
2026-09-26T08:01:17.8016089Z info: OIBridge/PassiveIndependence.lean:350:0: 'OIBridge.PassiveIndependence.oiCore_to_passive_vacuous' depends on axioms: [propext, Classical.choice, Quot.sound]
2026-09-26T08:01:17.8017044Z info: OIBridge/PassiveIndependence.lean:351:0: 'OIBridge.PassiveIndependence.passivelyIncomplete_without_oiCore' depends on axioms: [propext,
2026-09-26T08:01:17.8017206Z  Classical.choice,
2026-09-26T08:01:17.8017337Z  Quot.sound]
2026-09-26T08:01:17.8018335Z info: OIBridge/PassiveIndependence.lean:352:0: 'OIBridge.PassiveIndependence.passive_not_implies_oiCore' depends on axioms: [propext, Classical.choice, Quot.sound]
2026-09-26T08:01:17.8019373Z info: OIBridge/PassiveIndependence.lean:353:0: 'OIBridge.PassiveIndependence.passive_nondiscriminating' depends on axioms: [propext, Classical.choice, Quot.sound]
2026-09-26T08:01:17.8020376Z info: OIBridge/PassiveIndependence.lean:354:0: 'OIBridge.PassiveIndependence.pinching_isKrausFamily' depends on axioms: [propext, Classical.choice, Quot.sound]
2026-09-26T08:01:17.8021439Z info: OIBridge/PassiveIndependence.lean:355:0: 'OIBridge.PassiveIndependence.pinching_preservesDiag' depends on axioms: [propext, Classical.choice, Quot.sound]
2026-09-26T08:01:17.8022351Z info: OIBridge/PassiveIndependence.lean:356:0: 'OIBridge.PassiveIndependence.diag_passivelyCompleteOnDiagonal' depends on axioms: [propext,
2026-09-26T08:01:17.8022529Z  Classical.choice,
2026-09-26T08:01:17.8022666Z  Quot.sound]
2026-09-26T08:01:17.8023806Z info: OIBridge/PassiveIndependence.lean:357:0: 'OIBridge.PassiveIndependence.label_passivelyCompleteOnDiagonal' depends on axioms: [propext,
2026-09-26T08:01:17.8024090Z  Classical.choice,
2026-09-26T08:01:17.8024268Z  Quot.sound]
2026-09-26T08:01:17.8025179Z info: OIBridge/PassiveIndependence.lean:358:0: 'OIBridge.PassiveIndependence.sector_diagram' depends on axioms: [propext, Classical.choice, Quot.sound]
2026-09-26T08:01:17.8025527Z ℹ [3477/3583] Replayed OIBridge.InternalObserver
2026-09-26T08:01:17.8026427Z info: OIBridge/InternalObserver.lean:321:0: 'OIBridge.InternalObserver.no_full_passive_self_record' depends on axioms: [propext, Classical.choice, Quot.sound]
2026-09-26T08:01:17.8027325Z info: OIBridge/InternalObserver.lean:322:0: 'OIBridge.InternalObserver.branch_kills_other_block' depends on axioms: [propext, Classical.choice, Quot.sound]
2026-09-26T08:01:17.8028196Z info: OIBridge/InternalObserver.lean:323:0: 'OIBridge.InternalObserver.branch_fixes_own_block' depends on axioms: [propext, Classical.choice, Quot.sound]
2026-09-26T08:01:17.8029122Z info: OIBridge/InternalObserver.lean:324:0: 'OIBridge.InternalObserver.internal_branch_eq_blockPart' depends on axioms: [propext, Classical.choice, Quot.sound]
2026-09-26T08:01:17.8030001Z info: OIBridge/InternalObserver.lean:325:0: 'OIBridge.InternalObserver.internal_outcome_law' depends on axioms: [propext, Classical.choice, Quot.sound]
2026-09-26T08:01:17.8030869Z info: OIBridge/InternalObserver.lean:326:0: 'OIBridge.InternalObserver.blockPinch_internal' depends on axioms: [propext, Classical.choice, Quot.sound]
2026-09-26T08:01:17.8032037Z info: OIBridge/InternalObserver.lean:327:0: 'OIBridge.InternalObserver.internal_complete_iff' depends on axioms: [propext, Classical.choice, Quot.sound]
2026-09-26T08:01:17.8033011Z info: OIBridge/InternalObserver.lean:328:0: 'OIBridge.InternalObserver.no_complete_internal_observer' depends on axioms: [propext, Classical.choice, Quot.sound]
2026-09-26T08:01:17.8034151Z info: OIBridge/InternalObserver.lean:329:0: 'OIBridge.InternalObserver.classical_control' depends on axioms: [propext, Classical.choice, Quot.sound]
2026-09-26T08:01:17.8035043Z info: OIBridge/InternalObserver.lean:330:0: 'OIBridge.InternalObserver.recordInstr_cp' depends on axioms: [propext, Classical.choice, Quot.sound]
2026-09-26T08:01:17.8035993Z info: OIBridge/InternalObserver.lean:331:0: 'OIBridge.InternalObserver.recordInstr_records' depends on axioms: [propext, Classical.choice, Quot.sound]
2026-09-26T08:01:17.8036925Z info: OIBridge/InternalObserver.lean:332:0: 'OIBridge.InternalObserver.recordInstr_writes' depends on axioms: [propext, Classical.choice, Quot.sound]
2026-09-26T08:01:17.8038061Z info: OIBridge/InternalObserver.lean:333:0: 'OIBridge.InternalObserver.recordInstr_not_passive' depends on axioms: [propext, Classical.choice, Quot.sound]
2026-09-26T08:01:17.8039028Z info: OIBridge/InternalObserver.lean:334:0: 'OIBridge.InternalObserver.recordInstr_not_internal' depends on axioms: [propext, Classical.choice, Quot.sound]
2026-09-26T08:01:17.8039395Z ℹ [3478/3583] Replayed OIBridge.LevelOneRecursion
2026-09-26T08:01:17.8040383Z info: OIBridge/LevelOneRecursion.lean:63:0: 'OIBridge.LevelOneRecursion.systemLoose_observerRecursion' depends on axioms: [propext, Classical.choice, Quot.sound]
2026-09-26T08:01:17.8041166Z info: OIBridge/LevelOneRecursion.lean:64:0: 'OIBridge.LevelOneRecursion.levelOne_independent_of_recursion' depends on axioms: [propext,
2026-09-26T08:01:17.8041317Z  Classical.choice,
2026-09-26T08:01:17.8041459Z  Quot.sound]
2026-09-26T08:01:17.8042289Z info: OIBridge/LevelOneRecursion.lean:65:0: 'OIBridge.LevelOneRecursion.levelOne_row' depends on axioms: [propext, Classical.choice, Quot.sound]
2026-09-26T08:01:17.8042625Z ℹ [3501/3583] Replayed OIBridge.QuantumRepresentation
2026-09-26T08:01:17.8043921Z info: OIBridge/QuantumRepresentation.lean:446:0: 'OIBridge.QuantumRepresentation.QfbData.rootMass_nonneg' depends on axioms: [propext, Classical.choice, Quot.sound]
2026-09-26T08:01:17.8044976Z info: OIBridge/QuantumRepresentation.lean:447:0: 'OIBridge.QuantumRepresentation.QfbData.condReal_Bas' depends on axioms: [propext, Classical.choice, Quot.sound]
2026-09-26T08:01:17.8045986Z info: OIBridge/QuantumRepresentation.lean:448:0: 'OIBridge.QuantumRepresentation.QfbData.condReal_U' depends on axioms: [propext, Classical.choice, Quot.sound]
2026-09-26T08:01:17.8046889Z info: OIBridge/QuantumRepresentation.lean:449:0: 'OIBridge.QuantumRepresentation.QfbData.condReal_read' depends on axioms: [propext, Classical.choice, Quot.sound]
2026-09-26T08:01:17.8047899Z info: OIBridge/QuantumRepresentation.lean:450:0: 'OIBridge.QuantumRepresentation.QfbData.condReal_born' depends on axioms: [propext, Classical.choice, Quot.sound]
2026-09-26T08:01:17.8048920Z info: OIBridge/QuantumRepresentation.lean:451:0: 'OIBridge.QuantumRepresentation.QfbData.condReal_chain' depends on axioms: [propext, Classical.choice, Quot.sound]
2026-09-26T08:01:17.8049917Z info: OIBridge/QuantumRepresentation.lean:452:0: 'OIBridge.QuantumRepresentation.QfbData.condReal_isLaw' depends on axioms: [propext, Classical.choice, Quot.sound]
2026-09-26T08:01:17.8050905Z info: OIBridge/QuantumRepresentation.lean:453:0: 'OIBridge.QuantumRepresentation.QfbData.condReal_law' depends on axioms: [propext, Classical.choice, Quot.sound]
2026-09-26T08:01:17.8051919Z info: OIBridge/QuantumRepresentation.lean:454:0: 'OIBridge.QuantumRepresentation.qfbRealizable_rootTraj' depends on axioms: [propext, Classical.choice, Quot.sound]
2026-09-26T08:01:17.8052930Z info: OIBridge/QuantumRepresentation.lean:455:0: 'OIBridge.QuantumRepresentation.QfbData.sum_path' depends on axioms: [propext, Classical.choice, Quot.sound]
2026-09-26T08:01:17.8054283Z info: OIBridge/QuantumRepresentation.lean:456:0: 'OIBridge.QuantumRepresentation.sum_marg_mul' depends on axioms: [propext, Classical.choice, Quot.sound]
2026-09-26T08:01:17.8055254Z info: OIBridge/QuantumRepresentation.lean:457:0: 'OIBridge.QuantumRepresentation.QfbData.rootTraj_eq' depends on axioms: [propext, Classical.choice, Quot.sound]
2026-09-26T08:01:17.8056267Z info: OIBridge/QuantumRepresentation.lean:458:0: 'OIBridge.QuantumRepresentation.QfbData.rootTraj_marginal' depends on axioms: [propext, Classical.choice, Quot.sound]
2026-09-26T08:01:17.8057190Z info: OIBridge/QuantumRepresentation.lean:459:0: 'OIBridge.QuantumRepresentation.QfbData.sum_born' depends on axioms: [propext, Classical.choice, Quot.sound]
2026-09-26T08:01:17.8058154Z info: OIBridge/QuantumRepresentation.lean:460:0: 'OIBridge.QuantumRepresentation.QfbData.sum_bornPow' depends on axioms: [propext, Classical.choice, Quot.sound]
2026-09-26T08:01:17.8059309Z info: OIBridge/QuantumRepresentation.lean:461:0: 'OIBridge.QuantumRepresentation.QfbData.bornPow_of_det' depends on axioms: [propext, Classical.choice, Quot.sound]
2026-09-26T08:01:17.8601308Z ℹ [3503/3599] Replayed OIBridge.ImplementationLocality
2026-09-26T08:01:17.8602529Z info: OIBridge/ImplementationLocality.lean:1084:0: 'OIBridge.InterventionLocality.twoPosFamily_regrouping' depends on axioms: [propext, Classical.choice, Quot.sound]
2026-09-26T08:01:17.8603284Z info: OIBridge/ImplementationLocality.lean:1085:0: 'OIBridge.InterventionLocality.twoPosFamily_relabelling' depends on axioms: [propext, Classical.choice, Quot.sound]
2026-09-26T08:01:17.8604641Z info: OIBridge/ImplementationLocality.lean:1086:0: 'OIBridge.InterventionLocality.countermodel_ambient' depends on axioms: [propext, Classical.choice, Quot.sound]
2026-09-26T08:01:17.8605961Z info: OIBridge/ImplementationLocality.lean:1087:0: 'OIBridge.InterventionLocality.countermodel_embeddedObservation' depends on axioms: [propext,
2026-09-26T08:01:17.8606211Z  Classical.choice,
2026-09-26T08:01:17.8606416Z  Quot.sound]
2026-09-26T08:01:17.8607734Z info: OIBridge/ImplementationLocality.lean:1088:0: 'OIBridge.InterventionLocality.countermodel_reversibleRichness' depends on axioms: [propext,
2026-09-26T08:01:17.8607945Z  Classical.choice,
2026-09-26T08:01:17.8608097Z  Quot.sound]
2026-09-26T08:01:17.8609567Z info: OIBridge/ImplementationLocality.lean:1089:0: 'OIBridge.InterventionLocality.redundancy_fails' depends on axioms: [propext, Classical.choice, Quot.sound]
2026-09-26T08:01:17.8610852Z info: OIBridge/ImplementationLocality.lean:1090:0: 'OIBridge.InterventionLocality.form_fixed_existence_fails' depends on axioms: [propext, Classical.choice, Quot.sound]
2026-09-26T08:01:17.8612292Z info: OIBridge/ImplementationLocality.lean:1091:0: 'OIBridge.InterventionLocality.conjChannel_trace_iff' depends on axioms: [propext, Classical.choice, Quot.sound]
2026-09-26T08:01:17.8613841Z info: OIBridge/ImplementationLocality.lean:1092:0: 'OIBridge.InterventionLocality.instAvail_mono' depends on axioms: [propext, Classical.choice, Quot.sound]
2026-09-26T08:01:17.8614795Z info: OIBridge/ImplementationLocality.lean:1093:0: 'OIBridge.InterventionLocality.instAvail_trace' depends on axioms: [propext, Classical.choice, Quot.sound]
2026-09-26T08:01:17.8615751Z info: OIBridge/ImplementationLocality.lean:1094:0: 'OIBridge.InterventionLocality.fullClass_contextStable' depends on axioms: [propext, Classical.choice, Quot.sound]
2026-09-26T08:01:17.8616821Z info: OIBridge/ImplementationLocality.lean:1095:0: 'OIBridge.InterventionLocality.fullClass_labelInvariant' depends on axioms: [propext, Classical.choice, Quot.sound]
2026-09-26T08:01:17.8617769Z info: OIBridge/ImplementationLocality.lean:1096:0: 'OIBridge.InterventionLocality.cp_of_realized' depends on axioms: [propext, Classical.choice, Quot.sound]
2026-09-26T08:01:17.8618733Z info: OIBridge/ImplementationLocality.lean:1097:0: 'OIBridge.InterventionLocality.conjChannel_smul' depends on axioms: [propext, Classical.choice, Quot.sound]
2026-09-26T08:01:17.8620006Z info: OIBridge/ImplementationLocality.lean:1098:0: 'OIBridge.InterventionLocality.realized_conj' depends on axioms: [propext, Classical.choice, Quot.sound]
2026-09-26T08:01:17.8620960Z info: OIBridge/ImplementationLocality.lean:1099:0: 'OIBridge.InterventionLocality.realized_zero' depends on axioms: [propext, Classical.choice, Quot.sound]
2026-09-26T08:01:17.8621907Z info: OIBridge/ImplementationLocality.lean:1100:0: 'OIBridge.InterventionLocality.realized_add' depends on axioms: [propext, Classical.choice, Quot.sound]
2026-09-26T08:01:17.8622883Z info: OIBridge/ImplementationLocality.lean:1101:0: 'OIBridge.InterventionLocality.realized_sum' depends on axioms: [propext, Classical.choice, Quot.sound]
2026-09-26T08:01:17.8624043Z info: OIBridge/ImplementationLocality.lean:1102:0: 'OIBridge.InterventionLocality.sum_comp'' depends on axioms: [propext, Classical.choice, Quot.sound]
2026-09-26T08:01:17.8625211Z info: OIBridge/ImplementationLocality.lean:1103:0: 'OIBridge.InterventionLocality.comp_sum'' depends on axioms: [propext, Classical.choice, Quot.sound]
2026-09-26T08:01:17.8626145Z info: OIBridge/ImplementationLocality.lean:1104:0: 'OIBridge.InterventionLocality.realized_comp' depends on axioms: [propext, Classical.choice, Quot.sound]
2026-09-26T08:01:17.8626883Z info: OIBridge/ImplementationLocality.lean:1105:0: 'OIBridge.InterventionLocality.realized_smul_nonneg' depends on axioms: [propext, Classical.choice, Quot.sound]
2026-09-26T08:01:17.8627445Z info: OIBridge/ImplementationLocality.lean:1106:0: 'OIBridge.InterventionLocality.realized_transport' depends on axioms: [propext, Classical.choice, Quot.sound]
2026-09-26T08:01:17.8627967Z info: OIBridge/ImplementationLocality.lean:1107:0: 'OIBridge.InterventionLocality.realized_id' depends on axioms: [propext, Classical.choice, Quot.sound]
2026-09-26T08:01:17.8628509Z info: OIBridge/ImplementationLocality.lean:1108:0: 'OIBridge.InterventionLocality.realized_localLuders' depends on axioms: [propext, Classical.choice, Quot.sound]
2026-09-26T08:01:17.8629043Z info: OIBridge/ImplementationLocality.lean:1109:0: 'OIBridge.InterventionLocality.realized_discard' depends on axioms: [propext, Classical.choice, Quot.sound]
2026-09-26T08:01:17.8629566Z info: OIBridge/ImplementationLocality.lean:1110:0: 'OIBridge.InterventionLocality.fullClass_arch' depends on axioms: [propext, Classical.choice, Quot.sound]
2026-09-26T08:01:17.8630109Z info: OIBridge/ImplementationLocality.lean:1111:0: 'OIBridge.InterventionLocality.realized_of_instAvail' depends on axioms: [propext, Classical.choice, Quot.sound]
2026-09-26T08:01:17.8630618Z info: OIBridge/ImplementationLocality.lean:1112:0: 'OIBridge.InterventionLocality.cp_of_instAvail' depends on axioms: [propext, Classical.choice, Quot.sound]
2026-09-26T08:01:17.8631147Z info: OIBridge/ImplementationLocality.lean:1113:0: 'OIBridge.InterventionLocality.instAvail_comp_one' depends on axioms: [propext, Classical.choice, Quot.sound]
2026-09-26T08:01:17.8631676Z info: OIBridge/ImplementationLocality.lean:1114:0: 'OIBridge.InterventionLocality.instAvail_one_comp' depends on axioms: [propext, Classical.choice, Quot.sound]
2026-09-26T08:01:17.8632180Z info: OIBridge/ImplementationLocality.lean:1115:0: 'OIBridge.InterventionLocality.instAvail_id' depends on axioms: [propext, Classical.choice, Quot.sound]
2026-09-26T08:01:17.8632697Z info: OIBridge/ImplementationLocality.lean:1116:0: 'OIBridge.InterventionLocality.transport_refl' depends on axioms: [propext, Classical.choice, Quot.sound]
2026-09-26T08:01:17.8633214Z info: OIBridge/ImplementationLocality.lean:1117:0: 'OIBridge.InterventionLocality.transport_trans' depends on axioms: [propext, Classical.choice, Quot.sound]
2026-09-26T08:01:17.8633957Z info: OIBridge/ImplementationLocality.lean:1118:0: 'OIBridge.InterventionLocality.transport_comp' depends on axioms: [propext, Classical.choice, Quot.sound]
2026-09-26T08:01:17.8634511Z info: OIBridge/ImplementationLocality.lean:1119:0: 'OIBridge.InterventionLocality.reindex_reindex' depends on axioms: [propext, Classical.choice, Quot.sound]
2026-09-26T08:01:17.8635233Z info: OIBridge/ImplementationLocality.lean:1120:0: 'OIBridge.InterventionLocality.reindex_isometry'' depends on axioms: [propext, Classical.choice, Quot.sound]
2026-09-26T08:01:17.8635943Z info: OIBridge/ImplementationLocality.lean:1121:0: 'OIBridge.InterventionLocality.uniformAttach_reindex' depends on axioms: [propext, Classical.choice, Quot.sound]
2026-09-26T08:01:17.8636476Z info: OIBridge/ImplementationLocality.lean:1122:0: 'OIBridge.InterventionLocality.transport_discard' depends on axioms: [propext, Classical.choice, Quot.sound]
2026-09-26T08:01:17.8637012Z info: OIBridge/ImplementationLocality.lean:1123:0: 'OIBridge.InterventionLocality.instAvail_transport' depends on axioms: [propext, Classical.choice, Quot.sound]
2026-09-26T08:01:17.8637705Z info: OIBridge/ImplementationLocality.lean:1124:0: 'OIBridge.InterventionLocality.tensorOf_conjTranspose' depends on axioms: [propext, Classical.choice, Quot.sound]
2026-09-26T08:01:17.8638645Z info: OIBridge/ImplementationLocality.lean:1125:0: 'OIBridge.InterventionLocality.tensorOf_mul'' depends on axioms: [propext, Classical.choice, Quot.sound]
2026-09-26T08:01:17.8639221Z info: OIBridge/ImplementationLocality.lean:1126:0: 'OIBridge.InterventionLocality.tensorOf_one_isometry'' depends on axioms: [propext, Classical.choice, Quot.sound]
2026-09-26T08:01:17.8640128Z info: OIBridge/ImplementationLocality.lean:1127:0: 'OIBridge.InterventionLocality.amplRefL_conjChannel' depends on axioms: [propext, Classical.choice, Quot.sound]
2026-09-26T08:01:17.8640661Z info: OIBridge/ImplementationLocality.lean:1128:0: 'OIBridge.InterventionLocality.amplRefL_sum' depends on axioms: [propext, Classical.choice, Quot.sound]
2026-09-26T08:01:17.8641630Z info: OIBridge/ImplementationLocality.lean:1129:0: 'OIBridge.InterventionLocality.amplRef_apply'' depends on axioms: [propext, Classical.choice, Quot.sound]
2026-09-26T08:01:17.8642187Z info: OIBridge/ImplementationLocality.lean:1130:0: 'OIBridge.InterventionLocality.refBlockR_amplRef' depends on axioms: [propext, Classical.choice, Quot.sound]
2026-09-26T08:01:17.8642715Z info: OIBridge/ImplementationLocality.lean:1131:0: 'OIBridge.InterventionLocality.amplRefL_comp' depends on axioms: [propext, Classical.choice, Quot.sound]
2026-09-26T08:01:17.8643259Z info: OIBridge/ImplementationLocality.lean:1132:0: 'OIBridge.InterventionLocality.tensorOf_one_reindex' depends on axioms: [propext, Classical.choice, Quot.sound]
2026-09-26T08:01:17.8644028Z info: OIBridge/ImplementationLocality.lean:1133:0: 'OIBridge.InterventionLocality.tensorOf_one_readProj' depends on axioms: [propext, Classical.choice, Quot.sound]
2026-09-26T08:01:17.8644564Z info: OIBridge/ImplementationLocality.lean:1134:0: 'OIBridge.InterventionLocality.amplRefL_transport' depends on axioms: [propext, Classical.choice, Quot.sound]
2026-09-26T08:01:17.8645053Z info: OIBridge/ImplementationLocality.lean:1135:0: 'OIBridge.InterventionLocality.refBlockR_reindex_uniformAttach' depends on axioms: [propext,
2026-09-26T08:01:17.8645151Z  Classical.choice,
2026-09-26T08:01:17.8645232Z  Quot.sound]
2026-09-26T08:01:17.8645766Z info: OIBridge/ImplementationLocality.lean:1136:0: 'OIBridge.InterventionLocality.amplRefL_discard' depends on axioms: [propext, Classical.choice, Quot.sound]
2026-09-26T08:01:17.8646302Z info: OIBridge/ImplementationLocality.lean:1137:0: 'OIBridge.InterventionLocality.instAvail_spectator' depends on axioms: [propext, Classical.choice, Quot.sound]
2026-09-26T08:01:17.8646851Z info: OIBridge/ImplementationLocality.lean:1138:0: 'OIBridge.InterventionLocality.instAvail_withSpectator' depends on axioms: [propext, Classical.choice, Quot.sound]
2026-09-26T08:01:17.8647402Z info: OIBridge/ImplementationLocality.lean:1139:0: 'OIBridge.InterventionLocality.realized_withSpectator' depends on axioms: [propext, Classical.choice, Quot.sound]
2026-09-26T08:01:17.8648516Z info: OIBridge/ImplementationLocality.lean:1140:0: 'OIBridge.InterventionLocality.genFamily_regrouping' depends on axioms: [propext, Classical.choice, Quot.sound]
2026-09-26T08:01:17.8649250Z info: OIBridge/ImplementationLocality.lean:1141:0: 'OIBridge.InterventionLocality.genFamily_relabelling' depends on axioms: [propext, Classical.choice, Quot.sound]
2026-09-26T08:01:17.8649796Z info: OIBridge/ImplementationLocality.lean:1142:0: 'OIBridge.InterventionLocality.genTheory_ambient' depends on axioms: [propext, Classical.choice, Quot.sound]
2026-09-26T08:01:17.8650382Z info: OIBridge/ImplementationLocality.lean:1143:0: 'OIBridge.InterventionLocality.genTheory_embeddedObservation' depends on axioms: [propext, Classical.choice, Quot.sound]
2026-09-26T08:01:17.8650933Z info: OIBridge/ImplementationLocality.lean:1144:0: 'OIBridge.InterventionLocality.genTheory_availExt_iff' depends on axioms: [propext, Classical.choice, Quot.sound]
2026-09-26T08:01:17.8651504Z info: OIBridge/ImplementationLocality.lean:1145:0: 'OIBridge.InterventionLocality.genTheory_fullClass_control' depends on axioms: [propext, Classical.choice, Quot.sound]
2026-09-26T08:01:17.8652127Z info: OIBridge/ImplementationLocality.lean:1146:0: 'OIBridge.InterventionLocality.genTheory_mono' depends on axioms: [propext, Classical.choice, Quot.sound]
2026-09-26T08:01:17.8652671Z info: OIBridge/ImplementationLocality.lean:1147:0: 'OIBridge.InterventionLocality.genTheory_generated' depends on axioms: [propext, Classical.choice, Quot.sound]
2026-09-26T08:01:17.8653166Z info: OIBridge/ImplementationLocality.lean:1148:0: 'OIBridge.InterventionLocality.genTheory_implementationLocality' depends on axioms: [propext,
2026-09-26T08:01:17.8653255Z  Classical.choice,
2026-09-26T08:01:17.8653342Z  Quot.sound]
2026-09-26T08:01:17.8653982Z info: OIBridge/ImplementationLocality.lean:1149:0: 'OIBridge.InterventionLocality.parallel_of_implementationLocal' depends on axioms: [propext,
2026-09-26T08:01:17.8654069Z  Classical.choice,
2026-09-26T08:01:17.8654154Z  Quot.sound]
2026-09-26T08:01:17.8654741Z info: OIBridge/ImplementationLocality.lean:1150:0: 'OIBridge.InterventionLocality.observationalIndependence_of_implementationLocality' depends on axioms: [propext,
2026-09-26T08:01:17.8654829Z  Classical.choice,
2026-09-26T08:01:17.8654917Z  Quot.sound]
2026-09-26T08:01:17.8655439Z info: OIBridge/ImplementationLocality.lean:1151:0: 'OIBridge.InterventionLocality.krausSoundExt_of_implementationGenerated' depends on axioms: [propext,
2026-09-26T08:01:17.8655520Z  Classical.choice,
2026-09-26T08:01:17.8655602Z  Quot.sound]
2026-09-26T08:01:17.8656087Z info: OIBridge/ImplementationLocality.lean:1152:0: 'OIBridge.InterventionLocality.validity_of_implementationLocality' depends on axioms: [propext,
2026-09-26T08:01:17.8656175Z  Classical.choice,
2026-09-26T08:01:17.8656255Z  Quot.sound]
2026-09-26T08:01:17.8656735Z info: OIBridge/ImplementationLocality.lean:1153:0: 'OIBridge.InterventionLocality.instAvail_fullClass_of_krausFamily' depends on axioms: [propext,
2026-09-26T08:01:17.8656822Z  Classical.choice,
2026-09-26T08:01:17.8656905Z  Quot.sound]
2026-09-26T08:01:17.8657431Z info: OIBridge/ImplementationLocality.lean:1154:0: 'OIBridge.InterventionLocality.generated_of_qm' depends on axioms: [propext, Classical.choice, Quot.sound]
2026-09-26T08:01:17.8658020Z info: OIBridge/ImplementationLocality.lean:1155:0: 'OIBridge.InterventionLocality.implementationLocality_of_qm' depends on axioms: [propext, Classical.choice, Quot.sound]
2026-09-26T08:01:17.8658535Z info: OIBridge/ImplementationLocality.lean:1156:0: 'OIBridge.InterventionLocality.countermodel_not_implementationGenerated' depends on axioms: [propext,
2026-09-26T08:01:17.8658615Z  Classical.choice,
2026-09-26T08:01:17.8658697Z  Quot.sound]
2026-09-26T08:01:17.8659209Z info: OIBridge/ImplementationLocality.lean:1157:0: 'OIBridge.InterventionLocality.countermodel_not_implementationLocality' depends on axioms: [propext,
2026-09-26T08:01:17.8659290Z  Classical.choice,
2026-09-26T08:01:17.8659371Z  Quot.sound]
2026-09-26T08:01:17.8659877Z info: OIBridge/ImplementationLocality.lean:1158:0: 'OIBridge.InterventionLocality.implementationLocality_independent' depends on axioms: [propext,
2026-09-26T08:01:17.8660078Z  Classical.choice,
2026-09-26T08:01:17.8660160Z  Quot.sound]
2026-09-26T08:01:17.8660741Z info: OIBridge/ImplementationLocality.lean:1159:0: 'OIBridge.InterventionLocality.oiPlusEmbedded_of_oiPlusLocal' depends on axioms: [propext, Classical.choice, Quot.sound]
2026-09-26T08:01:17.8661395Z info: OIBridge/ImplementationLocality.lean:1160:0: 'OIBridge.InterventionLocality.qm_of_oiPlusLocal' depends on axioms: [propext, Classical.choice, Quot.sound]
2026-09-26T08:01:17.8661924Z info: OIBridge/ImplementationLocality.lean:1161:0: 'OIBridge.InterventionLocality.oiPlusLocal_of_qm' depends on axioms: [propext, Classical.choice, Quot.sound]
2026-09-26T08:01:17.8662454Z info: OIBridge/ImplementationLocality.lean:1162:0: 'OIBridge.InterventionLocality.oiPlusLocal_iff_qm' depends on axioms: [propext, Classical.choice, Quot.sound]
2026-09-26T08:01:17.8663201Z info: OIBridge/ImplementationLocality.lean:1163:0: 'OIBridge.InterventionLocality.oiPlusLocal_iff_oiPlusEmbedded' depends on axioms: [propext,
2026-09-26T08:01:17.8663314Z  Classical.choice,
2026-09-26T08:01:17.8663398Z  Quot.sound]
2026-09-26T08:01:17.8664449Z info: OIBridge/ImplementationLocality.lean:1164:0: 'OIBridge.InterventionLocality.carrier_general_oiPlusLocal' depends on axioms: [propext, Classical.choice, Quot.sound]
2026-09-26T08:01:17.8664870Z ℹ [3504/3599] Replayed OIBridge.MicroscopicReversibility
2026-09-26T08:01:17.8665801Z info: OIBridge/MicroscopicReversibility.lean:371:0: 'OIBridge.MicroReversibility.reversibleRichness_iff' depends on axioms: [propext, Classical.choice, Quot.sound]
2026-09-26T08:01:17.8666386Z info: OIBridge/MicroscopicReversibility.lean:372:0: 'OIBridge.MicroReversibility.control_of_lieRank_inverse' depends on axioms: [propext, Classical.choice, Quot.sound]
2026-09-26T08:01:17.8667222Z info: OIBridge/MicroscopicReversibility.lean:373:0: 'OIBridge.MicroReversibility.control_of_lieRank' depends on axioms: [propext, Classical.choice, Quot.sound]
2026-09-26T08:01:17.8667849Z info: OIBridge/MicroscopicReversibility.lean:374:0: 'OIBridge.MicroReversibility.inverseAccessibility_of_lieRank' depends on axioms: [propext, Classical.choice, Quot.sound]
2026-09-26T08:01:17.8668377Z info: OIBridge/MicroscopicReversibility.lean:375:0: 'OIBridge.MicroReversibility.dyad_sum_span_single' depends on axioms: [propext, Classical.choice, Quot.sound]
2026-09-26T08:01:17.8668909Z info: OIBridge/MicroscopicReversibility.lean:376:0: 'OIBridge.MicroReversibility.kraus_of_conj_unitary' depends on axioms: [propext, Classical.choice, Quot.sound]
2026-09-26T08:01:17.8669423Z info: OIBridge/MicroscopicReversibility.lean:377:0: 'OIBridge.MicroReversibility.implementationLocality_of_reversible' depends on axioms: [propext,
2026-09-26T08:01:17.8669509Z  Classical.choice,
2026-09-26T08:01:17.8669593Z  Quot.sound]
2026-09-26T08:01:17.8670130Z info: OIBridge/MicroscopicReversibility.lean:378:0: 'OIBridge.MicroReversibility.conjChannel_zero'' depends on axioms: [propext, Classical.choice, Quot.sound]
2026-09-26T08:01:17.8670631Z info: OIBridge/MicroscopicReversibility.lean:379:0: 'OIBridge.MicroReversibility.exists_scaled_mem_of_instAvail_unitary' depends on axioms: [propext,
2026-09-26T08:01:17.8670723Z  Classical.choice,
2026-09-26T08:01:17.8670806Z  Quot.sound]
2026-09-26T08:01:17.8671347Z info: OIBridge/MicroscopicReversibility.lean:380:0: 'OIBridge.MicroReversibility.inverseAccessibility_of_generated_daggerStable' depends on axioms: [propext,
2026-09-26T08:01:17.8671435Z  Classical.choice,
2026-09-26T08:01:17.8671520Z  Quot.sound]
2026-09-26T08:01:17.8672107Z info: OIBridge/MicroscopicReversibility.lean:381:0: 'OIBridge.MicroReversibility.inverseAccessibility_of_reversibleImplementationLocality' depends on axioms: [propext,
2026-09-26T08:01:17.8672197Z  Classical.choice,
2026-09-26T08:01:17.8672274Z  Quot.sound]
2026-09-26T08:01:17.8672875Z info: OIBridge/MicroscopicReversibility.lean:382:0: 'OIBridge.MicroReversibility.genTheory_reversibleImplementationLocality' depends on axioms: [propext,
2026-09-26T08:01:17.8673128Z  Classical.choice,
2026-09-26T08:01:17.8673208Z  Quot.sound]
2026-09-26T08:01:17.8674011Z info: OIBridge/MicroscopicReversibility.lean:383:0: 'OIBridge.MicroReversibility.fullClass_daggerStable' depends on axioms: [propext, Classical.choice, Quot.sound]
2026-09-26T08:01:17.8674741Z info: OIBridge/MicroscopicReversibility.lean:384:0: 'OIBridge.MicroReversibility.fullClass_unitaryRaySaturated' depends on axioms: [propext, Classical.choice, Quot.sound]
2026-09-26T08:01:17.8675269Z info: OIBridge/MicroscopicReversibility.lean:385:0: 'OIBridge.MicroReversibility.reversibleImplementationLocality_of_qm' depends on axioms: [propext,
2026-09-26T08:01:17.8675358Z  Classical.choice,
2026-09-26T08:01:17.8675439Z  Quot.sound]
2026-09-26T08:01:17.8676069Z info: OIBridge/MicroscopicReversibility.lean:386:0: 'OIBridge.MicroReversibility.oiPlusLocal_of_oiPlusMicro' depends on axioms: [propext, Classical.choice, Quot.sound]
2026-09-26T08:01:17.8676664Z info: OIBridge/MicroscopicReversibility.lean:387:0: 'OIBridge.MicroReversibility.qm_of_oiPlusMicro' depends on axioms: [propext, Classical.choice, Quot.sound]
2026-09-26T08:01:17.8677371Z info: OIBridge/MicroscopicReversibility.lean:388:0: 'OIBridge.MicroReversibility.oiPlusMicro_of_qm' depends on axioms: [propext, Classical.choice, Quot.sound]
2026-09-26T08:01:17.8678240Z info: OIBridge/MicroscopicReversibility.lean:389:0: 'OIBridge.MicroReversibility.oiPlusMicro_iff_qm' depends on axioms: [propext, Classical.choice, Quot.sound]
2026-09-26T08:01:17.8678822Z info: OIBridge/MicroscopicReversibility.lean:390:0: 'OIBridge.MicroReversibility.oiPlusMicro_iff_oiPlusLocal' depends on axioms: [propext, Classical.choice, Quot.sound]
2026-09-26T08:01:17.8679390Z info: OIBridge/MicroscopicReversibility.lean:391:0: 'OIBridge.MicroReversibility.carrier_general_oiPlusMicro' depends on axioms: [propext, Classical.choice, Quot.sound]
2026-09-26T08:01:17.8679600Z ⚠ [3505/3599] Replayed OIBridge.LieRankSource
2026-09-26T08:01:17.8679872Z warning: OIBridge/LieRankSource.lean:88:43: Variable name `S` is not explicitly referenced.
2026-09-26T08:01:17.8679885Z 
2026-09-26T08:01:17.8680316Z Hint: The binding can be removed (if unused) or named `_` (if used implicitly). Alternatively, prefix the name with `_` to silence this warning:
2026-09-26T08:01:17.8680405Z   [apply] _S
2026-09-26T08:01:17.8680410Z 
2026-09-26T08:01:17.8680637Z Note: This linter can be disabled with `set_option linter.unusedVariables false`
2026-09-26T08:01:17.8681110Z warning: OIBridge/LieRankSource.lean:188:0: automatically included section variable(s) unused in theorem `OIBridge.LieRankSource.real_smul_matrix`:
2026-09-26T08:01:17.8681198Z   [DecidableEq S]
2026-09-26T08:01:17.8681550Z consider restructuring your `variable` declarations so that the variables are not in scope or explicitly omit them:
2026-09-26T08:01:17.8681659Z   omit [DecidableEq S] in theorem ...
2026-09-26T08:01:17.8681663Z 
2026-09-26T08:01:17.8681899Z Note: This linter can be disabled with `set_option linter.unusedSectionVars false`
2026-09-26T08:01:17.8682391Z warning: OIBridge/LieRankSource.lean:211:0: automatically included section variable(s) unused in theorem `OIBridge.LieRankSource.transition_hermitian`:
2026-09-26T08:01:17.8682478Z   [Fintype S]
2026-09-26T08:01:17.8682827Z consider restructuring your `variable` declarations so that the variables are not in scope or explicitly omit them:
2026-09-26T08:01:17.8682926Z   omit [Fintype S] in theorem ...
2026-09-26T08:01:17.8682930Z 
2026-09-26T08:01:17.8683159Z Note: This linter can be disabled with `set_option linter.unusedSectionVars false`
2026-09-26T08:01:17.8683897Z warning: OIBridge/LieRankSource.lean:214:0: automatically included section variable(s) unused in theorem `OIBridge.LieRankSource.phaseGate_conjTranspose`:
2026-09-26T08:01:17.8683988Z   [Fintype S]
2026-09-26T08:01:17.8684352Z consider restructuring your `variable` declarations so that the variables are not in scope or explicitly omit them:
2026-09-26T08:01:17.8684446Z   omit [Fintype S] in theorem ...
2026-09-26T08:01:17.8684608Z 
2026-09-26T08:01:17.8684844Z Note: This linter can be disabled with `set_option linter.unusedSectionVars false`
2026-09-26T08:01:17.8685066Z warning: OIBridge/LieRankSource.lean:220:22: This simp argument is unused:
2026-09-26T08:01:17.8685153Z   Complex.star_def
2026-09-26T08:01:17.8685161Z 
2026-09-26T08:01:17.8685270Z Hint: Omit it from the simp argument list.
2026-09-26T08:01:17.8685372Z   [apply] simp [Complex.conj_I]
2026-09-26T08:01:17.8685376Z 
2026-09-26T08:01:17.8685593Z Note: This linter can be disabled with `set_option linter.unusedSimpArgs false`
2026-09-26T08:01:17.8686077Z warning: OIBridge/LieRankSource.lean:228:0: automatically included section variable(s) unused in theorem `OIBridge.LieRankSource.permMatrix_one'`:
2026-09-26T08:01:17.8686160Z   [Fintype S]
2026-09-26T08:01:17.8686507Z consider restructuring your `variable` declarations so that the variables are not in scope or explicitly omit them:
2026-09-26T08:01:17.8686607Z   omit [Fintype S] in theorem ...
2026-09-26T08:01:17.8686614Z 
2026-09-26T08:01:17.8686849Z Note: This linter can be disabled with `set_option linter.unusedSectionVars false`
2026-09-26T08:01:17.8687169Z warning: OIBridge/LieRankSource.lean:265:26: This simp argument is unused:
2026-09-26T08:01:17.8687260Z   Complex.I_mul_I
2026-09-26T08:01:17.8687264Z 
2026-09-26T08:01:17.8687379Z Hint: Omit it from the simp argument list.
2026-09-26T08:01:17.8687461Z   [apply] simp_all
2026-09-26T08:01:17.8687465Z 
2026-09-26T08:01:17.8687681Z Note: This linter can be disabled with `set_option linter.unusedSimpArgs false`
2026-09-26T08:01:17.8687929Z warning: OIBridge/LieRankSource.lean:265:47: Unused tactic linter: `ring` does nothing
2026-09-26T08:01:17.8687933Z 
2026-09-26T08:01:17.8688138Z Note: This linter can be disabled with `set_option linter.unusedTactic false`
2026-09-26T08:01:17.8688346Z warning: OIBridge/LieRankSource.lean:265:47: this tactic is never executed
2026-09-26T08:01:17.8688349Z 
2026-09-26T08:01:17.8688573Z Note: This linter can be disabled with `set_option linter.unreachableTactic false`
2026-09-26T08:01:17.8688852Z warning: OIBridge/LieRankSource.lean:268:30: Variable name `hab` is not explicitly referenced.
2026-09-26T08:01:17.8688856Z 
2026-09-26T08:01:17.8689279Z Hint: The binding can be removed (if unused) or named `_` (if used implicitly). Alternatively, prefix the name with `_` to silence this warning:
2026-09-26T08:01:17.8689365Z   [apply] _hab
2026-09-26T08:01:17.8689369Z 
2026-09-26T08:01:17.8689583Z Note: This linter can be disabled with `set_option linter.unusedVariables false`
2026-09-26T08:01:17.8689791Z warning: OIBridge/LieRankSource.lean:275:4: This simp argument is unused:
2026-09-26T08:01:17.8689908Z   Matrix.single_mul_single_of_ne (h := hab)
2026-09-26T08:01:17.8689913Z 
2026-09-26T08:01:17.8690021Z Hint: Omit it from the simp argument list.
2026-09-26T08:01:17.8690384Z   [apply] simp only [transition, transitionY, popDiff, Matrix.smul_mul, Matrix.mul_smul, Matrix.add_mul, Matrix.mul_add,
2026-09-26T08:01:17.8690717Z     Matrix.sub_mul, Matrix.mul_sub, Matrix.single_mul_single_same, Matrix.single_mul_single_of_ne (h := hab.symm)]
2026-09-26T08:01:17.8690725Z 
2026-09-26T08:01:17.8690941Z Note: This linter can be disabled with `set_option linter.unusedSimpArgs false`
2026-09-26T08:01:17.8691151Z warning: OIBridge/LieRankSource.lean:275:47: This simp argument is unused:
2026-09-26T08:01:17.8691279Z   Matrix.single_mul_single_of_ne (h := hab.symm)
2026-09-26T08:01:17.8691283Z 
2026-09-26T08:01:17.8691387Z Hint: Omit it from the simp argument list.
2026-09-26T08:01:17.8691742Z   [apply] simp only [transition, transitionY, popDiff, Matrix.smul_mul, Matrix.mul_smul, Matrix.add_mul, Matrix.mul_add,
2026-09-26T08:01:17.8692056Z     Matrix.sub_mul, Matrix.mul_sub, Matrix.single_mul_single_same, Matrix.single_mul_single_of_ne (h := hab)]
2026-09-26T08:01:17.8692060Z 
2026-09-26T08:01:17.8692273Z Note: This linter can be disabled with `set_option linter.unusedSimpArgs false`
2026-09-26T08:01:17.8692484Z warning: OIBridge/LieRankSource.lean:277:68: This simp argument is unused:
2026-09-26T08:01:17.8692660Z   Matrix.zero_apply
2026-09-26T08:01:17.8692663Z 
2026-09-26T08:01:17.8692772Z Hint: Omit it from the simp argument list.
2026-09-26T08:01:17.8693096Z   [apply] simp only [Matrix.smul_apply, Matrix.sub_apply, Matrix.add_apply, single_apply', smul_eq_mul, mul_one,
2026-09-26T08:01:17.8693257Z     mul_zero, smul_zero, add_zero, zero_add, sub_zero, zero_sub]
2026-09-26T08:01:17.8693261Z 
2026-09-26T08:01:17.8693471Z Note: This linter can be disabled with `set_option linter.unusedSimpArgs false`
2026-09-26T08:01:17.8693826Z warning: OIBridge/LieRankSource.lean:278:26: This simp argument is unused:
2026-09-26T08:01:17.8693912Z   mul_zero
2026-09-26T08:01:17.8693916Z 
2026-09-26T08:01:17.8694022Z Hint: Omit it from the simp argument list.
2026-09-26T08:01:17.8694341Z   [apply] simp only [Matrix.smul_apply, Matrix.sub_apply, Matrix.add_apply, Matrix.zero_apply, single_apply',
2026-09-26T08:01:17.8694535Z     smul_eq_mul, mul_one, smul_zero, add_zero, zero_add, sub_zero, zero_sub]
2026-09-26T08:01:17.8694543Z 
2026-09-26T08:01:17.8694897Z Note: This linter can be disabled with `set_option linter.unusedSimpArgs false`
2026-09-26T08:01:17.8695113Z warning: OIBridge/LieRankSource.lean:278:36: This simp argument is unused:
2026-09-26T08:01:17.8695199Z   smul_zero
2026-09-26T08:01:17.8695204Z 
2026-09-26T08:01:17.8695313Z Hint: Omit it from the simp argument list.
2026-09-26T08:01:17.8695743Z   [apply] simp only [Matrix.smul_apply, Matrix.sub_apply, Matrix.add_apply, Matrix.zero_apply, single_apply',
2026-09-26T08:01:17.8695934Z     smul_eq_mul, mul_one, mul_zero, add_zero, zero_add, sub_zero, zero_sub]
2026-09-26T08:01:17.8695938Z 
2026-09-26T08:01:17.8696147Z Note: This linter can be disabled with `set_option linter.unusedSimpArgs false`
2026-09-26T08:01:17.8696361Z warning: OIBridge/LieRankSource.lean:278:47: This simp argument is unused:
2026-09-26T08:01:17.8696445Z   add_zero
2026-09-26T08:01:17.8696449Z 
2026-09-26T08:01:17.8696556Z Hint: Omit it from the simp argument list.
2026-09-26T08:01:17.8696884Z   [apply] simp only [Matrix.smul_apply, Matrix.sub_apply, Matrix.add_apply, Matrix.zero_apply, single_apply',
2026-09-26T08:01:17.8697075Z     smul_eq_mul, mul_one, mul_zero, smul_zero, zero_add, sub_zero, zero_sub]
2026-09-26T08:01:17.8697080Z 
2026-09-26T08:01:17.8697298Z Note: This linter can be disabled with `set_option linter.unusedSimpArgs false`
2026-09-26T08:01:17.8697592Z warning: OIBridge/LieRankSource.lean:278:57: This simp argument is unused:
2026-09-26T08:01:17.8697676Z   zero_add
2026-09-26T08:01:17.8697680Z 
2026-09-26T08:01:17.8697786Z Hint: Omit it from the simp argument list.
2026-09-26T08:01:17.8698106Z   [apply] simp only [Matrix.smul_apply, Matrix.sub_apply, Matrix.add_apply, Matrix.zero_apply, single_apply',
2026-09-26T08:01:17.8698360Z     smul_eq_mul, mul_one, mul_zero, smul_zero, add_zero, sub_zero, zero_sub]
2026-09-26T08:01:17.8698365Z 
2026-09-26T08:01:17.8698577Z Note: This linter can be disabled with `set_option linter.unusedSimpArgs false`
2026-09-26T08:01:17.8698792Z warning: OIBridge/LieRankSource.lean:278:67: This simp argument is unused:
2026-09-26T08:01:17.8698875Z   sub_zero
2026-09-26T08:01:17.8698881Z 
2026-09-26T08:01:17.8698986Z Hint: Omit it from the simp argument list.
2026-09-26T08:01:17.8699299Z   [apply] simp only [Matrix.smul_apply, Matrix.sub_apply, Matrix.add_apply, Matrix.zero_apply, single_apply',
2026-09-26T08:01:17.8699484Z     smul_eq_mul, mul_one, mul_zero, smul_zero, add_zero, zero_add, zero_sub]
2026-09-26T08:01:17.8699487Z 
2026-09-26T08:01:17.8699810Z Note: This linter can be disabled with `set_option linter.unusedSimpArgs false`
2026-09-26T08:01:17.8700021Z warning: OIBridge/LieRankSource.lean:278:77: This simp argument is unused:
2026-09-26T08:01:17.8700103Z   zero_sub
2026-09-26T08:01:17.8700107Z 
2026-09-26T08:01:17.8700211Z Hint: Omit it from the simp argument list.
2026-09-26T08:01:17.8700520Z   [apply] simp only [Matrix.smul_apply, Matrix.sub_apply, Matrix.add_apply, Matrix.zero_apply, single_apply',
2026-09-26T08:01:17.8700830Z     smul_eq_mul, mul_one, mul_zero, smul_zero, add_zero, zero_add, sub_zero]
2026-09-26T08:01:17.8700834Z 
2026-09-26T08:01:17.8701044Z Note: This linter can be disabled with `set_option linter.unusedSimpArgs false`
2026-09-26T08:01:17.8701563Z warning: OIBridge/LieRankSource.lean:279:34: This simp argument is unused:
2026-09-26T08:01:17.8701696Z   Complex.I_sq
2026-09-26T08:01:17.8701701Z 
2026-09-26T08:01:17.8701814Z Hint: Omit it from the simp argument list.
2026-09-26T08:01:17.8701899Z   [apply] simp
2026-09-26T08:01:17.8701903Z 
2026-09-26T08:01:17.8702124Z Note: This linter can be disabled with `set_option linter.unusedSimpArgs false`
2026-09-26T08:01:17.8702371Z warning: OIBridge/LieRankSource.lean:279:52: Unused tactic linter: `ring` does nothing
2026-09-26T08:01:17.8702375Z 
2026-09-26T08:01:17.8702594Z Note: This linter can be disabled with `set_option linter.unusedTactic false`
2026-09-26T08:01:17.8702803Z warning: OIBridge/LieRankSource.lean:279:52: this tactic is never executed
2026-09-26T08:01:17.8702815Z 
2026-09-26T08:01:17.8703038Z Note: This linter can be disabled with `set_option linter.unreachableTactic false`
2026-09-26T08:01:17.8703921Z warning: OIBridge/LieRankSource.lean:315:0: automatically included section variable(s) unused in theorem `OIBridge.LieRankSource.exists_perm_pair`:
2026-09-26T08:01:17.8704032Z   [Fintype S]
2026-09-26T08:01:17.8704398Z consider restructuring your `variable` declarations so that the variables are not in scope or explicitly omit them:
2026-09-26T08:01:17.8704508Z   omit [Fintype S] in theorem ...
2026-09-26T08:01:17.8704512Z 
2026-09-26T08:01:17.8704747Z Note: This linter can be disabled with `set_option linter.unusedSectionVars false`
2026-09-26T08:01:17.8705209Z warning: OIBridge/LieRankSource.lean:327:0: automatically included section variable(s) unused in theorem `OIBridge.LieRankSource.re_diag_zero`:
2026-09-26T08:01:17.8705293Z   [Fintype S]
2026-09-26T08:01:17.8705374Z   [DecidableEq S]
2026-09-26T08:01:17.8705722Z consider restructuring your `variable` declarations so that the variables are not in scope or explicitly omit them:
2026-09-26T08:01:17.8705861Z   omit [Fintype S] [DecidableEq S] in theorem ...
2026-09-26T08:01:17.8705865Z 
2026-09-26T08:01:17.8706087Z Note: This linter can be disabled with `set_option linter.unusedSectionVars false`
2026-09-26T08:01:17.8706544Z warning: OIBridge/LieRankSource.lean:334:0: automatically included section variable(s) unused in theorem `OIBridge.LieRankSource.skew_offdiag`:
2026-09-26T08:01:17.8706628Z   [Fintype S]
2026-09-26T08:01:17.8706708Z   [DecidableEq S]
2026-09-26T08:01:17.8707055Z consider restructuring your `variable` declarations so that the variables are not in scope or explicitly omit them:
2026-09-26T08:01:17.8707181Z   omit [Fintype S] [DecidableEq S] in theorem ...
2026-09-26T08:01:17.8707185Z 
2026-09-26T08:01:17.8707404Z Note: This linter can be disabled with `set_option linter.unusedSectionVars false`
2026-09-26T08:01:17.8707856Z warning: OIBridge/LieRankSource.lean:341:0: automatically included section variable(s) unused in theorem `OIBridge.LieRankSource.pair_decomp`:
2026-09-26T08:01:17.8707944Z   [Fintype S]
2026-09-26T08:01:17.8708282Z consider restructuring your `variable` declarations so that the variables are not in scope or explicitly omit them:
2026-09-26T08:01:17.8708385Z   omit [Fintype S] in theorem ...
2026-09-26T08:01:17.8708390Z 
2026-09-26T08:01:17.8708610Z Note: This linter can be disabled with `set_option linter.unusedSectionVars false`
2026-09-26T08:01:17.8708902Z warning: OIBridge/LieRankSource.lean:348:55: Unused tactic linter: `simp [Complex.I_sq]` does nothing
2026-09-26T08:01:17.8708907Z 
2026-09-26T08:01:17.8709120Z Note: This linter can be disabled with `set_option linter.unusedTactic false`
2026-09-26T08:01:17.8709367Z warning: OIBridge/LieRankSource.lean:348:79: Unused tactic linter: `ring` does nothing
2026-09-26T08:01:17.8709371Z 
2026-09-26T08:01:17.8709574Z Note: This linter can be disabled with `set_option linter.unusedTactic false`
2026-09-26T08:01:17.8709897Z warning: OIBridge/LieRankSource.lean:348:55: this tactic is never executed
2026-09-26T08:01:17.8709901Z 
2026-09-26T08:01:17.8710135Z Note: This linter can be disabled with `set_option linter.unreachableTactic false`
2026-09-26T08:01:17.8710341Z warning: OIBridge/LieRankSource.lean:348:79: this tactic is never executed
2026-09-26T08:01:17.8710345Z 
2026-09-26T08:01:17.8710572Z Note: This linter can be disabled with `set_option linter.unreachableTactic false`
2026-09-26T08:01:17.8710859Z warning: OIBridge/LieRankSource.lean:348:39: Used `tac1 <;> tac2` where `(tac1; tac2)` would suffice
2026-09-26T08:01:17.8710863Z 
2026-09-26T08:01:17.8711094Z Note: This linter can be disabled with `set_option linter.unnecessarySeqFocus false`
2026-09-26T08:01:17.8711244Z warning: OIBridge/LieRankSource.lean:490:2: Try this: 
2026-09-26T08:01:17.8711390Z   haveI̵
2026-09-26T08:01:17.8711394Z 
2026-09-26T08:01:17.8711568Z The goal is a proposition, so `have` is preferred over `haveI`.
2026-09-26T08:01:17.8711787Z The difference between `have` and `haveI` is that `haveI` inlines the value.
2026-09-26T08:01:17.8712064Z But this is not relevant for proofs because of proof irrelevance.
2026-09-26T08:01:17.8712069Z 
2026-09-26T08:01:17.8712295Z Note: This linter can be disabled with `set_option linter.style.haveILetI false`
2026-09-26T08:01:17.8712625Z warning: OIBridge/LieRankSource.lean:496:4: `push_neg` has been deprecated. Prefer using `push Not` instead.
2026-09-26T08:01:17.8712882Z If you'd rather continue using `push_neg` in your project, you can implement it as follows:
2026-09-26T08:01:17.8712957Z ```
2026-09-26T08:01:17.8713064Z open Lean.Parser.Tactic in
2026-09-26T08:01:17.8713228Z macro "push_neg" cfg:optConfig loc:(location)? : tactic =>
2026-09-26T08:01:17.8713346Z   `(tactic| push $cfg:optConfig Not $[$loc]?)
2026-09-26T08:01:17.8713426Z ```
2026-09-26T08:01:17.8713854Z warning: OIBridge/LieRankSource.lean:520:8: Variable name `a` is not explicitly referenced.
2026-09-26T08:01:17.8713860Z 
2026-09-26T08:01:17.8714296Z Hint: The binding can be removed (if unused) or named `_` (if used implicitly). Alternatively, prefix the name with `_` to silence this warning:
2026-09-26T08:01:17.8714384Z   [apply] _a
2026-09-26T08:01:17.8714389Z 
2026-09-26T08:01:17.8714615Z Note: This linter can be disabled with `set_option linter.unusedVariables false`
2026-09-26T08:01:17.8714881Z warning: OIBridge/LieRankSource.lean:520:10: Variable name `b` is not explicitly referenced.
2026-09-26T08:01:17.8714885Z 
2026-09-26T08:01:17.8715305Z Hint: The binding can be removed (if unused) or named `_` (if used implicitly). Alternatively, prefix the name with `_` to silence this warning:
2026-09-26T08:01:17.8715389Z   [apply] _b
2026-09-26T08:01:17.8715393Z 
2026-09-26T08:01:17.8715611Z Note: This linter can be disabled with `set_option linter.unusedVariables false`
2026-09-26T08:01:17.8716072Z info: OIBridge/LieRankSource.lean:565:0: 'OIBridge.LieRankSource.diagClass_arch' depends on axioms: [propext, Classical.choice, Quot.sound]
2026-09-26T08:01:17.8716568Z info: OIBridge/LieRankSource.lean:566:0: 'OIBridge.LieRankSource.diagClass_contextStable' depends on axioms: [propext, Classical.choice, Quot.sound]
2026-09-26T08:01:17.8717046Z info: OIBridge/LieRankSource.lean:567:0: 'OIBridge.LieRankSource.diagClass_labelInvariant' depends on axioms: [propext, Classical.choice, Quot.sound]
2026-09-26T08:01:17.8717529Z info: OIBridge/LieRankSource.lean:568:0: 'OIBridge.LieRankSource.diagClass_daggerStable' depends on axioms: [propext, Classical.choice, Quot.sound]
2026-09-26T08:01:17.8718046Z info: OIBridge/LieRankSource.lean:569:0: 'OIBridge.LieRankSource.diagClass_unitaryRaySaturated' depends on axioms: [propext, Classical.choice, Quot.sound]
2026-09-26T08:01:17.8718535Z info: OIBridge/LieRankSource.lean:570:0: 'OIBridge.LieRankSource.preservesDiag_conj_of_diag' depends on axioms: [propext, Classical.choice, Quot.sound]
2026-09-26T08:01:17.8718994Z info: OIBridge/LieRankSource.lean:571:0: 'OIBridge.LieRankSource.diagGen_not_control' depends on axioms: [propext, Classical.choice, Quot.sound]
2026-09-26T08:01:17.8719583Z info: OIBridge/LieRankSource.lean:572:0: 'OIBridge.LieRankSource.lieRank_not_redundant' depends on axioms: [propext, Classical.choice, Quot.sound]
2026-09-26T08:01:17.8720018Z info: OIBridge/LieRankSource.lean:573:0: 'OIBridge.LieRankSource.single_apply'' depends on axioms: [propext, Classical.choice, Quot.sound]
2026-09-26T08:01:17.8720482Z info: OIBridge/LieRankSource.lean:574:0: 'OIBridge.LieRankSource.single_conjTranspose'' depends on axioms: [propext, Classical.choice, Quot.sound]
2026-09-26T08:01:17.8720923Z info: OIBridge/LieRankSource.lean:575:0: 'OIBridge.LieRankSource.single_smul_one' depends on axioms: [propext, Classical.choice, Quot.sound]
2026-09-26T08:01:17.8721386Z info: OIBridge/LieRankSource.lean:576:0: 'OIBridge.LieRankSource.transition_hermitian' depends on axioms: [propext, Classical.choice, Quot.sound]
2026-09-26T08:01:17.8721859Z info: OIBridge/LieRankSource.lean:577:0: 'OIBridge.LieRankSource.phaseGate_conjTranspose' depends on axioms: [propext, Classical.choice, Quot.sound]
2026-09-26T08:01:17.8722414Z info: OIBridge/LieRankSource.lean:578:0: 'OIBridge.LieRankSource.phaseGate_unitary' depends on axioms: [propext, Classical.choice, Quot.sound]
2026-09-26T08:01:17.8722860Z info: OIBridge/LieRankSource.lean:579:0: 'OIBridge.LieRankSource.permMatrix_one'' depends on axioms: [propext, Classical.choice, Quot.sound]
2026-09-26T08:01:17.8723297Z info: OIBridge/LieRankSource.lean:580:0: 'OIBridge.LieRankSource.permMatrix_mul'' depends on axioms: [propext, Classical.choice, Quot.sound]
2026-09-26T08:01:17.8723998Z info: OIBridge/LieRankSource.lean:581:0: 'OIBridge.LieRankSource.perm_conj_transition' depends on axioms: [propext, Classical.choice, Quot.sound]
2026-09-26T08:01:17.8724467Z info: OIBridge/LieRankSource.lean:582:0: 'OIBridge.LieRankSource.perm_conj_transitionY' depends on axioms: [propext, Classical.choice, Quot.sound]
2026-09-26T08:01:17.8724927Z info: OIBridge/LieRankSource.lean:583:0: 'OIBridge.LieRankSource.phase_conj_transition' depends on axioms: [propext, Classical.choice, Quot.sound]
2026-09-26T08:01:17.8725369Z info: OIBridge/LieRankSource.lean:584:0: 'OIBridge.LieRankSource.bracket_XY' depends on axioms: [propext, Classical.choice, Quot.sound]
2026-09-26T08:01:17.8725803Z info: OIBridge/LieRankSource.lean:585:0: 'OIBridge.LieRankSource.ctrl_unitary' depends on axioms: [propext, Classical.choice, Quot.sound]
2026-09-26T08:01:17.8726204Z info: OIBridge/LieRankSource.lean:586:0: 'OIBridge.LieRankSource.gen_X' depends on axioms: [propext, Classical.choice, Quot.sound]
2026-09-26T08:01:17.8726603Z info: OIBridge/LieRankSource.lean:587:0: 'OIBridge.LieRankSource.gen_Y' depends on axioms: [propext, Classical.choice, Quot.sound]
2026-09-26T08:01:17.8727049Z info: OIBridge/LieRankSource.lean:588:0: 'OIBridge.LieRankSource.exists_perm_pair' depends on axioms: [propext, Classical.choice, Quot.sound]
2026-09-26T08:01:17.8727467Z info: OIBridge/LieRankSource.lean:589:0: 'OIBridge.LieRankSource.re_diag_zero' depends on axioms: [propext, Classical.choice, Quot.sound]
2026-09-26T08:01:17.8727902Z info: OIBridge/LieRankSource.lean:590:0: 'OIBridge.LieRankSource.skew_offdiag' depends on axioms: [propext, Classical.choice, Quot.sound]
2026-09-26T08:01:17.8728330Z info: OIBridge/LieRankSource.lean:591:0: 'OIBridge.LieRankSource.pair_decomp' depends on axioms: [propext, Classical.choice, Quot.sound]
2026-09-26T08:01:17.8728762Z info: OIBridge/LieRankSource.lean:592:0: 'OIBridge.LieRankSource.hControl_star' depends on axioms: [propext, Classical.choice, Quot.sound]
2026-09-26T08:01:17.8729181Z info: OIBridge/LieRankSource.lean:593:0: 'OIBridge.LieRankSource.avail_mul' depends on axioms: [propext, Classical.choice, Quot.sound]
2026-09-26T08:01:17.8729605Z info: OIBridge/LieRankSource.lean:594:0: 'OIBridge.LieRankSource.avail_perm' depends on axioms: [propext, Classical.choice, Quot.sound]
2026-09-26T08:01:17.8730124Z info: OIBridge/LieRankSource.lean:595:0: 'OIBridge.LieRankSource.avail_ctrl' depends on axioms: [propext, Classical.choice, Quot.sound]
2026-09-26T08:01:17.8730851Z info: OIBridge/LieRankSource.lean:596:0: 'OIBridge.LieRankSource.lieRank_of_elementary' depends on axioms: [propext, Classical.choice, Quot.sound]
2026-09-26T08:01:17.8731334Z info: OIBridge/LieRankSource.lean:597:0: 'OIBridge.LieRankSource.elementary_of_control' depends on axioms: [propext, Classical.choice, Quot.sound]
2026-09-26T08:01:17.8731827Z info: OIBridge/LieRankSource.lean:598:0: 'OIBridge.LieRankSource.oiPlusMicro_of_oiPlusElem' depends on axioms: [propext, Classical.choice, Quot.sound]
2026-09-26T08:01:17.8732262Z info: OIBridge/LieRankSource.lean:599:0: 'OIBridge.LieRankSource.qm_of_oiPlusElem' depends on axioms: [propext, Classical.choice, Quot.sound]
2026-09-26T08:01:17.8732708Z info: OIBridge/LieRankSource.lean:600:0: 'OIBridge.LieRankSource.oiPlusElem_of_qm' depends on axioms: [propext, Classical.choice, Quot.sound]
2026-09-26T08:01:17.8733157Z info: OIBridge/LieRankSource.lean:601:0: 'OIBridge.LieRankSource.oiPlusElem_iff_qm' depends on axioms: [propext, Classical.choice, Quot.sound]
2026-09-26T08:01:17.8733914Z info: OIBridge/LieRankSource.lean:602:0: 'OIBridge.LieRankSource.oiPlusElem_iff_oiPlusMicro' depends on axioms: [propext, Classical.choice, Quot.sound]
2026-09-26T08:01:17.8734420Z info: OIBridge/LieRankSource.lean:603:0: 'OIBridge.LieRankSource.carrier_general_oiPlusElem' depends on axioms: [propext, Classical.choice, Quot.sound]
2026-09-26T08:01:17.8734898Z info: OIBridge/LieRankSource.lean:604:0: 'OIBridge.LieRankSource.elementary_not_redundant' depends on axioms: [propext, Classical.choice, Quot.sound]
2026-09-26T08:01:17.8735109Z ℹ [3506/3599] Replayed OIBridge.PositivePackage
2026-09-26T08:01:17.8735609Z info: OIBridge/PositivePackage.lean:74:0: 'OIBridge.PositiveReachability.oiPlusPos_iff_qm' depends on axioms: [propext, Classical.choice, Quot.sound]
2026-09-26T08:01:17.8736137Z info: OIBridge/PositivePackage.lean:75:0: 'OIBridge.PositiveReachability.oiPlusPos_iff_oiPlusElem' depends on axioms: [propext, Classical.choice, Quot.sound]
2026-09-26T08:01:17.8736673Z info: OIBridge/PositivePackage.lean:76:0: 'OIBridge.PositiveReachability.carrier_general_oiPlusPos' depends on axioms: [propext, Classical.choice, Quot.sound]
2026-09-26T08:01:17.8736851Z ℹ [3507/3599] Replayed OIBridge.MinimalRepertoire
2026-09-26T08:01:17.8737328Z info: OIBridge/MinimalRepertoire.lean:649:0: 'OIBridge.MinimalRepertoire.bracket_XX' depends on axioms: [propext, Classical.choice, Quot.sound]
2026-09-26T08:01:17.8737801Z info: OIBridge/MinimalRepertoire.lean:650:0: 'OIBridge.MinimalRepertoire.hControl_of_XYZ' depends on axioms: [propext, Classical.choice, Quot.sound]
2026-09-26T08:01:17.8738279Z info: OIBridge/MinimalRepertoire.lean:651:0: 'OIBridge.MinimalRepertoire.hControl_perm' depends on axioms: [propext, Classical.choice, Quot.sound]
2026-09-26T08:01:17.8738743Z info: OIBridge/MinimalRepertoire.lean:652:0: 'OIBridge.MinimalRepertoire.colourAlg' depends on axioms: [propext, Classical.choice, Quot.sound]
2026-09-26T08:01:17.8739258Z info: OIBridge/MinimalRepertoire.lean:653:0: 'OIBridge.MinimalRepertoire.transition_mem_colourAlg' depends on axioms: [propext, Classical.choice, Quot.sound]
2026-09-26T08:01:17.8739783Z info: OIBridge/MinimalRepertoire.lean:654:0: 'OIBridge.MinimalRepertoire.controlLie_le_colourAlg' depends on axioms: [propext, Classical.choice, Quot.sound]
2026-09-26T08:01:17.8740301Z info: OIBridge/MinimalRepertoire.lean:655:0: 'OIBridge.MinimalRepertoire.diag_zero_of_mem_controlLie' depends on axioms: [propext, Classical.choice, Quot.sound]
2026-09-26T08:01:17.8740820Z info: OIBridge/MinimalRepertoire.lean:656:0: 'OIBridge.MinimalRepertoire.popDiff_notMem_controlLie' depends on axioms: [propext, Classical.choice, Quot.sound]
2026-09-26T08:01:17.8741361Z info: OIBridge/MinimalRepertoire.lean:657:0: 'OIBridge.MinimalRepertoire.not_hControl_of_colourCompatible' depends on axioms: [propext, Classical.choice, Quot.sound]
2026-09-26T08:01:17.8741840Z info: OIBridge/MinimalRepertoire.lean:658:0: 'OIBridge.MinimalRepertoire.not_hControl_two' depends on axioms: [propext, Classical.choice, Quot.sound]
2026-09-26T08:01:17.8742464Z info: OIBridge/MinimalRepertoire.lean:659:0: 'OIBridge.MinimalRepertoire.not_hControl_evenCycle' depends on axioms: [propext, Classical.choice, Quot.sound]
2026-09-26T08:01:17.8742976Z info: OIBridge/MinimalRepertoire.lean:660:0: 'OIBridge.MinimalRepertoire.phaseFree_of_elementary' depends on axioms: [propext, Classical.choice, Quot.sound]
2026-09-26T08:01:17.8743463Z info: OIBridge/MinimalRepertoire.lean:661:0: 'OIBridge.MinimalRepertoire.avail_perm_of_ne' depends on axioms: [propext, Classical.choice, Quot.sound]
2026-09-26T08:01:17.8744279Z info: OIBridge/MinimalRepertoire.lean:662:0: 'OIBridge.MinimalRepertoire.control_at_level' depends on axioms: [propext, Classical.choice, Quot.sound]
2026-09-26T08:01:17.8744792Z info: OIBridge/MinimalRepertoire.lean:663:0: 'OIBridge.MinimalRepertoire.tensorOf_one_isometry' depends on axioms: [propext, Classical.choice, Quot.sound]
2026-09-26T08:01:17.8745294Z info: OIBridge/MinimalRepertoire.lean:664:0: 'OIBridge.MinimalRepertoire.discard_tensorOf_one' depends on axioms: [propext, Classical.choice, Quot.sound]
2026-09-26T08:01:17.8746224Z info: OIBridge/MinimalRepertoire.lean:665:0: 'OIBridge.MinimalRepertoire.descend' depends on axioms: [propext, Classical.choice, Quot.sound]
2026-09-26T08:01:17.8746759Z info: OIBridge/MinimalRepertoire.lean:666:0: 'OIBridge.MinimalRepertoire.control_of_phaseFree' depends on axioms: [propext, Classical.choice, Quot.sound]
2026-09-26T08:01:17.8747277Z info: OIBridge/MinimalRepertoire.lean:667:0: 'OIBridge.MinimalRepertoire.oiPlusMin_iff_qm' depends on axioms: [propext, Classical.choice, Quot.sound]
2026-09-26T08:01:17.8747913Z info: OIBridge/MinimalRepertoire.lean:668:0: 'OIBridge.MinimalRepertoire.oiPlusMin_iff_oiPlusPos' depends on axioms: [propext, Classical.choice, Quot.sound]
2026-09-26T08:01:17.8748432Z info: OIBridge/MinimalRepertoire.lean:669:0: 'OIBridge.MinimalRepertoire.carrier_general_oiPlusMin' depends on axioms: [propext, Classical.choice, Quot.sound]
2026-09-26T08:01:17.8749022Z info: OIBridge/MinimalRepertoire.lean:670:0: 'OIBridge.MinimalRepertoire.perm_avail_of_cycle_swap' depends on axioms: [propext, Classical.choice, Quot.sound]
2026-09-26T08:01:17.8749845Z info: OIBridge/MinimalRepertoire.lean:671:0: 'OIBridge.MinimalRepertoire.phaseFree_of_cyclic' depends on axioms: [propext, Classical.choice, Quot.sound]
2026-09-26T08:01:17.8750066Z ℹ [3508/3599] Replayed OIBridge.SubstratumSource
2026-09-26T08:01:17.8750827Z info: OIBridge/SubstratumSource.lean:196:0: 'OIBridge.SubstratumSource.genTheory_avail_conj' depends on axioms: [propext, Classical.choice, Quot.sound]
2026-09-26T08:01:17.8751393Z info: OIBridge/SubstratumSource.lean:197:0: 'OIBridge.SubstratumSource.genTheory_elementary' depends on axioms: [propext, Classical.choice, Quot.sound]
2026-09-26T08:01:17.8751959Z info: OIBridge/SubstratumSource.lean:198:0: 'OIBridge.SubstratumSource.quantumArchitecture_supplies_all' depends on axioms: [propext, Classical.choice, Quot.sound]
2026-09-26T08:01:17.8752413Z info: OIBridge/SubstratumSource.lean:199:0: 'OIBridge.SubstratumSource.genTheory_qm_of_quantumArchitecture' depends on axioms: [propext,
2026-09-26T08:01:17.8752513Z  Classical.choice,
2026-09-26T08:01:17.8752601Z  Quot.sound]
2026-09-26T08:01:17.8753118Z info: OIBridge/SubstratumSource.lean:200:0: 'OIBridge.SubstratumSource.fullClass_drivesElementary' depends on axioms: [propext, Classical.choice, Quot.sound]
2026-09-26T08:01:17.8753906Z info: OIBridge/SubstratumSource.lean:201:0: 'OIBridge.SubstratumSource.fullClass_quantumArchitecture' depends on axioms: [propext, Classical.choice, Quot.sound]
2026-09-26T08:01:17.8754363Z info: OIBridge/SubstratumSource.lean:202:0: 'OIBridge.SubstratumSource.qm_generated_by_quantumArchitecture' depends on axioms: [propext,
2026-09-26T08:01:17.8754450Z  Classical.choice,
2026-09-26T08:01:17.8754601Z  Quot.sound]
2026-09-26T08:01:17.8755203Z info: OIBridge/SubstratumSource.lean:203:0: 'OIBridge.SubstratumSource.diagClass_not_drivesElementary' depends on axioms: [propext, Classical.choice, Quot.sound]
2026-09-26T08:01:17.8755863Z info: OIBridge/SubstratumSource.lean:204:0: 'OIBridge.SubstratumSource.diagGen_not_quantumArchitectureGenerated' depends on axioms: [propext,
2026-09-26T08:01:17.8756148Z  Classical.choice,
2026-09-26T08:01:17.8756334Z  Quot.sound]
2026-09-26T08:01:17.8769024Z ℹ [3509/3599] Replayed OIBridge.SubstratumInterface
2026-09-26T08:01:17.8769705Z info: OIBridge/SubstratumInterface.lean:208:0: 'OIBridge.SubstratumInterface.monomial_permMatrix' depends on axioms: [propext, Classical.choice, Quot.sound]
2026-09-26T08:01:17.8770443Z info: OIBridge/SubstratumInterface.lean:209:0: 'OIBridge.SubstratumInterface.monomial_diagonal' depends on axioms: [propext, Classical.choice, Quot.sound]
2026-09-26T08:01:17.8771025Z info: OIBridge/SubstratumInterface.lean:210:0: 'OIBridge.SubstratumInterface.bijectiveOperator_monomial' depends on axioms: [propext, Classical.choice, Quot.sound]
2026-09-26T08:01:17.8771583Z info: OIBridge/SubstratumInterface.lean:211:0: 'OIBridge.SubstratumInterface.phaseOperator_monomial' depends on axioms: [propext, Classical.choice, Quot.sound]
2026-09-26T08:01:17.8772285Z info: OIBridge/SubstratumInterface.lean:212:0: 'OIBridge.SubstratumInterface.exchange_monomial' depends on axioms: [propext, Classical.choice, Quot.sound]
2026-09-26T08:01:17.8772803Z info: OIBridge/SubstratumInterface.lean:213:0: 'OIBridge.SubstratumInterface.phase_monomial' depends on axioms: [propext, Classical.choice, Quot.sound]
2026-09-26T08:01:17.8773310Z info: OIBridge/SubstratumInterface.lean:214:0: 'OIBridge.SubstratumInterface.monomial_entry' depends on axioms: [propext, Classical.choice, Quot.sound]
2026-09-26T08:01:17.8774048Z info: OIBridge/SubstratumInterface.lean:215:0: 'OIBridge.SubstratumInterface.preservesDiag_conj_of_monomial' depends on axioms: [propext, Classical.choice, Quot.sound]
2026-09-26T08:01:17.8774561Z info: OIBridge/SubstratumInterface.lean:216:0: 'OIBridge.SubstratumInterface.rot_not_monomial' depends on axioms: [propext, Classical.choice, Quot.sound]
2026-09-26T08:01:17.8775124Z info: OIBridge/SubstratumInterface.lean:217:0: 'OIBridge.SubstratumInterface.monomialSource_not_control' depends on axioms: [propext, Classical.choice, Quot.sound]
2026-09-26T08:01:17.8775653Z info: OIBridge/SubstratumInterface.lean:218:0: 'OIBridge.SubstratumInterface.monomialSource_not_qm' depends on axioms: [propext, Classical.choice, Quot.sound]
2026-09-26T08:01:17.8776149Z info: OIBridge/SubstratumInterface.lean:219:0: 'OIBridge.SubstratumInterface.elementary_split' depends on axioms: [propext, Classical.choice, Quot.sound]
2026-09-26T08:01:17.8776398Z ⚠ [3510/3599] Replayed OIBridge.ReadWriteControl
2026-09-26T08:01:17.8776948Z warning: OIBridge/ReadWriteControl.lean:96:0: automatically included section variable(s) unused in theorem `OIBridge.ReadWriteControl.readWriteOperator_eq_perm`:
2026-09-26T08:01:17.8777036Z   [Fintype S]
2026-09-26T08:01:17.8777388Z consider restructuring your `variable` declarations so that the variables are not in scope or explicitly omit them:
2026-09-26T08:01:17.8777504Z   omit [Fintype S] in theorem ...
2026-09-26T08:01:17.8777510Z 
2026-09-26T08:01:17.8777760Z Note: This linter can be disabled with `set_option linter.unusedSectionVars false`
2026-09-26T08:01:17.8778286Z warning: OIBridge/ReadWriteControl.lean:199:0: automatically included section variable(s) unused in theorem `OIBridge.ReadWriteControl.memorySwap_nontrivial`:
2026-09-26T08:01:17.8778374Z   [Fintype S]
2026-09-26T08:01:17.8778730Z consider restructuring your `variable` declarations so that the variables are not in scope or explicitly omit them:
2026-09-26T08:01:17.8778826Z   omit [Fintype S] in theorem ...
2026-09-26T08:01:17.8778830Z 
2026-09-26T08:01:17.8779063Z Note: This linter can be disabled with `set_option linter.unusedSectionVars false`
2026-09-26T08:01:17.8779587Z info: OIBridge/ReadWriteControl.lean:222:0: 'OIBridge.ReadWriteControl.readWriteOperator_eq_perm' depends on axioms: [propext, Classical.choice, Quot.sound]
2026-09-26T08:01:17.8780108Z info: OIBridge/ReadWriteControl.lean:223:0: 'OIBridge.ReadWriteControl.readWriteOperator_monomial' depends on axioms: [propext, Classical.choice, Quot.sound]
2026-09-26T08:01:17.8780777Z info: OIBridge/ReadWriteControl.lean:224:0: 'OIBridge.ReadWriteControl.offDiagonal_interp_not_monomial' depends on axioms: [propext, Classical.choice, Quot.sound]
2026-09-26T08:01:17.8781323Z info: OIBridge/ReadWriteControl.lean:225:0: 'OIBridge.ReadWriteControl.readWriteSourced_monomialSource' depends on axioms: [propext, Classical.choice, Quot.sound]
2026-09-26T08:01:17.8781842Z info: OIBridge/ReadWriteControl.lean:226:0: 'OIBridge.ReadWriteControl.readWriteSourced_not_control' depends on axioms: [propext, Classical.choice, Quot.sound]
2026-09-26T08:01:17.8782347Z info: OIBridge/ReadWriteControl.lean:227:0: 'OIBridge.ReadWriteControl.readWriteSourced_not_qm' depends on axioms: [propext, Classical.choice, Quot.sound]
2026-09-26T08:01:17.8782972Z info: OIBridge/ReadWriteControl.lean:228:0: 'OIBridge.ReadWriteControl.memorySwap_nontrivial' depends on axioms: [propext, Classical.choice, Quot.sound]
2026-09-26T08:01:17.8783770Z info: OIBridge/ReadWriteControl.lean:229:0: 'OIBridge.ReadWriteControl.memorySwap_operator_monomial' depends on axioms: [propext, Classical.choice, Quot.sound]
2026-09-26T08:01:17.8784325Z info: OIBridge/ReadWriteControl.lean:230:0: 'OIBridge.ReadWriteControl.readWriteControl_independent' depends on axioms: [propext, Classical.choice, Quot.sound]
2026-09-26T08:01:17.8784530Z ⚠ [3511/3599] Replayed OIBridge.StructuralClosure
2026-09-26T08:01:17.8785411Z warning: OIBridge/StructuralClosure.lean:250:0: automatically included section variable(s) unused in theorem `OIBridge.StructuralClosure.submonomial_tensor_one`:
2026-09-26T08:01:17.8785605Z   [Fintype S]
2026-09-26T08:01:17.8785699Z   [DecidableEq S]
2026-09-26T08:01:17.8786070Z consider restructuring your `variable` declarations so that the variables are not in scope or explicitly omit them:
2026-09-26T08:01:17.8786208Z   omit [Fintype S] [DecidableEq S] in theorem ...
2026-09-26T08:01:17.8786221Z 
2026-09-26T08:01:17.8786461Z Note: This linter can be disabled with `set_option linter.unusedSectionVars false`
2026-09-26T08:01:17.8786955Z info: OIBridge/StructuralClosure.lean:433:0: 'OIBridge.StructuralClosure.of_ite_ne_zero' depends on axioms: [propext, Classical.choice, Quot.sound]
2026-09-26T08:01:17.8787776Z info: OIBridge/StructuralClosure.lean:434:0: 'OIBridge.StructuralClosure.mul_entry_ne_zero' depends on axioms: [propext, Classical.choice, Quot.sound]
2026-09-26T08:01:17.8788397Z info: OIBridge/StructuralClosure.lean:435:0: 'OIBridge.StructuralClosure.monomial_submonomial' depends on axioms: [propext, Classical.choice, Quot.sound]
2026-09-26T08:01:17.8789259Z info: OIBridge/StructuralClosure.lean:436:0: 'OIBridge.StructuralClosure.submonomial_monomial' depends on axioms: [propext, Classical.choice, Quot.sound]
2026-09-26T08:01:17.8789788Z info: OIBridge/StructuralClosure.lean:437:0: 'OIBridge.StructuralClosure.monomial_iff_submonomial' depends on axioms: [propext, Classical.choice, Quot.sound]
2026-09-26T08:01:17.8790289Z info: OIBridge/StructuralClosure.lean:438:0: 'OIBridge.StructuralClosure.submonomial_one' depends on axioms: [propext, Classical.choice, Quot.sound]
2026-09-26T08:01:17.8790768Z info: OIBridge/StructuralClosure.lean:439:0: 'OIBridge.StructuralClosure.submonomial_mul' depends on axioms: [propext, Classical.choice, Quot.sound]
2026-09-26T08:01:17.8791244Z info: OIBridge/StructuralClosure.lean:440:0: 'OIBridge.StructuralClosure.submonomial_smul' depends on axioms: [propext, Classical.choice, Quot.sound]
2026-09-26T08:01:17.8791745Z info: OIBridge/StructuralClosure.lean:441:0: 'OIBridge.StructuralClosure.submonomial_diagonal' depends on axioms: [propext, Classical.choice, Quot.sound]
2026-09-26T08:01:17.8792227Z info: OIBridge/StructuralClosure.lean:442:0: 'OIBridge.StructuralClosure.submonomial_block' depends on axioms: [propext, Classical.choice, Quot.sound]
2026-09-26T08:01:17.8792722Z info: OIBridge/StructuralClosure.lean:443:0: 'OIBridge.StructuralClosure.substratumClass_arch' depends on axioms: [propext, Classical.choice, Quot.sound]
2026-09-26T08:01:17.8793388Z info: OIBridge/StructuralClosure.lean:444:0: 'OIBridge.StructuralClosure.tensor_one_entry_ne_zero' depends on axioms: [propext, Classical.choice, Quot.sound]
2026-09-26T08:01:17.8794175Z info: OIBridge/StructuralClosure.lean:445:0: 'OIBridge.StructuralClosure.submonomial_tensor_one' depends on axioms: [propext, Classical.choice, Quot.sound]
2026-09-26T08:01:17.8794719Z info: OIBridge/StructuralClosure.lean:446:0: 'OIBridge.StructuralClosure.substratumClass_contextStable' depends on axioms: [propext, Classical.choice, Quot.sound]
2026-09-26T08:01:17.8795219Z info: OIBridge/StructuralClosure.lean:447:0: 'OIBridge.StructuralClosure.submonomial_reindex' depends on axioms: [propext, Classical.choice, Quot.sound]
2026-09-26T08:01:17.8795768Z info: OIBridge/StructuralClosure.lean:448:0: 'OIBridge.StructuralClosure.substratumClass_labelInvariant' depends on axioms: [propext, Classical.choice, Quot.sound]
2026-09-26T08:01:17.8796429Z info: OIBridge/StructuralClosure.lean:449:0: 'OIBridge.StructuralClosure.submonomial_conjTranspose' depends on axioms: [propext, Classical.choice, Quot.sound]
2026-09-26T08:01:17.8796967Z info: OIBridge/StructuralClosure.lean:450:0: 'OIBridge.StructuralClosure.substratumClass_daggerStable' depends on axioms: [propext, Classical.choice, Quot.sound]
2026-09-26T08:01:17.8797439Z info: OIBridge/StructuralClosure.lean:451:0: 'OIBridge.StructuralClosure.substratumClass_unitaryRaySaturated' depends on axioms: [propext,
2026-09-26T08:01:17.8797533Z  Classical.choice,
2026-09-26T08:01:17.8797612Z  Quot.sound]
2026-09-26T08:01:17.8798168Z info: OIBridge/StructuralClosure.lean:452:0: 'OIBridge.StructuralClosure.bijectiveOperator_conjTranspose' depends on axioms: [propext, Classical.choice, Quot.sound]
2026-09-26T08:01:17.8798701Z info: OIBridge/StructuralClosure.lean:453:0: 'OIBridge.StructuralClosure.phaseOperator_conjTranspose' depends on axioms: [propext, Classical.choice, Quot.sound]
2026-09-26T08:01:17.8799159Z info: OIBridge/StructuralClosure.lean:454:0: 'OIBridge.StructuralClosure.substratumClass_structurallyClosed' depends on axioms: [propext,
2026-09-26T08:01:17.8799253Z  Classical.choice,
2026-09-26T08:01:17.8799336Z  Quot.sound]
2026-09-26T08:01:17.8799861Z info: OIBridge/StructuralClosure.lean:455:0: 'OIBridge.StructuralClosure.bijectiveOperator_supplied' depends on axioms: [propext, Classical.choice, Quot.sound]
2026-09-26T08:01:17.8800374Z info: OIBridge/StructuralClosure.lean:456:0: 'OIBridge.StructuralClosure.phaseOperator_supplied' depends on axioms: [propext, Classical.choice, Quot.sound]
2026-09-26T08:01:17.8800900Z info: OIBridge/StructuralClosure.lean:457:0: 'OIBridge.StructuralClosure.readWriteOperator_supplied' depends on axioms: [propext, Classical.choice, Quot.sound]
2026-09-26T08:01:17.8801412Z info: OIBridge/StructuralClosure.lean:458:0: 'OIBridge.StructuralClosure.substratumGen_not_control' depends on axioms: [propext, Classical.choice, Quot.sound]
2026-09-26T08:01:17.8801913Z info: OIBridge/StructuralClosure.lean:459:0: 'OIBridge.StructuralClosure.substratumGen_not_qm' depends on axioms: [propext, Classical.choice, Quot.sound]
2026-09-26T08:01:17.8802397Z info: OIBridge/StructuralClosure.lean:460:0: 'OIBridge.StructuralClosure.quantumArchitecture_iff_drives_of_closed' depends on axioms: [propext,
2026-09-26T08:01:17.8802480Z  Classical.choice,
2026-09-26T08:01:17.8802565Z  Quot.sound]
2026-09-26T08:01:17.8803027Z info: OIBridge/StructuralClosure.lean:461:0: 'OIBridge.StructuralClosure.substratumClass_not_drivesElementary' depends on axioms: [propext,
2026-09-26T08:01:17.8803109Z  Classical.choice,
2026-09-26T08:01:17.8803192Z  Quot.sound]
2026-09-26T08:01:17.8803989Z info: OIBridge/StructuralClosure.lean:462:0: 'OIBridge.StructuralClosure.substratumClass_not_quantumArchitecture' depends on axioms: [propext,
2026-09-26T08:01:17.8804149Z  Classical.choice,
2026-09-26T08:01:17.8804254Z  Quot.sound]
2026-09-26T08:01:17.8804776Z info: OIBridge/StructuralClosure.lean:463:0: 'OIBridge.StructuralClosure.substratum_residual' depends on axioms: [propext, Classical.choice, Quot.sound]
2026-09-26T08:01:17.8805425Z info: OIBridge/StructuralClosure.lean:464:0: 'OIBridge.StructuralClosure.substratum_extension_quantum_iff_drives' depends on axioms: [propext,
2026-09-26T08:01:17.8805521Z  Classical.choice,
2026-09-26T08:01:17.8805598Z  Quot.sound]
2026-09-26T08:01:17.8806126Z info: OIBridge/StructuralClosure.lean:465:0: 'OIBridge.StructuralClosure.substratum_plus_control_qm' depends on axioms: [propext, Classical.choice, Quot.sound]
2026-09-26T08:01:17.8806663Z info: OIBridge/StructuralClosure.lean:466:0: 'OIBridge.StructuralClosure.fullClass_extendsSubstratum' depends on axioms: [propext, Classical.choice, Quot.sound]
2026-09-26T08:01:17.8807104Z info: OIBridge/StructuralClosure.lean:467:0: 'OIBridge.StructuralClosure.qm_generated_by_substratum_extension' depends on axioms: [propext,
2026-09-26T08:01:17.8807195Z  Classical.choice,
2026-09-26T08:01:17.8807279Z  Quot.sound]
2026-09-26T08:01:17.8807468Z ℹ [3512/3599] Replayed OIBridge.RouteB
2026-09-26T08:01:17.8808070Z info: OIBridge/RouteB.lean:401:0: 'OIBridge.RouteB.DerivedOI.implementationLocality' depends on axioms: [propext, Classical.choice, Quot.sound]
2026-09-26T08:01:17.8808482Z info: OIBridge/RouteB.lean:402:0: 'OIBridge.RouteB.DerivedOI.closure' depends on axioms: [propext, Classical.choice, Quot.sound]
2026-09-26T08:01:17.8808914Z info: OIBridge/RouteB.lean:403:0: 'OIBridge.RouteB.falsifier_available_of_control' depends on axioms: [propext, Classical.choice, Quot.sound]
2026-09-26T08:01:17.8809356Z info: OIBridge/RouteB.lean:404:0: 'OIBridge.RouteB.falsifier_available_of_phaseFree' depends on axioms: [propext, Classical.choice, Quot.sound]
2026-09-26T08:01:17.8809821Z info: OIBridge/RouteB.lean:405:0: 'OIBridge.RouteB.not_phaseFree_of_falsifier_unavailable' depends on axioms: [propext, Classical.choice, Quot.sound]
2026-09-26T08:01:17.8810249Z info: OIBridge/RouteB.lean:406:0: 'OIBridge.RouteB.falsifier_not_monomial_not_diag' depends on axioms: [propext, Classical.choice, Quot.sound]
2026-09-26T08:01:17.8810700Z info: OIBridge/RouteB.lean:407:0: 'OIBridge.RouteB.exchangesAvailable_of_control' depends on axioms: [propext, Classical.choice, Quot.sound]
2026-09-26T08:01:17.8811126Z info: OIBridge/RouteB.lean:408:0: 'OIBridge.RouteB.phasesAvailable_of_control' depends on axioms: [propext, Classical.choice, Quot.sound]
2026-09-26T08:01:17.8811556Z info: OIBridge/RouteB.lean:409:0: 'OIBridge.RouteB.readWriteAvailable_of_control' depends on axioms: [propext, Classical.choice, Quot.sound]
2026-09-26T08:01:17.8811939Z info: OIBridge/RouteB.lean:410:0: 'OIBridge.RouteB.derivedOI_of_qm' depends on axioms: [propext, Classical.choice, Quot.sound]
2026-09-26T08:01:17.8812340Z info: OIBridge/RouteB.lean:411:0: 'OIBridge.RouteB.derivedOICore_of_qm' depends on axioms: [propext, Classical.choice, Quot.sound]
2026-09-26T08:01:17.8812764Z info: OIBridge/RouteB.lean:412:0: 'OIBridge.RouteB.qm_not_falsifierUnavailable' depends on axioms: [propext, Classical.choice, Quot.sound]
2026-09-26T08:01:17.8813148Z info: OIBridge/RouteB.lean:413:0: 'OIBridge.RouteB.target_separates' depends on axioms: [propext, Classical.choice, Quot.sound]
2026-09-26T08:01:17.8813514Z info: OIBridge/RouteB.lean:414:0: 'OIBridge.RouteB.target_not_qm' depends on axioms: [propext, Classical.choice, Quot.sound]
2026-09-26T08:01:17.8814215Z info: OIBridge/RouteB.lean:415:0: 'OIBridge.RouteB.substratumTheory_avail_conj' depends on axioms: [propext, Classical.choice, Quot.sound]
2026-09-26T08:01:17.8814646Z info: OIBridge/RouteB.lean:416:0: 'OIBridge.RouteB.substratumTheory_derivedOI' depends on axioms: [propext, Classical.choice, Quot.sound]
2026-09-26T08:01:17.8815124Z info: OIBridge/RouteB.lean:417:0: 'OIBridge.RouteB.substratumTheory_falsifierUnavailable' depends on axioms: [propext, Classical.choice, Quot.sound]
2026-09-26T08:01:17.8815551Z info: OIBridge/RouteB.lean:418:0: 'OIBridge.RouteB.substratumTheory_candidate' depends on axioms: [propext, Classical.choice, Quot.sound]
2026-09-26T08:01:17.8816104Z info: OIBridge/RouteB.lean:419:0: 'OIBridge.RouteB.target_of_substratum_core' depends on axioms: [propext, Classical.choice, Quot.sound]
2026-09-26T08:01:17.8816537Z info: OIBridge/RouteB.lean:420:0: 'OIBridge.RouteB.substratumTheory_relabel' depends on axioms: [propext, Classical.choice, Quot.sound]
2026-09-26T08:01:17.8816974Z info: OIBridge/RouteB.lean:421:0: 'OIBridge.RouteB.substratumTheory_passiveStep' depends on axioms: [propext, Classical.choice, Quot.sound]
2026-09-26T08:01:17.8817402Z info: OIBridge/RouteB.lean:422:0: 'OIBridge.RouteB.substratumTheory_controlStep' depends on axioms: [propext, Classical.choice, Quot.sound]
2026-09-26T08:01:17.8817819Z info: OIBridge/RouteB.lean:423:0: 'OIBridge.RouteB.substratumTheory_readout' depends on axioms: [propext, Classical.choice, Quot.sound]
2026-09-26T08:01:17.8818263Z info: OIBridge/RouteB.lean:424:0: 'OIBridge.RouteB.substratumTheory_readoutFamily' depends on axioms: [propext, Classical.choice, Quot.sound]
2026-09-26T08:01:17.8818663Z info: OIBridge/RouteB.lean:425:0: 'OIBridge.RouteB.substratumTheory_comb' depends on axioms: [propext, Classical.choice, Quot.sound]
2026-09-26T08:01:17.8819254Z info: OIBridge/RouteB.lean:426:0: 'OIBridge.RouteB.substratumTheory_realizesSealedOICore' depends on axioms: [propext, Classical.choice, Quot.sound]
2026-09-26T08:01:17.8819705Z info: OIBridge/RouteB.lean:427:0: 'OIBridge.RouteB.substratumTheory_derivedOICore' depends on axioms: [propext, Classical.choice, Quot.sound]
2026-09-26T08:01:17.8820073Z info: OIBridge/RouteB.lean:428:0: 'OIBridge.RouteB.routeB_target' depends on axioms: [propext, Classical.choice, Quot.sound]
2026-09-26T08:01:17.8820526Z info: OIBridge/RouteB.lean:429:0: 'OIBridge.RouteB.substratumTheory_not_phaseFree' depends on axioms: [propext, Classical.choice, Quot.sound]
2026-09-26T08:01:17.8820956Z info: OIBridge/RouteB.lean:430:0: 'OIBridge.RouteB.derivedOICore_not_phaseFree' depends on axioms: [propext, Classical.choice, Quot.sound]
2026-09-26T08:01:17.8821364Z info: OIBridge/RouteB.lean:431:0: 'OIBridge.RouteB.derivedOI_qm_iff_phaseFree' depends on axioms: [propext, Classical.choice, Quot.sound]
2026-09-26T08:01:17.8821563Z ℹ [3513/3599] Replayed OIBridge.ManuscriptAxioms
2026-09-26T08:01:17.8822033Z info: OIBridge/ManuscriptAxioms.lean:181:0: 'OIBridge.ManuscriptAxioms.a1_every_theory' depends on axioms: [propext, Classical.choice, Quot.sound]
2026-09-26T08:01:17.8822521Z info: OIBridge/ManuscriptAxioms.lean:182:0: 'OIBridge.ManuscriptAxioms.substratumTheory_A1' depends on axioms: [propext, Classical.choice, Quot.sound]
2026-09-26T08:01:17.8823008Z info: OIBridge/ManuscriptAxioms.lean:183:0: 'OIBridge.ManuscriptAxioms.substratumTheory_A2' depends on axioms: [propext, Classical.choice, Quot.sound]
2026-09-26T08:01:17.8823507Z info: OIBridge/ManuscriptAxioms.lean:184:0: 'OIBridge.ManuscriptAxioms.substratumTheory_A1A2' depends on axioms: [propext, Classical.choice, Quot.sound]
2026-09-26T08:01:17.8824101Z info: OIBridge/ManuscriptAxioms.lean:185:0: 'OIBridge.ManuscriptAxioms.a2_of_control' depends on axioms: [propext, Classical.choice, Quot.sound]
2026-09-26T08:01:17.8824554Z info: OIBridge/ManuscriptAxioms.lean:186:0: 'OIBridge.ManuscriptAxioms.substratumClass_configurationLevel' depends on axioms: [propext,
2026-09-26T08:01:17.8824649Z  Classical.choice,
2026-09-26T08:01:17.8824731Z  Quot.sound]
2026-09-26T08:01:17.8825173Z info: OIBridge/ManuscriptAxioms.lean:187:0: 'OIBridge.ManuscriptAxioms.configurationLevel_iff_le_substratum' depends on axioms: [propext,
2026-09-26T08:01:17.8825259Z  Classical.choice,
2026-09-26T08:01:17.8825334Z  Quot.sound]
2026-09-26T08:01:17.8825871Z info: OIBridge/ManuscriptAxioms.lean:188:0: 'OIBridge.ManuscriptAxioms.configurationLevel_availExt_le' depends on axioms: [propext, Classical.choice, Quot.sound]
2026-09-26T08:01:17.8826335Z info: OIBridge/ManuscriptAxioms.lean:189:0: 'OIBridge.ManuscriptAxioms.configurationLevel_falsifierUnavailable' depends on axioms: [propext,
2026-09-26T08:01:17.8826417Z  Classical.choice,
2026-09-26T08:01:17.8826500Z  Quot.sound]
2026-09-26T08:01:17.8827191Z info: OIBridge/ManuscriptAxioms.lean:190:0: 'OIBridge.ManuscriptAxioms.configurationLevel_not_phaseFree' depends on axioms: [propext, Classical.choice, Quot.sound]
2026-09-26T08:01:17.8827828Z info: OIBridge/ManuscriptAxioms.lean:191:0: 'OIBridge.ManuscriptAxioms.configurationLevel_not_qm' depends on axioms: [propext, Classical.choice, Quot.sound]
2026-09-26T08:01:17.8828019Z ⚠ [3514/3599] Replayed OIBridge.TypedCompletion
2026-09-26T08:01:17.8828520Z warning: OIBridge/TypedCompletion.lean:124:0: automatically included section variable(s) unused in theorem `OIBridge.TypedCompletion.attachUniform_fin`:
2026-09-26T08:01:17.8828600Z   [Fintype S]
2026-09-26T08:01:17.8828685Z   [DecidableEq S]
2026-09-26T08:01:17.8829351Z consider restructuring your `variable` declarations so that the variables are not in scope or explicitly omit them:
2026-09-26T08:01:17.8829492Z   omit [Fintype S] [DecidableEq S] in theorem ...
2026-09-26T08:01:17.8829497Z 
2026-09-26T08:01:17.8829740Z Note: This linter can be disabled with `set_option linter.unusedSectionVars false`
2026-09-26T08:01:17.8830437Z warning: OIBridge/TypedCompletion.lean:148:0: automatically included section variable(s) unused in theorem `OIBridge.TypedCompletion.discardR_attachUniform`:
2026-09-26T08:01:17.8830528Z   [Fintype S]
2026-09-26T08:01:17.8830616Z   [DecidableEq S]
2026-09-26T08:01:17.8830971Z consider restructuring your `variable` declarations so that the variables are not in scope or explicitly omit them:
2026-09-26T08:01:17.8831091Z   omit [Fintype S] [DecidableEq S] in theorem ...
2026-09-26T08:01:17.8831095Z 
2026-09-26T08:01:17.8831322Z Note: This linter can be disabled with `set_option linter.unusedSectionVars false`
2026-09-26T08:01:17.8831895Z info: OIBridge/TypedCompletion.lean:295:0: 'OIBridge.TypedCompletion.TypedOperationalTheory.availT_equiv' depends on axioms: [propext,
2026-09-26T08:01:17.8831984Z  Classical.choice,
2026-09-26T08:01:17.8832073Z  Quot.sound]
2026-09-26T08:01:17.8832595Z info: OIBridge/TypedCompletion.lean:296:0: 'OIBridge.TypedCompletion.TypedOperationalTheory.shadow_regroupingInvariant' depends on axioms: [propext,
2026-09-26T08:01:17.8832686Z  Classical.choice,
2026-09-26T08:01:17.8832772Z  Quot.sound]
2026-09-26T08:01:17.8833834Z info: OIBridge/TypedCompletion.lean:297:0: 'OIBridge.TypedCompletion.TypedOperationalTheory.shadow_relabellingInvariant' depends on axioms: [propext,
2026-09-26T08:01:17.8833941Z  Classical.choice,
2026-09-26T08:01:17.8834026Z  Quot.sound]
2026-09-26T08:01:17.8834535Z info: OIBridge/TypedCompletion.lean:298:0: 'OIBridge.TypedCompletion.TypedOperationalTheory.shadow_isAmbientMember' depends on axioms: [propext,
2026-09-26T08:01:17.8834625Z  Classical.choice,
2026-09-26T08:01:17.8834874Z  Quot.sound]
2026-09-26T08:01:17.8835596Z info: OIBridge/TypedCompletion.lean:299:0: 'OIBridge.TypedCompletion.TypedOperationalTheory.shadow_embeddedObservation' depends on axioms: [propext,
2026-09-26T08:01:17.8835688Z  Classical.choice,
2026-09-26T08:01:17.8835776Z  Quot.sound]
2026-09-26T08:01:17.8836253Z warning: OIBridge/TypedCompletion.lean:444:0: automatically included section variable(s) unused in theorem `OIBridge.TypedCompletion.conjT_apply`:
2026-09-26T08:01:17.8836343Z   [DecidableEq S']
2026-09-26T08:01:17.8836695Z consider restructuring your `variable` declarations so that the variables are not in scope or explicitly omit them:
2026-09-26T08:01:17.8836798Z   omit [DecidableEq S'] in theorem ...
2026-09-26T08:01:17.8836802Z 
2026-09-26T08:01:17.8837035Z Note: This linter can be disabled with `set_option linter.unusedSectionVars false`
2026-09-26T08:01:17.8837565Z warning: OIBridge/TypedCompletion.lean:875:0: automatically included section variable(s) unused in theorem `OIBridge.TypedCompletion.preservesDiag_transportT`:
2026-09-26T08:01:17.8837643Z   [Fintype S]
2026-09-26T08:01:17.8837725Z   [Fintype S']
2026-09-26T08:01:17.8837802Z   [Fintype T]
2026-09-26T08:01:17.8837886Z   [Fintype T']
2026-09-26T08:01:17.8838230Z consider restructuring your `variable` declarations so that the variables are not in scope or explicitly omit them:
2026-09-26T08:01:17.8838604Z   omit [Fintype S] [Fintype S'] [Fintype T] [Fintype T'] in theorem ...
2026-09-26T08:01:17.8838613Z 
2026-09-26T08:01:17.8838849Z Note: This linter can be disabled with `set_option linter.unusedSectionVars false`
2026-09-26T08:01:17.8839389Z warning: OIBridge/TypedCompletion.lean:885:0: automatically included section variable(s) unused in theorem `OIBridge.TypedCompletion.preservesDiag_attachUniform`:
2026-09-26T08:01:17.8839464Z   [Fintype S]
2026-09-26T08:01:17.8839809Z consider restructuring your `variable` declarations so that the variables are not in scope or explicitly omit them:
2026-09-26T08:01:17.8839911Z   omit [Fintype S] in theorem ...
2026-09-26T08:01:17.8839915Z 
2026-09-26T08:01:17.8840129Z Note: This linter can be disabled with `set_option linter.unusedSectionVars false`
2026-09-26T08:01:17.8840642Z warning: OIBridge/TypedCompletion.lean:894:0: automatically included section variable(s) unused in theorem `OIBridge.TypedCompletion.preservesDiag_discardR`:
2026-09-26T08:01:17.8840728Z   [Fintype S]
2026-09-26T08:01:17.8841165Z consider restructuring your `variable` declarations so that the variables are not in scope or explicitly omit them:
2026-09-26T08:01:17.8841270Z   omit [Fintype S] in theorem ...
2026-09-26T08:01:17.8841273Z 
2026-09-26T08:01:17.8841498Z Note: This linter can be disabled with `set_option linter.unusedSectionVars false`
2026-09-26T08:01:17.8842015Z warning: OIBridge/TypedCompletion.lean:905:0: automatically included section variable(s) unused in theorem `OIBridge.TypedCompletion.preservesDiag_localLuders`:
2026-09-26T08:01:17.8842098Z   [Fintype R]
2026-09-26T08:01:17.8842439Z consider restructuring your `variable` declarations so that the variables are not in scope or explicitly omit them:
2026-09-26T08:01:17.8842531Z   omit [Fintype R] in theorem ...
2026-09-26T08:01:17.8842536Z 
2026-09-26T08:01:17.8842868Z Note: This linter can be disabled with `set_option linter.unusedSectionVars false`
2026-09-26T08:01:17.8843364Z info: OIBridge/TypedCompletion.lean:949:0: 'OIBridge.TypedCompletion.attachUniform_fin' depends on axioms: [propext, Classical.choice, Quot.sound]
2026-09-26T08:01:17.8844210Z info: OIBridge/TypedCompletion.lean:950:0: 'OIBridge.TypedCompletion.discardR_fin' depends on axioms: [propext, Classical.choice, Quot.sound]
2026-09-26T08:01:17.8844716Z info: OIBridge/TypedCompletion.lean:951:0: 'OIBridge.TypedCompletion.discardR_attachUniform' depends on axioms: [propext, Classical.choice, Quot.sound]
2026-09-26T08:01:17.8845170Z info: OIBridge/TypedCompletion.lean:952:0: 'OIBridge.TypedCompletion.embL_isometry' depends on axioms: [propext, Classical.choice, Quot.sound]
2026-09-26T08:01:17.8845695Z info: OIBridge/TypedCompletion.lean:953:0: 'OIBridge.TypedCompletion.embR_isometry' depends on axioms: [propext, Classical.choice, Quot.sound]
2026-09-26T08:01:17.8846160Z info: OIBridge/TypedCompletion.lean:954:0: 'OIBridge.TypedCompletion.sum_embL_proj' depends on axioms: [propext, Classical.choice, Quot.sound]
2026-09-26T08:01:17.8846620Z info: OIBridge/TypedCompletion.lean:955:0: 'OIBridge.TypedCompletion.sum_embR_proj' depends on axioms: [propext, Classical.choice, Quot.sound]
2026-09-26T08:01:17.8847155Z info: OIBridge/TypedCompletion.lean:956:0: 'OIBridge.TypedCompletion.embL_conj_apply' depends on axioms: [propext, Classical.choice, Quot.sound]
2026-09-26T08:01:17.8847692Z info: OIBridge/TypedCompletion.lean:957:0: 'OIBridge.TypedCompletion.embR_compress_apply' depends on axioms: [propext, Classical.choice, Quot.sound]
2026-09-26T08:01:17.8848166Z info: OIBridge/TypedCompletion.lean:958:0: 'OIBridge.TypedCompletion.discardR_embL_conj' depends on axioms: [propext, Classical.choice, Quot.sound]
2026-09-26T08:01:17.8849055Z info: OIBridge/TypedCompletion.lean:959:0: 'OIBridge.TypedCompletion.attachUniform_eq_sum' depends on axioms: [propext, Classical.choice, Quot.sound]
2026-09-26T08:01:17.8849646Z info: OIBridge/TypedCompletion.lean:960:0: 'OIBridge.TypedCompletion.isTypedKraus_of_family' depends on axioms: [propext, Classical.choice, Quot.sound]
2026-09-26T08:01:17.8850297Z info: OIBridge/TypedCompletion.lean:961:0: 'OIBridge.TypedCompletion.availT_of_krausFamily' depends on axioms: [propext, Classical.choice, Quot.sound]
2026-09-26T08:01:17.8850746Z info: OIBridge/TypedCompletion.lean:962:0: 'OIBridge.TypedCompletion.wrap_availT' depends on axioms: [propext, Classical.choice, Quot.sound]
2026-09-26T08:01:17.8851183Z info: OIBridge/TypedCompletion.lean:963:0: 'OIBridge.TypedCompletion.wrap_apply' depends on axioms: [propext, Classical.choice, Quot.sound]
2026-09-26T08:01:17.8851640Z info: OIBridge/TypedCompletion.lean:964:0: 'OIBridge.TypedCompletion.recover_of_wrap' depends on axioms: [propext, Classical.choice, Quot.sound]
2026-09-26T08:01:17.8852120Z info: OIBridge/TypedCompletion.lean:965:0: 'OIBridge.TypedCompletion.typedKraus_of_availT' depends on axioms: [propext, Classical.choice, Quot.sound]
2026-09-26T08:01:17.8852560Z info: OIBridge/TypedCompletion.lean:966:0: 'OIBridge.TypedCompletion.sum_emb2_proj' depends on axioms: [propext, Classical.choice, Quot.sound]
2026-09-26T08:01:17.8853121Z info: OIBridge/TypedCompletion.lean:967:0: 'OIBridge.TypedCompletion.emb2_compress' depends on axioms: [propext, Classical.choice, Quot.sound]
2026-09-26T08:01:17.8853794Z info: OIBridge/TypedCompletion.lean:968:0: 'OIBridge.TypedCompletion.regOp_normalized' depends on axioms: [propext, Classical.choice, Quot.sound]
2026-09-26T08:01:17.8854322Z info: OIBridge/TypedCompletion.lean:969:0: 'OIBridge.TypedCompletion.discardR_regOp_conj' depends on axioms: [propext, Classical.choice, Quot.sound]
2026-09-26T08:01:17.8854925Z info: OIBridge/TypedCompletion.lean:970:0: 'OIBridge.TypedCompletion.availT_of_typedKraus' depends on axioms: [propext, Classical.choice, Quot.sound]
2026-09-26T08:01:17.8855401Z info: OIBridge/TypedCompletion.lean:971:0: 'OIBridge.TypedCompletion.typed_determined' depends on axioms: [propext, Classical.choice, Quot.sound]
2026-09-26T08:01:17.8855952Z info: OIBridge/TypedCompletion.lean:972:0: 'OIBridge.TypedCompletion.conjT_eq_conjChannel' depends on axioms: [propext, Classical.choice, Quot.sound]
2026-09-26T08:01:17.8856543Z info: OIBridge/TypedCompletion.lean:973:0: 'OIBridge.TypedCompletion.typedKraus_iff_endomorphic' depends on axioms: [propext, Classical.choice, Quot.sound]
2026-09-26T08:01:17.8857039Z info: OIBridge/TypedCompletion.lean:974:0: 'OIBridge.TypedCompletion.shadowQuantum_of_typed' depends on axioms: [propext, Classical.choice, Quot.sound]
2026-09-26T08:01:17.8857518Z info: OIBridge/TypedCompletion.lean:975:0: 'OIBridge.TypedCompletion.typed_determined_iff' depends on axioms: [propext, Classical.choice, Quot.sound]
2026-09-26T08:01:17.8858133Z info: OIBridge/TypedCompletion.lean:976:0: 'OIBridge.TypedCompletion.typed_determined_of_oiPlusElem' depends on axioms: [propext, Classical.choice, Quot.sound]
2026-09-26T08:01:17.8858635Z info: OIBridge/TypedCompletion.lean:977:0: 'OIBridge.TypedCompletion.preservesDiag_transportT' depends on axioms: [propext, Classical.choice, Quot.sound]
2026-09-26T08:01:17.8859155Z info: OIBridge/TypedCompletion.lean:978:0: 'OIBridge.TypedCompletion.preservesDiag_attachUniform' depends on axioms: [propext, Classical.choice, Quot.sound]
2026-09-26T08:01:17.8860014Z info: OIBridge/TypedCompletion.lean:979:0: 'OIBridge.TypedCompletion.preservesDiag_discardR' depends on axioms: [propext, Classical.choice, Quot.sound]
2026-09-26T08:01:17.8860558Z info: OIBridge/TypedCompletion.lean:980:0: 'OIBridge.TypedCompletion.preservesDiag_localLuders' depends on axioms: [propext, Classical.choice, Quot.sound]
2026-09-26T08:01:17.8861090Z info: OIBridge/TypedCompletion.lean:981:0: 'OIBridge.TypedCompletion.typedDiag_shadow_not_control' depends on axioms: [propext, Classical.choice, Quot.sound]
2026-09-26T08:01:17.8861581Z info: OIBridge/TypedCompletion.lean:982:0: 'OIBridge.TypedCompletion.typedDiag_shadow_not_qm' depends on axioms: [propext, Classical.choice, Quot.sound]
2026-09-26T08:01:17.8862086Z info: OIBridge/TypedCompletion.lean:983:0: 'OIBridge.TypedCompletion.typed_interface_not_quantum' depends on axioms: [propext, Classical.choice, Quot.sound]
2026-09-26T08:01:17.8862437Z ⚠ [3515/3599] Replayed OIBridge.RegionLimit
2026-09-26T08:01:17.8862912Z warning: OIBridge/RegionLimit.lean:99:0: automatically included section variable(s) unused in theorem `OIBridge.RegionLimit.restrict_eq_discardR`:
2026-09-26T08:01:17.8863000Z   [Fintype S]
2026-09-26T08:01:17.8863089Z   [DecidableEq S]
2026-09-26T08:01:17.8863547Z consider restructuring your `variable` declarations so that the variables are not in scope or explicitly omit them:
2026-09-26T08:01:17.8863944Z   omit [Fintype S] [DecidableEq S] in theorem ...
2026-09-26T08:01:17.8863949Z 
2026-09-26T08:01:17.8864191Z Note: This linter can be disabled with `set_option linter.unusedSectionVars false`
2026-09-26T08:01:17.8864664Z warning: OIBridge/RegionLimit.lean:105:0: automatically included section variable(s) unused in theorem `OIBridge.RegionLimit.inclObs_apply`:
2026-09-26T08:01:17.8864750Z   [Fintype S]
2026-09-26T08:01:17.8864836Z   [DecidableEq S]
2026-09-26T08:01:17.8865186Z consider restructuring your `variable` declarations so that the variables are not in scope or explicitly omit them:
2026-09-26T08:01:17.8865448Z   omit [Fintype S] [DecidableEq S] in theorem ...
2026-09-26T08:01:17.8865454Z 
2026-09-26T08:01:17.8865689Z Note: This linter can be disabled with `set_option linter.unusedSectionVars false`
2026-09-26T08:01:17.8866130Z warning: OIBridge/RegionLimit.lean:110:0: automatically included section variable(s) unused in theorem `OIBridge.RegionLimit.trace_tensorOf`:
2026-09-26T08:01:17.8866217Z   [DecidableEq S]
2026-09-26T08:01:17.8866302Z   [DecidableEq R]
2026-09-26T08:01:17.8866640Z consider restructuring your `variable` declarations so that the variables are not in scope or explicitly omit them:
2026-09-26T08:01:17.8866781Z   omit [DecidableEq S] [DecidableEq R] in theorem ...
2026-09-26T08:01:17.8866785Z 
2026-09-26T08:01:17.8867008Z Note: This linter can be disabled with `set_option linter.unusedSectionVars false`
2026-09-26T08:01:17.8867451Z warning: OIBridge/RegionLimit.lean:116:0: automatically included section variable(s) unused in theorem `OIBridge.RegionLimit.tensorOf_mul`:
2026-09-26T08:01:17.8867538Z   [DecidableEq S]
2026-09-26T08:01:17.8867625Z   [DecidableEq R]
2026-09-26T08:01:17.8867959Z consider restructuring your `variable` declarations so that the variables are not in scope or explicitly omit them:
2026-09-26T08:01:17.8868094Z   omit [DecidableEq S] [DecidableEq R] in theorem ...
2026-09-26T08:01:17.8868098Z 
2026-09-26T08:01:17.8868319Z Note: This linter can be disabled with `set_option linter.unusedSectionVars false`
2026-09-26T08:01:17.8868522Z warning: OIBridge/RegionLimit.lean:128:59: This simp argument is unused:
2026-09-26T08:01:17.8868608Z   Finset.sum_mul
2026-09-26T08:01:17.8868611Z 
2026-09-26T08:01:17.8868720Z Hint: Omit it from the simp argument list.
2026-09-26T08:01:17.8869046Z   [apply] simp only [Matrix.trace, Matrix.diag_apply, Matrix.mul_apply, inclObs_apply, restrict, discardR_apply,
2026-09-26T08:01:17.8869159Z     Fintype.sum_prod_type, Finset.mul_sum]
2026-09-26T08:01:17.8869163Z 
2026-09-26T08:01:17.8869381Z Note: This linter can be disabled with `set_option linter.unusedSimpArgs false`
2026-09-26T08:01:17.8869863Z warning: OIBridge/RegionLimit.lean:160:0: automatically included section variable(s) unused in theorem `OIBridge.RegionLimit.pureProduct_consistent`:
2026-09-26T08:01:17.8869949Z   [Fintype S]
2026-09-26T08:01:17.8870027Z   [DecidableEq S]
2026-09-26T08:01:17.8870371Z consider restructuring your `variable` declarations so that the variables are not in scope or explicitly omit them:
2026-09-26T08:01:17.8870498Z   omit [Fintype S] [DecidableEq S] in theorem ...
2026-09-26T08:01:17.8870502Z 
2026-09-26T08:01:17.8870722Z Note: This linter can be disabled with `set_option linter.unusedSectionVars false`
2026-09-26T08:01:17.8871029Z warning: OIBridge/RegionLimit.lean:164:8: This simp argument is unused:
2026-09-26T08:01:17.8871125Z   Finset.sum_ite_eq'
2026-09-26T08:01:17.8871129Z 
2026-09-26T08:01:17.8871353Z Hint: Omit it from the simp argument list.
2026-09-26T08:01:17.8871445Z   [apply] simp
2026-09-26T08:01:17.8871449Z 
2026-09-26T08:01:17.8871675Z Note: This linter can be disabled with `set_option linter.unusedSimpArgs false`
2026-09-26T08:01:17.8872320Z info: OIBridge/RegionLimit.lean:335:0: 'OIBridge.RegionLimit.restrict_eq_discardR' depends on axioms: [propext, Classical.choice, Quot.sound]
2026-09-26T08:01:17.8872759Z info: OIBridge/RegionLimit.lean:336:0: 'OIBridge.RegionLimit.trace_tensorOf' depends on axioms: [propext, Classical.choice, Quot.sound]
2026-09-26T08:01:17.8873177Z info: OIBridge/RegionLimit.lean:337:0: 'OIBridge.RegionLimit.tensorOf_mul' depends on axioms: [propext, Classical.choice, Quot.sound]
2026-09-26T08:01:17.8873850Z info: OIBridge/RegionLimit.lean:338:0: 'OIBridge.RegionLimit.trace_inclObs_mul' depends on axioms: [propext, Classical.choice, Quot.sound]
2026-09-26T08:01:17.8874301Z info: OIBridge/RegionLimit.lean:339:0: 'OIBridge.RegionLimit.uniform_consistent' depends on axioms: [propext, Classical.choice, Quot.sound]
2026-09-26T08:01:17.8874996Z info: OIBridge/RegionLimit.lean:340:0: 'OIBridge.RegionLimit.pureProduct_consistent' depends on axioms: [propext, Classical.choice, Quot.sound]
2026-09-26T08:01:17.8875532Z info: OIBridge/RegionLimit.lean:341:0: 'OIBridge.RegionLimit.overlap_uniform_pure' depends on axioms: [propext, Classical.choice, Quot.sound]
2026-09-26T08:01:17.8875994Z info: OIBridge/RegionLimit.lean:342:0: 'OIBridge.RegionLimit.overlap_eventually_small' depends on axioms: [propext, Classical.choice, Quot.sound]
2026-09-26T08:01:17.8876627Z info: OIBridge/RegionLimit.lean:343:0: 'OIBridge.RegionLimit.genZero_hermitian' depends on axioms: [propext, Classical.choice, Quot.sound]
2026-09-26T08:01:17.8877089Z info: OIBridge/RegionLimit.lean:344:0: 'OIBridge.RegionLimit.genTwoPi_hermitian' depends on axioms: [propext, Classical.choice, Quot.sound]
2026-09-26T08:01:17.8877593Z info: OIBridge/RegionLimit.lean:345:0: 'OIBridge.RegionLimit.flow_genZero' depends on axioms: [propext, Classical.choice, Quot.sound]
2026-09-26T08:01:17.8878017Z info: OIBridge/RegionLimit.lean:346:0: 'OIBridge.RegionLimit.flow_genTwoPi' depends on axioms: [propext, Classical.choice, Quot.sound]
2026-09-26T08:01:17.8878453Z info: OIBridge/RegionLimit.lean:347:0: 'OIBridge.RegionLimit.flows_agree_integer' depends on axioms: [propext, Classical.choice, Quot.sound]
2026-09-26T08:01:17.8878873Z info: OIBridge/RegionLimit.lean:348:0: 'OIBridge.RegionLimit.flows_differ_half' depends on axioms: [propext, Classical.choice, Quot.sound]
2026-09-26T08:01:17.8879368Z info: OIBridge/RegionLimit.lean:349:0: 'OIBridge.RegionLimit.continuous_extension_not_unique' depends on axioms: [propext, Classical.choice, Quot.sound]
2026-09-26T08:01:17.8879823Z info: OIBridge/RegionLimit.lean:350:0: 'OIBridge.RegionLimit.continuum_audit_round1' depends on axioms: [propext, Classical.choice, Quot.sound]
2026-09-26T08:01:17.8880006Z ⚠ [3516/3599] Replayed OIBridge.RegionTower
2026-09-26T08:01:17.8880463Z warning: OIBridge/RegionTower.lean:99:0: automatically included section variable(s) unused in theorem `OIBridge.RegionTower.confRestrict_refl`:
2026-09-26T08:01:17.8880587Z   [DecidableEq ι]
2026-09-26T08:01:17.8880667Z   [Fintype Q]
2026-09-26T08:01:17.8880756Z   [DecidableEq Q]
2026-09-26T08:01:17.8881101Z consider restructuring your `variable` declarations so that the variables are not in scope or explicitly omit them:
2026-09-26T08:01:17.8881329Z   omit [DecidableEq ι] [Fintype Q] [DecidableEq Q] in theorem ...
2026-09-26T08:01:17.8881333Z 
2026-09-26T08:01:17.8881565Z Note: This linter can be disabled with `set_option linter.unusedSectionVars false`
2026-09-26T08:01:17.8882024Z warning: OIBridge/RegionTower.lean:102:0: automatically included section variable(s) unused in theorem `OIBridge.RegionTower.confRestrict_trans`:
2026-09-26T08:01:17.8882133Z   [DecidableEq ι]
2026-09-26T08:01:17.8882214Z   [Fintype Q]
2026-09-26T08:01:17.8882291Z   [DecidableEq Q]
2026-09-26T08:01:17.8882637Z consider restructuring your `variable` declarations so that the variables are not in scope or explicitly omit them:
2026-09-26T08:01:17.8883015Z   omit [DecidableEq ι] [Fintype Q] [DecidableEq Q] in theorem ...
2026-09-26T08:01:17.8883019Z 
2026-09-26T08:01:17.8883241Z Note: This linter can be disabled with `set_option linter.unusedSectionVars false`
2026-09-26T08:01:17.8883923Z warning: OIBridge/RegionTower.lean:105:0: automatically included section variable(s) unused in theorem `OIBridge.RegionTower.agreeOff_refl`:
2026-09-26T08:01:17.8884045Z   [DecidableEq ι]
2026-09-26T08:01:17.8884123Z   [Fintype Q]
2026-09-26T08:01:17.8884208Z   [DecidableEq Q]
2026-09-26T08:01:17.8884552Z consider restructuring your `variable` declarations so that the variables are not in scope or explicitly omit them:
2026-09-26T08:01:17.8884760Z   omit [DecidableEq ι] [Fintype Q] [DecidableEq Q] in theorem ...
2026-09-26T08:01:17.8884764Z 
2026-09-26T08:01:17.8884986Z Note: This linter can be disabled with `set_option linter.unusedSectionVars false`
2026-09-26T08:01:17.8885576Z warning: OIBridge/RegionTower.lean:110:0: automatically included section variable(s) unused in theorem `OIBridge.RegionTower.agreeOff_trans_iff`:
2026-09-26T08:01:17.8885659Z   [Fintype Q]
2026-09-26T08:01:17.8885746Z   [DecidableEq Q]
2026-09-26T08:01:17.8886084Z consider restructuring your `variable` declarations so that the variables are not in scope or explicitly omit them:
2026-09-26T08:01:17.8886204Z   omit [Fintype Q] [DecidableEq Q] in theorem ...
2026-09-26T08:01:17.8886208Z 
2026-09-26T08:01:17.8886427Z Note: This linter can be disabled with `set_option linter.unusedSectionVars false`
2026-09-26T08:01:17.8886863Z warning: OIBridge/RegionTower.lean:133:0: automatically included section variable(s) unused in theorem `OIBridge.RegionTower.inclObs_apply`:
2026-09-26T08:01:17.8886940Z   [Fintype Q]
2026-09-26T08:01:17.8887284Z consider restructuring your `variable` declarations so that the variables are not in scope or explicitly omit them:
2026-09-26T08:01:17.8887389Z   omit [Fintype Q] in theorem ...
2026-09-26T08:01:17.8887396Z 
2026-09-26T08:01:17.8887615Z Note: This linter can be disabled with `set_option linter.unusedSectionVars false`
2026-09-26T08:01:17.8888041Z warning: OIBridge/RegionTower.lean:404:0: automatically included section variable(s) unused in theorem `OIBridge.RegionTower.card_conf`:
2026-09-26T08:01:17.8888127Z   [DecidableEq Q]
2026-09-26T08:01:17.8888461Z consider restructuring your `variable` declarations so that the variables are not in scope or explicitly omit them:
2026-09-26T08:01:17.8888567Z   omit [DecidableEq Q] in theorem ...
2026-09-26T08:01:17.8888570Z 
2026-09-26T08:01:17.8888791Z Note: This linter can be disabled with `set_option linter.unusedSectionVars false`
2026-09-26T08:01:17.8889233Z info: OIBridge/RegionTower.lean:552:0: 'OIBridge.RegionTower.confRestrict_trans' depends on axioms: [propext, Classical.choice, Quot.sound]
2026-09-26T08:01:17.8889668Z info: OIBridge/RegionTower.lean:553:0: 'OIBridge.RegionTower.agreeOff_trans_iff' depends on axioms: [propext, Classical.choice, Quot.sound]
2026-09-26T08:01:17.8890088Z info: OIBridge/RegionTower.lean:554:0: 'OIBridge.RegionTower.inclObs_refl' depends on axioms: [propext, Classical.choice, Quot.sound]
2026-09-26T08:01:17.8890496Z info: OIBridge/RegionTower.lean:555:0: 'OIBridge.RegionTower.inclObs_trans' depends on axioms: [propext, Classical.choice, Quot.sound]
2026-09-26T08:01:17.8890907Z info: OIBridge/RegionTower.lean:556:0: 'OIBridge.RegionTower.restrict_refl' depends on axioms: [propext, Classical.choice, Quot.sound]
2026-09-26T08:01:17.8891300Z info: OIBridge/RegionTower.lean:557:0: 'OIBridge.RegionTower.sum4_comm' depends on axioms: [propext, Classical.choice, Quot.sound]
2026-09-26T08:01:17.8891755Z info: OIBridge/RegionTower.lean:558:0: 'OIBridge.RegionTower.trace_inclObs_mul_restrict' depends on axioms: [propext, Classical.choice, Quot.sound]
2026-09-26T08:01:17.8892183Z info: OIBridge/RegionTower.lean:559:0: 'OIBridge.RegionTower.eq_of_trace_pairing' depends on axioms: [propext, Classical.choice, Quot.sound]
2026-09-26T08:01:17.8892761Z info: OIBridge/RegionTower.lean:560:0: 'OIBridge.RegionTower.restrict_trans' depends on axioms: [propext, Classical.choice, Quot.sound]
2026-09-26T08:01:17.8893215Z info: OIBridge/RegionTower.lean:561:0: 'OIBridge.RegionTower.dependsOnlyOn_comp_step' depends on axioms: [propext, Classical.choice, Quot.sound]
2026-09-26T08:01:17.8893919Z info: OIBridge/RegionTower.lean:562:0: 'OIBridge.RegionTower.iterate_dependsOnlyOn_ball' depends on axioms: [propext, Classical.choice, Quot.sound]
2026-09-26T08:01:17.8894394Z info: OIBridge/RegionTower.lean:563:0: 'OIBridge.RegionTower.site_iterate_dependsOnlyOn' depends on axioms: [propext, Classical.choice, Quot.sound]
2026-09-26T08:01:17.8894879Z info: OIBridge/RegionTower.lean:564:0: 'OIBridge.RegionTower.readout_unaffected_outside_ball' depends on axioms: [propext, Classical.choice, Quot.sound]
2026-09-26T08:01:17.8895298Z info: OIBridge/RegionTower.lean:565:0: 'OIBridge.RegionTower.restrict_add' depends on axioms: [propext, Classical.choice, Quot.sound]
2026-09-26T08:01:17.8895848Z info: OIBridge/RegionTower.lean:566:0: 'OIBridge.RegionTower.restrict_smul' depends on axioms: [propext, Classical.choice, Quot.sound]
2026-09-26T08:01:17.8896269Z info: OIBridge/RegionTower.lean:567:0: 'OIBridge.RegionTower.consistent_mix' depends on axioms: [propext, Classical.choice, Quot.sound]
2026-09-26T08:01:17.8896720Z info: OIBridge/RegionTower.lean:568:0: 'OIBridge.RegionTower.card_extensions_agree' depends on axioms: [propext, Classical.choice, Quot.sound]
2026-09-26T08:01:17.8897122Z info: OIBridge/RegionTower.lean:569:0: 'OIBridge.RegionTower.card_fibre' depends on axioms: [propext, Classical.choice, Quot.sound]
2026-09-26T08:01:17.8897512Z info: OIBridge/RegionTower.lean:570:0: 'OIBridge.RegionTower.card_conf' depends on axioms: [propext, Classical.choice, Quot.sound]
2026-09-26T08:01:17.8897972Z info: OIBridge/RegionTower.lean:571:0: 'OIBridge.RegionTower.restrict_uniform_apply' depends on axioms: [propext, Classical.choice, Quot.sound]
2026-09-26T08:01:17.8898443Z info: OIBridge/RegionTower.lean:572:0: 'OIBridge.RegionTower.uniform_family_consistent' depends on axioms: [propext, Classical.choice, Quot.sound]
2026-09-26T08:01:17.8898888Z info: OIBridge/RegionTower.lean:573:0: 'OIBridge.RegionTower.phaseGate_conj_apply' depends on axioms: [propext, Classical.choice, Quot.sound]
2026-09-26T08:01:17.8899361Z info: OIBridge/RegionTower.lean:574:0: 'OIBridge.RegionTower.offDiag_zero_of_phase_invariant' depends on axioms: [propext, Classical.choice, Quot.sound]
2026-09-26T08:01:17.8899817Z info: OIBridge/RegionTower.lean:575:0: 'OIBridge.RegionTower.diag_eq_of_perm_invariant' depends on axioms: [propext, Classical.choice, Quot.sound]
2026-09-26T08:01:17.8900269Z info: OIBridge/RegionTower.lean:576:0: 'OIBridge.RegionTower.invariant_state_scalar' depends on axioms: [propext, Classical.choice, Quot.sound]
2026-09-26T08:01:17.8900749Z info: OIBridge/RegionTower.lean:577:0: 'OIBridge.RegionTower.invariant_normalized_eq_uniform' depends on axioms: [propext, Classical.choice, Quot.sound]
2026-09-26T08:01:17.8901185Z info: OIBridge/RegionTower.lean:578:0: 'OIBridge.RegionTower.uniform_invariant' depends on axioms: [propext, Classical.choice, Quot.sound]
2026-09-26T08:01:17.8901627Z info: OIBridge/RegionTower.lean:579:0: 'OIBridge.RegionTower.state_selection_audit' depends on axioms: [propext, Classical.choice, Quot.sound]
2026-09-26T08:01:17.8901815Z ℹ [3517/3599] Replayed OIBridge.QuasilocalAlgebra
2026-09-26T08:01:17.8902284Z info: OIBridge/QuasilocalAlgebra.lean:1372:0: 'OIBridge.QuasilocalAlgebra.glob_patch' depends on axioms: [propext, Classical.choice, Quot.sound]
2026-09-26T08:01:17.8902797Z info: OIBridge/QuasilocalAlgebra.lean:1373:0: 'OIBridge.QuasilocalAlgebra.patch_apply_of_not_mem' depends on axioms: [propext, Classical.choice, Quot.sound]
2026-09-26T08:01:17.8903278Z info: OIBridge/QuasilocalAlgebra.lean:1374:0: 'OIBridge.QuasilocalAlgebra.patch_apply_of_mem' depends on axioms: [propext, Classical.choice, Quot.sound]
2026-09-26T08:01:17.8904026Z info: OIBridge/QuasilocalAlgebra.lean:1375:0: 'OIBridge.QuasilocalAlgebra.agreeOffG_patch' depends on axioms: [propext, Classical.choice, Quot.sound]
2026-09-26T08:01:17.8904524Z info: OIBridge/QuasilocalAlgebra.lean:1376:0: 'OIBridge.QuasilocalAlgebra.agreeOffG_refl' depends on axioms: [propext, Classical.choice, Quot.sound]
2026-09-26T08:01:17.8904999Z info: OIBridge/QuasilocalAlgebra.lean:1377:0: 'OIBridge.QuasilocalAlgebra.agreeOffG_symm' depends on axioms: [propext, Classical.choice, Quot.sound]
2026-09-26T08:01:17.8905478Z info: OIBridge/QuasilocalAlgebra.lean:1378:0: 'OIBridge.QuasilocalAlgebra.agreeOffG_trans' depends on axioms: [propext, Classical.choice, Quot.sound]
2026-09-26T08:01:17.8905980Z info: OIBridge/QuasilocalAlgebra.lean:1379:0: 'OIBridge.QuasilocalAlgebra.eq_patch_of_agreeOffG' depends on axioms: [propext, Classical.choice, Quot.sound]
2026-09-26T08:01:17.8906434Z info: OIBridge/QuasilocalAlgebra.lean:1380:0: 'OIBridge.QuasilocalAlgebra.patch_glob' depends on axioms: [propext, Classical.choice, Quot.sound]
2026-09-26T08:01:17.8907018Z info: OIBridge/QuasilocalAlgebra.lean:1381:0: 'OIBridge.QuasilocalAlgebra.patch_eq_iff' depends on axioms: [propext, Classical.choice, Quot.sound]
2026-09-26T08:01:17.8907498Z info: OIBridge/QuasilocalAlgebra.lean:1382:0: 'OIBridge.QuasilocalAlgebra.agreeOffG_iff' depends on axioms: [propext, Classical.choice, Quot.sound]
2026-09-26T08:01:17.8907991Z info: OIBridge/QuasilocalAlgebra.lean:1383:0: 'OIBridge.QuasilocalAlgebra.confRestrict_glob' depends on axioms: [propext, Classical.choice, Quot.sound]
2026-09-26T08:01:17.8908453Z info: OIBridge/QuasilocalAlgebra.lean:1384:0: 'OIBridge.QuasilocalAlgebra.kern_of_agree' depends on axioms: [propext, Classical.choice, Quot.sound]
2026-09-26T08:01:17.8908934Z info: OIBridge/QuasilocalAlgebra.lean:1385:0: 'OIBridge.QuasilocalAlgebra.kern_of_not_agree' depends on axioms: [propext, Classical.choice, Quot.sound]
2026-09-26T08:01:17.8909389Z info: OIBridge/QuasilocalAlgebra.lean:1386:0: 'OIBridge.QuasilocalAlgebra.kern_patch' depends on axioms: [propext, Classical.choice, Quot.sound]
2026-09-26T08:01:17.8909854Z info: OIBridge/QuasilocalAlgebra.lean:1387:0: 'OIBridge.QuasilocalAlgebra.kern_inclObs' depends on axioms: [propext, Classical.choice, Quot.sound]
2026-09-26T08:01:17.8910302Z info: OIBridge/QuasilocalAlgebra.lean:1388:0: 'OIBridge.QuasilocalAlgebra.kern_add' depends on axioms: [propext, Classical.choice, Quot.sound]
2026-09-26T08:01:17.8910752Z info: OIBridge/QuasilocalAlgebra.lean:1389:0: 'OIBridge.QuasilocalAlgebra.kern_smul' depends on axioms: [propext, Classical.choice, Quot.sound]
2026-09-26T08:01:17.8911238Z info: OIBridge/QuasilocalAlgebra.lean:1390:0: 'OIBridge.QuasilocalAlgebra.kern_conjTranspose' depends on axioms: [propext, Classical.choice, Quot.sound]
2026-09-26T08:01:17.8911684Z info: OIBridge/QuasilocalAlgebra.lean:1391:0: 'OIBridge.QuasilocalAlgebra.kern_one' depends on axioms: [propext, Classical.choice, Quot.sound]
2026-09-26T08:01:17.8912144Z info: OIBridge/QuasilocalAlgebra.lean:1392:0: 'OIBridge.QuasilocalAlgebra.emb_single' depends on axioms: [propext, Classical.choice, Quot.sound]
2026-09-26T08:01:17.8912622Z info: OIBridge/QuasilocalAlgebra.lean:1393:0: 'OIBridge.QuasilocalAlgebra.emb_single_apply' depends on axioms: [propext, Classical.choice, Quot.sound]
2026-09-26T08:01:17.8913076Z info: OIBridge/QuasilocalAlgebra.lean:1394:0: 'OIBridge.QuasilocalAlgebra.kerOf_emb' depends on axioms: [propext, Classical.choice, Quot.sound]
2026-09-26T08:01:17.8913535Z info: OIBridge/QuasilocalAlgebra.lean:1395:0: 'OIBridge.QuasilocalAlgebra.ext_of_kerOf' depends on axioms: [propext, Classical.choice, Quot.sound]
2026-09-26T08:01:17.8914108Z info: OIBridge/QuasilocalAlgebra.lean:1396:0: 'OIBridge.QuasilocalAlgebra.kerOf_add' depends on axioms: [propext, Classical.choice, Quot.sound]
2026-09-26T08:01:17.8914572Z info: OIBridge/QuasilocalAlgebra.lean:1397:0: 'OIBridge.QuasilocalAlgebra.kerOf_smul' depends on axioms: [propext, Classical.choice, Quot.sound]
2026-09-26T08:01:17.8915024Z info: OIBridge/QuasilocalAlgebra.lean:1398:0: 'OIBridge.QuasilocalAlgebra.kerOf_one' depends on axioms: [propext, Classical.choice, Quot.sound]
2026-09-26T08:01:17.8915608Z info: OIBridge/QuasilocalAlgebra.lean:1399:0: 'OIBridge.QuasilocalAlgebra.emb_inclObs' depends on axioms: [propext, Classical.choice, Quot.sound]
2026-09-26T08:01:17.8916047Z info: OIBridge/QuasilocalAlgebra.lean:1400:0: 'OIBridge.QuasilocalAlgebra.emb_add' depends on axioms: [propext, Classical.choice, Quot.sound]
2026-09-26T08:01:17.8916492Z info: OIBridge/QuasilocalAlgebra.lean:1401:0: 'OIBridge.QuasilocalAlgebra.emb_smul' depends on axioms: [propext, Classical.choice, Quot.sound]
2026-09-26T08:01:17.8916936Z info: OIBridge/QuasilocalAlgebra.lean:1402:0: 'OIBridge.QuasilocalAlgebra.emb_zero' depends on axioms: [propext, Classical.choice, Quot.sound]
2026-09-26T08:01:17.8917371Z info: OIBridge/QuasilocalAlgebra.lean:1403:0: 'OIBridge.QuasilocalAlgebra.emb_one' depends on axioms: [propext, Classical.choice, Quot.sound]
2026-09-26T08:01:17.8917810Z info: OIBridge/QuasilocalAlgebra.lean:1404:0: 'OIBridge.QuasilocalAlgebra.emb_mul' depends on axioms: [propext, Classical.choice, Quot.sound]
2026-09-26T08:01:17.8918386Z info: OIBridge/QuasilocalAlgebra.lean:1405:0: 'OIBridge.QuasilocalAlgebra.emb_injective' depends on axioms: [propext, Classical.choice, Quot.sound]
2026-09-26T08:01:17.8918834Z info: OIBridge/QuasilocalAlgebra.lean:1406:0: 'OIBridge.QuasilocalAlgebra.emb_eq_iff' depends on axioms: [propext, Classical.choice, Quot.sound]
2026-09-26T08:01:17.8919303Z info: OIBridge/QuasilocalAlgebra.lean:1407:0: 'OIBridge.QuasilocalAlgebra.inclObs_mul' depends on axioms: [propext, Classical.choice, Quot.sound]
2026-09-26T08:01:17.8919761Z info: OIBridge/QuasilocalAlgebra.lean:1408:0: 'OIBridge.QuasilocalAlgebra.inclObs_one' depends on axioms: [propext, Classical.choice, Quot.sound]
2026-09-26T08:01:17.8920245Z info: OIBridge/QuasilocalAlgebra.lean:1409:0: 'OIBridge.QuasilocalAlgebra.inclObs_injective' depends on axioms: [propext, Classical.choice, Quot.sound]
2026-09-26T08:01:17.8920713Z info: OIBridge/QuasilocalAlgebra.lean:1410:0: 'OIBridge.QuasilocalAlgebra.inclObs_add' depends on axioms: [propext, Classical.choice, Quot.sound]
2026-09-26T08:01:17.8921183Z info: OIBridge/QuasilocalAlgebra.lean:1411:0: 'OIBridge.QuasilocalAlgebra.inclObs_smul' depends on axioms: [propext, Classical.choice, Quot.sound]
2026-09-26T08:01:17.8921687Z info: OIBridge/QuasilocalAlgebra.lean:1412:0: 'OIBridge.QuasilocalAlgebra.inclObs_conjTranspose' depends on axioms: [propext, Classical.choice, Quot.sound]
2026-09-26T08:01:17.8922132Z info: OIBridge/QuasilocalAlgebra.lean:1413:0: 'OIBridge.QuasilocalAlgebra.ofM_val' depends on axioms: [propext, Classical.choice, Quot.sound]
2026-09-26T08:01:17.8922591Z info: OIBridge/QuasilocalAlgebra.lean:1414:0: 'OIBridge.QuasilocalAlgebra.ofM_inclObs' depends on axioms: [propext, Classical.choice, Quot.sound]
2026-09-26T08:01:17.8923032Z info: OIBridge/QuasilocalAlgebra.lean:1415:0: 'OIBridge.QuasilocalAlgebra.ofM_add' depends on axioms: [propext, Classical.choice, Quot.sound]
2026-09-26T08:01:17.8923471Z info: OIBridge/QuasilocalAlgebra.lean:1416:0: 'OIBridge.QuasilocalAlgebra.ofM_mul' depends on axioms: [propext, Classical.choice, Quot.sound]
2026-09-26T08:01:17.8924189Z info: OIBridge/QuasilocalAlgebra.lean:1417:0: 'OIBridge.QuasilocalAlgebra.ofM_smul' depends on axioms: [propext, Classical.choice, Quot.sound]
2026-09-26T08:01:17.8924649Z info: OIBridge/QuasilocalAlgebra.lean:1418:0: 'OIBridge.QuasilocalAlgebra.ofM_one' depends on axioms: [propext, Classical.choice, Quot.sound]
2026-09-26T08:01:17.8925095Z info: OIBridge/QuasilocalAlgebra.lean:1419:0: 'OIBridge.QuasilocalAlgebra.ofM_zero' depends on axioms: [propext, Classical.choice, Quot.sound]
2026-09-26T08:01:17.8925535Z info: OIBridge/QuasilocalAlgebra.lean:1420:0: 'OIBridge.QuasilocalAlgebra.ofM_neg' depends on axioms: [propext, Classical.choice, Quot.sound]
2026-09-26T08:01:17.8925978Z info: OIBridge/QuasilocalAlgebra.lean:1421:0: 'OIBridge.QuasilocalAlgebra.ofM_sub' depends on axioms: [propext, Classical.choice, Quot.sound]
2026-09-26T08:01:17.8926615Z info: OIBridge/QuasilocalAlgebra.lean:1422:0: 'OIBridge.QuasilocalAlgebra.ofM_injective' depends on axioms: [propext, Classical.choice, Quot.sound]
2026-09-26T08:01:17.8927070Z info: OIBridge/QuasilocalAlgebra.lean:1423:0: 'OIBridge.QuasilocalAlgebra.ofM_eq_iff' depends on axioms: [propext, Classical.choice, Quot.sound]
2026-09-26T08:01:17.8927529Z info: OIBridge/QuasilocalAlgebra.lean:1424:0: 'OIBridge.QuasilocalAlgebra.exists_ofM' depends on axioms: [propext, Classical.choice, Quot.sound]
2026-09-26T08:01:17.8928139Z info: OIBridge/QuasilocalAlgebra.lean:1425:0: 'OIBridge.QuasilocalAlgebra.exists_ofM₂' depends on axioms: [propext, Classical.choice, Quot.sound]
2026-09-26T08:01:17.8928707Z info: OIBridge/QuasilocalAlgebra.lean:1426:0: 'OIBridge.QuasilocalAlgebra.exists_ofM₃' depends on axioms: [propext, Classical.choice, Quot.sound]
2026-09-26T08:01:17.8929192Z info: OIBridge/QuasilocalAlgebra.lean:1427:0: 'OIBridge.QuasilocalAlgebra.inclHom_apply' depends on axioms: [propext, Classical.choice, Quot.sound]
2026-09-26T08:01:17.8929773Z info: OIBridge/QuasilocalAlgebra.lean:1428:0: 'OIBridge.QuasilocalAlgebra.norm_inclObs' depends on axioms: [propext, Classical.choice, Quot.sound]
2026-09-26T08:01:17.8930223Z info: OIBridge/QuasilocalAlgebra.lean:1429:0: 'OIBridge.QuasilocalAlgebra.ofM_rep' depends on axioms: [propext, Classical.choice, Quot.sound]
2026-09-26T08:01:17.8930672Z info: OIBridge/QuasilocalAlgebra.lean:1430:0: 'OIBridge.QuasilocalAlgebra.star_ofM' depends on axioms: [propext, Classical.choice, Quot.sound]
2026-09-26T08:01:17.8931106Z info: OIBridge/QuasilocalAlgebra.lean:1431:0: 'OIBridge.QuasilocalAlgebra.nrm_ofM' depends on axioms: [propext, Classical.choice, Quot.sound]
2026-09-26T08:01:17.8931555Z info: OIBridge/QuasilocalAlgebra.lean:1432:0: 'OIBridge.QuasilocalAlgebra.norm_ofM' depends on axioms: [propext, Classical.choice, Quot.sound]
2026-09-26T08:01:17.8932054Z info: OIBridge/QuasilocalAlgebra.lean:1433:0: 'OIBridge.QuasilocalAlgebra.isometry_star_local' depends on axioms: [propext, Classical.choice, Quot.sound]
2026-09-26T08:01:17.8932509Z info: OIBridge/QuasilocalAlgebra.lean:1434:0: 'OIBridge.QuasilocalAlgebra.star_coe' depends on axioms: [propext, Classical.choice, Quot.sound]
2026-09-26T08:01:17.8932997Z info: OIBridge/QuasilocalAlgebra.lean:1435:0: 'OIBridge.QuasilocalAlgebra.continuous_star_q' depends on axioms: [propext, Classical.choice, Quot.sound]
2026-09-26T08:01:17.8933503Z info: OIBridge/QuasilocalAlgebra.lean:1436:0: 'OIBridge.QuasilocalAlgebra.instCStarRingLocal' depends on axioms: [propext, Classical.choice, Quot.sound]
2026-09-26T08:01:17.8934281Z info: OIBridge/QuasilocalAlgebra.lean:1437:0: 'OIBridge.QuasilocalAlgebra.instCStarAlgebraQuasilocal' depends on axioms: [propext, Classical.choice, Quot.sound]
2026-09-26T08:01:17.8934750Z info: OIBridge/QuasilocalAlgebra.lean:1438:0: 'OIBridge.QuasilocalAlgebra.stage_apply' depends on axioms: [propext, Classical.choice, Quot.sound]
2026-09-26T08:01:17.8935226Z info: OIBridge/QuasilocalAlgebra.lean:1439:0: 'OIBridge.QuasilocalAlgebra.stage_inclObs' depends on axioms: [propext, Classical.choice, Quot.sound]
2026-09-26T08:01:17.8935698Z info: OIBridge/QuasilocalAlgebra.lean:1440:0: 'OIBridge.QuasilocalAlgebra.norm_stage' depends on axioms: [propext, Classical.choice, Quot.sound]
2026-09-26T08:01:17.8936180Z info: OIBridge/QuasilocalAlgebra.lean:1441:0: 'OIBridge.QuasilocalAlgebra.stage_injective' depends on axioms: [propext, Classical.choice, Quot.sound]
2026-09-26T08:01:17.8936687Z info: OIBridge/QuasilocalAlgebra.lean:1442:0: 'OIBridge.QuasilocalAlgebra.closure_iUnion_stage' depends on axioms: [propext, Classical.choice, Quot.sound]
2026-09-26T08:01:17.8937167Z info: OIBridge/QuasilocalAlgebra.lean:1443:0: 'OIBridge.QuasilocalAlgebra.evalLocal_ofM' depends on axioms: [propext, Classical.choice, Quot.sound]
2026-09-26T08:01:17.8937632Z info: OIBridge/QuasilocalAlgebra.lean:1444:0: 'OIBridge.QuasilocalAlgebra.evalLocal_add' depends on axioms: [propext, Classical.choice, Quot.sound]
2026-09-26T08:01:17.8938247Z info: OIBridge/QuasilocalAlgebra.lean:1445:0: 'OIBridge.QuasilocalAlgebra.evalLocal_smul' depends on axioms: [propext, Classical.choice, Quot.sound]
2026-09-26T08:01:17.8938723Z info: OIBridge/QuasilocalAlgebra.lean:1446:0: 'OIBridge.QuasilocalAlgebra.evalLocal_one' depends on axioms: [propext, Classical.choice, Quot.sound]
2026-09-26T08:01:17.8939258Z info: OIBridge/QuasilocalAlgebra.lean:1447:0: 'OIBridge.QuasilocalAlgebra.trace_mul_nonneg_of_posSemidef' depends on axioms: [propext, Classical.choice, Quot.sound]
2026-09-26T08:01:17.8939750Z info: OIBridge/QuasilocalAlgebra.lean:1448:0: 'OIBridge.QuasilocalAlgebra.evalLocal_nonneg' depends on axioms: [propext, Classical.choice, Quot.sound]
2026-09-26T08:01:17.8940232Z info: OIBridge/QuasilocalAlgebra.lean:1449:0: 'OIBridge.QuasilocalAlgebra.norm_trace_mul_le' depends on axioms: [propext, Classical.choice, Quot.sound]
2026-09-26T08:01:17.8940717Z info: OIBridge/QuasilocalAlgebra.lean:1450:0: 'OIBridge.QuasilocalAlgebra.norm_evalLocal_le' depends on axioms: [propext, Classical.choice, Quot.sound]
2026-09-26T08:01:17.8941305Z info: OIBridge/QuasilocalAlgebra.lean:1451:0: 'OIBridge.QuasilocalAlgebra.localState_apply' depends on axioms: [propext, Classical.choice, Quot.sound]
2026-09-26T08:01:17.8941787Z info: OIBridge/QuasilocalAlgebra.lean:1452:0: 'OIBridge.QuasilocalAlgebra.quasiState_coe' depends on axioms: [propext, Classical.choice, Quot.sound]
2026-09-26T08:01:17.8942275Z info: OIBridge/QuasilocalAlgebra.lean:1453:0: 'OIBridge.QuasilocalAlgebra.quasiState_stage' depends on axioms: [propext, Classical.choice, Quot.sound]
2026-09-26T08:01:17.8942748Z info: OIBridge/QuasilocalAlgebra.lean:1454:0: 'OIBridge.QuasilocalAlgebra.quasiState_one' depends on axioms: [propext, Classical.choice, Quot.sound]
2026-09-26T08:01:17.8943242Z info: OIBridge/QuasilocalAlgebra.lean:1455:0: 'OIBridge.QuasilocalAlgebra.quasiState_nonneg' depends on axioms: [propext, Classical.choice, Quot.sound]
2026-09-26T08:01:17.8943995Z info: OIBridge/QuasilocalAlgebra.lean:1456:0: 'OIBridge.QuasilocalAlgebra.quasiState_unique' depends on axioms: [propext, Classical.choice, Quot.sound]
2026-09-26T08:01:17.8944557Z info: OIBridge/QuasilocalAlgebra.lean:1457:0: 'OIBridge.QuasilocalAlgebra.uniformFamily_isStateFamily' depends on axioms: [propext, Classical.choice, Quot.sound]
2026-09-26T08:01:17.8945074Z info: OIBridge/QuasilocalAlgebra.lean:1458:0: 'OIBridge.QuasilocalAlgebra.referenceState_stage' depends on axioms: [propext, Classical.choice, Quot.sound]
2026-09-26T08:01:17.8945534Z info: OIBridge/QuasilocalAlgebra.lean:1459:0: 'OIBridge.QuasilocalAlgebra.glob_map_eq' depends on axioms: [propext, Classical.choice, Quot.sound]
2026-09-26T08:01:17.8946004Z info: OIBridge/QuasilocalAlgebra.lean:1460:0: 'OIBridge.QuasilocalAlgebra.agreeOffG_map' depends on axioms: [propext, Classical.choice, Quot.sound]
2026-09-26T08:01:17.8946484Z info: OIBridge/QuasilocalAlgebra.lean:1461:0: 'OIBridge.QuasilocalAlgebra.agreeOffG_mono' depends on axioms: [propext, Classical.choice, Quot.sound]
2026-09-26T08:01:17.8946966Z info: OIBridge/QuasilocalAlgebra.lean:1462:0: 'OIBridge.QuasilocalAlgebra.permOp_single' depends on axioms: [propext, Classical.choice, Quot.sound]
2026-09-26T08:01:17.8947453Z info: OIBridge/QuasilocalAlgebra.lean:1463:0: 'OIBridge.QuasilocalAlgebra.permOpInv_single' depends on axioms: [propext, Classical.choice, Quot.sound]
2026-09-26T08:01:17.8947933Z info: OIBridge/QuasilocalAlgebra.lean:1464:0: 'OIBridge.QuasilocalAlgebra.permOpInv_apply' depends on axioms: [propext, Classical.choice, Quot.sound]
2026-09-26T08:01:17.8948422Z info: OIBridge/QuasilocalAlgebra.lean:1465:0: 'OIBridge.QuasilocalAlgebra.permOp_permOpInv' depends on axioms: [propext, Classical.choice, Quot.sound]
2026-09-26T08:01:17.8948908Z info: OIBridge/QuasilocalAlgebra.lean:1466:0: 'OIBridge.QuasilocalAlgebra.permOpInv_permOp' depends on axioms: [propext, Classical.choice, Quot.sound]
2026-09-26T08:01:17.8949353Z info: OIBridge/QuasilocalAlgebra.lean:1467:0: 'OIBridge.QuasilocalAlgebra.heis_mul' depends on axioms: [propext, Classical.choice, Quot.sound]
2026-09-26T08:01:17.8949933Z info: OIBridge/QuasilocalAlgebra.lean:1468:0: 'OIBridge.QuasilocalAlgebra.heis_one' depends on axioms: [propext, Classical.choice, Quot.sound]
2026-09-26T08:01:17.8950386Z info: OIBridge/QuasilocalAlgebra.lean:1469:0: 'OIBridge.QuasilocalAlgebra.heis_add' depends on axioms: [propext, Classical.choice, Quot.sound]
2026-09-26T08:01:17.8950839Z info: OIBridge/QuasilocalAlgebra.lean:1470:0: 'OIBridge.QuasilocalAlgebra.heis_smul' depends on axioms: [propext, Classical.choice, Quot.sound]
2026-09-26T08:01:17.8951303Z info: OIBridge/QuasilocalAlgebra.lean:1471:0: 'OIBridge.QuasilocalAlgebra.heis_inv_heis' depends on axioms: [propext, Classical.choice, Quot.sound]
2026-09-26T08:01:17.8951777Z info: OIBridge/QuasilocalAlgebra.lean:1472:0: 'OIBridge.QuasilocalAlgebra.heis_injective' depends on axioms: [propext, Classical.choice, Quot.sound]
2026-09-26T08:01:17.8952232Z info: OIBridge/QuasilocalAlgebra.lean:1473:0: 'OIBridge.QuasilocalAlgebra.kerOf_heis' depends on axioms: [propext, Classical.choice, Quot.sound]
2026-09-26T08:01:17.8952805Z info: OIBridge/QuasilocalAlgebra.lean:1474:0: 'OIBridge.QuasilocalAlgebra.fwd_subset_hat' depends on axioms: [propext, Classical.choice, Quot.sound]
2026-09-26T08:01:17.8953279Z info: OIBridge/QuasilocalAlgebra.lean:1475:0: 'OIBridge.QuasilocalAlgebra.bwd_subset_hat' depends on axioms: [propext, Classical.choice, Quot.sound]
2026-09-26T08:01:17.8953895Z info: OIBridge/QuasilocalAlgebra.lean:1476:0: 'OIBridge.QuasilocalAlgebra.bwd_bwd_subset_hat' depends on axioms: [propext, Classical.choice, Quot.sound]
2026-09-26T08:01:17.8954390Z info: OIBridge/QuasilocalAlgebra.lean:1477:0: 'OIBridge.QuasilocalAlgebra.symm_patch_eq_patch' depends on axioms: [propext, Classical.choice, Quot.sound]
2026-09-26T08:01:17.8954839Z info: OIBridge/QuasilocalAlgebra.lean:1478:0: 'OIBridge.QuasilocalAlgebra.glob_ext' depends on axioms: [propext, Classical.choice, Quot.sound]
2026-09-26T08:01:17.8955317Z info: OIBridge/QuasilocalAlgebra.lean:1479:0: 'OIBridge.QuasilocalAlgebra.glob_map_of_glob_eq' depends on axioms: [propext, Classical.choice, Quot.sound]
2026-09-26T08:01:17.8955803Z info: OIBridge/QuasilocalAlgebra.lean:1480:0: 'OIBridge.QuasilocalAlgebra.target_of_glob_eq' depends on axioms: [propext, Classical.choice, Quot.sound]
2026-09-26T08:01:17.8956280Z info: OIBridge/QuasilocalAlgebra.lean:1481:0: 'OIBridge.QuasilocalAlgebra.heis_emb_single' depends on axioms: [propext, Classical.choice, Quot.sound]
2026-09-26T08:01:17.8956727Z info: OIBridge/QuasilocalAlgebra.lean:1482:0: 'OIBridge.QuasilocalAlgebra.heis_emb' depends on axioms: [propext, Classical.choice, Quot.sound]
2026-09-26T08:01:17.8957198Z info: OIBridge/QuasilocalAlgebra.lean:1483:0: 'OIBridge.QuasilocalAlgebra.emb_transported' depends on axioms: [propext, Classical.choice, Quot.sound]
2026-09-26T08:01:17.8957678Z info: OIBridge/QuasilocalAlgebra.lean:1484:0: 'OIBridge.QuasilocalAlgebra.transported_add' depends on axioms: [propext, Classical.choice, Quot.sound]
2026-09-26T08:01:17.8958163Z info: OIBridge/QuasilocalAlgebra.lean:1485:0: 'OIBridge.QuasilocalAlgebra.transported_smul' depends on axioms: [propext, Classical.choice, Quot.sound]
2026-09-26T08:01:17.8958645Z info: OIBridge/QuasilocalAlgebra.lean:1486:0: 'OIBridge.QuasilocalAlgebra.transported_mul' depends on axioms: [propext, Classical.choice, Quot.sound]
2026-09-26T08:01:17.8959127Z info: OIBridge/QuasilocalAlgebra.lean:1487:0: 'OIBridge.QuasilocalAlgebra.transported_one' depends on axioms: [propext, Classical.choice, Quot.sound]
2026-09-26T08:01:17.8959656Z info: OIBridge/QuasilocalAlgebra.lean:1488:0: 'OIBridge.QuasilocalAlgebra.transported_conjTranspose' depends on axioms: [propext, Classical.choice, Quot.sound]
2026-09-26T08:01:17.8960165Z info: OIBridge/QuasilocalAlgebra.lean:1489:0: 'OIBridge.QuasilocalAlgebra.transported_injective' depends on axioms: [propext, Classical.choice, Quot.sound]
2026-09-26T08:01:17.8960649Z info: OIBridge/QuasilocalAlgebra.lean:1490:0: 'OIBridge.QuasilocalAlgebra.norm_transported' depends on axioms: [propext, Classical.choice, Quot.sound]
2026-09-26T08:01:17.8961225Z info: OIBridge/QuasilocalAlgebra.lean:1491:0: 'OIBridge.QuasilocalAlgebra.heis_mem' depends on axioms: [propext, Classical.choice, Quot.sound]
2026-09-26T08:01:17.8961688Z info: OIBridge/QuasilocalAlgebra.lean:1492:0: 'OIBridge.QuasilocalAlgebra.heisLoc_ofM' depends on axioms: [propext, Classical.choice, Quot.sound]
2026-09-26T08:01:17.8962154Z info: OIBridge/QuasilocalAlgebra.lean:1493:0: 'OIBridge.QuasilocalAlgebra.heisLoc_mul' depends on axioms: [propext, Classical.choice, Quot.sound]
2026-09-26T08:01:17.8962628Z info: OIBridge/QuasilocalAlgebra.lean:1494:0: 'OIBridge.QuasilocalAlgebra.heisLoc_add' depends on axioms: [propext, Classical.choice, Quot.sound]
2026-09-26T08:01:17.8963102Z info: OIBridge/QuasilocalAlgebra.lean:1495:0: 'OIBridge.QuasilocalAlgebra.heisLoc_smul' depends on axioms: [propext, Classical.choice, Quot.sound]
2026-09-26T08:01:17.8963730Z info: OIBridge/QuasilocalAlgebra.lean:1496:0: 'OIBridge.QuasilocalAlgebra.heisLoc_one' depends on axioms: [propext, Classical.choice, Quot.sound]
2026-09-26T08:01:17.8964369Z info: OIBridge/QuasilocalAlgebra.lean:1497:0: 'OIBridge.QuasilocalAlgebra.heisLoc_sub' depends on axioms: [propext, Classical.choice, Quot.sound]
2026-09-26T08:01:17.8964880Z info: OIBridge/QuasilocalAlgebra.lean:1498:0: 'OIBridge.QuasilocalAlgebra.heisLoc_star' depends on axioms: [propext, Classical.choice, Quot.sound]
2026-09-26T08:01:17.8965343Z info: OIBridge/QuasilocalAlgebra.lean:1499:0: 'OIBridge.QuasilocalAlgebra.norm_heisLoc' depends on axioms: [propext, Classical.choice, Quot.sound]
2026-09-26T08:01:17.8965841Z info: OIBridge/QuasilocalAlgebra.lean:1500:0: 'OIBridge.QuasilocalAlgebra.heisLoc_inv_heisLoc' depends on axioms: [propext, Classical.choice, Quot.sound]
2026-09-26T08:01:17.8966339Z info: OIBridge/QuasilocalAlgebra.lean:1501:0: 'OIBridge.QuasilocalAlgebra.heisLoc_heisLoc_inv' depends on axioms: [propext, Classical.choice, Quot.sound]
2026-09-26T08:01:17.8966818Z info: OIBridge/QuasilocalAlgebra.lean:1502:0: 'OIBridge.QuasilocalAlgebra.isometry_heisLoc' depends on axioms: [propext, Classical.choice, Quot.sound]
2026-09-26T08:01:17.8967288Z info: OIBridge/QuasilocalAlgebra.lean:1503:0: 'OIBridge.QuasilocalAlgebra.heisQ_coe' depends on axioms: [propext, Classical.choice, Quot.sound]
2026-09-26T08:01:17.8967778Z info: OIBridge/QuasilocalAlgebra.lean:1504:0: 'OIBridge.QuasilocalAlgebra.continuous_heisQ' depends on axioms: [propext, Classical.choice, Quot.sound]
2026-09-26T08:01:17.8968239Z info: OIBridge/QuasilocalAlgebra.lean:1505:0: 'OIBridge.QuasilocalAlgebra.heisQ_stage' depends on axioms: [propext, Classical.choice, Quot.sound]
2026-09-26T08:01:17.8968701Z info: OIBridge/QuasilocalAlgebra.lean:1506:0: 'OIBridge.QuasilocalAlgebra.norm_heisQ' depends on axioms: [propext, Classical.choice, Quot.sound]
2026-09-26T08:01:17.8969157Z info: OIBridge/QuasilocalAlgebra.lean:1507:0: 'OIBridge.QuasilocalAlgebra.heisQ_mul' depends on axioms: [propext, Classical.choice, Quot.sound]
2026-09-26T08:01:17.8969604Z info: OIBridge/QuasilocalAlgebra.lean:1508:0: 'OIBridge.QuasilocalAlgebra.heisQ_add' depends on axioms: [propext, Classical.choice, Quot.sound]
2026-09-26T08:01:17.8970067Z info: OIBridge/QuasilocalAlgebra.lean:1509:0: 'OIBridge.QuasilocalAlgebra.heisQ_star' depends on axioms: [propext, Classical.choice, Quot.sound]
2026-09-26T08:01:17.8970522Z info: OIBridge/QuasilocalAlgebra.lean:1510:0: 'OIBridge.QuasilocalAlgebra.heisQ_one' depends on axioms: [propext, Classical.choice, Quot.sound]
2026-09-26T08:01:17.8970998Z info: OIBridge/QuasilocalAlgebra.lean:1511:0: 'OIBridge.QuasilocalAlgebra.heisQ_inv_heisQ' depends on axioms: [propext, Classical.choice, Quot.sound]
2026-09-26T08:01:17.8971468Z info: OIBridge/QuasilocalAlgebra.lean:1512:0: 'OIBridge.QuasilocalAlgebra.heisQ_heisQ_inv' depends on axioms: [propext, Classical.choice, Quot.sound]
2026-09-26T08:01:17.8971948Z info: OIBridge/QuasilocalAlgebra.lean:1513:0: 'OIBridge.QuasilocalAlgebra.heis_iterate_emb' depends on axioms: [propext, Classical.choice, Quot.sound]
2026-09-26T08:01:17.8972585Z info: OIBridge/QuasilocalAlgebra.lean:1514:0: 'OIBridge.QuasilocalAlgebra.quasilocal_completion' depends on axioms: [propext, Classical.choice, Quot.sound]
2026-09-26T08:01:17.8972789Z ⚠ [3518/3599] Replayed OIBridge.SecondOrderCircuit
2026-09-26T08:01:17.8973290Z warning: OIBridge/SecondOrderCircuit.lean:53:8: automatically included section variable(s) unused in theorem `OIBridge.SecondOrderCircuit.prevOf_apply`:
2026-09-26T08:01:17.8973403Z   [DecidableEq ι]
2026-09-26T08:01:17.8973487Z   [AddCommGroup Q]
2026-09-26T08:01:17.8974120Z consider restructuring your `variable` declarations so that the variables are not in scope or explicitly omit them:
2026-09-26T08:01:17.8974322Z   omit [DecidableEq ι] [AddCommGroup Q] in theorem ...
2026-09-26T08:01:17.8974333Z 
2026-09-26T08:01:17.8974565Z Note: This linter can be disabled with `set_option linter.unusedSectionVars false`
2026-09-26T08:01:17.8975064Z warning: OIBridge/SecondOrderCircuit.lean:55:8: automatically included section variable(s) unused in theorem `OIBridge.SecondOrderCircuit.curOf_apply`:
2026-09-26T08:01:17.8975181Z   [DecidableEq ι]
2026-09-26T08:01:17.8975263Z   [AddCommGroup Q]
2026-09-26T08:01:17.8975752Z consider restructuring your `variable` declarations so that the variables are not in scope or explicitly omit them:
2026-09-26T08:01:17.8975936Z   omit [DecidableEq ι] [AddCommGroup Q] in theorem ...
2026-09-26T08:01:17.8975940Z 
2026-09-26T08:01:17.8976168Z Note: This linter can be disabled with `set_option linter.unusedSectionVars false`
2026-09-26T08:01:17.8976659Z warning: OIBridge/SecondOrderCircuit.lean:70:8: automatically included section variable(s) unused in theorem `OIBridge.SecondOrderCircuit.shear_apply`:
2026-09-26T08:01:17.8976764Z   [DecidableEq ι]
2026-09-26T08:01:17.8977110Z consider restructuring your `variable` declarations so that the variables are not in scope or explicitly omit them:
2026-09-26T08:01:17.8977256Z   omit [DecidableEq ι] in theorem ...
2026-09-26T08:01:17.8977260Z 
2026-09-26T08:01:17.8977484Z Note: This linter can be disabled with `set_option linter.unusedSectionVars false`
2026-09-26T08:01:17.8977998Z warning: OIBridge/SecondOrderCircuit.lean:73:8: automatically included section variable(s) unused in theorem `OIBridge.SecondOrderCircuit.swapLayer_apply`:
2026-09-26T08:01:17.8978104Z   [DecidableEq ι]
2026-09-26T08:01:17.8978184Z   [AddCommGroup Q]
2026-09-26T08:01:17.8978524Z consider restructuring your `variable` declarations so that the variables are not in scope or explicitly omit them:
2026-09-26T08:01:17.8978705Z   omit [DecidableEq ι] [AddCommGroup Q] in theorem ...
2026-09-26T08:01:17.8978708Z 
2026-09-26T08:01:17.8978924Z Note: This linter can be disabled with `set_option linter.unusedSectionVars false`
2026-09-26T08:01:17.8979406Z warning: OIBridge/SecondOrderCircuit.lean:76:8: automatically included section variable(s) unused in theorem `OIBridge.SecondOrderCircuit.leap_apply`:
2026-09-26T08:01:17.8979514Z   [DecidableEq ι]
2026-09-26T08:01:17.8979848Z consider restructuring your `variable` declarations so that the variables are not in scope or explicitly omit them:
2026-09-26T08:01:17.8979991Z   omit [DecidableEq ι] in theorem ...
2026-09-26T08:01:17.8980001Z 
2026-09-26T08:01:17.8980225Z Note: This linter can be disabled with `set_option linter.unusedSectionVars false`
2026-09-26T08:01:17.8980704Z warning: OIBridge/SecondOrderCircuit.lean:81:8: automatically included section variable(s) unused in theorem `OIBridge.SecondOrderCircuit.curOf_shear`:
2026-09-26T08:01:17.8980810Z   [DecidableEq ι]
2026-09-26T08:01:17.8981148Z consider restructuring your `variable` declarations so that the variables are not in scope or explicitly omit them:
2026-09-26T08:01:17.8981276Z   omit [DecidableEq ι] in theorem ...
2026-09-26T08:01:17.8981279Z 
2026-09-26T08:01:17.8981505Z Note: This linter can be disabled with `set_option linter.unusedSectionVars false`
2026-09-26T08:01:17.8982019Z warning: OIBridge/SecondOrderCircuit.lean:85:0: automatically included section variable(s) unused in theorem `OIBridge.SecondOrderCircuit.leap_eq_swap_shear`:
2026-09-26T08:01:17.8982239Z   [DecidableEq ι]
2026-09-26T08:01:17.8982585Z consider restructuring your `variable` declarations so that the variables are not in scope or explicitly omit them:
2026-09-26T08:01:17.8982717Z   omit [DecidableEq ι] in theorem ...
2026-09-26T08:01:17.8982721Z 
2026-09-26T08:01:17.8982938Z Note: This linter can be disabled with `set_option linter.unusedSectionVars false`
2026-09-26T08:01:17.8983424Z warning: OIBridge/SecondOrderCircuit.lean:89:8: automatically included section variable(s) unused in theorem `OIBridge.SecondOrderCircuit.shear_shear`:
2026-09-26T08:01:17.8983531Z   [DecidableEq ι]
2026-09-26T08:01:17.8984013Z consider restructuring your `variable` declarations so that the variables are not in scope or explicitly omit them:
2026-09-26T08:01:17.8984153Z   omit [DecidableEq ι] in theorem ...
2026-09-26T08:01:17.8984157Z 
2026-09-26T08:01:17.8984383Z Note: This linter can be disabled with `set_option linter.unusedSectionVars false`
2026-09-26T08:01:17.8985049Z warning: OIBridge/SecondOrderCircuit.lean:96:8: automatically included section variable(s) unused in theorem `OIBridge.SecondOrderCircuit.swapLayer_swapLayer`:
2026-09-26T08:01:17.8985162Z   [DecidableEq ι]
2026-09-26T08:01:17.8985250Z   [AddCommGroup Q]
2026-09-26T08:01:17.8985587Z consider restructuring your `variable` declarations so that the variables are not in scope or explicitly omit them:
2026-09-26T08:01:17.8985769Z   omit [DecidableEq ι] [AddCommGroup Q] in theorem ...
2026-09-26T08:01:17.8985774Z 
2026-09-26T08:01:17.8985998Z Note: This linter can be disabled with `set_option linter.unusedSectionVars false`
2026-09-26T08:01:17.8986499Z warning: OIBridge/SecondOrderCircuit.lean:157:8: automatically included section variable(s) unused in theorem `OIBridge.SecondOrderCircuit.swapGate_self`:
2026-09-26T08:01:17.8986585Z   [AddCommGroup Q]
2026-09-26T08:01:17.8986923Z consider restructuring your `variable` declarations so that the variables are not in scope or explicitly omit them:
2026-09-26T08:01:17.8987030Z   omit [AddCommGroup Q] in theorem ...
2026-09-26T08:01:17.8987035Z 
2026-09-26T08:01:17.8987263Z Note: This linter can be disabled with `set_option linter.unusedSectionVars false`
2026-09-26T08:01:17.8987768Z warning: OIBridge/SecondOrderCircuit.lean:161:8: automatically included section variable(s) unused in theorem `OIBridge.SecondOrderCircuit.swapGate_of_ne`:
2026-09-26T08:01:17.8987849Z   [AddCommGroup Q]
2026-09-26T08:01:17.8988189Z consider restructuring your `variable` declarations so that the variables are not in scope or explicitly omit them:
2026-09-26T08:01:17.8988291Z   omit [AddCommGroup Q] in theorem ...
2026-09-26T08:01:17.8988295Z 
2026-09-26T08:01:17.8988510Z Note: This linter can be disabled with `set_option linter.unusedSectionVars false`
2026-09-26T08:01:17.8989008Z warning: OIBridge/SecondOrderCircuit.lean:361:0: automatically included section variable(s) unused in theorem `OIBridge.SecondOrderCircuit.proj_mul_proj`:
2026-09-26T08:01:17.8989092Z   [StarRing A]
2026-09-26T08:01:17.8989204Z   [StarModule ℂ A]
2026-09-26T08:01:17.8989546Z consider restructuring your `variable` declarations so that the variables are not in scope or explicitly omit them:
2026-09-26T08:01:17.8989717Z   omit [StarRing A] [StarModule ℂ A] in theorem ...
2026-09-26T08:01:17.8989722Z 
2026-09-26T08:01:17.8989938Z Note: This linter can be disabled with `set_option linter.unusedSectionVars false`
2026-09-26T08:01:17.8990422Z warning: OIBridge/SecondOrderCircuit.lean:373:8: automatically included section variable(s) unused in theorem `OIBridge.SecondOrderCircuit.unit_zero`:
2026-09-26T08:01:17.8990505Z   [StarRing A]
2026-09-26T08:01:17.8990609Z   [StarModule ℂ A]
2026-09-26T08:01:17.8990950Z consider restructuring your `variable` declarations so that the variables are not in scope or explicitly omit them:
2026-09-26T08:01:17.8991110Z   omit [StarRing A] [StarModule ℂ A] in theorem ...
2026-09-26T08:01:17.8991119Z 
2026-09-26T08:01:17.8991335Z Note: This linter can be disabled with `set_option linter.unusedSectionVars false`
2026-09-26T08:01:17.8991950Z warning: OIBridge/SecondOrderCircuit.lean:377:0: automatically included section variable(s) unused in theorem `OIBridge.SecondOrderCircuit.unit_one`:
2026-09-26T08:01:17.8992028Z   [StarRing A]
2026-09-26T08:01:17.8992138Z   [StarModule ℂ A]
2026-09-26T08:01:17.8992476Z consider restructuring your `variable` declarations so that the variables are not in scope or explicitly omit them:
2026-09-26T08:01:17.8992635Z   omit [StarRing A] [StarModule ℂ A] in theorem ...
2026-09-26T08:01:17.8992639Z 
2026-09-26T08:01:17.8992861Z Note: This linter can be disabled with `set_option linter.unusedSectionVars false`
2026-09-26T08:01:17.8993162Z warning: OIBridge/SecondOrderCircuit.lean:377:18: Variable name `hg` is not explicitly referenced.
2026-09-26T08:01:17.8993166Z 
2026-09-26T08:01:17.8993707Z Hint: The binding can be removed (if unused) or named `_` (if used implicitly). Alternatively, prefix the name with `_` to silence this warning:
2026-09-26T08:01:17.8993803Z   [apply] _hg
2026-09-26T08:01:17.8993808Z 
2026-09-26T08:01:17.8994151Z Note: This linter can be disabled with `set_option linter.unusedVariables false`
2026-09-26T08:01:17.8994383Z warning: OIBridge/SecondOrderCircuit.lean:388:8: This simp argument is unused:
2026-09-26T08:01:17.8994471Z   Complex.ext_iff
2026-09-26T08:01:17.8994475Z 
2026-09-26T08:01:17.8994595Z Hint: Omit it from the simp argument list.
2026-09-26T08:01:17.8994676Z   [apply] simp
2026-09-26T08:01:17.8994679Z 
2026-09-26T08:01:17.8994898Z Note: This linter can be disabled with `set_option linter.unusedSimpArgs false`
2026-09-26T08:01:17.8995387Z warning: OIBridge/SecondOrderCircuit.lean:458:0: automatically included section variable(s) unused in theorem `OIBridge.SecondOrderCircuit.flow_star`:
2026-09-26T08:01:17.8995497Z   [StarModule ℂ A]
2026-09-26T08:01:17.8995844Z consider restructuring your `variable` declarations so that the variables are not in scope or explicitly omit them:
2026-09-26T08:01:17.8995981Z   omit [StarModule ℂ A] in theorem ...
2026-09-26T08:01:17.8995989Z 
2026-09-26T08:01:17.8996212Z Note: This linter can be disabled with `set_option linter.unusedSectionVars false`
2026-09-26T08:01:17.8996707Z warning: OIBridge/SecondOrderCircuit.lean:462:0: automatically included section variable(s) unused in theorem `OIBridge.SecondOrderCircuit.flow_add_map`:
2026-09-26T08:01:17.8996819Z   [StarModule ℂ A]
2026-09-26T08:01:17.8997158Z consider restructuring your `variable` declarations so that the variables are not in scope or explicitly omit them:
2026-09-26T08:01:17.8997294Z   omit [StarModule ℂ A] in theorem ...
2026-09-26T08:01:17.8997298Z 
2026-09-26T08:01:17.8997523Z Note: This linter can be disabled with `set_option linter.unusedSectionVars false`
2026-09-26T08:01:17.8998000Z warning: OIBridge/SecondOrderCircuit.lean:491:0: automatically included section variable(s) unused in theorem `OIBridge.SecondOrderCircuit.proj_comm`:
2026-09-26T08:01:17.8998084Z   [StarRing A]
2026-09-26T08:01:17.8998192Z   [StarModule ℂ A]
2026-09-26T08:01:17.8998531Z consider restructuring your `variable` declarations so that the variables are not in scope or explicitly omit them:
2026-09-26T08:01:17.8998705Z   omit [StarRing A] [StarModule ℂ A] in theorem ...
2026-09-26T08:01:17.8998709Z 
2026-09-26T08:01:17.8998932Z Note: This linter can be disabled with `set_option linter.unusedSectionVars false`
2026-09-26T08:01:17.8999368Z warning: OIBridge/SecondOrderCircuit.lean:499:86: This simp argument is unused:
2026-09-26T08:01:17.8999478Z   smul_smul
2026-09-26T08:01:17.8999482Z 
2026-09-26T08:01:17.8999597Z Hint: Omit it from the simp argument list.
2026-09-26T08:01:17.8999851Z   [apply] simp only [unit, add_mul, mul_add, one_mul, mul_one, smul_mul_assoc, mul_smul_comm, hp]
2026-09-26T08:01:17.8999855Z 
2026-09-26T08:01:17.9000077Z Note: This linter can be disabled with `set_option linter.unusedSimpArgs false`
2026-09-26T08:01:17.9000585Z warning: OIBridge/SecondOrderCircuit.lean:507:8: automatically included section variable(s) unused in theorem `OIBridge.SecondOrderCircuit.flowList_nil`:
2026-09-26T08:01:17.9000843Z   [StarModule ℂ A]
2026-09-26T08:01:17.9001191Z consider restructuring your `variable` declarations so that the variables are not in scope or explicitly omit them:
2026-09-26T08:01:17.9001344Z   omit [StarModule ℂ A] in theorem ...
2026-09-26T08:01:17.9001349Z 
2026-09-26T08:01:17.9001576Z Note: This linter can be disabled with `set_option linter.unusedSectionVars false`
2026-09-26T08:01:17.9002080Z warning: OIBridge/SecondOrderCircuit.lean:509:8: automatically included section variable(s) unused in theorem `OIBridge.SecondOrderCircuit.flowList_cons`:
2026-09-26T08:01:17.9002185Z   [StarModule ℂ A]
2026-09-26T08:01:17.9002528Z consider restructuring your `variable` declarations so that the variables are not in scope or explicitly omit them:
2026-09-26T08:01:17.9002659Z   omit [StarModule ℂ A] in theorem ...
2026-09-26T08:01:17.9002670Z 
2026-09-26T08:01:17.9002886Z Note: This linter can be disabled with `set_option linter.unusedSectionVars false`
2026-09-26T08:01:17.9003742Z warning: OIBridge/SecondOrderCircuit.lean:523:0: automatically included section variable(s) unused in theorem `OIBridge.SecondOrderCircuit.IsGateList.tail`:
2026-09-26T08:01:17.9003914Z   [Algebra ℂ A]
2026-09-26T08:01:17.9004024Z   [StarModule ℂ A]
2026-09-26T08:01:17.9004387Z consider restructuring your `variable` declarations so that the variables are not in scope or explicitly omit them:
2026-09-26T08:01:17.9004566Z   omit [Algebra ℂ A] [StarModule ℂ A] in theorem ...
2026-09-26T08:01:17.9004571Z 
2026-09-26T08:01:17.9004811Z Note: This linter can be disabled with `set_option linter.unusedSectionVars false`
2026-09-26T08:01:17.9005319Z warning: OIBridge/SecondOrderCircuit.lean:529:0: automatically included section variable(s) unused in theorem `OIBridge.SecondOrderCircuit.mul_prod_comm`:
2026-09-26T08:01:17.9005421Z   [Algebra ℂ A]
2026-09-26T08:01:17.9005507Z   [StarRing A]
2026-09-26T08:01:17.9005614Z   [StarModule ℂ A]
2026-09-26T08:01:17.9005956Z consider restructuring your `variable` declarations so that the variables are not in scope or explicitly omit them:
2026-09-26T08:01:17.9006195Z   omit [Algebra ℂ A] [StarRing A] [StarModule ℂ A] in theorem ...
2026-09-26T08:01:17.9006200Z 
2026-09-26T08:01:17.9006428Z Note: This linter can be disabled with `set_option linter.unusedSectionVars false`
2026-09-26T08:01:17.9006932Z warning: OIBridge/SecondOrderCircuit.lean:641:0: automatically included section variable(s) unused in theorem `OIBridge.SecondOrderCircuit.drive_of_le_one`:
2026-09-26T08:01:17.9007043Z   [StarModule ℂ A]
2026-09-26T08:01:17.9007386Z consider restructuring your `variable` declarations so that the variables are not in scope or explicitly omit them:
2026-09-26T08:01:17.9007517Z   omit [StarModule ℂ A] in theorem ...
2026-09-26T08:01:17.9007521Z 
2026-09-26T08:01:17.9007745Z Note: This linter can be disabled with `set_option linter.unusedSectionVars false`
2026-09-26T08:01:17.9008229Z warning: OIBridge/SecondOrderCircuit.lean:652:0: automatically included section variable(s) unused in theorem `OIBridge.SecondOrderCircuit.drive_one`:
2026-09-26T08:01:17.9008337Z   [StarModule ℂ A]
2026-09-26T08:01:17.9008680Z consider restructuring your `variable` declarations so that the variables are not in scope or explicitly omit them:
2026-09-26T08:01:17.9008814Z   omit [StarModule ℂ A] in theorem ...
2026-09-26T08:01:17.9008818Z 
2026-09-26T08:01:17.9009042Z Note: This linter can be disabled with `set_option linter.unusedSectionVars false`
2026-09-26T08:01:17.9009463Z info: OIBridge/SecondOrderCircuit.lean:815:0: 'OIBridge.SecondOrderCircuit.shear_shear' depends on axioms: [propext, Quot.sound]
2026-09-26T08:01:17.9009870Z info: OIBridge/SecondOrderCircuit.lean:816:0: 'OIBridge.SecondOrderCircuit.swapLayer_swapLayer' does not depend on any axioms
2026-09-26T08:01:17.9010257Z info: OIBridge/SecondOrderCircuit.lean:817:0: 'OIBridge.SecondOrderCircuit.leap_eq_swap_shear' does not depend on any axioms
2026-09-26T08:01:17.9010664Z info: OIBridge/SecondOrderCircuit.lean:818:0: 'OIBridge.SecondOrderCircuit.leapEquiv' depends on axioms: [propext, Quot.sound]
2026-09-26T08:01:17.9011219Z info: OIBridge/SecondOrderCircuit.lean:819:0: 'OIBridge.SecondOrderCircuit.leap_leap_symm' depends on axioms: [propext, Quot.sound]
2026-09-26T08:01:17.9011630Z info: OIBridge/SecondOrderCircuit.lean:820:0: 'OIBridge.SecondOrderCircuit.leap_symm_leap' depends on axioms: [propext, Quot.sound]
2026-09-26T08:01:17.9012005Z info: OIBridge/SecondOrderCircuit.lean:821:0: 'OIBridge.SecondOrderCircuit.curOf_shear' does not depend on any axioms
2026-09-26T08:01:17.9012408Z info: OIBridge/SecondOrderCircuit.lean:822:0: 'OIBridge.SecondOrderCircuit.curOf_gate' depends on axioms: [propext, Quot.sound]
2026-09-26T08:01:17.9012796Z info: OIBridge/SecondOrderCircuit.lean:823:0: 'OIBridge.SecondOrderCircuit.gate_gate' depends on axioms: [propext, Quot.sound]
2026-09-26T08:01:17.9013232Z info: OIBridge/SecondOrderCircuit.lean:824:0: 'OIBridge.SecondOrderCircuit.swapGate_swapGate' depends on axioms: [propext, Quot.sound]
2026-09-26T08:01:17.9013969Z info: OIBridge/SecondOrderCircuit.lean:825:0: 'OIBridge.SecondOrderCircuit.gate_comm' depends on axioms: [propext, Quot.sound]
2026-09-26T08:01:17.9014417Z info: OIBridge/SecondOrderCircuit.lean:826:0: 'OIBridge.SecondOrderCircuit.swapGate_comm' depends on axioms: [propext, Quot.sound]
2026-09-26T08:01:17.9014927Z info: OIBridge/SecondOrderCircuit.lean:827:0: 'OIBridge.SecondOrderCircuit.shearOn_insert' depends on axioms: [propext, Classical.choice, Quot.sound]
2026-09-26T08:01:17.9015441Z info: OIBridge/SecondOrderCircuit.lean:828:0: 'OIBridge.SecondOrderCircuit.gateList_eq_shearOn' depends on axioms: [propext, Classical.choice, Quot.sound]
2026-09-26T08:01:17.9015961Z info: OIBridge/SecondOrderCircuit.lean:829:0: 'OIBridge.SecondOrderCircuit.gateList_eq_shear_of_mem' depends on axioms: [propext, Classical.choice, Quot.sound]
2026-09-26T08:01:17.9016480Z info: OIBridge/SecondOrderCircuit.lean:830:0: 'OIBridge.SecondOrderCircuit.gateList_eq_self_of_notMem' depends on axioms: [propext, Classical.choice, Quot.sound]
2026-09-26T08:01:17.9016978Z info: OIBridge/SecondOrderCircuit.lean:831:0: 'OIBridge.SecondOrderCircuit.shearOn_shearOn' depends on axioms: [propext, Classical.choice, Quot.sound]
2026-09-26T08:01:17.9017474Z info: OIBridge/SecondOrderCircuit.lean:832:0: 'OIBridge.SecondOrderCircuit.depth_two_circuit' depends on axioms: [propext, Classical.choice, Quot.sound]
2026-09-26T08:01:17.9017945Z info: OIBridge/SecondOrderCircuit.lean:833:0: 'OIBridge.SecondOrderCircuit.proj_mul_proj' depends on axioms: [propext, Classical.choice, Quot.sound]
2026-09-26T08:01:17.9018407Z info: OIBridge/SecondOrderCircuit.lean:834:0: 'OIBridge.SecondOrderCircuit.star_proj' depends on axioms: [propext, Classical.choice, Quot.sound]
2026-09-26T08:01:17.9018870Z info: OIBridge/SecondOrderCircuit.lean:835:0: 'OIBridge.SecondOrderCircuit.unit_zero' depends on axioms: [propext, Classical.choice, Quot.sound]
2026-09-26T08:01:17.9019333Z info: OIBridge/SecondOrderCircuit.lean:836:0: 'OIBridge.SecondOrderCircuit.unit_one' depends on axioms: [propext, Classical.choice, Quot.sound]
2026-09-26T08:01:17.9019831Z info: OIBridge/SecondOrderCircuit.lean:837:0: 'OIBridge.SecondOrderCircuit.unit_mul_unit' depends on axioms: [propext, Classical.choice, Quot.sound]
2026-09-26T08:01:17.9020297Z info: OIBridge/SecondOrderCircuit.lean:838:0: 'OIBridge.SecondOrderCircuit.star_unit' depends on axioms: [propext, Classical.choice, Quot.sound]
2026-09-26T08:01:17.9020786Z info: OIBridge/SecondOrderCircuit.lean:839:0: 'OIBridge.SecondOrderCircuit.star_unit_mul_unit' depends on axioms: [propext, Classical.choice, Quot.sound]
2026-09-26T08:01:17.9021279Z info: OIBridge/SecondOrderCircuit.lean:840:0: 'OIBridge.SecondOrderCircuit.unit_mul_star_unit' depends on axioms: [propext, Classical.choice, Quot.sound]
2026-09-26T08:01:17.9021741Z info: OIBridge/SecondOrderCircuit.lean:841:0: 'OIBridge.SecondOrderCircuit.flow_zero' depends on axioms: [propext, Classical.choice, Quot.sound]
2026-09-26T08:01:17.9022193Z info: OIBridge/SecondOrderCircuit.lean:842:0: 'OIBridge.SecondOrderCircuit.flow_one' depends on axioms: [propext, Classical.choice, Quot.sound]
2026-09-26T08:01:17.9022768Z info: OIBridge/SecondOrderCircuit.lean:843:0: 'OIBridge.SecondOrderCircuit.flow_add' depends on axioms: [propext, Classical.choice, Quot.sound]
2026-09-26T08:01:17.9023221Z info: OIBridge/SecondOrderCircuit.lean:844:0: 'OIBridge.SecondOrderCircuit.flow_mul' depends on axioms: [propext, Classical.choice, Quot.sound]
2026-09-26T08:01:17.9023809Z info: OIBridge/SecondOrderCircuit.lean:845:0: 'OIBridge.SecondOrderCircuit.flow_star' depends on axioms: [propext, Classical.choice, Quot.sound]
2026-09-26T08:01:17.9024285Z info: OIBridge/SecondOrderCircuit.lean:846:0: 'OIBridge.SecondOrderCircuit.flow_one_eq_one' depends on axioms: [propext, Classical.choice, Quot.sound]
2026-09-26T08:01:17.9024755Z info: OIBridge/SecondOrderCircuit.lean:847:0: 'OIBridge.SecondOrderCircuit.gate_drive' depends on axioms: [propext, Classical.choice, Quot.sound]
2026-09-26T08:01:17.9025219Z info: OIBridge/SecondOrderCircuit.lean:848:0: 'OIBridge.SecondOrderCircuit.proj_comm' depends on axioms: [propext, Classical.choice, Quot.sound]
2026-09-26T08:01:17.9025786Z info: OIBridge/SecondOrderCircuit.lean:849:0: 'OIBridge.SecondOrderCircuit.unit_comm' depends on axioms: [propext, Classical.choice, Quot.sound]
2026-09-26T08:01:17.9026267Z info: OIBridge/SecondOrderCircuit.lean:850:0: 'OIBridge.SecondOrderCircuit.mul_prod_comm' depends on axioms: [propext, Classical.choice, Quot.sound]
2026-09-26T08:01:17.9026755Z info: OIBridge/SecondOrderCircuit.lean:851:0: 'OIBridge.SecondOrderCircuit.isGateList_prod' depends on axioms: [propext, Classical.choice, Quot.sound]
2026-09-26T08:01:17.9027230Z info: OIBridge/SecondOrderCircuit.lean:852:0: 'OIBridge.SecondOrderCircuit.flowList_zero' depends on axioms: [propext, Classical.choice, Quot.sound]
2026-09-26T08:01:17.9027708Z info: OIBridge/SecondOrderCircuit.lean:853:0: 'OIBridge.SecondOrderCircuit.flowList_one' depends on axioms: [propext, Classical.choice, Quot.sound]
2026-09-26T08:01:17.9028192Z info: OIBridge/SecondOrderCircuit.lean:854:0: 'OIBridge.SecondOrderCircuit.flow_flow_comm' depends on axioms: [propext, Classical.choice, Quot.sound]
2026-09-26T08:01:17.9028686Z info: OIBridge/SecondOrderCircuit.lean:855:0: 'OIBridge.SecondOrderCircuit.flowList_flow_comm' depends on axioms: [propext, Classical.choice, Quot.sound]
2026-09-26T08:01:17.9029164Z info: OIBridge/SecondOrderCircuit.lean:856:0: 'OIBridge.SecondOrderCircuit.flowList_add' depends on axioms: [propext, Classical.choice, Quot.sound]
2026-09-26T08:01:17.9029640Z info: OIBridge/SecondOrderCircuit.lean:857:0: 'OIBridge.SecondOrderCircuit.layer_drive' depends on axioms: [propext, Classical.choice, Quot.sound]
2026-09-26T08:01:17.9030101Z info: OIBridge/SecondOrderCircuit.lean:858:0: 'OIBridge.SecondOrderCircuit.drive_zero' depends on axioms: [propext, Classical.choice, Quot.sound]
2026-09-26T08:01:17.9030562Z info: OIBridge/SecondOrderCircuit.lean:859:0: 'OIBridge.SecondOrderCircuit.drive_one' depends on axioms: [propext, Classical.choice, Quot.sound]
2026-09-26T08:01:17.9031030Z info: OIBridge/SecondOrderCircuit.lean:860:0: 'OIBridge.SecondOrderCircuit.drive_two' depends on axioms: [propext, Classical.choice, Quot.sound]
2026-09-26T08:01:17.9031512Z info: OIBridge/SecondOrderCircuit.lean:861:0: 'OIBridge.SecondOrderCircuit.two_layer_drive' depends on axioms: [propext, Classical.choice, Quot.sound]
2026-09-26T08:01:17.9031985Z info: OIBridge/SecondOrderCircuit.lean:862:0: 'OIBridge.SecondOrderCircuit.permMat_refl' depends on axioms: [propext, Classical.choice, Quot.sound]
2026-09-26T08:01:17.9032461Z info: OIBridge/SecondOrderCircuit.lean:863:0: 'OIBridge.SecondOrderCircuit.permMat_mul' depends on axioms: [propext, Classical.choice, Quot.sound]
2026-09-26T08:01:17.9032977Z info: OIBridge/SecondOrderCircuit.lean:864:0: 'OIBridge.SecondOrderCircuit.permMat_conjTranspose' depends on axioms: [propext, Classical.choice, Quot.sound]
2026-09-26T08:01:17.9033472Z info: OIBridge/SecondOrderCircuit.lean:865:0: 'OIBridge.SecondOrderCircuit.permMat_involutive' depends on axioms: [propext, Classical.choice, Quot.sound]
2026-09-26T08:01:17.9034215Z info: OIBridge/SecondOrderCircuit.lean:866:0: 'OIBridge.SecondOrderCircuit.localGate_isGate' depends on axioms: [propext, Classical.choice, Quot.sound]
2026-09-26T08:01:17.9034743Z info: OIBridge/SecondOrderCircuit.lean:867:0: 'OIBridge.SecondOrderCircuit.proj_localGate_mem_stage' depends on axioms: [propext, Classical.choice, Quot.sound]
2026-09-26T08:01:17.9035257Z info: OIBridge/SecondOrderCircuit.lean:868:0: 'OIBridge.SecondOrderCircuit.unit_localGate_mem_stage' depends on axioms: [propext, Classical.choice, Quot.sound]
2026-09-26T08:01:17.9035756Z info: OIBridge/SecondOrderCircuit.lean:869:0: 'OIBridge.SecondOrderCircuit.quasilocal_drive' depends on axioms: [propext, Classical.choice, Quot.sound]
2026-09-26T08:01:17.9035993Z ℹ [3519/3599] Replayed OIBridge.QuasilocalCharacterization
2026-09-26T08:01:17.9036570Z info: OIBridge/QuasilocalCharacterization.lean:877:0: 'OIBridge.QuasilocalCharacterization.kerOf_emb_mul_emb' depends on axioms: [propext, Classical.choice, Quot.sound]
2026-09-26T08:01:17.9037210Z info: OIBridge/QuasilocalCharacterization.lean:878:0: 'OIBridge.QuasilocalCharacterization.agreeOffG_patch_iff_of_disjoint' depends on axioms: [propext,
2026-09-26T08:01:17.9037306Z  Classical.choice,
2026-09-26T08:01:17.9037385Z  Quot.sound]
2026-09-26T08:01:17.9037979Z info: OIBridge/QuasilocalCharacterization.lean:879:0: 'OIBridge.QuasilocalCharacterization.glob_patch_of_disjoint' depends on axioms: [propext, Classical.choice, Quot.sound]
2026-09-26T08:01:17.9038489Z info: OIBridge/QuasilocalCharacterization.lean:880:0: 'OIBridge.QuasilocalCharacterization.kerOf_emb_mul_emb_of_disjoint' depends on axioms: [propext,
2026-09-26T08:01:17.9038572Z  Classical.choice,
2026-09-26T08:01:17.9038655Z  Quot.sound]
2026-09-26T08:01:17.9039238Z info: OIBridge/QuasilocalCharacterization.lean:881:0: 'OIBridge.QuasilocalCharacterization.emb_comm_of_disjoint' depends on axioms: [propext, Classical.choice, Quot.sound]
2026-09-26T08:01:17.9039817Z info: OIBridge/QuasilocalCharacterization.lean:882:0: 'OIBridge.QuasilocalCharacterization.ofM_comm_of_disjoint' depends on axioms: [propext, Classical.choice, Quot.sound]
2026-09-26T08:01:17.9040403Z info: OIBridge/QuasilocalCharacterization.lean:883:0: 'OIBridge.QuasilocalCharacterization.stage_comm_of_disjoint' depends on axioms: [propext, Classical.choice, Quot.sound]
2026-09-26T08:01:17.9040984Z info: OIBridge/QuasilocalCharacterization.lean:884:0: 'OIBridge.QuasilocalCharacterization.quasiState_isState' depends on axioms: [propext, Classical.choice, Quot.sound]
2026-09-26T08:01:17.9041537Z info: OIBridge/QuasilocalCharacterization.lean:885:0: 'OIBridge.QuasilocalCharacterization.localMap_ofM' depends on axioms: [propext, Classical.choice, Quot.sound]
2026-09-26T08:01:17.9042091Z info: OIBridge/QuasilocalCharacterization.lean:886:0: 'OIBridge.QuasilocalCharacterization.localHom_ofM' depends on axioms: [propext, Classical.choice, Quot.sound]
2026-09-26T08:01:17.9042669Z info: OIBridge/QuasilocalCharacterization.lean:887:0: 'OIBridge.QuasilocalCharacterization.localHom_unique' depends on axioms: [propext, Classical.choice, Quot.sound]
2026-09-26T08:01:17.9043226Z info: OIBridge/QuasilocalCharacterization.lean:888:0: 'OIBridge.QuasilocalCharacterization.norm_localHom' depends on axioms: [propext, Classical.choice, Quot.sound]
2026-09-26T08:01:17.9044069Z info: OIBridge/QuasilocalCharacterization.lean:889:0: 'OIBridge.QuasilocalCharacterization.isometry_localHom' depends on axioms: [propext, Classical.choice, Quot.sound]
2026-09-26T08:01:17.9044623Z info: OIBridge/QuasilocalCharacterization.lean:890:0: 'OIBridge.QuasilocalCharacterization.canon_coe' depends on axioms: [propext, Classical.choice, Quot.sound]
2026-09-26T08:01:17.9045202Z info: OIBridge/QuasilocalCharacterization.lean:891:0: 'OIBridge.QuasilocalCharacterization.continuous_canon' depends on axioms: [propext, Classical.choice, Quot.sound]
2026-09-26T08:01:17.9045750Z info: OIBridge/QuasilocalCharacterization.lean:892:0: 'OIBridge.QuasilocalCharacterization.canon_stage' depends on axioms: [propext, Classical.choice, Quot.sound]
2026-09-26T08:01:17.9046439Z info: OIBridge/QuasilocalCharacterization.lean:893:0: 'OIBridge.QuasilocalCharacterization.canon_mul' depends on axioms: [propext, Classical.choice, Quot.sound]
2026-09-26T08:01:17.9046983Z info: OIBridge/QuasilocalCharacterization.lean:894:0: 'OIBridge.QuasilocalCharacterization.canon_add' depends on axioms: [propext, Classical.choice, Quot.sound]
2026-09-26T08:01:17.9047528Z info: OIBridge/QuasilocalCharacterization.lean:895:0: 'OIBridge.QuasilocalCharacterization.canon_smul' depends on axioms: [propext, Classical.choice, Quot.sound]
2026-09-26T08:01:17.9048074Z info: OIBridge/QuasilocalCharacterization.lean:896:0: 'OIBridge.QuasilocalCharacterization.canon_star' depends on axioms: [propext, Classical.choice, Quot.sound]
2026-09-26T08:01:17.9048609Z info: OIBridge/QuasilocalCharacterization.lean:897:0: 'OIBridge.QuasilocalCharacterization.canon_one' depends on axioms: [propext, Classical.choice, Quot.sound]
2026-09-26T08:01:17.9049258Z info: OIBridge/QuasilocalCharacterization.lean:898:0: 'OIBridge.QuasilocalCharacterization.canon_zero' depends on axioms: [propext, Classical.choice, Quot.sound]
2026-09-26T08:01:17.9049806Z info: OIBridge/QuasilocalCharacterization.lean:899:0: 'OIBridge.QuasilocalCharacterization.norm_canon' depends on axioms: [propext, Classical.choice, Quot.sound]
2026-09-26T08:01:17.9050371Z info: OIBridge/QuasilocalCharacterization.lean:900:0: 'OIBridge.QuasilocalCharacterization.canonHom_apply' depends on axioms: [propext, Classical.choice, Quot.sound]
2026-09-26T08:01:17.9050945Z info: OIBridge/QuasilocalCharacterization.lean:901:0: 'OIBridge.QuasilocalCharacterization.isometry_canonHom' depends on axioms: [propext, Classical.choice, Quot.sound]
2026-09-26T08:01:17.9051520Z info: OIBridge/QuasilocalCharacterization.lean:902:0: 'OIBridge.QuasilocalCharacterization.canonHom_injective' depends on axioms: [propext, Classical.choice, Quot.sound]
2026-09-26T08:01:17.9052110Z info: OIBridge/QuasilocalCharacterization.lean:903:0: 'OIBridge.QuasilocalCharacterization.canonHom_surjective' depends on axioms: [propext, Classical.choice, Quot.sound]
2026-09-26T08:01:17.9052692Z info: OIBridge/QuasilocalCharacterization.lean:904:0: 'OIBridge.QuasilocalCharacterization.canonHom_bijective' depends on axioms: [propext, Classical.choice, Quot.sound]
2026-09-26T08:01:17.9053262Z info: OIBridge/QuasilocalCharacterization.lean:905:0: 'OIBridge.QuasilocalCharacterization.canonEquiv_apply' depends on axioms: [propext, Classical.choice, Quot.sound]
2026-09-26T08:01:17.9054052Z info: OIBridge/QuasilocalCharacterization.lean:906:0: 'OIBridge.QuasilocalCharacterization.canonEquiv_stage' depends on axioms: [propext, Classical.choice, Quot.sound]
2026-09-26T08:01:17.9054611Z info: OIBridge/QuasilocalCharacterization.lean:907:0: 'OIBridge.QuasilocalCharacterization.canon_unique' depends on axioms: [propext, Classical.choice, Quot.sound]
2026-09-26T08:01:17.9055192Z info: OIBridge/QuasilocalCharacterization.lean:908:0: 'OIBridge.QuasilocalCharacterization.systemEquiv_apply' depends on axioms: [propext, Classical.choice, Quot.sound]
2026-09-26T08:01:17.9055769Z info: OIBridge/QuasilocalCharacterization.lean:909:0: 'OIBridge.QuasilocalCharacterization.systemEquiv_stage' depends on axioms: [propext, Classical.choice, Quot.sound]
2026-09-26T08:01:17.9056344Z info: OIBridge/QuasilocalCharacterization.lean:910:0: 'OIBridge.QuasilocalCharacterization.systemEquiv_canon' depends on axioms: [propext, Classical.choice, Quot.sound]
2026-09-26T08:01:17.9056924Z info: OIBridge/QuasilocalCharacterization.lean:911:0: 'OIBridge.QuasilocalCharacterization.systemEquiv_unique' depends on axioms: [propext, Classical.choice, Quot.sound]
2026-09-26T08:01:17.9057489Z info: OIBridge/QuasilocalCharacterization.lean:912:0: 'OIBridge.QuasilocalCharacterization.canonInvL_apply' depends on axioms: [propext, Classical.choice, Quot.sound]
2026-09-26T08:01:17.9058065Z info: OIBridge/QuasilocalCharacterization.lean:913:0: 'OIBridge.QuasilocalCharacterization.systemState_apply' depends on axioms: [propext, Classical.choice, Quot.sound]
2026-09-26T08:01:17.9058772Z info: OIBridge/QuasilocalCharacterization.lean:914:0: 'OIBridge.QuasilocalCharacterization.systemState_stage' depends on axioms: [propext, Classical.choice, Quot.sound]
2026-09-26T08:01:17.9059361Z info: OIBridge/QuasilocalCharacterization.lean:915:0: 'OIBridge.QuasilocalCharacterization.systemState_isState' depends on axioms: [propext, Classical.choice, Quot.sound]
2026-09-26T08:01:17.9059906Z info: OIBridge/QuasilocalCharacterization.lean:916:0: 'OIBridge.QuasilocalCharacterization.heisQ_smul' depends on axioms: [propext, Classical.choice, Quot.sound]
2026-09-26T08:01:17.9060474Z info: OIBridge/QuasilocalCharacterization.lean:917:0: 'OIBridge.QuasilocalCharacterization.heisEquiv_apply' depends on axioms: [propext, Classical.choice, Quot.sound]
2026-09-26T08:01:17.9061061Z info: OIBridge/QuasilocalCharacterization.lean:918:0: 'OIBridge.QuasilocalCharacterization.oi_localityPreserving' depends on axioms: [propext, Classical.choice, Quot.sound]
2026-09-26T08:01:17.9061769Z info: OIBridge/QuasilocalCharacterization.lean:919:0: 'OIBridge.QuasilocalCharacterization.continuous_starAlgEquiv' depends on axioms: [propext, Classical.choice, Quot.sound]
2026-09-26T08:01:17.9062314Z info: OIBridge/QuasilocalCharacterization.lean:920:0: 'OIBridge.QuasilocalCharacterization.canon_dyn' depends on axioms: [propext, Classical.choice, Quot.sound]
2026-09-26T08:01:17.9062879Z info: OIBridge/QuasilocalCharacterization.lean:921:0: 'OIBridge.QuasilocalCharacterization.systemEquiv_dyn' depends on axioms: [propext, Classical.choice, Quot.sound]
2026-09-26T08:01:17.9063466Z info: OIBridge/QuasilocalCharacterization.lean:922:0: 'OIBridge.QuasilocalCharacterization.phaseWt_mul_star_self' depends on axioms: [propext, Classical.choice, Quot.sound]
2026-09-26T08:01:17.9064175Z info: OIBridge/QuasilocalCharacterization.lean:923:0: 'OIBridge.QuasilocalCharacterization.star_mul_self_phaseWt' depends on axioms: [propext, Classical.choice, Quot.sound]
2026-09-26T08:01:17.9064782Z info: OIBridge/QuasilocalCharacterization.lean:924:0: 'OIBridge.QuasilocalCharacterization.phaseWt_pow_four' depends on axioms: [propext, Classical.choice, Quot.sound]
2026-09-26T08:01:17.9065371Z info: OIBridge/QuasilocalCharacterization.lean:925:0: 'OIBridge.QuasilocalCharacterization.phaseWt_confRestrict' depends on axioms: [propext, Classical.choice, Quot.sound]
2026-09-26T08:01:17.9065951Z info: OIBridge/QuasilocalCharacterization.lean:926:0: 'OIBridge.QuasilocalCharacterization.phaseWt_of_not_mem' depends on axioms: [propext, Classical.choice, Quot.sound]
2026-09-26T08:01:17.9066550Z info: OIBridge/QuasilocalCharacterization.lean:927:0: 'OIBridge.QuasilocalCharacterization.phaseWt_eq_of_agree' depends on axioms: [propext, Classical.choice, Quot.sound]
2026-09-26T08:01:17.9067121Z info: OIBridge/QuasilocalCharacterization.lean:928:0: 'OIBridge.QuasilocalCharacterization.phaseConj_apply' depends on axioms: [propext, Classical.choice, Quot.sound]
2026-09-26T08:01:17.9067703Z info: OIBridge/QuasilocalCharacterization.lean:929:0: 'OIBridge.QuasilocalCharacterization.inclObs_phaseConj' depends on axioms: [propext, Classical.choice, Quot.sound]
2026-09-26T08:01:17.9068205Z info: OIBridge/QuasilocalCharacterization.lean:930:0: 'OIBridge.QuasilocalCharacterization.phaseU_mul_conjTranspose' depends on axioms: [propext,
2026-09-26T08:01:17.9068291Z  Classical.choice,
2026-09-26T08:01:17.9068380Z  Quot.sound]
2026-09-26T08:01:17.9068883Z info: OIBridge/QuasilocalCharacterization.lean:931:0: 'OIBridge.QuasilocalCharacterization.conjTranspose_mul_phaseU' depends on axioms: [propext,
2026-09-26T08:01:17.9068968Z  Classical.choice,
2026-09-26T08:01:17.9069053Z  Quot.sound]
2026-09-26T08:01:17.9069614Z info: OIBridge/QuasilocalCharacterization.lean:932:0: 'OIBridge.QuasilocalCharacterization.phaseConj_mul' depends on axioms: [propext, Classical.choice, Quot.sound]
2026-09-26T08:01:17.9070168Z info: OIBridge/QuasilocalCharacterization.lean:933:0: 'OIBridge.QuasilocalCharacterization.phaseConj_one' depends on axioms: [propext, Classical.choice, Quot.sound]
2026-09-26T08:01:17.9070859Z info: OIBridge/QuasilocalCharacterization.lean:934:0: 'OIBridge.QuasilocalCharacterization.phaseConj_add' depends on axioms: [propext, Classical.choice, Quot.sound]
2026-09-26T08:01:17.9071426Z info: OIBridge/QuasilocalCharacterization.lean:935:0: 'OIBridge.QuasilocalCharacterization.phaseConj_smul' depends on axioms: [propext, Classical.choice, Quot.sound]
2026-09-26T08:01:17.9072030Z info: OIBridge/QuasilocalCharacterization.lean:936:0: 'OIBridge.QuasilocalCharacterization.phaseConj_conjTranspose' depends on axioms: [propext, Classical.choice, Quot.sound]
2026-09-26T08:01:17.9072619Z info: OIBridge/QuasilocalCharacterization.lean:937:0: 'OIBridge.QuasilocalCharacterization.phaseConj_injective' depends on axioms: [propext, Classical.choice, Quot.sound]
2026-09-26T08:01:17.9073179Z info: OIBridge/QuasilocalCharacterization.lean:938:0: 'OIBridge.QuasilocalCharacterization.norm_phaseConj' depends on axioms: [propext, Classical.choice, Quot.sound]
2026-09-26T08:01:17.9073967Z info: OIBridge/QuasilocalCharacterization.lean:939:0: 'OIBridge.QuasilocalCharacterization.phaseConj_four' depends on axioms: [propext, Classical.choice, Quot.sound]
2026-09-26T08:01:17.9074533Z info: OIBridge/QuasilocalCharacterization.lean:940:0: 'OIBridge.QuasilocalCharacterization.phaseLoc_ofM' depends on axioms: [propext, Classical.choice, Quot.sound]
2026-09-26T08:01:17.9075093Z info: OIBridge/QuasilocalCharacterization.lean:941:0: 'OIBridge.QuasilocalCharacterization.phaseLoc_mul' depends on axioms: [propext, Classical.choice, Quot.sound]
2026-09-26T08:01:17.9075648Z info: OIBridge/QuasilocalCharacterization.lean:942:0: 'OIBridge.QuasilocalCharacterization.phaseLoc_add' depends on axioms: [propext, Classical.choice, Quot.sound]
2026-09-26T08:01:17.9076200Z info: OIBridge/QuasilocalCharacterization.lean:943:0: 'OIBridge.QuasilocalCharacterization.phaseLoc_smul' depends on axioms: [propext, Classical.choice, Quot.sound]
2026-09-26T08:01:17.9076770Z info: OIBridge/QuasilocalCharacterization.lean:944:0: 'OIBridge.QuasilocalCharacterization.phaseLoc_star' depends on axioms: [propext, Classical.choice, Quot.sound]
2026-09-26T08:01:17.9077326Z info: OIBridge/QuasilocalCharacterization.lean:945:0: 'OIBridge.QuasilocalCharacterization.phaseLoc_sub' depends on axioms: [propext, Classical.choice, Quot.sound]
2026-09-26T08:01:17.9077876Z info: OIBridge/QuasilocalCharacterization.lean:946:0: 'OIBridge.QuasilocalCharacterization.norm_phaseLoc' depends on axioms: [propext, Classical.choice, Quot.sound]
2026-09-26T08:01:17.9078433Z info: OIBridge/QuasilocalCharacterization.lean:947:0: 'OIBridge.QuasilocalCharacterization.phaseLoc_four' depends on axioms: [propext, Classical.choice, Quot.sound]
2026-09-26T08:01:17.9079013Z info: OIBridge/QuasilocalCharacterization.lean:948:0: 'OIBridge.QuasilocalCharacterization.isometry_phaseLoc' depends on axioms: [propext, Classical.choice, Quot.sound]
2026-09-26T08:01:17.9079561Z info: OIBridge/QuasilocalCharacterization.lean:949:0: 'OIBridge.QuasilocalCharacterization.phaseQ_coe' depends on axioms: [propext, Classical.choice, Quot.sound]
2026-09-26T08:01:17.9080141Z info: OIBridge/QuasilocalCharacterization.lean:950:0: 'OIBridge.QuasilocalCharacterization.continuous_phaseQ' depends on axioms: [propext, Classical.choice, Quot.sound]
2026-09-26T08:01:17.9080696Z info: OIBridge/QuasilocalCharacterization.lean:951:0: 'OIBridge.QuasilocalCharacterization.phaseQ_stage' depends on axioms: [propext, Classical.choice, Quot.sound]
2026-09-26T08:01:17.9081244Z info: OIBridge/QuasilocalCharacterization.lean:952:0: 'OIBridge.QuasilocalCharacterization.phaseQ_mul' depends on axioms: [propext, Classical.choice, Quot.sound]
2026-09-26T08:01:17.9081783Z info: OIBridge/QuasilocalCharacterization.lean:953:0: 'OIBridge.QuasilocalCharacterization.phaseQ_add' depends on axioms: [propext, Classical.choice, Quot.sound]
2026-09-26T08:01:17.9082334Z info: OIBridge/QuasilocalCharacterization.lean:954:0: 'OIBridge.QuasilocalCharacterization.phaseQ_smul' depends on axioms: [propext, Classical.choice, Quot.sound]
2026-09-26T08:01:17.9082998Z info: OIBridge/QuasilocalCharacterization.lean:955:0: 'OIBridge.QuasilocalCharacterization.phaseQ_star' depends on axioms: [propext, Classical.choice, Quot.sound]
2026-09-26T08:01:17.9083539Z info: OIBridge/QuasilocalCharacterization.lean:956:0: 'OIBridge.QuasilocalCharacterization.norm_phaseQ' depends on axioms: [propext, Classical.choice, Quot.sound]
2026-09-26T08:01:17.9084342Z info: OIBridge/QuasilocalCharacterization.lean:957:0: 'OIBridge.QuasilocalCharacterization.phaseQ_four' depends on axioms: [propext, Classical.choice, Quot.sound]
2026-09-26T08:01:17.9084925Z info: OIBridge/QuasilocalCharacterization.lean:958:0: 'OIBridge.QuasilocalCharacterization.phaseEquiv_apply' depends on axioms: [propext, Classical.choice, Quot.sound]
2026-09-26T08:01:17.9085419Z info: OIBridge/QuasilocalCharacterization.lean:959:0: 'OIBridge.QuasilocalCharacterization.phase_localityPreserving' depends on axioms: [propext,
2026-09-26T08:01:17.9085513Z  Classical.choice,
2026-09-26T08:01:17.9085596Z  Quot.sound]
2026-09-26T08:01:17.9086297Z info: OIBridge/QuasilocalCharacterization.lean:960:0: 'OIBridge.QuasilocalCharacterization.transported_im_zero' depends on axioms: [propext, Classical.choice, Quot.sound]
2026-09-26T08:01:17.9086865Z info: OIBridge/QuasilocalCharacterization.lean:961:0: 'OIBridge.QuasilocalCharacterization.inclObs_im_zero' depends on axioms: [propext, Classical.choice, Quot.sound]
2026-09-26T08:01:17.9087428Z info: OIBridge/QuasilocalCharacterization.lean:962:0: 'OIBridge.QuasilocalCharacterization.phaseQ_ne_heisQ' depends on axioms: [propext, Classical.choice, Quot.sound]
2026-09-26T08:01:17.9087938Z info: OIBridge/QuasilocalCharacterization.lean:963:0: 'OIBridge.QuasilocalCharacterization.quasilocal_characterization' depends on axioms: [propext,
2026-09-26T08:01:17.9088026Z  Classical.choice,
2026-09-26T08:01:17.9088110Z  Quot.sound]
2026-09-26T08:01:17.9088309Z ⚠ [3520/3599] Replayed OIBridge.SecondOrderLayer
2026-09-26T08:01:17.9088801Z warning: OIBridge/SecondOrderLayer.lean:53:0: automatically included section variable(s) unused in theorem `OIBridge.SecondOrderLayer.extConf_apply`:
2026-09-26T08:01:17.9088888Z   [Fintype Q]
2026-09-26T08:01:17.9088969Z   [DecidableEq Q]
2026-09-26T08:01:17.9089054Z   [Nonempty Q]
2026-09-26T08:01:17.9089409Z consider restructuring your `variable` declarations so that the variables are not in scope or explicitly omit them:
2026-09-26T08:01:17.9089569Z   omit [Fintype Q] [DecidableEq Q] [Nonempty Q] in theorem ...
2026-09-26T08:01:17.9089574Z 
2026-09-26T08:01:17.9089810Z Note: This linter can be disabled with `set_option linter.unusedSectionVars false`
2026-09-26T08:01:17.9090324Z warning: OIBridge/SecondOrderLayer.lean:210:0: automatically included section variable(s) unused in theorem `OIBridge.SecondOrderLayer.self_mem_gateRegion`:
2026-09-26T08:01:17.9090402Z   [Fintype V]
2026-09-26T08:01:17.9090487Z   [DecidableEq V]
2026-09-26T08:01:17.9090568Z   [Nonempty V]
2026-09-26T08:01:17.9090656Z   [AddCommGroup V]
2026-09-26T08:01:17.9091006Z consider restructuring your `variable` declarations so that the variables are not in scope or explicitly omit them:
2026-09-26T08:01:17.9091214Z   omit [Fintype V] [DecidableEq V] [Nonempty V] [AddCommGroup V] in theorem ...
2026-09-26T08:01:17.9091218Z 
2026-09-26T08:01:17.9091446Z Note: This linter can be disabled with `set_option linter.unusedSectionVars false`
2026-09-26T08:01:17.9091960Z warning: OIBridge/SecondOrderLayer.lean:212:0: automatically included section variable(s) unused in theorem `OIBridge.SecondOrderLayer.nbhd_subset_gateRegion`:
2026-09-26T08:01:17.9092037Z   [Fintype V]
2026-09-26T08:01:17.9092123Z   [DecidableEq V]
2026-09-26T08:01:17.9092205Z   [Nonempty V]
2026-09-26T08:01:17.9092287Z   [AddCommGroup V]
2026-09-26T08:01:17.9092638Z consider restructuring your `variable` declarations so that the variables are not in scope or explicitly omit them:
2026-09-26T08:01:17.9092966Z   omit [Fintype V] [DecidableEq V] [Nonempty V] [AddCommGroup V] in theorem ...
2026-09-26T08:01:17.9092970Z 
2026-09-26T08:01:17.9093192Z Note: This linter can be disabled with `set_option linter.unusedSectionVars false`
2026-09-26T08:01:17.9093892Z warning: OIBridge/SecondOrderLayer.lean:230:0: automatically included section variable(s) unused in theorem `OIBridge.SecondOrderLayer.gateOn_apply`:
2026-09-26T08:01:17.9093979Z   [Fintype V]
2026-09-26T08:01:17.9094060Z   [DecidableEq V]
2026-09-26T08:01:17.9094403Z consider restructuring your `variable` declarations so that the variables are not in scope or explicitly omit them:
2026-09-26T08:01:17.9094530Z   omit [Fintype V] [DecidableEq V] in theorem ...
2026-09-26T08:01:17.9094534Z 
2026-09-26T08:01:17.9094750Z Note: This linter can be disabled with `set_option linter.unusedSectionVars false`
2026-09-26T08:01:17.9095241Z warning: OIBridge/SecondOrderLayer.lean:333:0: automatically included section variable(s) unused in theorem `OIBridge.SecondOrderLayer.subset_affected`:
2026-09-26T08:01:17.9095328Z   [Fintype V]
2026-09-26T08:01:17.9095407Z   [DecidableEq V]
2026-09-26T08:01:17.9095491Z   [Nonempty V]
2026-09-26T08:01:17.9095723Z   [AddCommGroup V]
2026-09-26T08:01:17.9096074Z consider restructuring your `variable` declarations so that the variables are not in scope or explicitly omit them:
2026-09-26T08:01:17.9096283Z   omit [Fintype V] [DecidableEq V] [Nonempty V] [AddCommGroup V] in theorem ...
2026-09-26T08:01:17.9096287Z 
2026-09-26T08:01:17.9096503Z Note: This linter can be disabled with `set_option linter.unusedSectionVars false`
2026-09-26T08:01:17.9096988Z warning: OIBridge/SecondOrderLayer.lean:335:0: automatically included section variable(s) unused in theorem `OIBridge.SecondOrderLayer.affected_mono`:
2026-09-26T08:01:17.9097071Z   [Fintype V]
2026-09-26T08:01:17.9097150Z   [DecidableEq V]
2026-09-26T08:01:17.9097235Z   [Nonempty V]
2026-09-26T08:01:17.9097323Z   [AddCommGroup V]
2026-09-26T08:01:17.9097658Z consider restructuring your `variable` declarations so that the variables are not in scope or explicitly omit them:
2026-09-26T08:01:17.9097870Z   omit [Fintype V] [DecidableEq V] [Nonempty V] [AddCommGroup V] in theorem ...
2026-09-26T08:01:17.9097873Z 
2026-09-26T08:01:17.9098098Z Note: This linter can be disabled with `set_option linter.unusedSectionVars false`
2026-09-26T08:01:17.9098679Z warning: OIBridge/SecondOrderLayer.lean:344:0: automatically included section variable(s) unused in theorem `OIBridge.SecondOrderLayer.disjoint_gateRegion_of_notMem_affected`:
2026-09-26T08:01:17.9098762Z   [Fintype V]
2026-09-26T08:01:17.9098850Z   [DecidableEq V]
2026-09-26T08:01:17.9098927Z   [Nonempty V]
2026-09-26T08:01:17.9099013Z   [AddCommGroup V]
2026-09-26T08:01:17.9099356Z consider restructuring your `variable` declarations so that the variables are not in scope or explicitly omit them:
2026-09-26T08:01:17.9099554Z   omit [Fintype V] [DecidableEq V] [Nonempty V] [AddCommGroup V] in theorem ...
2026-09-26T08:01:17.9099558Z 
2026-09-26T08:01:17.9099783Z Note: This linter can be disabled with `set_option linter.unusedSectionVars false`
2026-09-26T08:01:17.9100292Z warning: OIBridge/SecondOrderLayer.lean:826:0: automatically included section variable(s) unused in theorem `OIBridge.SecondOrderLayer.mem_range_stage_le`:
2026-09-26T08:01:17.9100373Z   [AddCommGroup V]
2026-09-26T08:01:17.9100716Z consider restructuring your `variable` declarations so that the variables are not in scope or explicitly omit them:
2026-09-26T08:01:17.9100826Z   omit [AddCommGroup V] in theorem ...
2026-09-26T08:01:17.9100831Z 
2026-09-26T08:01:17.9101048Z Note: This linter can be disabled with `set_option linter.unusedSectionVars false`
2026-09-26T08:01:17.9101551Z warning: OIBridge/SecondOrderLayer.lean:831:0: automatically included section variable(s) unused in theorem `OIBridge.SecondOrderLayer.mem_range_stage_one`:
2026-09-26T08:01:17.9101639Z   [AddCommGroup V]
2026-09-26T08:01:17.9101971Z consider restructuring your `variable` declarations so that the variables are not in scope or explicitly omit them:
2026-09-26T08:01:17.9102194Z   omit [AddCommGroup V] in theorem ...
2026-09-26T08:01:17.9102198Z 
2026-09-26T08:01:17.9102423Z Note: This linter can be disabled with `set_option linter.unusedSectionVars false`
2026-09-26T08:01:17.9102919Z warning: OIBridge/SecondOrderLayer.lean:834:0: automatically included section variable(s) unused in theorem `OIBridge.SecondOrderLayer.mem_range_stage_mul`:
2026-09-26T08:01:17.9103007Z   [AddCommGroup V]
2026-09-26T08:01:17.9103340Z consider restructuring your `variable` declarations so that the variables are not in scope or explicitly omit them:
2026-09-26T08:01:17.9103442Z   omit [AddCommGroup V] in theorem ...
2026-09-26T08:01:17.9103446Z 
2026-09-26T08:01:17.9103799Z Note: This linter can be disabled with `set_option linter.unusedSectionVars false`
2026-09-26T08:01:17.9104294Z warning: OIBridge/SecondOrderLayer.lean:840:0: automatically included section variable(s) unused in theorem `OIBridge.SecondOrderLayer.mem_range_stage_sub`:
2026-09-26T08:01:17.9104384Z   [AddCommGroup V]
2026-09-26T08:01:17.9104835Z consider restructuring your `variable` declarations so that the variables are not in scope or explicitly omit them:
2026-09-26T08:01:17.9104935Z   omit [AddCommGroup V] in theorem ...
2026-09-26T08:01:17.9104946Z 
2026-09-26T08:01:17.9105161Z Note: This linter can be disabled with `set_option linter.unusedSectionVars false`
2026-09-26T08:01:17.9105658Z warning: OIBridge/SecondOrderLayer.lean:846:0: automatically included section variable(s) unused in theorem `OIBridge.SecondOrderLayer.mem_range_stage_add`:
2026-09-26T08:01:17.9105738Z   [AddCommGroup V]
2026-09-26T08:01:17.9106081Z consider restructuring your `variable` declarations so that the variables are not in scope or explicitly omit them:
2026-09-26T08:01:17.9106183Z   omit [AddCommGroup V] in theorem ...
2026-09-26T08:01:17.9106187Z 
2026-09-26T08:01:17.9106401Z Note: This linter can be disabled with `set_option linter.unusedSectionVars false`
2026-09-26T08:01:17.9106906Z warning: OIBridge/SecondOrderLayer.lean:852:0: automatically included section variable(s) unused in theorem `OIBridge.SecondOrderLayer.mem_range_stage_smul`:
2026-09-26T08:01:17.9107001Z   [AddCommGroup V]
2026-09-26T08:01:17.9107337Z consider restructuring your `variable` declarations so that the variables are not in scope or explicitly omit them:
2026-09-26T08:01:17.9107438Z   omit [AddCommGroup V] in theorem ...
2026-09-26T08:01:17.9107441Z 
2026-09-26T08:01:17.9107664Z Note: This linter can be disabled with `set_option linter.unusedSectionVars false`
2026-09-26T08:01:17.9108161Z warning: OIBridge/SecondOrderLayer.lean:857:0: automatically included section variable(s) unused in theorem `OIBridge.SecondOrderLayer.mem_range_stage_star`:
2026-09-26T08:01:17.9108251Z   [AddCommGroup V]
2026-09-26T08:01:17.9108593Z consider restructuring your `variable` declarations so that the variables are not in scope or explicitly omit them:
2026-09-26T08:01:17.9108690Z   omit [AddCommGroup V] in theorem ...
2026-09-26T08:01:17.9108697Z 
2026-09-26T08:01:17.9108918Z Note: This linter can be disabled with `set_option linter.unusedSectionVars false`
2026-09-26T08:01:17.9109461Z warning: OIBridge/SecondOrderLayer.lean:872:0: automatically included section variable(s) unused in theorem `OIBridge.SecondOrderLayer.gateRegion_subset_gateSpan`:
2026-09-26T08:01:17.9109537Z   [Fintype V]
2026-09-26T08:01:17.9109621Z   [DecidableEq V]
2026-09-26T08:01:17.9109704Z   [Nonempty V]
2026-09-26T08:01:17.9109784Z   [AddCommGroup V]
2026-09-26T08:01:17.9110128Z consider restructuring your `variable` declarations so that the variables are not in scope or explicitly omit them:
2026-09-26T08:01:17.9110335Z   omit [Fintype V] [DecidableEq V] [Nonempty V] [AddCommGroup V] in theorem ...
2026-09-26T08:01:17.9110338Z 
2026-09-26T08:01:17.9110554Z Note: This linter can be disabled with `set_option linter.unusedSectionVars false`
2026-09-26T08:01:17.9111023Z info: OIBridge/SecondOrderLayer.lean:994:0: 'OIBridge.SecondOrderLayer.extConf_comp' depends on axioms: [propext, Classical.choice, Quot.sound]
2026-09-26T08:01:17.9111610Z info: OIBridge/SecondOrderLayer.lean:995:0: 'OIBridge.SecondOrderLayer.extConf_refl' depends on axioms: [propext, Classical.choice, Quot.sound]
2026-09-26T08:01:17.9112094Z info: OIBridge/SecondOrderLayer.lean:996:0: 'OIBridge.SecondOrderLayer.extPerm_involutive' depends on axioms: [propext, Classical.choice, Quot.sound]
2026-09-26T08:01:17.9112565Z info: OIBridge/SecondOrderLayer.lean:997:0: 'OIBridge.SecondOrderLayer.inclObs_permMat' depends on axioms: [propext, Classical.choice, Quot.sound]
2026-09-26T08:01:17.9113030Z info: OIBridge/SecondOrderLayer.lean:998:0: 'OIBridge.SecondOrderLayer.qGate_extPerm' depends on axioms: [propext, Classical.choice, Quot.sound]
2026-09-26T08:01:17.9113513Z info: OIBridge/SecondOrderLayer.lean:999:0: 'OIBridge.SecondOrderLayer.qGate_comm_of_extComm' depends on axioms: [propext, Classical.choice, Quot.sound]
2026-09-26T08:01:17.9114098Z info: OIBridge/SecondOrderLayer.lean:1000:0: 'OIBridge.SecondOrderLayer.qGate_isGate' depends on axioms: [propext, Classical.choice, Quot.sound]
2026-09-26T08:01:17.9114729Z info: OIBridge/SecondOrderLayer.lean:1001:0: 'OIBridge.SecondOrderLayer.qGate_comm_stage_of_disjoint' depends on axioms: [propext, Classical.choice, Quot.sound]
2026-09-26T08:01:17.9115266Z info: OIBridge/SecondOrderLayer.lean:1002:0: 'OIBridge.SecondOrderLayer.unit_qGate_comm_stage_of_disjoint' depends on axioms: [propext, Classical.choice, Quot.sound]
2026-09-26T08:01:17.9115724Z info: OIBridge/SecondOrderLayer.lean:1003:0: 'OIBridge.SecondOrderLayer.curOn_gateOn' depends on axioms: [propext, Classical.choice, Quot.sound]
2026-09-26T08:01:17.9116176Z info: OIBridge/SecondOrderLayer.lean:1004:0: 'OIBridge.SecondOrderLayer.rhs_gateOn' depends on axioms: [propext, Classical.choice, Quot.sound]
2026-09-26T08:01:17.9116676Z info: OIBridge/SecondOrderLayer.lean:1005:0: 'OIBridge.SecondOrderLayer.gateOn_involutive' depends on axioms: [propext, Classical.choice, Quot.sound]
2026-09-26T08:01:17.9117128Z info: OIBridge/SecondOrderLayer.lean:1006:0: 'OIBridge.SecondOrderLayer.gateOn_comm' depends on axioms: [propext, Classical.choice, Quot.sound]
2026-09-26T08:01:17.9117591Z info: OIBridge/SecondOrderLayer.lean:1007:0: 'OIBridge.SecondOrderLayer.rhs_restrict' depends on axioms: [propext, Classical.choice, Quot.sound]
2026-09-26T08:01:17.9118080Z info: OIBridge/SecondOrderLayer.lean:1008:0: 'OIBridge.SecondOrderLayer.extPerm_gateEquiv' depends on axioms: [propext, Classical.choice, Quot.sound]
2026-09-26T08:01:17.9118530Z info: OIBridge/SecondOrderLayer.lean:1009:0: 'OIBridge.SecondOrderLayer.disjoint_gateRegion_of_notMem_affected' depends on axioms: [propext,
2026-09-26T08:01:17.9118619Z  Classical.choice,
2026-09-26T08:01:17.9118705Z  Quot.sound]
2026-09-26T08:01:17.9119179Z info: OIBridge/SecondOrderLayer.lean:1010:0: 'OIBridge.SecondOrderLayer.shearGate_isGate' depends on axioms: [propext, Classical.choice, Quot.sound]
2026-09-26T08:01:17.9119650Z info: OIBridge/SecondOrderLayer.lean:1011:0: 'OIBridge.SecondOrderLayer.shearGate_comm' depends on axioms: [propext, Classical.choice, Quot.sound]
2026-09-26T08:01:17.9120164Z info: OIBridge/SecondOrderLayer.lean:1012:0: 'OIBridge.SecondOrderLayer.unit_shearGate_comm_stage' depends on axioms: [propext, Classical.choice, Quot.sound]
2026-09-26T08:01:17.9120679Z info: OIBridge/SecondOrderLayer.lean:1013:0: 'OIBridge.SecondOrderLayer.isGateList_shearGateList' depends on axioms: [propext, Classical.choice, Quot.sound]
2026-09-26T08:01:17.9121140Z info: OIBridge/SecondOrderLayer.lean:1014:0: 'OIBridge.SecondOrderLayer.layerU_union' depends on axioms: [propext, Classical.choice, Quot.sound]
2026-09-26T08:01:17.9121552Z info: OIBridge/SecondOrderLayer.lean:1015:0: 'OIBridge.SecondOrderLayer.conj_eq_self_of_commute' does not depend on any axioms
2026-09-26T08:01:17.9122005Z info: OIBridge/SecondOrderLayer.lean:1016:0: 'OIBridge.SecondOrderLayer.layerU_star' depends on axioms: [propext, Classical.choice, Quot.sound]
2026-09-26T08:01:17.9122500Z info: OIBridge/SecondOrderLayer.lean:1017:0: 'OIBridge.SecondOrderLayer.layerAct_stabilizes' depends on axioms: [propext, Classical.choice, Quot.sound]
2026-09-26T08:01:17.9123082Z info: OIBridge/SecondOrderLayer.lean:1018:0: 'OIBridge.SecondOrderLayer.star_layerU_mul' depends on axioms: [propext, Classical.choice, Quot.sound]
2026-09-26T08:01:17.9123535Z info: OIBridge/SecondOrderLayer.lean:1019:0: 'OIBridge.SecondOrderLayer.layerU_zero' depends on axioms: [propext, Classical.choice, Quot.sound]
2026-09-26T08:01:17.9124271Z info: OIBridge/SecondOrderLayer.lean:1020:0: 'OIBridge.SecondOrderLayer.layerAct_eq_of_stage_eq' depends on axioms: [propext, Classical.choice, Quot.sound]
2026-09-26T08:01:17.9124743Z info: OIBridge/SecondOrderLayer.lean:1021:0: 'OIBridge.SecondOrderLayer.layerLoc_ofM' depends on axioms: [propext, Classical.choice, Quot.sound]
2026-09-26T08:01:17.9125199Z info: OIBridge/SecondOrderLayer.lean:1022:0: 'OIBridge.SecondOrderLayer.layerLoc_mul' depends on axioms: [propext, Classical.choice, Quot.sound]
2026-09-26T08:01:17.9125659Z info: OIBridge/SecondOrderLayer.lean:1023:0: 'OIBridge.SecondOrderLayer.layerLoc_add' depends on axioms: [propext, Classical.choice, Quot.sound]
2026-09-26T08:01:17.9126246Z info: OIBridge/SecondOrderLayer.lean:1024:0: 'OIBridge.SecondOrderLayer.layerLoc_one' depends on axioms: [propext, Classical.choice, Quot.sound]
2026-09-26T08:01:17.9126724Z info: OIBridge/SecondOrderLayer.lean:1025:0: 'OIBridge.SecondOrderLayer.layerLoc_star' depends on axioms: [propext, Classical.choice, Quot.sound]
2026-09-26T08:01:17.9127189Z info: OIBridge/SecondOrderLayer.lean:1026:0: 'OIBridge.SecondOrderLayer.layerLoc_zero' depends on axioms: [propext, Classical.choice, Quot.sound]
2026-09-26T08:01:17.9127654Z info: OIBridge/SecondOrderLayer.lean:1027:0: 'OIBridge.SecondOrderLayer.layerLoc_smul' depends on axioms: [propext, Classical.choice, Quot.sound]
2026-09-26T08:01:17.9128113Z info: OIBridge/SecondOrderLayer.lean:1028:0: 'OIBridge.SecondOrderLayer.layerLoc_sub' depends on axioms: [propext, Classical.choice, Quot.sound]
2026-09-26T08:01:17.9128603Z info: OIBridge/SecondOrderLayer.lean:1029:0: 'OIBridge.SecondOrderLayer.layerU_mem_unitary' depends on axioms: [propext, Classical.choice, Quot.sound]
2026-09-26T08:01:17.9129066Z info: OIBridge/SecondOrderLayer.lean:1030:0: 'OIBridge.SecondOrderLayer.norm_layerLoc' depends on axioms: [propext, Classical.choice, Quot.sound]
2026-09-26T08:01:17.9129550Z info: OIBridge/SecondOrderLayer.lean:1031:0: 'OIBridge.SecondOrderLayer.isometry_layerLoc' depends on axioms: [propext, Classical.choice, Quot.sound]
2026-09-26T08:01:17.9129998Z info: OIBridge/SecondOrderLayer.lean:1032:0: 'OIBridge.SecondOrderLayer.layerQ_coe' depends on axioms: [propext, Classical.choice, Quot.sound]
2026-09-26T08:01:17.9130459Z info: OIBridge/SecondOrderLayer.lean:1033:0: 'OIBridge.SecondOrderLayer.layerQ_stage' depends on axioms: [propext, Classical.choice, Quot.sound]
2026-09-26T08:01:17.9130912Z info: OIBridge/SecondOrderLayer.lean:1034:0: 'OIBridge.SecondOrderLayer.norm_layerQ' depends on axioms: [propext, Classical.choice, Quot.sound]
2026-09-26T08:01:17.9131364Z info: OIBridge/SecondOrderLayer.lean:1035:0: 'OIBridge.SecondOrderLayer.layerQ_mul' depends on axioms: [propext, Classical.choice, Quot.sound]
2026-09-26T08:01:17.9131815Z info: OIBridge/SecondOrderLayer.lean:1036:0: 'OIBridge.SecondOrderLayer.layerQ_add' depends on axioms: [propext, Classical.choice, Quot.sound]
2026-09-26T08:01:17.9132264Z info: OIBridge/SecondOrderLayer.lean:1037:0: 'OIBridge.SecondOrderLayer.layerQ_one' depends on axioms: [propext, Classical.choice, Quot.sound]
2026-09-26T08:01:17.9132734Z info: OIBridge/SecondOrderLayer.lean:1038:0: 'OIBridge.SecondOrderLayer.layerQ_zero_time' depends on axioms: [propext, Classical.choice, Quot.sound]
2026-09-26T08:01:17.9133251Z info: OIBridge/SecondOrderLayer.lean:1039:0: 'OIBridge.SecondOrderLayer.continuous_unit_shearGate' depends on axioms: [propext, Classical.choice, Quot.sound]
2026-09-26T08:01:17.9133964Z info: OIBridge/SecondOrderLayer.lean:1040:0: 'OIBridge.SecondOrderLayer.continuous_layerU' depends on axioms: [propext, Classical.choice, Quot.sound]
2026-09-26T08:01:17.9134600Z info: OIBridge/SecondOrderLayer.lean:1041:0: 'OIBridge.SecondOrderLayer.continuous_layerLoc' depends on axioms: [propext, Classical.choice, Quot.sound]
2026-09-26T08:01:17.9135052Z info: OIBridge/SecondOrderLayer.lean:1042:0: 'OIBridge.SecondOrderLayer.layerQ_smul' depends on axioms: [propext, Classical.choice, Quot.sound]
2026-09-26T08:01:17.9135507Z info: OIBridge/SecondOrderLayer.lean:1043:0: 'OIBridge.SecondOrderLayer.layerQ_star' depends on axioms: [propext, Classical.choice, Quot.sound]
2026-09-26T08:01:17.9135958Z info: OIBridge/SecondOrderLayer.lean:1044:0: 'OIBridge.SecondOrderLayer.layerQ_sub' depends on axioms: [propext, Classical.choice, Quot.sound]
2026-09-26T08:01:17.9136409Z info: OIBridge/SecondOrderLayer.lean:1045:0: 'OIBridge.SecondOrderLayer.dist_layerQ' depends on axioms: [propext, Classical.choice, Quot.sound]
2026-09-26T08:01:17.9136913Z info: OIBridge/SecondOrderLayer.lean:1046:0: 'OIBridge.SecondOrderLayer.continuous_layerQ_time' depends on axioms: [propext, Classical.choice, Quot.sound]
2026-09-26T08:01:17.9137496Z info: OIBridge/SecondOrderLayer.lean:1047:0: 'OIBridge.SecondOrderLayer.mem_range_stage_le' depends on axioms: [propext, Classical.choice, Quot.sound]
2026-09-26T08:01:17.9137996Z info: OIBridge/SecondOrderLayer.lean:1048:0: 'OIBridge.SecondOrderLayer.unit_shearGate_mem_range' depends on axioms: [propext, Classical.choice, Quot.sound]
2026-09-26T08:01:17.9138468Z info: OIBridge/SecondOrderLayer.lean:1049:0: 'OIBridge.SecondOrderLayer.layerU_mem_range' depends on axioms: [propext, Classical.choice, Quot.sound]
2026-09-26T08:01:17.9138952Z info: OIBridge/SecondOrderLayer.lean:1050:0: 'OIBridge.SecondOrderLayer.layerAct_mem_range' depends on axioms: [propext, Classical.choice, Quot.sound]
2026-09-26T08:01:17.9139400Z info: OIBridge/SecondOrderLayer.lean:1051:0: 'OIBridge.SecondOrderLayer.layerU_add' depends on axioms: [propext, Classical.choice, Quot.sound]
2026-09-26T08:01:17.9139893Z info: OIBridge/SecondOrderLayer.lean:1052:0: 'OIBridge.SecondOrderLayer.layerQ_add_time_stage' depends on axioms: [propext, Classical.choice, Quot.sound]
2026-09-26T08:01:17.9140370Z info: OIBridge/SecondOrderLayer.lean:1053:0: 'OIBridge.SecondOrderLayer.layerQ_add_time' depends on axioms: [propext, Classical.choice, Quot.sound]
2026-09-26T08:01:17.9140850Z info: OIBridge/SecondOrderLayer.lean:1054:0: 'OIBridge.SecondOrderLayer.layerQ_left_inverse' depends on axioms: [propext, Classical.choice, Quot.sound]
2026-09-26T08:01:17.9141328Z info: OIBridge/SecondOrderLayer.lean:1055:0: 'OIBridge.SecondOrderLayer.layerQ_bijective' depends on axioms: [propext, Classical.choice, Quot.sound]
2026-09-26T08:01:17.9141502Z ⚠ [3521/3599] Replayed OIBridge.SwapLayer
2026-09-26T08:01:17.9141950Z warning: OIBridge/SwapLayer.lean:40:0: automatically included section variable(s) unused in theorem `OIBridge.SwapLayer.swapConf_involutive`:
2026-09-26T08:01:17.9142065Z   [DecidableEq ι]
2026-09-26T08:01:17.9142148Z   [Fintype V]
2026-09-26T08:01:17.9142233Z   [DecidableEq V]
2026-09-26T08:01:17.9142320Z   [Nonempty V]
2026-09-26T08:01:17.9142677Z consider restructuring your `variable` declarations so that the variables are not in scope or explicitly omit them:
2026-09-26T08:01:17.9142941Z   omit [DecidableEq ι] [Fintype V] [DecidableEq V] [Nonempty V] in theorem ...
2026-09-26T08:01:17.9142945Z 
2026-09-26T08:01:17.9143184Z Note: This linter can be disabled with `set_option linter.unusedSectionVars false`
2026-09-26T08:01:17.9143782Z warning: OIBridge/SwapLayer.lean:63:0: automatically included section variable(s) unused in theorem `OIBridge.SwapLayer.swapGate_isGate`:
2026-09-26T08:01:17.9143869Z   [AddCommGroup V]
2026-09-26T08:01:17.9144218Z consider restructuring your `variable` declarations so that the variables are not in scope or explicitly omit them:
2026-09-26T08:01:17.9144326Z   omit [AddCommGroup V] in theorem ...
2026-09-26T08:01:17.9144330Z 
2026-09-26T08:01:17.9144552Z Note: This linter can be disabled with `set_option linter.unusedSectionVars false`
2026-09-26T08:01:17.9145116Z warning: OIBridge/SwapLayer.lean:68:0: automatically included section variable(s) unused in theorem `OIBridge.SwapLayer.swapGate_comm`:
2026-09-26T08:01:17.9145204Z   [AddCommGroup V]
2026-09-26T08:01:17.9145544Z consider restructuring your `variable` declarations so that the variables are not in scope or explicitly omit them:
2026-09-26T08:01:17.9145650Z   omit [AddCommGroup V] in theorem ...
2026-09-26T08:01:17.9145653Z 
2026-09-26T08:01:17.9145876Z Note: This linter can be disabled with `set_option linter.unusedSectionVars false`
2026-09-26T08:01:17.9146328Z warning: OIBridge/SwapLayer.lean:80:0: automatically included section variable(s) unused in theorem `OIBridge.SwapLayer.unit_swapGate_comm_stage`:
2026-09-26T08:01:17.9146415Z   [AddCommGroup V]
2026-09-26T08:01:17.9146757Z consider restructuring your `variable` declarations so that the variables are not in scope or explicitly omit them:
2026-09-26T08:01:17.9146852Z   omit [AddCommGroup V] in theorem ...
2026-09-26T08:01:17.9146860Z 
2026-09-26T08:01:17.9147087Z Note: This linter can be disabled with `set_option linter.unusedSectionVars false`
2026-09-26T08:01:17.9147391Z warning: OIBridge/SwapLayer.lean:191:52: try 'simp' instead of 'simpa'
2026-09-26T08:01:17.9147397Z 
2026-09-26T08:01:17.9147623Z Note: This linter can be disabled with `set_option linter.unnecessarySimpa false`
2026-09-26T08:01:17.9148092Z warning: OIBridge/SwapLayer.lean:198:0: automatically included section variable(s) unused in theorem `OIBridge.SwapLayer.continuous_unit_swapGate`:
2026-09-26T08:01:17.9148181Z   [AddCommGroup V]
2026-09-26T08:01:17.9148517Z consider restructuring your `variable` declarations so that the variables are not in scope or explicitly omit them:
2026-09-26T08:01:17.9148620Z   omit [AddCommGroup V] in theorem ...
2026-09-26T08:01:17.9148624Z 
2026-09-26T08:01:17.9148845Z Note: This linter can be disabled with `set_option linter.unusedSectionVars false`
2026-09-26T08:01:17.9149275Z info: OIBridge/SwapLayer.lean:520:0: 'OIBridge.SwapLayer.swapConf_involutive' depends on axioms: [propext, Classical.choice, Quot.sound]
2026-09-26T08:01:17.9149695Z info: OIBridge/SwapLayer.lean:521:0: 'OIBridge.SwapLayer.swapGate_isGate' depends on axioms: [propext, Classical.choice, Quot.sound]
2026-09-26T08:01:17.9150102Z info: OIBridge/SwapLayer.lean:522:0: 'OIBridge.SwapLayer.swapGate_comm' depends on axioms: [propext, Classical.choice, Quot.sound]
2026-09-26T08:01:17.9150512Z info: OIBridge/SwapLayer.lean:523:0: 'OIBridge.SwapLayer.unit_swapGate_comm' depends on axioms: [propext, Classical.choice, Quot.sound]
2026-09-26T08:01:17.9150951Z info: OIBridge/SwapLayer.lean:524:0: 'OIBridge.SwapLayer.unit_swapGate_comm_stage' depends on axioms: [propext, Classical.choice, Quot.sound]
2026-09-26T08:01:17.9151384Z info: OIBridge/SwapLayer.lean:525:0: 'OIBridge.SwapLayer.unit_swapGate_mem_range' depends on axioms: [propext, Classical.choice, Quot.sound]
2026-09-26T08:01:17.9151772Z info: OIBridge/SwapLayer.lean:526:0: 'OIBridge.SwapLayer.swapU_union' depends on axioms: [propext, Classical.choice, Quot.sound]
2026-09-26T08:01:17.9152190Z info: OIBridge/SwapLayer.lean:527:0: 'OIBridge.SwapLayer.swapU_singleton' depends on axioms: [propext, Classical.choice, Quot.sound]
2026-09-26T08:01:17.9152580Z info: OIBridge/SwapLayer.lean:528:0: 'OIBridge.SwapLayer.swapU_star' depends on axioms: [propext, Classical.choice, Quot.sound]
2026-09-26T08:01:17.9152973Z info: OIBridge/SwapLayer.lean:529:0: 'OIBridge.SwapLayer.star_swapU_mul' depends on axioms: [propext, Classical.choice, Quot.sound]
2026-09-26T08:01:17.9153383Z info: OIBridge/SwapLayer.lean:530:0: 'OIBridge.SwapLayer.swapU_mem_unitary' depends on axioms: [propext, Classical.choice, Quot.sound]
2026-09-26T08:01:17.9153897Z info: OIBridge/SwapLayer.lean:531:0: 'OIBridge.SwapLayer.swapU_zero' depends on axioms: [propext, Classical.choice, Quot.sound]
2026-09-26T08:01:17.9154278Z info: OIBridge/SwapLayer.lean:532:0: 'OIBridge.SwapLayer.swapU_add' depends on axioms: [propext, Classical.choice, Quot.sound]
2026-09-26T08:01:17.9154812Z info: OIBridge/SwapLayer.lean:533:0: 'OIBridge.SwapLayer.swapU_mem_range' depends on axioms: [propext, Classical.choice, Quot.sound]
2026-09-26T08:01:17.9155230Z info: OIBridge/SwapLayer.lean:534:0: 'OIBridge.SwapLayer.continuous_swapU' depends on axioms: [propext, Classical.choice, Quot.sound]
2026-09-26T08:01:17.9155645Z info: OIBridge/SwapLayer.lean:535:0: 'OIBridge.SwapLayer.swapAct_stabilizes' depends on axioms: [propext, Classical.choice, Quot.sound]
2026-09-26T08:01:17.9156057Z info: OIBridge/SwapLayer.lean:536:0: 'OIBridge.SwapLayer.swapAct_mem_range' depends on axioms: [propext, Classical.choice, Quot.sound]
2026-09-26T08:01:17.9156489Z info: OIBridge/SwapLayer.lean:537:0: 'OIBridge.SwapLayer.swapAct_mem_range_self' depends on axioms: [propext, Classical.choice, Quot.sound]
2026-09-26T08:01:17.9156873Z info: OIBridge/SwapLayer.lean:538:0: 'OIBridge.SwapLayer.swapLoc_ofM' depends on axioms: [propext, Classical.choice, Quot.sound]
2026-09-26T08:01:17.9157262Z info: OIBridge/SwapLayer.lean:539:0: 'OIBridge.SwapLayer.swapLoc_mul' depends on axioms: [propext, Classical.choice, Quot.sound]
2026-09-26T08:01:17.9157755Z info: OIBridge/SwapLayer.lean:540:0: 'OIBridge.SwapLayer.swapLoc_add' depends on axioms: [propext, Classical.choice, Quot.sound]
2026-09-26T08:01:17.9158162Z info: OIBridge/SwapLayer.lean:541:0: 'OIBridge.SwapLayer.swapLoc_smul' depends on axioms: [propext, Classical.choice, Quot.sound]
2026-09-26T08:01:17.9158546Z info: OIBridge/SwapLayer.lean:542:0: 'OIBridge.SwapLayer.swapLoc_one' depends on axioms: [propext, Classical.choice, Quot.sound]
2026-09-26T08:01:17.9158937Z info: OIBridge/SwapLayer.lean:543:0: 'OIBridge.SwapLayer.swapLoc_star' depends on axioms: [propext, Classical.choice, Quot.sound]
2026-09-26T08:01:17.9159325Z info: OIBridge/SwapLayer.lean:544:0: 'OIBridge.SwapLayer.swapLoc_zero' depends on axioms: [propext, Classical.choice, Quot.sound]
2026-09-26T08:01:17.9159710Z info: OIBridge/SwapLayer.lean:545:0: 'OIBridge.SwapLayer.norm_swapLoc' depends on axioms: [propext, Classical.choice, Quot.sound]
2026-09-26T08:01:17.9160126Z info: OIBridge/SwapLayer.lean:546:0: 'OIBridge.SwapLayer.isometry_swapLoc' depends on axioms: [propext, Classical.choice, Quot.sound]
2026-09-26T08:01:17.9160547Z info: OIBridge/SwapLayer.lean:547:0: 'OIBridge.SwapLayer.continuous_swapLoc' depends on axioms: [propext, Classical.choice, Quot.sound]
2026-09-26T08:01:17.9160921Z info: OIBridge/SwapLayer.lean:548:0: 'OIBridge.SwapLayer.swapQ_coe' depends on axioms: [propext, Classical.choice, Quot.sound]
2026-09-26T08:01:17.9161305Z info: OIBridge/SwapLayer.lean:549:0: 'OIBridge.SwapLayer.swapQ_stage' depends on axioms: [propext, Classical.choice, Quot.sound]
2026-09-26T08:01:17.9161693Z info: OIBridge/SwapLayer.lean:550:0: 'OIBridge.SwapLayer.norm_swapQ' depends on axioms: [propext, Classical.choice, Quot.sound]
2026-09-26T08:01:17.9162066Z info: OIBridge/SwapLayer.lean:551:0: 'OIBridge.SwapLayer.swapQ_mul' depends on axioms: [propext, Classical.choice, Quot.sound]
2026-09-26T08:01:17.9162446Z info: OIBridge/SwapLayer.lean:552:0: 'OIBridge.SwapLayer.swapQ_add' depends on axioms: [propext, Classical.choice, Quot.sound]
2026-09-26T08:01:17.9162831Z info: OIBridge/SwapLayer.lean:553:0: 'OIBridge.SwapLayer.swapQ_smul' depends on axioms: [propext, Classical.choice, Quot.sound]
2026-09-26T08:01:17.9163209Z info: OIBridge/SwapLayer.lean:554:0: 'OIBridge.SwapLayer.swapQ_star' depends on axioms: [propext, Classical.choice, Quot.sound]
2026-09-26T08:01:17.9163772Z info: OIBridge/SwapLayer.lean:555:0: 'OIBridge.SwapLayer.swapQ_one' depends on axioms: [propext, Classical.choice, Quot.sound]
2026-09-26T08:01:17.9164205Z info: OIBridge/SwapLayer.lean:556:0: 'OIBridge.SwapLayer.swapQ_zero_time' depends on axioms: [propext, Classical.choice, Quot.sound]
2026-09-26T08:01:17.9164658Z info: OIBridge/SwapLayer.lean:557:0: 'OIBridge.SwapLayer.continuous_swapQ_time' depends on axioms: [propext, Classical.choice, Quot.sound]
2026-09-26T08:01:17.9165058Z info: OIBridge/SwapLayer.lean:558:0: 'OIBridge.SwapLayer.swapQ_add_time' depends on axioms: [propext, Classical.choice, Quot.sound]
2026-09-26T08:01:17.9165586Z info: OIBridge/SwapLayer.lean:559:0: 'OIBridge.SwapLayer.swapQ_bijective' depends on axioms: [propext, Classical.choice, Quot.sound]
2026-09-26T08:01:17.9165775Z ⚠ [3522/3599] Replayed OIBridge.SecondOrderDrive
2026-09-26T08:01:17.9166304Z warning: OIBridge/SecondOrderDrive.lean:369:0: automatically included section variable(s) unused in theorem `OIBridge.SecondOrderDrive.localConf_apply_of_mem`:
2026-09-26T08:01:17.9166386Z   [Nonempty Q]
2026-09-26T08:01:17.9166729Z consider restructuring your `variable` declarations so that the variables are not in scope or explicitly omit them:
2026-09-26T08:01:17.9166835Z   omit [Nonempty Q] in theorem ...
2026-09-26T08:01:17.9166838Z 
2026-09-26T08:01:17.9167068Z Note: This linter can be disabled with `set_option linter.unusedSectionVars false`
2026-09-26T08:01:17.9167603Z warning: OIBridge/SecondOrderDrive.lean:372:0: automatically included section variable(s) unused in theorem `OIBridge.SecondOrderDrive.localConf_apply_of_not_mem`:
2026-09-26T08:01:17.9167694Z   [Nonempty Q]
2026-09-26T08:01:17.9168146Z consider restructuring your `variable` declarations so that the variables are not in scope or explicitly omit them:
2026-09-26T08:01:17.9168242Z   omit [Nonempty Q] in theorem ...
2026-09-26T08:01:17.9168246Z 
2026-09-26T08:01:17.9168474Z Note: This linter can be disabled with `set_option linter.unusedSectionVars false`
2026-09-26T08:01:17.9168963Z warning: OIBridge/SecondOrderDrive.lean:376:0: automatically included section variable(s) unused in theorem `OIBridge.SecondOrderDrive.glob_localConf`:
2026-09-26T08:01:17.9169041Z   [Nonempty Q]
2026-09-26T08:01:17.9169384Z consider restructuring your `variable` declarations so that the variables are not in scope or explicitly omit them:
2026-09-26T08:01:17.9169481Z   omit [Nonempty Q] in theorem ...
2026-09-26T08:01:17.9169485Z 
2026-09-26T08:01:17.9169699Z Note: This linter can be disabled with `set_option linter.unusedSectionVars false`
2026-09-26T08:01:17.9170187Z warning: OIBridge/SecondOrderDrive.lean:379:0: automatically included section variable(s) unused in theorem `OIBridge.SecondOrderDrive.patch_patch`:
2026-09-26T08:01:17.9170270Z   [Nonempty Q]
2026-09-26T08:01:17.9170606Z consider restructuring your `variable` declarations so that the variables are not in scope or explicitly omit them:
2026-09-26T08:01:17.9170708Z   omit [Nonempty Q] in theorem ...
2026-09-26T08:01:17.9170712Z 
2026-09-26T08:01:17.9170932Z Note: This linter can be disabled with `set_option linter.unusedSectionVars false`
2026-09-26T08:01:17.9171445Z warning: OIBridge/SecondOrderDrive.lean:509:0: automatically included section variable(s) unused in theorem `OIBridge.SecondOrderDrive.regionSwap_involutive`:
2026-09-26T08:01:17.9171559Z   [DecidableEq ι]
2026-09-26T08:01:17.9171901Z consider restructuring your `variable` declarations so that the variables are not in scope or explicitly omit them:
2026-09-26T08:01:17.9172038Z   omit [DecidableEq ι] in theorem ...
2026-09-26T08:01:17.9172046Z 
2026-09-26T08:01:17.9172267Z Note: This linter can be disabled with `set_option linter.unusedSectionVars false`
2026-09-26T08:01:17.9172766Z warning: OIBridge/SecondOrderDrive.lean:512:0: automatically included section variable(s) unused in theorem `OIBridge.SecondOrderDrive.regionSwap_symm`:
2026-09-26T08:01:17.9172868Z   [DecidableEq ι]
2026-09-26T08:01:17.9173213Z consider restructuring your `variable` declarations so that the variables are not in scope or explicitly omit them:
2026-09-26T08:01:17.9173351Z   omit [DecidableEq ι] in theorem ...
2026-09-26T08:01:17.9173355Z 
2026-09-26T08:01:17.9173764Z Note: This linter can be disabled with `set_option linter.unusedSectionVars false`
2026-09-26T08:01:17.9174283Z warning: OIBridge/SecondOrderDrive.lean:560:0: automatically included section variable(s) unused in theorem `OIBridge.SecondOrderDrive.glob_swapLayer`:
2026-09-26T08:01:17.9174397Z   [DecidableEq ι]
2026-09-26T08:01:17.9174731Z consider restructuring your `variable` declarations so that the variables are not in scope or explicitly omit them:
2026-09-26T08:01:17.9175101Z   omit [DecidableEq ι] in theorem ...
2026-09-26T08:01:17.9175112Z 
2026-09-26T08:01:17.9175337Z Note: This linter can be disabled with `set_option linter.unusedSectionVars false`
2026-09-26T08:01:17.9175839Z warning: OIBridge/SecondOrderDrive.lean:563:0: automatically included section variable(s) unused in theorem `OIBridge.SecondOrderDrive.agreeOffG_swapLayer`:
2026-09-26T08:01:17.9175922Z   [Fintype V]
2026-09-26T08:01:17.9176009Z   [DecidableEq V]
2026-09-26T08:01:17.9176088Z   [Nonempty V]
2026-09-26T08:01:17.9176430Z consider restructuring your `variable` declarations so that the variables are not in scope or explicitly omit them:
2026-09-26T08:01:17.9176588Z   omit [Fintype V] [DecidableEq V] [Nonempty V] in theorem ...
2026-09-26T08:01:17.9176598Z 
2026-09-26T08:01:17.9176819Z Note: This linter can be disabled with `set_option linter.unusedSectionVars false`
2026-09-26T08:01:17.9177326Z warning: OIBridge/SecondOrderDrive.lean:625:0: automatically included section variable(s) unused in theorem `OIBridge.SecondOrderDrive.shearOnRegion_apply`:
2026-09-26T08:01:17.9177519Z   [Fintype V]
2026-09-26T08:01:17.9177608Z   [DecidableEq V]
2026-09-26T08:01:17.9177953Z consider restructuring your `variable` declarations so that the variables are not in scope or explicitly omit them:
2026-09-26T08:01:17.9178075Z   omit [Fintype V] [DecidableEq V] in theorem ...
2026-09-26T08:01:17.9178079Z 
2026-09-26T08:01:17.9178301Z Note: This linter can be disabled with `set_option linter.unusedSectionVars false`
2026-09-26T08:01:17.9178780Z info: OIBridge/SecondOrderDrive.lean:839:0: 'OIBridge.SecondOrderDrive.permOp_of_comp' depends on axioms: [propext, Classical.choice, Quot.sound]
2026-09-26T08:01:17.9179260Z info: OIBridge/SecondOrderDrive.lean:840:0: 'OIBridge.SecondOrderDrive.permOpInv_of_comp' depends on axioms: [propext, Classical.choice, Quot.sound]
2026-09-26T08:01:17.9179722Z info: OIBridge/SecondOrderDrive.lean:841:0: 'OIBridge.SecondOrderDrive.heis_of_comp' depends on axioms: [propext, Classical.choice, Quot.sound]
2026-09-26T08:01:17.9180195Z info: OIBridge/SecondOrderDrive.lean:842:0: 'OIBridge.SecondOrderDrive.heisLoc_of_comp' depends on axioms: [propext, Classical.choice, Quot.sound]
2026-09-26T08:01:17.9180655Z info: OIBridge/SecondOrderDrive.lean:843:0: 'OIBridge.SecondOrderDrive.heisQ_of_comp' depends on axioms: [propext, Classical.choice, Quot.sound]
2026-09-26T08:01:17.9181110Z info: OIBridge/SecondOrderDrive.lean:844:0: 'OIBridge.SecondOrderDrive.driveQ_apply' depends on axioms: [propext, Classical.choice, Quot.sound]
2026-09-26T08:01:17.9181584Z info: OIBridge/SecondOrderDrive.lean:845:0: 'OIBridge.SecondOrderDrive.driveQ_zero_time' depends on axioms: [propext, Classical.choice, Quot.sound]
2026-09-26T08:01:17.9182034Z info: OIBridge/SecondOrderDrive.lean:846:0: 'OIBridge.SecondOrderDrive.driveQ_mul' depends on axioms: [propext, Classical.choice, Quot.sound]
2026-09-26T08:01:17.9182476Z info: OIBridge/SecondOrderDrive.lean:847:0: 'OIBridge.SecondOrderDrive.driveQ_add' depends on axioms: [propext, Classical.choice, Quot.sound]
2026-09-26T08:01:17.9182934Z info: OIBridge/SecondOrderDrive.lean:848:0: 'OIBridge.SecondOrderDrive.driveQ_smul' depends on axioms: [propext, Classical.choice, Quot.sound]
2026-09-26T08:01:17.9183394Z info: OIBridge/SecondOrderDrive.lean:849:0: 'OIBridge.SecondOrderDrive.driveQ_star' depends on axioms: [propext, Classical.choice, Quot.sound]
2026-09-26T08:01:17.9184038Z info: OIBridge/SecondOrderDrive.lean:850:0: 'OIBridge.SecondOrderDrive.driveQ_sub' depends on axioms: [propext, Classical.choice, Quot.sound]
2026-09-26T08:01:17.9184485Z info: OIBridge/SecondOrderDrive.lean:851:0: 'OIBridge.SecondOrderDrive.driveQ_one' depends on axioms: [propext, Classical.choice, Quot.sound]
2026-09-26T08:01:17.9184933Z info: OIBridge/SecondOrderDrive.lean:852:0: 'OIBridge.SecondOrderDrive.norm_driveQ' depends on axioms: [propext, Classical.choice, Quot.sound]
2026-09-26T08:01:17.9185375Z info: OIBridge/SecondOrderDrive.lean:853:0: 'OIBridge.SecondOrderDrive.dist_driveQ' depends on axioms: [propext, Classical.choice, Quot.sound]
2026-09-26T08:01:17.9185997Z info: OIBridge/SecondOrderDrive.lean:854:0: 'OIBridge.SecondOrderDrive.continuous_driveQ' depends on axioms: [propext, Classical.choice, Quot.sound]
2026-09-26T08:01:17.9186487Z info: OIBridge/SecondOrderDrive.lean:855:0: 'OIBridge.SecondOrderDrive.driveQ_left_inverse' depends on axioms: [propext, Classical.choice, Quot.sound]
2026-09-26T08:01:17.9186973Z info: OIBridge/SecondOrderDrive.lean:856:0: 'OIBridge.SecondOrderDrive.driveQ_right_inverse' depends on axioms: [propext, Classical.choice, Quot.sound]
2026-09-26T08:01:17.9187446Z info: OIBridge/SecondOrderDrive.lean:857:0: 'OIBridge.SecondOrderDrive.driveQ_bijective' depends on axioms: [propext, Classical.choice, Quot.sound]
2026-09-26T08:01:17.9187943Z info: OIBridge/SecondOrderDrive.lean:858:0: 'OIBridge.SecondOrderDrive.continuous_driveQ_time' depends on axioms: [propext, Classical.choice, Quot.sound]
2026-09-26T08:01:17.9188555Z info: OIBridge/SecondOrderDrive.lean:859:0: 'OIBridge.SecondOrderDrive.driveQ_isContinuousPath' depends on axioms: [propext, Classical.choice, Quot.sound]
2026-09-26T08:01:17.9189073Z info: OIBridge/SecondOrderDrive.lean:860:0: 'OIBridge.SecondOrderDrive.mem_stepInfl_of_mem_gateRegion' depends on axioms: [propext, Classical.choice, Quot.sound]
2026-09-26T08:01:17.9189558Z info: OIBridge/SecondOrderDrive.lean:861:0: 'OIBridge.SecondOrderDrive.ruleDynamics_comp' depends on axioms: [propext, Classical.choice, Quot.sound]
2026-09-26T08:01:17.9190037Z info: OIBridge/SecondOrderDrive.lean:862:0: 'OIBridge.SecondOrderDrive.heisQ_ruleDynamics' depends on axioms: [propext, Classical.choice, Quot.sound]
2026-09-26T08:01:17.9190487Z info: OIBridge/SecondOrderDrive.lean:863:0: 'OIBridge.SecondOrderDrive.patch_patch' depends on axioms: [propext, Classical.choice, Quot.sound]
2026-09-26T08:01:17.9190951Z info: OIBridge/SecondOrderDrive.lean:864:0: 'OIBridge.SecondOrderDrive.glob_localConf' depends on axioms: [propext, Classical.choice, Quot.sound]
2026-09-26T08:01:17.9191446Z info: OIBridge/SecondOrderDrive.lean:865:0: 'OIBridge.SecondOrderDrive.localConf_localConf' depends on axioms: [propext, Classical.choice, Quot.sound]
2026-09-26T08:01:17.9191912Z info: OIBridge/SecondOrderDrive.lean:866:0: 'OIBridge.SecondOrderDrive.permOp_localDyn' depends on axioms: [propext, Classical.choice, Quot.sound]
2026-09-26T08:01:17.9192395Z info: OIBridge/SecondOrderDrive.lean:867:0: 'OIBridge.SecondOrderDrive.permOpInv_localDyn' depends on axioms: [propext, Classical.choice, Quot.sound]
2026-09-26T08:01:17.9192854Z info: OIBridge/SecondOrderDrive.lean:868:0: 'OIBridge.SecondOrderDrive.heis_localDyn' depends on axioms: [propext, Classical.choice, Quot.sound]
2026-09-26T08:01:17.9193319Z info: OIBridge/SecondOrderDrive.lean:869:0: 'OIBridge.SecondOrderDrive.heisLoc_localDyn' depends on axioms: [propext, Classical.choice, Quot.sound]
2026-09-26T08:01:17.9193898Z info: OIBridge/SecondOrderDrive.lean:870:0: 'OIBridge.SecondOrderDrive.heisQ_localDyn' depends on axioms: [propext, Classical.choice, Quot.sound]
2026-09-26T08:01:17.9194368Z info: OIBridge/SecondOrderDrive.lean:871:0: 'OIBridge.SecondOrderDrive.heis_eq_of_agree' depends on axioms: [propext, Classical.choice, Quot.sound]
2026-09-26T08:01:17.9194859Z info: OIBridge/SecondOrderDrive.lean:872:0: 'OIBridge.SecondOrderDrive.regionSwap_involutive' depends on axioms: [propext, Classical.choice, Quot.sound]
2026-09-26T08:01:17.9195372Z info: OIBridge/SecondOrderDrive.lean:873:0: 'OIBridge.SecondOrderDrive.swapEquivAt_eq_regionSwap' depends on axioms: [propext, Classical.choice, Quot.sound]
2026-09-26T08:01:17.9195864Z info: OIBridge/SecondOrderDrive.lean:874:0: 'OIBridge.SecondOrderDrive.qGate_regionSwap_union' depends on axioms: [propext, Classical.choice, Quot.sound]
2026-09-26T08:01:17.9196339Z info: OIBridge/SecondOrderDrive.lean:875:0: 'OIBridge.SecondOrderDrive.swapU_one_eq_qGate' depends on axioms: [propext, Classical.choice, Quot.sound]
2026-09-26T08:01:17.9196957Z info: OIBridge/SecondOrderDrive.lean:876:0: 'OIBridge.SecondOrderDrive.agreeOffG_swapLayer' depends on axioms: [propext, Classical.choice, Quot.sound]
2026-09-26T08:01:17.9197437Z info: OIBridge/SecondOrderDrive.lean:877:0: 'OIBridge.SecondOrderDrive.heis_swapDyn_emb' depends on axioms: [propext, Classical.choice, Quot.sound]
2026-09-26T08:01:17.9197912Z info: OIBridge/SecondOrderDrive.lean:878:0: 'OIBridge.SecondOrderDrive.swapQ_one_eq_heisQ' depends on axioms: [propext, Classical.choice, Quot.sound]
2026-09-26T08:01:17.9198399Z info: OIBridge/SecondOrderDrive.lean:879:0: 'OIBridge.SecondOrderDrive.shearOnRegion_apply' depends on axioms: [propext, Classical.choice, Quot.sound]
2026-09-26T08:01:17.9198880Z info: OIBridge/SecondOrderDrive.lean:880:0: 'OIBridge.SecondOrderDrive.curOn_shearOnRegion' depends on axioms: [propext, Classical.choice, Quot.sound]
2026-09-26T08:01:17.9199356Z info: OIBridge/SecondOrderDrive.lean:881:0: 'OIBridge.SecondOrderDrive.rhs_shearOnRegion' depends on axioms: [propext, Classical.choice, Quot.sound]
2026-09-26T08:01:17.9199974Z info: OIBridge/SecondOrderDrive.lean:882:0: 'OIBridge.SecondOrderDrive.shearOnRegion_involutive' depends on axioms: [propext, Classical.choice, Quot.sound]
2026-09-26T08:01:17.9200449Z info: OIBridge/SecondOrderDrive.lean:883:0: 'OIBridge.SecondOrderDrive.shearPerm_symm' depends on axioms: [propext, Classical.choice, Quot.sound]
2026-09-26T08:01:17.9200922Z info: OIBridge/SecondOrderDrive.lean:884:0: 'OIBridge.SecondOrderDrive.shearPerm_empty' depends on axioms: [propext, Classical.choice, Quot.sound]
2026-09-26T08:01:17.9201408Z info: OIBridge/SecondOrderDrive.lean:885:0: 'OIBridge.SecondOrderDrive.gateOn_shearOnRegion' depends on axioms: [propext, Classical.choice, Quot.sound]
2026-09-26T08:01:17.9201920Z info: OIBridge/SecondOrderDrive.lean:886:0: 'OIBridge.SecondOrderDrive.gateEquiv_trans_shearPerm' depends on axioms: [propext, Classical.choice, Quot.sound]
2026-09-26T08:01:17.9202399Z info: OIBridge/SecondOrderDrive.lean:887:0: 'OIBridge.SecondOrderDrive.layerU_one_eq_qGate' depends on axioms: [propext, Classical.choice, Quot.sound]
2026-09-26T08:01:17.9202842Z info: OIBridge/SecondOrderDrive.lean:888:0: 'OIBridge.SecondOrderDrive.rhs_glob' depends on axioms: [propext, Classical.choice, Quot.sound]
2026-09-26T08:01:17.9203356Z info: OIBridge/SecondOrderDrive.lean:889:0: 'OIBridge.SecondOrderDrive.localConf_shearPerm_of_mem' depends on axioms: [propext, Classical.choice, Quot.sound]
2026-09-26T08:01:17.9204106Z info: OIBridge/SecondOrderDrive.lean:890:0: 'OIBridge.SecondOrderDrive.localConf_shearPerm_of_not_mem' depends on axioms: [propext, Classical.choice, Quot.sound]
2026-09-26T08:01:17.9204586Z info: OIBridge/SecondOrderDrive.lean:891:0: 'OIBridge.SecondOrderDrive.heis_shearDyn_emb' depends on axioms: [propext, Classical.choice, Quot.sound]
2026-09-26T08:01:17.9205060Z info: OIBridge/SecondOrderDrive.lean:892:0: 'OIBridge.SecondOrderDrive.layerQ_one_eq_heisQ' depends on axioms: [propext, Classical.choice, Quot.sound]
2026-09-26T08:01:17.9205534Z info: OIBridge/SecondOrderDrive.lean:893:0: 'OIBridge.SecondOrderDrive.driveQ_one_eq_heisQ' depends on axioms: [propext, Classical.choice, Quot.sound]
2026-09-26T08:01:17.9205709Z ⚠ [3523/3599] Replayed OIBridge.LiftAudit
2026-09-26T08:01:17.9205904Z warning: OIBridge/LiftAudit.lean:404:28: This simp argument is unused:
2026-09-26T08:01:17.9205992Z   zero_mul
2026-09-26T08:01:17.9205996Z 
2026-09-26T08:01:17.9206108Z Hint: Omit it from the simp argument list.
2026-09-26T08:01:17.9206533Z   [apply] simp only [hy, hz, hzτ, ne_eq, not_false_eq_true, true_and, and_false, if_true, if_false, zero_add, add_zero,
2026-09-26T08:01:17.9206617Z     mul_zero]
2026-09-26T08:01:17.9206621Z 
2026-09-26T08:01:17.9206847Z Note: This linter can be disabled with `set_option linter.unusedSimpArgs false`
2026-09-26T08:01:17.9207040Z warning: OIBridge/LiftAudit.lean:404:38: This simp argument is unused:
2026-09-26T08:01:17.9207124Z   mul_zero
2026-09-26T08:01:17.9207128Z 
2026-09-26T08:01:17.9207235Z Hint: Omit it from the simp argument list.
2026-09-26T08:01:17.9207782Z   [apply] simp only [hy, hz, hzτ, ne_eq, not_false_eq_true, true_and, and_false, if_true, if_false, zero_add, add_zero,
2026-09-26T08:01:17.9207872Z     zero_mul]
2026-09-26T08:01:17.9207876Z 
2026-09-26T08:01:17.9208089Z Note: This linter can be disabled with `set_option linter.unusedSimpArgs false`
2026-09-26T08:01:17.9208282Z warning: OIBridge/LiftAudit.lean:406:19: This simp argument is unused:
2026-09-26T08:01:17.9208363Z   hy
2026-09-26T08:01:17.9208366Z 
2026-09-26T08:01:17.9208471Z Hint: Omit it from the simp argument list.
2026-09-26T08:01:17.9208863Z   [apply] simp only [hyτ, hz, hzτ, ne_eq, not_false_eq_true, true_and, and_false, if_true, if_false, zero_add, add_zero,
2026-09-26T08:01:17.9208957Z     zero_mul, mul_zero]
2026-09-26T08:01:17.9208961Z 
2026-09-26T08:01:17.9209170Z Note: This linter can be disabled with `set_option linter.unusedSimpArgs false`
2026-09-26T08:01:17.9209361Z warning: OIBridge/LiftAudit.lean:407:40: This simp argument is unused:
2026-09-26T08:01:17.9209449Z   zero_mul
2026-09-26T08:01:17.9209452Z 
2026-09-26T08:01:17.9209555Z Hint: Omit it from the simp argument list.
2026-09-26T08:01:17.9210036Z   [apply] simp only [hy, hyτ, hz, hzτ, ne_eq, not_false_eq_true, true_and, and_false, if_true, if_false, zero_add,
2026-09-26T08:01:17.9210131Z     add_zero, mul_zero]
2026-09-26T08:01:17.9210135Z 
2026-09-26T08:01:17.9210342Z Note: This linter can be disabled with `set_option linter.unusedSimpArgs false`
2026-09-26T08:01:17.9210532Z warning: OIBridge/LiftAudit.lean:407:50: This simp argument is unused:
2026-09-26T08:01:17.9210616Z   mul_zero
2026-09-26T08:01:17.9210619Z 
2026-09-26T08:01:17.9210719Z Hint: Omit it from the simp argument list.
2026-09-26T08:01:17.9211177Z   [apply] simp only [hy, hyτ, hz, hzτ, ne_eq, not_false_eq_true, true_and, and_false, if_true, if_false, zero_add,
2026-09-26T08:01:17.9211268Z     add_zero, zero_mul]
2026-09-26T08:01:17.9211271Z 
2026-09-26T08:01:17.9211479Z Note: This linter can be disabled with `set_option linter.unusedSimpArgs false`
2026-09-26T08:01:17.9211678Z warning: OIBridge/LiftAudit.lean:408:63: This simp argument is unused:
2026-09-26T08:01:17.9211761Z   true_and
2026-09-26T08:01:17.9211765Z 
2026-09-26T08:01:17.9211867Z Hint: Omit it from the simp argument list.
2026-09-26T08:01:17.9212229Z   [apply] simp only [hy, hyτ, hz, hzτ, ne_eq, not_false_eq_true, and_false, if_true, if_false, zero_add, add_zero,
2026-09-26T08:01:17.9212318Z     zero_mul, mul_zero]
2026-09-26T08:01:17.9212321Z 
2026-09-26T08:01:17.9212528Z Note: This linter can be disabled with `set_option linter.unusedSimpArgs false`
2026-09-26T08:01:17.9212720Z warning: OIBridge/LiftAudit.lean:409:20: This simp argument is unused:
2026-09-26T08:01:17.9212793Z   zero_add
2026-09-26T08:01:17.9212801Z 
2026-09-26T08:01:17.9212902Z Hint: Omit it from the simp argument list.
2026-09-26T08:01:17.9213260Z   [apply] simp only [hy, hyτ, hz, hzτ, ne_eq, not_false_eq_true, true_and, and_false, if_true, if_false, add_zero,
2026-09-26T08:01:17.9213342Z     zero_mul, mul_zero]
2026-09-26T08:01:17.9213357Z 
2026-09-26T08:01:17.9213563Z Note: This linter can be disabled with `set_option linter.unusedSimpArgs false`
2026-09-26T08:01:17.9213994Z warning: OIBridge/LiftAudit.lean:409:50: This simp argument is unused:
2026-09-26T08:01:17.9214073Z   mul_zero
2026-09-26T08:01:17.9214077Z 
2026-09-26T08:01:17.9214185Z Hint: Omit it from the simp argument list.
2026-09-26T08:01:17.9214558Z   [apply] simp only [hy, hyτ, hz, hzτ, ne_eq, not_false_eq_true, true_and, and_false, if_true, if_false, zero_add,
2026-09-26T08:01:17.9214641Z     add_zero, zero_mul]
2026-09-26T08:01:17.9214645Z 
2026-09-26T08:01:17.9214859Z Note: This linter can be disabled with `set_option linter.unusedSimpArgs false`
2026-09-26T08:01:17.9215049Z warning: OIBridge/LiftAudit.lean:693:80: This simp argument is unused:
2026-09-26T08:01:17.9215124Z   false_and
2026-09-26T08:01:17.9215128Z 
2026-09-26T08:01:17.9215237Z Hint: Omit it from the simp argument list.
2026-09-26T08:01:17.9215532Z   [apply] simp only [phaseFun, hz, hc, if_true, if_false, ne_eq, not_true_eq_false, and_false, add_zero, one_mul,
2026-09-26T08:01:17.9215739Z     mul_one]
2026-09-26T08:01:17.9215748Z 
2026-09-26T08:01:17.9215964Z Note: This linter can be disabled with `set_option linter.unusedSimpArgs false`
2026-09-26T08:01:17.9216157Z warning: OIBridge/LiftAudit.lean:693:91: This simp argument is unused:
2026-09-26T08:01:17.9216234Z   and_false
2026-09-26T08:01:17.9216238Z 
2026-09-26T08:01:17.9216344Z Hint: Omit it from the simp argument list.
2026-09-26T08:01:17.9216637Z   [apply] simp only [phaseFun, hz, hc, if_true, if_false, ne_eq, not_true_eq_false, false_and, add_zero, one_mul,
2026-09-26T08:01:17.9216711Z     mul_one]
2026-09-26T08:01:17.9216715Z 
2026-09-26T08:01:17.9216931Z Note: This linter can be disabled with `set_option linter.unusedSimpArgs false`
2026-09-26T08:01:17.9217122Z warning: OIBridge/LiftAudit.lean:705:33: This simp argument is unused:
2026-09-26T08:01:17.9217198Z   hz'
2026-09-26T08:01:17.9217201Z 
2026-09-26T08:01:17.9217314Z Hint: Omit it from the simp argument list.
2026-09-26T08:01:17.9217740Z   [apply] simp only [phaseFun, hz, hz2, hτz, if_true, if_false, hτ, ne_eq, not_false_eq_true]
2026-09-26T08:01:17.9217745Z 
2026-09-26T08:01:17.9217956Z Note: This linter can be disabled with `set_option linter.unusedSimpArgs false`
2026-09-26T08:01:17.9218149Z warning: OIBridge/LiftAudit.lean:705:38: This simp argument is unused:
2026-09-26T08:01:17.9218229Z   hz2
2026-09-26T08:01:17.9218232Z 
2026-09-26T08:01:17.9218335Z Hint: Omit it from the simp argument list.
2026-09-26T08:01:17.9218638Z   [apply] simp only [phaseFun, hz, hz', hτz, if_true, if_false, hτ, ne_eq, not_false_eq_true]
2026-09-26T08:01:17.9218643Z 
2026-09-26T08:01:17.9218857Z Note: This linter can be disabled with `set_option linter.unusedSimpArgs false`
2026-09-26T08:01:17.9219043Z warning: OIBridge/LiftAudit.lean:705:43: This simp argument is unused:
2026-09-26T08:01:17.9219140Z   hτz
2026-09-26T08:01:17.9219144Z 
2026-09-26T08:01:17.9219252Z Hint: Omit it from the simp argument list.
2026-09-26T08:01:17.9219552Z   [apply] simp only [phaseFun, hz, hz', hz2, if_true, if_false, hτ, ne_eq, not_false_eq_true]
2026-09-26T08:01:17.9219563Z 
2026-09-26T08:01:17.9219777Z Note: This linter can be disabled with `set_option linter.unusedSimpArgs false`
2026-09-26T08:01:17.9219967Z warning: OIBridge/LiftAudit.lean:711:33: This simp argument is unused:
2026-09-26T08:01:17.9220041Z   hz'
2026-09-26T08:01:17.9220044Z 
2026-09-26T08:01:17.9220155Z Hint: Omit it from the simp argument list.
2026-09-26T08:01:17.9220444Z   [apply] simp only [phaseFun, hz, hz2, hτz, if_true, if_false, hτ, ne_eq, not_false_eq_true]
2026-09-26T08:01:17.9220457Z 
2026-09-26T08:01:17.9220664Z Note: This linter can be disabled with `set_option linter.unusedSimpArgs false`
2026-09-26T08:01:17.9220855Z warning: OIBridge/LiftAudit.lean:711:38: This simp argument is unused:
2026-09-26T08:01:17.9220928Z   hz2
2026-09-26T08:01:17.9220937Z 
2026-09-26T08:01:17.9221039Z Hint: Omit it from the simp argument list.
2026-09-26T08:01:17.9221338Z   [apply] simp only [phaseFun, hz, hz', hτz, if_true, if_false, hτ, ne_eq, not_false_eq_true]
2026-09-26T08:01:17.9221347Z 
2026-09-26T08:01:17.9221553Z Note: This linter can be disabled with `set_option linter.unusedSimpArgs false`
2026-09-26T08:01:17.9221743Z warning: OIBridge/LiftAudit.lean:711:43: This simp argument is unused:
2026-09-26T08:01:17.9221838Z   hτz
2026-09-26T08:01:17.9221841Z 
2026-09-26T08:01:17.9221944Z Hint: Omit it from the simp argument list.
2026-09-26T08:01:17.9222246Z   [apply] simp only [phaseFun, hz, hz', hz2, if_true, if_false, hτ, ne_eq, not_false_eq_true]
2026-09-26T08:01:17.9222249Z 
2026-09-26T08:01:17.9228530Z Note: This linter can be disabled with `set_option linter.unusedSimpArgs false`
2026-09-26T08:01:17.9228777Z warning: OIBridge/LiftAudit.lean:725:32: This simp argument is unused:
2026-09-26T08:01:17.9228863Z   hz
2026-09-26T08:01:17.9228868Z 
2026-09-26T08:01:17.9228995Z Hint: Omit it from the simp argument list.
2026-09-26T08:01:17.9229587Z   [apply] simp only [phaseFun, hzz, hz2, hτz, if_true, if_false, hτ, ne_eq, not_false_eq_true]
2026-09-26T08:01:17.9229593Z 
2026-09-26T08:01:17.9229847Z Note: This linter can be disabled with `set_option linter.unusedSimpArgs false`
2026-09-26T08:01:17.9230059Z warning: OIBridge/LiftAudit.lean:725:41: This simp argument is unused:
2026-09-26T08:01:17.9230155Z   hτz
2026-09-26T08:01:17.9230159Z 
2026-09-26T08:01:17.9230279Z Hint: Omit it from the simp argument list.
2026-09-26T08:01:17.9230602Z   [apply] simp only [phaseFun, hzz, hz, hz2, if_true, if_false, hτ, ne_eq, not_false_eq_true]
2026-09-26T08:01:17.9230606Z 
2026-09-26T08:01:17.9230828Z Note: This linter can be disabled with `set_option linter.unusedSimpArgs false`
2026-09-26T08:01:17.9231031Z warning: OIBridge/LiftAudit.lean:725:46: This simp argument is unused:
2026-09-26T08:01:17.9231116Z   if_true
2026-09-26T08:01:17.9231120Z 
2026-09-26T08:01:17.9231225Z Hint: Omit it from the simp argument list.
2026-09-26T08:01:17.9231526Z   [apply] simp only [phaseFun, hzz, hz, hz2, hτz, if_false, hτ, ne_eq, not_false_eq_true]
2026-09-26T08:01:17.9231536Z 
2026-09-26T08:01:17.9231886Z Note: This linter can be disabled with `set_option linter.unusedSimpArgs false`
2026-09-26T08:01:17.9232091Z warning: OIBridge/LiftAudit.lean:725:69: This simp argument is unused:
2026-09-26T08:01:17.9232169Z   ne_eq
2026-09-26T08:01:17.9232173Z 
2026-09-26T08:01:17.9232285Z Hint: Omit it from the simp argument list.
2026-09-26T08:01:17.9232605Z   [apply] simp only [phaseFun, hzz, hz, hz2, hτz, if_true, if_false, hτ, not_false_eq_true]
2026-09-26T08:01:17.9232609Z 
2026-09-26T08:01:17.9232830Z Note: This linter can be disabled with `set_option linter.unusedSimpArgs false`
2026-09-26T08:01:17.9233031Z warning: OIBridge/LiftAudit.lean:725:76: This simp argument is unused:
2026-09-26T08:01:17.9233123Z   not_false_eq_true
2026-09-26T08:01:17.9233127Z 
2026-09-26T08:01:17.9233232Z Hint: Omit it from the simp argument list.
2026-09-26T08:01:17.9233502Z   [apply] simp only [phaseFun, hzz, hz, hz2, hτz, if_true, if_false, hτ, ne_eq]
2026-09-26T08:01:17.9233514Z 
2026-09-26T08:01:17.9233914Z Note: This linter can be disabled with `set_option linter.unusedSimpArgs false`
2026-09-26T08:01:17.9234108Z warning: OIBridge/LiftAudit.lean:731:32: This simp argument is unused:
2026-09-26T08:01:17.9234189Z   hz
2026-09-26T08:01:17.9234193Z 
2026-09-26T08:01:17.9234305Z Hint: Omit it from the simp argument list.
2026-09-26T08:01:17.9234621Z   [apply] simp only [phaseFun, hzz, hz2, hτz, if_true, if_false, hτ, ne_eq, not_false_eq_true]
2026-09-26T08:01:17.9234624Z 
2026-09-26T08:01:17.9234842Z Note: This linter can be disabled with `set_option linter.unusedSimpArgs false`
2026-09-26T08:01:17.9235039Z warning: OIBridge/LiftAudit.lean:731:41: This simp argument is unused:
2026-09-26T08:01:17.9235133Z   hτz
2026-09-26T08:01:17.9235136Z 
2026-09-26T08:01:17.9235250Z Hint: Omit it from the simp argument list.
2026-09-26T08:01:17.9235563Z   [apply] simp only [phaseFun, hzz, hz, hz2, if_true, if_false, hτ, ne_eq, not_false_eq_true]
2026-09-26T08:01:17.9235573Z 
2026-09-26T08:01:17.9235791Z Note: This linter can be disabled with `set_option linter.unusedSimpArgs false`
2026-09-26T08:01:17.9235986Z warning: OIBridge/LiftAudit.lean:731:46: This simp argument is unused:
2026-09-26T08:01:17.9236074Z   if_true
2026-09-26T08:01:17.9236078Z 
2026-09-26T08:01:17.9236184Z Hint: Omit it from the simp argument list.
2026-09-26T08:01:17.9236496Z   [apply] simp only [phaseFun, hzz, hz, hz2, hτz, if_false, hτ, ne_eq, not_false_eq_true]
2026-09-26T08:01:17.9236500Z 
2026-09-26T08:01:17.9236727Z Note: This linter can be disabled with `set_option linter.unusedSimpArgs false`
2026-09-26T08:01:17.9236924Z warning: OIBridge/LiftAudit.lean:731:69: This simp argument is unused:
2026-09-26T08:01:17.9237007Z   ne_eq
2026-09-26T08:01:17.9237011Z 
2026-09-26T08:01:17.9237128Z Hint: Omit it from the simp argument list.
2026-09-26T08:01:17.9237427Z   [apply] simp only [phaseFun, hzz, hz, hz2, hτz, if_true, if_false, hτ, not_false_eq_true]
2026-09-26T08:01:17.9237557Z 
2026-09-26T08:01:17.9237789Z Note: This linter can be disabled with `set_option linter.unusedSimpArgs false`
2026-09-26T08:01:17.9237993Z warning: OIBridge/LiftAudit.lean:731:76: This simp argument is unused:
2026-09-26T08:01:17.9238078Z   not_false_eq_true
2026-09-26T08:01:17.9238082Z 
2026-09-26T08:01:17.9238198Z Hint: Omit it from the simp argument list.
2026-09-26T08:01:17.9238461Z   [apply] simp only [phaseFun, hzz, hz, hz2, hτz, if_true, if_false, hτ, ne_eq]
2026-09-26T08:01:17.9238465Z 
2026-09-26T08:01:17.9238674Z Note: This linter can be disabled with `set_option linter.unusedSimpArgs false`
2026-09-26T08:01:17.9239039Z info: OIBridge/LiftAudit.lean:870:0: 'OIBridge.LiftAudit.levelPerm_apply' depends on axioms: [propext, Quot.sound]
2026-09-26T08:01:17.9239414Z info: OIBridge/LiftAudit.lean:871:0: 'OIBridge.LiftAudit.levelPerm_involutive' depends on axioms: [propext, Quot.sound]
2026-09-26T08:01:17.9239818Z info: OIBridge/LiftAudit.lean:872:0: 'OIBridge.LiftAudit.permMat_star' depends on axioms: [propext, Classical.choice, Quot.sound]
2026-09-26T08:01:17.9240372Z info: OIBridge/LiftAudit.lean:873:0: 'OIBridge.LiftAudit.gateFlow_unitary' depends on axioms: [propext, Classical.choice, Quot.sound]
2026-09-26T08:01:17.9240793Z info: OIBridge/LiftAudit.lean:874:0: 'OIBridge.LiftAudit.gateFlow_group' depends on axioms: [propext, Classical.choice, Quot.sound]
2026-09-26T08:01:17.9241192Z info: OIBridge/LiftAudit.lean:875:0: 'OIBridge.LiftAudit.gateFlow_zero' depends on axioms: [propext, Classical.choice, Quot.sound]
2026-09-26T08:01:17.9241587Z info: OIBridge/LiftAudit.lean:876:0: 'OIBridge.LiftAudit.gateFlow_one' depends on axioms: [propext, Classical.choice, Quot.sound]
2026-09-26T08:01:17.9241991Z info: OIBridge/LiftAudit.lean:877:0: 'OIBridge.LiftAudit.gateFlow_trace' depends on axioms: [propext, Classical.choice, Quot.sound]
2026-09-26T08:01:17.9242389Z info: OIBridge/LiftAudit.lean:878:0: 'OIBridge.LiftAudit.gateFlow_stage' depends on axioms: [propext, Classical.choice, Quot.sound]
2026-09-26T08:01:17.9242878Z info: OIBridge/LiftAudit.lean:879:0: 'OIBridge.LiftAudit.layerFlowExecutable_of_control' depends on axioms: [propext, Classical.choice, Quot.sound]
2026-09-26T08:01:17.9243267Z info: OIBridge/LiftAudit.lean:880:0: 'OIBridge.LiftAudit.exp_pi_I_half' depends on axioms: [propext, Classical.choice, Quot.sound]
2026-09-26T08:01:17.9243925Z info: OIBridge/LiftAudit.lean:881:0: 'OIBridge.LiftAudit.permMat_apply_self' depends on axioms: [propext, Classical.choice, Quot.sound]
2026-09-26T08:01:17.9244360Z info: OIBridge/LiftAudit.lean:882:0: 'OIBridge.LiftAudit.permMat_apply_moved' depends on axioms: [propext, Classical.choice, Quot.sound]
2026-09-26T08:01:17.9244793Z info: OIBridge/LiftAudit.lean:883:0: 'OIBridge.LiftAudit.gateFlow_half_entries' depends on axioms: [propext, Classical.choice, Quot.sound]
2026-09-26T08:01:17.9245258Z info: OIBridge/LiftAudit.lean:884:0: 'OIBridge.LiftAudit.gateFlow_half_not_preservesDiag' depends on axioms: [propext, Classical.choice, Quot.sound]
2026-09-26T08:01:17.9245680Z info: OIBridge/LiftAudit.lean:885:0: 'OIBridge.LiftAudit.configurationLevel_not_layerFlowExecutable' depends on axioms: [propext,
2026-09-26T08:01:17.9245777Z  Classical.choice,
2026-09-26T08:01:17.9245859Z  Quot.sound]
2026-09-26T08:01:17.9246381Z info: OIBridge/LiftAudit.lean:886:0: 'OIBridge.LiftAudit.substratumTheory_not_layerFlowExecutable' depends on axioms: [propext, Classical.choice, Quot.sound]
2026-09-26T08:01:17.9246804Z info: OIBridge/LiftAudit.lean:887:0: 'OIBridge.LiftAudit.exp_smul_idempotent' depends on axioms: [propext, Classical.choice, Quot.sound]
2026-09-26T08:01:17.9247248Z info: OIBridge/LiftAudit.lean:888:0: 'OIBridge.LiftAudit.transition_mul_transition' depends on axioms: [propext, Classical.choice, Quot.sound]
2026-09-26T08:01:17.9247689Z info: OIBridge/LiftAudit.lean:889:0: 'OIBridge.LiftAudit.pairProj_mul_transition' depends on axioms: [propext, Classical.choice, Quot.sound]
2026-09-26T08:01:17.9248127Z info: OIBridge/LiftAudit.lean:890:0: 'OIBridge.LiftAudit.transition_mul_pairProj' depends on axioms: [propext, Classical.choice, Quot.sound]
2026-09-26T08:01:17.9248694Z info: OIBridge/LiftAudit.lean:891:0: 'OIBridge.LiftAudit.pairProj_mul_pairProj' depends on axioms: [propext, Classical.choice, Quot.sound]
2026-09-26T08:01:17.9249150Z info: OIBridge/LiftAudit.lean:892:0: 'OIBridge.LiftAudit.flow_transition_closedForm' depends on axioms: [propext, Classical.choice, Quot.sound]
2026-09-26T08:01:17.9249537Z info: OIBridge/LiftAudit.lean:893:0: 'OIBridge.LiftAudit.orb_apply' depends on axioms: [propext, Classical.choice, Quot.sound]
2026-09-26T08:01:17.9249908Z info: OIBridge/LiftAudit.lean:894:0: 'OIBridge.LiftAudit.orb_ext' depends on axioms: [propext, Classical.choice, Quot.sound]
2026-09-26T08:01:17.9250304Z info: OIBridge/LiftAudit.lean:895:0: 'OIBridge.LiftAudit.sum_mul_ite_eq' depends on axioms: [propext, Classical.choice, Quot.sound]
2026-09-26T08:01:17.9250711Z info: OIBridge/LiftAudit.lean:896:0: 'OIBridge.LiftAudit.sum_mul_ite_and_eq' depends on axioms: [propext, Classical.choice, Quot.sound]
2026-09-26T08:01:17.9251189Z info: OIBridge/LiftAudit.lean:897:0: 'OIBridge.LiftAudit.orb_mul' depends on axioms: [propext, Classical.choice, Quot.sound]
2026-09-26T08:01:17.9251573Z info: OIBridge/LiftAudit.lean:898:0: 'OIBridge.LiftAudit.one_eq_orb' depends on axioms: [propext, Classical.choice, Quot.sound]
2026-09-26T08:01:17.9251981Z info: OIBridge/LiftAudit.lean:899:0: 'OIBridge.LiftAudit.diagonal_eq_orb' depends on axioms: [propext, Classical.choice, Quot.sound]
2026-09-26T08:01:17.9252383Z info: OIBridge/LiftAudit.lean:900:0: 'OIBridge.LiftAudit.permMat_eq_orb' depends on axioms: [propext, Classical.choice, Quot.sound]
2026-09-26T08:01:17.9252747Z info: OIBridge/LiftAudit.lean:901:0: 'OIBridge.LiftAudit.orb_add' depends on axioms: [propext, Classical.choice, Quot.sound]
2026-09-26T08:01:17.9253120Z info: OIBridge/LiftAudit.lean:902:0: 'OIBridge.LiftAudit.orb_sub' depends on axioms: [propext, Classical.choice, Quot.sound]
2026-09-26T08:01:17.9253498Z info: OIBridge/LiftAudit.lean:903:0: 'OIBridge.LiftAudit.orb_smul' depends on axioms: [propext, Classical.choice, Quot.sound]
2026-09-26T08:01:17.9254131Z info: OIBridge/LiftAudit.lean:904:0: 'OIBridge.LiftAudit.gateFlow_eq_orb' depends on axioms: [propext, Classical.choice, Quot.sound]
2026-09-26T08:01:17.9254603Z info: OIBridge/LiftAudit.lean:905:0: 'OIBridge.LiftAudit.diagonal_mul_orb_mul_diagonal' depends on axioms: [propext, Classical.choice, Quot.sound]
2026-09-26T08:01:17.9255013Z info: OIBridge/LiftAudit.lean:906:0: 'OIBridge.LiftAudit.diagonal_mul_orb' depends on axioms: [propext, Classical.choice, Quot.sound]
2026-09-26T08:01:17.9255411Z info: OIBridge/LiftAudit.lean:907:0: 'OIBridge.LiftAudit.pairProj_eq_orb' depends on axioms: [propext, Classical.choice, Quot.sound]
2026-09-26T08:01:17.9255827Z info: OIBridge/LiftAudit.lean:908:0: 'OIBridge.LiftAudit.transition_eq_orb' depends on axioms: [propext, Classical.choice, Quot.sound]
2026-09-26T08:01:17.9256261Z info: OIBridge/LiftAudit.lean:909:0: 'OIBridge.LiftAudit.flow_transition_eq_orb' depends on axioms: [propext, Classical.choice, Quot.sound]
2026-09-26T08:01:17.9256651Z info: OIBridge/LiftAudit.lean:910:0: 'OIBridge.LiftAudit.signFun_sq' depends on axioms: [propext, Classical.choice, Quot.sound]
2026-09-26T08:01:17.9257046Z info: OIBridge/LiftAudit.lean:911:0: 'OIBridge.LiftAudit.signFun_star' depends on axioms: [propext, Classical.choice, Quot.sound]
2026-09-26T08:01:17.9257439Z info: OIBridge/LiftAudit.lean:912:0: 'OIBridge.LiftAudit.signFun_mul' depends on axioms: [propext, Classical.choice, Quot.sound]
2026-09-26T08:01:17.9257831Z info: OIBridge/LiftAudit.lean:913:0: 'OIBridge.LiftAudit.phaseFun_star' depends on axioms: [propext, Classical.choice, Quot.sound]
2026-09-26T08:01:17.9258250Z info: OIBridge/LiftAudit.lean:914:0: 'OIBridge.LiftAudit.gateFlow_isolation' depends on axioms: [propext, Classical.choice, Quot.sound]
2026-09-26T08:01:17.9258745Z info: OIBridge/LiftAudit.lean:915:0: 'OIBridge.LiftAudit.substratumTheory_substratumAvail' depends on axioms: [propext, Classical.choice, Quot.sound]
2026-09-26T08:01:17.9259316Z info: OIBridge/LiftAudit.lean:916:0: 'OIBridge.LiftAudit.diagonal_avail' depends on axioms: [propext, Classical.choice, Quot.sound]
2026-09-26T08:01:17.9259798Z info: OIBridge/LiftAudit.lean:917:0: 'OIBridge.LiftAudit.conjChannel_comp_conjChannel' depends on axioms: [propext, Classical.choice, Quot.sound]
2026-09-26T08:01:17.9260202Z info: OIBridge/LiftAudit.lean:918:0: 'OIBridge.LiftAudit.avail_conj_mul' depends on axioms: [propext, Classical.choice, Quot.sound]
2026-09-26T08:01:17.9260678Z info: OIBridge/LiftAudit.lean:919:0: 'OIBridge.LiftAudit.phaseFree_of_layerFlowExecutable' depends on axioms: [propext, Classical.choice, Quot.sound]
2026-09-26T08:01:17.9261173Z info: OIBridge/LiftAudit.lean:920:0: 'OIBridge.LiftAudit.derivedOI_qm_iff_layerFlowExecutable' depends on axioms: [propext, Classical.choice, Quot.sound]
2026-09-26T08:01:17.9261611Z info: OIBridge/LiftAudit.lean:921:0: 'OIBridge.LiftAudit.regionSwap_involutive'' depends on axioms: [propext, Classical.choice, Quot.sound]
2026-09-26T08:01:17.9262135Z info: OIBridge/LiftAudit.lean:922:0: 'OIBridge.LiftAudit.regionSwap_moves' depends on axioms: [propext, Classical.choice, Quot.sound]
2026-09-26T08:01:17.9262556Z info: OIBridge/LiftAudit.lean:923:0: 'OIBridge.LiftAudit.substratumTheory_not_layerFlowExecutable_swap' depends on axioms: [propext,
2026-09-26T08:01:17.9262649Z  Classical.choice,
2026-09-26T08:01:17.9262729Z  Quot.sound]
2026-09-26T08:01:17.9263237Z info: OIBridge/LiftAudit.lean:924:0: 'OIBridge.LiftAudit.phaseFree_of_layerFlowExecutable_swap' depends on axioms: [propext, Classical.choice, Quot.sound]
2026-09-26T08:01:17.9263768Z info: OIBridge/LiftAudit.lean:925:0: 'OIBridge.LiftAudit.derivedOI_qm_iff_layerFlowExecutable_swap' depends on axioms: [propext,
2026-09-26T08:01:17.9263856Z  Classical.choice,
2026-09-26T08:01:17.9263941Z  Quot.sound]
2026-09-26T08:01:17.9264173Z ℹ [3524/3599] Replayed OIBridge.SubstratumInterfaceAudit
2026-09-26T08:01:17.9264715Z info: OIBridge/SubstratumInterfaceAudit.lean:870:0: 'OIBridge.SubstratumInterfaceAudit.Substratum.a2_every_substratum' depends on axioms: [propext,
2026-09-26T08:01:17.9264820Z  Classical.choice,
2026-09-26T08:01:17.9264905Z  Quot.sound]
2026-09-26T08:01:17.9265488Z info: OIBridge/SubstratumInterfaceAudit.lean:871:0: 'OIBridge.SubstratumInterfaceAudit.Substratum.a1_of_finite' depends on axioms: [propext, Classical.choice, Quot.sound]
2026-09-26T08:01:17.9266076Z info: OIBridge/SubstratumInterfaceAudit.lean:872:0: 'OIBridge.SubstratumInterfaceAudit.Substratum.a3_of_fintype' depends on axioms: [propext, Classical.choice, Quot.sound]
2026-09-26T08:01:17.9266654Z info: OIBridge/SubstratumInterfaceAudit.lean:873:0: 'OIBridge.SubstratumInterfaceAudit.Substratum.a4_of_exact' depends on axioms: [propext, Classical.choice, Quot.sound]
2026-09-26T08:01:17.9267107Z info: OIBridge/SubstratumInterfaceAudit.lean:874:0: 'OIBridge.SubstratumInterfaceAudit.dir_flip' depends on axioms: [propext, Quot.sound]
2026-09-26T08:01:17.9267642Z info: OIBridge/SubstratumInterfaceAudit.lean:875:0: 'OIBridge.SubstratumInterfaceAudit.mem_nbrs_symm' depends on axioms: [propext, Classical.choice, Quot.sound]
2026-09-26T08:01:17.9268213Z info: OIBridge/SubstratumInterfaceAudit.lean:876:0: 'OIBridge.SubstratumInterfaceAudit.waveSubstratum_A1' depends on axioms: [propext, Classical.choice, Quot.sound]
2026-09-26T08:01:17.9268784Z info: OIBridge/SubstratumInterfaceAudit.lean:877:0: 'OIBridge.SubstratumInterfaceAudit.waveSubstratum_A2' depends on axioms: [propext, Classical.choice, Quot.sound]
2026-09-26T08:01:17.9269358Z info: OIBridge/SubstratumInterfaceAudit.lean:878:0: 'OIBridge.SubstratumInterfaceAudit.waveSubstratum_A3' depends on axioms: [propext, Classical.choice, Quot.sound]
2026-09-26T08:01:17.9269955Z info: OIBridge/SubstratumInterfaceAudit.lean:879:0: 'OIBridge.SubstratumInterfaceAudit.waveSubstratum_A4Exact' depends on axioms: [propext, Classical.choice, Quot.sound]
2026-09-26T08:01:17.9270519Z info: OIBridge/SubstratumInterfaceAudit.lean:880:0: 'OIBridge.SubstratumInterfaceAudit.waveSubstratum_A5' depends on axioms: [propext, Classical.choice, Quot.sound]
2026-09-26T08:01:17.9271222Z info: OIBridge/SubstratumInterfaceAudit.lean:881:0: 'OIBridge.SubstratumInterfaceAudit.scaledPartialPerm_iff' depends on axioms: [propext, Classical.choice, Quot.sound]
2026-09-26T08:01:17.9271768Z info: OIBridge/SubstratumInterfaceAudit.lean:882:0: 'OIBridge.SubstratumInterfaceAudit.scaled_one_aux' depends on axioms: [propext, Classical.choice, Quot.sound]
2026-09-26T08:01:17.9272299Z info: OIBridge/SubstratumInterfaceAudit.lean:883:0: 'OIBridge.SubstratumInterfaceAudit.scaled_mul' depends on axioms: [propext, Classical.choice, Quot.sound]
2026-09-26T08:01:17.9272828Z info: OIBridge/SubstratumInterfaceAudit.lean:884:0: 'OIBridge.SubstratumInterfaceAudit.scaled_smul' depends on axioms: [propext, Classical.choice, Quot.sound]
2026-09-26T08:01:17.9273420Z info: OIBridge/SubstratumInterfaceAudit.lean:885:0: 'OIBridge.SubstratumInterfaceAudit.scaled_diagonal_indicator' depends on axioms: [propext, Classical.choice, Quot.sound]
2026-09-26T08:01:17.9274196Z info: OIBridge/SubstratumInterfaceAudit.lean:886:0: 'OIBridge.SubstratumInterfaceAudit.scaled_block' depends on axioms: [propext, Classical.choice, Quot.sound]
2026-09-26T08:01:17.9274755Z info: OIBridge/SubstratumInterfaceAudit.lean:887:0: 'OIBridge.SubstratumInterfaceAudit.scaled_tensor_one' depends on axioms: [propext, Classical.choice, Quot.sound]
2026-09-26T08:01:17.9275302Z info: OIBridge/SubstratumInterfaceAudit.lean:888:0: 'OIBridge.SubstratumInterfaceAudit.scaled_reindex' depends on axioms: [propext, Classical.choice, Quot.sound]
2026-09-26T08:01:17.9275874Z info: OIBridge/SubstratumInterfaceAudit.lean:889:0: 'OIBridge.SubstratumInterfaceAudit.scaled_conjTranspose' depends on axioms: [propext, Classical.choice, Quot.sound]
2026-09-26T08:01:17.9276420Z info: OIBridge/SubstratumInterfaceAudit.lean:890:0: 'OIBridge.SubstratumInterfaceAudit.permClass_arch' depends on axioms: [propext, Classical.choice, Quot.sound]
2026-09-26T08:01:17.9277011Z info: OIBridge/SubstratumInterfaceAudit.lean:891:0: 'OIBridge.SubstratumInterfaceAudit.permClass_contextStable' depends on axioms: [propext, Classical.choice, Quot.sound]
2026-09-26T08:01:17.9277600Z info: OIBridge/SubstratumInterfaceAudit.lean:892:0: 'OIBridge.SubstratumInterfaceAudit.permClass_labelInvariant' depends on axioms: [propext, Classical.choice, Quot.sound]
2026-09-26T08:01:17.9278179Z info: OIBridge/SubstratumInterfaceAudit.lean:893:0: 'OIBridge.SubstratumInterfaceAudit.permClass_daggerStable' depends on axioms: [propext, Classical.choice, Quot.sound]
2026-09-26T08:01:17.9278681Z info: OIBridge/SubstratumInterfaceAudit.lean:894:0: 'OIBridge.SubstratumInterfaceAudit.permClass_unitaryRaySaturated' depends on axioms: [propext,
2026-09-26T08:01:17.9278775Z  Classical.choice,
2026-09-26T08:01:17.9278860Z  Quot.sound]
2026-09-26T08:01:17.9279427Z info: OIBridge/SubstratumInterfaceAudit.lean:895:0: 'OIBridge.SubstratumInterfaceAudit.permClass_permMatrix' depends on axioms: [propext, Classical.choice, Quot.sound]
2026-09-26T08:01:17.9279998Z info: OIBridge/SubstratumInterfaceAudit.lean:896:0: 'OIBridge.SubstratumInterfaceAudit.permClass_readWrite' depends on axioms: [propext, Classical.choice, Quot.sound]
2026-09-26T08:01:17.9280581Z info: OIBridge/SubstratumInterfaceAudit.lean:897:0: 'OIBridge.SubstratumInterfaceAudit.permClass_le_substratum' depends on axioms: [propext, Classical.choice, Quot.sound]
2026-09-26T08:01:17.9281125Z info: OIBridge/SubstratumInterfaceAudit.lean:898:0: 'OIBridge.SubstratumInterfaceAudit.ancBlock_flipOn' depends on axioms: [propext, Classical.choice, Quot.sound]
2026-09-26T08:01:17.9281710Z info: OIBridge/SubstratumInterfaceAudit.lean:899:0: 'OIBridge.SubstratumInterfaceAudit.permClass_le_of_exchanges' depends on axioms: [propext, Classical.choice, Quot.sound]
2026-09-26T08:01:17.9282296Z info: OIBridge/SubstratumInterfaceAudit.lean:900:0: 'OIBridge.SubstratumInterfaceAudit.permClass_bijectionLevel' depends on axioms: [propext, Classical.choice, Quot.sound]
2026-09-26T08:01:17.9282931Z info: OIBridge/SubstratumInterfaceAudit.lean:901:0: 'OIBridge.SubstratumInterfaceAudit.bijectionLevel_configurationLevel' depends on axioms: [propext,
2026-09-26T08:01:17.9283024Z  Classical.choice,
2026-09-26T08:01:17.9283107Z  Quot.sound]
2026-09-26T08:01:17.9283808Z info: OIBridge/SubstratumInterfaceAudit.lean:902:0: 'OIBridge.SubstratumInterfaceAudit.preservesNonneg_conj_of_scaled' depends on axioms: [propext,
2026-09-26T08:01:17.9283912Z  Classical.choice,
2026-09-26T08:01:17.9283998Z  Quot.sound]
2026-09-26T08:01:17.9284578Z info: OIBridge/SubstratumInterfaceAudit.lean:903:0: 'OIBridge.SubstratumInterfaceAudit.preservesNonneg_sum' depends on axioms: [propext, Classical.choice, Quot.sound]
2026-09-26T08:01:17.9285080Z info: OIBridge/SubstratumInterfaceAudit.lean:904:0: 'OIBridge.SubstratumInterfaceAudit.preservesNonneg_of_realized' depends on axioms: [propext,
2026-09-26T08:01:17.9285168Z  Classical.choice,
2026-09-26T08:01:17.9285245Z  Quot.sound]
2026-09-26T08:01:17.9285772Z info: OIBridge/SubstratumInterfaceAudit.lean:905:0: 'OIBridge.SubstratumInterfaceAudit.diagonal_nonneg_of_preservesNonneg' depends on axioms: [propext,
2026-09-26T08:01:17.9285993Z  Classical.choice,
2026-09-26T08:01:17.9286075Z  Quot.sound]
2026-09-26T08:01:17.9286576Z info: OIBridge/SubstratumInterfaceAudit.lean:906:0: 'OIBridge.SubstratumInterfaceAudit.phaseGate_not_preservesNonneg' depends on axioms: [propext,
2026-09-26T08:01:17.9286664Z  Classical.choice,
2026-09-26T08:01:17.9286742Z  Quot.sound]
2026-09-26T08:01:17.9287323Z info: OIBridge/SubstratumInterfaceAudit.lean:907:0: 'OIBridge.SubstratumInterfaceAudit.sign_not_preservesNonneg' depends on axioms: [propext, Classical.choice, Quot.sound]
2026-09-26T08:01:17.9287846Z info: OIBridge/SubstratumInterfaceAudit.lean:908:0: 'OIBridge.SubstratumInterfaceAudit.bijectionLevel_not_phasesAvailable' depends on axioms: [propext,
2026-09-26T08:01:17.9287932Z  Classical.choice,
2026-09-26T08:01:17.9288015Z  Quot.sound]
2026-09-26T08:01:17.9288534Z info: OIBridge/SubstratumInterfaceAudit.lean:909:0: 'OIBridge.SubstratumInterfaceAudit.bijectionLevel_diagonal_only_scalar' depends on axioms: [propext,
2026-09-26T08:01:17.9288633Z  Classical.choice,
2026-09-26T08:01:17.9288717Z  Quot.sound]
2026-09-26T08:01:17.9289293Z info: OIBridge/SubstratumInterfaceAudit.lean:910:0: 'OIBridge.SubstratumInterfaceAudit.permTheory_avail_conj' depends on axioms: [propext, Classical.choice, Quot.sound]
2026-09-26T08:01:17.9289793Z info: OIBridge/SubstratumInterfaceAudit.lean:911:0: 'OIBridge.SubstratumInterfaceAudit.derivedOI_iff_sourcedOI_phases' depends on axioms: [propext,
2026-09-26T08:01:17.9289884Z  Classical.choice,
2026-09-26T08:01:17.9289961Z  Quot.sound]
2026-09-26T08:01:17.9290536Z info: OIBridge/SubstratumInterfaceAudit.lean:912:0: 'OIBridge.SubstratumInterfaceAudit.sourcedOI_of_derivedOI' depends on axioms: [propext, Classical.choice, Quot.sound]
2026-09-26T08:01:17.9291084Z info: OIBridge/SubstratumInterfaceAudit.lean:913:0: 'OIBridge.SubstratumInterfaceAudit.sourcedOI_of_qm' depends on axioms: [propext, Classical.choice, Quot.sound]
2026-09-26T08:01:17.9291659Z info: OIBridge/SubstratumInterfaceAudit.lean:914:0: 'OIBridge.SubstratumInterfaceAudit.exchanges_of_readWrite' depends on axioms: [propext, Classical.choice, Quot.sound]
2026-09-26T08:01:17.9292143Z info: OIBridge/SubstratumInterfaceAudit.lean:915:0: 'OIBridge.SubstratumInterfaceAudit.sourcedOI_qm_iff_phaseFree' depends on axioms: [propext,
2026-09-26T08:01:17.9292233Z  Classical.choice,
2026-09-26T08:01:17.9292310Z  Quot.sound]
2026-09-26T08:01:17.9292883Z info: OIBridge/SubstratumInterfaceAudit.lean:916:0: 'OIBridge.SubstratumInterfaceAudit.permTheory_sourcedOI' depends on axioms: [propext, Classical.choice, Quot.sound]
2026-09-26T08:01:17.9293385Z info: OIBridge/SubstratumInterfaceAudit.lean:917:0: 'OIBridge.SubstratumInterfaceAudit.permTheory_not_phasesAvailable' depends on axioms: [propext,
2026-09-26T08:01:17.9293468Z  Classical.choice,
2026-09-26T08:01:17.9293551Z  Quot.sound]
2026-09-26T08:01:17.9294273Z info: OIBridge/SubstratumInterfaceAudit.lean:918:0: 'OIBridge.SubstratumInterfaceAudit.permTheory_diagonal_only_scalar' depends on axioms: [propext,
2026-09-26T08:01:17.9294503Z  Classical.choice,
2026-09-26T08:01:17.9294592Z  Quot.sound]
2026-09-26T08:01:17.9295164Z info: OIBridge/SubstratumInterfaceAudit.lean:919:0: 'OIBridge.SubstratumInterfaceAudit.permTheory_no_sign' depends on axioms: [propext, Classical.choice, Quot.sound]
2026-09-26T08:01:17.9295746Z info: OIBridge/SubstratumInterfaceAudit.lean:920:0: 'OIBridge.SubstratumInterfaceAudit.permTheory_not_derivedOI' depends on axioms: [propext, Classical.choice, Quot.sound]
2026-09-26T08:01:17.9296260Z info: OIBridge/SubstratumInterfaceAudit.lean:921:0: 'OIBridge.SubstratumInterfaceAudit.substratumAvail_phasesAvailable' depends on axioms: [propext,
2026-09-26T08:01:17.9296351Z  Classical.choice,
2026-09-26T08:01:17.9296429Z  Quot.sound]
2026-09-26T08:01:17.9296934Z info: OIBridge/SubstratumInterfaceAudit.lean:922:0: 'OIBridge.SubstratumInterfaceAudit.permTheory_not_substratumAvail' depends on axioms: [propext,
2026-09-26T08:01:17.9297033Z  Classical.choice,
2026-09-26T08:01:17.9297112Z  Quot.sound]
2026-09-26T08:01:17.9297735Z info: OIBridge/SubstratumInterfaceAudit.lean:923:0: 'OIBridge.SubstratumInterfaceAudit.permTheory_availExt_le_substratum' depends on axioms: [propext,
2026-09-26T08:01:17.9297821Z  Classical.choice,
2026-09-26T08:01:17.9297907Z  Quot.sound]
2026-09-26T08:01:17.9298487Z info: OIBridge/SubstratumInterfaceAudit.lean:924:0: 'OIBridge.SubstratumInterfaceAudit.permTheory_not_control' depends on axioms: [propext, Classical.choice, Quot.sound]
2026-09-26T08:01:17.9299069Z info: OIBridge/SubstratumInterfaceAudit.lean:925:0: 'OIBridge.SubstratumInterfaceAudit.permTheory_not_phaseFree' depends on axioms: [propext, Classical.choice, Quot.sound]
2026-09-26T08:01:17.9299634Z info: OIBridge/SubstratumInterfaceAudit.lean:926:0: 'OIBridge.SubstratumInterfaceAudit.permTheory_not_qm' depends on axioms: [propext, Classical.choice, Quot.sound]
2026-09-26T08:01:17.9300202Z info: OIBridge/SubstratumInterfaceAudit.lean:927:0: 'OIBridge.SubstratumInterfaceAudit.permTheory_relabel' depends on axioms: [propext, Classical.choice, Quot.sound]
2026-09-26T08:01:17.9300722Z info: OIBridge/SubstratumInterfaceAudit.lean:928:0: 'OIBridge.SubstratumInterfaceAudit.permTheory_realizesSealedOICore' depends on axioms: [propext,
2026-09-26T08:01:17.9300806Z  Classical.choice,
2026-09-26T08:01:17.9300891Z  Quot.sound]
2026-09-26T08:01:17.9301392Z info: OIBridge/SubstratumInterfaceAudit.lean:929:0: 'OIBridge.SubstratumInterfaceAudit.permTheory_falsifierUnavailable' depends on axioms: [propext,
2026-09-26T08:01:17.9301482Z  Classical.choice,
2026-09-26T08:01:17.9301567Z  Quot.sound]
2026-09-26T08:01:17.9302129Z info: OIBridge/SubstratumInterfaceAudit.lean:930:0: 'OIBridge.SubstratumInterfaceAudit.permTheory_twoState' depends on axioms: [propext, Classical.choice, Quot.sound]
2026-09-26T08:01:17.9302711Z info: OIBridge/SubstratumInterfaceAudit.lean:931:0: 'OIBridge.SubstratumInterfaceAudit.obsTheory_eq_permTheory' depends on axioms: [propext, Classical.choice, Quot.sound]
2026-09-26T08:01:17.9303205Z info: OIBridge/SubstratumInterfaceAudit.lean:932:0: 'OIBridge.SubstratumInterfaceAudit.obsTheory_rule_independent' depends on axioms: [propext,
2026-09-26T08:01:17.9303288Z  Classical.choice,
2026-09-26T08:01:17.9303373Z  Quot.sound]
2026-09-26T08:01:17.9304013Z info: OIBridge/SubstratumInterfaceAudit.lean:933:0: 'OIBridge.SubstratumInterfaceAudit.obs_a1' depends on axioms: [propext, Classical.choice, Quot.sound]
2026-09-26T08:01:17.9304563Z info: OIBridge/SubstratumInterfaceAudit.lean:934:0: 'OIBridge.SubstratumInterfaceAudit.obs_dynamics_avail' depends on axioms: [propext, Classical.choice, Quot.sound]
2026-09-26T08:01:17.9305137Z info: OIBridge/SubstratumInterfaceAudit.lean:935:0: 'OIBridge.SubstratumInterfaceAudit.obs_dynamics_inv_avail' depends on axioms: [propext, Classical.choice, Quot.sound]
2026-09-26T08:01:17.9305680Z info: OIBridge/SubstratumInterfaceAudit.lean:936:0: 'OIBridge.SubstratumInterfaceAudit.obs_shear_avail' depends on axioms: [propext, Classical.choice, Quot.sound]
2026-09-26T08:01:17.9306342Z info: OIBridge/SubstratumInterfaceAudit.lean:937:0: 'OIBridge.SubstratumInterfaceAudit.obs_swap_avail' depends on axioms: [propext, Classical.choice, Quot.sound]
2026-09-26T08:01:17.9306914Z info: OIBridge/SubstratumInterfaceAudit.lean:938:0: 'OIBridge.SubstratumInterfaceAudit.obs_readWriteAvailable' depends on axioms: [propext, Classical.choice, Quot.sound]
2026-09-26T08:01:17.9307489Z info: OIBridge/SubstratumInterfaceAudit.lean:939:0: 'OIBridge.SubstratumInterfaceAudit.obs_exchangesAvailable' depends on axioms: [propext, Classical.choice, Quot.sound]
2026-09-26T08:01:17.9308071Z info: OIBridge/SubstratumInterfaceAudit.lean:940:0: 'OIBridge.SubstratumInterfaceAudit.obs_embeddedObservation' depends on axioms: [propext, Classical.choice, Quot.sound]
2026-09-26T08:01:17.9308598Z info: OIBridge/SubstratumInterfaceAudit.lean:941:0: 'OIBridge.SubstratumInterfaceAudit.obs_reversibleImplementationLocality' depends on axioms: [propext,
2026-09-26T08:01:17.9308694Z  Classical.choice,
2026-09-26T08:01:17.9308779Z  Quot.sound]
2026-09-26T08:01:17.9309407Z info: OIBridge/SubstratumInterfaceAudit.lean:942:0: 'OIBridge.SubstratumInterfaceAudit.obs_sourcedOI' depends on axioms: [propext, Classical.choice, Quot.sound]
2026-09-26T08:01:17.9309987Z info: OIBridge/SubstratumInterfaceAudit.lean:943:0: 'OIBridge.SubstratumInterfaceAudit.obs_not_phasesAvailable' depends on axioms: [propext, Classical.choice, Quot.sound]
2026-09-26T08:01:17.9310477Z info: OIBridge/SubstratumInterfaceAudit.lean:944:0: 'OIBridge.SubstratumInterfaceAudit.obs_diagonal_avail_only_scalar' depends on axioms: [propext,
2026-09-26T08:01:17.9310561Z  Classical.choice,
2026-09-26T08:01:17.9310645Z  Quot.sound]
2026-09-26T08:01:17.9311195Z info: OIBridge/SubstratumInterfaceAudit.lean:945:0: 'OIBridge.SubstratumInterfaceAudit.obs_not_derivedOI' depends on axioms: [propext, Classical.choice, Quot.sound]
2026-09-26T08:01:17.9311763Z info: OIBridge/SubstratumInterfaceAudit.lean:946:0: 'OIBridge.SubstratumInterfaceAudit.obs_not_substratumAvail' depends on axioms: [propext, Classical.choice, Quot.sound]
2026-09-26T08:01:17.9312248Z info: OIBridge/SubstratumInterfaceAudit.lean:947:0: 'OIBridge.SubstratumInterfaceAudit.obs_availExt_le_substratum' depends on axioms: [propext,
2026-09-26T08:01:17.9312338Z  Classical.choice,
2026-09-26T08:01:17.9312416Z  Quot.sound]
2026-09-26T08:01:17.9312956Z info: OIBridge/SubstratumInterfaceAudit.lean:948:0: 'OIBridge.SubstratumInterfaceAudit.obs_not_control' depends on axioms: [propext, Classical.choice, Quot.sound]
2026-09-26T08:01:17.9313504Z info: OIBridge/SubstratumInterfaceAudit.lean:949:0: 'OIBridge.SubstratumInterfaceAudit.obs_not_phaseFree' depends on axioms: [propext, Classical.choice, Quot.sound]
2026-09-26T08:01:17.9314140Z info: OIBridge/SubstratumInterfaceAudit.lean:950:0: 'OIBridge.SubstratumInterfaceAudit.obs_not_qm' depends on axioms: [propext, Classical.choice, Quot.sound]
2026-09-26T08:01:17.9314703Z info: OIBridge/SubstratumInterfaceAudit.lean:951:0: 'OIBridge.SubstratumInterfaceAudit.obs_qm_iff_phaseFree' depends on axioms: [propext, Classical.choice, Quot.sound]
2026-09-26T08:01:17.9314904Z ℹ [3525/3599] Replayed OIBridge.HydroSourceAudit
2026-09-26T08:01:17.9315262Z info: OIBridge/HydroSourceAudit.lean:905:0: 'OIBridge.HydroSourceAudit.curOf_add' does not depend on any axioms
2026-09-26T08:01:17.9315616Z info: OIBridge/HydroSourceAudit.lean:906:0: 'OIBridge.HydroSourceAudit.prevOf_add' does not depend on any axioms
2026-09-26T08:01:17.9315966Z info: OIBridge/HydroSourceAudit.lean:907:0: 'OIBridge.HydroSourceAudit.curOf_leap' does not depend on any axioms
2026-09-26T08:01:17.9316391Z info: OIBridge/HydroSourceAudit.lean:908:0: 'OIBridge.HydroSourceAudit.map_zero_of_additive' depends on axioms: [propext, Quot.sound]
2026-09-26T08:01:17.9316908Z info: OIBridge/HydroSourceAudit.lean:909:0: 'OIBridge.HydroSourceAudit.coarse_evolution_additive' depends on axioms: [propext, Classical.choice, Quot.sound]
2026-09-26T08:01:17.9317566Z info: OIBridge/HydroSourceAudit.lean:910:0: 'OIBridge.HydroSourceAudit.coarseCloses_additive_on_range' depends on axioms: [propext, Classical.choice, Quot.sound]
2026-09-26T08:01:17.9318051Z info: OIBridge/HydroSourceAudit.lean:911:0: 'OIBridge.HydroSourceAudit.coarseCloses_nsmul' depends on axioms: [propext, Classical.choice, Quot.sound]
2026-09-26T08:01:17.9318535Z info: OIBridge/HydroSourceAudit.lean:912:0: 'OIBridge.HydroSourceAudit.waveSubstratum_F' depends on axioms: [propext, Classical.choice, Quot.sound]
2026-09-26T08:01:17.9319060Z info: OIBridge/HydroSourceAudit.lean:913:0: 'OIBridge.HydroSourceAudit.wave_coarse_evolution_additive' depends on axioms: [propext, Classical.choice, Quot.sound]
2026-09-26T08:01:17.9319497Z info: OIBridge/HydroSourceAudit.lean:914:0: 'OIBridge.HydroSourceAudit.wave_coarseCloses_additive_on_range' depends on axioms: [propext,
2026-09-26T08:01:17.9319590Z  Classical.choice,
2026-09-26T08:01:17.9319677Z  Quot.sound]
2026-09-26T08:01:17.9320147Z info: OIBridge/HydroSourceAudit.lean:915:0: 'OIBridge.HydroSourceAudit.totalSum_apply' depends on axioms: [propext, Classical.choice, Quot.sound]
2026-09-26T08:01:17.9320723Z info: OIBridge/HydroSourceAudit.lean:916:0: 'OIBridge.HydroSourceAudit.totalSum_waveF' depends on axioms: [propext, Classical.choice, Quot.sound]
2026-09-26T08:01:17.9321191Z info: OIBridge/HydroSourceAudit.lean:917:0: 'OIBridge.HydroSourceAudit.totalSum_leap' depends on axioms: [propext, Classical.choice, Quot.sound]
2026-09-26T08:01:17.9321709Z info: OIBridge/HydroSourceAudit.lean:918:0: 'OIBridge.HydroSourceAudit.totalSum_second_difference' depends on axioms: [propext, Classical.choice, Quot.sound]
2026-09-26T08:01:17.9322461Z info: OIBridge/HydroSourceAudit.lean:919:0: 'OIBridge.HydroSourceAudit.totalSum_single' depends on axioms: [propext, Classical.choice, Quot.sound]
2026-09-26T08:01:17.9323344Z info: OIBridge/HydroSourceAudit.lean:920:0: 'OIBridge.HydroSourceAudit.deltaS_conserved_iff' depends on axioms: [propext, Classical.choice, Quot.sound]
2026-09-26T08:01:17.9324298Z info: OIBridge/HydroSourceAudit.lean:921:0: 'OIBridge.HydroSourceAudit.combination_conserved_iff' depends on axioms: [propext, Classical.choice, Quot.sound]
2026-09-26T08:01:17.9324843Z info: OIBridge/HydroSourceAudit.lean:922:0: 'OIBridge.HydroSourceAudit.deltaS_conserved_iff_dvd_four' depends on axioms: [propext, Classical.choice, Quot.sound]
2026-09-26T08:01:17.9325390Z info: OIBridge/HydroSourceAudit.lean:923:0: 'OIBridge.HydroSourceAudit.deltaS_conserved_iff_two_or_four' depends on axioms: [propext, Classical.choice, Quot.sound]
2026-09-26T08:01:17.9325875Z info: OIBridge/HydroSourceAudit.lean:924:0: 'OIBridge.HydroSourceAudit.quartic_form_diag' depends on axioms: [propext, Classical.choice, Quot.sound]
2026-09-26T08:01:17.9326346Z info: OIBridge/HydroSourceAudit.lean:925:0: 'OIBridge.HydroSourceAudit.quartic_form_pair' depends on axioms: [propext, Classical.choice, Quot.sound]
2026-09-26T08:01:17.9326824Z info: OIBridge/HydroSourceAudit.lean:926:0: 'OIBridge.HydroSourceAudit.quartic_form_span' depends on axioms: [propext, Classical.choice, Quot.sound]
2026-09-26T08:01:17.9327360Z info: OIBridge/HydroSourceAudit.lean:927:0: 'OIBridge.HydroSourceAudit.symInvariant_eq_zero_of_single' depends on axioms: [propext, Classical.choice, Quot.sound]
2026-09-26T08:01:17.9327844Z info: OIBridge/HydroSourceAudit.lean:928:0: 'OIBridge.HydroSourceAudit.exists_perm_zero_one' depends on axioms: [propext, Classical.choice, Quot.sound]
2026-09-26T08:01:17.9328356Z info: OIBridge/HydroSourceAudit.lean:929:0: 'OIBridge.HydroSourceAudit.symInvariant_closed_form' depends on axioms: [propext, Classical.choice, Quot.sound]
2026-09-26T08:01:17.9328875Z info: OIBridge/HydroSourceAudit.lean:930:0: 'OIBridge.HydroSourceAudit.symInvariantQuartic_span' depends on axioms: [propext, Classical.choice, Quot.sound]
2026-09-26T08:01:17.9329384Z info: OIBridge/HydroSourceAudit.lean:931:0: 'OIBridge.HydroSourceAudit.symInvariantQuartic_iff' depends on axioms: [propext, Classical.choice, Quot.sound]
2026-09-26T08:01:17.9330066Z info: OIBridge/HydroSourceAudit.lean:932:0: 'OIBridge.HydroSourceAudit.symInvariant_isotropic_iff' depends on axioms: [propext, Classical.choice, Quot.sound]
2026-09-26T08:01:17.9330476Z info: OIBridge/HydroSourceAudit.lean:933:0: 'OIBridge.HydroSourceAudit.dir_eq_intCast' depends on axioms: [propext, Quot.sound]
2026-09-26T08:01:17.9330948Z info: OIBridge/HydroSourceAudit.lean:934:0: 'OIBridge.HydroSourceAudit.axisMoment4_eq' depends on axioms: [propext, Classical.choice, Quot.sound]
2026-09-26T08:01:17.9331438Z info: OIBridge/HydroSourceAudit.lean:935:0: 'OIBridge.HydroSourceAudit.axisMoment4_quartic' depends on axioms: [propext, Classical.choice, Quot.sound]
2026-09-26T08:01:17.9331931Z info: OIBridge/HydroSourceAudit.lean:936:0: 'OIBridge.HydroSourceAudit.axisMoment4_three_eq' depends on axioms: [propext, Classical.choice, Quot.sound]
2026-09-26T08:01:17.9332443Z info: OIBridge/HydroSourceAudit.lean:937:0: 'OIBridge.HydroSourceAudit.axisMoment4_symInvariant' depends on axioms: [propext, Classical.choice, Quot.sound]
2026-09-26T08:01:17.9333081Z info: OIBridge/HydroSourceAudit.lean:938:0: 'OIBridge.HydroSourceAudit.axisMoment4_form_not_isotropic' depends on axioms: [propext, Classical.choice, Quot.sound]
2026-09-26T08:01:17.9333783Z info: OIBridge/HydroSourceAudit.lean:939:0: 'OIBridge.HydroSourceAudit.axisMoment4_not_isotropic' depends on axioms: [propext, Classical.choice, Quot.sound]
2026-09-26T08:01:17.9334301Z info: OIBridge/HydroSourceAudit.lean:940:0: 'OIBridge.HydroSourceAudit.blockSum_apply' depends on axioms: [propext, Classical.choice, Quot.sound]
2026-09-26T08:01:17.9334760Z info: OIBridge/HydroSourceAudit.lean:941:0: 'OIBridge.HydroSourceAudit.sum_fin_one_fun' depends on axioms: [propext, Classical.choice, Quot.sound]
2026-09-26T08:01:17.9335221Z info: OIBridge/HydroSourceAudit.lean:942:0: 'OIBridge.HydroSourceAudit.waveF_one_dim' depends on axioms: [propext, Classical.choice, Quot.sound]
2026-09-26T08:01:17.9335696Z info: OIBridge/HydroSourceAudit.lean:943:0: 'OIBridge.HydroSourceAudit.blockSum_one_dim' depends on axioms: [propext, Classical.choice, Quot.sound]
2026-09-26T08:01:17.9336154Z info: OIBridge/HydroSourceAudit.lean:944:0: 'OIBridge.HydroSourceAudit.sum_zmod_six' depends on axioms: [propext, Classical.choice, Quot.sound]
2026-09-26T08:01:17.9336613Z info: OIBridge/HydroSourceAudit.lean:945:0: 'OIBridge.HydroSourceAudit.sum_zmod_four' depends on axioms: [propext, Classical.choice, Quot.sound]
2026-09-26T08:01:17.9337117Z info: OIBridge/HydroSourceAudit.lean:946:0: 'OIBridge.HydroSourceAudit.h3a_block_state_not_closed' depends on axioms: [propext, Classical.choice, Quot.sound]
2026-09-26T08:01:17.9337575Z info: OIBridge/HydroSourceAudit.lean:947:0: 'OIBridge.HydroSourceAudit.h3a_no_closure' depends on axioms: [propext, Classical.choice, Quot.sound]
2026-09-26T08:01:17.9338062Z info: OIBridge/HydroSourceAudit.lean:948:0: 'OIBridge.HydroSourceAudit.h3a_control_L4_closes' depends on axioms: [propext, Classical.choice, Quot.sound]
2026-09-26T08:01:17.9338269Z ℹ [3526/3599] Replayed OIBridge.HexLatticeGas
2026-09-26T08:01:17.9338632Z info: OIBridge/HexLatticeGas.lean:1143:0: 'OIBridge.HexLatticeGas.hexDir_add_three' depends on axioms: [propext]
2026-09-26T08:01:17.9339048Z info: OIBridge/HexLatticeGas.lean:1144:0: 'OIBridge.HexLatticeGas.hexDir_cast_add_three' depends on axioms: [propext, Quot.sound]
2026-09-26T08:01:17.9339392Z info: OIBridge/HexLatticeGas.lean:1145:0: 'OIBridge.HexLatticeGas.hexDir_add_one' depends on axioms: [propext]
2026-09-26T08:01:17.9339728Z info: OIBridge/HexLatticeGas.lean:1146:0: 'OIBridge.HexLatticeGas.hexDir_sub_one' depends on axioms: [propext]
2026-09-26T08:01:17.9340080Z info: OIBridge/HexLatticeGas.lean:1147:0: 'OIBridge.HexLatticeGas.hexDir_conditions' depends on axioms: [propext]
2026-09-26T08:01:17.9340543Z info: OIBridge/HexLatticeGas.lean:1148:0: 'OIBridge.HexLatticeGas.hexCollide_apply' depends on axioms: [propext, Classical.choice, Quot.sound]
2026-09-26T08:01:17.9340994Z info: OIBridge/HexLatticeGas.lean:1149:0: 'OIBridge.HexLatticeGas.hexCollide_moved' depends on axioms: [propext, Classical.choice, Quot.sound]
2026-09-26T08:01:17.9341580Z info: OIBridge/HexLatticeGas.lean:1150:0: 'OIBridge.HexLatticeGas.hexCollide_of_ne' depends on axioms: [propext, Classical.choice, Quot.sound]
2026-09-26T08:01:17.9342056Z info: OIBridge/HexLatticeGas.lean:1151:0: 'OIBridge.HexLatticeGas.hexCollide_symm_of_ne' depends on axioms: [propext, Classical.choice, Quot.sound]
2026-09-26T08:01:17.9342482Z info: OIBridge/HexLatticeGas.lean:1152:0: 'OIBridge.HexLatticeGas.hexCollide_moved_support' depends on axioms: [propext, Quot.sound]
2026-09-26T08:01:17.9342945Z info: OIBridge/HexLatticeGas.lean:1153:0: 'OIBridge.HexLatticeGas.hexCollide_of_single' depends on axioms: [propext, Classical.choice, Quot.sound]
2026-09-26T08:01:17.9343431Z info: OIBridge/HexLatticeGas.lean:1154:0: 'OIBridge.HexLatticeGas.hexCollide_symm_of_single' depends on axioms: [propext, Classical.choice, Quot.sound]
2026-09-26T08:01:17.9344011Z info: OIBridge/HexLatticeGas.lean:1155:0: 'OIBridge.HexLatticeGas.hexCollide_zero' depends on axioms: [propext, Classical.choice, Quot.sound]
2026-09-26T08:01:17.9344631Z info: OIBridge/HexLatticeGas.lean:1156:0: 'OIBridge.HexLatticeGas.hexCollide_channel_rot' depends on axioms: [propext, Classical.choice, Quot.sound]
2026-09-26T08:01:17.9345130Z info: OIBridge/HexLatticeGas.lean:1157:0: 'OIBridge.HexLatticeGas.hexCollide_not_reflection' depends on axioms: [propext, Classical.choice, Quot.sound]
2026-09-26T08:01:17.9345526Z info: OIBridge/HexLatticeGas.lean:1158:0: 'OIBridge.HexLatticeGas.hexStream_apply' depends on axioms: [propext, Quot.sound]
2026-09-26T08:01:17.9345952Z info: OIBridge/HexLatticeGas.lean:1159:0: 'OIBridge.HexLatticeGas.hexGas_eq' depends on axioms: [propext, Classical.choice, Quot.sound]
2026-09-26T08:01:17.9346390Z info: OIBridge/HexLatticeGas.lean:1160:0: 'OIBridge.HexLatticeGas.hexGas_apply' depends on axioms: [propext, Classical.choice, Quot.sound]
2026-09-26T08:01:17.9346846Z info: OIBridge/HexLatticeGas.lean:1161:0: 'OIBridge.HexLatticeGas.hexGas_symm_apply' depends on axioms: [propext, Classical.choice, Quot.sound]
2026-09-26T08:01:17.9347302Z info: OIBridge/HexLatticeGas.lean:1162:0: 'OIBridge.HexLatticeGas.hexSubstratum_F' depends on axioms: [propext, Classical.choice, Quot.sound]
2026-09-26T08:01:17.9347752Z info: OIBridge/HexLatticeGas.lean:1163:0: 'OIBridge.HexLatticeGas.hexSubstratum_N' depends on axioms: [propext, Classical.choice, Quot.sound]
2026-09-26T08:01:17.9348204Z info: OIBridge/HexLatticeGas.lean:1164:0: 'OIBridge.HexLatticeGas.hexSubstratum_A1' depends on axioms: [propext, Classical.choice, Quot.sound]
2026-09-26T08:01:17.9348652Z info: OIBridge/HexLatticeGas.lean:1165:0: 'OIBridge.HexLatticeGas.hexSubstratum_A2' depends on axioms: [propext, Classical.choice, Quot.sound]
2026-09-26T08:01:17.9349105Z info: OIBridge/HexLatticeGas.lean:1166:0: 'OIBridge.HexLatticeGas.hexSubstratum_A3' depends on axioms: [propext, Classical.choice, Quot.sound]
2026-09-26T08:01:17.9349584Z info: OIBridge/HexLatticeGas.lean:1167:0: 'OIBridge.HexLatticeGas.hexSubstratum_A4Exact' depends on axioms: [propext, Classical.choice, Quot.sound]
2026-09-26T08:01:17.9350035Z info: OIBridge/HexLatticeGas.lean:1168:0: 'OIBridge.HexLatticeGas.hexSubstratum_A4' depends on axioms: [propext, Classical.choice, Quot.sound]
2026-09-26T08:01:17.9350472Z info: OIBridge/HexLatticeGas.lean:1169:0: 'OIBridge.HexLatticeGas.hexSum_apply' depends on axioms: [propext, Classical.choice, Quot.sound]
2026-09-26T08:01:17.9350912Z info: OIBridge/HexLatticeGas.lean:1170:0: 'OIBridge.HexLatticeGas.hexSum_single' depends on axioms: [propext, Classical.choice, Quot.sound]
2026-09-26T08:01:17.9351371Z info: OIBridge/HexLatticeGas.lean:1171:0: 'OIBridge.HexLatticeGas.hexSum_single_site' depends on axioms: [propext, Classical.choice, Quot.sound]
2026-09-26T08:01:17.9351813Z info: OIBridge/HexLatticeGas.lean:1172:0: 'OIBridge.HexLatticeGas.hexSum_two_sites' depends on axioms: [propext, Classical.choice, Quot.sound]
2026-09-26T08:01:17.9352266Z info: OIBridge/HexLatticeGas.lean:1173:0: 'OIBridge.HexLatticeGas.hexSum_neg_weight' depends on axioms: [propext, Classical.choice, Quot.sound]
2026-09-26T08:01:17.9352850Z info: OIBridge/HexLatticeGas.lean:1174:0: 'OIBridge.HexLatticeGas.hexSum_add_weight' depends on axioms: [propext, Classical.choice, Quot.sound]
2026-09-26T08:01:17.9353300Z info: OIBridge/HexLatticeGas.lean:1175:0: 'OIBridge.HexLatticeGas.hexSum_intCast_two' depends on axioms: [propext, Classical.choice, Quot.sound]
2026-09-26T08:01:17.9353891Z info: OIBridge/HexLatticeGas.lean:1176:0: 'OIBridge.HexLatticeGas.hexSum_add_intCast_two' depends on axioms: [propext, Classical.choice, Quot.sound]
2026-09-26T08:01:17.9354346Z info: OIBridge/HexLatticeGas.lean:1177:0: 'OIBridge.HexLatticeGas.hexSum_hexStream' depends on axioms: [propext, Classical.choice, Quot.sound]
2026-09-26T08:01:17.9354826Z info: OIBridge/HexLatticeGas.lean:1178:0: 'OIBridge.HexLatticeGas.hexCollide_conserved_iff' depends on axioms: [propext, Classical.choice, Quot.sound]
2026-09-26T08:01:17.9355275Z info: OIBridge/HexLatticeGas.lean:1179:0: 'OIBridge.HexLatticeGas.collide_single' depends on axioms: [propext, Classical.choice, Quot.sound]
2026-09-26T08:01:17.9355842Z info: OIBridge/HexLatticeGas.lean:1180:0: 'OIBridge.HexLatticeGas.hexSum_collide_iff' depends on axioms: [propext, Classical.choice, Quot.sound]
2026-09-26T08:01:17.9356353Z info: OIBridge/HexLatticeGas.lean:1181:0: 'OIBridge.HexLatticeGas.hexCollide_conditions_iff_span' depends on axioms: [propext, Classical.choice, Quot.sound]
2026-09-26T08:01:17.9356798Z info: OIBridge/HexLatticeGas.lean:1182:0: 'OIBridge.HexLatticeGas.hexSum_hexGas' depends on axioms: [propext, Classical.choice, Quot.sound]
2026-09-26T08:01:17.9357251Z info: OIBridge/HexLatticeGas.lean:1183:0: 'OIBridge.HexLatticeGas.hexSum_hexGas_iff' depends on axioms: [propext, Classical.choice, Quot.sound]
2026-09-26T08:01:17.9357714Z info: OIBridge/HexLatticeGas.lean:1184:0: 'OIBridge.HexLatticeGas.hexSum_hexGas_iff_span' depends on axioms: [propext, Classical.choice, Quot.sound]
2026-09-26T08:01:17.9358168Z info: OIBridge/HexLatticeGas.lean:1185:0: 'OIBridge.HexLatticeGas.hexSum_mass_hexGas' depends on axioms: [propext, Classical.choice, Quot.sound]
2026-09-26T08:01:17.9358644Z info: OIBridge/HexLatticeGas.lean:1186:0: 'OIBridge.HexLatticeGas.hexSum_momentum_hexGas' depends on axioms: [propext, Classical.choice, Quot.sound]
2026-09-26T08:01:17.9359082Z info: OIBridge/HexLatticeGas.lean:1187:0: 'OIBridge.HexLatticeGas.hexSum_shiftBy' depends on axioms: [propext, Classical.choice, Quot.sound]
2026-09-26T08:01:17.9359487Z info: OIBridge/HexLatticeGas.lean:1188:0: 'OIBridge.HexLatticeGas.single_channel_zero' depends on axioms: [propext, Quot.sound]
2026-09-26T08:01:17.9359955Z info: OIBridge/HexLatticeGas.lean:1189:0: 'OIBridge.HexLatticeGas.hexGas_single_channel' depends on axioms: [propext, Classical.choice, Quot.sound]
2026-09-26T08:01:17.9360445Z info: OIBridge/HexLatticeGas.lean:1190:0: 'OIBridge.HexLatticeGas.hexGas_symm_single_channel' depends on axioms: [propext, Classical.choice, Quot.sound]
2026-09-26T08:01:17.9360938Z info: OIBridge/HexLatticeGas.lean:1191:0: 'OIBridge.HexLatticeGas.hexCollide_symm_channel_one' depends on axioms: [propext, Classical.choice, Quot.sound]
2026-09-26T08:01:17.9361424Z info: OIBridge/HexLatticeGas.lean:1192:0: 'OIBridge.HexLatticeGas.hexSubstratum_A5_witness' depends on axioms: [propext, Classical.choice, Quot.sound]
2026-09-26T08:01:17.9361891Z info: OIBridge/HexLatticeGas.lean:1193:0: 'OIBridge.HexLatticeGas.hexSubstratum_not_A5' depends on axioms: [propext, Classical.choice, Quot.sound]
2026-09-26T08:01:17.9362354Z info: OIBridge/HexLatticeGas.lean:1194:0: 'OIBridge.HexLatticeGas.hexSubstratum_sector' depends on axioms: [propext, Classical.choice, Quot.sound]
2026-09-26T08:01:17.9362809Z info: OIBridge/HexLatticeGas.lean:1195:0: 'OIBridge.HexLatticeGas.hexSum_leap_sector' depends on axioms: [propext, Classical.choice, Quot.sound]
2026-09-26T08:01:17.9363258Z info: OIBridge/HexLatticeGas.lean:1196:0: 'OIBridge.HexLatticeGas.hexSubstratum_mass_not_conserved_off_sector' depends on axioms: [propext,
2026-09-26T08:01:17.9363456Z  Classical.choice,
2026-09-26T08:01:17.9363545Z  Quot.sound]
2026-09-26T08:01:17.9364207Z info: OIBridge/HexLatticeGas.lean:1197:0: 'OIBridge.HexLatticeGas.hexMoment2_eq' depends on axioms: [propext, Classical.choice, Quot.sound]
2026-09-26T08:01:17.9364646Z info: OIBridge/HexLatticeGas.lean:1198:0: 'OIBridge.HexLatticeGas.hexMoment4_eq' depends on axioms: [propext, Classical.choice, Quot.sound]
2026-09-26T08:01:17.9365139Z info: OIBridge/HexLatticeGas.lean:1199:0: 'OIBridge.HexLatticeGas.hexMoment4_quartic' depends on axioms: [propext, Classical.choice, Quot.sound]
2026-09-26T08:01:17.9365612Z info: OIBridge/HexLatticeGas.lean:1200:0: 'OIBridge.HexLatticeGas.hexMoment4_isotropic' depends on axioms: [propext, Classical.choice, Quot.sound]
2026-09-26T08:01:17.9366113Z info: OIBridge/HexLatticeGas.lean:1201:0: 'OIBridge.HexLatticeGas.axisMoment4_two_not_isotropic' depends on axioms: [propext, Classical.choice, Quot.sound]
2026-09-26T08:01:17.9366594Z info: OIBridge/HexLatticeGas.lean:1202:0: 'OIBridge.HexLatticeGas.hexMoment6_not_isotropic' depends on axioms: [propext, Classical.choice, Quot.sound]
2026-09-26T08:01:17.9367167Z info: OIBridge/HexLatticeGas.lean:1203:0: 'OIBridge.HexLatticeGas.hb3a_gas_values' depends on axioms: [propext, Classical.choice, Quot.sound]
2026-09-26T08:01:17.9367588Z info: OIBridge/HexLatticeGas.lean:1204:0: 'OIBridge.HexLatticeGas.hb3a_mem' depends on axioms: [propext, Classical.choice, Quot.sound]
2026-09-26T08:01:17.9368074Z info: OIBridge/HexLatticeGas.lean:1205:0: 'OIBridge.HexLatticeGas.hb3a_block_state_not_closed' depends on axioms: [propext, Classical.choice, Quot.sound]
2026-09-26T08:01:17.9368512Z info: OIBridge/HexLatticeGas.lean:1206:0: 'OIBridge.HexLatticeGas.hb3a_no_closure' depends on axioms: [propext, Classical.choice, Quot.sound]
2026-09-26T08:01:17.9368968Z info: OIBridge/HexLatticeGas.lean:1207:0: 'OIBridge.HexLatticeGas.hexGas_bijOn_sector' depends on axioms: [propext, Classical.choice, Quot.sound]
2026-09-26T08:01:17.9369407Z info: OIBridge/HexLatticeGas.lean:1208:0: 'OIBridge.HexLatticeGas.hexRot_apply' depends on axioms: [propext, Classical.choice, Quot.sound]
2026-09-26T08:01:17.9369856Z info: OIBridge/HexLatticeGas.lean:1209:0: 'OIBridge.HexLatticeGas.hexRot_apply'' depends on axioms: [propext, Classical.choice, Quot.sound]
2026-09-26T08:01:17.9370294Z info: OIBridge/HexLatticeGas.lean:1210:0: 'OIBridge.HexLatticeGas.hexRot_site' depends on axioms: [propext, Classical.choice, Quot.sound]
2026-09-26T08:01:17.9370727Z info: OIBridge/HexLatticeGas.lean:1211:0: 'OIBridge.HexLatticeGas.hexGas_hexRot' depends on axioms: [propext, Classical.choice, Quot.sound]
2026-09-26T08:01:17.9371168Z info: OIBridge/HexLatticeGas.lean:1212:0: 'OIBridge.HexLatticeGas.hexSum_hexRot' depends on axioms: [propext, Classical.choice, Quot.sound]
2026-09-26T08:01:17.9371618Z info: OIBridge/HexLatticeGas.lean:1213:0: 'OIBridge.HexLatticeGas.hexRot_charges' depends on axioms: [propext, Classical.choice, Quot.sound]
2026-09-26T08:01:17.9371824Z ℹ [3527/3599] Replayed OIBridge.InstrumentCompletion
2026-09-26T08:01:17.9372335Z info: OIBridge/InstrumentCompletion.lean:604:0: 'OIBridge.InstrumentCompletion.qBranch_add' depends on axioms: [propext, Classical.choice, Quot.sound]
2026-09-26T08:01:17.9372837Z info: OIBridge/InstrumentCompletion.lean:605:0: 'OIBridge.InstrumentCompletion.qBranch_smul' depends on axioms: [propext, Classical.choice, Quot.sound]
2026-09-26T08:01:17.9373331Z info: OIBridge/InstrumentCompletion.lean:606:0: 'OIBridge.InstrumentCompletion.qBranch_zero' depends on axioms: [propext, Classical.choice, Quot.sound]
2026-09-26T08:01:17.9374232Z info: OIBridge/InstrumentCompletion.lean:607:0: 'OIBridge.InstrumentCompletion.qBranch_star_mul_self' depends on axioms: [propext, Classical.choice, Quot.sound]
2026-09-26T08:01:17.9374740Z info: OIBridge/InstrumentCompletion.lean:608:0: 'OIBridge.InstrumentCompletion.sum_qBranch' depends on axioms: [propext, Classical.choice, Quot.sound]
2026-09-26T08:01:17.9375247Z info: OIBridge/InstrumentCompletion.lean:609:0: 'OIBridge.InstrumentCompletion.qBranch_sum_one' depends on axioms: [propext, Classical.choice, Quot.sound]
2026-09-26T08:01:17.9375874Z info: OIBridge/InstrumentCompletion.lean:610:0: 'OIBridge.InstrumentCompletion.qTotal_one' depends on axioms: [propext, Classical.choice, Quot.sound]
2026-09-26T08:01:17.9376410Z info: OIBridge/InstrumentCompletion.lean:611:0: 'OIBridge.InstrumentCompletion.qInstrument_of_kraus' depends on axioms: [propext, Classical.choice, Quot.sound]
2026-09-26T08:01:17.9376940Z info: OIBridge/InstrumentCompletion.lean:612:0: 'OIBridge.InstrumentCompletion.kraus_of_finiteSupport' depends on axioms: [propext, Classical.choice, Quot.sound]
2026-09-26T08:01:17.9377483Z info: OIBridge/InstrumentCompletion.lean:613:0: 'OIBridge.InstrumentCompletion.finiteSupport_iff_kraus' depends on axioms: [propext, Classical.choice, Quot.sound]
2026-09-26T08:01:17.9378017Z info: OIBridge/InstrumentCompletion.lean:614:0: 'OIBridge.InstrumentCompletion.qBranch_stage_inclObs' depends on axioms: [propext, Classical.choice, Quot.sound]
2026-09-26T08:01:17.9378659Z info: OIBridge/InstrumentCompletion.lean:615:0: 'OIBridge.InstrumentCompletion.qTotal_stage_of_disjoint' depends on axioms: [propext, Classical.choice, Quot.sound]
2026-09-26T08:01:17.9379158Z info: OIBridge/InstrumentCompletion.lean:616:0: 'OIBridge.InstrumentCompletion.star_wt_mul' depends on axioms: [propext, Classical.choice, Quot.sound]
2026-09-26T08:01:17.9379660Z info: OIBridge/InstrumentCompletion.lean:617:0: 'OIBridge.InstrumentCompletion.wtConj_apply' depends on axioms: [propext, Classical.choice, Quot.sound]
2026-09-26T08:01:17.9380188Z info: OIBridge/InstrumentCompletion.lean:618:0: 'OIBridge.InstrumentCompletion.wtU_mul_conjTranspose' depends on axioms: [propext, Classical.choice, Quot.sound]
2026-09-26T08:01:17.9380715Z info: OIBridge/InstrumentCompletion.lean:619:0: 'OIBridge.InstrumentCompletion.conjTranspose_mul_wtU' depends on axioms: [propext, Classical.choice, Quot.sound]
2026-09-26T08:01:17.9381200Z info: OIBridge/InstrumentCompletion.lean:620:0: 'OIBridge.InstrumentCompletion.wtConj_mul' depends on axioms: [propext, Classical.choice, Quot.sound]
2026-09-26T08:01:17.9381693Z info: OIBridge/InstrumentCompletion.lean:621:0: 'OIBridge.InstrumentCompletion.wtConj_one' depends on axioms: [propext, Classical.choice, Quot.sound]
2026-09-26T08:01:17.9382172Z info: OIBridge/InstrumentCompletion.lean:622:0: 'OIBridge.InstrumentCompletion.wtConj_add' depends on axioms: [propext, Classical.choice, Quot.sound]
2026-09-26T08:01:17.9382664Z info: OIBridge/InstrumentCompletion.lean:623:0: 'OIBridge.InstrumentCompletion.wtConj_smul' depends on axioms: [propext, Classical.choice, Quot.sound]
2026-09-26T08:01:17.9383198Z info: OIBridge/InstrumentCompletion.lean:624:0: 'OIBridge.InstrumentCompletion.wtConj_conjTranspose' depends on axioms: [propext, Classical.choice, Quot.sound]
2026-09-26T08:01:17.9383834Z info: OIBridge/InstrumentCompletion.lean:625:0: 'OIBridge.InstrumentCompletion.wtConj_injective' depends on axioms: [propext, Classical.choice, Quot.sound]
2026-09-26T08:01:17.9384349Z info: OIBridge/InstrumentCompletion.lean:626:0: 'OIBridge.InstrumentCompletion.inclObs_wtConj' depends on axioms: [propext, Classical.choice, Quot.sound]
2026-09-26T08:01:17.9384842Z info: OIBridge/InstrumentCompletion.lean:627:0: 'OIBridge.InstrumentCompletion.norm_wtConj' depends on axioms: [propext, Classical.choice, Quot.sound]
2026-09-26T08:01:17.9385321Z info: OIBridge/InstrumentCompletion.lean:628:0: 'OIBridge.InstrumentCompletion.wtLoc_ofM' depends on axioms: [propext, Classical.choice, Quot.sound]
2026-09-26T08:01:17.9385806Z info: OIBridge/InstrumentCompletion.lean:629:0: 'OIBridge.InstrumentCompletion.wtLoc_mul' depends on axioms: [propext, Classical.choice, Quot.sound]
2026-09-26T08:01:17.9386287Z info: OIBridge/InstrumentCompletion.lean:630:0: 'OIBridge.InstrumentCompletion.wtLoc_add' depends on axioms: [propext, Classical.choice, Quot.sound]
2026-09-26T08:01:17.9386773Z info: OIBridge/InstrumentCompletion.lean:631:0: 'OIBridge.InstrumentCompletion.wtLoc_smul' depends on axioms: [propext, Classical.choice, Quot.sound]
2026-09-26T08:01:17.9387382Z info: OIBridge/InstrumentCompletion.lean:632:0: 'OIBridge.InstrumentCompletion.wtLoc_star' depends on axioms: [propext, Classical.choice, Quot.sound]
2026-09-26T08:01:17.9387863Z info: OIBridge/InstrumentCompletion.lean:633:0: 'OIBridge.InstrumentCompletion.wtLoc_sub' depends on axioms: [propext, Classical.choice, Quot.sound]
2026-09-26T08:01:17.9388350Z info: OIBridge/InstrumentCompletion.lean:634:0: 'OIBridge.InstrumentCompletion.norm_wtLoc' depends on axioms: [propext, Classical.choice, Quot.sound]
2026-09-26T08:01:17.9388853Z info: OIBridge/InstrumentCompletion.lean:635:0: 'OIBridge.InstrumentCompletion.isometry_wtLoc' depends on axioms: [propext, Classical.choice, Quot.sound]
2026-09-26T08:01:17.9389324Z info: OIBridge/InstrumentCompletion.lean:636:0: 'OIBridge.InstrumentCompletion.wtQ_coe' depends on axioms: [propext, Classical.choice, Quot.sound]
2026-09-26T08:01:17.9389835Z info: OIBridge/InstrumentCompletion.lean:637:0: 'OIBridge.InstrumentCompletion.continuous_wtQ' depends on axioms: [propext, Classical.choice, Quot.sound]
2026-09-26T08:01:17.9390413Z info: OIBridge/InstrumentCompletion.lean:638:0: 'OIBridge.InstrumentCompletion.wtQ_stage' depends on axioms: [propext, Classical.choice, Quot.sound]
2026-09-26T08:01:17.9390890Z info: OIBridge/InstrumentCompletion.lean:639:0: 'OIBridge.InstrumentCompletion.wtQ_mul' depends on axioms: [propext, Classical.choice, Quot.sound]
2026-09-26T08:01:17.9391361Z info: OIBridge/InstrumentCompletion.lean:640:0: 'OIBridge.InstrumentCompletion.wtQ_add' depends on axioms: [propext, Classical.choice, Quot.sound]
2026-09-26T08:01:17.9391836Z info: OIBridge/InstrumentCompletion.lean:641:0: 'OIBridge.InstrumentCompletion.wtQ_smul' depends on axioms: [propext, Classical.choice, Quot.sound]
2026-09-26T08:01:17.9392316Z info: OIBridge/InstrumentCompletion.lean:642:0: 'OIBridge.InstrumentCompletion.wtQ_star' depends on axioms: [propext, Classical.choice, Quot.sound]
2026-09-26T08:01:17.9392793Z info: OIBridge/InstrumentCompletion.lean:643:0: 'OIBridge.InstrumentCompletion.norm_wtQ' depends on axioms: [propext, Classical.choice, Quot.sound]
2026-09-26T08:01:17.9393265Z info: OIBridge/InstrumentCompletion.lean:644:0: 'OIBridge.InstrumentCompletion.wtQ_one' depends on axioms: [propext, Classical.choice, Quot.sound]
2026-09-26T08:01:17.9393904Z info: OIBridge/InstrumentCompletion.lean:645:0: 'OIBridge.InstrumentCompletion.siteWt_unimodular' depends on axioms: [propext, Classical.choice, Quot.sound]
2026-09-26T08:01:17.9394442Z info: OIBridge/InstrumentCompletion.lean:646:0: 'OIBridge.InstrumentCompletion.phaseAllWt_unimodular' depends on axioms: [propext, Classical.choice, Quot.sound]
2026-09-26T08:01:17.9394932Z info: OIBridge/InstrumentCompletion.lean:647:0: 'OIBridge.InstrumentCompletion.ext_eq_of_mem' depends on axioms: [propext, Classical.choice, Quot.sound]
2026-09-26T08:01:17.9395439Z info: OIBridge/InstrumentCompletion.lean:648:0: 'OIBridge.InstrumentCompletion.ext_confRestrict' depends on axioms: [propext, Classical.choice, Quot.sound]
2026-09-26T08:01:17.9395965Z info: OIBridge/InstrumentCompletion.lean:649:0: 'OIBridge.InstrumentCompletion.phaseAllWt_compat' depends on axioms: [propext, Classical.choice, Quot.sound]
2026-09-26T08:01:17.9396469Z info: OIBridge/InstrumentCompletion.lean:650:0: 'OIBridge.InstrumentCompletion.phaseAllQ_mul' depends on axioms: [propext, Classical.choice, Quot.sound]
2026-09-26T08:01:17.9396992Z info: OIBridge/InstrumentCompletion.lean:651:0: 'OIBridge.InstrumentCompletion.phaseAllQ_star' depends on axioms: [propext, Classical.choice, Quot.sound]
2026-09-26T08:01:17.9397501Z info: OIBridge/InstrumentCompletion.lean:652:0: 'OIBridge.InstrumentCompletion.norm_phaseAllQ' depends on axioms: [propext, Classical.choice, Quot.sound]
2026-09-26T08:01:17.9398022Z info: OIBridge/InstrumentCompletion.lean:653:0: 'OIBridge.InstrumentCompletion.phaseAllQ_stage' depends on axioms: [propext, Classical.choice, Quot.sound]
2026-09-26T08:01:17.9398555Z info: OIBridge/InstrumentCompletion.lean:654:0: 'OIBridge.InstrumentCompletion.phaseAllWt_singleton' depends on axioms: [propext, Classical.choice, Quot.sound]
2026-09-26T08:01:17.9399239Z info: OIBridge/InstrumentCompletion.lean:655:0: 'OIBridge.InstrumentCompletion.phaseAll_not_finiteSupport' depends on axioms: [propext, Classical.choice, Quot.sound]
2026-09-26T08:01:17.9399794Z info: OIBridge/InstrumentCompletion.lean:656:0: 'OIBridge.InstrumentCompletion.instrument_audit_entry_one' depends on axioms: [propext, Classical.choice, Quot.sound]
2026-09-26T08:01:17.9400003Z ℹ [3528/3599] Replayed OIBridge.InstrumentAvailability
2026-09-26T08:01:17.9400527Z info: OIBridge/InstrumentAvailability.lean:378:0: 'OIBridge.InstrumentAvailability.isQInstrJ_fin' depends on axioms: [propext, Classical.choice, Quot.sound]
2026-09-26T08:01:17.9401030Z info: OIBridge/InstrumentAvailability.lean:379:0: 'OIBridge.InstrumentAvailability.isFSJ_fin' depends on axioms: [propext, Classical.choice, Quot.sound]
2026-09-26T08:01:17.9401537Z info: OIBridge/InstrumentAvailability.lean:380:0: 'OIBridge.InstrumentAvailability.qTotalJ_fin' depends on axioms: [propext, Classical.choice, Quot.sound]
2026-09-26T08:01:17.9402182Z info: OIBridge/InstrumentAvailability.lean:381:0: 'OIBridge.InstrumentAvailability.qTotalJ_equiv' depends on axioms: [propext, Classical.choice, Quot.sound]
2026-09-26T08:01:17.9402721Z info: OIBridge/InstrumentAvailability.lean:382:0: 'OIBridge.InstrumentAvailability.isQInstrJ_equiv' depends on axioms: [propext, Classical.choice, Quot.sound]
2026-09-26T08:01:17.9403253Z info: OIBridge/InstrumentAvailability.lean:383:0: 'OIBridge.InstrumentAvailability.qBranchJ_coarse' depends on axioms: [propext, Classical.choice, Quot.sound]
2026-09-26T08:01:17.9403888Z info: OIBridge/InstrumentAvailability.lean:384:0: 'OIBridge.InstrumentAvailability.sum_qBranchJ' depends on axioms: [propext, Classical.choice, Quot.sound]
2026-09-26T08:01:17.9404401Z info: OIBridge/InstrumentAvailability.lean:385:0: 'OIBridge.InstrumentAvailability.availFS_id' depends on axioms: [propext, Classical.choice, Quot.sound]
2026-09-26T08:01:17.9404954Z info: OIBridge/InstrumentAvailability.lean:386:0: 'OIBridge.InstrumentAvailability.mem_range_stage_mono' depends on axioms: [propext, Classical.choice, Quot.sound]
2026-09-26T08:01:17.9405468Z info: OIBridge/InstrumentAvailability.lean:387:0: 'OIBridge.InstrumentAvailability.availFS_comp' depends on axioms: [propext, Classical.choice, Quot.sound]
2026-09-26T08:01:17.9406000Z info: OIBridge/InstrumentAvailability.lean:388:0: 'OIBridge.InstrumentAvailability.availFS_relabel' depends on axioms: [propext, Classical.choice, Quot.sound]
2026-09-26T08:01:17.9406514Z info: OIBridge/InstrumentAvailability.lean:389:0: 'OIBridge.InstrumentAvailability.availFS_dyn' depends on axioms: [propext, Classical.choice, Quot.sound]
2026-09-26T08:01:17.9407037Z info: OIBridge/InstrumentAvailability.lean:390:0: 'OIBridge.InstrumentAvailability.availFS_of_kraus' depends on axioms: [propext, Classical.choice, Quot.sound]
2026-09-26T08:01:17.9407563Z info: OIBridge/InstrumentAvailability.lean:391:0: 'OIBridge.InstrumentAvailability.kraus_of_availFS' depends on axioms: [propext, Classical.choice, Quot.sound]
2026-09-26T08:01:17.9408136Z info: OIBridge/InstrumentAvailability.lean:392:0: 'OIBridge.InstrumentAvailability.qTotalJ_stage_of_disjoint' depends on axioms: [propext, Classical.choice, Quot.sound]
2026-09-26T08:01:17.9408678Z info: OIBridge/InstrumentAvailability.lean:393:0: 'OIBridge.InstrumentAvailability.phaseAll_not_availFS' depends on axioms: [propext, Classical.choice, Quot.sound]
2026-09-26T08:01:17.9409203Z info: OIBridge/InstrumentAvailability.lean:394:0: 'OIBridge.InstrumentAvailability.q3_countermodel' depends on axioms: [propext, Classical.choice, Quot.sound]
2026-09-26T08:01:17.9409737Z info: OIBridge/InstrumentAvailability.lean:395:0: 'OIBridge.InstrumentAvailability.states_untouched' depends on axioms: [propext, Classical.choice, Quot.sound]
2026-09-26T08:01:17.9410279Z info: OIBridge/InstrumentAvailability.lean:396:0: 'OIBridge.InstrumentAvailability.dynamics_untouched' depends on axioms: [propext, Classical.choice, Quot.sound]
2026-09-26T08:01:17.9410570Z ℹ [3529/3599] Replayed OIBridge.TypedPositive
2026-09-26T08:01:17.9411092Z info: OIBridge/TypedPositive.lean:33:0: 'OIBridge.TypedPositive.typed_determined_of_oiPlusPos' depends on axioms: [propext, Classical.choice, Quot.sound]
2026-09-26T08:01:17.9411599Z info: OIBridge/TypedPositive.lean:45:0: 'OIBridge.TypedPositive.typed_determined_of_oiPlusMin' depends on axioms: [propext, Classical.choice, Quot.sound]
2026-09-26T08:01:17.9411788Z ℹ [3530/3599] Replayed OIBridge.BackgroundIndependence
2026-09-26T08:01:17.9412238Z info: OIBridge/BackgroundIndependence.lean:403:0: 'OIBridge.BackgroundIndependence.a6glob_of_a6inv' depends on axioms: [Quot.sound]
2026-09-26T08:01:17.9412762Z info: OIBridge/BackgroundIndependence.lean:404:0: 'OIBridge.BackgroundIndependence.leap_siteAct' depends on axioms: [propext, Classical.choice, Quot.sound]
2026-09-26T08:01:17.9413206Z info: OIBridge/BackgroundIndependence.lean:405:0: 'OIBridge.BackgroundIndependence.a6cov_all' depends on axioms: [propext, Quot.sound]
2026-09-26T08:01:17.9414048Z info: OIBridge/BackgroundIndependence.lean:406:0: 'OIBridge.BackgroundIndependence.d3b_witness' depends on axioms: [propext, Classical.choice, Quot.sound]
2026-09-26T08:01:17.9414591Z info: OIBridge/BackgroundIndependence.lean:407:0: 'OIBridge.BackgroundIndependence.d3b_not_a6inv' depends on axioms: [propext, Classical.choice, Quot.sound]
2026-09-26T08:01:17.9415118Z info: OIBridge/BackgroundIndependence.lean:408:0: 'OIBridge.BackgroundIndependence.d4a_single_edge' depends on axioms: [propext, Classical.choice, Quot.sound]
2026-09-26T08:01:17.9415665Z info: OIBridge/BackgroundIndependence.lean:409:0: 'OIBridge.BackgroundIndependence.d4b_edge_rigidity' depends on axioms: [propext, Classical.choice, Quot.sound]
2026-09-26T08:01:17.9416138Z info: OIBridge/BackgroundIndependence.lean:410:0: 'OIBridge.BackgroundIndependence.d4b_not_a6inv_of_nonconstant' depends on axioms: [propext,
2026-09-26T08:01:17.9416231Z  Classical.choice,
2026-09-26T08:01:17.9416317Z  Quot.sound]
2026-09-26T08:01:17.9416863Z info: OIBridge/BackgroundIndependence.lean:411:0: 'OIBridge.BackgroundIndependence.a6glob_constLink' depends on axioms: [propext, Classical.choice, Quot.sound]
2026-09-26T08:01:17.9417399Z info: OIBridge/BackgroundIndependence.lean:412:0: 'OIBridge.BackgroundIndependence.d4b_symmetric_point' depends on axioms: [propext, Classical.choice, Quot.sound]
2026-09-26T08:01:17.9417907Z info: OIBridge/BackgroundIndependence.lean:413:0: 'OIBridge.BackgroundIndependence.addAut_nontrivial_of_ne_neg' depends on axioms: [propext, Quot.sound]
2026-09-26T08:01:17.9418375Z info: OIBridge/BackgroundIndependence.lean:414:0: 'OIBridge.BackgroundIndependence.addAut_zmod_smul' depends on axioms: [propext, Quot.sound]
2026-09-26T08:01:17.9418870Z info: OIBridge/BackgroundIndependence.lean:415:0: 'OIBridge.BackgroundIndependence.d4b_mu_id' depends on axioms: [propext, Classical.choice, Quot.sound]
2026-09-26T08:01:17.9419399Z info: OIBridge/BackgroundIndependence.lean:416:0: 'OIBridge.BackgroundIndependence.d2i_wave_witness' depends on axioms: [propext, Classical.choice, Quot.sound]
2026-09-26T08:01:17.9419937Z info: OIBridge/BackgroundIndependence.lean:417:0: 'OIBridge.BackgroundIndependence.d2i_wave_not_a6inv' depends on axioms: [propext, Classical.choice, Quot.sound]
2026-09-26T08:01:17.9420462Z info: OIBridge/BackgroundIndependence.lean:418:0: 'OIBridge.BackgroundIndependence.d2ii_wave_a6glob' depends on axioms: [propext, Classical.choice, Quot.sound]
2026-09-26T08:01:17.9420644Z ℹ [3531/3599] Replayed OIBridge.A6Instantiation
2026-09-26T08:01:17.9421138Z info: OIBridge/A6Instantiation.lean:579:0: 'OIBridge.A6Instantiation.linkSubstratum_bridge' depends on axioms: [propext, Classical.choice, Quot.sound]
2026-09-26T08:01:17.9421611Z info: OIBridge/A6Instantiation.lean:580:0: 'OIBridge.A6Instantiation.linkSubstratum_A2' depends on axioms: [propext, Classical.choice, Quot.sound]
2026-09-26T08:01:17.9422078Z info: OIBridge/A6Instantiation.lean:581:0: 'OIBridge.A6Instantiation.linkSubstratum_A5' depends on axioms: [propext, Classical.choice, Quot.sound]
2026-09-26T08:01:17.9422674Z info: OIBridge/A6Instantiation.lean:582:0: 'OIBridge.A6Instantiation.linkSubstratum_A3' depends on axioms: [propext, Classical.choice, Quot.sound]
2026-09-26T08:01:17.9423111Z info: OIBridge/A6Instantiation.lean:583:0: 'OIBridge.A6Instantiation.nbrs_sub' depends on axioms: [propext, Classical.choice, Quot.sound]
2026-09-26T08:01:17.9423730Z info: OIBridge/A6Instantiation.lean:584:0: 'OIBridge.A6Instantiation.linkSubstratum_A4Exact' depends on axioms: [propext, Classical.choice, Quot.sound]
2026-09-26T08:01:17.9424206Z info: OIBridge/A6Instantiation.lean:585:0: 'OIBridge.A6Instantiation.pk1_packaging' depends on axioms: [propext, Classical.choice, Quot.sound]
2026-09-26T08:01:17.9424654Z info: OIBridge/A6Instantiation.lean:586:0: 'OIBridge.A6Instantiation.pk2a_bridge' depends on axioms: [propext, Classical.choice, Quot.sound]
2026-09-26T08:01:17.9425110Z info: OIBridge/A6Instantiation.lean:587:0: 'OIBridge.A6Instantiation.pk2b_covariance' depends on axioms: [propext, Classical.choice, Quot.sound]
2026-09-26T08:01:17.9425656Z info: OIBridge/A6Instantiation.lean:588:0: 'OIBridge.A6Instantiation.pk3a_A1' depends on axioms: [propext, Classical.choice, Quot.sound]
2026-09-26T08:01:17.9426087Z info: OIBridge/A6Instantiation.lean:589:0: 'OIBridge.A6Instantiation.pk3b_A2' depends on axioms: [propext, Classical.choice, Quot.sound]
2026-09-26T08:01:17.9426507Z info: OIBridge/A6Instantiation.lean:590:0: 'OIBridge.A6Instantiation.pk3c_A3' depends on axioms: [propext, Classical.choice, Quot.sound]
2026-09-26T08:01:17.9426952Z info: OIBridge/A6Instantiation.lean:591:0: 'OIBridge.A6Instantiation.pk3d_A4Exact' depends on axioms: [propext, Classical.choice, Quot.sound]
2026-09-26T08:01:17.9427376Z info: OIBridge/A6Instantiation.lean:592:0: 'OIBridge.A6Instantiation.pk3e_A5' depends on axioms: [propext, Classical.choice, Quot.sound]
2026-09-26T08:01:17.9427783Z info: OIBridge/A6Instantiation.lean:593:0: 'OIBridge.A6Instantiation.pk4_shift_not_scalar' depends on axioms: [propext, Quot.sound]
2026-09-26T08:01:17.9428266Z info: OIBridge/A6Instantiation.lean:594:0: 'OIBridge.A6Instantiation.pk5_symmetric_point' depends on axioms: [propext, Classical.choice, Quot.sound]
2026-09-26T08:01:17.9428754Z info: OIBridge/A6Instantiation.lean:595:0: 'OIBridge.A6Instantiation.cx1_complex_covariance' depends on axioms: [propext, Classical.choice, Quot.sound]
2026-09-26T08:01:17.9429217Z info: OIBridge/A6Instantiation.lean:596:0: 'OIBridge.A6Instantiation.cx2_clinear_forgets' depends on axioms: [propext, Classical.choice, Quot.sound]
2026-09-26T08:01:17.9429684Z info: OIBridge/A6Instantiation.lean:597:0: 'OIBridge.A6Instantiation.cx2_manuscript_law' depends on axioms: [propext, Classical.choice, Quot.sound]
2026-09-26T08:01:17.9430161Z info: OIBridge/A6Instantiation.lean:598:0: 'OIBridge.A6Instantiation.cx2_unitary_gaugeLink' depends on axioms: [propext, Classical.choice, Quot.sound]
2026-09-26T08:01:17.9430631Z info: OIBridge/A6Instantiation.lean:599:0: 'OIBridge.A6Instantiation.cx3a_complex_axioms' depends on axioms: [propext, Classical.choice, Quot.sound]
2026-09-26T08:01:17.9431091Z info: OIBridge/A6Instantiation.lean:600:0: 'OIBridge.A6Instantiation.cx3b_complex_not_A1' depends on axioms: [propext, Classical.choice, Quot.sound]
2026-09-26T08:01:17.9431563Z info: OIBridge/A6Instantiation.lean:601:0: 'OIBridge.A6Instantiation.as1_leap_covariant' depends on axioms: [propext, Classical.choice, Quot.sound]
2026-09-26T08:01:17.9432009Z info: OIBridge/A6Instantiation.lean:602:0: 'OIBridge.A6Instantiation.as1_finite' depends on axioms: [propext, Classical.choice, Quot.sound]
2026-09-26T08:01:17.9432447Z info: OIBridge/A6Instantiation.lean:603:0: 'OIBridge.A6Instantiation.as1_complex' depends on axioms: [propext, Classical.choice, Quot.sound]
2026-09-26T08:01:17.9432621Z ℹ [3532/3599] Replayed OIBridge.ScalarClosure
2026-09-26T08:01:17.9433089Z info: OIBridge/ScalarClosure.lean:215:0: 'OIBridge.ScalarClosure.genTheory_availExt_eq' depends on axioms: [propext, Classical.choice, Quot.sound]
2026-09-26T08:01:17.9433776Z info: OIBridge/ScalarClosure.lean:216:0: 'OIBridge.ScalarClosure.mem_scalarHull_self' depends on axioms: [propext, Classical.choice, Quot.sound]
2026-09-26T08:01:17.9434223Z info: OIBridge/ScalarClosure.lean:217:0: 'OIBridge.ScalarClosure.realized_mono' depends on axioms: [propext, Classical.choice, Quot.sound]
2026-09-26T08:01:17.9434677Z info: OIBridge/ScalarClosure.lean:218:0: 'OIBridge.ScalarClosure.realized_nsmul' depends on axioms: [propext, Classical.choice, Quot.sound]
2026-09-26T08:01:17.9435126Z info: OIBridge/ScalarClosure.lean:219:0: 'OIBridge.ScalarClosure.realized_real_smul' depends on axioms: [propext, Classical.choice, Quot.sound]
2026-09-26T08:01:17.9435597Z info: OIBridge/ScalarClosure.lean:220:0: 'OIBridge.ScalarClosure.realized_scalarHull_iff' depends on axioms: [propext, Classical.choice, Quot.sound]
2026-09-26T08:01:17.9436034Z info: OIBridge/ScalarClosure.lean:221:0: 'OIBridge.ScalarClosure.ancBlock_smul' depends on axioms: [propext, Classical.choice, Quot.sound]
2026-09-26T08:01:17.9436626Z info: OIBridge/ScalarClosure.lean:222:0: 'OIBridge.ScalarClosure.scalarHull_arch' depends on axioms: [propext, Classical.choice, Quot.sound]
2026-09-26T08:01:17.9437110Z info: OIBridge/ScalarClosure.lean:223:0: 'OIBridge.ScalarClosure.scalarHull_permClass_iff' depends on axioms: [propext, Classical.choice, Quot.sound]
2026-09-26T08:01:17.9437624Z info: OIBridge/ScalarClosure.lean:224:0: 'OIBridge.ScalarClosure.permClass_of_scalarHull_isometry' depends on axioms: [propext, Classical.choice, Quot.sound]
2026-09-26T08:01:17.9438124Z info: OIBridge/ScalarClosure.lean:225:0: 'OIBridge.ScalarClosure.instAvail_scalarHull_permClass' depends on axioms: [propext, Classical.choice, Quot.sound]
2026-09-26T08:01:17.9438618Z info: OIBridge/ScalarClosure.lean:226:0: 'OIBridge.ScalarClosure.permTheory_hull_availExt_iff' depends on axioms: [propext, Classical.choice, Quot.sound]
2026-09-26T08:01:17.9438815Z ℹ [3533/3599] Replayed OIBridge.InstrumentRealization
2026-09-26T08:01:17.9439406Z info: OIBridge/InstrumentRealization.lean:1218:0: 'OIBridge.InstrumentRealization.isGenInstrument_of_instAvail' depends on axioms: [propext, Classical.choice, Quot.sound]
2026-09-26T08:01:17.9439973Z info: OIBridge/InstrumentRealization.lean:1219:0: 'OIBridge.InstrumentRealization.genTheory_le_branchTheory' depends on axioms: [propext, Classical.choice, Quot.sound]
2026-09-26T08:01:17.9440477Z info: OIBridge/InstrumentRealization.lean:1220:0: 'OIBridge.InstrumentRealization.ones_apply' depends on axioms: [propext, Classical.choice, Quot.sound]
2026-09-26T08:01:17.9440972Z info: OIBridge/InstrumentRealization.lean:1221:0: 'OIBridge.InstrumentRealization.ones_prod' depends on axioms: [propext, Classical.choice, Quot.sound]
2026-09-26T08:01:17.9441458Z info: OIBridge/InstrumentRealization.lean:1222:0: 'OIBridge.InstrumentRealization.ones_sum' depends on axioms: [propext, Classical.choice, Quot.sound]
2026-09-26T08:01:17.9441961Z info: OIBridge/InstrumentRealization.lean:1223:0: 'OIBridge.InstrumentRealization.mulVec_sum'' depends on axioms: [propext, Classical.choice, Quot.sound]
2026-09-26T08:01:17.9442522Z info: OIBridge/InstrumentRealization.lean:1224:0: 'OIBridge.InstrumentRealization.star_ones_dotProduct_ones' depends on axioms: [propext, Classical.choice, Quot.sound]
2026-09-26T08:01:17.9443048Z info: OIBridge/InstrumentRealization.lean:1225:0: 'OIBridge.InstrumentRealization.unitary_eigen_ones' depends on axioms: [propext, Classical.choice, Quot.sound]
2026-09-26T08:01:17.9443541Z info: OIBridge/InstrumentRealization.lean:1226:0: 'OIBridge.InstrumentRealization.conjTranspose_mulVec_ones_of_eigen' depends on axioms: [propext,
2026-09-26T08:01:17.9443851Z  Classical.choice,
2026-09-26T08:01:17.9443936Z  Quot.sound]
2026-09-26T08:01:17.9444460Z info: OIBridge/InstrumentRealization.lean:1227:0: 'OIBridge.InstrumentRealization.readProj_sum' depends on axioms: [propext, Classical.choice, Quot.sound]
2026-09-26T08:01:17.9444971Z info: OIBridge/InstrumentRealization.lean:1228:0: 'OIBridge.InstrumentRealization.reindex_sum' depends on axioms: [propext, Classical.choice, Quot.sound]
2026-09-26T08:01:17.9445608Z info: OIBridge/InstrumentRealization.lean:1229:0: 'OIBridge.InstrumentRealization.reindex_one' depends on axioms: [propext, Classical.choice, Quot.sound]
2026-09-26T08:01:17.9446129Z info: OIBridge/InstrumentRealization.lean:1230:0: 'OIBridge.InstrumentRealization.sum_filter_comp' depends on axioms: [propext, Classical.choice, Quot.sound]
2026-09-26T08:01:17.9446671Z info: OIBridge/InstrumentRealization.lean:1231:0: 'OIBridge.InstrumentRealization.onesNormal_uniform' depends on axioms: [propext, Classical.choice, Quot.sound]
2026-09-26T08:01:17.9447155Z info: OIBridge/InstrumentRealization.lean:1232:0: 'OIBridge.InstrumentRealization.ancBlock_conjTranspose_mulVec_ones' depends on axioms: [propext,
2026-09-26T08:01:17.9447250Z  Classical.choice,
2026-09-26T08:01:17.9447339Z  Quot.sound]
2026-09-26T08:01:17.9447884Z info: OIBridge/InstrumentRealization.lean:1233:0: 'OIBridge.InstrumentRealization.splitWeight_sum_star' depends on axioms: [propext, Classical.choice, Quot.sound]
2026-09-26T08:01:17.9448564Z info: OIBridge/InstrumentRealization.lean:1234:0: 'OIBridge.InstrumentRealization.splitWeight_sum_normSq' depends on axioms: [propext, Classical.choice, Quot.sound]
2026-09-26T08:01:17.9449121Z info: OIBridge/InstrumentRealization.lean:1235:0: 'OIBridge.InstrumentRealization.instAvail_onesNormal' depends on axioms: [propext, Classical.choice, Quot.sound]
2026-09-26T08:01:17.9449694Z info: OIBridge/InstrumentRealization.lean:1236:0: 'OIBridge.InstrumentRealization.instAvail_unitary_fixes_ones' depends on axioms: [propext, Classical.choice, Quot.sound]
2026-09-26T08:01:17.9450236Z info: OIBridge/InstrumentRealization.lean:1237:0: 'OIBridge.InstrumentRealization.onesCompatible_one' depends on axioms: [propext, Classical.choice, Quot.sound]
2026-09-26T08:01:17.9450774Z info: OIBridge/InstrumentRealization.lean:1238:0: 'OIBridge.InstrumentRealization.onesCompatible_mul' depends on axioms: [propext, Classical.choice, Quot.sound]
2026-09-26T08:01:17.9451341Z info: OIBridge/InstrumentRealization.lean:1239:0: 'OIBridge.InstrumentRealization.unitary_conjTranspose_ones' depends on axioms: [propext, Classical.choice, Quot.sound]
2026-09-26T08:01:17.9451901Z info: OIBridge/InstrumentRealization.lean:1240:0: 'OIBridge.InstrumentRealization.onesClass_of_unitary_ones' depends on axioms: [propext, Classical.choice, Quot.sound]
2026-09-26T08:01:17.9452450Z info: OIBridge/InstrumentRealization.lean:1241:0: 'OIBridge.InstrumentRealization.permMatrix_mulVec_ones' depends on axioms: [propext, Classical.choice, Quot.sound]
2026-09-26T08:01:17.9452994Z info: OIBridge/InstrumentRealization.lean:1242:0: 'OIBridge.InstrumentRealization.onesClass_permMatrix' depends on axioms: [propext, Classical.choice, Quot.sound]
2026-09-26T08:01:17.9453527Z info: OIBridge/InstrumentRealization.lean:1243:0: 'OIBridge.InstrumentRealization.gateFlow_mulVec_ones' depends on axioms: [propext, Classical.choice, Quot.sound]
2026-09-26T08:01:17.9454376Z info: OIBridge/InstrumentRealization.lean:1244:0: 'OIBridge.InstrumentRealization.onesClass_gateFlow' depends on axioms: [propext, Classical.choice, Quot.sound]
2026-09-26T08:01:17.9454940Z info: OIBridge/InstrumentRealization.lean:1245:0: 'OIBridge.InstrumentRealization.onesCompatible_secEmb' depends on axioms: [propext, Classical.choice, Quot.sound]
2026-09-26T08:01:17.9455468Z info: OIBridge/InstrumentRealization.lean:1246:0: 'OIBridge.InstrumentRealization.ancBlock_eq_secEmb' depends on axioms: [propext, Classical.choice, Quot.sound]
2026-09-26T08:01:17.9456029Z info: OIBridge/InstrumentRealization.lean:1247:0: 'OIBridge.InstrumentRealization.readProj_conjTranspose' depends on axioms: [propext, Classical.choice, Quot.sound]
2026-09-26T08:01:17.9456566Z info: OIBridge/InstrumentRealization.lean:1248:0: 'OIBridge.InstrumentRealization.readProj_mul_self' depends on axioms: [propext, Classical.choice, Quot.sound]
2026-09-26T08:01:17.9457116Z info: OIBridge/InstrumentRealization.lean:1249:0: 'OIBridge.InstrumentRealization.fromBlocks_diag_unitary' depends on axioms: [propext, Classical.choice, Quot.sound]
2026-09-26T08:01:17.9457828Z info: OIBridge/InstrumentRealization.lean:1250:0: 'OIBridge.InstrumentRealization.fromBlocks_diag_mulVec_ones' depends on axioms: [propext, Classical.choice, Quot.sound]
2026-09-26T08:01:17.9458411Z info: OIBridge/InstrumentRealization.lean:1251:0: 'OIBridge.InstrumentRealization.onesCompatible_fromRows_left' depends on axioms: [propext, Classical.choice, Quot.sound]
2026-09-26T08:01:17.9458897Z info: OIBridge/InstrumentRealization.lean:1252:0: 'OIBridge.InstrumentRealization.onesCompatible_fromRows_right' depends on axioms: [propext,
2026-09-26T08:01:17.9458981Z  Classical.choice,
2026-09-26T08:01:17.9459066Z  Quot.sound]
2026-09-26T08:01:17.9459583Z info: OIBridge/InstrumentRealization.lean:1253:0: 'OIBridge.InstrumentRealization.onesClass_arch' depends on axioms: [propext, Classical.choice, Quot.sound]
2026-09-26T08:01:17.9460232Z info: OIBridge/InstrumentRealization.lean:1254:0: 'OIBridge.InstrumentRealization.tensorOf_eq_tensorRect' depends on axioms: [propext, Classical.choice, Quot.sound]
2026-09-26T08:01:17.9460761Z info: OIBridge/InstrumentRealization.lean:1255:0: 'OIBridge.InstrumentRealization.tensorRect_mul' depends on axioms: [propext, Classical.choice, Quot.sound]
2026-09-26T08:01:17.9461325Z info: OIBridge/InstrumentRealization.lean:1256:0: 'OIBridge.InstrumentRealization.tensorRect_conjTranspose' depends on axioms: [propext, Classical.choice, Quot.sound]
2026-09-26T08:01:17.9461843Z info: OIBridge/InstrumentRealization.lean:1257:0: 'OIBridge.InstrumentRealization.tensorRect_smul' depends on axioms: [propext, Classical.choice, Quot.sound]
2026-09-26T08:01:17.9462391Z info: OIBridge/InstrumentRealization.lean:1258:0: 'OIBridge.InstrumentRealization.tensorRect_mulVec_ones' depends on axioms: [propext, Classical.choice, Quot.sound]
2026-09-26T08:01:17.9462872Z info: OIBridge/InstrumentRealization.lean:1259:0: 'OIBridge.InstrumentRealization.onesCompatible_tensorRect_one' depends on axioms: [propext,
2026-09-26T08:01:17.9462960Z  Classical.choice,
2026-09-26T08:01:17.9463046Z  Quot.sound]
2026-09-26T08:01:17.9463738Z info: OIBridge/InstrumentRealization.lean:1260:0: 'OIBridge.InstrumentRealization.onesClass_contextStable' depends on axioms: [propext, Classical.choice, Quot.sound]
2026-09-26T08:01:17.9464223Z info: OIBridge/InstrumentRealization.lean:1261:0: 'OIBridge.InstrumentRealization.reindex_left_conjTranspose_mulVec' depends on axioms: [propext,
2026-09-26T08:01:17.9464312Z  Classical.choice,
2026-09-26T08:01:17.9464396Z  Quot.sound]
2026-09-26T08:01:17.9464997Z info: OIBridge/InstrumentRealization.lean:1262:0: 'OIBridge.InstrumentRealization.onesCompatible_reindex_left' depends on axioms: [propext, Classical.choice, Quot.sound]
2026-09-26T08:01:17.9465562Z info: OIBridge/InstrumentRealization.lean:1263:0: 'OIBridge.InstrumentRealization.onesClass_labelInvariant' depends on axioms: [propext, Classical.choice, Quot.sound]
2026-09-26T08:01:17.9466118Z info: OIBridge/InstrumentRealization.lean:1264:0: 'OIBridge.InstrumentRealization.onesClass_daggerStable' depends on axioms: [propext, Classical.choice, Quot.sound]
2026-09-26T08:01:17.9466650Z info: OIBridge/InstrumentRealization.lean:1265:0: 'OIBridge.InstrumentRealization.isometry_fixes_ones' depends on axioms: [propext, Classical.choice, Quot.sound]
2026-09-26T08:01:17.9467190Z info: OIBridge/InstrumentRealization.lean:1266:0: 'OIBridge.InstrumentRealization.pairProj_eq_diagonal' depends on axioms: [propext, Classical.choice, Quot.sound]
2026-09-26T08:01:17.9467730Z info: OIBridge/InstrumentRealization.lean:1267:0: 'OIBridge.InstrumentRealization.pairProj_mulVec_ones' depends on axioms: [propext, Classical.choice, Quot.sound]
2026-09-26T08:01:17.9468275Z info: OIBridge/InstrumentRealization.lean:1268:0: 'OIBridge.InstrumentRealization.transition_mulVec_ones' depends on axioms: [propext, Classical.choice, Quot.sound]
2026-09-26T08:01:17.9468830Z info: OIBridge/InstrumentRealization.lean:1269:0: 'OIBridge.InstrumentRealization.pairProj_conjTranspose' depends on axioms: [propext, Classical.choice, Quot.sound]
2026-09-26T08:01:17.9469506Z info: OIBridge/InstrumentRealization.lean:1270:0: 'OIBridge.InstrumentRealization.flow_mul_one_sub_pairProj' depends on axioms: [propext, Classical.choice, Quot.sound]
2026-09-26T08:01:17.9470027Z info: OIBridge/InstrumentRealization.lean:1271:0: 'OIBridge.InstrumentRealization.flow_mul_pairProj' depends on axioms: [propext, Classical.choice, Quot.sound]
2026-09-26T08:01:17.9470545Z info: OIBridge/InstrumentRealization.lean:1272:0: 'OIBridge.InstrumentRealization.exp_star_mul_self' depends on axioms: [propext, Classical.choice, Quot.sound]
2026-09-26T08:01:17.9471066Z info: OIBridge/InstrumentRealization.lean:1273:0: 'OIBridge.InstrumentRealization.exp_ofReal_mul_I_eq' depends on axioms: [propext, Classical.choice, Quot.sound]
2026-09-26T08:01:17.9471599Z info: OIBridge/InstrumentRealization.lean:1274:0: 'OIBridge.InstrumentRealization.star_exp_ofReal_mul_I' depends on axioms: [propext, Classical.choice, Quot.sound]
2026-09-26T08:01:17.9472250Z info: OIBridge/InstrumentRealization.lean:1275:0: 'OIBridge.InstrumentRealization.pairPhase_isometry' depends on axioms: [propext, Classical.choice, Quot.sound]
2026-09-26T08:01:17.9472798Z info: OIBridge/InstrumentRealization.lean:1276:0: 'OIBridge.InstrumentRealization.pairPhase_mulVec_ones' depends on axioms: [propext, Classical.choice, Quot.sound]
2026-09-26T08:01:17.9473358Z info: OIBridge/InstrumentRealization.lean:1277:0: 'OIBridge.InstrumentRealization.pairPhaseOf_star_mul_self' depends on axioms: [propext, Classical.choice, Quot.sound]
2026-09-26T08:01:17.9474014Z info: OIBridge/InstrumentRealization.lean:1278:0: 'OIBridge.InstrumentRealization.levelGate_isometry' depends on axioms: [propext, Classical.choice, Quot.sound]
2026-09-26T08:01:17.9474558Z info: OIBridge/InstrumentRealization.lean:1279:0: 'OIBridge.InstrumentRealization.levelGate_mulVec_ones' depends on axioms: [propext, Classical.choice, Quot.sound]
2026-09-26T08:01:17.9475100Z info: OIBridge/InstrumentRealization.lean:1280:0: 'OIBridge.InstrumentRealization.levelGate_ancBlock' depends on axioms: [propext, Classical.choice, Quot.sound]
2026-09-26T08:01:17.9475582Z info: OIBridge/InstrumentRealization.lean:1281:0: 'OIBridge.InstrumentRealization.secEmb_conjTranspose_mul_tensorOf' depends on axioms: [propext,
2026-09-26T08:01:17.9475672Z  Classical.choice,
2026-09-26T08:01:17.9475756Z  Quot.sound]
2026-09-26T08:01:17.9476298Z info: OIBridge/InstrumentRealization.lean:1282:0: 'OIBridge.InstrumentRealization.diagonal_pairPhase_eq' depends on axioms: [propext, Classical.choice, Quot.sound]
2026-09-26T08:01:17.9476813Z info: OIBridge/InstrumentRealization.lean:1283:0: 'OIBridge.InstrumentRealization.gadget_block' depends on axioms: [propext, Classical.choice, Quot.sound]
2026-09-26T08:01:17.9477291Z info: OIBridge/InstrumentRealization.lean:1284:0: 'OIBridge.InstrumentRealization.transition_scaled_mem_onesClass' depends on axioms: [propext,
2026-09-26T08:01:17.9477378Z  Classical.choice,
2026-09-26T08:01:17.9477462Z  Quot.sound]
2026-09-26T08:01:17.9478007Z info: OIBridge/InstrumentRealization.lean:1285:0: 'OIBridge.InstrumentRealization.flow_mulVec_ones_apply' depends on axioms: [propext, Classical.choice, Quot.sound]
2026-09-26T08:01:17.9478498Z info: OIBridge/InstrumentRealization.lean:1286:0: 'OIBridge.InstrumentRealization.flow_realized_not_instrumentRealized' depends on axioms: [propext,
2026-09-26T08:01:17.9478592Z  Classical.choice,
2026-09-26T08:01:17.9478674Z  Quot.sound]
2026-09-26T08:01:17.9478856Z ℹ [3534/3599] Replayed OIBridge.FlowEndpoint
2026-09-26T08:01:17.9479321Z info: OIBridge/FlowEndpoint.lean:210:0: 'OIBridge.FlowEndpoint.onesTheory_avail_conj' depends on axioms: [propext, Classical.choice, Quot.sound]
2026-09-26T08:01:17.9479783Z info: OIBridge/FlowEndpoint.lean:211:0: 'OIBridge.FlowEndpoint.onesTheory_sourcedOI' depends on axioms: [propext, Classical.choice, Quot.sound]
2026-09-26T08:01:17.9480176Z info: OIBridge/FlowEndpoint.lean:212:0: 'OIBridge.FlowEndpoint.levelPerm_involutive' depends on axioms: [propext, Quot.sound]
2026-09-26T08:01:17.9480817Z info: OIBridge/FlowEndpoint.lean:213:0: 'OIBridge.FlowEndpoint.onesTheory_layerFlowExecutable' depends on axioms: [propext, Classical.choice, Quot.sound]
2026-09-26T08:01:17.9481247Z info: OIBridge/FlowEndpoint.lean:214:0: 'OIBridge.FlowEndpoint.exists_third' depends on axioms: [propext, Classical.choice, Quot.sound]
2026-09-26T08:01:17.9481717Z info: OIBridge/FlowEndpoint.lean:215:0: 'OIBridge.FlowEndpoint.onesTheory_no_quarter_flow' depends on axioms: [propext, Classical.choice, Quot.sound]
2026-09-26T08:01:17.9482222Z info: OIBridge/FlowEndpoint.lean:216:0: 'OIBridge.FlowEndpoint.onesTheory_not_phaseFree_general' depends on axioms: [propext, Classical.choice, Quot.sound]
2026-09-26T08:01:17.9482694Z info: OIBridge/FlowEndpoint.lean:217:0: 'OIBridge.FlowEndpoint.onesTheory_not_phaseFree' depends on axioms: [propext, Classical.choice, Quot.sound]
2026-09-26T08:01:17.9483146Z info: OIBridge/FlowEndpoint.lean:218:0: 'OIBridge.FlowEndpoint.flow_endpoint_refuted' depends on axioms: [propext, Classical.choice, Quot.sound]
2026-09-26T08:01:17.9483873Z info: OIBridge/FlowEndpoint.lean:219:0: 'OIBridge.FlowEndpoint.flow_endpoint_refuted_general' depends on axioms: [propext, Classical.choice, Quot.sound]
2026-09-26T08:01:17.9484354Z info: OIBridge/FlowEndpoint.lean:220:0: 'OIBridge.FlowEndpoint.phaseGate_mulVec_ones' depends on axioms: [propext, Classical.choice, Quot.sound]
2026-09-26T08:01:17.9484855Z info: OIBridge/FlowEndpoint.lean:221:0: 'OIBridge.FlowEndpoint.onesTheory_not_phasesAvailable' depends on axioms: [propext, Classical.choice, Quot.sound]
2026-09-26T08:01:17.9485330Z info: OIBridge/FlowEndpoint.lean:222:0: 'OIBridge.FlowEndpoint.onesTheory_not_derivedOI' depends on axioms: [propext, Classical.choice, Quot.sound]
2026-09-26T08:01:17.9485826Z info: OIBridge/FlowEndpoint.lean:223:0: 'OIBridge.FlowEndpoint.onesTheory_not_substratumAvail' depends on axioms: [propext, Classical.choice, Quot.sound]
2026-09-26T08:01:17.9486278Z info: OIBridge/FlowEndpoint.lean:224:0: 'OIBridge.FlowEndpoint.onesTheory_not_qm' depends on axioms: [propext, Classical.choice, Quot.sound]
2026-09-26T08:01:17.9486437Z ℹ [3535/3599] Replayed OIBridge.PhaseSource
2026-09-26T08:01:17.9486931Z info: OIBridge/PhaseSource.lean:203:0: 'OIBridge.PhaseSource.onesFixing_not_phasesAvailable' depends on axioms: [propext, Classical.choice, Quot.sound]
2026-09-26T08:01:17.9487386Z info: OIBridge/PhaseSource.lean:204:0: 'OIBridge.PhaseSource.permClass_onesFixing' depends on axioms: [propext, Classical.choice, Quot.sound]
2026-09-26T08:01:17.9487808Z info: OIBridge/PhaseSource.lean:205:0: 'OIBridge.PhaseSource.permTheory_not_phasesAvailable_onesFixing' depends on axioms: [propext,
2026-09-26T08:01:17.9487899Z  Classical.choice,
2026-09-26T08:01:17.9487984Z  Quot.sound]
2026-09-26T08:01:17.9488469Z info: OIBridge/PhaseSource.lean:206:0: 'OIBridge.PhaseSource.bijectiveOperator_mulVec_ones' depends on axioms: [propext, Classical.choice, Quot.sound]
2026-09-26T08:01:17.9488967Z info: OIBridge/PhaseSource.lean:207:0: 'OIBridge.PhaseSource.readWriteOperator_mulVec_ones' depends on axioms: [propext, Classical.choice, Quot.sound]
2026-09-26T08:01:17.9489415Z info: OIBridge/PhaseSource.lean:208:0: 'OIBridge.PhaseSource.phaseGate_not_scalar' depends on axioms: [propext, Classical.choice, Quot.sound]
2026-09-26T08:01:17.9489906Z info: OIBridge/PhaseSource.lean:209:0: 'OIBridge.PhaseSource.conjChannel_phaseGate_ne_id' depends on axioms: [propext, Classical.choice, Quot.sound]
2026-09-26T08:01:17.9490360Z info: OIBridge/PhaseSource.lean:210:0: 'OIBridge.PhaseSource.diagonal_conj_phaseGate' depends on axioms: [propext, Classical.choice, Quot.sound]
2026-09-26T08:01:17.9490806Z info: OIBridge/PhaseSource.lean:211:0: 'OIBridge.PhaseSource.phaseGate_moves_ones' depends on axioms: [propext, Classical.choice, Quot.sound]
2026-09-26T08:01:17.9491297Z info: OIBridge/PhaseSource.lean:212:0: 'OIBridge.PhaseSource.substratumClass_not_onesFixing' depends on axioms: [propext, Classical.choice, Quot.sound]
2026-09-26T08:01:17.9491563Z ℹ [3536/3599] Replayed OIBridge.DerivedQ3
2026-09-26T08:01:17.9491971Z info: OIBridge/DerivedQ3.lean:302:0: 'OIBridge.DerivedQ3.flipAt_self' depends on axioms: [propext, Classical.choice, Quot.sound]
2026-09-26T08:01:17.9492368Z info: OIBridge/DerivedQ3.lean:303:0: 'OIBridge.DerivedQ3.flipAt_of_ne' depends on axioms: [propext, Classical.choice, Quot.sound]
2026-09-26T08:01:17.9492783Z info: OIBridge/DerivedQ3.lean:304:0: 'OIBridge.DerivedQ3.phaseGate_mul_self' depends on axioms: [propext, Classical.choice, Quot.sound]
2026-09-26T08:01:17.9493221Z info: OIBridge/DerivedQ3.lean:305:0: 'OIBridge.DerivedQ3.gateFlow_isolation_flip' depends on axioms: [propext, Classical.choice, Quot.sound]
2026-09-26T08:01:17.9493803Z info: OIBridge/DerivedQ3.lean:306:0: 'OIBridge.DerivedQ3.flip_avail' depends on axioms: [propext, Classical.choice, Quot.sound]
2026-09-26T08:01:17.9494330Z info: OIBridge/DerivedQ3.lean:307:0: 'OIBridge.DerivedQ3.phaseFree_of_phases_layerFlowExecutable' depends on axioms: [propext, Classical.choice, Quot.sound]
2026-09-26T08:01:17.9494869Z info: OIBridge/DerivedQ3.lean:308:0: 'OIBridge.DerivedQ3.phaseFree_of_derivedOI_layerFlowExecutable' depends on axioms: [propext,
2026-09-26T08:01:17.9494969Z  Classical.choice,
2026-09-26T08:01:17.9495049Z  Quot.sound]
2026-09-26T08:01:17.9495538Z info: OIBridge/DerivedQ3.lean:309:0: 'OIBridge.DerivedQ3.qm_of_derivedOI_layerFlowExecutable' depends on axioms: [propext, Classical.choice, Quot.sound]
2026-09-26T08:01:17.9496034Z info: OIBridge/DerivedQ3.lean:310:0: 'OIBridge.DerivedQ3.derivedOI_qm_iff_layerFlowExecutable'' depends on axioms: [propext, Classical.choice, Quot.sound]
2026-09-26T08:01:17.9496516Z info: OIBridge/DerivedQ3.lean:311:0: 'OIBridge.DerivedQ3.derivedOI_layerFlowExecutable_of_qm' depends on axioms: [propext, Classical.choice, Quot.sound]
2026-09-26T08:01:17.9496935Z info: OIBridge/DerivedQ3.lean:312:0: 'OIBridge.DerivedQ3.phaseFree_of_derivedOI_layerFlowExecutable_swap' depends on axioms: [propext,
2026-09-26T08:01:17.9497029Z  Classical.choice,
2026-09-26T08:01:17.9497107Z  Quot.sound]
2026-09-26T08:01:17.9497506Z info: OIBridge/DerivedQ3.lean:313:0: 'OIBridge.DerivedQ3.derivedOI_qm_iff_layerFlowExecutable_swap'' depends on axioms: [propext,
2026-09-26T08:01:17.9497594Z  Classical.choice,
2026-09-26T08:01:17.9497672Z  Quot.sound]
2026-09-26T08:01:17.9498086Z info: OIBridge/DerivedQ3.lean:314:0: 'OIBridge.DerivedQ3.gateFlow_one_eq_one' depends on axioms: [propext, Classical.choice, Quot.sound]
2026-09-26T08:01:17.9498430Z info: OIBridge/DerivedQ3.lean:315:0: 'OIBridge.DerivedQ3.levelPerm_one' depends on axioms: [propext, Quot.sound]
2026-09-26T08:01:17.9498877Z info: OIBridge/DerivedQ3.lean:316:0: 'OIBridge.DerivedQ3.layerFlowExecutable_one' depends on axioms: [propext, Classical.choice, Quot.sound]
2026-09-26T08:01:17.9499394Z info: OIBridge/DerivedQ3.lean:317:0: 'OIBridge.DerivedQ3.substratumTheory_layerFlowExecutable_one' depends on axioms: [propext, Classical.choice, Quot.sound]
2026-09-26T08:01:17.9499823Z info: OIBridge/DerivedQ3.lean:318:0: 'OIBridge.DerivedQ3.derivedOI_layerFlowExecutable_one_not_phaseFree' depends on axioms: [propext,
2026-09-26T08:01:17.9499914Z  Classical.choice,
2026-09-26T08:01:17.9499999Z  Quot.sound]
2026-09-26T08:01:17.9500166Z ℹ [3537/3599] Replayed OIBridge.ExecSource
2026-09-26T08:01:17.9500583Z info: OIBridge/ExecSource.lean:208:0: 'OIBridge.ExecSource.exists_nonMonomial_of_layerFlowExecutable' depends on axioms: [propext,
2026-09-26T08:01:17.9500675Z  Classical.choice,
2026-09-26T08:01:17.9500760Z  Quot.sound]
2026-09-26T08:01:17.9501182Z info: OIBridge/ExecSource.lean:209:0: 'OIBridge.ExecSource.not_configurationLevel_of_layerFlowExecutable' depends on axioms: [propext,
2026-09-26T08:01:17.9501271Z  Classical.choice,
2026-09-26T08:01:17.9501356Z  Quot.sound]
2026-09-26T08:01:17.9501870Z info: OIBridge/ExecSource.lean:210:0: 'OIBridge.ExecSource.bijectionLevel_not_layerFlowExecutable' depends on axioms: [propext, Classical.choice, Quot.sound]
2026-09-26T08:01:17.9502412Z info: OIBridge/ExecSource.lean:211:0: 'OIBridge.ExecSource.configurationLevel_not_avail_gateFlow_half' depends on axioms: [propext,
2026-09-26T08:01:17.9502511Z  Classical.choice,
2026-09-26T08:01:17.9502593Z  Quot.sound]
2026-09-26T08:01:17.9503000Z info: OIBridge/ExecSource.lean:212:0: 'OIBridge.ExecSource.substratumTheory_not_avail_gateFlow_half' depends on axioms: [propext,
2026-09-26T08:01:17.9503084Z  Classical.choice,
2026-09-26T08:01:17.9503167Z  Quot.sound]
2026-09-26T08:01:17.9503771Z info: OIBridge/ExecSource.lean:213:0: 'OIBridge.ExecSource.obs_not_layerFlowExecutable' depends on axioms: [propext, Classical.choice, Quot.sound]
2026-09-26T08:01:17.9504255Z info: OIBridge/ExecSource.lean:214:0: 'OIBridge.ExecSource.obs_not_layerFlowExecutable_shear' depends on axioms: [propext, Classical.choice, Quot.sound]
2026-09-26T08:01:17.9504735Z info: OIBridge/ExecSource.lean:215:0: 'OIBridge.ExecSource.obs_not_layerFlowExecutable_swap' depends on axioms: [propext, Classical.choice, Quot.sound]
2026-09-26T08:01:17.9505308Z info: OIBridge/ExecSource.lean:216:0: 'OIBridge.ExecSource.waveSubstratum_swap_moves' depends on axioms: [propext, Classical.choice, Quot.sound]
2026-09-26T08:01:17.9505733Z info: OIBridge/ExecSource.lean:217:0: 'OIBridge.ExecSource.waveSubstratum_not_layerFlowExecutable_swap' depends on axioms: [propext,
2026-09-26T08:01:17.9505824Z  Classical.choice,
2026-09-26T08:01:17.9505909Z  Quot.sound]
2026-09-26T08:01:17.9506363Z info: OIBridge/ExecSource.lean:218:0: 'OIBridge.ExecSource.gateFlow_half_not_monomial' depends on axioms: [propext, Classical.choice, Quot.sound]
2026-09-26T08:01:17.9506848Z info: OIBridge/ExecSource.lean:219:0: 'OIBridge.ExecSource.onesClass_not_configurationLevel' depends on axioms: [propext, Classical.choice, Quot.sound]
2026-09-26T08:01:17.9507005Z ℹ [3538/3599] Replayed OIBridge.LiftSource
2026-09-26T08:01:17.9507407Z info: OIBridge/LiftSource.lean:313:0: 'OIBridge.LiftSource.not_layerFlowExecutable_of_preservesDiag' depends on axioms: [propext,
2026-09-26T08:01:17.9507504Z  Classical.choice,
2026-09-26T08:01:17.9507592Z  Quot.sound]
2026-09-26T08:01:17.9508048Z info: OIBridge/LiftSource.lean:314:0: 'OIBridge.LiftSource.coherentLift_isMonomial' depends on axioms: [propext, Classical.choice, Quot.sound]
2026-09-26T08:01:17.9508620Z info: OIBridge/LiftSource.lean:315:0: 'OIBridge.LiftSource.reversibleExtension_conj_monomial' depends on axioms: [propext, Classical.choice, Quot.sound]
2026-09-26T08:01:17.9509263Z info: OIBridge/LiftSource.lean:316:0: 'OIBridge.LiftSource.correlationExtension_preservesDiag' depends on axioms: [propext, Classical.choice, Quot.sound]
2026-09-26T08:01:17.9509860Z info: OIBridge/LiftSource.lean:317:0: 'OIBridge.LiftSource.coherentLiftClass_contains_lift' depends on axioms: [propext, Classical.choice, Quot.sound]
2026-09-26T08:01:17.9510509Z info: OIBridge/LiftSource.lean:318:0: 'OIBridge.LiftSource.coherentLiftClass_configurationLevel' depends on axioms: [propext, Classical.choice, Quot.sound]
2026-09-26T08:01:17.9511133Z info: OIBridge/LiftSource.lean:319:0: 'OIBridge.LiftSource.coherentLiftClass_eq_substratumClass' depends on axioms: [propext, Classical.choice, Quot.sound]
2026-09-26T08:01:17.9511860Z info: OIBridge/LiftSource.lean:320:0: 'OIBridge.LiftSource.coherentLiftClass_arch' depends on axioms: [propext, Classical.choice, Quot.sound]
2026-09-26T08:01:17.9512798Z info: OIBridge/LiftSource.lean:321:0: 'OIBridge.LiftSource.coherentLiftTheory_eq_substratumTheory' depends on axioms: [propext, Classical.choice, Quot.sound]
2026-09-26T08:01:17.9513538Z info: OIBridge/LiftSource.lean:322:0: 'OIBridge.LiftSource.coherentLiftClass_not_layerFlowExecutable' depends on axioms: [propext,
2026-09-26T08:01:17.9513771Z  Classical.choice,
2026-09-26T08:01:17.9513973Z  Quot.sound]
2026-09-26T08:01:17.9514870Z info: OIBridge/LiftSource.lean:323:0: 'OIBridge.LiftSource.obs_availExt_le_coherentLift' depends on axioms: [propext, Classical.choice, Quot.sound]
2026-09-26T08:01:17.9515460Z info: OIBridge/LiftSource.lean:324:0: 'OIBridge.LiftSource.waveSubstratum_coherentLift_not_layerFlowExecutable_swap' depends on axioms: [propext,
2026-09-26T08:01:17.9515907Z  Classical.choice,
2026-09-26T08:01:17.9516015Z  Quot.sound]
2026-09-26T08:01:17.9516466Z info: OIBridge/LiftSource.lean:325:0: 'OIBridge.LiftSource.single_isMonomial' depends on axioms: [propext, Classical.choice, Quot.sound]
2026-09-26T08:01:17.9517129Z info: OIBridge/LiftSource.lean:326:0: 'OIBridge.LiftSource.stochasticChannel_kraus_monomial' depends on axioms: [propext, Classical.choice, Quot.sound]
2026-09-26T08:01:17.9517647Z info: OIBridge/LiftSource.lean:327:0: 'OIBridge.LiftSource.stochasticChannel_preservesDiag' depends on axioms: [propext, Classical.choice, Quot.sound]
2026-09-26T08:01:17.9518268Z info: OIBridge/LiftSource.lean:328:0: 'OIBridge.LiftSource.stochastic_not_layerFlowExecutable' depends on axioms: [propext, Classical.choice, Quot.sound]
2026-09-26T08:01:17.9518806Z info: OIBridge/LiftSource.lean:329:0: 'OIBridge.LiftSource.avail_one_not_layerFlowExecutable' depends on axioms: [propext, Classical.choice, Quot.sound]
2026-09-26T08:01:17.9519449Z info: OIBridge/LiftSource.lean:330:0: 'OIBridge.LiftSource.obs_swap_avail_one_not_layerFlowExecutable' depends on axioms: [propext,
2026-09-26T08:01:17.9519620Z  Classical.choice,
2026-09-26T08:01:17.9519717Z  Quot.sound]
2026-09-26T08:01:17.9519949Z ℹ [3539/3599] Replayed OIBridge.C5Discovery
2026-09-26T08:01:17.9520429Z info: OIBridge/C5Discovery.lean:339:0: 'OIBridge.C5Discovery.obligations_independent' depends on axioms: [propext, Classical.choice, Quot.sound]
2026-09-26T08:01:17.9521087Z info: OIBridge/C5Discovery.lean:340:0: 'OIBridge.C5Discovery.killBattery_substratum' depends on axioms: [propext, Classical.choice, Quot.sound]
2026-09-26T08:01:17.9521529Z info: OIBridge/C5Discovery.lean:341:0: 'OIBridge.C5Discovery.killBattery_ones' depends on axioms: [propext, Classical.choice, Quot.sound]
2026-09-26T08:01:17.9522122Z info: OIBridge/C5Discovery.lean:342:0: 'OIBridge.C5Discovery.killBattery_perm' depends on axioms: [propext, Classical.choice, Quot.sound]
2026-09-26T08:01:17.9522581Z info: OIBridge/C5Discovery.lean:343:0: 'OIBridge.C5Discovery.killBattery_not_qm' depends on axioms: [propext, Classical.choice, Quot.sound]
2026-09-26T08:01:17.9523174Z info: OIBridge/C5Discovery.lean:344:0: 'OIBridge.C5Discovery.obligations_outside_battery' depends on axioms: [propext, Classical.choice, Quot.sound]
2026-09-26T08:01:17.9523977Z info: OIBridge/C5Discovery.lean:345:0: 'OIBridge.C5Discovery.bijectionLevel_fails_obligations' depends on axioms: [propext, Classical.choice, Quot.sound]
2026-09-26T08:01:17.9524654Z info: OIBridge/C5Discovery.lean:346:0: 'OIBridge.C5Discovery.updateLevel_symplectic_inert' depends on axioms: [propext, Classical.choice, Quot.sound]
2026-09-26T08:01:17.9525126Z info: OIBridge/C5Discovery.lean:347:0: 'OIBridge.C5Discovery.hadamard_not_monomial' depends on axioms: [propext, Classical.choice, Quot.sound]
2026-09-26T08:01:17.9525773Z info: OIBridge/C5Discovery.lean:348:0: 'OIBridge.C5Discovery.hadamard_not_preservesDiag' depends on axioms: [propext, Classical.choice, Quot.sound]
2026-09-26T08:01:17.9526261Z info: OIBridge/C5Discovery.lean:349:0: 'OIBridge.C5Discovery.siteSwapImage_not_monomial' depends on axioms: [propext, Classical.choice, Quot.sound]
2026-09-26T08:01:17.9526737Z info: OIBridge/C5Discovery.lean:350:0: 'OIBridge.C5Discovery.polGen_arch' depends on axioms: [propext, Classical.choice, Quot.sound]
2026-09-26T08:01:17.9527365Z info: OIBridge/C5Discovery.lean:351:0: 'OIBridge.C5Discovery.polGen_not_configurationLevel' depends on axioms: [propext, Classical.choice, Quot.sound]
2026-09-26T08:01:17.9527847Z info: OIBridge/C5Discovery.lean:352:0: 'OIBridge.C5Discovery.siteShearImage_one_eq_phaseGate' depends on axioms: [propext, Classical.choice, Quot.sound]
2026-09-26T08:01:17.9528522Z info: OIBridge/C5Discovery.lean:353:0: 'OIBridge.C5Discovery.polarizedTheory_phase_level_one' depends on axioms: [propext, Classical.choice, Quot.sound]
2026-09-26T08:01:17.9528966Z info: OIBridge/C5Discovery.lean:354:0: 'OIBridge.C5Discovery.gateFlow_half_eq_hsh' depends on axioms: [propext, Classical.choice, Quot.sound]
2026-09-26T08:01:17.9529874Z info: OIBridge/C5Discovery.lean:355:0: 'OIBridge.C5Discovery.polarizedTheory_swap_half_level_one' depends on axioms: [propext, Classical.choice, Quot.sound]
2026-09-26T08:01:17.9530100Z ℹ [3540/3599] Replayed OIBridge.PolarizationClosure
2026-09-26T08:01:17.9530808Z info: OIBridge/PolarizationClosure.lean:737:0: 'OIBridge.PolarizationClosure.gateFlow_entries' depends on axioms: [propext, Classical.choice, Quot.sound]
2026-09-26T08:01:17.9531364Z info: OIBridge/PolarizationClosure.lean:738:0: 'OIBridge.PolarizationClosure.gateFlow_not_proportional' depends on axioms: [propext, Classical.choice, Quot.sound]
2026-09-26T08:01:17.9532025Z info: OIBridge/PolarizationClosure.lean:739:0: 'OIBridge.PolarizationClosure.countable_not_layerFlowExecutable' depends on axioms: [propext,
2026-09-26T08:01:17.9532120Z  Classical.choice,
2026-09-26T08:01:17.9532208Z  Quot.sound]
2026-09-26T08:01:17.9532699Z info: OIBridge/PolarizationClosure.lean:740:0: 'OIBridge.PolarizationClosure.uncountable_of_layerFlowExecutable' depends on axioms: [propext,
2026-09-26T08:01:17.9533224Z  Classical.choice,
2026-09-26T08:01:17.9533333Z  Quot.sound]
2026-09-26T08:01:17.9534205Z info: OIBridge/PolarizationClosure.lean:741:0: 'OIBridge.PolarizationClosure.polC_arch' depends on axioms: [propext, Classical.choice, Quot.sound]
2026-09-26T08:01:17.9534813Z info: OIBridge/PolarizationClosure.lean:742:0: 'OIBridge.PolarizationClosure.polC_labelInvariant' depends on axioms: [propext, Classical.choice, Quot.sound]
2026-09-26T08:01:17.9535406Z info: OIBridge/PolarizationClosure.lean:743:0: 'OIBridge.PolarizationClosure.polGen_le_polC' depends on axioms: [propext, Classical.choice, Quot.sound]
2026-09-26T08:01:17.9535974Z info: OIBridge/PolarizationClosure.lean:744:0: 'OIBridge.PolarizationClosure.gen_countable' depends on axioms: [propext, Classical.choice, Quot.sound]
2026-09-26T08:01:17.9536495Z info: OIBridge/PolarizationClosure.lean:745:0: 'OIBridge.PolarizationClosure.gen_reindex' depends on axioms: [propext, Classical.choice, Quot.sound]
2026-09-26T08:01:17.9537123Z info: OIBridge/PolarizationClosure.lean:746:0: 'OIBridge.PolarizationClosure.polC_mem_gen' depends on axioms: [propext, Classical.choice, Quot.sound]
2026-09-26T08:01:17.9537720Z info: OIBridge/PolarizationClosure.lean:747:0: 'OIBridge.PolarizationClosure.polC_countable_upToScalar' depends on axioms: [propext, Classical.choice, Quot.sound]
2026-09-26T08:01:17.9538412Z info: OIBridge/PolarizationClosure.lean:748:0: 'OIBridge.PolarizationClosure.polGen_countable_upToScalar' depends on axioms: [propext, Classical.choice, Quot.sound]
2026-09-26T08:01:17.9539016Z info: OIBridge/PolarizationClosure.lean:749:0: 'OIBridge.PolarizationClosure.polarizedTheoryC_not_layerFlowExecutable' depends on axioms: [propext,
2026-09-26T08:01:17.9539182Z  Classical.choice,
2026-09-26T08:01:17.9539272Z  Quot.sound]
2026-09-26T08:01:17.9539774Z info: OIBridge/PolarizationClosure.lean:750:0: 'OIBridge.PolarizationClosure.polarizedTheory_not_layerFlowExecutable' depends on axioms: [propext,
2026-09-26T08:01:17.9539869Z  Classical.choice,
2026-09-26T08:01:17.9539957Z  Quot.sound]
2026-09-26T08:01:17.9540669Z info: OIBridge/PolarizationClosure.lean:751:0: 'OIBridge.PolarizationClosure.phaseRelabel_block' depends on axioms: [propext, Classical.choice, Quot.sound]
2026-09-26T08:01:17.9541180Z info: OIBridge/PolarizationClosure.lean:752:0: 'OIBridge.PolarizationClosure.polC_phaseGate' depends on axioms: [propext, Classical.choice, Quot.sound]
2026-09-26T08:01:17.9541849Z info: OIBridge/PolarizationClosure.lean:753:0: 'OIBridge.PolarizationClosure.polarizedTheoryC_phasesAvailable' depends on axioms: [propext,
2026-09-26T08:01:17.9541936Z  Classical.choice,
2026-09-26T08:01:17.9542020Z  Quot.sound]
2026-09-26T08:01:17.9542603Z info: OIBridge/PolarizationClosure.lean:754:0: 'OIBridge.PolarizationClosure.polC_daggerStable' depends on axioms: [propext, Classical.choice, Quot.sound]
2026-09-26T08:01:17.9543223Z info: OIBridge/PolarizationClosure.lean:755:0: 'OIBridge.PolarizationClosure.polC_contextStable' depends on axioms: [propext, Classical.choice, Quot.sound]
2026-09-26T08:01:17.9544278Z info: OIBridge/PolarizationClosure.lean:756:0: 'OIBridge.PolarizationClosure.polarizedTheoryC_derivedOI' depends on axioms: [propext, Classical.choice, Quot.sound]
2026-09-26T08:01:17.9544834Z info: OIBridge/PolarizationClosure.lean:757:0: 'OIBridge.PolarizationClosure.polarizedTheoryC_not_qm' depends on axioms: [propext, Classical.choice, Quot.sound]
2026-09-26T08:01:17.9545502Z info: OIBridge/PolarizationClosure.lean:758:0: 'OIBridge.PolarizationClosure.killBattery'_not_qm' depends on axioms: [propext, Classical.choice, Quot.sound]
2026-09-26T08:01:17.9546029Z info: OIBridge/PolarizationClosure.lean:759:0: 'OIBridge.PolarizationClosure.levelThreeWord_mem' depends on axioms: [propext, Classical.choice, Quot.sound]
2026-09-26T08:01:17.9546713Z info: OIBridge/PolarizationClosure.lean:760:0: 'OIBridge.PolarizationClosure.levelThree_word_block' depends on axioms: [propext, Classical.choice, Quot.sound]
2026-09-26T08:01:17.9547511Z info: OIBridge/PolarizationClosure.lean:761:0: 'OIBridge.PolarizationClosure.levelThree_block_not_clifford' depends on axioms: [propext, Classical.choice, Quot.sound]
2026-09-26T08:01:17.9548069Z info: OIBridge/PolarizationClosure.lean:762:0: 'OIBridge.PolarizationClosure.polC_levelThree_block' depends on axioms: [propext, Classical.choice, Quot.sound]
2026-09-26T08:01:17.9548308Z ℹ [3541/3599] Replayed OIBridge.CoherentContinuumSource
2026-09-26T08:01:17.9549054Z info: OIBridge/CoherentContinuumSource.lean:349:0: 'OIBridge.CoherentContinuumSource.gateFlow_entries_im' depends on axioms: [propext, Classical.choice, Quot.sound]
2026-09-26T08:01:17.9549624Z info: OIBridge/CoherentContinuumSource.lean:350:0: 'OIBridge.CoherentContinuumSource.gateFlow_not_monomial' depends on axioms: [propext, Classical.choice, Quot.sound]
2026-09-26T08:01:17.9550335Z info: OIBridge/CoherentContinuumSource.lean:351:0: 'OIBridge.CoherentContinuumSource.isMonomial_of_smul' depends on axioms: [propext, Classical.choice, Quot.sound]
2026-09-26T08:01:17.9550904Z info: OIBridge/CoherentContinuumSource.lean:352:0: 'OIBridge.CoherentContinuumSource.gateFlow_not_countablyCovered' depends on axioms: [propext,
2026-09-26T08:01:17.9551065Z  Classical.choice,
2026-09-26T08:01:17.9551161Z  Quot.sound]
2026-09-26T08:01:17.9551722Z info: OIBridge/CoherentContinuumSource.lean:353:0: 'OIBridge.CoherentContinuumSource.nonMonomialCountablyCovered_of_countable' depends on axioms: [propext,
2026-09-26T08:01:17.9551807Z  Classical.choice,
2026-09-26T08:01:17.9551892Z  Quot.sound]
2026-09-26T08:01:17.9552633Z info: OIBridge/CoherentContinuumSource.lean:354:0: 'OIBridge.CoherentContinuumSource.uncountableNonMonomialRays_of_layerFlowExecutable' depends on axioms: [propext,
2026-09-26T08:01:17.9552725Z  Classical.choice,
2026-09-26T08:01:17.9552809Z  Quot.sound]
2026-09-26T08:01:17.9553524Z info: OIBridge/CoherentContinuumSource.lean:355:0: 'OIBridge.CoherentContinuumSource.not_layerFlowExecutable_of_nonMonomialCountablyCovered' depends on axioms: [propext,
2026-09-26T08:01:17.9553744Z  Classical.choice,
2026-09-26T08:01:17.9553833Z  Quot.sound]
2026-09-26T08:01:17.9554470Z info: OIBridge/CoherentContinuumSource.lean:356:0: 'OIBridge.CoherentContinuumSource.uncountableNonMonomialRays_of_qm' depends on axioms: [propext,
2026-09-26T08:01:17.9554633Z  Classical.choice,
2026-09-26T08:01:17.9554748Z  Quot.sound]
2026-09-26T08:01:17.9555344Z info: OIBridge/CoherentContinuumSource.lean:357:0: 'OIBridge.CoherentContinuumSource.substratumClass_monomial' depends on axioms: [propext, Classical.choice, Quot.sound]
2026-09-26T08:01:17.9556018Z info: OIBridge/CoherentContinuumSource.lean:358:0: 'OIBridge.CoherentContinuumSource.weightGate_not_proportional' depends on axioms: [propext,
2026-09-26T08:01:17.9556112Z  Classical.choice,
2026-09-26T08:01:17.9556191Z  Quot.sound]
2026-09-26T08:01:17.9556721Z info: OIBridge/CoherentContinuumSource.lean:359:0: 'OIBridge.CoherentContinuumSource.substratumClass_not_countablyCovered' depends on axioms: [propext,
2026-09-26T08:01:17.9557129Z  Classical.choice,
2026-09-26T08:01:17.9557223Z  Quot.sound]
2026-09-26T08:01:17.9557759Z info: OIBridge/CoherentContinuumSource.lean:360:0: 'OIBridge.CoherentContinuumSource.polC_nonMonomialCountablyCovered' depends on axioms: [propext,
2026-09-26T08:01:17.9557853Z  Classical.choice,
2026-09-26T08:01:17.9557938Z  Quot.sound]
2026-09-26T08:01:17.9558736Z info: OIBridge/CoherentContinuumSource.lean:361:0: 'OIBridge.CoherentContinuumSource.known_failures_orthogonal' depends on axioms: [propext, Classical.choice, Quot.sound]
2026-09-26T08:01:17.9559244Z info: OIBridge/CoherentContinuumSource.lean:362:0: 'OIBridge.CoherentContinuumSource.readWriteOperator_range_finite' depends on axioms: [propext,
2026-09-26T08:01:17.9559432Z  Classical.choice,
2026-09-26T08:01:17.9559587Z  Quot.sound]
2026-09-26T08:01:17.9560134Z info: OIBridge/CoherentContinuumSource.lean:363:0: 'OIBridge.CoherentContinuumSource.readWrite_parameter_uncountable_image_finite' depends on axioms: [propext,
2026-09-26T08:01:17.9560231Z  Classical.choice,
2026-09-26T08:01:17.9560313Z  Quot.sound]
2026-09-26T08:01:17.9561138Z info: OIBridge/CoherentContinuumSource.lean:364:0: 'OIBridge.CoherentContinuumSource.gateFlow_path_coherent_continuum' depends on axioms: [propext,
2026-09-26T08:01:17.9561239Z  Classical.choice,
2026-09-26T08:01:17.9561323Z  Quot.sound]
2026-09-26T08:01:17.9561959Z info: OIBridge/CoherentContinuumSource.lean:365:0: 'OIBridge.CoherentContinuumSource.coherent_continuum_not_sourced' depends on axioms: [propext,
2026-09-26T08:01:17.9562086Z  Classical.choice,
2026-09-26T08:01:17.9562170Z  Quot.sound]
2026-09-26T08:01:17.9562382Z ℹ [3542/3599] Replayed OIBridge.StateMixingCoupling
2026-09-26T08:01:17.9562861Z info: OIBridge/StateMixingCoupling.lean:707:0: 'OIBridge.StateMixingCoupling.mixR_arch' depends on axioms: [propext, Classical.choice, Quot.sound]
2026-09-26T08:01:17.9563668Z info: OIBridge/StateMixingCoupling.lean:708:0: 'OIBridge.StateMixingCoupling.mixR_le_mixC' depends on axioms: [propext, Classical.choice, Quot.sound]
2026-09-26T08:01:17.9564180Z info: OIBridge/StateMixingCoupling.lean:709:0: 'OIBridge.StateMixingCoupling.mixImage_mul' depends on axioms: [propext, Classical.choice, Quot.sound]
2026-09-26T08:01:17.9564909Z info: OIBridge/StateMixingCoupling.lean:710:0: 'OIBridge.StateMixingCoupling.mixImage_unitary' depends on axioms: [propext, Classical.choice, Quot.sound]
2026-09-26T08:01:17.9565517Z info: OIBridge/StateMixingCoupling.lean:711:0: 'OIBridge.StateMixingCoupling.mixImage_not_monomial' depends on axioms: [propext, Classical.choice, Quot.sound]
2026-09-26T08:01:17.9566179Z info: OIBridge/StateMixingCoupling.lean:712:0: 'OIBridge.StateMixingCoupling.mixImage_not_proportional' depends on axioms: [propext, Classical.choice, Quot.sound]
2026-09-26T08:01:17.9566691Z info: OIBridge/StateMixingCoupling.lean:713:0: 'OIBridge.StateMixingCoupling.mixC_uncountableNonMonomialRays' depends on axioms: [propext,
2026-09-26T08:01:17.9566860Z  Classical.choice,
2026-09-26T08:01:17.9566987Z  Quot.sound]
2026-09-26T08:01:17.9567519Z info: OIBridge/StateMixingCoupling.lean:714:0: 'OIBridge.StateMixingCoupling.phaseIndicator_mem' depends on axioms: [propext, Classical.choice, Quot.sound]
2026-09-26T08:01:17.9568178Z info: OIBridge/StateMixingCoupling.lean:715:0: 'OIBridge.StateMixingCoupling.siteShear_mem' depends on axioms: [propext, Classical.choice, Quot.sound]
2026-09-26T08:01:17.9568700Z info: OIBridge/StateMixingCoupling.lean:716:0: 'OIBridge.StateMixingCoupling.gateFlow_eq_shear_mix' depends on axioms: [propext, Classical.choice, Quot.sound]
2026-09-26T08:01:17.9569325Z info: OIBridge/StateMixingCoupling.lean:717:0: 'OIBridge.StateMixingCoupling.layerFlowExecutable_of_mixSourced' depends on axioms: [propext,
2026-09-26T08:01:17.9569435Z  Classical.choice,
2026-09-26T08:01:17.9569514Z  Quot.sound]
2026-09-26T08:01:17.9570082Z info: OIBridge/StateMixingCoupling.lean:718:0: 'OIBridge.StateMixingCoupling.mixTheory_layerFlowExecutable' depends on axioms: [propext, Classical.choice, Quot.sound]
2026-09-26T08:01:17.9570957Z info: OIBridge/StateMixingCoupling.lean:719:0: 'OIBridge.StateMixingCoupling.mixC_daggerStable' depends on axioms: [propext, Classical.choice, Quot.sound]
2026-09-26T08:01:17.9571478Z info: OIBridge/StateMixingCoupling.lean:720:0: 'OIBridge.StateMixingCoupling.mixC_contextStable' depends on axioms: [propext, Classical.choice, Quot.sound]
2026-09-26T08:01:17.9572177Z info: OIBridge/StateMixingCoupling.lean:721:0: 'OIBridge.StateMixingCoupling.derivedOI_of_stated' depends on axioms: [propext, Classical.choice, Quot.sound]
2026-09-26T08:01:17.9572703Z info: OIBridge/StateMixingCoupling.lean:722:0: 'OIBridge.StateMixingCoupling.mixTheory_derivedOI' depends on axioms: [propext, Classical.choice, Quot.sound]
2026-09-26T08:01:17.9573368Z info: OIBridge/StateMixingCoupling.lean:723:0: 'OIBridge.StateMixingCoupling.qm_of_mixSourced' depends on axioms: [propext, Classical.choice, Quot.sound]
2026-09-26T08:01:17.9574281Z info: OIBridge/StateMixingCoupling.lean:724:0: 'OIBridge.StateMixingCoupling.mixTheory_phaseFree' depends on axioms: [propext, Classical.choice, Quot.sound]
2026-09-26T08:01:17.9574967Z info: OIBridge/StateMixingCoupling.lean:725:0: 'OIBridge.StateMixingCoupling.mixTheory_endpoint' depends on axioms: [propext, Classical.choice, Quot.sound]
2026-09-26T08:01:17.9575654Z info: OIBridge/StateMixingCoupling.lean:726:0: 'OIBridge.StateMixingCoupling.mixTheory_qm' depends on axioms: [propext, Classical.choice, Quot.sound]
2026-09-26T08:01:17.9576199Z info: OIBridge/StateMixingCoupling.lean:727:0: 'OIBridge.StateMixingCoupling.mixR_countable_upToScalar' depends on axioms: [propext, Classical.choice, Quot.sound]
2026-09-26T08:01:17.9576673Z info: OIBridge/StateMixingCoupling.lean:728:0: 'OIBridge.StateMixingCoupling.mixTheoryR_not_layerFlowExecutable' depends on axioms: [propext,
2026-09-26T08:01:17.9576864Z  Classical.choice,
2026-09-26T08:01:17.9577020Z  Quot.sound]
2026-09-26T08:01:17.9577533Z info: OIBridge/StateMixingCoupling.lean:729:0: 'OIBridge.StateMixingCoupling.mixTheoryR_not_qm' depends on axioms: [propext, Classical.choice, Quot.sound]
2026-09-26T08:01:17.9578061Z info: OIBridge/StateMixingCoupling.lean:730:0: 'OIBridge.StateMixingCoupling.mixTheory_empty_not_qm' depends on axioms: [propext, Classical.choice, Quot.sound]
2026-09-26T08:01:17.9578549Z info: OIBridge/StateMixingCoupling.lean:731:0: 'OIBridge.StateMixingCoupling.comparison' depends on axioms: [propext, Classical.choice, Quot.sound]
2026-09-26T08:01:17.9578743Z ℹ [3543/3599] Replayed OIBridge.RealPairFlow
2026-09-26T08:01:17.9579348Z info: OIBridge/RealPairFlow.lean:647:0: 'OIBridge.RealPairFlow.rotR_inj_small' depends on axioms: [propext, Classical.choice, Quot.sound]
2026-09-26T08:01:17.9579797Z info: OIBridge/RealPairFlow.lean:648:0: 'OIBridge.RealPairFlow.transport_rotR' depends on axioms: [propext, Classical.choice, Quot.sound]
2026-09-26T08:01:17.9580287Z info: OIBridge/RealPairFlow.lean:649:0: 'OIBridge.RealPairFlow.PairFlow.pairFlow_det_one' depends on axioms: [propext, Classical.choice, Quot.sound]
2026-09-26T08:01:17.9580776Z info: OIBridge/RealPairFlow.lean:650:0: 'OIBridge.RealPairFlow.PairFlow.pairFlow_form' depends on axioms: [propext, Classical.choice, Quot.sound]
2026-09-26T08:01:17.9581263Z info: OIBridge/RealPairFlow.lean:651:0: 'OIBridge.RealPairFlow.PairFlow.pairFlow_eq_rotR_ang' depends on axioms: [propext, Classical.choice, Quot.sound]
2026-09-26T08:01:17.9581753Z info: OIBridge/RealPairFlow.lean:652:0: 'OIBridge.RealPairFlow.PairFlow.pairFlow_exists_eps' depends on axioms: [propext, Classical.choice, Quot.sound]
2026-09-26T08:01:17.9582226Z info: OIBridge/RealPairFlow.lean:653:0: 'OIBridge.RealPairFlow.PairFlow.pairFlow_ang_add' depends on axioms: [propext, Classical.choice, Quot.sound]
2026-09-26T08:01:17.9582713Z info: OIBridge/RealPairFlow.lean:654:0: 'OIBridge.RealPairFlow.PairFlow.pairFlow_ang_linear' depends on axioms: [propext, Classical.choice, Quot.sound]
2026-09-26T08:01:17.9583358Z info: OIBridge/RealPairFlow.lean:655:0: 'OIBridge.RealPairFlow.PairFlow.pairFlow_rate' depends on axioms: [propext, Classical.choice, Quot.sound]
2026-09-26T08:01:17.9584332Z info: OIBridge/RealPairFlow.lean:656:0: 'OIBridge.RealPairFlow.PairFlow.pairFlow_supplies_mixImage' depends on axioms: [propext, Classical.choice, Quot.sound]
2026-09-26T08:01:17.9584791Z info: OIBridge/RealPairFlow.lean:657:0: 'OIBridge.RealPairFlow.qm_of_pairFlowSourced' depends on axioms: [propext, Classical.choice, Quot.sound]
2026-09-26T08:01:17.9585217Z info: OIBridge/RealPairFlow.lean:658:0: 'OIBridge.RealPairFlow.flowR_eq_mixC' depends on axioms: [propext, Classical.choice, Quot.sound]
2026-09-26T08:01:17.9585691Z info: OIBridge/RealPairFlow.lean:659:0: 'OIBridge.RealPairFlow.pairFlowTheory_endpoint' depends on axioms: [propext, Classical.choice, Quot.sound]
2026-09-26T08:01:17.9586133Z info: OIBridge/RealPairFlow.lean:660:0: 'OIBridge.RealPairFlow.pairFlowTheory_qm' depends on axioms: [propext, Classical.choice, Quot.sound]
2026-09-26T08:01:17.9586588Z info: OIBridge/RealPairFlow.lean:661:0: 'OIBridge.RealPairFlow.shearFlow_all_but_orth' depends on axioms: [propext, Classical.choice, Quot.sound]
2026-09-26T08:01:17.9587147Z info: OIBridge/RealPairFlow.lean:662:0: 'OIBridge.RealPairFlow.shearFlow_ne_rotR' depends on axioms: [propext, Classical.choice, Quot.sound]
2026-09-26T08:01:17.9587601Z info: OIBridge/RealPairFlow.lean:663:0: 'OIBridge.RealPairFlow.boostFlow_all_but_orth' depends on axioms: [propext, Classical.choice, Quot.sound]
2026-09-26T08:01:17.9588038Z info: OIBridge/RealPairFlow.lean:664:0: 'OIBridge.RealPairFlow.boostFlow_ne_rotR' depends on axioms: [propext, Classical.choice, Quot.sound]
2026-09-26T08:01:17.9588520Z info: OIBridge/RealPairFlow.lean:665:0: 'OIBridge.RealPairFlow.constFlow_all_but_nontrivial' depends on axioms: [propext, Classical.choice, Quot.sound]
2026-09-26T08:01:17.9588972Z info: OIBridge/RealPairFlow.lean:666:0: 'OIBridge.RealPairFlow.constFlow_transport' depends on axioms: [propext, Classical.choice, Quot.sound]
2026-09-26T08:01:17.9589172Z ℹ [3544/3599] Replayed OIBridge.PairFlowEquivalence
2026-09-26T08:01:17.9589668Z info: OIBridge/PairFlowEquivalence.lean:258:0: 'OIBridge.PairFlowEquivalence.rotR_orth' depends on axioms: [propext, Classical.choice, Quot.sound]
2026-09-26T08:01:17.9590345Z info: OIBridge/PairFlowEquivalence.lean:259:0: 'OIBridge.PairFlowEquivalence.rotR_continuous' depends on axioms: [propext, Classical.choice, Quot.sound]
2026-09-26T08:01:17.9590852Z info: OIBridge/PairFlowEquivalence.lean:260:0: 'OIBridge.PairFlowEquivalence.rotFlow_A' depends on axioms: [propext, Classical.choice, Quot.sound]
2026-09-26T08:01:17.9591389Z info: OIBridge/PairFlowEquivalence.lean:261:0: 'OIBridge.PairFlowEquivalence.pairFlowSourced_of_qm' depends on axioms: [propext, Classical.choice, Quot.sound]
2026-09-26T08:01:17.9591851Z info: OIBridge/PairFlowEquivalence.lean:262:0: 'OIBridge.PairFlowEquivalence.derivedOI_pairFlowSourced_of_qm' depends on axioms: [propext,
2026-09-26T08:01:17.9591942Z  Classical.choice,
2026-09-26T08:01:17.9592029Z  Quot.sound]
2026-09-26T08:01:17.9592600Z info: OIBridge/PairFlowEquivalence.lean:263:0: 'OIBridge.PairFlowEquivalence.mixAvail_of_pairFlowSourced' depends on axioms: [propext, Classical.choice, Quot.sound]
2026-09-26T08:01:17.9593061Z info: OIBridge/PairFlowEquivalence.lean:264:0: 'OIBridge.PairFlowEquivalence.identity_avail_of_pairFlowSourced' depends on axioms: [propext,
2026-09-26T08:01:17.9593152Z  Classical.choice,
2026-09-26T08:01:17.9593231Z  Quot.sound]
2026-09-26T08:01:17.9594058Z info: OIBridge/PairFlowEquivalence.lean:265:0: 'OIBridge.PairFlowEquivalence.phaseIndicator_avail' depends on axioms: [propext, Classical.choice, Quot.sound]
2026-09-26T08:01:17.9594575Z info: OIBridge/PairFlowEquivalence.lean:266:0: 'OIBridge.PairFlowEquivalence.siteShear_avail' depends on axioms: [propext, Classical.choice, Quot.sound]
2026-09-26T08:01:17.9595102Z info: OIBridge/PairFlowEquivalence.lean:267:0: 'OIBridge.PairFlowEquivalence.conjChannel_unit_smul' depends on axioms: [propext, Classical.choice, Quot.sound]
2026-09-26T08:01:17.9596228Z info: OIBridge/PairFlowEquivalence.lean:268:0: 'OIBridge.PairFlowEquivalence.layerFlowExecutable_of_derivedOI_pairFlowSourced' depends on axioms: [propext,
2026-09-26T08:01:17.9596396Z  Classical.choice,
2026-09-26T08:01:17.9596527Z  Quot.sound]
2026-09-26T08:01:17.9597382Z info: OIBridge/PairFlowEquivalence.lean:269:0: 'OIBridge.PairFlowEquivalence.qm_of_derivedOI_pairFlowSourced' depends on axioms: [propext,
2026-09-26T08:01:17.9597551Z  Classical.choice,
2026-09-26T08:01:17.9597685Z  Quot.sound]
2026-09-26T08:01:17.9598450Z info: OIBridge/PairFlowEquivalence.lean:270:0: 'OIBridge.PairFlowEquivalence.qm_iff_derivedOI_pairFlowSourced' depends on axioms: [propext,
2026-09-26T08:01:17.9598610Z  Classical.choice,
2026-09-26T08:01:17.9598744Z  Quot.sound]
2026-09-26T08:01:17.9599636Z info: OIBridge/PairFlowEquivalence.lean:271:0: 'OIBridge.PairFlowEquivalence.polarizedTheoryC_not_pairFlowSourced' depends on axioms: [propext,
2026-09-26T08:01:17.9599794Z  Classical.choice,
2026-09-26T08:01:17.9599927Z  Quot.sound]
2026-09-26T08:01:17.9601177Z info: OIBridge/PairFlowEquivalence.lean:272:0: 'OIBridge.PairFlowEquivalence.countable_not_pairFlowSourced' depends on axioms: [propext, Classical.choice, Quot.sound]
2026-09-26T08:01:17.9601514Z ℹ [3554/3599] Replayed OIBridge.DiscreteCompletion
2026-09-26T08:01:17.9602385Z info: OIBridge/DiscreteCompletion.lean:1960:0: 'OIBridge.DiscreteCompletion.conj_within' depends on axioms: [propext, Classical.choice, Quot.sound]
2026-09-26T08:01:17.9603294Z info: OIBridge/DiscreteCompletion.lean:1961:0: 'OIBridge.DiscreteCompletion.norm_mul_sub_mul_le' depends on axioms: [propext, Classical.choice, Quot.sound]
2026-09-26T08:01:17.9604439Z info: OIBridge/DiscreteCompletion.lean:1962:0: 'OIBridge.DiscreteCompletion.blockOf_mul' depends on axioms: [propext, Classical.choice, Quot.sound]
2026-09-26T08:01:17.9605333Z info: OIBridge/DiscreteCompletion.lean:1963:0: 'OIBridge.DiscreteCompletion.blockOf_unitary' depends on axioms: [propext, Classical.choice, Quot.sound]
2026-09-26T08:01:17.9606388Z info: OIBridge/DiscreteCompletion.lean:1964:0: 'OIBridge.DiscreteCompletion.blockOnly_rot_sub_one_norm_le' depends on axioms: [propext, Classical.choice, Quot.sound]
2026-09-26T08:01:17.9607382Z info: OIBridge/DiscreteCompletion.lean:1965:0: 'OIBridge.DiscreteCompletion.blockOf_rot_dist_le' depends on axioms: [propext, Classical.choice, Quot.sound]
2026-09-26T08:01:17.9608213Z info: OIBridge/DiscreteCompletion.lean:1966:0: 'OIBridge.DiscreteCompletion.rx_eq_conj' depends on axioms: [propext, Classical.choice, Quot.sound]
2026-09-26T08:01:17.9609042Z info: OIBridge/DiscreteCompletion.lean:1967:0: 'OIBridge.DiscreteCompletion.rot_rx_rot' depends on axioms: [propext, Classical.choice, Quot.sound]
2026-09-26T08:01:17.9609856Z info: OIBridge/DiscreteCompletion.lean:1968:0: 'OIBridge.DiscreteCompletion.su2_form' depends on axioms: [propext, Classical.choice, Quot.sound]
2026-09-26T08:01:17.9610789Z info: OIBridge/DiscreteCompletion.lean:1969:0: 'OIBridge.DiscreteCompletion.exists_unit_scalar_su2' depends on axioms: [propext, Classical.choice, Quot.sound]
2026-09-26T08:01:17.9611682Z info: OIBridge/DiscreteCompletion.lean:1970:0: 'OIBridge.DiscreteCompletion.euler_of_su2' depends on axioms: [propext, Classical.choice, Quot.sound]
2026-09-26T08:01:17.9612600Z info: OIBridge/DiscreteCompletion.lean:1971:0: 'OIBridge.DiscreteCompletion.euler_of_unitary' depends on axioms: [propext, Classical.choice, Quot.sound]
2026-09-26T08:01:17.9613491Z info: OIBridge/DiscreteCompletion.lean:1972:0: 'OIBridge.DiscreteCompletion.dense_angles' depends on axioms: [propext, Classical.choice, Quot.sound]
2026-09-26T08:01:17.9614645Z info: OIBridge/DiscreteCompletion.lean:1973:0: 'OIBridge.DiscreteCompletion.BlockRepertoire.rot_approx' depends on axioms: [propext, Classical.choice, Quot.sound]
2026-09-26T08:01:17.9615667Z info: OIBridge/DiscreteCompletion.lean:1974:0: 'OIBridge.DiscreteCompletion.BlockRepertoire.rx_approx' depends on axioms: [propext, Classical.choice, Quot.sound]
2026-09-26T08:01:17.9616716Z info: OIBridge/DiscreteCompletion.lean:1975:0: 'OIBridge.DiscreteCompletion.BlockRepertoire.dense_block_su2' depends on axioms: [propext, Classical.choice, Quot.sound]
2026-09-26T08:01:17.9617912Z info: OIBridge/DiscreteCompletion.lean:1976:0: 'OIBridge.DiscreteCompletion.blockRepertoire_levelOne' depends on axioms: [propext, Classical.choice, Quot.sound]
2026-09-26T08:01:17.9618822Z info: OIBridge/DiscreteCompletion.lean:1977:0: 'OIBridge.DiscreteCompletion.levelOne_dense' depends on axioms: [propext, Classical.choice, Quot.sound]
2026-09-26T08:01:17.9619684Z info: OIBridge/DiscreteCompletion.lean:1978:0: 'OIBridge.DiscreteCompletion.flipSet_avail' depends on axioms: [propext, Classical.choice, Quot.sound]
2026-09-26T08:01:17.9620533Z info: OIBridge/DiscreteCompletion.lean:1979:0: 'OIBridge.DiscreteCompletion.echo_identity' depends on axioms: [propext, Classical.choice, Quot.sound]
2026-09-26T08:01:17.9621430Z info: OIBridge/DiscreteCompletion.lean:1980:0: 'OIBridge.DiscreteCompletion.isolated_mem_availSet' depends on axioms: [propext, Classical.choice, Quot.sound]
2026-09-26T08:01:17.9622563Z info: OIBridge/DiscreteCompletion.lean:1981:0: 'OIBridge.DiscreteCompletion.blockRepertoire_level' depends on axioms: [propext, Classical.choice, Quot.sound]
2026-09-26T08:01:17.9623482Z info: OIBridge/DiscreteCompletion.lean:1982:0: 'OIBridge.DiscreteCompletion.exists_perm_pair_map' depends on axioms: [propext, Classical.choice, Quot.sound]
2026-09-26T08:01:17.9624582Z info: OIBridge/DiscreteCompletion.lean:1983:0: 'OIBridge.DiscreteCompletion.relocated_dense' depends on axioms: [propext, Classical.choice, Quot.sound]
2026-09-26T08:01:17.9625497Z info: OIBridge/DiscreteCompletion.lean:1984:0: 'OIBridge.DiscreteCompletion.twoLevel_mul' depends on axioms: [propext, Classical.choice, Quot.sound]
2026-09-26T08:01:17.9626378Z info: OIBridge/DiscreteCompletion.lean:1985:0: 'OIBridge.DiscreteCompletion.det_twoLevel' depends on axioms: [propext, Classical.choice, Quot.sound]
2026-09-26T08:01:17.9627306Z info: OIBridge/DiscreteCompletion.lean:1986:0: 'OIBridge.DiscreteCompletion.twoLevel_mul_apply' depends on axioms: [propext, Classical.choice, Quot.sound]
2026-09-26T08:01:17.9628228Z info: OIBridge/DiscreteCompletion.lean:1987:0: 'OIBridge.DiscreteCompletion.givens_unitary' depends on axioms: [propext, Classical.choice, Quot.sound]
2026-09-26T08:01:17.9629097Z info: OIBridge/DiscreteCompletion.lean:1988:0: 'OIBridge.DiscreteCompletion.det_givens' depends on axioms: [propext, Classical.choice, Quot.sound]
2026-09-26T08:01:17.9630006Z info: OIBridge/DiscreteCompletion.lean:1989:0: 'OIBridge.DiscreteCompletion.row_zero_of_col_zero' depends on axioms: [propext, Classical.choice, Quot.sound]
2026-09-26T08:01:17.9630949Z info: OIBridge/DiscreteCompletion.lean:1990:0: 'OIBridge.DiscreteCompletion.su_mem_closure_of_suppOn' depends on axioms: [propext, Classical.choice, Quot.sound]
2026-09-26T08:01:17.9631902Z info: OIBridge/DiscreteCompletion.lean:1991:0: 'OIBridge.DiscreteCompletion.su_mem_closure_twoLevel' depends on axioms: [propext, Classical.choice, Quot.sound]
2026-09-26T08:01:17.9632868Z info: OIBridge/DiscreteCompletion.lean:1992:0: 'OIBridge.DiscreteCompletion.relocated_eq_twoLevel' depends on axioms: [propext, Classical.choice, Quot.sound]
2026-09-26T08:01:17.9633965Z info: OIBridge/DiscreteCompletion.lean:1993:0: 'OIBridge.DiscreteCompletion.twoLevelSU_approx' depends on axioms: [propext, Classical.choice, Quot.sound]
2026-09-26T08:01:17.9634867Z info: OIBridge/DiscreteCompletion.lean:1994:0: 'OIBridge.DiscreteCompletion.closure_approx' depends on axioms: [propext, Classical.choice, Quot.sound]
2026-09-26T08:01:17.9635712Z info: OIBridge/DiscreteCompletion.lean:1995:0: 'OIBridge.DiscreteCompletion.su_dense' depends on axioms: [propext, Classical.choice, Quot.sound]
2026-09-26T08:01:17.9636891Z info: OIBridge/DiscreteCompletion.lean:1996:0: 'OIBridge.DiscreteCompletion.exists_unit_scalar_su'' depends on axioms: [propext, Classical.choice, Quot.sound]
2026-09-26T08:01:17.9637782Z info: OIBridge/DiscreteCompletion.lean:1997:0: 'OIBridge.DiscreteCompletion.denseUnitaryControl_of_fixedGate' depends on axioms: [propext,
2026-09-26T08:01:17.9638354Z  Classical.choice,
2026-09-26T08:01:17.9638566Z  Quot.sound]
2026-09-26T08:01:17.9639612Z info: OIBridge/DiscreteCompletion.lean:1998:0: 'OIBridge.DiscreteCompletion.Gen2.pauli_conj' depends on axioms: [propext, Classical.choice, Quot.sound]
2026-09-26T08:01:17.9640624Z info: OIBridge/DiscreteCompletion.lean:1999:0: 'OIBridge.DiscreteCompletion.scalar_of_comm_XZ' depends on axioms: [propext, Classical.choice, Quot.sound]
2026-09-26T08:01:17.9641730Z info: OIBridge/DiscreteCompletion.lean:2000:0: 'OIBridge.DiscreteCompletion.proportional_of_same_conj' depends on axioms: [propext, Classical.choice, Quot.sound]
2026-09-26T08:01:17.9642691Z info: OIBridge/DiscreteCompletion.lean:2001:0: 'OIBridge.DiscreteCompletion.gen2_pi_div_four_finite_upToScalar' depends on axioms: [propext,
2026-09-26T08:01:17.9642904Z  Classical.choice,
2026-09-26T08:01:17.9643112Z  Quot.sound]
2026-09-26T08:01:17.9644372Z info: OIBridge/DiscreteCompletion.lean:2002:0: 'OIBridge.DiscreteCompletion.gen2_multiple_finite_upToScalar' depends on axioms: [propext, Classical.choice, Quot.sound]
2026-09-26T08:01:17.9645782Z info: OIBridge/DiscreteCompletion.lean:2003:0: 'OIBridge.DiscreteCompletion.mixR_singleton_daggerStable' depends on axioms: [propext, Classical.choice, Quot.sound]
2026-09-26T08:01:17.9646931Z info: OIBridge/DiscreteCompletion.lean:2004:0: 'OIBridge.DiscreteCompletion.mixR_singleton_contextStable' depends on axioms: [propext, Classical.choice, Quot.sound]
2026-09-26T08:01:17.9648065Z info: OIBridge/DiscreteCompletion.lean:2005:0: 'OIBridge.DiscreteCompletion.fixedGateTheory_derivedOI' depends on axioms: [propext, Classical.choice, Quot.sound]
2026-09-26T08:01:17.9649072Z info: OIBridge/DiscreteCompletion.lean:2006:0: 'OIBridge.DiscreteCompletion.fixedGateTheory_fixedGateSourced' depends on axioms: [propext,
2026-09-26T08:01:17.9649292Z  Classical.choice,
2026-09-26T08:01:17.9649508Z  Quot.sound]
2026-09-26T08:01:17.9650554Z info: OIBridge/DiscreteCompletion.lean:2007:0: 'OIBridge.DiscreteCompletion.fixedGateTheory_krausSoundExt' depends on axioms: [propext, Classical.choice, Quot.sound]
2026-09-26T08:01:17.9651422Z info: OIBridge/DiscreteCompletion.lean:2008:0: 'OIBridge.DiscreteCompletion.fixedGateTheory_denseUnitaryControl' depends on axioms: [propext,
2026-09-26T08:01:17.9651570Z  Classical.choice,
2026-09-26T08:01:17.9651704Z  Quot.sound]
2026-09-26T08:01:17.9652655Z info: OIBridge/DiscreteCompletion.lean:2009:0: 'OIBridge.DiscreteCompletion.fixedGateTheory_not_qm' depends on axioms: [propext, Classical.choice, Quot.sound]
2026-09-26T08:01:17.9653533Z info: OIBridge/DiscreteCompletion.lean:2010:0: 'OIBridge.DiscreteCompletion.fixedGateTheory_one_denseUnitaryControl' depends on axioms: [propext,
2026-09-26T08:01:17.9653830Z  Classical.choice,
2026-09-26T08:01:17.9653965Z  Quot.sound]
2026-09-26T08:01:17.9654359Z ℹ [3555/3599] Replayed OIBridge.DenseInstrumentBridge
2026-09-26T08:01:17.9655291Z info: OIBridge/DenseInstrumentBridge.lean:534:0: 'OIBridge.DenseInstrumentBridge.chanWithin_mono' depends on axioms: [propext, Classical.choice, Quot.sound]
2026-09-26T08:01:17.9656255Z info: OIBridge/DenseInstrumentBridge.lean:535:0: 'OIBridge.DenseInstrumentBridge.chanWithin_sum' depends on axioms: [propext, Classical.choice, Quot.sound]
2026-09-26T08:01:17.9657192Z info: OIBridge/DenseInstrumentBridge.lean:536:0: 'OIBridge.DenseInstrumentBridge.unitary_unit_smul' depends on axioms: [propext, Classical.choice, Quot.sound]
2026-09-26T08:01:17.9658156Z info: OIBridge/DenseInstrumentBridge.lean:537:0: 'OIBridge.DenseInstrumentBridge.norm_eq_one_of_isometry' depends on axioms: [propext, Classical.choice, Quot.sound]
2026-09-26T08:01:17.9659108Z info: OIBridge/DenseInstrumentBridge.lean:538:0: 'OIBridge.DenseInstrumentBridge.norm_isometry_conj_le' depends on axioms: [propext, Classical.choice, Quot.sound]
2026-09-26T08:01:17.9660094Z info: OIBridge/DenseInstrumentBridge.lean:539:0: 'OIBridge.DenseInstrumentBridge.norm_isometry_compress_le' depends on axioms: [propext, Classical.choice, Quot.sound]
2026-09-26T08:01:17.9661204Z info: OIBridge/DenseInstrumentBridge.lean:540:0: 'OIBridge.DenseInstrumentBridge.esf_gram' depends on axioms: [propext, Classical.choice, Quot.sound]
2026-09-26T08:01:17.9662138Z info: OIBridge/DenseInstrumentBridge.lean:541:0: 'OIBridge.DenseInstrumentBridge.ptraceAnc_eq_sum' depends on axioms: [propext, Classical.choice, Quot.sound]
2026-09-26T08:01:17.9663075Z info: OIBridge/DenseInstrumentBridge.lean:542:0: 'OIBridge.DenseInstrumentBridge.norm_ptraceAnc_le' depends on axioms: [propext, Classical.choice, Quot.sound]
2026-09-26T08:01:17.9664182Z info: OIBridge/DenseInstrumentBridge.lean:543:0: 'OIBridge.DenseInstrumentBridge.norm_localLuders_le' depends on axioms: [propext, Classical.choice, Quot.sound]
2026-09-26T08:01:17.9665191Z info: OIBridge/DenseInstrumentBridge.lean:544:0: 'OIBridge.DenseInstrumentBridge.norm_pureAttach_le' depends on axioms: [propext, Classical.choice, Quot.sound]
2026-09-26T08:01:17.9666119Z info: OIBridge/DenseInstrumentBridge.lean:545:0: 'OIBridge.DenseInstrumentBridge.branch_within' depends on axioms: [propext, Classical.choice, Quot.sound]
2026-09-26T08:01:17.9667209Z info: OIBridge/DenseInstrumentBridge.lean:546:0: 'OIBridge.DenseInstrumentBridge.shiftId_avail_iff' depends on axioms: [propext, Classical.choice, Quot.sound]
2026-09-26T08:01:17.9668201Z info: OIBridge/DenseInstrumentBridge.lean:547:0: 'OIBridge.DenseInstrumentBridge.shiftId_availExt_conj_iff' depends on axioms: [propext, Classical.choice, Quot.sound]
2026-09-26T08:01:17.9669208Z info: OIBridge/DenseInstrumentBridge.lean:548:0: 'OIBridge.DenseInstrumentBridge.circuit_available_of_avail' depends on axioms: [propext, Classical.choice, Quot.sound]
2026-09-26T08:01:17.9670160Z info: OIBridge/DenseInstrumentBridge.lean:549:0: 'OIBridge.DenseInstrumentBridge.reindex_permMatrix' depends on axioms: [propext, Classical.choice, Quot.sound]
2026-09-26T08:01:17.9671084Z info: OIBridge/DenseInstrumentBridge.lean:550:0: 'OIBridge.DenseInstrumentBridge.eqvMatrix_apply' depends on axioms: [propext, Classical.choice, Quot.sound]
2026-09-26T08:01:17.9672015Z info: OIBridge/DenseInstrumentBridge.lean:551:0: 'OIBridge.DenseInstrumentBridge.eqvMatrix_mul' depends on axioms: [propext, Classical.choice, Quot.sound]
2026-09-26T08:01:17.9673031Z info: OIBridge/DenseInstrumentBridge.lean:552:0: 'OIBridge.DenseInstrumentBridge.mul_eqvMatrix_conjTranspose' depends on axioms: [propext, Classical.choice, Quot.sound]
2026-09-26T08:01:17.9674244Z info: OIBridge/DenseInstrumentBridge.lean:553:0: 'OIBridge.DenseInstrumentBridge.eqvMatrix_gram' depends on axioms: [propext, Classical.choice, Quot.sound]
2026-09-26T08:01:17.9675295Z info: OIBridge/DenseInstrumentBridge.lean:554:0: 'OIBridge.DenseInstrumentBridge.reindex_eq_eqvMatrix_conj' depends on axioms: [propext, Classical.choice, Quot.sound]
2026-09-26T08:01:17.9676244Z info: OIBridge/DenseInstrumentBridge.lean:555:0: 'OIBridge.DenseInstrumentBridge.norm_reindex_le' depends on axioms: [propext, Classical.choice, Quot.sound]
2026-09-26T08:01:17.9677229Z info: OIBridge/DenseInstrumentBridge.lean:556:0: 'OIBridge.DenseInstrumentBridge.id_avail_of_derivedOI' depends on axioms: [propext, Classical.choice, Quot.sound]
2026-09-26T08:01:17.9678183Z info: OIBridge/DenseInstrumentBridge.lean:557:0: 'OIBridge.DenseInstrumentBridge.inert_of_derivedOI' depends on axioms: [propext, Classical.choice, Quot.sound]
2026-09-26T08:01:17.9679159Z info: OIBridge/DenseInstrumentBridge.lean:558:0: 'OIBridge.DenseInstrumentBridge.shiftId_swap_avail' depends on axioms: [propext, Classical.choice, Quot.sound]
2026-09-26T08:01:17.9680114Z info: OIBridge/DenseInstrumentBridge.lean:559:0: 'OIBridge.DenseInstrumentBridge.shiftId_approx' depends on axioms: [propext, Classical.choice, Quot.sound]
2026-09-26T08:01:17.9681141Z info: OIBridge/DenseInstrumentBridge.lean:560:0: 'OIBridge.DenseInstrumentBridge.krausDense_of_denseControl' depends on axioms: [propext, Classical.choice, Quot.sound]
2026-09-26T08:01:17.9682017Z info: OIBridge/DenseInstrumentBridge.lean:561:0: 'OIBridge.DenseInstrumentBridge.denseFiniteQM_of_denseControl' depends on axioms: [propext,
2026-09-26T08:01:17.9682357Z  Classical.choice,
2026-09-26T08:01:17.9682494Z  Quot.sound]
2026-09-26T08:01:17.9683501Z info: OIBridge/DenseInstrumentBridge.lean:562:0: 'OIBridge.DenseInstrumentBridge.krausDense_of_fixedGate' depends on axioms: [propext, Classical.choice, Quot.sound]
2026-09-26T08:01:17.9684739Z info: OIBridge/DenseInstrumentBridge.lean:563:0: 'OIBridge.DenseInstrumentBridge.fixedGateTheory_krausDense' depends on axioms: [propext, Classical.choice, Quot.sound]
2026-09-26T08:01:17.9685618Z info: OIBridge/DenseInstrumentBridge.lean:564:0: 'OIBridge.DenseInstrumentBridge.fixedGateTheory_denseFiniteQM' depends on axioms: [propext,
2026-09-26T08:01:17.9685763Z  Classical.choice,
2026-09-26T08:01:17.9685893Z  Quot.sound]
2026-09-26T08:01:17.9686806Z info: OIBridge/DenseInstrumentBridge.lean:565:0: 'OIBridge.DenseInstrumentBridge.fixedGateTheory_one_denseFiniteQM' depends on axioms: [propext,
2026-09-26T08:01:17.9686954Z  Classical.choice,
2026-09-26T08:01:17.9687092Z  Quot.sound]
2026-09-26T08:01:17.9687405Z ℹ [3556/3599] Replayed OIBridge.FrozenSourcing
2026-09-26T08:01:17.9688470Z info: OIBridge/FrozenSourcing.lean:345:0: 'OIBridge.FrozenSourcing.norm_entry_le_l2_opNorm' depends on axioms: [propext, Classical.choice, Quot.sound]
2026-09-26T08:01:17.9689331Z info: OIBridge/FrozenSourcing.lean:346:0: 'OIBridge.FrozenSourcing.le_zero_of_forall_pos' depends on axioms: [propext, Classical.choice, Quot.sound]
2026-09-26T08:01:17.9690173Z info: OIBridge/FrozenSourcing.lean:347:0: 'OIBridge.FrozenSourcing.nonneg_of_forall_pos' depends on axioms: [propext, Classical.choice, Quot.sound]
2026-09-26T08:01:17.9691110Z info: OIBridge/FrozenSourcing.lean:348:0: 'OIBridge.FrozenSourcing.nonnegBounded_of_bijectionLevel' depends on axioms: [propext, Classical.choice, Quot.sound]
2026-09-26T08:01:17.9692025Z info: OIBridge/FrozenSourcing.lean:349:0: 'OIBridge.FrozenSourcing.permTheory_nonnegBounded' depends on axioms: [propext, Classical.choice, Quot.sound]
2026-09-26T08:01:17.9692927Z info: OIBridge/FrozenSourcing.lean:350:0: 'OIBridge.FrozenSourcing.obsTheory_nonnegBounded' depends on axioms: [propext, Classical.choice, Quot.sound]
2026-09-26T08:01:17.9694078Z info: OIBridge/FrozenSourcing.lean:351:0: 'OIBridge.FrozenSourcing.nonnegBounded_not_phasesAvailable' depends on axioms: [propext, Classical.choice, Quot.sound]
2026-09-26T08:01:17.9694976Z info: OIBridge/FrozenSourcing.lean:352:0: 'OIBridge.FrozenSourcing.permTheory_phase_ceiling' depends on axioms: [propext, Classical.choice, Quot.sound]
2026-09-26T08:01:17.9695887Z info: OIBridge/FrozenSourcing.lean:353:0: 'OIBridge.FrozenSourcing.nonnegBounded_not_derivedOI' depends on axioms: [propext, Classical.choice, Quot.sound]
2026-09-26T08:01:17.9696785Z info: OIBridge/FrozenSourcing.lean:354:0: 'OIBridge.FrozenSourcing.preservesNonneg_of_approx' depends on axioms: [propext, Classical.choice, Quot.sound]
2026-09-26T08:01:17.9697586Z info: OIBridge/FrozenSourcing.lean:355:0: 'OIBridge.FrozenSourcing.nonnegBounded_not_denseUnitaryControl' depends on axioms: [propext,
2026-09-26T08:01:17.9697735Z  Classical.choice,
2026-09-26T08:01:17.9697872Z  Quot.sound]
2026-09-26T08:01:17.9698753Z info: OIBridge/FrozenSourcing.lean:356:0: 'OIBridge.FrozenSourcing.permTheory_dense_ceiling' depends on axioms: [propext, Classical.choice, Quot.sound]
2026-09-26T08:01:17.9699666Z info: OIBridge/FrozenSourcing.lean:357:0: 'OIBridge.FrozenSourcing.mixImage_not_preservesNonneg' depends on axioms: [propext, Classical.choice, Quot.sound]
2026-09-26T08:01:17.9700493Z info: OIBridge/FrozenSourcing.lean:358:0: 'OIBridge.FrozenSourcing.nonnegBounded_not_denseUnitaryControl_rot' depends on axioms: [propext,
2026-09-26T08:01:17.9700642Z  Classical.choice,
2026-09-26T08:01:17.9700767Z  Quot.sound]
2026-09-26T08:01:17.9701676Z info: OIBridge/FrozenSourcing.lean:359:0: 'OIBridge.FrozenSourcing.permMatrix_preservesNonneg' depends on axioms: [propext, Classical.choice, Quot.sound]
2026-09-26T08:01:17.9702559Z info: OIBridge/FrozenSourcing.lean:360:0: 'OIBridge.FrozenSourcing.readWrite_preservesNonneg' depends on axioms: [propext, Classical.choice, Quot.sound]
2026-09-26T08:01:17.9703819Z info: OIBridge/FrozenSourcing.lean:361:0: 'OIBridge.FrozenSourcing.obs_dynamics_preservesNonneg' depends on axioms: [propext, Classical.choice, Quot.sound]
2026-09-26T08:01:17.9704771Z info: OIBridge/FrozenSourcing.lean:362:0: 'OIBridge.FrozenSourcing.phaseOperator_outside_ceiling' depends on axioms: [propext, Classical.choice, Quot.sound]
2026-09-26T08:01:17.9705665Z info: OIBridge/FrozenSourcing.lean:363:0: 'OIBridge.FrozenSourcing.sourcing_rule_independent' depends on axioms: [propext, Classical.choice, Quot.sound]
2026-09-26T08:01:17.9706577Z info: OIBridge/FrozenSourcing.lean:364:0: 'OIBridge.FrozenSourcing.phase_ceiling_rule_independent' depends on axioms: [propext, Classical.choice, Quot.sound]
2026-09-26T08:01:17.9707453Z info: OIBridge/FrozenSourcing.lean:365:0: 'OIBridge.FrozenSourcing.frozen_sourcing_verdict' depends on axioms: [propext, Classical.choice, Quot.sound]
2026-09-26T08:01:17.9708492Z info: OIBridge/FrozenSourcing.lean:366:0: 'OIBridge.FrozenSourcing.nonnegBounded_verdict' depends on axioms: [propext, Classical.choice, Quot.sound]
2026-09-26T08:01:17.9709449Z info: OIBridge/FrozenSourcing.lean:367:0: 'OIBridge.FrozenSourcing.fixedGateTheory_outside_ceiling' depends on axioms: [propext, Classical.choice, Quot.sound]
2026-09-26T08:01:17.9709796Z ℹ [3557/3599] Replayed OIBridge.StochasticInterface
2026-09-26T08:01:17.9710642Z info: OIBridge/StochasticInterface.lean:206:0: 'OIBridge.StochasticInterface.ensembleDetermined_of_transitive' depends on axioms: [propext,
2026-09-26T08:01:17.9710794Z  Classical.choice,
2026-09-26T08:01:17.9710941Z  Quot.sound]
2026-09-26T08:01:17.9711765Z info: OIBridge/StochasticInterface.lean:207:0: 'OIBridge.StochasticInterface.not_ensembleDetermined_of_disjoint' depends on axioms: [propext,
2026-09-26T08:01:17.9711913Z  Classical.choice,
2026-09-26T08:01:17.9712062Z  Quot.sound]
2026-09-26T08:01:17.9712906Z info: OIBridge/StochasticInterface.lean:208:0: 'OIBridge.StochasticInterface.not_ensembleDetermined_of_fixedPoint' depends on axioms: [propext,
2026-09-26T08:01:17.9713073Z  Classical.choice,
2026-09-26T08:01:17.9713215Z  Quot.sound]
2026-09-26T08:01:17.9714293Z info: OIBridge/StochasticInterface.lean:209:0: 'OIBridge.StochasticInterface.phi_fixes_zero' depends on axioms: [propext, Classical.choice, Quot.sound]
2026-09-26T08:01:17.9715301Z info: OIBridge/StochasticInterface.lean:210:0: 'OIBridge.StochasticInterface.waveSubstratum_phi_fixes_zero' depends on axioms: [propext, Classical.choice, Quot.sound]
2026-09-26T08:01:17.9716287Z info: OIBridge/StochasticInterface.lean:211:0: 'OIBridge.StochasticInterface.ensemble_underdetermined' depends on axioms: [propext, Classical.choice, Quot.sound]
2026-09-26T08:01:17.9717193Z info: OIBridge/StochasticInterface.lean:212:0: 'OIBridge.StochasticInterface.waveSubstratum_ensemble_underdetermined' depends on axioms: [propext,
2026-09-26T08:01:17.9717331Z  Classical.choice,
2026-09-26T08:01:17.9717472Z  Quot.sound]
2026-09-26T08:01:17.9718466Z info: OIBridge/StochasticInterface.lean:213:0: 'OIBridge.StochasticInterface.not_transitive_of_fixedPoint' depends on axioms: [propext, Classical.choice, Quot.sound]
2026-09-26T08:01:17.9719441Z info: OIBridge/StochasticInterface.lean:214:0: 'OIBridge.StochasticInterface.readWriteFamily_exists' depends on axioms: [propext, Classical.choice, Quot.sound]
2026-09-26T08:01:17.9720443Z info: OIBridge/StochasticInterface.lean:215:0: 'OIBridge.StochasticInterface.readWriteFamily_exists_two' depends on axioms: [propext, Classical.choice, Quot.sound]
2026-09-26T08:01:17.9721415Z info: OIBridge/StochasticInterface.lean:216:0: 'OIBridge.StochasticInterface.stochastic_interface_gap' depends on axioms: [propext, Classical.choice, Quot.sound]
2026-09-26T08:01:17.9722299Z info: OIBridge/StochasticInterface.lean:217:0: 'OIBridge.StochasticInterface.waveSubstratum_stochastic_interface_gap' depends on axioms: [propext,
2026-09-26T08:01:17.9722460Z  Classical.choice,
2026-09-26T08:01:17.9722762Z  Quot.sound]
2026-09-26T08:01:17.9723045Z ℹ [3558/3599] Replayed OIBridge.CausalReadback
2026-09-26T08:01:17.9723962Z info: OIBridge/CausalReadback.lean:324:0: 'OIBridge.CausalReadback.tv_nonneg' depends on axioms: [propext, Classical.choice, Quot.sound]
2026-09-26T08:01:17.9724763Z info: OIBridge/CausalReadback.lean:325:0: 'OIBridge.CausalReadback.tv_eq_zero_iff' depends on axioms: [propext, Classical.choice, Quot.sound]
2026-09-26T08:01:17.9725516Z info: OIBridge/CausalReadback.lean:326:0: 'OIBridge.CausalReadback.tv_pos_of_ne' depends on axioms: [propext, Classical.choice, Quot.sound]
2026-09-26T08:01:17.9726273Z info: OIBridge/CausalReadback.lean:327:0: 'OIBridge.CausalReadback.tv_mul_le' depends on axioms: [propext, Classical.choice, Quot.sound]
2026-09-26T08:01:17.9727086Z info: OIBridge/CausalReadback.lean:328:0: 'OIBridge.CausalReadback.rows_eq_of_factor' depends on axioms: [propext, Classical.choice, Quot.sound]
2026-09-26T08:01:17.9727866Z info: OIBridge/CausalReadback.lean:329:0: 'OIBridge.CausalReadback.c4e_implies_c4r' depends on axioms: [propext, Classical.choice, Quot.sound]
2026-09-26T08:01:17.9728909Z info: OIBridge/CausalReadback.lean:330:0: 'OIBridge.CausalReadback.c4r_implies_pIndivisible' depends on axioms: [propext, Classical.choice, Quot.sound]
2026-09-26T08:01:17.9729787Z info: OIBridge/CausalReadback.lean:331:0: 'OIBridge.CausalReadback.c4e_implies_pIndivisible' depends on axioms: [propext, Classical.choice, Quot.sound]
2026-09-26T08:01:17.9730684Z info: OIBridge/CausalReadback.lean:332:0: 'OIBridge.CausalReadback.c4e_implies_pIndivisible_via_c4r' depends on axioms: [propext, Classical.choice, Quot.sound]
2026-09-26T08:01:17.9731572Z info: OIBridge/CausalReadback.lean:333:0: 'OIBridge.CausalReadback.not_c4e_and_not_c4r_of_pDivisible' depends on axioms: [propext, Classical.choice, Quot.sound]
2026-09-26T08:01:17.9732470Z info: OIBridge/CausalReadback.lean:334:0: 'OIBridge.CausalReadback.rootedMap_isRowStochastic' depends on axioms: [propext, Classical.choice, Quot.sound]
2026-09-26T08:01:17.9733300Z info: OIBridge/CausalReadback.lean:335:0: 'OIBridge.CausalReadback.j2_isRowStochastic' depends on axioms: [propext, Classical.choice, Quot.sound]
2026-09-26T08:01:17.9734283Z info: OIBridge/CausalReadback.lean:336:0: 'OIBridge.CausalReadback.one_isRowStochastic' depends on axioms: [propext, Classical.choice, Quot.sound]
2026-09-26T08:01:17.9735029Z info: OIBridge/CausalReadback.lean:337:0: 'OIBridge.CausalReadback.j2_rows_eq' depends on axioms: [propext, Classical.choice, Quot.sound]
2026-09-26T08:01:17.9735808Z info: OIBridge/CausalReadback.lean:338:0: 'OIBridge.CausalReadback.one_rows_ne' depends on axioms: [propext, Classical.choice, Quot.sound]
2026-09-26T08:01:17.9736650Z info: OIBridge/CausalReadback.lean:339:0: 'OIBridge.CausalReadback.pdFamily_pDivisible' depends on axioms: [propext, Classical.choice, Quot.sound]
2026-09-26T08:01:17.9737498Z info: OIBridge/CausalReadback.lean:340:0: 'OIBridge.CausalReadback.pdFamily_not_c4e_not_c4r' depends on axioms: [propext, Classical.choice, Quot.sound]
2026-09-26T08:01:17.9738300Z info: OIBridge/CausalReadback.lean:341:0: 'OIBridge.CausalReadback.peFamily_c4e' depends on axioms: [propext, Classical.choice, Quot.sound]
2026-09-26T08:01:17.9739158Z info: OIBridge/CausalReadback.lean:342:0: 'OIBridge.CausalReadback.peFamily_pIndivisible' depends on axioms: [propext, Classical.choice, Quot.sound]
2026-09-26T08:01:17.9739989Z info: OIBridge/CausalReadback.lean:343:0: 'OIBridge.CausalReadback.control_separation' depends on axioms: [propext, Classical.choice, Quot.sound]
2026-09-26T08:01:17.9740843Z info: OIBridge/CausalReadback.lean:344:0: 'OIBridge.CausalReadback.causal_readback_verdict' depends on axioms: [propext, Classical.choice, Quot.sound]
2026-09-26T08:01:17.9741139Z ℹ [3559/3599] Replayed OIBridge.TransposeBridge
2026-09-26T08:01:17.9741993Z info: OIBridge/TransposeBridge.lean:205:0: 'OIBridge.TransposeBridge.isRowStochastic_iff_transpose_isColStochastic' depends on axioms: [propext,
2026-09-26T08:01:17.9742145Z  Classical.choice,
2026-09-26T08:01:17.9742437Z  Quot.sound]
2026-09-26T08:01:17.9743312Z info: OIBridge/TransposeBridge.lean:206:0: 'OIBridge.TransposeBridge.isColStochastic_iff_transpose_isRowStochastic' depends on axioms: [propext,
2026-09-26T08:01:17.9743459Z  Classical.choice,
2026-09-26T08:01:17.9743765Z  Quot.sound]
2026-09-26T08:01:17.9744622Z info: OIBridge/TransposeBridge.lean:207:0: 'OIBridge.TransposeBridge.factor_transpose_iff' depends on axioms: [propext, Classical.choice, Quot.sound]
2026-09-26T08:01:17.9745416Z info: OIBridge/TransposeBridge.lean:208:0: 'OIBridge.TransposeBridge.pDivisible_iff_pDivisibleCol_transpose' depends on axioms: [propext,
2026-09-26T08:01:17.9745550Z  Classical.choice,
2026-09-26T08:01:17.9745680Z  Quot.sound]
2026-09-26T08:01:17.9746611Z info: OIBridge/TransposeBridge.lean:209:0: 'OIBridge.TransposeBridge.pIndivisibleWithin_iff_pIndivisibleColWithin_transpose' depends on axioms: [propext,
2026-09-26T08:01:17.9746746Z  Classical.choice,
2026-09-26T08:01:17.9746880Z  Quot.sound]
2026-09-26T08:01:17.9747904Z info: OIBridge/TransposeBridge.lean:210:0: 'OIBridge.TransposeBridge.root_factor_of_trivial' depends on axioms: [propext, Classical.choice, Quot.sound]
2026-09-26T08:01:17.9748730Z info: OIBridge/TransposeBridge.lean:211:0: 'OIBridge.TransposeBridge.rootedMap_zero' depends on axioms: [propext, Classical.choice, Quot.sound]
2026-09-26T08:01:17.9749591Z info: OIBridge/TransposeBridge.lean:212:0: 'OIBridge.TransposeBridge.rootedMap_root_factor' depends on axioms: [propext, Classical.choice, Quot.sound]
2026-09-26T08:01:17.9749918Z ⚠ [3560/3599] Replayed OIBridge.RootedClassification
2026-09-26T08:01:17.9752591Z warning: OIBridge/RootedClassification.lean:20:34: Ambiguous namespace `Equivalence`: it is interpreted as `_root_.OIBridge.Equivalence` because this `open` occurs inside `namespace OIBridge.RootedClassification`, while `_root_.Equivalence` is silently not opened. Specify the namespace unambiguously, e.g. `_root_.OIBridge.Equivalence`. The warning can sometimes also be addressed by moving the `open` outside of the surrounding `namespace`.
2026-09-26T08:01:17.9752607Z 
2026-09-26T08:01:17.9752986Z Note: This linter can be disabled with `set_option linter.ambiguousOpen false`
2026-09-26T08:01:17.9754137Z warning: OIBridge/RootedClassification.lean:46:0: automatically included section variable(s) unused in theorem `OIBridge.RootedClassification.responseWeight_nonneg`:
2026-09-26T08:01:17.9754270Z   [Fintype V]
2026-09-26T08:01:17.9754409Z   [DecidableEq V]
2026-09-26T08:01:17.9754546Z   [DecidableEq I]
2026-09-26T08:01:17.9755148Z consider restructuring your `variable` declarations so that the variables are not in scope or explicitly omit them:
2026-09-26T08:01:17.9755437Z   omit [Fintype V] [DecidableEq V] [DecidableEq I] in theorem ...
2026-09-26T08:01:17.9755443Z 
2026-09-26T08:01:17.9755834Z Note: This linter can be disabled with `set_option linter.unusedSectionVars false`
2026-09-26T08:01:17.9756804Z warning: OIBridge/RootedClassification.lean:54:0: automatically included section variable(s) unused in theorem `OIBridge.RootedClassification.responseWeight_sum`:
2026-09-26T08:01:17.9756951Z   [DecidableEq V]
2026-09-26T08:01:17.9757554Z consider restructuring your `variable` declarations so that the variables are not in scope or explicitly omit them:
2026-09-26T08:01:17.9757722Z   omit [DecidableEq V] in theorem ...
2026-09-26T08:01:17.9757727Z 
2026-09-26T08:01:17.9758111Z Note: This linter can be disabled with `set_option linter.unusedSectionVars false`
2026-09-26T08:01:17.9759045Z warning: OIBridge/RootedClassification.lean:123:0: automatically included section variable(s) unused in theorem `OIBridge.RootedClassification.rootedMap_zero`:
2026-09-26T08:01:17.9759171Z   [Fintype V]
2026-09-26T08:01:17.9759764Z consider restructuring your `variable` declarations so that the variables are not in scope or explicitly omit them:
2026-09-26T08:01:17.9759925Z   omit [Fintype V] in theorem ...
2026-09-26T08:01:17.9759931Z 
2026-09-26T08:01:17.9760305Z Note: This linter can be disabled with `set_option linter.unusedSectionVars false`
2026-09-26T08:01:17.9760903Z warning: OIBridge/RootedClassification.lean:130:21: This simp argument is unused:
2026-09-26T08:01:17.9761046Z   Matrix.one_apply
2026-09-26T08:01:17.9761051Z 
2026-09-26T08:01:17.9761225Z Hint: Omit it from the simp argument list.
2026-09-26T08:01:17.9761383Z   [apply] simp [rootedMap, h]
2026-09-26T08:01:17.9761388Z 
2026-09-26T08:01:17.9761755Z Note: This linter can be disabled with `set_option linter.unusedSimpArgs false`
2026-09-26T08:01:17.9762717Z warning: OIBridge/RootedClassification.lean:199:0: automatically included section variable(s) unused in theorem `OIBridge.RootedClassification.cycleState_val_zero`:
2026-09-26T08:01:17.9762850Z   [Fintype V]
2026-09-26T08:01:17.9762986Z   [DecidableEq V]
2026-09-26T08:01:17.9763773Z consider restructuring your `variable` declarations so that the variables are not in scope or explicitly omit them:
2026-09-26T08:01:17.9763984Z   omit [Fintype V] [DecidableEq V] in theorem ...
2026-09-26T08:01:17.9763996Z 
2026-09-26T08:01:17.9764371Z Note: This linter can be disabled with `set_option linter.unusedSectionVars false`
2026-09-26T08:01:17.9765539Z warning: OIBridge/RootedClassification.lean:205:0: automatically included section variable(s) unused in theorem `OIBridge.RootedClassification.cycleState_nonzero`:
2026-09-26T08:01:17.9765675Z   [Fintype V]
2026-09-26T08:01:17.9765806Z   [DecidableEq V]
2026-09-26T08:01:17.9766400Z consider restructuring your `variable` declarations so that the variables are not in scope or explicitly omit them:
2026-09-26T08:01:17.9766599Z   omit [Fintype V] [DecidableEq V] in theorem ...
2026-09-26T08:01:17.9766605Z 
2026-09-26T08:01:17.9766976Z Note: This linter can be disabled with `set_option linter.unusedSectionVars false`
2026-09-26T08:01:17.9767472Z warning: OIBridge/RootedClassification.lean:232:4: Try `simp at hs` instead of `simpa using hs`
2026-09-26T08:01:17.9767478Z 
2026-09-26T08:01:17.9767857Z Note: This linter can be disabled with `set_option linter.unnecessarySimpa false`
2026-09-26T08:01:17.9768345Z warning: OIBridge/RootedClassification.lean:235:4: Try `simp at hs` instead of `simpa using hs`
2026-09-26T08:01:17.9768362Z 
2026-09-26T08:01:17.9768731Z Note: This linter can be disabled with `set_option linter.unnecessarySimpa false`
2026-09-26T08:01:17.9769702Z warning: OIBridge/RootedClassification.lean:214:0: automatically included section variable(s) unused in theorem `OIBridge.RootedClassification.cycleState_injective`:
2026-09-26T08:01:17.9769827Z   [Fintype V]
2026-09-26T08:01:17.9769963Z   [DecidableEq V]
2026-09-26T08:01:17.9770562Z consider restructuring your `variable` declarations so that the variables are not in scope or explicitly omit them:
2026-09-26T08:01:17.9770756Z   omit [Fintype V] [DecidableEq V] in theorem ...
2026-09-26T08:01:17.9770762Z 
2026-09-26T08:01:17.9771142Z Note: This linter can be disabled with `set_option linter.unusedSectionVars false`
2026-09-26T08:01:17.9772091Z warning: OIBridge/RootedClassification.lean:260:8: automatically included section variable(s) unused in theorem `OIBridge.RootedClassification.cyclePerm_apply`:
2026-09-26T08:01:17.9772223Z   [Fintype V]
2026-09-26T08:01:17.9772365Z   [DecidableEq V]
2026-09-26T08:01:17.9772959Z consider restructuring your `variable` declarations so that the variables are not in scope or explicitly omit them:
2026-09-26T08:01:17.9773157Z   omit [Fintype V] [DecidableEq V] in theorem ...
2026-09-26T08:01:17.9773166Z 
2026-09-26T08:01:17.9773569Z Note: This linter can be disabled with `set_option linter.unusedSectionVars false`
2026-09-26T08:01:17.9774102Z warning: OIBridge/RootedClassification.lean:274:2: Try this: 
2026-09-26T08:01:17.9774310Z   letI̵
2026-09-26T08:01:17.9774320Z 
2026-09-26T08:01:17.9774634Z The goal is a proposition, so `let` is preferred over `letI`.
2026-09-26T08:01:17.9775009Z The difference between `let` and `letI` is that `letI` inlines the value.
2026-09-26T08:01:17.9775339Z But this is not relevant for proofs because of proof irrelevance.
2026-09-26T08:01:17.9775584Z 
2026-09-26T08:01:17.9776008Z Note: This linter can be disabled with `set_option linter.style.haveILetI false`
2026-09-26T08:01:17.9777011Z info: OIBridge/RootedClassification.lean:349:0: 'OIBridge.RootedClassification.responseWeight_nonneg' depends on axioms: [propext, Classical.choice, Quot.sound]
2026-09-26T08:01:17.9777965Z info: OIBridge/RootedClassification.lean:350:0: 'OIBridge.RootedClassification.responseWeight_sum' depends on axioms: [propext, Classical.choice, Quot.sound]
2026-09-26T08:01:17.9778955Z info: OIBridge/RootedClassification.lean:351:0: 'OIBridge.RootedClassification.responseWeight_marginal' depends on axioms: [propext, Classical.choice, Quot.sound]
2026-09-26T08:01:17.9779889Z info: OIBridge/RootedClassification.lean:352:0: 'OIBridge.RootedClassification.rootedMap_zero' depends on axioms: [propext, Classical.choice, Quot.sound]
2026-09-26T08:01:17.9780833Z info: OIBridge/RootedClassification.lean:353:0: 'OIBridge.RootedClassification.rootedMap_periodic' depends on axioms: [propext, Classical.choice, Quot.sound]
2026-09-26T08:01:17.9781946Z info: OIBridge/RootedClassification.lean:354:0: 'OIBridge.RootedClassification.rootedMap_mem_PPer' depends on axioms: [propext, Classical.choice, Quot.sound]
2026-09-26T08:01:17.9782938Z info: OIBridge/RootedClassification.lean:355:0: 'OIBridge.RootedClassification.cycleState_val_zero' depends on axioms: [propext, Classical.choice, Quot.sound]
2026-09-26T08:01:17.9784093Z info: OIBridge/RootedClassification.lean:356:0: 'OIBridge.RootedClassification.cycleState_nonzero' depends on axioms: [propext, Classical.choice, Quot.sound]
2026-09-26T08:01:17.9785072Z info: OIBridge/RootedClassification.lean:357:0: 'OIBridge.RootedClassification.cycleState_injective' depends on axioms: [propext, Classical.choice, Quot.sound]
2026-09-26T08:01:17.9786020Z info: OIBridge/RootedClassification.lean:358:0: 'OIBridge.RootedClassification.cyclePerm_apply' depends on axioms: [propext, Classical.choice, Quot.sound]
2026-09-26T08:01:17.9786983Z info: OIBridge/RootedClassification.lean:359:0: 'OIBridge.RootedClassification.responseStep_cycle' depends on axioms: [propext, Classical.choice, Quot.sound]
2026-09-26T08:01:17.9787943Z info: OIBridge/RootedClassification.lean:360:0: 'OIBridge.RootedClassification.tableWeight_nonneg' depends on axioms: [propext, Classical.choice, Quot.sound]
2026-09-26T08:01:17.9788880Z info: OIBridge/RootedClassification.lean:361:0: 'OIBridge.RootedClassification.tableWeight_sum' depends on axioms: [propext, Classical.choice, Quot.sound]
2026-09-26T08:01:17.9789859Z info: OIBridge/RootedClassification.lean:362:0: 'OIBridge.RootedClassification.responsePrior_nonneg' depends on axioms: [propext, Classical.choice, Quot.sound]
2026-09-26T08:01:17.9790812Z info: OIBridge/RootedClassification.lean:363:0: 'OIBridge.RootedClassification.responsePrior_sum' depends on axioms: [propext, Classical.choice, Quot.sound]
2026-09-26T08:01:17.9791663Z info: OIBridge/RootedClassification.lean:364:0: 'OIBridge.RootedClassification.pper_of_finiteRootedRealizable' depends on axioms: [propext,
2026-09-26T08:01:17.9791829Z  Classical.choice,
2026-09-26T08:01:17.9791969Z  Quot.sound]
2026-09-26T08:01:17.9792362Z ⚠ [3561/3599] Replayed OIBridge.RootedClassificationT2
2026-09-26T08:01:17.9795280Z warning: OIBridge/RootedClassificationT2.lean:14:34: Ambiguous namespace `Equivalence`: it is interpreted as `_root_.OIBridge.Equivalence` because this `open` occurs inside `namespace OIBridge.RootedClassification`, while `_root_.Equivalence` is silently not opened. Specify the namespace unambiguously, e.g. `_root_.OIBridge.Equivalence`. The warning can sometimes also be addressed by moving the `open` outside of the surrounding `namespace`.
2026-09-26T08:01:17.9795290Z 
2026-09-26T08:01:17.9795660Z Note: This linter can be disabled with `set_option linter.ambiguousOpen false`
2026-09-26T08:01:17.9796652Z warning: OIBridge/RootedClassificationT2.lean:21:0: automatically included section variable(s) unused in theorem `OIBridge.RootedClassification.cyclePerm_iterate`:
2026-09-26T08:01:17.9796976Z   [Fintype V]
2026-09-26T08:01:17.9797114Z   [DecidableEq V]
2026-09-26T08:01:17.9797741Z consider restructuring your `variable` declarations so that the variables are not in scope or explicitly omit them:
2026-09-26T08:01:17.9797949Z   omit [Fintype V] [DecidableEq V] in theorem ...
2026-09-26T08:01:17.9797956Z 
2026-09-26T08:01:17.9798346Z Note: This linter can be disabled with `set_option linter.unusedSectionVars false`
2026-09-26T08:01:17.9798656Z warning: OIBridge/RootedClassificationT2.lean:56:2: Try this: 
2026-09-26T08:01:17.9798824Z   letI̵
2026-09-26T08:01:17.9798831Z 
2026-09-26T08:01:17.9799098Z The goal is a proposition, so `let` is preferred over `letI`.
2026-09-26T08:01:17.9799435Z The difference between `let` and `letI` is that `letI` inlines the value.
2026-09-26T08:01:17.9799722Z But this is not relevant for proofs because of proof irrelevance.
2026-09-26T08:01:17.9799727Z 
2026-09-26T08:01:17.9800097Z Note: This linter can be disabled with `set_option linter.style.haveILetI false`
2026-09-26T08:01:17.9801291Z info: OIBridge/RootedClassificationT2.lean:91:0: 'OIBridge.RootedClassification.cyclePerm_iterate' depends on axioms: [propext, Classical.choice, Quot.sound]
2026-09-26T08:01:17.9802325Z info: OIBridge/RootedClassificationT2.lean:92:0: 'OIBridge.RootedClassification.responseStep_iterate_cycle' depends on axioms: [propext, Classical.choice, Quot.sound]
2026-09-26T08:01:17.9803053Z info: OIBridge/RootedClassificationT2.lean:93:0: 'OIBridge.RootedClassification.phaseZero_val' does not depend on any axioms
2026-09-26T08:01:17.9804206Z info: OIBridge/RootedClassificationT2.lean:94:0: 'OIBridge.RootedClassification.cycleState_phaseZero' depends on axioms: [propext, Classical.choice, Quot.sound]
2026-09-26T08:01:17.9805072Z info: OIBridge/RootedClassificationT2.lean:95:0: 'OIBridge.RootedClassification.finRotate_iterate_phaseZero_of_lt' depends on axioms: [propext,
2026-09-26T08:01:17.9805216Z  Classical.choice,
2026-09-26T08:01:17.9805352Z  Quot.sound]
2026-09-26T08:01:17.9806221Z info: OIBridge/RootedClassificationT2.lean:96:0: 'OIBridge.RootedClassification.cyclePerm_iterate_phaseZero_of_lt' depends on axioms: [propext,
2026-09-26T08:01:17.9806371Z  Classical.choice,
2026-09-26T08:01:17.9806509Z  Quot.sound]
2026-09-26T08:01:17.9807406Z info: OIBridge/RootedClassificationT2.lean:97:0: 'OIBridge.RootedClassification.responseStep_iterate_phaseZero_of_lt' depends on axioms: [propext,
2026-09-26T08:01:17.9807550Z  Classical.choice,
2026-09-26T08:01:17.9807688Z  Quot.sound]
2026-09-26T08:01:17.9808534Z info: OIBridge/RootedClassificationT2.lean:98:0: 'OIBridge.RootedClassification.responseStep_visible_of_pos_lt' depends on axioms: [propext,
2026-09-26T08:01:17.9808679Z  Classical.choice,
2026-09-26T08:01:17.9808816Z  Quot.sound]
2026-09-26T08:01:17.9809198Z ⚠ [3562/3599] Replayed OIBridge.RootedClassificationAllTime
2026-09-26T08:01:17.9811986Z warning: OIBridge/RootedClassificationAllTime.lean:14:34: Ambiguous namespace `Equivalence`: it is interpreted as `_root_.OIBridge.Equivalence` because this `open` occurs inside `namespace OIBridge.RootedClassification`, while `_root_.Equivalence` is silently not opened. Specify the namespace unambiguously, e.g. `_root_.OIBridge.Equivalence`. The warning can sometimes also be addressed by moving the `open` outside of the surrounding `namespace`.
2026-09-26T08:01:17.9812001Z 
2026-09-26T08:01:17.9812384Z Note: This linter can be disabled with `set_option linter.ambiguousOpen false`
2026-09-26T08:01:17.9813474Z warning: OIBridge/RootedClassificationAllTime.lean:49:0: automatically included section variable(s) unused in theorem `OIBridge.RootedClassification.responseLocalWeight_sum`:
2026-09-26T08:01:17.9813783Z   [DecidableEq V]
2026-09-26T08:01:17.9814413Z consider restructuring your `variable` declarations so that the variables are not in scope or explicitly omit them:
2026-09-26T08:01:17.9814592Z   omit [DecidableEq V] in theorem ...
2026-09-26T08:01:17.9814599Z 
2026-09-26T08:01:17.9814991Z Note: This linter can be disabled with `set_option linter.unusedSectionVars false`
2026-09-26T08:01:17.9815767Z warning: OIBridge/RootedClassificationAllTime.lean:163:15: Variable name `hM` is not explicitly referenced.
2026-09-26T08:01:17.9815774Z 
2026-09-26T08:01:17.9816506Z Hint: The binding can be removed (if unused) or named `_` (if used implicitly). Alternatively, prefix the name with `_` to silence this warning:
2026-09-26T08:01:17.9816640Z   [apply] _hM
2026-09-26T08:01:17.9816646Z 
2026-09-26T08:01:17.9817033Z Note: This linter can be disabled with `set_option linter.unusedVariables false`
2026-09-26T08:01:17.9817518Z warning: OIBridge/RootedClassificationAllTime.lean:224:22: This simp argument is unused:
2026-09-26T08:01:17.9817660Z   Matrix.one_apply
2026-09-26T08:01:17.9817666Z 
2026-09-26T08:01:17.9817851Z Hint: Omit it from the simp argument list.
2026-09-26T08:01:17.9818022Z   [apply] simp [pdFamily, J2] at h0
2026-09-26T08:01:17.9818028Z 
2026-09-26T08:01:17.9818394Z Note: This linter can be disabled with `set_option linter.unusedSimpArgs false`
2026-09-26T08:01:17.9818880Z warning: OIBridge/RootedClassificationAllTime.lean:232:22: This simp argument is unused:
2026-09-26T08:01:17.9819164Z   Matrix.one_apply
2026-09-26T08:01:17.9819172Z 
2026-09-26T08:01:17.9819352Z Hint: Omit it from the simp argument list.
2026-09-26T08:01:17.9819518Z   [apply] simp [peFamily, J2] at h0
2026-09-26T08:01:17.9819524Z 
2026-09-26T08:01:17.9819891Z Note: This linter can be disabled with `set_option linter.unusedSimpArgs false`
2026-09-26T08:01:17.9820802Z info: OIBridge/RootedClassificationAllTime.lean:252:0: 'OIBridge.RootedClassification.finRotate_iterate_phaseZero_period' depends on axioms: [propext,
2026-09-26T08:01:17.9820949Z  Classical.choice,
2026-09-26T08:01:17.9821083Z  Quot.sound]
2026-09-26T08:01:17.9821992Z info: OIBridge/RootedClassificationAllTime.lean:253:0: 'OIBridge.RootedClassification.cyclePerm_iterate_phaseZero_period' depends on axioms: [propext,
2026-09-26T08:01:17.9822136Z  Classical.choice,
2026-09-26T08:01:17.9822271Z  Quot.sound]
2026-09-26T08:01:17.9823217Z info: OIBridge/RootedClassificationAllTime.lean:254:0: 'OIBridge.RootedClassification.responseStep_iterate_phaseZero_period' depends on axioms: [propext,
2026-09-26T08:01:17.9823362Z  Classical.choice,
2026-09-26T08:01:17.9823489Z  Quot.sound]
2026-09-26T08:01:17.9824819Z info: OIBridge/RootedClassificationAllTime.lean:255:0: 'OIBridge.RootedClassification.responseLocalWeight_sum' depends on axioms: [propext, Classical.choice, Quot.sound]
2026-09-26T08:01:17.9825909Z info: OIBridge/RootedClassificationAllTime.lean:256:0: 'OIBridge.RootedClassification.responseRealization_pad_sum' depends on axioms: [propext, Classical.choice, Quot.sound]
2026-09-26T08:01:17.9826882Z info: OIBridge/RootedClassificationAllTime.lean:257:0: 'OIBridge.RootedClassification.rootedMap_responseRealization_of_pos_lt' depends on axioms: [propext,
2026-09-26T08:01:17.9827019Z  Classical.choice,
2026-09-26T08:01:17.9827152Z  Quot.sound]
2026-09-26T08:01:17.9828124Z info: OIBridge/RootedClassificationAllTime.lean:258:0: 'OIBridge.RootedClassification.rootedMap_responseRealization_first_period' depends on axioms: [propext,
2026-09-26T08:01:17.9828274Z  Classical.choice,
2026-09-26T08:01:17.9828417Z  Quot.sound]
2026-09-26T08:01:17.9829379Z info: OIBridge/RootedClassificationAllTime.lean:259:0: 'OIBridge.RootedClassification.rootedMap_responseRealization_add_period' depends on axioms: [propext,
2026-09-26T08:01:17.9829524Z  Classical.choice,
2026-09-26T08:01:17.9829661Z  Quot.sound]
2026-09-26T08:01:17.9830602Z info: OIBridge/RootedClassificationAllTime.lean:260:0: 'OIBridge.RootedClassification.responseRealization_agrees_all' depends on axioms: [propext,
2026-09-26T08:01:17.9838025Z  Classical.choice,
2026-09-26T08:01:17.9838195Z  Quot.sound]
2026-09-26T08:01:17.9839302Z info: OIBridge/RootedClassificationAllTime.lean:261:0: 'OIBridge.RootedClassification.pper_has_responseRealization' depends on axioms: [propext, Classical.choice, Quot.sound]
2026-09-26T08:01:17.9840257Z info: OIBridge/RootedClassificationAllTime.lean:262:0: 'OIBridge.RootedClassification.finiteRootedRealizable_iff_pper' depends on axioms: [propext,
2026-09-26T08:01:17.9840623Z  Classical.choice,
2026-09-26T08:01:17.9840761Z  Quot.sound]
2026-09-26T08:01:17.9841768Z info: OIBridge/RootedClassificationAllTime.lean:263:0: 'OIBridge.RootedClassification.finiteRootedRealizable_of_realization' depends on axioms: [propext,
2026-09-26T08:01:17.9841921Z  Classical.choice,
2026-09-26T08:01:17.9842053Z  Quot.sound]
2026-09-26T08:01:17.9843154Z info: OIBridge/RootedClassificationAllTime.lean:264:0: 'OIBridge.RootedClassification.pdFamily_not_periodicFamily' depends on axioms: [propext, Classical.choice, Quot.sound]
2026-09-26T08:01:17.9844448Z info: OIBridge/RootedClassificationAllTime.lean:265:0: 'OIBridge.RootedClassification.peFamily_not_periodicFamily' depends on axioms: [propext, Classical.choice, Quot.sound]
2026-09-26T08:01:17.9845390Z info: OIBridge/RootedClassificationAllTime.lean:266:0: 'OIBridge.RootedClassification.pdFamily_not_finiteRootedRealizable' depends on axioms: [propext,
2026-09-26T08:01:17.9845547Z  Classical.choice,
2026-09-26T08:01:17.9845682Z  Quot.sound]
2026-09-26T08:01:17.9846980Z info: OIBridge/RootedClassificationAllTime.lean:267:0: 'OIBridge.RootedClassification.peFamily_not_finiteRootedRealizable' depends on axioms: [propext,
2026-09-26T08:01:17.9847189Z  Classical.choice,
2026-09-26T08:01:17.9847353Z  Quot.sound]
2026-09-26T08:01:17.9847804Z ⚠ [3563/3599] Replayed OIBridge.QuantumRepresentationT2
2026-09-26T08:01:17.9848287Z warning: OIBridge/QuantumRepresentationT2.lean:78:52: This simp argument is unused:
2026-09-26T08:01:17.9848496Z   Matrix.conjTranspose_apply
2026-09-26T08:01:17.9848509Z 
2026-09-26T08:01:17.9848733Z Hint: Omit it from the simp argument list.
2026-09-26T08:01:17.9849183Z   [apply] simp [hadU, Matrix.mul_apply, Fin.sum_univ_two, Matrix.one_apply, hc, hadAmp_sq]
2026-09-26T08:01:17.9849193Z 
2026-09-26T08:01:17.9849582Z Note: This linter can be disabled with `set_option linter.unusedSimpArgs false`
2026-09-26T08:01:17.9850045Z warning: OIBridge/QuantumRepresentationT2.lean:79:6: This simp argument is unused:
2026-09-26T08:01:17.9850235Z   Matrix.one_apply
2026-09-26T08:01:17.9850242Z 
2026-09-26T08:01:17.9850436Z Hint: Omit it from the simp argument list.
2026-09-26T08:01:17.9850942Z   [apply] simp [hadU, Matrix.mul_apply, Fin.sum_univ_two, Matrix.conjTranspose_apply, hc, hadAmp_sq]
2026-09-26T08:01:17.9850952Z 
2026-09-26T08:01:17.9851341Z Note: This linter can be disabled with `set_option linter.unusedSimpArgs false`
2026-09-26T08:01:17.9851781Z warning: OIBridge/QuantumRepresentationT2.lean:80:4: this tactic is never executed
2026-09-26T08:01:17.9851787Z 
2026-09-26T08:01:17.9852188Z Note: This linter can be disabled with `set_option linter.unreachableTactic false`
2026-09-26T08:01:17.9852643Z warning: OIBridge/QuantumRepresentationT2.lean:80:25: this tactic is never executed
2026-09-26T08:01:17.9852650Z 
2026-09-26T08:01:17.9853039Z Note: This linter can be disabled with `set_option linter.unreachableTactic false`
2026-09-26T08:01:17.9853840Z warning: OIBridge/QuantumRepresentationT2.lean:80:4: Unused tactic linter: `simp [hadAmp_sq]` does nothing
2026-09-26T08:01:17.9853852Z 
2026-09-26T08:01:17.9854255Z Note: This linter can be disabled with `set_option linter.unusedTactic false`
2026-09-26T08:01:17.9854777Z warning: OIBridge/QuantumRepresentationT2.lean:80:25: Unused tactic linter: `ring` does nothing
2026-09-26T08:01:17.9854793Z 
2026-09-26T08:01:17.9855159Z Note: This linter can be disabled with `set_option linter.unusedTactic false`
2026-09-26T08:01:17.9855611Z warning: OIBridge/QuantumRepresentationT2.lean:92:61: This simp argument is unused:
2026-09-26T08:01:17.9855759Z   hadAmp_neg_normSq
2026-09-26T08:01:17.9855765Z 
2026-09-26T08:01:17.9855961Z Hint: Omit it from the simp argument list.
2026-09-26T08:01:17.9856145Z   [apply] simp [hadU, hadAmp_normSq]
2026-09-26T08:01:17.9856151Z 
2026-09-26T08:01:17.9856531Z Note: This linter can be disabled with `set_option linter.unusedSimpArgs false`
2026-09-26T08:01:17.9857469Z info: OIBridge/QuantumRepresentationT2.lean:177:0: 'OIBridge.QuantumRepresentation.hadAmp_sq' depends on axioms: [propext, Classical.choice, Quot.sound]
2026-09-26T08:01:17.9858609Z info: OIBridge/QuantumRepresentationT2.lean:178:0: 'OIBridge.QuantumRepresentation.hadAmp_normSq' depends on axioms: [propext, Classical.choice, Quot.sound]
2026-09-26T08:01:17.9859580Z info: OIBridge/QuantumRepresentationT2.lean:179:0: 'OIBridge.QuantumRepresentation.hadAmp_neg_normSq' depends on axioms: [propext, Classical.choice, Quot.sound]
2026-09-26T08:01:17.9860587Z info: OIBridge/QuantumRepresentationT2.lean:180:0: 'OIBridge.QuantumRepresentation.hadU_mem_unitaryGroup' depends on axioms: [propext, Classical.choice, Quot.sound]
2026-09-26T08:01:17.9861543Z info: OIBridge/QuantumRepresentationT2.lean:181:0: 'OIBridge.QuantumRepresentation.hadData_born' depends on axioms: [propext, Classical.choice, Quot.sound]
2026-09-26T08:01:17.9862497Z info: OIBridge/QuantumRepresentationT2.lean:182:0: 'OIBridge.QuantumRepresentation.hadData_isLaw' depends on axioms: [propext, Classical.choice, Quot.sound]
2026-09-26T08:01:17.9863781Z info: OIBridge/QuantumRepresentationT2.lean:183:0: 'OIBridge.QuantumRepresentation.hadU_normSq' depends on axioms: [propext, Classical.choice, Quot.sound]
2026-09-26T08:01:17.9864865Z info: OIBridge/QuantumRepresentationT2.lean:184:0: 'OIBridge.QuantumRepresentation.hadData_bornPow_succ' depends on axioms: [propext, Classical.choice, Quot.sound]
2026-09-26T08:01:17.9865873Z info: OIBridge/QuantumRepresentationT2.lean:185:0: 'OIBridge.QuantumRepresentation.hadData_bornPow_succ'' depends on axioms: [propext, Classical.choice, Quot.sound]
2026-09-26T08:01:17.9866875Z info: OIBridge/QuantumRepresentationT2.lean:186:0: 'OIBridge.QuantumRepresentation.hadData_bornPow_zero'' depends on axioms: [propext, Classical.choice, Quot.sound]
2026-09-26T08:01:17.9867861Z info: OIBridge/QuantumRepresentationT2.lean:187:0: 'OIBridge.QuantumRepresentation.hadData_rootMass' depends on axioms: [propext, Classical.choice, Quot.sound]
2026-09-26T08:01:17.9868920Z info: OIBridge/QuantumRepresentationT2.lean:188:0: 'OIBridge.QuantumRepresentation.hadData_positiveRootMass' depends on axioms: [propext, Classical.choice, Quot.sound]
2026-09-26T08:01:17.9869873Z info: OIBridge/QuantumRepresentationT2.lean:189:0: 'OIBridge.QuantumRepresentation.hadData_rooted' depends on axioms: [propext, Classical.choice, Quot.sound]
2026-09-26T08:01:17.9870916Z info: OIBridge/QuantumRepresentationT2.lean:190:0: 'OIBridge.QuantumRepresentation.hadData_rooted_eq_pdFamily' depends on axioms: [propext, Classical.choice, Quot.sound]
2026-09-26T08:01:17.9871871Z info: OIBridge/QuantumRepresentationT2.lean:191:0: 'OIBridge.QuantumRepresentation.qStar_pdFamily' depends on axioms: [propext, Classical.choice, Quot.sound]
2026-09-26T08:01:17.9872803Z info: OIBridge/QuantumRepresentationT2.lean:192:0: 'OIBridge.QuantumRepresentation.qStar_not_subset_finiteRootedRealizable' depends on axioms: [propext,
2026-09-26T08:01:17.9872968Z  Classical.choice,
2026-09-26T08:01:17.9873112Z  Quot.sound]
2026-09-26T08:01:17.9874296Z info: OIBridge/QuantumRepresentationT2.lean:193:0: 'OIBridge.QuantumRepresentation.qStar_not_subset_pper' depends on axioms: [propext, Classical.choice, Quot.sound]
2026-09-26T08:01:17.9874691Z ⚠ [3564/3599] Replayed OIBridge.QuantumRepresentationT3
2026-09-26T08:01:17.9875144Z warning: OIBridge/QuantumRepresentationT3.lean:92:10: This simp argument is unused:
2026-09-26T08:01:17.9875284Z   this
2026-09-26T08:01:17.9875291Z 
2026-09-26T08:01:17.9875494Z Hint: Omit it from the simp argument list.
2026-09-26T08:01:17.9875648Z   [apply] simp [h]
2026-09-26T08:01:17.9875657Z 
2026-09-26T08:01:17.9876048Z Note: This linter can be disabled with `set_option linter.unusedSimpArgs false`
2026-09-26T08:01:17.9876389Z warning: OIBridge/QuantumRepresentationT3.lean:195:2: Try this: 
2026-09-26T08:01:17.9876572Z   letI̵
2026-09-26T08:01:17.9876579Z 
2026-09-26T08:01:17.9876860Z The goal is a proposition, so `let` is preferred over `letI`.
2026-09-26T08:01:17.9877225Z The difference between `let` and `letI` is that `letI` inlines the value.
2026-09-26T08:01:17.9877722Z But this is not relevant for proofs because of proof irrelevance.
2026-09-26T08:01:17.9877746Z 
2026-09-26T08:01:17.9878144Z Note: This linter can be disabled with `set_option linter.style.haveILetI false`
2026-09-26T08:01:17.9878480Z warning: OIBridge/QuantumRepresentationT3.lean:196:2: Try this: 
2026-09-26T08:01:17.9878651Z   letI̵
2026-09-26T08:01:17.9878658Z 
2026-09-26T08:01:17.9878939Z The goal is a proposition, so `let` is preferred over `letI`.
2026-09-26T08:01:17.9879295Z The difference between `let` and `letI` is that `letI` inlines the value.
2026-09-26T08:01:17.9879613Z But this is not relevant for proofs because of proof irrelevance.
2026-09-26T08:01:17.9879626Z 
2026-09-26T08:01:17.9880019Z Note: This linter can be disabled with `set_option linter.style.haveILetI false`
2026-09-26T08:01:17.9881040Z info: OIBridge/QuantumRepresentationT3.lean:228:0: 'OIBridge.QuantumRepresentation.nonempty_of_qStar' depends on axioms: [propext, Classical.choice, Quot.sound]
2026-09-26T08:01:17.9882234Z info: OIBridge/QuantumRepresentationT3.lean:229:0: 'OIBridge.QuantumRepresentation.not_qStar_of_isEmpty' depends on axioms: [propext, Classical.choice, Quot.sound]
2026-09-26T08:01:17.9883233Z info: OIBridge/QuantumRepresentationT3.lean:230:0: 'OIBridge.QuantumRepresentation.permData_card_pos' depends on axioms: [propext, Classical.choice, Quot.sound]
2026-09-26T08:01:17.9884390Z info: OIBridge/QuantumRepresentationT3.lean:231:0: 'OIBridge.QuantumRepresentation.permData_born' depends on axioms: [propext, Classical.choice, Quot.sound]
2026-09-26T08:01:17.9885402Z info: OIBridge/QuantumRepresentationT3.lean:232:0: 'OIBridge.QuantumRepresentation.permData_bornPow' depends on axioms: [propext, Classical.choice, Quot.sound]
2026-09-26T08:01:17.9886424Z info: OIBridge/QuantumRepresentationT3.lean:233:0: 'OIBridge.QuantumRepresentation.permData_rootMass' depends on axioms: [propext, Classical.choice, Quot.sound]
2026-09-26T08:01:17.9887536Z info: OIBridge/QuantumRepresentationT3.lean:234:0: 'OIBridge.QuantumRepresentation.permData_positiveRootMass' depends on axioms: [propext, Classical.choice, Quot.sound]
2026-09-26T08:01:17.9888530Z info: OIBridge/QuantumRepresentationT3.lean:235:0: 'OIBridge.QuantumRepresentation.permData_isLaw' depends on axioms: [propext, Classical.choice, Quot.sound]
2026-09-26T08:01:17.9889518Z info: OIBridge/QuantumRepresentationT3.lean:236:0: 'OIBridge.QuantumRepresentation.permData_rooted' depends on axioms: [propext, Classical.choice, Quot.sound]
2026-09-26T08:01:17.9890599Z info: OIBridge/QuantumRepresentationT3.lean:237:0: 'OIBridge.QuantumRepresentation.qStar_of_rootedRealization' depends on axioms: [propext, Classical.choice, Quot.sound]
2026-09-26T08:01:17.9891517Z info: OIBridge/QuantumRepresentationT3.lean:238:0: 'OIBridge.QuantumRepresentation.qStar_of_finiteRootedRealizable' depends on axioms: [propext,
2026-09-26T08:01:17.9891693Z  Classical.choice,
2026-09-26T08:01:17.9891859Z  Quot.sound]
2026-09-26T08:01:17.9892876Z info: OIBridge/QuantumRepresentationT3.lean:239:0: 'OIBridge.QuantumRepresentation.qStar_of_pper' depends on axioms: [propext, Classical.choice, Quot.sound]
2026-09-26T08:01:17.9894138Z info: OIBridge/QuantumRepresentationT3.lean:240:0: 'OIBridge.QuantumRepresentation.qStar_inclusion_iff_nonempty' depends on axioms: [propext, Classical.choice, Quot.sound]
2026-09-26T08:01:17.9894509Z ⚠ [3565/3599] Replayed OIBridge.OperationalSourcing
2026-09-26T08:01:17.9895166Z warning: OIBridge/OperationalSourcing.lean:529:2: `push_neg` has been deprecated. Prefer using `push Not` instead.
2026-09-26T08:01:17.9895630Z If you'd rather continue using `push_neg` in your project, you can implement it as follows:
2026-09-26T08:01:17.9895803Z ```
2026-09-26T08:01:17.9896028Z open Lean.Parser.Tactic in
2026-09-26T08:01:17.9896325Z macro "push_neg" cfg:optConfig loc:(location)? : tactic =>
2026-09-26T08:01:17.9896545Z   `(tactic| push $cfg:optConfig Not $[$loc]?)
2026-09-26T08:01:17.9896704Z ```
2026-09-26T08:01:17.9897904Z info: OIBridge/OperationalSourcing.lean:949:0: 'OIBridge.OperationalSourcing.instAvail_congr' depends on axioms: [propext, Classical.choice, Quot.sound]
2026-09-26T08:01:17.9898820Z info: OIBridge/OperationalSourcing.lean:950:0: 'OIBridge.OperationalSourcing.availExt_congr' depends on axioms: [propext, Classical.choice, Quot.sound]
2026-09-26T08:01:17.9899789Z info: OIBridge/OperationalSourcing.lean:951:0: 'OIBridge.OperationalSourcing.availExt_stable_under_arcC' depends on axioms: [propext, Classical.choice, Quot.sound]
2026-09-26T08:01:17.9900642Z info: OIBridge/OperationalSourcing.lean:952:0: 'OIBridge.OperationalSourcing.availExt_unavailable_stable_under_arcC' depends on axioms: [propext,
2026-09-26T08:01:17.9900791Z  Classical.choice,
2026-09-26T08:01:17.9900926Z  Quot.sound]
2026-09-26T08:01:17.9901780Z info: OIBridge/OperationalSourcing.lean:953:0: 'OIBridge.OperationalSourcing.phasesUnavailable_stable_under_arcC' depends on axioms: [propext,
2026-09-26T08:01:17.9901925Z  Classical.choice,
2026-09-26T08:01:17.9902065Z  Quot.sound]
2026-09-26T08:01:17.9903182Z info: OIBridge/OperationalSourcing.lean:954:0: 'OIBridge.OperationalSourcing.permClass_unchanged_by_arcC' depends on axioms: [propext, Classical.choice, Quot.sound]
2026-09-26T08:01:17.9904306Z info: OIBridge/OperationalSourcing.lean:955:0: 'OIBridge.OperationalSourcing.permMatrix_eq_coherent' depends on axioms: [propext, Classical.choice, Quot.sound]
2026-09-26T08:01:17.9905245Z info: OIBridge/OperationalSourcing.lean:956:0: 'OIBridge.OperationalSourcing.permClass_permMatrix'' depends on axioms: [propext, Classical.choice, Quot.sound]
2026-09-26T08:01:17.9906162Z info: OIBridge/OperationalSourcing.lean:957:0: 'OIBridge.OperationalSourcing.permData_U_permClass' depends on axioms: [propext, Classical.choice, Quot.sound]
2026-09-26T08:01:17.9907028Z info: OIBridge/OperationalSourcing.lean:958:0: 'OIBridge.OperationalSourcing.padData_U' depends on axioms: [propext, Classical.choice, Quot.sound]
2026-09-26T08:01:17.9907896Z info: OIBridge/OperationalSourcing.lean:959:0: 'OIBridge.OperationalSourcing.padData_init' depends on axioms: [propext, Classical.choice, Quot.sound]
2026-09-26T08:01:17.9908765Z info: OIBridge/OperationalSourcing.lean:960:0: 'OIBridge.OperationalSourcing.padData_read' depends on axioms: [propext, Classical.choice, Quot.sound]
2026-09-26T08:01:17.9909739Z info: OIBridge/OperationalSourcing.lean:961:0: 'OIBridge.OperationalSourcing.kronecker_mem_unitaryGroup' depends on axioms: [propext, Classical.choice, Quot.sound]
2026-09-26T08:01:17.9910602Z info: OIBridge/OperationalSourcing.lean:962:0: 'OIBridge.OperationalSourcing.padData_born' depends on axioms: [propext, Classical.choice, Quot.sound]
2026-09-26T08:01:17.9911449Z info: OIBridge/OperationalSourcing.lean:963:0: 'OIBridge.OperationalSourcing.sum_ancBorn' depends on axioms: [propext, Classical.choice, Quot.sound]
2026-09-26T08:01:17.9912299Z info: OIBridge/OperationalSourcing.lean:964:0: 'OIBridge.OperationalSourcing.sum_ancPow' depends on axioms: [propext, Classical.choice, Quot.sound]
2026-09-26T08:01:17.9913207Z info: OIBridge/OperationalSourcing.lean:965:0: 'OIBridge.OperationalSourcing.padData_bornPow' depends on axioms: [propext, Classical.choice, Quot.sound]
2026-09-26T08:01:17.9914253Z info: OIBridge/OperationalSourcing.lean:966:0: 'OIBridge.OperationalSourcing.sum_fibre_one' depends on axioms: [propext, Classical.choice, Quot.sound]
2026-09-26T08:01:17.9915106Z info: OIBridge/OperationalSourcing.lean:967:0: 'OIBridge.OperationalSourcing.sum_fibre_two' depends on axioms: [propext, Classical.choice, Quot.sound]
2026-09-26T08:01:17.9916035Z info: OIBridge/OperationalSourcing.lean:968:0: 'OIBridge.OperationalSourcing.padData_rootMass' depends on axioms: [propext, Classical.choice, Quot.sound]
2026-09-26T08:01:17.9916965Z info: OIBridge/OperationalSourcing.lean:969:0: 'OIBridge.OperationalSourcing.padData_jointMass' depends on axioms: [propext, Classical.choice, Quot.sound]
2026-09-26T08:01:17.9917840Z info: OIBridge/OperationalSourcing.lean:970:0: 'OIBridge.OperationalSourcing.padData_rooted' depends on axioms: [propext, Classical.choice, Quot.sound]
2026-09-26T08:01:17.9918872Z info: OIBridge/OperationalSourcing.lean:971:0: 'OIBridge.OperationalSourcing.padData_isLaw' depends on axioms: [propext, Classical.choice, Quot.sound]
2026-09-26T08:01:17.9919833Z info: OIBridge/OperationalSourcing.lean:972:0: 'OIBridge.OperationalSourcing.padData_positiveRootMass' depends on axioms: [propext, Classical.choice, Quot.sound]
2026-09-26T08:01:17.9920746Z info: OIBridge/OperationalSourcing.lean:973:0: 'OIBridge.OperationalSourcing.nonempty_bas_of_isLaw' depends on axioms: [propext, Classical.choice, Quot.sound]
2026-09-26T08:01:17.9921670Z info: OIBridge/OperationalSourcing.lean:974:0: 'OIBridge.OperationalSourcing.exists_ne_zero_of_isLaw' depends on axioms: [propext, Classical.choice, Quot.sound]
2026-09-26T08:01:17.9922624Z info: OIBridge/OperationalSourcing.lean:975:0: 'OIBridge.OperationalSourcing.consequence_nonMonomial' depends on axioms: [propext, Classical.choice, Quot.sound]
2026-09-26T08:01:17.9923879Z info: OIBridge/OperationalSourcing.lean:976:0: 'OIBridge.OperationalSourcing.phaseU_mem_unitaryGroup' depends on axioms: [propext, Classical.choice, Quot.sound]
2026-09-26T08:01:17.9924771Z info: OIBridge/OperationalSourcing.lean:977:0: 'OIBridge.OperationalSourcing.phaseU_rowSum' depends on axioms: [propext, Classical.choice, Quot.sound]
2026-09-26T08:01:17.9925653Z info: OIBridge/OperationalSourcing.lean:978:0: 'OIBridge.OperationalSourcing.smul_ones_apply' depends on axioms: [propext, Classical.choice, Quot.sound]
2026-09-26T08:01:17.9926579Z info: OIBridge/OperationalSourcing.lean:979:0: 'OIBridge.OperationalSourcing.padData_U_mulVec_ones' depends on axioms: [propext, Classical.choice, Quot.sound]
2026-09-26T08:01:17.9927537Z info: OIBridge/OperationalSourcing.lean:980:0: 'OIBridge.OperationalSourcing.consequence_phaseContent' depends on axioms: [propext, Classical.choice, Quot.sound]
2026-09-26T08:01:17.9928419Z info: OIBridge/OperationalSourcing.lean:981:0: 'OIBridge.OperationalSourcing.unitData_isLaw' depends on axioms: [propext, Classical.choice, Quot.sound]
2026-09-26T08:01:17.9929326Z info: OIBridge/OperationalSourcing.lean:982:0: 'OIBridge.OperationalSourcing.unitData_bas_elim' depends on axioms: [propext, Classical.choice, Quot.sound]
2026-09-26T08:01:17.9930247Z info: OIBridge/OperationalSourcing.lean:983:0: 'OIBridge.OperationalSourcing.unitData_sum_collapse' depends on axioms: [propext, Classical.choice, Quot.sound]
2026-09-26T08:01:17.9931182Z info: OIBridge/OperationalSourcing.lean:984:0: 'OIBridge.OperationalSourcing.unitData_bornPow_eq_one' depends on axioms: [propext, Classical.choice, Quot.sound]
2026-09-26T08:01:17.9932083Z info: OIBridge/OperationalSourcing.lean:985:0: 'OIBridge.OperationalSourcing.unitData_rootMass' depends on axioms: [propext, Classical.choice, Quot.sound]
2026-09-26T08:01:17.9933045Z info: OIBridge/OperationalSourcing.lean:986:0: 'OIBridge.OperationalSourcing.unitData_positiveRootMass' depends on axioms: [propext, Classical.choice, Quot.sound]
2026-09-26T08:01:17.9934118Z info: OIBridge/OperationalSourcing.lean:987:0: 'OIBridge.OperationalSourcing.unitData_rooted' depends on axioms: [propext, Classical.choice, Quot.sound]
2026-09-26T08:01:17.9935061Z info: OIBridge/OperationalSourcing.lean:988:0: 'OIBridge.OperationalSourcing.unitFamily_realizable' depends on axioms: [propext, Classical.choice, Quot.sound]
2026-09-26T08:01:17.9935951Z info: OIBridge/OperationalSourcing.lean:989:0: 'OIBridge.OperationalSourcing.reindex_padUnit' depends on axioms: [propext, Classical.choice, Quot.sound]
2026-09-26T08:01:17.9936923Z info: OIBridge/OperationalSourcing.lean:990:0: 'OIBridge.OperationalSourcing.consequence_augmentedAll' depends on axioms: [propext, Classical.choice, Quot.sound]
2026-09-26T08:01:17.9937800Z info: OIBridge/OperationalSourcing.lean:991:0: 'OIBridge.OperationalSourcing.archGen_arch' depends on axioms: [propext, Classical.choice, Quot.sound]
2026-09-26T08:01:17.9938648Z info: OIBridge/OperationalSourcing.lean:992:0: 'OIBridge.OperationalSourcing.archGen_le' depends on axioms: [propext, Classical.choice, Quot.sound]
2026-09-26T08:01:17.9939721Z info: OIBridge/OperationalSourcing.lean:993:0: 'OIBridge.OperationalSourcing.repAugmented_arch' depends on axioms: [propext, Classical.choice, Quot.sound]
2026-09-26T08:01:17.9940684Z info: OIBridge/OperationalSourcing.lean:994:0: 'OIBridge.OperationalSourcing.permClass_le_repAugmented' depends on axioms: [propext, Classical.choice, Quot.sound]
2026-09-26T08:01:17.9941585Z info: OIBridge/OperationalSourcing.lean:995:0: 'OIBridge.OperationalSourcing.archGen_of_isEmpty' depends on axioms: [propext, Classical.choice, Quot.sound]
2026-09-26T08:01:17.9942421Z info: OIBridge/OperationalSourcing.lean:996:0: 'OIBridge.OperationalSourcing.repAugmented_allUnitaries_nonempty' depends on axioms: [propext,
2026-09-26T08:01:17.9942567Z  Classical.choice,
2026-09-26T08:01:17.9942702Z  Quot.sound]
2026-09-26T08:01:17.9943828Z info: OIBridge/OperationalSourcing.lean:997:0: 'OIBridge.OperationalSourcing.repAugmented_allUnitaries' depends on axioms: [propext, Classical.choice, Quot.sound]
2026-09-26T08:01:17.9944985Z info: OIBridge/OperationalSourcing.lean:998:0: 'OIBridge.OperationalSourcing.repAugmented_not_onesFixing' depends on axioms: [propext, Classical.choice, Quot.sound]
2026-09-26T08:01:17.9946009Z info: OIBridge/OperationalSourcing.lean:999:0: 'OIBridge.OperationalSourcing.repAugmented_phasesAvailable' depends on axioms: [propext, Classical.choice, Quot.sound]
2026-09-26T08:01:17.9946860Z info: OIBridge/OperationalSourcing.lean:1000:0: 'OIBridge.OperationalSourcing.repAugmented_everyUnitaryAvailable' depends on axioms: [propext,
2026-09-26T08:01:17.9947005Z  Classical.choice,
2026-09-26T08:01:17.9947141Z  Quot.sound]
2026-09-26T08:01:17.9947959Z info: OIBridge/OperationalSourcing.lean:1001:0: 'OIBridge.OperationalSourcing.arcCWitness_not_phasesAvailable' depends on axioms: [propext,
2026-09-26T08:01:17.9948103Z  Classical.choice,
2026-09-26T08:01:17.9948231Z  Quot.sound]
2026-09-26T08:01:17.9948566Z ⚠ [3566/3599] Replayed OIBridge.CandidateSelection
2026-09-26T08:01:17.9949470Z warning: OIBridge/CandidateSelection.lean:91:0: automatically included section variable(s) unused in theorem `OIBridge.CandidateSelection.bornPow_nonneg`:
2026-09-26T08:01:17.9949603Z   [Fintype V]
2026-09-26T08:01:17.9949747Z   [DecidableEq V]
2026-09-26T08:01:17.9950353Z consider restructuring your `variable` declarations so that the variables are not in scope or explicitly omit them:
2026-09-26T08:01:17.9950554Z   omit [Fintype V] [DecidableEq V] in theorem ...
2026-09-26T08:01:17.9950560Z 
2026-09-26T08:01:17.9950958Z Note: This linter can be disabled with `set_option linter.unusedSectionVars false`
2026-09-26T08:01:17.9951839Z warning: OIBridge/CandidateSelection.lean:104:0: automatically included section variable(s) unused in theorem `OIBridge.CandidateSelection.bornPow_one`:
2026-09-26T08:01:17.9951969Z   [Fintype V]
2026-09-26T08:01:17.9952569Z consider restructuring your `variable` declarations so that the variables are not in scope or explicitly omit them:
2026-09-26T08:01:17.9952745Z   omit [Fintype V] in theorem ...
2026-09-26T08:01:17.9952750Z 
2026-09-26T08:01:17.9953132Z Note: This linter can be disabled with `set_option linter.unusedSectionVars false`
2026-09-26T08:01:17.9954262Z warning: OIBridge/CandidateSelection.lean:153:0: automatically included section variable(s) unused in theorem `OIBridge.CandidateSelection.initWeight_admissible`:
2026-09-26T08:01:17.9954403Z   [Fintype V]
2026-09-26T08:01:17.9954997Z consider restructuring your `variable` declarations so that the variables are not in scope or explicitly omit them:
2026-09-26T08:01:17.9955156Z   omit [Fintype V] in theorem ...
2026-09-26T08:01:17.9955163Z 
2026-09-26T08:01:17.9955548Z Note: This linter can be disabled with `set_option linter.unusedSectionVars false`
2026-09-26T08:01:17.9956512Z warning: OIBridge/CandidateSelection.lean:168:0: automatically included section variable(s) unused in theorem `OIBridge.CandidateSelection.uniformWeight_admissible`:
2026-09-26T08:01:17.9956647Z   [Fintype V]
2026-09-26T08:01:17.9957400Z consider restructuring your `variable` declarations so that the variables are not in scope or explicitly omit them:
2026-09-26T08:01:17.9957559Z   omit [Fintype V] in theorem ...
2026-09-26T08:01:17.9957565Z 
2026-09-26T08:01:17.9957950Z Note: This linter can be disabled with `set_option linter.unusedSectionVars false`
2026-09-26T08:01:17.9958349Z warning: OIBridge/CandidateSelection.lean:261:52: This simp argument is unused:
2026-09-26T08:01:17.9958513Z   Matrix.conjTranspose_apply
2026-09-26T08:01:17.9958519Z 
2026-09-26T08:01:17.9958700Z Hint: Omit it from the simp argument list.
2026-09-26T08:01:17.9959025Z   [apply] simp [Matrix.mul_apply, Fin.sum_univ_three, Matrix.one_apply]
2026-09-26T08:01:17.9959031Z 
2026-09-26T08:01:17.9959394Z Note: This linter can be disabled with `set_option linter.unusedSimpArgs false`
2026-09-26T08:01:17.9959785Z warning: OIBridge/CandidateSelection.lean:261:80: This simp argument is unused:
2026-09-26T08:01:17.9959927Z   Matrix.one_apply
2026-09-26T08:01:17.9959938Z 
2026-09-26T08:01:17.9960110Z Hint: Omit it from the simp argument list.
2026-09-26T08:01:17.9960679Z   [apply] simp [Matrix.mul_apply, Fin.sum_univ_three, Matrix.conjTranspose_apply]
2026-09-26T08:01:17.9960686Z 
2026-09-26T08:01:17.9961057Z Note: This linter can be disabled with `set_option linter.unusedSimpArgs false`
2026-09-26T08:01:17.9962077Z warning: OIBridge/CandidateSelection.lean:320:0: automatically included section variable(s) unused in theorem `OIBridge.CandidateSelection.candidateOf_initWeight_eq_rooted`:
2026-09-26T08:01:17.9962212Z   [Fintype V]
2026-09-26T08:01:17.9962811Z consider restructuring your `variable` declarations so that the variables are not in scope or explicitly omit them:
2026-09-26T08:01:17.9962965Z   omit [Fintype V] in theorem ...
2026-09-26T08:01:17.9962970Z 
2026-09-26T08:01:17.9963354Z Note: This linter can be disabled with `set_option linter.unusedSectionVars false`
2026-09-26T08:01:17.9964035Z warning: OIBridge/CandidateSelection.lean:320:58: Variable name `hQ` is not explicitly referenced.
2026-09-26T08:01:17.9964048Z 
2026-09-26T08:01:17.9964773Z Hint: The binding can be removed (if unused) or named `_` (if used implicitly). Alternatively, prefix the name with `_` to silence this warning:
2026-09-26T08:01:17.9964975Z   [apply] _hQ
2026-09-26T08:01:17.9964981Z 
2026-09-26T08:01:17.9965356Z Note: This linter can be disabled with `set_option linter.unusedVariables false`
2026-09-26T08:01:17.9965859Z warning: OIBridge/CandidateSelection.lean:320:73: Variable name `hP` is not explicitly referenced.
2026-09-26T08:01:17.9965864Z 
2026-09-26T08:01:17.9966577Z Hint: The binding can be removed (if unused) or named `_` (if used implicitly). Alternatively, prefix the name with `_` to silence this warning:
2026-09-26T08:01:17.9966712Z   [apply] _hP
2026-09-26T08:01:17.9966718Z 
2026-09-26T08:01:17.9967076Z Note: This linter can be disabled with `set_option linter.unusedVariables false`
2026-09-26T08:01:17.9967666Z warning: OIBridge/CandidateSelection.lean:444:4: `push_neg` has been deprecated. Prefer using `push Not` instead.
2026-09-26T08:01:17.9968098Z If you'd rather continue using `push_neg` in your project, you can implement it as follows:
2026-09-26T08:01:17.9968217Z ```
2026-09-26T08:01:17.9968380Z open Lean.Parser.Tactic in
2026-09-26T08:01:17.9968631Z macro "push_neg" cfg:optConfig loc:(location)? : tactic =>
2026-09-26T08:01:17.9968814Z   `(tactic| push $cfg:optConfig Not $[$loc]?)
2026-09-26T08:01:17.9968941Z ```
2026-09-26T08:01:17.9969866Z info: OIBridge/CandidateSelection.lean:460:0: 'OIBridge.CandidateSelection.initWeight_admissible' depends on axioms: [propext, Classical.choice, Quot.sound]
2026-09-26T08:01:17.9970820Z info: OIBridge/CandidateSelection.lean:461:0: 'OIBridge.CandidateSelection.uniformWeight_admissible' depends on axioms: [propext, Classical.choice, Quot.sound]
2026-09-26T08:01:17.9971796Z info: OIBridge/CandidateSelection.lean:462:0: 'OIBridge.CandidateSelection.candidateOf_isRowStochastic' depends on axioms: [propext, Classical.choice, Quot.sound]
2026-09-26T08:01:17.9972904Z info: OIBridge/CandidateSelection.lean:463:0: 'OIBridge.CandidateSelection.candidate_rules_disagree' depends on axioms: [propext, Classical.choice, Quot.sound]
2026-09-26T08:01:17.9973873Z info: OIBridge/CandidateSelection.lean:464:0: 'OIBridge.CandidateSelection.candidateOf_initWeight_eq_rooted' depends on axioms: [propext,
2026-09-26T08:01:17.9974026Z  Classical.choice,
2026-09-26T08:01:17.9974163Z  Quot.sound]
2026-09-26T08:01:17.9974993Z info: OIBridge/CandidateSelection.lean:465:0: 'OIBridge.CandidateSelection.candidateOf_uniformWeight_padData_eq' depends on axioms: [propext,
2026-09-26T08:01:17.9975138Z  Classical.choice,
2026-09-26T08:01:17.9975264Z  Quot.sound]
2026-09-26T08:01:17.9976188Z info: OIBridge/CandidateSelection.lean:466:0: 'OIBridge.CandidateSelection.admissible_nonUnique' depends on axioms: [propext, Classical.choice, Quot.sound]
2026-09-26T08:01:17.9976499Z ℹ [3567/3599] Replayed OIBridge.BarandesTuple
2026-09-26T08:01:17.9977364Z info: OIBridge/BarandesTuple.lean:560:0: 'OIBridge.BarandesTupleRound.transpose_nonneg' depends on axioms: [propext, Classical.choice, Quot.sound]
2026-09-26T08:01:17.9978368Z info: OIBridge/BarandesTuple.lean:561:0: 'OIBridge.BarandesTupleRound.transpose_le_one' depends on axioms: [propext, Classical.choice, Quot.sound]
2026-09-26T08:01:17.9979285Z info: OIBridge/BarandesTuple.lean:562:0: 'OIBridge.BarandesTupleRound.transpose_isColStochastic' depends on axioms: [propext, Classical.choice, Quot.sound]
2026-09-26T08:01:17.9980108Z info: OIBridge/BarandesTuple.lean:563:0: 'OIBridge.BarandesTupleRound.transpose_zero' depends on axioms: [propext, Classical.choice, Quot.sound]
2026-09-26T08:01:17.9980899Z info: OIBridge/BarandesTuple.lean:564:0: 'OIBridge.BarandesTupleRound.tupleP_zero' depends on axioms: [propext, Classical.choice, Quot.sound]
2026-09-26T08:01:17.9981715Z info: OIBridge/BarandesTuple.lean:565:0: 'OIBridge.BarandesTupleRound.tupleP_nonneg' depends on axioms: [propext, Classical.choice, Quot.sound]
2026-09-26T08:01:17.9982516Z info: OIBridge/BarandesTuple.lean:566:0: 'OIBridge.BarandesTupleRound.tupleP_sum' depends on axioms: [propext, Classical.choice, Quot.sound]
2026-09-26T08:01:17.9983317Z info: OIBridge/BarandesTuple.lean:567:0: 'OIBridge.BarandesTupleRound.tupleP_le_one' depends on axioms: [propext, Classical.choice, Quot.sound]
2026-09-26T08:01:17.9984323Z info: OIBridge/BarandesTuple.lean:568:0: 'OIBridge.BarandesTupleRound.tupleP_init_sum' depends on axioms: [propext, Classical.choice, Quot.sound]
2026-09-26T08:01:17.9985134Z info: OIBridge/BarandesTuple.lean:569:0: 'OIBridge.BarandesTupleRound.tupleP_marg' depends on axioms: [propext, Classical.choice, Quot.sound]
2026-09-26T08:01:17.9986059Z info: OIBridge/BarandesTuple.lean:570:0: 'OIBridge.BarandesTupleRound.singletonDivisible_of_pper' depends on axioms: [propext, Classical.choice, Quot.sound]
2026-09-26T08:01:17.9986921Z info: OIBridge/BarandesTuple.lean:571:0: 'OIBridge.BarandesTupleRound.collapsing_witness' depends on axioms: [propext, Classical.choice, Quot.sound]
2026-09-26T08:01:17.9987805Z info: OIBridge/BarandesTuple.lean:572:0: 'OIBridge.BarandesTupleRound.singletonDivisible_independent_of_pdivisible' depends on axioms: [propext,
2026-09-26T08:01:17.9987947Z  Classical.choice,
2026-09-26T08:01:17.9988087Z  Quot.sound]
2026-09-26T08:01:17.9988983Z info: OIBridge/BarandesTuple.lean:573:0: 'OIBridge.BarandesTupleRound.barandesTupleOfPPer' depends on axioms: [propext, Classical.choice, Quot.sound]
2026-09-26T08:01:17.9989822Z info: OIBridge/BarandesTuple.lean:574:0: 'OIBridge.BarandesTupleRound.decl_carrier_finite' depends on axioms: [propext, Classical.choice, Quot.sound]
2026-09-26T08:01:17.9990645Z info: OIBridge/BarandesTuple.lean:575:0: 'OIBridge.BarandesTupleRound.decl_init_eq_zero' depends on axioms: [propext, Classical.choice, Quot.sound]
2026-09-26T08:01:17.9991396Z info: OIBridge/BarandesTuple.lean:576:0: 'OIBridge.BarandesTupleRound.decl_T0_singleton_containing_init' depends on axioms: [propext,
2026-09-26T08:01:17.9991535Z  Classical.choice,
2026-09-26T08:01:17.9991838Z  Quot.sound]
2026-09-26T08:01:17.9992673Z info: OIBridge/BarandesTuple.lean:577:0: 'OIBridge.BarandesTupleRound.decl_alg_maximal' depends on axioms: [propext, Classical.choice, Quot.sound]
2026-09-26T08:01:17.9993811Z info: OIBridge/BarandesTuple.lean:578:0: 'OIBridge.BarandesTupleRound.rootedRealization_instantiates' depends on axioms: [propext, Classical.choice, Quot.sound]
2026-09-26T08:01:17.9994705Z info: OIBridge/BarandesTuple.lean:579:0: 'OIBridge.BarandesTupleRound.unistochastic_isRowStochastic_and_isColStochastic' depends on axioms: [propext,
2026-09-26T08:01:17.9994852Z  Classical.choice,
2026-09-26T08:01:17.9994980Z  Quot.sound]
2026-09-26T08:01:17.9995738Z info: OIBridge/BarandesTuple.lean:580:0: 'OIBridge.BarandesTupleRound.collapsed_slice_not_unistochastic' depends on axioms: [propext,
2026-09-26T08:01:17.9995886Z  Classical.choice,
2026-09-26T08:01:17.9996011Z  Quot.sound]
2026-09-26T08:01:17.9996864Z info: OIBridge/BarandesTuple.lean:581:0: 'OIBridge.BarandesTupleRound.offDirectBranch' depends on axioms: [propext, Classical.choice, Quot.sound]
2026-09-26T08:01:17.9997853Z info: OIBridge/BarandesTuple.lean:582:0: 'OIBridge.BarandesTupleRound.not_directBranch' depends on axioms: [propext, Classical.choice, Quot.sound]
2026-09-26T08:01:17.9998785Z info: OIBridge/BarandesTuple.lean:583:0: 'OIBridge.BarandesTupleRound.offDirectBranch_realization' depends on axioms: [propext, Classical.choice, Quot.sound]
2026-09-26T08:01:17.9999097Z ℹ [3568/3599] Replayed OIBridge.ContinuousExtension
2026-09-26T08:01:18.0000045Z info: OIBridge/ContinuousExtension.lean:548:0: 'OIBridge.ContinuousExtension.restriction_of_extends' depends on axioms: [propext, Classical.choice, Quot.sound]
2026-09-26T08:01:18.0000912Z info: OIBridge/ContinuousExtension.lean:549:0: 'OIBridge.ContinuousExtension.extends_apply' depends on axioms: [propext, Classical.choice, Quot.sound]
2026-09-26T08:01:18.0001778Z info: OIBridge/ContinuousExtension.lean:550:0: 'OIBridge.ContinuousExtension.extends_root' depends on axioms: [propext, Classical.choice, Quot.sound]
2026-09-26T08:01:18.0002768Z info: OIBridge/ContinuousExtension.lean:551:0: 'OIBridge.ContinuousExtension.isRowStochastic_restrict' depends on axioms: [propext, Classical.choice, Quot.sound]
2026-09-26T08:01:18.0003857Z info: OIBridge/ContinuousExtension.lean:552:0: 'OIBridge.ContinuousExtension.isRowStochastic_one' depends on axioms: [propext, Classical.choice, Quot.sound]
2026-09-26T08:01:18.0004812Z info: OIBridge/ContinuousExtension.lean:553:0: 'OIBridge.ContinuousExtension.isRowStochastic_convex' depends on axioms: [propext, Classical.choice, Quot.sound]
2026-09-26T08:01:18.0005673Z info: OIBridge/ContinuousExtension.lean:554:0: 'OIBridge.ContinuousExtension.cos_nat_mul_pi' depends on axioms: [propext, Classical.choice, Quot.sound]
2026-09-26T08:01:18.0006609Z info: OIBridge/ContinuousExtension.lean:555:0: 'OIBridge.ContinuousExtension.weight_mem_unitInterval' depends on axioms: [propext, Classical.choice, Quot.sound]
2026-09-26T08:01:18.0007522Z info: OIBridge/ContinuousExtension.lean:556:0: 'OIBridge.ContinuousExtension.weight_continuous' depends on axioms: [propext, Classical.choice, Quot.sound]
2026-09-26T08:01:18.0008383Z info: OIBridge/ContinuousExtension.lean:557:0: 'OIBridge.ContinuousExtension.weight_pi_nat' depends on axioms: [propext, Classical.choice, Quot.sound]
2026-09-26T08:01:18.0009267Z info: OIBridge/ContinuousExtension.lean:558:0: 'OIBridge.ContinuousExtension.weight_twoPi_nat' depends on axioms: [propext, Classical.choice, Quot.sound]
2026-09-26T08:01:18.0010181Z info: OIBridge/ContinuousExtension.lean:559:0: 'OIBridge.ContinuousExtension.weight_twoPi_half' depends on axioms: [propext, Classical.choice, Quot.sound]
2026-09-26T08:01:18.0011119Z info: OIBridge/ContinuousExtension.lean:560:0: 'OIBridge.ContinuousExtension.interp_rowStochastic' depends on axioms: [propext, Classical.choice, Quot.sound]
2026-09-26T08:01:18.0012038Z info: OIBridge/ContinuousExtension.lean:561:0: 'OIBridge.ContinuousExtension.interp_continuous' depends on axioms: [propext, Classical.choice, Quot.sound]
2026-09-26T08:01:18.0013186Z info: OIBridge/ContinuousExtension.lean:562:0: 'OIBridge.ContinuousExtension.extension_not_unique_visible' depends on axioms: [propext, Classical.choice, Quot.sound]
2026-09-26T08:01:18.0014282Z info: OIBridge/ContinuousExtension.lean:563:0: 'OIBridge.ContinuousExtension.regionLimit_analogue_has_equal_visible_shadows' depends on axioms: [propext,
2026-09-26T08:01:18.0014433Z  Classical.choice,
2026-09-26T08:01:18.0014564Z  Quot.sound]
2026-09-26T08:01:18.0015406Z info: OIBridge/ContinuousExtension.lean:564:0: 'OIBridge.ContinuousExtension.collapsingSlice_isRowStochastic' depends on axioms: [propext,
2026-09-26T08:01:18.0015554Z  Classical.choice,
2026-09-26T08:01:18.0015685Z  Quot.sound]
2026-09-26T08:01:18.0016700Z info: OIBridge/ContinuousExtension.lean:565:0: 'OIBridge.ContinuousExtension.collapsingSlice_of_extends' depends on axioms: [propext, Classical.choice, Quot.sound]
2026-09-26T08:01:18.0017716Z info: OIBridge/ContinuousExtension.lean:566:0: 'OIBridge.ContinuousExtension.screening_continuous_extension' depends on axioms: [propext, Classical.choice, Quot.sound]
2026-09-26T08:01:18.0018787Z info: OIBridge/ContinuousExtension.lean:567:0: 'OIBridge.ContinuousExtension.screening_extension_nonunistochastic_slice' depends on axioms: [propext,
2026-09-26T08:01:18.0018943Z  Classical.choice,
2026-09-26T08:01:18.0019072Z  Quot.sound]
2026-09-26T08:01:18.0020082Z info: OIBridge/ContinuousExtension.lean:568:0: 'OIBridge.ContinuousExtension.sourceAAdmissible_of_extends' depends on axioms: [propext, Classical.choice, Quot.sound]
2026-09-26T08:01:18.0021060Z info: OIBridge/ContinuousExtension.lean:569:0: 'OIBridge.ContinuousExtension.fn11_output_unistochastic' depends on axioms: [propext, Classical.choice, Quot.sound]
2026-09-26T08:01:18.0021903Z info: OIBridge/ContinuousExtension.lean:570:0: 'OIBridge.ContinuousExtension.fn11_not_applicable_to_frozen_witness' depends on axioms: [propext,
2026-09-26T08:01:18.0022053Z  Classical.choice,
2026-09-26T08:01:18.0022196Z  Quot.sound]
2026-09-26T08:01:18.0023197Z info: OIBridge/ContinuousExtension.lean:571:0: 'OIBridge.ContinuousExtension.compatible_theta_nonunitary' depends on axioms: [propext, Classical.choice, Quot.sound]
2026-09-26T08:01:18.0024270Z info: OIBridge/ContinuousExtension.lean:572:0: 'OIBridge.ContinuousExtension.admissible_offDirect_continuous_extension' depends on axioms: [propext,
2026-09-26T08:01:18.0024422Z  Classical.choice,
2026-09-26T08:01:18.0024549Z  Quot.sound]
2026-09-26T08:01:18.0024837Z ℹ [3569/3599] Replayed OIBridge.DilationChoice
2026-09-26T08:01:18.0025728Z info: OIBridge/DilationChoice.lean:692:0: 'OIBridge.DilationChoice.readback_isColStochastic' depends on axioms: [propext, Classical.choice, Quot.sound]
2026-09-26T08:01:18.0026546Z info: OIBridge/DilationChoice.lean:693:0: 'OIBridge.DilationChoice.readback_relabel' depends on axioms: [propext, Classical.choice, Quot.sound]
2026-09-26T08:01:18.0027414Z info: OIBridge/DilationChoice.lean:694:0: 'OIBridge.DilationChoice.readback_of_admissible' depends on axioms: [propext, Classical.choice, Quot.sound]
2026-09-26T08:01:18.0028210Z info: OIBridge/DilationChoice.lean:695:0: 'OIBridge.DilationChoice.kronecker_admissible_isUnistochastic' depends on axioms: [propext,
2026-09-26T08:01:18.0028353Z  Classical.choice,
2026-09-26T08:01:18.0028493Z  Quot.sound]
2026-09-26T08:01:18.0029404Z info: OIBridge/DilationChoice.lean:696:0: 'OIBridge.DilationChoice.admissible_mul_of_fixes_anchor' depends on axioms: [propext, Classical.choice, Quot.sound]
2026-09-26T08:01:18.0030310Z info: OIBridge/DilationChoice.lean:697:0: 'OIBridge.DilationChoice.permMatrix_mem_unitaryGroup' depends on axioms: [propext, Classical.choice, Quot.sound]
2026-09-26T08:01:18.0031116Z info: OIBridge/DilationChoice.lean:698:0: 'OIBridge.DilationChoice.not_isUnistochastic_of_not_isColStochastic' depends on axioms: [propext,
2026-09-26T08:01:18.0031268Z  Classical.choice,
2026-09-26T08:01:18.0031397Z  Quot.sound]
2026-09-26T08:01:18.0032345Z info: OIBridge/DilationChoice.lean:699:0: 'OIBridge.DilationChoice.isUnistochastic_two_of_symmetric' depends on axioms: [propext, Classical.choice, Quot.sound]
2026-09-26T08:01:18.0033378Z info: OIBridge/DilationChoice.lean:700:0: 'OIBridge.DilationChoice.not_visibleInvariance' depends on axioms: [propext, Classical.choice, Quot.sound]
2026-09-26T08:01:18.0034369Z info: OIBridge/DilationChoice.lean:701:0: 'OIBridge.DilationChoice.permMatrix_apply_eq' depends on axioms: [propext, Classical.choice, Quot.sound]
2026-09-26T08:01:18.0035195Z info: OIBridge/DilationChoice.lean:702:0: 'OIBridge.DilationChoice.sum_indicator_perm' depends on axioms: [propext, Classical.choice, Quot.sound]
2026-09-26T08:01:18.0036068Z info: OIBridge/DilationChoice.lean:703:0: 'OIBridge.DilationChoice.admissible_permMatrix' depends on axioms: [propext, Classical.choice, Quot.sound]
2026-09-26T08:01:18.0036925Z info: OIBridge/DilationChoice.lean:704:0: 'OIBridge.DilationChoice.readback_permMatrix_apply' depends on axioms: [propext, Classical.choice, Quot.sound]
2026-09-26T08:01:18.0037910Z info: OIBridge/DilationChoice.lean:705:0: 'OIBridge.DilationChoice.witnessA_lawful' depends on axioms: [propext, Classical.choice, Quot.sound]
2026-09-26T08:01:18.0038825Z info: OIBridge/DilationChoice.lean:706:0: 'OIBridge.DilationChoice.witnessA_moves_visible_candidate' depends on axioms: [propext, Classical.choice, Quot.sound]
2026-09-26T08:01:18.0039614Z info: OIBridge/DilationChoice.lean:707:0: 'OIBridge.DilationChoice.not_isUnistochastic_of_not_isRowStochastic' depends on axioms: [propext,
2026-09-26T08:01:18.0039759Z  Classical.choice,
2026-09-26T08:01:18.0039905Z  Quot.sound]
2026-09-26T08:01:18.0040748Z info: OIBridge/DilationChoice.lean:708:0: 'OIBridge.DilationChoice.mul_permMatrix_apply' depends on axioms: [propext, Classical.choice, Quot.sound]
2026-09-26T08:01:18.0041691Z info: OIBridge/DilationChoice.lean:709:0: 'OIBridge.DilationChoice.witnessBSlice_isRowStochastic' depends on axioms: [propext, Classical.choice, Quot.sound]
2026-09-26T08:01:18.0042521Z info: OIBridge/DilationChoice.lean:710:0: 'OIBridge.DilationChoice.witnessBSlice_transpose_not_isUnistochastic' depends on axioms: [propext,
2026-09-26T08:01:18.0042680Z  Classical.choice,
2026-09-26T08:01:18.0042826Z  Quot.sound]
2026-09-26T08:01:18.0043837Z info: OIBridge/DilationChoice.lean:711:0: 'OIBridge.DilationChoice.witnessB_lawful' depends on axioms: [propext, Classical.choice, Quot.sound]
2026-09-26T08:01:18.0044636Z info: OIBridge/DilationChoice.lean:712:0: 'OIBridge.DilationChoice.witnessB_admissible_continuous_extension' depends on axioms: [propext,
2026-09-26T08:01:18.0044795Z  Classical.choice,
2026-09-26T08:01:18.0044941Z  Quot.sound]
2026-09-26T08:01:18.0045864Z info: OIBridge/DilationChoice.lean:713:0: 'OIBridge.DilationChoice.witnessB_moves_visible_candidate' depends on axioms: [propext, Classical.choice, Quot.sound]
2026-09-26T08:01:18.0046799Z info: OIBridge/DilationChoice.lean:714:0: 'OIBridge.DilationChoice.dc4_refuted_witnessA' depends on axioms: [propext, Classical.choice, Quot.sound]
2026-09-26T08:01:18.0047718Z info: OIBridge/DilationChoice.lean:715:0: 'OIBridge.DilationChoice.dc4_refuted_witnessB' depends on axioms: [propext, Classical.choice, Quot.sound]
2026-09-26T08:01:18.0048598Z info: OIBridge/DilationChoice.lean:716:0: 'OIBridge.DilationChoice.dc1_runs_on_act8_frozen_object' depends on axioms: [propext, Classical.choice, Quot.sound]
2026-09-26T08:01:18.0048930Z ℹ [3570/3599] Replayed OIBridge.ReadbackRobustness
2026-09-26T08:01:18.0049918Z info: OIBridge/ReadbackRobustness.lean:298:0: 'OIBridge.ReadbackRobustness.admissibleReadback_nonempty' depends on axioms: [propext, Classical.choice, Quot.sound]
2026-09-26T08:01:18.0050714Z info: OIBridge/ReadbackRobustness.lean:299:0: 'OIBridge.ReadbackRobustness.mul_conjTranspose_mem_unitaryGroup' depends on axioms: [propext,
2026-09-26T08:01:18.0050858Z  Classical.choice,
2026-09-26T08:01:18.0050994Z  Quot.sound]
2026-09-26T08:01:18.0051791Z info: OIBridge/ReadbackRobustness.lean:300:0: 'OIBridge.ReadbackRobustness.rb3_forced_on_modulusSquared_unitary' depends on axioms: [propext,
2026-09-26T08:01:18.0052131Z  Classical.choice,
2026-09-26T08:01:18.0052263Z  Quot.sound]
2026-09-26T08:01:18.0053135Z info: OIBridge/ReadbackRobustness.lean:301:0: 'OIBridge.ReadbackRobustness.rb3_of_admissible' depends on axioms: [propext, Classical.choice, Quot.sound]
2026-09-26T08:01:18.0054227Z info: OIBridge/ReadbackRobustness.lean:302:0: 'OIBridge.ReadbackRobustness.preservesDivergence_of_movesVisibleCandidate' depends on axioms: [propext,
2026-09-26T08:01:18.0054373Z  Classical.choice,
2026-09-26T08:01:18.0054501Z  Quot.sound]
2026-09-26T08:01:18.0055341Z info: OIBridge/ReadbackRobustness.lean:303:0: 'OIBridge.ReadbackRobustness.rb1_witnessA' depends on axioms: [propext, Classical.choice, Quot.sound]
2026-09-26T08:01:18.0056176Z info: OIBridge/ReadbackRobustness.lean:304:0: 'OIBridge.ReadbackRobustness.rb1_witnessB' depends on axioms: [propext, Classical.choice, Quot.sound]
2026-09-26T08:01:18.0057041Z info: OIBridge/ReadbackRobustness.lean:305:0: 'OIBridge.ReadbackRobustness.rb3_is_anchorwise' depends on axioms: [propext, Classical.choice, Quot.sound]
2026-09-26T08:01:18.0057565Z ℹ [3571/3599] Replayed OIBridge.AnchorRobustness
2026-09-26T08:01:18.0058384Z info: OIBridge/AnchorRobustness.lean:557:0: 'OIBridge.AnchorRobustness.ab2_iff_not_anchorInvariantDivergence' depends on axioms: [propext,
2026-09-26T08:01:18.0058574Z  Classical.choice,
2026-09-26T08:01:18.0058726Z  Quot.sound]
2026-09-26T08:01:18.0059691Z info: OIBridge/AnchorRobustness.lean:558:0: 'OIBridge.AnchorRobustness.admissible_permMatrix_apply' depends on axioms: [propext, Classical.choice, Quot.sound]
2026-09-26T08:01:18.0060635Z info: OIBridge/AnchorRobustness.lean:559:0: 'OIBridge.AnchorRobustness.one_admissible_at_every_anchor' depends on axioms: [propext, Classical.choice, Quot.sound]
2026-09-26T08:01:18.0061500Z info: OIBridge/AnchorRobustness.lean:560:0: 'OIBridge.AnchorRobustness.jointlyReproducing_iff_anchor_zero_witnessA' depends on axioms: [propext,
2026-09-26T08:01:18.0061646Z  Classical.choice,
2026-09-26T08:01:18.0061785Z  Quot.sound]
2026-09-26T08:01:18.0062626Z info: OIBridge/AnchorRobustness.lean:561:0: 'OIBridge.AnchorRobustness.no_second_jointlyReproducing_anchor_witnessA' depends on axioms: [propext,
2026-09-26T08:01:18.0062770Z  Classical.choice,
2026-09-26T08:01:18.0062894Z  Quot.sound]
2026-09-26T08:01:18.0063967Z info: OIBridge/AnchorRobustness.lean:562:0: 'OIBridge.AnchorRobustness.anchorInvariantDivergence_trivial_witnessA' depends on axioms: [propext,
2026-09-26T08:01:18.0064108Z  Classical.choice,
2026-09-26T08:01:18.0064242Z  Quot.sound]
2026-09-26T08:01:18.0065137Z info: OIBridge/AnchorRobustness.lean:563:0: 'OIBridge.AnchorRobustness.not_ab2_witnessA' depends on axioms: [propext, Classical.choice, Quot.sound]
2026-09-26T08:01:18.0065996Z info: OIBridge/AnchorRobustness.lean:564:0: 'OIBridge.AnchorRobustness.jointlyReproducing_iff_anchor_zero_witnessB' depends on axioms: [propext,
2026-09-26T08:01:18.0066140Z  Classical.choice,
2026-09-26T08:01:18.0066281Z  Quot.sound]
2026-09-26T08:01:18.0067125Z info: OIBridge/AnchorRobustness.lean:565:0: 'OIBridge.AnchorRobustness.no_second_jointlyReproducing_anchor_witnessB' depends on axioms: [propext,
2026-09-26T08:01:18.0067267Z  Classical.choice,
2026-09-26T08:01:18.0067401Z  Quot.sound]
2026-09-26T08:01:18.0068266Z info: OIBridge/AnchorRobustness.lean:566:0: 'OIBridge.AnchorRobustness.anchorInvariantDivergence_trivial_witnessB' depends on axioms: [propext,
2026-09-26T08:01:18.0068406Z  Classical.choice,
2026-09-26T08:01:18.0068538Z  Quot.sound]
2026-09-26T08:01:18.0069358Z info: OIBridge/AnchorRobustness.lean:567:0: 'OIBridge.AnchorRobustness.not_ab2_witnessB' depends on axioms: [propext, Classical.choice, Quot.sound]
2026-09-26T08:01:18.0070221Z info: OIBridge/AnchorRobustness.lean:568:0: 'OIBridge.AnchorRobustness.ab0_on_both_witnesses' depends on axioms: [propext, Classical.choice, Quot.sound]
2026-09-26T08:01:18.0070545Z ⚠ [3572/3599] Replayed OIBridge.CoherentLiftGauge
2026-09-26T08:01:18.0071414Z warning: OIBridge/CoherentLiftGauge.lean:205:0: automatically included section variable(s) unused in theorem `OIBridge.CoherentLiftGauge.card_offAnchor`:
2026-09-26T08:01:18.0071739Z   [DecidableEq V]
2026-09-26T08:01:18.0072348Z consider restructuring your `variable` declarations so that the variables are not in scope or explicitly omit them:
2026-09-26T08:01:18.0072511Z   omit [DecidableEq V] in theorem ...
2026-09-26T08:01:18.0072517Z 
2026-09-26T08:01:18.0072911Z Note: This linter can be disabled with `set_option linter.unusedSectionVars false`
2026-09-26T08:01:18.0073307Z warning: OIBridge/CoherentLiftGauge.lean:699:52: This simp argument is unused:
2026-09-26T08:01:18.0073450Z   Equiv.swap_apply_def
2026-09-26T08:01:18.0073456Z 
2026-09-26T08:01:18.0073787Z Hint: Omit it from the simp argument list.
2026-09-26T08:01:18.0074134Z   [apply] simp +decide [hσ, hρ, Matrix.transpose_apply]
2026-09-26T08:01:18.0074148Z 
2026-09-26T08:01:18.0074513Z Note: This linter can be disabled with `set_option linter.unusedSimpArgs false`
2026-09-26T08:01:18.0075379Z info: OIBridge/CoherentLiftGauge.lean:742:0: 'OIBridge.CoherentLiftGauge.strong_mem_weak' depends on axioms: [propext, Classical.choice, Quot.sound]
2026-09-26T08:01:18.0076457Z info: OIBridge/CoherentLiftGauge.lean:743:0: 'OIBridge.CoherentLiftGauge.weak_anchor_coeff_norm_one' depends on axioms: [propext, Classical.choice, Quot.sound]
2026-09-26T08:01:18.0077431Z info: OIBridge/CoherentLiftGauge.lean:744:0: 'OIBridge.CoherentLiftGauge.strong_column_offAnchor_eq_zero' depends on axioms: [propext, Classical.choice, Quot.sound]
2026-09-26T08:01:18.0078226Z info: OIBridge/CoherentLiftGauge.lean:745:0: 'OIBridge.CoherentLiftGauge.strong_eq_one_of_ancilla_subsingleton' depends on axioms: [propext,
2026-09-26T08:01:18.0078371Z  Classical.choice,
2026-09-26T08:01:18.0078500Z  Quot.sound]
2026-09-26T08:01:18.0079337Z info: OIBridge/CoherentLiftGauge.lean:746:0: 'OIBridge.CoherentLiftGauge.card_offAnchor' depends on axioms: [propext, Classical.choice, Quot.sound]
2026-09-26T08:01:18.0080152Z info: OIBridge/CoherentLiftGauge.lean:747:0: 'OIBridge.CoherentLiftGauge.conjTranspose_mul_mem_unitaryGroup' depends on axioms: [propext,
2026-09-26T08:01:18.0080303Z  Classical.choice,
2026-09-26T08:01:18.0080440Z  Quot.sound]
2026-09-26T08:01:18.0081272Z info: OIBridge/CoherentLiftGauge.lean:748:0: 'OIBridge.CoherentLiftGauge.gaugeRelated_strong_iff_agree_on_anchor' depends on axioms: [propext,
2026-09-26T08:01:18.0081416Z  Classical.choice,
2026-09-26T08:01:18.0081546Z  Quot.sound]
2026-09-26T08:01:18.0082462Z info: OIBridge/CoherentLiftGauge.lean:749:0: 'OIBridge.CoherentLiftGauge.weak_preserves_admissible' depends on axioms: [propext, Classical.choice, Quot.sound]
2026-09-26T08:01:18.0083354Z info: OIBridge/CoherentLiftGauge.lean:750:0: 'OIBridge.CoherentLiftGauge.permMatrix_mul_apply' depends on axioms: [propext, Classical.choice, Quot.sound]
2026-09-26T08:01:18.0084337Z info: OIBridge/CoherentLiftGauge.lean:751:0: 'OIBridge.CoherentLiftGauge.weak_of_preserves_every_admissible' depends on axioms: [propext,
2026-09-26T08:01:18.0084493Z  Classical.choice,
2026-09-26T08:01:18.0084636Z  Quot.sound]
2026-09-26T08:01:18.0085502Z info: OIBridge/CoherentLiftGauge.lean:752:0: 'OIBridge.CoherentLiftGauge.visible_marginal_eq_one_of_visible_subsingleton' depends on axioms: [propext,
2026-09-26T08:01:18.0085641Z  Classical.choice,
2026-09-26T08:01:18.0085772Z  Quot.sound]
2026-09-26T08:01:18.0086629Z info: OIBridge/CoherentLiftGauge.lean:753:0: 'OIBridge.CoherentLiftGauge.all_preserve_admissible_of_visible_subsingleton' depends on axioms: [propext,
2026-09-26T08:01:18.0086765Z  Classical.choice,
2026-09-26T08:01:18.0086897Z  Quot.sound]
2026-09-26T08:01:18.0087693Z info: OIBridge/CoherentLiftGauge.lean:754:0: 'OIBridge.CoherentLiftGauge.gl3_constant_gauge_preserves_relative' depends on axioms: [propext,
2026-09-26T08:01:18.0087830Z  Classical.choice,
2026-09-26T08:01:18.0087964Z  Quot.sound]
2026-09-26T08:01:18.0088846Z info: OIBridge/CoherentLiftGauge.lean:755:0: 'OIBridge.CoherentLiftGauge.forced_gauge_witnessB' depends on axioms: [propext, Classical.choice, Quot.sound]
2026-09-26T08:01:18.0089875Z info: OIBridge/CoherentLiftGauge.lean:756:0: 'OIBridge.CoherentLiftGauge.forced_gauge_perm' depends on axioms: [propext, Classical.choice, Quot.sound]
2026-09-26T08:01:18.0090832Z info: OIBridge/CoherentLiftGauge.lean:757:0: 'OIBridge.CoherentLiftGauge.forced_gauge_witnessA_is_strong' depends on axioms: [propext, Classical.choice, Quot.sound]
2026-09-26T08:01:18.0091654Z info: OIBridge/CoherentLiftGauge.lean:758:0: 'OIBridge.CoherentLiftGauge.gl2_strong_gauge_moves_relative_candidate' depends on axioms: [propext,
2026-09-26T08:01:18.0091794Z  Classical.choice,
2026-09-26T08:01:18.0091933Z  Quot.sound]
2026-09-26T08:01:18.0092710Z info: OIBridge/CoherentLiftGauge.lean:759:0: 'OIBridge.CoherentLiftGauge.gi2_lifts_not_weakly_gauge_related' depends on axioms: [propext,
2026-09-26T08:01:18.0092860Z  Classical.choice,
2026-09-26T08:01:18.0093003Z  Quot.sound]
2026-09-26T08:01:18.0093283Z ℹ [3573/3599] Replayed OIBridge.TwoSidedGauge
2026-09-26T08:01:18.0094291Z info: OIBridge/TwoSidedGauge.lean:1146:0: 'OIBridge.TwoSidedGauge.fibreGram_apply' depends on axioms: [propext, Classical.choice, Quot.sound]
2026-09-26T08:01:18.0095306Z info: OIBridge/TwoSidedGauge.lean:1147:0: 'OIBridge.TwoSidedGauge.star_mul_self_eq_norm_sq' depends on axioms: [propext, Classical.choice, Quot.sound]
2026-09-26T08:01:18.0096112Z info: OIBridge/TwoSidedGauge.lean:1148:0: 'OIBridge.TwoSidedGauge.fibreGram_diag' depends on axioms: [propext, Classical.choice, Quot.sound]
2026-09-26T08:01:18.0097003Z info: OIBridge/TwoSidedGauge.lean:1149:0: 'OIBridge.TwoSidedGauge.fibreGram_diag_of_admissible' depends on axioms: [propext, Classical.choice, Quot.sound]
2026-09-26T08:01:18.0097839Z info: OIBridge/TwoSidedGauge.lean:1150:0: 'OIBridge.TwoSidedGauge.fibreGram_posSemidef' depends on axioms: [propext, Classical.choice, Quot.sound]
2026-09-26T08:01:18.0098635Z info: OIBridge/TwoSidedGauge.lean:1151:0: 'OIBridge.TwoSidedGauge.fibreGram_rank_le' depends on axioms: [propext, Classical.choice, Quot.sound]
2026-09-26T08:01:18.0099417Z info: OIBridge/TwoSidedGauge.lean:1152:0: 'OIBridge.TwoSidedGauge.sum_fibreGram' depends on axioms: [propext, Classical.choice, Quot.sound]
2026-09-26T08:01:18.0100182Z info: OIBridge/TwoSidedGauge.lean:1153:0: 'OIBridge.TwoSidedGauge.sh1_necessity' depends on axioms: [propext, Classical.choice, Quot.sound]
2026-09-26T08:01:18.0100988Z info: OIBridge/TwoSidedGauge.lean:1154:0: 'OIBridge.TwoSidedGauge.left_mul_submatrix' depends on axioms: [propext, Classical.choice, Quot.sound]
2026-09-26T08:01:18.0101788Z info: OIBridge/TwoSidedGauge.lean:1155:0: 'OIBridge.TwoSidedGauge.left_block_unitary' depends on axioms: [propext, Classical.choice, Quot.sound]
2026-09-26T08:01:18.0102610Z info: OIBridge/TwoSidedGauge.lean:1156:0: 'OIBridge.TwoSidedGauge.fibreGram_left_mul' depends on axioms: [propext, Classical.choice, Quot.sound]
2026-09-26T08:01:18.0103473Z info: OIBridge/TwoSidedGauge.lean:1157:0: 'OIBridge.TwoSidedGauge.left_preserves_admissible' depends on axioms: [propext, Classical.choice, Quot.sound]
2026-09-26T08:01:18.0104470Z info: OIBridge/TwoSidedGauge.lean:1158:0: 'OIBridge.TwoSidedGauge.one_leftFibreGroup' depends on axioms: [propext, Classical.choice, Quot.sound]
2026-09-26T08:01:18.0105221Z info: OIBridge/TwoSidedGauge.lean:1159:0: 'OIBridge.TwoSidedGauge.mul_weak_anchor_col' depends on axioms: [propext, Classical.choice, Quot.sound]
2026-09-26T08:01:18.0106111Z info: OIBridge/TwoSidedGauge.lean:1160:0: 'OIBridge.TwoSidedGauge.fibreGram_mul_weak_apply' depends on axioms: [propext, Classical.choice, Quot.sound]
2026-09-26T08:01:18.0106904Z info: OIBridge/TwoSidedGauge.lean:1161:0: 'OIBridge.TwoSidedGauge.weak_mul' depends on axioms: [propext, Classical.choice, Quot.sound]
2026-09-26T08:01:18.0107558Z info: OIBridge/TwoSidedGauge.lean:1162:0: 'OIBridge.TwoSidedGauge.gramPhaseEquiv_of_twoSided' depends on axioms: [propext, Classical.choice, Quot.sound]
2026-09-26T08:01:18.0108121Z info: OIBridge/TwoSidedGauge.lean:1163:0: 'OIBridge.TwoSidedGauge.twoSidedRelated_of_gaugeRelated_weak' depends on axioms: [propext, Classical.choice, Quot.sound]
2026-09-26T08:01:18.0108782Z info: OIBridge/TwoSidedGauge.lean:1164:0: 'OIBridge.TwoSidedGauge.twoSidedRelated_of_gaugeRelated_strong' depends on axioms: [propext,
2026-09-26T08:01:18.0108878Z  Classical.choice,
2026-09-26T08:01:18.0108963Z  Quot.sound]
2026-09-26T08:01:18.0109487Z info: OIBridge/TwoSidedGauge.lean:1165:0: 'OIBridge.TwoSidedGauge.left_of_preserves_every_admissible' depends on axioms: [propext, Classical.choice, Quot.sound]
2026-09-26T08:01:18.0109911Z info: OIBridge/TwoSidedGauge.lean:1166:0: 'OIBridge.TwoSidedGauge.anchored_entry_eq_zero_of_visible_zero' depends on axioms: [propext,
2026-09-26T08:01:18.0110003Z  Classical.choice,
2026-09-26T08:01:18.0110080Z  Quot.sound]
2026-09-26T08:01:18.0110532Z info: OIBridge/TwoSidedGauge.lean:1167:0: 'OIBridge.TwoSidedGauge.sh1_c1_fibreGram' depends on axioms: [propext, Classical.choice, Quot.sound]
2026-09-26T08:01:18.0110967Z info: OIBridge/TwoSidedGauge.lean:1168:0: 'OIBridge.TwoSidedGauge.posSemidef_apply_eq_zero_of_diag_eq_zero' depends on axioms: [propext,
2026-09-26T08:01:18.0111053Z  Classical.choice,
2026-09-26T08:01:18.0111257Z  Quot.sound]
2026-09-26T08:01:18.0111679Z info: OIBridge/TwoSidedGauge.lean:1169:0: 'OIBridge.TwoSidedGauge.sh1_c1' depends on axioms: [propext, Classical.choice, Quot.sound]
2026-09-26T08:01:18.0112172Z info: OIBridge/TwoSidedGauge.lean:1170:0: 'OIBridge.TwoSidedGauge.fibreGram_of_deterministic' depends on axioms: [propext, Classical.choice, Quot.sound]
2026-09-26T08:01:18.0112616Z info: OIBridge/TwoSidedGauge.lean:1171:0: 'OIBridge.TwoSidedGauge.sh1_c2_at_most_one' depends on axioms: [propext, Classical.choice, Quot.sound]
2026-09-26T08:01:18.0113115Z info: OIBridge/TwoSidedGauge.lean:1172:0: 'OIBridge.TwoSidedGauge.inFibreSwap_leftFibreGroup' depends on axioms: [propext, Classical.choice, Quot.sound]
2026-09-26T08:01:18.0113771Z info: OIBridge/TwoSidedGauge.lean:1173:0: 'OIBridge.TwoSidedGauge.lg1_escape_right_orbit' depends on axioms: [propext, Classical.choice, Quot.sound]
2026-09-26T08:01:18.0114308Z info: OIBridge/TwoSidedGauge.lean:1174:0: 'OIBridge.TwoSidedGauge.ro1_right_only_insufficient' depends on axioms: [propext, Classical.choice, Quot.sound]
2026-09-26T08:01:18.0114789Z info: OIBridge/TwoSidedGauge.lean:1175:0: 'OIBridge.TwoSidedGauge.gi2_pair_twoSidedRelated' depends on axioms: [propext, Classical.choice, Quot.sound]
2026-09-26T08:01:18.0115259Z info: OIBridge/TwoSidedGauge.lean:1176:0: 'OIBridge.TwoSidedGauge.exists_unitary_of_gram_eq' depends on axioms: [propext, Classical.choice, Quot.sound]
2026-09-26T08:01:18.0115723Z info: OIBridge/TwoSidedGauge.lean:1177:0: 'OIBridge.TwoSidedGauge.weak_diagonal_phase' depends on axioms: [propext, Classical.choice, Quot.sound]
2026-09-26T08:01:18.0116213Z info: OIBridge/TwoSidedGauge.lean:1178:0: 'OIBridge.TwoSidedGauge.twoSided_of_gramPhaseEquiv' depends on axioms: [propext, Classical.choice, Quot.sound]
2026-09-26T08:01:18.0116676Z info: OIBridge/TwoSidedGauge.lean:1179:0: 'OIBridge.TwoSidedGauge.twoSided_slice_iff' depends on axioms: [propext, Classical.choice, Quot.sound]
2026-09-26T08:01:18.0117153Z info: OIBridge/TwoSidedGauge.lean:1180:0: 'OIBridge.TwoSidedGauge.twoSidedRelated_iff' depends on axioms: [propext, Classical.choice, Quot.sound]
2026-09-26T08:01:18.0117610Z info: OIBridge/TwoSidedGauge.lean:1181:0: 'OIBridge.TwoSidedGauge.sh1_c2_unique_orbit' depends on axioms: [propext, Classical.choice, Quot.sound]
2026-09-26T08:01:18.0118118Z info: OIBridge/TwoSidedGauge.lean:1182:0: 'OIBridge.TwoSidedGauge.gramPhaseEquiv_cross_invariant' depends on axioms: [propext, Classical.choice, Quot.sound]
2026-09-26T08:01:18.0118584Z info: OIBridge/TwoSidedGauge.lean:1183:0: 'OIBridge.TwoSidedGauge.hadamard_cross_ratio' depends on axioms: [propext, Classical.choice, Quot.sound]
2026-09-26T08:01:18.0119079Z info: OIBridge/TwoSidedGauge.lean:1184:0: 'OIBridge.TwoSidedGauge.hadamard_slices_not_twoSided' depends on axioms: [propext, Classical.choice, Quot.sound]
2026-09-26T08:01:18.0119570Z info: OIBridge/TwoSidedGauge.lean:1185:0: 'OIBridge.TwoSidedGauge.hadamard_lifts_not_twoSided' depends on axioms: [propext, Classical.choice, Quot.sound]
2026-09-26T08:01:18.0120188Z info: OIBridge/TwoSidedGauge.lean:1186:0: 'OIBridge.TwoSidedGauge.posSemidef_factor_of_rank_le' depends on axioms: [propext, Classical.choice, Quot.sound]
2026-09-26T08:01:18.0120637Z info: OIBridge/TwoSidedGauge.lean:1187:0: 'OIBridge.TwoSidedGauge.sh1_sufficiency' depends on axioms: [propext, Classical.choice, Quot.sound]
2026-09-26T08:01:18.0121064Z info: OIBridge/TwoSidedGauge.lean:1188:0: 'OIBridge.TwoSidedGauge.sh1_shape' depends on axioms: [propext, Classical.choice, Quot.sound]
2026-09-26T08:01:18.0121291Z ℹ [3574/3599] Replayed OIBridge.CrossTimeInvariants
2026-09-26T08:01:18.0121809Z info: OIBridge/CrossTimeInvariants.lean:1057:0: 'OIBridge.CrossTimeInvariants.crossGram_apply' depends on axioms: [propext, Classical.choice, Quot.sound]
2026-09-26T08:01:18.0122317Z info: OIBridge/CrossTimeInvariants.lean:1058:0: 'OIBridge.CrossTimeInvariants.crossGram_self' depends on axioms: [propext, Classical.choice, Quot.sound]
2026-09-26T08:01:18.0122960Z info: OIBridge/CrossTimeInvariants.lean:1059:0: 'OIBridge.CrossTimeInvariants.fibreCrossGram_apply' depends on axioms: [propext, Classical.choice, Quot.sound]
2026-09-26T08:01:18.0123438Z info: OIBridge/CrossTimeInvariants.lean:1060:0: 'OIBridge.CrossTimeInvariants.fibreCrossGram_apply_dotProduct' depends on axioms: [propext,
2026-09-26T08:01:18.0123528Z  Classical.choice,
2026-09-26T08:01:18.0123819Z  Quot.sound]
2026-09-26T08:01:18.0124368Z info: OIBridge/CrossTimeInvariants.lean:1061:0: 'OIBridge.CrossTimeInvariants.fibreCrossGram_diag' depends on axioms: [propext, Classical.choice, Quot.sound]
2026-09-26T08:01:18.0124887Z info: OIBridge/CrossTimeInvariants.lean:1062:0: 'OIBridge.CrossTimeInvariants.sum_fibreCrossGram' depends on axioms: [propext, Classical.choice, Quot.sound]
2026-09-26T08:01:18.0125397Z info: OIBridge/CrossTimeInvariants.lean:1063:0: 'OIBridge.CrossTimeInvariants.crossGram_two_sided' depends on axioms: [propext, Classical.choice, Quot.sound]
2026-09-26T08:01:18.0125917Z info: OIBridge/CrossTimeInvariants.lean:1064:0: 'OIBridge.CrossTimeInvariants.crossGram_left_mul' depends on axioms: [propext, Classical.choice, Quot.sound]
2026-09-26T08:01:18.0126433Z info: OIBridge/CrossTimeInvariants.lean:1065:0: 'OIBridge.CrossTimeInvariants.crossGram_mul_right' depends on axioms: [propext, Classical.choice, Quot.sound]
2026-09-26T08:01:18.0126946Z info: OIBridge/CrossTimeInvariants.lean:1066:0: 'OIBridge.CrossTimeInvariants.mul_strong_anchor_col' depends on axioms: [propext, Classical.choice, Quot.sound]
2026-09-26T08:01:18.0127462Z info: OIBridge/CrossTimeInvariants.lean:1067:0: 'OIBridge.CrossTimeInvariants.mul_strong_submatrix' depends on axioms: [propext, Classical.choice, Quot.sound]
2026-09-26T08:01:18.0128031Z info: OIBridge/CrossTimeInvariants.lean:1068:0: 'OIBridge.CrossTimeInvariants.fibreCrossGram_mul_weak_apply' depends on axioms: [propext, Classical.choice, Quot.sound]
2026-09-26T08:01:18.0128494Z info: OIBridge/CrossTimeInvariants.lean:1069:0: 'OIBridge.CrossTimeInvariants.ct3g_fibreCrossGram_strong_right' depends on axioms: [propext,
2026-09-26T08:01:18.0128590Z  Classical.choice,
2026-09-26T08:01:18.0128673Z  Quot.sound]
2026-09-26T08:01:18.0129210Z info: OIBridge/CrossTimeInvariants.lean:1070:0: 'OIBridge.CrossTimeInvariants.ct3g_fibreGram_strong_right' depends on axioms: [propext, Classical.choice, Quot.sound]
2026-09-26T08:01:18.0129662Z info: OIBridge/CrossTimeInvariants.lean:1071:0: 'OIBridge.CrossTimeInvariants.ct3g_anchored_block_strong_right' depends on axioms: [propext,
2026-09-26T08:01:18.0129750Z  Classical.choice,
2026-09-26T08:01:18.0129827Z  Quot.sound]
2026-09-26T08:01:18.0130347Z info: OIBridge/CrossTimeInvariants.lean:1072:0: 'OIBridge.CrossTimeInvariants.constRight_forced' depends on axioms: [propext, Classical.choice, Quot.sound]
2026-09-26T08:01:18.0130859Z info: OIBridge/CrossTimeInvariants.lean:1073:0: 'OIBridge.CrossTimeInvariants.constLeft_forced' depends on axioms: [propext, Classical.choice, Quot.sound]
2026-09-26T08:01:18.0131472Z info: OIBridge/CrossTimeInvariants.lean:1074:0: 'OIBridge.CrossTimeInvariants.ct1_forward' depends on axioms: [propext, Classical.choice, Quot.sound]
2026-09-26T08:01:18.0131962Z info: OIBridge/CrossTimeInvariants.lean:1075:0: 'OIBridge.CrossTimeInvariants.ct1_backward' depends on axioms: [propext, Classical.choice, Quot.sound]
2026-09-26T08:01:18.0132504Z info: OIBridge/CrossTimeInvariants.lean:1076:0: 'OIBridge.CrossTimeInvariants.ct1_relative_iff_constRight' depends on axioms: [propext, Classical.choice, Quot.sound]
2026-09-26T08:01:18.0132984Z info: OIBridge/CrossTimeInvariants.lean:1077:0: 'OIBridge.CrossTimeInvariants.ct2a_forward' depends on axioms: [propext, Classical.choice, Quot.sound]
2026-09-26T08:01:18.0133473Z info: OIBridge/CrossTimeInvariants.lean:1078:0: 'OIBridge.CrossTimeInvariants.ct2a_backward' depends on axioms: [propext, Classical.choice, Quot.sound]
2026-09-26T08:01:18.0134143Z info: OIBridge/CrossTimeInvariants.lean:1079:0: 'OIBridge.CrossTimeInvariants.ct2a_crossGram_iff_constLeft' depends on axioms: [propext, Classical.choice, Quot.sound]
2026-09-26T08:01:18.0134778Z info: OIBridge/CrossTimeInvariants.lean:1080:0: 'OIBridge.CrossTimeInvariants.ct2a_relative_conj' depends on axioms: [propext, Classical.choice, Quot.sound]
2026-09-26T08:01:18.0135270Z info: OIBridge/CrossTimeInvariants.lean:1081:0: 'OIBridge.CrossTimeInvariants.ct2b_backward' depends on axioms: [propext, Classical.choice, Quot.sound]
2026-09-26T08:01:18.0135811Z info: OIBridge/CrossTimeInvariants.lean:1082:0: 'OIBridge.CrossTimeInvariants.exists_unitary_of_inner_eq' depends on axioms: [propext, Classical.choice, Quot.sound]
2026-09-26T08:01:18.0136298Z info: OIBridge/CrossTimeInvariants.lean:1083:0: 'OIBridge.CrossTimeInvariants.ct2b_forward' depends on axioms: [propext, Classical.choice, Quot.sound]
2026-09-26T08:01:18.0136824Z info: OIBridge/CrossTimeInvariants.lean:1084:0: 'OIBridge.CrossTimeInvariants.ct2b_fibreCrossGram_iff' depends on axioms: [propext, Classical.choice, Quot.sound]
2026-09-26T08:01:18.0137560Z info: OIBridge/CrossTimeInvariants.lean:1085:0: 'OIBridge.CrossTimeInvariants.strong_anchored_row' depends on axioms: [propext, Classical.choice, Quot.sound]
2026-09-26T08:01:18.0138118Z info: OIBridge/CrossTimeInvariants.lean:1086:0: 'OIBridge.CrossTimeInvariants.strong_pair_anchored_col' depends on axioms: [propext, Classical.choice, Quot.sound]
2026-09-26T08:01:18.0138594Z info: OIBridge/CrossTimeInvariants.lean:1087:0: 'OIBridge.CrossTimeInvariants.ct3a_gl2_pair_separated_by_crossGram' depends on axioms: [propext,
2026-09-26T08:01:18.0138684Z  Classical.choice,
2026-09-26T08:01:18.0138768Z  Quot.sound]
2026-09-26T08:01:18.0139233Z info: OIBridge/CrossTimeInvariants.lean:1088:0: 'OIBridge.CrossTimeInvariants.ct3b_hadamard_trajectory_control' depends on axioms: [propext,
2026-09-26T08:01:18.0139324Z  Classical.choice,
2026-09-26T08:01:18.0139410Z  Quot.sound]
2026-09-26T08:01:18.0139956Z info: OIBridge/CrossTimeInvariants.lean:1089:0: 'OIBridge.CrossTimeInvariants.ct3c_constant_lift_variant' depends on axioms: [propext, Classical.choice, Quot.sound]
2026-09-26T08:01:18.0140523Z info: OIBridge/CrossTimeInvariants.lean:1090:0: 'OIBridge.CrossTimeInvariants.ct4_constant_left_obstruction' depends on axioms: [propext, Classical.choice, Quot.sound]
2026-09-26T08:01:18.0141017Z info: OIBridge/CrossTimeInvariants.lean:1091:0: 'OIBridge.CrossTimeInvariants.cl1_constant_left_moves_relative_candidate' depends on axioms: [propext,
2026-09-26T08:01:18.0141099Z  Classical.choice,
2026-09-26T08:01:18.0141192Z  Quot.sound]
2026-09-26T08:01:18.0141420Z ⚠ [3575/3599] Replayed OIBridge.ThreadingObservability
2026-09-26T08:01:18.0142001Z warning: OIBridge/ThreadingObservability.lean:191:0: automatically included section variable(s) unused in theorem `OIBridge.ThreadingObservability.crossFibreGram_apply`:
2026-09-26T08:01:18.0142085Z   [Fintype V]
2026-09-26T08:01:18.0142172Z   [DecidableEq V]
2026-09-26T08:01:18.0142251Z   [DecidableEq A]
2026-09-26T08:01:18.0142612Z consider restructuring your `variable` declarations so that the variables are not in scope or explicitly omit them:
2026-09-26T08:01:18.0142930Z   omit [Fintype V] [DecidableEq V] [DecidableEq A] in theorem ...
2026-09-26T08:01:18.0142942Z 
2026-09-26T08:01:18.0143176Z Note: This linter can be disabled with `set_option linter.unusedSectionVars false`
2026-09-26T08:01:18.0143968Z warning: OIBridge/ThreadingObservability.lean:197:0: automatically included section variable(s) unused in theorem `OIBridge.ThreadingObservability.crossFibreGram_diag`:
2026-09-26T08:01:18.0144051Z   [Fintype V]
2026-09-26T08:01:18.0144138Z   [DecidableEq V]
2026-09-26T08:01:18.0144221Z   [DecidableEq A]
2026-09-26T08:01:18.0144569Z consider restructuring your `variable` declarations so that the variables are not in scope or explicitly omit them:
2026-09-26T08:01:18.0144739Z   omit [Fintype V] [DecidableEq V] [DecidableEq A] in theorem ...
2026-09-26T08:01:18.0144744Z 
2026-09-26T08:01:18.0144971Z Note: This linter can be disabled with `set_option linter.unusedSectionVars false`
2026-09-26T08:01:18.0145678Z warning: OIBridge/ThreadingObservability.lean:201:0: automatically included section variable(s) unused in theorem `OIBridge.ThreadingObservability.anchoredChannel_apply`:
2026-09-26T08:01:18.0145775Z   [DecidableEq V]
2026-09-26T08:01:18.0145860Z   [DecidableEq A]
2026-09-26T08:01:18.0146202Z consider restructuring your `variable` declarations so that the variables are not in scope or explicitly omit them:
2026-09-26T08:01:18.0146342Z   omit [DecidableEq V] [DecidableEq A] in theorem ...
2026-09-26T08:01:18.0146346Z 
2026-09-26T08:01:18.0146570Z Note: This linter can be disabled with `set_option linter.unusedSectionVars false`
2026-09-26T08:01:18.0147139Z warning: OIBridge/ThreadingObservability.lean:211:0: automatically included section variable(s) unused in theorem `OIBridge.ThreadingObservability.anchoredChannel_block`:
2026-09-26T08:01:18.0147223Z   [DecidableEq V]
2026-09-26T08:01:18.0147305Z   [Fintype A]
2026-09-26T08:01:18.0147387Z   [DecidableEq A]
2026-09-26T08:01:18.0147731Z consider restructuring your `variable` declarations so that the variables are not in scope or explicitly omit them:
2026-09-26T08:01:18.0147901Z   omit [DecidableEq V] [Fintype A] [DecidableEq A] in theorem ...
2026-09-26T08:01:18.0147904Z 
2026-09-26T08:01:18.0148122Z Note: This linter can be disabled with `set_option linter.unusedSectionVars false`
2026-09-26T08:01:18.0148677Z warning: OIBridge/ThreadingObservability.lean:256:0: automatically included section variable(s) unused in theorem `OIBridge.ThreadingObservability.anchoredCol_gram`:
2026-09-26T08:01:18.0148762Z   [DecidableEq V]
2026-09-26T08:01:18.0148840Z   [DecidableEq A]
2026-09-26T08:01:18.0149183Z consider restructuring your `variable` declarations so that the variables are not in scope or explicitly omit them:
2026-09-26T08:01:18.0149321Z   omit [DecidableEq V] [DecidableEq A] in theorem ...
2026-09-26T08:01:18.0149325Z 
2026-09-26T08:01:18.0149544Z Note: This linter can be disabled with `set_option linter.unusedSectionVars false`
2026-09-26T08:01:18.0149888Z warning: OIBridge/ThreadingObservability.lean:381:47: Variable name `p` is not explicitly referenced.
2026-09-26T08:01:18.0149893Z 
2026-09-26T08:01:18.0150322Z Hint: The binding can be removed (if unused) or named `_` (if used implicitly). Alternatively, prefix the name with `_` to silence this warning:
2026-09-26T08:01:18.0150402Z   [apply] _p
2026-09-26T08:01:18.0150406Z 
2026-09-26T08:01:18.0150633Z Note: This linter can be disabled with `set_option linter.unusedVariables false`
2026-09-26T08:01:18.0150944Z warning: OIBridge/ThreadingObservability.lean:381:49: Variable name `j` is not explicitly referenced.
2026-09-26T08:01:18.0150948Z 
2026-09-26T08:01:18.0151356Z Hint: The binding can be removed (if unused) or named `_` (if used implicitly). Alternatively, prefix the name with `_` to silence this warning:
2026-09-26T08:01:18.0151439Z   [apply] _j
2026-09-26T08:01:18.0151443Z 
2026-09-26T08:01:18.0151664Z Note: This linter can be disabled with `set_option linter.unusedVariables false`
2026-09-26T08:01:18.0152090Z warning: OIBridge/ThreadingObservability.lean:382:8: Variable name `t` is not explicitly referenced.
2026-09-26T08:01:18.0152094Z 
2026-09-26T08:01:18.0152506Z Hint: The binding can be removed (if unused) or named `_` (if used implicitly). Alternatively, prefix the name with `_` to silence this warning:
2026-09-26T08:01:18.0152587Z   [apply] _t
2026-09-26T08:01:18.0152594Z 
2026-09-26T08:01:18.0152802Z Note: This linter can be disabled with `set_option linter.unusedVariables false`
2026-09-26T08:01:18.0153056Z warning: OIBridge/ThreadingObservability.lean:481:72: This simp argument is unused:
2026-09-26T08:01:18.0153151Z   permMatrix_apply_eq
2026-09-26T08:01:18.0153155Z 
2026-09-26T08:01:18.0153263Z Hint: Omit it from the simp argument list.
2026-09-26T08:01:18.0153769Z   [apply] simp +decide [hτ, Fin.sum_univ_two, Matrix.one_apply, Prod.ext_iff, Equiv.swap_apply_def]
2026-09-26T08:01:18.0153774Z 
2026-09-26T08:01:18.0153999Z Note: This linter can be disabled with `set_option linter.unusedSimpArgs false`
2026-09-26T08:01:18.0154370Z warning: OIBridge/ThreadingObservability.lean:490:74: This simp argument is unused:
2026-09-26T08:01:18.0154468Z   permMatrix_apply_eq
2026-09-26T08:01:18.0154472Z 
2026-09-26T08:01:18.0154583Z Hint: Omit it from the simp argument list.
2026-09-26T08:01:18.0154918Z   [apply] simp +decide [hτ, Fin.sum_univ_two, Matrix.one_apply, Prod.ext_iff, Equiv.swap_apply_def]
2026-09-26T08:01:18.0154922Z 
2026-09-26T08:01:18.0155145Z Note: This linter can be disabled with `set_option linter.unusedSimpArgs false`
2026-09-26T08:01:18.0155514Z warning: OIBridge/ThreadingObservability.lean:606:2: `push_neg` has been deprecated. Prefer using `push Not` instead.
2026-09-26T08:01:18.0155764Z If you'd rather continue using `push_neg` in your project, you can implement it as follows:
2026-09-26T08:01:18.0155843Z ```
2026-09-26T08:01:18.0155948Z open Lean.Parser.Tactic in
2026-09-26T08:01:18.0156100Z macro "push_neg" cfg:optConfig loc:(location)? : tactic =>
2026-09-26T08:01:18.0156225Z   `(tactic| push $cfg:optConfig Not $[$loc]?)
2026-09-26T08:01:18.0156306Z ```
2026-09-26T08:01:18.0156663Z warning: OIBridge/ThreadingObservability.lean:613:2: `push_neg` has been deprecated. Prefer using `push Not` instead.
2026-09-26T08:01:18.0156913Z If you'd rather continue using `push_neg` in your project, you can implement it as follows:
2026-09-26T08:01:18.0156985Z ```
2026-09-26T08:01:18.0157085Z open Lean.Parser.Tactic in
2026-09-26T08:01:18.0157236Z macro "push_neg" cfg:optConfig loc:(location)? : tactic =>
2026-09-26T08:01:18.0157345Z   `(tactic| push $cfg:optConfig Not $[$loc]?)
2026-09-26T08:01:18.0157424Z ```
2026-09-26T08:01:18.0158002Z info: OIBridge/ThreadingObservability.lean:929:0: 'OIBridge.ThreadingObservability.crossFibreGram_apply' depends on axioms: [propext, Classical.choice, Quot.sound]
2026-09-26T08:01:18.0158555Z info: OIBridge/ThreadingObservability.lean:930:0: 'OIBridge.ThreadingObservability.crossFibreGram_diag' depends on axioms: [propext, Classical.choice, Quot.sound]
2026-09-26T08:01:18.0159128Z info: OIBridge/ThreadingObservability.lean:931:0: 'OIBridge.ThreadingObservability.anchoredChannel_apply' depends on axioms: [propext, Classical.choice, Quot.sound]
2026-09-26T08:01:18.0159691Z info: OIBridge/ThreadingObservability.lean:932:0: 'OIBridge.ThreadingObservability.anchoredChannel_block' depends on axioms: [propext, Classical.choice, Quot.sound]
2026-09-26T08:01:18.0160257Z info: OIBridge/ThreadingObservability.lean:933:0: 'OIBridge.ThreadingObservability.anchoredChannel_eq_trace' depends on axioms: [propext, Classical.choice, Quot.sound]
2026-09-26T08:01:18.0160783Z info: OIBridge/ThreadingObservability.lean:934:0: 'OIBridge.ThreadingObservability.trace_unit_mul' depends on axioms: [propext, Classical.choice, Quot.sound]
2026-09-26T08:01:18.0161345Z info: OIBridge/ThreadingObservability.lean:935:0: 'OIBridge.ThreadingObservability.anchoredChannel_unit' depends on axioms: [propext, Classical.choice, Quot.sound]
2026-09-26T08:01:18.0162004Z info: OIBridge/ThreadingObservability.lean:936:0: 'OIBridge.ThreadingObservability.anchoredCol_gram' depends on axioms: [propext, Classical.choice, Quot.sound]
2026-09-26T08:01:18.0162551Z info: OIBridge/ThreadingObservability.lean:937:0: 'OIBridge.ThreadingObservability.anchoredCol_isometry' depends on axioms: [propext, Classical.choice, Quot.sound]
2026-09-26T08:01:18.0163085Z info: OIBridge/ThreadingObservability.lean:938:0: 'OIBridge.ThreadingObservability.pq0a_readback_is_diagonal_action' depends on axioms: [propext,
2026-09-26T08:01:18.0163177Z  Classical.choice,
2026-09-26T08:01:18.0163256Z  Quot.sound]
2026-09-26T08:01:18.0164230Z info: OIBridge/ThreadingObservability.lean:939:0: 'OIBridge.ThreadingObservability.pq0b_anchoredChannel_diagonal_is_visible' depends on axioms: [propext,
2026-09-26T08:01:18.0165445Z  Classical.choice,
2026-09-26T08:01:18.0165668Z  Quot.sound]
2026-09-26T08:01:18.0166386Z info: OIBridge/ThreadingObservability.lean:940:0: 'OIBridge.ThreadingObservability.pq0c_anchoredCol_mul_strong' depends on axioms: [propext, Classical.choice, Quot.sound]
2026-09-26T08:01:18.0167708Z info: OIBridge/ThreadingObservability.lean:941:0: 'OIBridge.ThreadingObservability.pq0c_anchoredChannel_mul_strong' depends on axioms: [propext,
2026-09-26T08:01:18.0168391Z  Classical.choice,
2026-09-26T08:01:18.0168599Z  Quot.sound]
2026-09-26T08:01:18.0169198Z info: OIBridge/ThreadingObservability.lean:942:0: 'OIBridge.ThreadingObservability.pq0c_crossFibreGram_mul_strong' depends on axioms: [propext,
2026-09-26T08:01:18.0169869Z  Classical.choice,
2026-09-26T08:01:18.0170069Z  Quot.sound]
2026-09-26T08:01:18.0170651Z info: OIBridge/ThreadingObservability.lean:943:0: 'OIBridge.ThreadingObservability.pq0c_crossFibreGram_left_mul' depends on axioms: [propext,
2026-09-26T08:01:18.0171317Z  Classical.choice,
2026-09-26T08:01:18.0171518Z  Quot.sound]
2026-09-26T08:01:18.0172116Z info: OIBridge/ThreadingObservability.lean:944:0: 'OIBridge.ThreadingObservability.pq0c_crossFibreGram_left_mul_diag' depends on axioms: [propext,
2026-09-26T08:01:18.0172799Z  Classical.choice,
2026-09-26T08:01:18.0173009Z  Quot.sound]
2026-09-26T08:01:18.0173776Z info: OIBridge/ThreadingObservability.lean:945:0: 'OIBridge.ThreadingObservability.pq0d_anchoredChannel_trace_preserving' depends on axioms: [propext,
2026-09-26T08:01:18.0174471Z  Classical.choice,
2026-09-26T08:01:18.0174681Z  Quot.sound]
2026-09-26T08:01:18.0175297Z info: OIBridge/ThreadingObservability.lean:946:0: 'OIBridge.ThreadingObservability.threadingRelated_iff_fibreCrossGram' depends on axioms: [propext,
2026-09-26T08:01:18.0175993Z  Classical.choice,
2026-09-26T08:01:18.0176243Z  Quot.sound]
2026-09-26T08:01:18.0176848Z info: OIBridge/ThreadingObservability.lean:947:0: 'OIBridge.ThreadingObservability.threadingRelated_of_constLeft' depends on axioms: [propext,
2026-09-26T08:01:18.0177522Z  Classical.choice,
2026-09-26T08:01:18.0177724Z  Quot.sound]
2026-09-26T08:01:18.0178330Z info: OIBridge/ThreadingObservability.lean:948:0: 'OIBridge.ThreadingObservability.threadingRelated_of_strongRight' depends on axioms: [propext,
2026-09-26T08:01:18.0179010Z  Classical.choice,
2026-09-26T08:01:18.0179213Z  Quot.sound]
2026-09-26T08:01:18.0179817Z info: OIBridge/ThreadingObservability.lean:949:0: 'OIBridge.ThreadingObservability.pq1a_constant_left_redundant_visible' depends on axioms: [propext,
2026-09-26T08:01:18.0180503Z  Classical.choice,
2026-09-26T08:01:18.0180703Z  Quot.sound]
2026-09-26T08:01:18.0181333Z info: OIBridge/ThreadingObservability.lean:950:0: 'OIBridge.ThreadingObservability.pq1b_constant_left_physical_anchoredChannel' depends on axioms: [propext,
2026-09-26T08:01:18.0182042Z  Classical.choice,
2026-09-26T08:01:18.0182245Z  Quot.sound]
2026-09-26T08:01:18.0182881Z info: OIBridge/ThreadingObservability.lean:951:0: 'OIBridge.ThreadingObservability.pq1c_constant_left_physical_relative_candidate' depends on axioms: [propext,
2026-09-26T08:01:18.0183715Z  Classical.choice,
2026-09-26T08:01:18.0183917Z  Quot.sound]
2026-09-26T08:01:18.0184575Z info: OIBridge/ThreadingObservability.lean:952:0: 'OIBridge.ThreadingObservability.uniformLeft_block' depends on axioms: [propext, Classical.choice, Quot.sound]
2026-09-26T08:01:18.0185896Z info: OIBridge/ThreadingObservability.lean:953:0: 'OIBridge.ThreadingObservability.pq1d_plus_uniform_left_redundant_anchoredChannel' depends on axioms: [propext,
2026-09-26T08:01:18.0186622Z  Classical.choice,
2026-09-26T08:01:18.0186838Z  Quot.sound]
2026-09-26T08:01:18.0187420Z info: OIBridge/ThreadingObservability.lean:954:0: 'OIBridge.ThreadingObservability.nonuniform_left_block_witness' depends on axioms: [propext,
2026-09-26T08:01:18.0188083Z  Classical.choice,
2026-09-26T08:01:18.0188283Z  Quot.sound]
2026-09-26T08:01:18.0188877Z info: OIBridge/ThreadingObservability.lean:955:0: 'OIBridge.ThreadingObservability.crossFibreGram_mul_permMatrix' depends on axioms: [propext,
2026-09-26T08:01:18.0189538Z  Classical.choice,
2026-09-26T08:01:18.0189740Z  Quot.sound]
2026-09-26T08:01:18.0190398Z info: OIBridge/ThreadingObservability.lean:956:0: 'OIBridge.ThreadingObservability.pq1d_minus_nonuniform_left_physical_anchoredChannel' depends on axioms: [propext,
2026-09-26T08:01:18.0191269Z  Classical.choice,
2026-09-26T08:01:18.0191474Z  Quot.sound]
2026-09-26T08:01:18.0192079Z info: OIBridge/ThreadingObservability.lean:957:0: 'OIBridge.ThreadingObservability.pq2a_strong_right_redundant_visible' depends on axioms: [propext,
2026-09-26T08:01:18.0192757Z  Classical.choice,
2026-09-26T08:01:18.0192966Z  Quot.sound]
2026-09-26T08:01:18.0193539Z info: OIBridge/ThreadingObservability.lean:958:0: 'OIBridge.ThreadingObservability.pq2b_anchored_column_identity' depends on axioms: [propext,
2026-09-26T08:01:18.0194447Z  Classical.choice,
2026-09-26T08:01:18.0194651Z  Quot.sound]
2026-09-26T08:01:18.0195269Z info: OIBridge/ThreadingObservability.lean:959:0: 'OIBridge.ThreadingObservability.pq2b_every_single_time_anchored_carrier' depends on axioms: [propext,
2026-09-26T08:01:18.0195956Z  Classical.choice,
2026-09-26T08:01:18.0196164Z  Quot.sound]
2026-09-26T08:01:18.0196809Z info: OIBridge/ThreadingObservability.lean:960:0: 'OIBridge.ThreadingObservability.pq2b_strong_right_redundant_anchoredChannel' depends on axioms: [propext,
2026-09-26T08:01:18.0197523Z  Classical.choice,
2026-09-26T08:01:18.0197719Z  Quot.sound]
2026-09-26T08:01:18.0198306Z info: OIBridge/ThreadingObservability.lean:961:0: 'OIBridge.ThreadingObservability.pq2b_strong_right_crossFibreGram' depends on axioms: [propext,
2026-09-26T08:01:18.0198973Z  Classical.choice,
2026-09-26T08:01:18.0199185Z  Quot.sound]
2026-09-26T08:01:18.0199818Z info: OIBridge/ThreadingObservability.lean:962:0: 'OIBridge.ThreadingObservability.pq2c_strong_right_physical_relative_candidate' depends on axioms: [propext,
2026-09-26T08:01:18.0200530Z  Classical.choice,
2026-09-26T08:01:18.0200726Z  Quot.sound]
2026-09-26T08:01:18.0201410Z info: OIBridge/ThreadingObservability.lean:963:0: 'OIBridge.ThreadingObservability.pq3a_pair_redundant_visible' depends on axioms: [propext, Classical.choice, Quot.sound]
2026-09-26T08:01:18.0202565Z info: OIBridge/ThreadingObservability.lean:964:0: 'OIBridge.ThreadingObservability.pq3b_pair_factors_through_left' depends on axioms: [propext,
2026-09-26T08:01:18.0203227Z  Classical.choice,
2026-09-26T08:01:18.0203433Z  Quot.sound]
2026-09-26T08:01:18.0204262Z info: OIBridge/ThreadingObservability.lean:965:0: 'OIBridge.ThreadingObservability.pq3b_no_cancellation_on_anchoredChannel' depends on axioms: [propext,
2026-09-26T08:01:18.0204959Z  Classical.choice,
2026-09-26T08:01:18.0205167Z  Quot.sound]
2026-09-26T08:01:18.0205779Z info: OIBridge/ThreadingObservability.lean:966:0: 'OIBridge.ThreadingObservability.pq3c_pair_physical_relative_candidate' depends on axioms: [propext,
2026-09-26T08:01:18.0206469Z  Classical.choice,
2026-09-26T08:01:18.0206667Z  Quot.sound]
2026-09-26T08:01:18.0207308Z info: OIBridge/ThreadingObservability.lean:967:0: 'OIBridge.ThreadingObservability.pq4b_within_fibre_carrier_blind_to_constant_left' depends on axioms: [propext,
2026-09-26T08:01:18.0208035Z  Classical.choice,
2026-09-26T08:01:18.0208389Z  Quot.sound]
2026-09-26T08:01:18.0208711Z ⚠ [3576/3599] Replayed OIBridge.CancellationFork
2026-09-26T08:01:18.0209302Z warning: OIBridge/CancellationFork.lean:301:4: `push_neg` has been deprecated. Prefer using `push Not` instead.
2026-09-26T08:01:18.0209996Z If you'd rather continue using `push_neg` in your project, you can implement it as follows:
2026-09-26T08:01:18.0210427Z ```
2026-09-26T08:01:18.0210628Z open Lean.Parser.Tactic in
2026-09-26T08:01:18.0210937Z macro "push_neg" cfg:optConfig loc:(location)? : tactic =>
2026-09-26T08:01:18.0211296Z   `(tactic| push $cfg:optConfig Not $[$loc]?)
2026-09-26T08:01:18.0211578Z ```
2026-09-26T08:01:18.0212006Z warning: OIBridge/CancellationFork.lean:309:6: `push_neg` has been deprecated. Prefer using `push Not` instead.
2026-09-26T08:01:18.0212679Z If you'd rather continue using `push_neg` in your project, you can implement it as follows:
2026-09-26T08:01:18.0213108Z ```
2026-09-26T08:01:18.0213297Z open Lean.Parser.Tactic in
2026-09-26T08:01:18.0213728Z macro "push_neg" cfg:optConfig loc:(location)? : tactic =>
2026-09-26T08:01:18.0214201Z   `(tactic| push $cfg:optConfig Not $[$loc]?)
2026-09-26T08:01:18.0214486Z ```
2026-09-26T08:01:18.0215113Z info: OIBridge/CancellationFork.lean:554:0: 'OIBridge.CancellationFork.relativeCandidate_apply' depends on axioms: [propext, Classical.choice, Quot.sound]
2026-09-26T08:01:18.0216243Z info: OIBridge/CancellationFork.lean:555:0: 'OIBridge.CancellationFork.relativeCandidate_congr' depends on axioms: [propext, Classical.choice, Quot.sound]
2026-09-26T08:01:18.0217361Z info: OIBridge/CancellationFork.lean:556:0: 'OIBridge.CancellationFork.cf1_composite_normal_form' depends on axioms: [propext, Classical.choice, Quot.sound]
2026-09-26T08:01:18.0218409Z info: OIBridge/CancellationFork.lean:557:0: 'OIBridge.CancellationFork.cf2_constant_strong_family_redundant' depends on axioms: [propext,
2026-09-26T08:01:18.0219033Z  Classical.choice,
2026-09-26T08:01:18.0219237Z  Quot.sound]
2026-09-26T08:01:18.0219844Z info: OIBridge/CancellationFork.lean:558:0: 'OIBridge.CancellationFork.relativeCandidate_eq_one_of_visible_subsingleton' depends on axioms: [propext,
2026-09-26T08:01:18.0220523Z  Classical.choice,
2026-09-26T08:01:18.0220724Z  Quot.sound]
2026-09-26T08:01:18.0221327Z info: OIBridge/CancellationFork.lean:559:0: 'OIBridge.CancellationFork.cf3_cardinality_scoping' depends on axioms: [propext, Classical.choice, Quot.sound]
2026-09-26T08:01:18.0222443Z info: OIBridge/CancellationFork.lean:560:0: 'OIBridge.CancellationFork.cf4_nontriviality_conjuncts' depends on axioms: [propext, Classical.choice, Quot.sound]
2026-09-26T08:01:18.0223794Z info: OIBridge/CancellationFork.lean:561:0: 'OIBridge.CancellationFork.relativeCandidate_of_permMatrix' depends on axioms: [propext, Classical.choice, Quot.sound]
2026-09-26T08:01:18.0224964Z info: OIBridge/CancellationFork.lean:562:0: 'OIBridge.CancellationFork.cf5_cancelling_triple_exists' depends on axioms: [propext, Classical.choice, Quot.sound]
2026-09-26T08:01:18.0226046Z info: OIBridge/CancellationFork.lean:563:0: 'OIBridge.CancellationFork.cf5_not_no_cancelling_on_relativeCandidate' depends on axioms: [propext,
2026-09-26T08:01:18.0226691Z  Classical.choice,
2026-09-26T08:01:18.0226895Z  Quot.sound]
2026-09-26T08:01:18.0227216Z ℹ [3577/3599] Replayed OIBridge.ReanchoredChannelScope
2026-09-26T08:01:18.0228052Z info: OIBridge/ReanchoredChannelScope.lean:645:0: 'OIBridge.ReanchoredChannelScope.reanchoredChannel_eq_trace' depends on axioms: [propext, Classical.choice, Quot.sound]
2026-09-26T08:01:18.0229247Z info: OIBridge/ReanchoredChannelScope.lean:646:0: 'OIBridge.ReanchoredChannelScope.anchoredChannel_congr_crossFibreGram' depends on axioms: [propext,
2026-09-26T08:01:18.0229944Z  Classical.choice,
2026-09-26T08:01:18.0230143Z  Quot.sound]
2026-09-26T08:01:18.0230732Z info: OIBridge/ReanchoredChannelScope.lean:647:0: 'OIBridge.ReanchoredChannelScope.rn1_reanchored_refines_relative' depends on axioms: [propext,
2026-09-26T08:01:18.0231394Z  Classical.choice,
2026-09-26T08:01:18.0231759Z  Quot.sound]
2026-09-26T08:01:18.0232374Z info: OIBridge/ReanchoredChannelScope.lean:648:0: 'OIBridge.ReanchoredChannelScope.rn1_reanchored_refines_relative_family' depends on axioms: [propext,
2026-09-26T08:01:18.0233066Z  Classical.choice,
2026-09-26T08:01:18.0233264Z  Quot.sound]
2026-09-26T08:01:18.0234080Z info: OIBridge/ReanchoredChannelScope.lean:649:0: 'OIBridge.ReanchoredChannelScope.rn2_nontriviality_transfer' depends on axioms: [propext, Classical.choice, Quot.sound]
2026-09-26T08:01:18.0235270Z info: OIBridge/ReanchoredChannelScope.lean:650:0: 'OIBridge.ReanchoredChannelScope.rn2c_act15_triple_nontrivial_on_reanchored' depends on axioms: [propext,
2026-09-26T08:01:18.0235979Z  Classical.choice,
2026-09-26T08:01:18.0236178Z  Quot.sound]
2026-09-26T08:01:18.0236861Z info: OIBridge/ReanchoredChannelScope.lean:651:0: 'OIBridge.ReanchoredChannelScope.relativeObject_permMatrix' depends on axioms: [propext, Classical.choice, Quot.sound]
2026-09-26T08:01:18.0238328Z info: OIBridge/ReanchoredChannelScope.lean:652:0: 'OIBridge.ReanchoredChannelScope.crossFibreGram_permMatrix' depends on axioms: [propext, Classical.choice, Quot.sound]
2026-09-26T08:01:18.0239919Z info: OIBridge/ReanchoredChannelScope.lean:653:0: 'OIBridge.ReanchoredChannelScope.rn3a_act15_triple_cancels_on_reanchoredChannel' depends on axioms: [propext,
2026-09-26T08:01:18.0240684Z  Classical.choice,
2026-09-26T08:01:18.0240894Z  Quot.sound]
2026-09-26T08:01:18.0241553Z info: OIBridge/ReanchoredChannelScope.lean:654:0: 'OIBridge.ReanchoredChannelScope.rn3_plus_cancelling_triple_on_reanchoredChannel' depends on axioms: [propext,
2026-09-26T08:01:18.0242277Z  Classical.choice,
2026-09-26T08:01:18.0242481Z  Quot.sound]
2026-09-26T08:01:18.0243109Z info: OIBridge/ReanchoredChannelScope.lean:655:0: 'OIBridge.ReanchoredChannelScope.rn3_not_no_cancelling_on_reanchoredChannel' depends on axioms: [propext,
2026-09-26T08:01:18.0244046Z  Classical.choice,
2026-09-26T08:01:18.0244256Z  Quot.sound]
2026-09-26T08:01:18.0244932Z info: OIBridge/ReanchoredChannelScope.lean:656:0: 'OIBridge.ReanchoredChannelScope.rn4_redundancy_does_not_factor_on_relativeCandidate' depends on axioms: [propext,
2026-09-26T08:01:18.0245686Z  Classical.choice,
2026-09-26T08:01:18.0245895Z  Quot.sound]
2026-09-26T08:01:18.0246231Z ℹ [3578/3599] Replayed OIBridge.GramTrajectorySelection
2026-09-26T08:01:18.0247057Z info: OIBridge/GramTrajectorySelection.lean:647:0: 'OIBridge.GramTrajectorySelection.gramPhaseEquiv_refl' depends on axioms: [propext, Classical.choice, Quot.sound]
2026-09-26T08:01:18.0248289Z info: OIBridge/GramTrajectorySelection.lean:648:0: 'OIBridge.GramTrajectorySelection.gramPhaseEquiv_symm' depends on axioms: [propext, Classical.choice, Quot.sound]
2026-09-26T08:01:18.0249513Z info: OIBridge/GramTrajectorySelection.lean:649:0: 'OIBridge.GramTrajectorySelection.gramPhaseEquiv_trans' depends on axioms: [propext, Classical.choice, Quot.sound]
2026-09-26T08:01:18.0250734Z info: OIBridge/GramTrajectorySelection.lean:650:0: 'OIBridge.GramTrajectorySelection.gramTrajEquiv_refl' depends on axioms: [propext, Classical.choice, Quot.sound]
2026-09-26T08:01:18.0251960Z info: OIBridge/GramTrajectorySelection.lean:651:0: 'OIBridge.GramTrajectorySelection.gramTrajEquiv_symm' depends on axioms: [propext, Classical.choice, Quot.sound]
2026-09-26T08:01:18.0253164Z info: OIBridge/GramTrajectorySelection.lean:652:0: 'OIBridge.GramTrajectorySelection.gramTrajEquiv_trans' depends on axioms: [propext, Classical.choice, Quot.sound]
2026-09-26T08:01:18.0254523Z info: OIBridge/GramTrajectorySelection.lean:653:0: 'OIBridge.GramTrajectorySelection.gramTrajEquiv_of_threading' depends on axioms: [propext, Classical.choice, Quot.sound]
2026-09-26T08:01:18.0255744Z info: OIBridge/GramTrajectorySelection.lean:654:0: 'OIBridge.GramTrajectorySelection.tj1_necessity' depends on axioms: [propext, Classical.choice, Quot.sound]
2026-09-26T08:01:18.0256913Z info: OIBridge/GramTrajectorySelection.lean:655:0: 'OIBridge.GramTrajectorySelection.tj1_sufficiency' depends on axioms: [propext, Classical.choice, Quot.sound]
2026-09-26T08:01:18.0258229Z info: OIBridge/GramTrajectorySelection.lean:656:0: 'OIBridge.GramTrajectorySelection.tj1_trajectory_set' depends on axioms: [propext, Classical.choice, Quot.sound]
2026-09-26T08:01:18.0259380Z info: OIBridge/GramTrajectorySelection.lean:657:0: 'OIBridge.GramTrajectorySelection.tj1_no_universal_cross_time_constraint' depends on axioms: [propext,
2026-09-26T08:01:18.0260071Z  Classical.choice,
2026-09-26T08:01:18.0260271Z  Quot.sound]
2026-09-26T08:01:18.0260902Z info: OIBridge/GramTrajectorySelection.lean:658:0: 'OIBridge.GramTrajectorySelection.tj2a_sp1l_add' depends on axioms: [propext, Classical.choice, Quot.sound]
2026-09-26T08:01:18.0262043Z info: OIBridge/GramTrajectorySelection.lean:659:0: 'OIBridge.GramTrajectorySelection.tj2c_sp2_add' depends on axioms: [propext, Classical.choice, Quot.sound]
2026-09-26T08:01:18.0263181Z info: OIBridge/GramTrajectorySelection.lean:660:0: 'OIBridge.GramTrajectorySelection.tj2b_sp1g_add' depends on axioms: [propext, Classical.choice, Quot.sound]
2026-09-26T08:01:18.0264711Z info: OIBridge/GramTrajectorySelection.lean:661:0: 'OIBridge.GramTrajectorySelection.tj2d_sp3_add' depends on axioms: [propext, Classical.choice, Quot.sound]
2026-09-26T08:01:18.0265893Z info: OIBridge/GramTrajectorySelection.lean:662:0: 'OIBridge.GramTrajectorySelection.tj2e_sp5_add' depends on axioms: [propext, Classical.choice, Quot.sound]
2026-09-26T08:01:18.0267088Z info: OIBridge/GramTrajectorySelection.lean:663:0: 'OIBridge.GramTrajectorySelection.hadamard_constant_lifts' depends on axioms: [propext, Classical.choice, Quot.sound]
2026-09-26T08:01:18.0268283Z info: OIBridge/GramTrajectorySelection.lean:664:0: 'OIBridge.GramTrajectorySelection.tj2a_sp1l_nosel' depends on axioms: [propext, Classical.choice, Quot.sound]
2026-09-26T08:01:18.0269973Z info: OIBridge/GramTrajectorySelection.lean:665:0: 'OIBridge.GramTrajectorySelection.tj2c_sp2_nosel' depends on axioms: [propext, Classical.choice, Quot.sound]
2026-09-26T08:01:18.0271457Z info: OIBridge/GramTrajectorySelection.lean:666:0: 'OIBridge.GramTrajectorySelection.tj2d_sp3_nosel' depends on axioms: [propext, Classical.choice, Quot.sound]
2026-09-26T08:01:18.0272668Z info: OIBridge/GramTrajectorySelection.lean:667:0: 'OIBridge.GramTrajectorySelection.tj2e_sp5_empty' depends on axioms: [propext, Classical.choice, Quot.sound]
2026-09-26T08:01:18.0274129Z info: OIBridge/GramTrajectorySelection.lean:668:0: 'OIBridge.GramTrajectorySelection.tj2f_sp4_containment' depends on axioms: [propext, Classical.choice, Quot.sound]
2026-09-26T08:01:18.0275323Z info: OIBridge/GramTrajectorySelection.lean:669:0: 'OIBridge.GramTrajectorySelection.tj3_imp_class_level_selection_impossibility' depends on axioms: [propext,
2026-09-26T08:01:18.0276043Z  Classical.choice,
2026-09-26T08:01:18.0276257Z  Quot.sound]
2026-09-26T08:01:18.0276606Z ⚠ [3579/3599] Replayed OIBridge.RepresentativeNaturality
2026-09-26T08:01:18.0277459Z warning: OIBridge/RepresentativeNaturality.lean:226:0: automatically included section variable(s) unused in theorem `OIBridge.RepresentativeNaturality.rnt2_lifting_property`:
2026-09-26T08:01:18.0278236Z   [Fintype V]
2026-09-26T08:01:18.0278442Z   [DecidableEq V]
2026-09-26T08:01:18.0278654Z   [DecidableEq A]
2026-09-26T08:01:18.0279131Z consider restructuring your `variable` declarations so that the variables are not in scope or explicitly omit them:
2026-09-26T08:01:18.0279752Z   omit [Fintype V] [DecidableEq V] [DecidableEq A] in theorem ...
2026-09-26T08:01:18.0280025Z 
2026-09-26T08:01:18.0280263Z Note: This linter can be disabled with `set_option linter.unusedSectionVars false`
2026-09-26T08:01:18.0281176Z warning: OIBridge/RepresentativeNaturality.lean:291:0: automatically included section variable(s) unused in theorem `OIBridge.RepresentativeNaturality.relabelLift_apply`:
2026-09-26T08:01:18.0281933Z   [Fintype V]
2026-09-26T08:01:18.0282133Z   [DecidableEq V]
2026-09-26T08:01:18.0282340Z   [Fintype A]
2026-09-26T08:01:18.0282532Z   [DecidableEq A]
2026-09-26T08:01:18.0282994Z consider restructuring your `variable` declarations so that the variables are not in scope or explicitly omit them:
2026-09-26T08:01:18.0284105Z   omit [Fintype V] [DecidableEq V] [Fintype A] [DecidableEq A] in theorem ...
2026-09-26T08:01:18.0284430Z 
2026-09-26T08:01:18.0284669Z Note: This linter can be disabled with `set_option linter.unusedSectionVars false`
2026-09-26T08:01:18.0285604Z warning: OIBridge/RepresentativeNaturality.lean:295:0: automatically included section variable(s) unused in theorem `OIBridge.RepresentativeNaturality.relabelLift_eq_submatrix`:
2026-09-26T08:01:18.0286380Z   [Fintype V]
2026-09-26T08:01:18.0286583Z   [DecidableEq V]
2026-09-26T08:01:18.0286782Z   [Fintype A]
2026-09-26T08:01:18.0286976Z   [DecidableEq A]
2026-09-26T08:01:18.0287435Z consider restructuring your `variable` declarations so that the variables are not in scope or explicitly omit them:
2026-09-26T08:01:18.0288079Z   omit [Fintype V] [DecidableEq V] [Fintype A] [DecidableEq A] in theorem ...
2026-09-26T08:01:18.0288380Z 
2026-09-26T08:01:18.0288615Z Note: This linter can be disabled with `set_option linter.unusedSectionVars false`
2026-09-26T08:01:18.0289651Z info: OIBridge/RepresentativeNaturality.lean:726:0: 'OIBridge.RepresentativeNaturality.rnt1_strict_imp_twisted' depends on axioms: [propext, Classical.choice, Quot.sound]
2026-09-26T08:01:18.0290898Z info: OIBridge/RepresentativeNaturality.lean:727:0: 'OIBridge.RepresentativeNaturality.rnt1_twisted_imp_orbit' depends on axioms: [propext, Classical.choice, Quot.sound]
2026-09-26T08:01:18.0292135Z info: OIBridge/RepresentativeNaturality.lean:728:0: 'OIBridge.RepresentativeNaturality.rnt2_lifting_property' depends on axioms: [propext, Classical.choice, Quot.sound]
2026-09-26T08:01:18.0293339Z info: OIBridge/RepresentativeNaturality.lean:729:0: 'OIBridge.RepresentativeNaturality.rnt2_admissible' depends on axioms: [propext, Classical.choice, Quot.sound]
2026-09-26T08:01:18.0294687Z info: OIBridge/RepresentativeNaturality.lean:730:0: 'OIBridge.RepresentativeNaturality.relabelLift_apply' depends on axioms: [propext, Classical.choice, Quot.sound]
2026-09-26T08:01:18.0295951Z info: OIBridge/RepresentativeNaturality.lean:731:0: 'OIBridge.RepresentativeNaturality.relabelLift_eq_submatrix' depends on axioms: [propext, Classical.choice, Quot.sound]
2026-09-26T08:01:18.0297191Z info: OIBridge/RepresentativeNaturality.lean:732:0: 'OIBridge.RepresentativeNaturality.relabelLift_mul' depends on axioms: [propext, Classical.choice, Quot.sound]
2026-09-26T08:01:18.0298390Z info: OIBridge/RepresentativeNaturality.lean:733:0: 'OIBridge.RepresentativeNaturality.relabelLift_one' depends on axioms: [propext, Classical.choice, Quot.sound]
2026-09-26T08:01:18.0299613Z info: OIBridge/RepresentativeNaturality.lean:734:0: 'OIBridge.RepresentativeNaturality.relabelLift_unitary' depends on axioms: [propext, Classical.choice, Quot.sound]
2026-09-26T08:01:18.0300826Z info: OIBridge/RepresentativeNaturality.lean:735:0: 'OIBridge.RepresentativeNaturality.rnt3_left_closure' depends on axioms: [propext, Classical.choice, Quot.sound]
2026-09-26T08:01:18.0302013Z info: OIBridge/RepresentativeNaturality.lean:736:0: 'OIBridge.RepresentativeNaturality.rnt3_left_law' depends on axioms: [propext, Classical.choice, Quot.sound]
2026-09-26T08:01:18.0303207Z info: OIBridge/RepresentativeNaturality.lean:737:0: 'OIBridge.RepresentativeNaturality.rnt3_right_closure' depends on axioms: [propext, Classical.choice, Quot.sound]
2026-09-26T08:01:18.0304507Z info: OIBridge/RepresentativeNaturality.lean:738:0: 'OIBridge.RepresentativeNaturality.rnt3_right_law' depends on axioms: [propext, Classical.choice, Quot.sound]
2026-09-26T08:01:18.0305695Z info: OIBridge/RepresentativeNaturality.lean:739:0: 'OIBridge.RepresentativeNaturality.rnt3_law_exact' depends on axioms: [propext, Classical.choice, Quot.sound]
2026-09-26T08:01:18.0306876Z info: OIBridge/RepresentativeNaturality.lean:740:0: 'OIBridge.RepresentativeNaturality.rnt3_orbit' depends on axioms: [propext, Classical.choice, Quot.sound]
2026-09-26T08:01:18.0308038Z info: OIBridge/RepresentativeNaturality.lean:741:0: 'OIBridge.RepresentativeNaturality.diag_unit_mem' depends on axioms: [propext, Classical.choice, Quot.sound]
2026-09-26T08:01:18.0309383Z info: OIBridge/RepresentativeNaturality.lean:742:0: 'OIBridge.RepresentativeNaturality.rnt4a_left_nontrivial' depends on axioms: [propext, Classical.choice, Quot.sound]
2026-09-26T08:01:18.0310635Z info: OIBridge/RepresentativeNaturality.lean:743:0: 'OIBridge.RepresentativeNaturality.rnt4a_right_nontrivial' depends on axioms: [propext, Classical.choice, Quot.sound]
2026-09-26T08:01:18.0311879Z info: OIBridge/RepresentativeNaturality.lean:744:0: 'OIBridge.RepresentativeNaturality.rnt4b_strict_fails_left' depends on axioms: [propext, Classical.choice, Quot.sound]
2026-09-26T08:01:18.0313120Z info: OIBridge/RepresentativeNaturality.lean:745:0: 'OIBridge.RepresentativeNaturality.rnt4b_strict_fails_right' depends on axioms: [propext, Classical.choice, Quot.sound]
2026-09-26T08:01:18.0314717Z info: OIBridge/RepresentativeNaturality.lean:746:0: 'OIBridge.RepresentativeNaturality.rnt4b_not_strictNatural' depends on axioms: [propext, Classical.choice, Quot.sound]
2026-09-26T08:01:18.0316041Z info: OIBridge/RepresentativeNaturality.lean:747:0: 'OIBridge.RepresentativeNaturality.eq_zero_of_left_mul_eq_zero' depends on axioms: [propext,
2026-09-26T08:01:18.0316730Z  Classical.choice,
2026-09-26T08:01:18.0316959Z  Quot.sound]
2026-09-26T08:01:18.0317552Z info: OIBridge/RepresentativeNaturality.lean:748:0: 'OIBridge.RepresentativeNaturality.eq_zero_of_mul_right_eq_zero' depends on axioms: [propext,
2026-09-26T08:01:18.0318221Z  Classical.choice,
2026-09-26T08:01:18.0318426Z  Quot.sound]
2026-09-26T08:01:18.0319117Z info: OIBridge/RepresentativeNaturality.lean:749:0: 'OIBridge.RepresentativeNaturality.rnt5_left_separation' depends on axioms: [propext, Classical.choice, Quot.sound]
2026-09-26T08:01:18.0320351Z info: OIBridge/RepresentativeNaturality.lean:750:0: 'OIBridge.RepresentativeNaturality.rnt5_right_separation' depends on axioms: [propext, Classical.choice, Quot.sound]
2026-09-26T08:01:18.0321225Z ℹ [3580/3599] Replayed OIBridge.SemigroupTransfer
2026-09-26T08:01:18.0321940Z info: OIBridge/SemigroupTransfer.lean:1115:0: 'OIBridge.SemigroupTransfer.enlarge_apply' depends on axioms: [propext, Classical.choice, Quot.sound]
2026-09-26T08:01:18.0323035Z info: OIBridge/SemigroupTransfer.lean:1116:0: 'OIBridge.SemigroupTransfer.visibleBlock_apply' depends on axioms: [propext, Classical.choice, Quot.sound]
2026-09-26T08:01:18.0324415Z info: OIBridge/SemigroupTransfer.lean:1117:0: 'OIBridge.SemigroupTransfer.visibleBlock_enlarge' depends on axioms: [propext, Classical.choice, Quot.sound]
2026-09-26T08:01:18.0325515Z info: OIBridge/SemigroupTransfer.lean:1118:0: 'OIBridge.SemigroupTransfer.familyAt_single' depends on axioms: [propext, Classical.choice, Quot.sound]
2026-09-26T08:01:18.0326615Z info: OIBridge/SemigroupTransfer.lean:1119:0: 'OIBridge.SemigroupTransfer.amplitude_gram_entry' depends on axioms: [propext, Classical.choice, Quot.sound]
2026-09-26T08:01:18.0327737Z info: OIBridge/SemigroupTransfer.lean:1120:0: 'OIBridge.SemigroupTransfer.krausOf_toEuclideanLin' depends on axioms: [propext, Classical.choice, Quot.sound]
2026-09-26T08:01:18.0328842Z info: OIBridge/SemigroupTransfer.lean:1121:0: 'OIBridge.SemigroupTransfer.krausMap_smul' depends on axioms: [propext, Classical.choice, Quot.sound]
2026-09-26T08:01:18.0329900Z info: OIBridge/SemigroupTransfer.lean:1122:0: 'OIBridge.SemigroupTransfer.sqrt_scalar_sq' depends on axioms: [propext, Classical.choice, Quot.sound]
2026-09-26T08:01:18.0330996Z info: OIBridge/SemigroupTransfer.lean:1123:0: 'OIBridge.SemigroupTransfer.purifiedIsometry_apply' depends on axioms: [propext, Classical.choice, Quot.sound]
2026-09-26T08:01:18.0332163Z info: OIBridge/SemigroupTransfer.lean:1124:0: 'OIBridge.SemigroupTransfer.familyAt_eq_stinespringChannel' depends on axioms: [propext, Classical.choice, Quot.sound]
2026-09-26T08:01:18.0333300Z info: OIBridge/SemigroupTransfer.lean:1125:0: 'OIBridge.SemigroupTransfer.readingA_perTime' depends on axioms: [propext, Classical.choice, Quot.sound]
2026-09-26T08:01:18.0334627Z info: OIBridge/SemigroupTransfer.lean:1126:0: 'OIBridge.SemigroupTransfer.conj_pow' depends on axioms: [propext, Classical.choice, Quot.sound]
2026-09-26T08:01:18.0335683Z info: OIBridge/SemigroupTransfer.lean:1127:0: 'OIBridge.SemigroupTransfer.hiddenKron_unitary' depends on axioms: [propext, Classical.choice, Quot.sound]
2026-09-26T08:01:18.0336761Z info: OIBridge/SemigroupTransfer.lean:1128:0: 'OIBridge.SemigroupTransfer.krausMap_mix' depends on axioms: [propext, Classical.choice, Quot.sound]
2026-09-26T08:01:18.0337811Z info: OIBridge/SemigroupTransfer.lean:1129:0: 'OIBridge.SemigroupTransfer.mixing_unitary' depends on axioms: [propext, Classical.choice, Quot.sound]
2026-09-26T08:01:18.0338890Z info: OIBridge/SemigroupTransfer.lean:1130:0: 'OIBridge.SemigroupTransfer.hiddenKron_mul_apply' depends on axioms: [propext, Classical.choice, Quot.sound]
2026-09-26T08:01:18.0339951Z info: OIBridge/SemigroupTransfer.lean:1131:0: 'OIBridge.SemigroupTransfer.mul_hiddenKron_conjTranspose_apply' depends on axioms: [propext,
2026-09-26T08:01:18.0340593Z  Classical.choice,
2026-09-26T08:01:18.0340913Z  Quot.sound]
2026-09-26T08:01:18.0341540Z info: OIBridge/SemigroupTransfer.lean:1132:0: 'OIBridge.SemigroupTransfer.kraus_hiddenConjugate' depends on axioms: [propext, Classical.choice, Quot.sound]
2026-09-26T08:01:18.0342685Z info: OIBridge/SemigroupTransfer.lean:1133:0: 'OIBridge.SemigroupTransfer.familyAt_hiddenConjugate' depends on axioms: [propext, Classical.choice, Quot.sound]
2026-09-26T08:01:18.0343949Z info: OIBridge/SemigroupTransfer.lean:1134:0: 'OIBridge.SemigroupTransfer.hiddenConjugate_family' depends on axioms: [propext, Classical.choice, Quot.sound]
2026-09-26T08:01:18.0345064Z info: OIBridge/SemigroupTransfer.lean:1135:0: 'OIBridge.SemigroupTransfer.permMatrix_entry' depends on axioms: [propext, Classical.choice, Quot.sound]
2026-09-26T08:01:18.0346161Z info: OIBridge/SemigroupTransfer.lean:1136:0: 'OIBridge.SemigroupTransfer.visibleBlock_conj' depends on axioms: [propext, Classical.choice, Quot.sound]
2026-09-26T08:01:18.0347240Z info: OIBridge/SemigroupTransfer.lean:1137:0: 'OIBridge.SemigroupTransfer.sandwich_mul' depends on axioms: [propext, Classical.choice, Quot.sound]
2026-09-26T08:01:18.0348287Z info: OIBridge/SemigroupTransfer.lean:1138:0: 'OIBridge.SemigroupTransfer.wordEval_conj' depends on axioms: [propext, Classical.choice, Quot.sound]
2026-09-26T08:01:18.0349367Z info: OIBridge/SemigroupTransfer.lean:1139:0: 'OIBridge.SemigroupTransfer.trace_wordEval_conj' depends on axioms: [propext, Classical.choice, Quot.sound]
2026-09-26T08:01:18.0350450Z info: OIBridge/SemigroupTransfer.lean:1140:0: 'OIBridge.SemigroupTransfer.wordEval_enlarge' depends on axioms: [propext, Classical.choice, Quot.sound]
2026-09-26T08:01:18.0351532Z info: OIBridge/SemigroupTransfer.lean:1141:0: 'OIBridge.SemigroupTransfer.deltaWord_balanced' depends on axioms: [propext, Classical.choice, Quot.sound]
2026-09-26T08:01:18.0352639Z info: OIBridge/SemigroupTransfer.lean:1142:0: 'OIBridge.SemigroupTransfer.trace_wordEval_enlarge' depends on axioms: [propext, Classical.choice, Quot.sound]
2026-09-26T08:01:18.0354122Z info: OIBridge/SemigroupTransfer.lean:1143:0: 'OIBridge.SemigroupTransfer.trace_wordEval_hiddenConjugate' depends on axioms: [propext, Classical.choice, Quot.sound]
2026-09-26T08:01:18.0355276Z info: OIBridge/SemigroupTransfer.lean:1144:0: 'OIBridge.SemigroupTransfer.pow_involution' depends on axioms: [propext, Classical.choice, Quot.sound]
2026-09-26T08:01:18.0356377Z info: OIBridge/SemigroupTransfer.lean:1145:0: 'OIBridge.SemigroupTransfer.familyAt_involution_eq' depends on axioms: [propext, Classical.choice, Quot.sound]
2026-09-26T08:01:18.0357495Z info: OIBridge/SemigroupTransfer.lean:1146:0: 'OIBridge.SemigroupTransfer.permMatrix_mul_self' depends on axioms: [propext, Classical.choice, Quot.sound]
2026-09-26T08:01:18.0358636Z info: OIBridge/SemigroupTransfer.lean:1147:0: 'OIBridge.SemigroupTransfer.permMatrix_conjTranspose_self' depends on axioms: [propext, Classical.choice, Quot.sound]
2026-09-26T08:01:18.0359908Z info: OIBridge/SemigroupTransfer.lean:1148:0: 'OIBridge.SemigroupTransfer.krausMap_expand' depends on axioms: [propext, Classical.choice, Quot.sound]
2026-09-26T08:01:18.0360989Z info: OIBridge/SemigroupTransfer.lean:1149:0: 'OIBridge.SemigroupTransfer.familyAt_expand' depends on axioms: [propext, Classical.choice, Quot.sound]
2026-09-26T08:01:18.0362095Z info: OIBridge/SemigroupTransfer.lean:1150:0: 'OIBridge.SemigroupTransfer.familyAt_eq_of_blockTraces' depends on axioms: [propext, Classical.choice, Quot.sound]
2026-09-26T08:01:18.0363245Z info: OIBridge/SemigroupTransfer.lean:1151:0: 'OIBridge.SemigroupTransfer.hiddenKron_mul_permMatrix' depends on axioms: [propext, Classical.choice, Quot.sound]
2026-09-26T08:01:18.0364657Z info: OIBridge/SemigroupTransfer.lean:1152:0: 'OIBridge.SemigroupTransfer.permMatrix_mul_hiddenKron' depends on axioms: [propext, Classical.choice, Quot.sound]
2026-09-26T08:01:18.0365768Z info: OIBridge/SemigroupTransfer.lean:1153:0: 'OIBridge.SemigroupTransfer.trace_visibleBlock_hiddenConjugate' depends on axioms: [propext,
2026-09-26T08:01:18.0366420Z  Classical.choice,
2026-09-26T08:01:18.0366767Z  Quot.sound]
2026-09-26T08:01:18.0367357Z info: OIBridge/SemigroupTransfer.lean:1154:0: 'OIBridge.SemigroupTransfer.pairA_blocks' depends on axioms: [propext, Classical.choice, Quot.sound]
2026-09-26T08:01:18.0368415Z info: OIBridge/SemigroupTransfer.lean:1155:0: 'OIBridge.SemigroupTransfer.pairC_blocks' depends on axioms: [propext, Classical.choice, Quot.sound]
2026-09-26T08:01:18.0369457Z info: OIBridge/SemigroupTransfer.lean:1156:0: 'OIBridge.SemigroupTransfer.adj_literals' depends on axioms: [propext, Classical.choice, Quot.sound]
2026-09-26T08:01:18.0370488Z info: OIBridge/SemigroupTransfer.lean:1157:0: 'OIBridge.SemigroupTransfer.ST2_pairA' depends on axioms: [propext, Classical.choice, Quot.sound]
2026-09-26T08:01:18.0371500Z info: OIBridge/SemigroupTransfer.lean:1158:0: 'OIBridge.SemigroupTransfer.pairC_hct' depends on axioms: [propext, Classical.choice, Quot.sound]
2026-09-26T08:01:18.0372521Z info: OIBridge/SemigroupTransfer.lean:1159:0: 'OIBridge.SemigroupTransfer.pairC'_hct' depends on axioms: [propext, Classical.choice, Quot.sound]
2026-09-26T08:01:18.0373548Z info: OIBridge/SemigroupTransfer.lean:1160:0: 'OIBridge.SemigroupTransfer.pairC_family' depends on axioms: [propext, Classical.choice, Quot.sound]
2026-09-26T08:01:18.0374772Z info: OIBridge/SemigroupTransfer.lean:1161:0: 'OIBridge.SemigroupTransfer.ST3_pairC' depends on axioms: [propext, Classical.choice, Quot.sound]
2026-09-26T08:01:18.0375816Z info: OIBridge/SemigroupTransfer.lean:1162:0: 'OIBridge.SemigroupTransfer.pairC_wordTraces' depends on axioms: [propext, Classical.choice, Quot.sound]
2026-09-26T08:01:18.0376865Z info: OIBridge/SemigroupTransfer.lean:1163:0: 'OIBridge.SemigroupTransfer.ST4_pairC' depends on axioms: [propext, Classical.choice, Quot.sound]
2026-09-26T08:01:18.0377924Z info: OIBridge/SemigroupTransfer.lean:1164:0: 'OIBridge.SemigroupTransfer.mul_hiddenKron_apply' depends on axioms: [propext, Classical.choice, Quot.sound]
2026-09-26T08:01:18.0379027Z info: OIBridge/SemigroupTransfer.lean:1165:0: 'OIBridge.SemigroupTransfer.mul_singleKron_apply' depends on axioms: [propext, Classical.choice, Quot.sound]
2026-09-26T08:01:18.0380137Z info: OIBridge/SemigroupTransfer.lean:1166:0: 'OIBridge.SemigroupTransfer.singleKron_mul_apply' depends on axioms: [propext, Classical.choice, Quot.sound]
2026-09-26T08:01:18.0381222Z info: OIBridge/SemigroupTransfer.lean:1167:0: 'OIBridge.SemigroupTransfer.eq_oneKron_of_comm' depends on axioms: [propext, Classical.choice, Quot.sound]
2026-09-26T08:01:18.0382270Z info: OIBridge/SemigroupTransfer.lean:1168:0: 'OIBridge.SemigroupTransfer.slice_comm' depends on axioms: [propext, Classical.choice, Quot.sound]
2026-09-26T08:01:18.0383363Z info: OIBridge/SemigroupTransfer.lean:1169:0: 'OIBridge.SemigroupTransfer.hiddenKron_comm_enlarge' depends on axioms: [propext, Classical.choice, Quot.sound]
2026-09-26T08:01:18.0384586Z info: OIBridge/SemigroupTransfer.lean:1170:0: 'OIBridge.SemigroupTransfer.enlarge_unitary' depends on axioms: [propext, Classical.choice, Quot.sound]
2026-09-26T08:01:18.0385806Z info: OIBridge/SemigroupTransfer.lean:1171:0: 'OIBridge.SemigroupTransfer.separating_of_hct' depends on axioms: [propext, Classical.choice, Quot.sound]
2026-09-26T08:01:18.0386887Z info: OIBridge/SemigroupTransfer.lean:1172:0: 'OIBridge.SemigroupTransfer.one_kronecker_sub' depends on axioms: [propext, Classical.choice, Quot.sound]
2026-09-26T08:01:18.0387952Z info: OIBridge/SemigroupTransfer.lean:1173:0: 'OIBridge.SemigroupTransfer.hct_of_separating' depends on axioms: [propext, Classical.choice, Quot.sound]
2026-09-26T08:01:18.0389040Z info: OIBridge/SemigroupTransfer.lean:1174:0: 'OIBridge.SemigroupTransfer.starProjection_comm' depends on axioms: [propext, Classical.choice, Quot.sound]
2026-09-26T08:01:18.0390126Z info: OIBridge/SemigroupTransfer.lean:1175:0: 'OIBridge.SemigroupTransfer.ST0c_cyclic_iff' depends on axioms: [propext, Classical.choice, Quot.sound]
2026-09-26T08:01:18.0390929Z ℹ [3581/3599] Replayed OIBridge.WordTraceSufficiency
2026-09-26T08:01:18.0391787Z info: OIBridge/WordTraceSufficiency.lean:712:0: 'OIBridge.WordTraceSufficiency.wordEval_nil' depends on axioms: [propext, Classical.choice, Quot.sound]
2026-09-26T08:01:18.0392900Z info: OIBridge/WordTraceSufficiency.lean:713:0: 'OIBridge.WordTraceSufficiency.wordEval_append' depends on axioms: [propext, Classical.choice, Quot.sound]
2026-09-26T08:01:18.0394478Z info: OIBridge/WordTraceSufficiency.lean:714:0: 'OIBridge.WordTraceSufficiency.visibleBlock_eq_wordEval' depends on axioms: [propext, Classical.choice, Quot.sound]
2026-09-26T08:01:18.0395669Z info: OIBridge/WordTraceSufficiency.lean:715:0: 'OIBridge.WordTraceSufficiency.wordStar_cons' depends on axioms: [propext, Classical.choice, Quot.sound]
2026-09-26T08:01:18.0396790Z info: OIBridge/WordTraceSufficiency.lean:716:0: 'OIBridge.WordTraceSufficiency.wordEval_wordStar' depends on axioms: [propext, Classical.choice, Quot.sound]
2026-09-26T08:01:18.0397957Z info: OIBridge/WordTraceSufficiency.lean:717:0: 'OIBridge.WordTraceSufficiency.wordEval_mem_wordSpan' depends on axioms: [propext, Classical.choice, Quot.sound]
2026-09-26T08:01:18.0399098Z info: OIBridge/WordTraceSufficiency.lean:718:0: 'OIBridge.WordTraceSufficiency.one_mem_wordSpan' depends on axioms: [propext, Classical.choice, Quot.sound]
2026-09-26T08:01:18.0400253Z info: OIBridge/WordTraceSufficiency.lean:719:0: 'OIBridge.WordTraceSufficiency.visibleBlock_mem_wordSpan' depends on axioms: [propext, Classical.choice, Quot.sound]
2026-09-26T08:01:18.0407615Z info: OIBridge/WordTraceSufficiency.lean:720:0: 'OIBridge.WordTraceSufficiency.wordEval_mul_mem_wordSpan' depends on axioms: [propext, Classical.choice, Quot.sound]
2026-09-26T08:01:18.0408882Z info: OIBridge/WordTraceSufficiency.lean:721:0: 'OIBridge.WordTraceSufficiency.mul_mem_wordSpan' depends on axioms: [propext, Classical.choice, Quot.sound]
2026-09-26T08:01:18.0410081Z info: OIBridge/WordTraceSufficiency.lean:722:0: 'OIBridge.WordTraceSufficiency.conjTranspose_mem_wordSpan' depends on axioms: [propext, Classical.choice, Quot.sound]
2026-09-26T08:01:18.0411299Z info: OIBridge/WordTraceSufficiency.lean:723:0: 'OIBridge.WordTraceSufficiency.exists_linearCombination' depends on axioms: [propext, Classical.choice, Quot.sound]
2026-09-26T08:01:18.0412439Z info: OIBridge/WordTraceSufficiency.lean:724:0: 'OIBridge.WordTraceSufficiency.linearCombination_mem_wordSpan' depends on axioms: [propext,
2026-09-26T08:01:18.0413107Z  Classical.choice,
2026-09-26T08:01:18.0413331Z  Quot.sound]
2026-09-26T08:01:18.0414204Z info: OIBridge/WordTraceSufficiency.lean:725:0: 'OIBridge.WordTraceSufficiency.trace_linearCombination_gram' depends on axioms: [propext, Classical.choice, Quot.sound]
2026-09-26T08:01:18.0415439Z info: OIBridge/WordTraceSufficiency.lean:726:0: 'OIBridge.WordTraceSufficiency.gram_eq_of_wordTracesEqual' depends on axioms: [propext, Classical.choice, Quot.sound]
2026-09-26T08:01:18.0416623Z info: OIBridge/WordTraceSufficiency.lean:727:0: 'OIBridge.WordTraceSufficiency.linearCombination_eq_zero_of_wordTracesEqual' depends on axioms: [propext,
2026-09-26T08:01:18.0417528Z  Classical.choice,
2026-09-26T08:01:18.0417752Z  Quot.sound]
2026-09-26T08:01:18.0418414Z info: OIBridge/WordTraceSufficiency.lean:728:0: 'OIBridge.WordTraceSufficiency.ker_linearCombination_le' depends on axioms: [propext, Classical.choice, Quot.sound]
2026-09-26T08:01:18.0419635Z info: OIBridge/WordTraceSufficiency.lean:729:0: 'OIBridge.WordTraceSufficiency.transferMap_linearCombination' depends on axioms: [propext, Classical.choice, Quot.sound]
2026-09-26T08:01:18.0420849Z info: OIBridge/WordTraceSufficiency.lean:730:0: 'OIBridge.WordTraceSufficiency.transferMap_apply_of_eq' depends on axioms: [propext, Classical.choice, Quot.sound]
2026-09-26T08:01:18.0422013Z info: OIBridge/WordTraceSufficiency.lean:731:0: 'OIBridge.WordTraceSufficiency.transferMap_wordEval' depends on axioms: [propext, Classical.choice, Quot.sound]
2026-09-26T08:01:18.0423317Z info: OIBridge/WordTraceSufficiency.lean:732:0: 'OIBridge.WordTraceSufficiency.transferMap_range' depends on axioms: [propext, Classical.choice, Quot.sound]
2026-09-26T08:01:18.0424593Z info: OIBridge/WordTraceSufficiency.lean:733:0: 'OIBridge.WordTraceSufficiency.transferMap_one' depends on axioms: [propext, Classical.choice, Quot.sound]
2026-09-26T08:01:18.0425735Z info: OIBridge/WordTraceSufficiency.lean:734:0: 'OIBridge.WordTraceSufficiency.transferMap_trace' depends on axioms: [propext, Classical.choice, Quot.sound]
2026-09-26T08:01:18.0426894Z info: OIBridge/WordTraceSufficiency.lean:735:0: 'OIBridge.WordTraceSufficiency.transferMap_wordEval_mul' depends on axioms: [propext, Classical.choice, Quot.sound]
2026-09-26T08:01:18.0428046Z info: OIBridge/WordTraceSufficiency.lean:736:0: 'OIBridge.WordTraceSufficiency.transferMap_mul' depends on axioms: [propext, Classical.choice, Quot.sound]
2026-09-26T08:01:18.0429207Z info: OIBridge/WordTraceSufficiency.lean:737:0: 'OIBridge.WordTraceSufficiency.transferMap_conjTranspose' depends on axioms: [propext, Classical.choice, Quot.sound]
2026-09-26T08:01:18.0430397Z info: OIBridge/WordTraceSufficiency.lean:738:0: 'OIBridge.WordTraceSufficiency.transferMap_injective' depends on axioms: [propext, Classical.choice, Quot.sound]
2026-09-26T08:01:18.0431528Z info: OIBridge/WordTraceSufficiency.lean:739:0: 'OIBridge.WordTraceSufficiency.WT1_transfer' depends on axioms: [propext, Classical.choice, Quot.sound]
2026-09-26T08:01:18.0432684Z info: OIBridge/WordTraceSufficiency.lean:740:0: 'OIBridge.WordTraceSufficiency.single_mul_single_ite' depends on axioms: [propext, Classical.choice, Quot.sound]
2026-09-26T08:01:18.0434285Z info: OIBridge/WordTraceSufficiency.lean:741:0: 'OIBridge.WordTraceSufficiency.conjTranspose_single_one' depends on axioms: [propext, Classical.choice, Quot.sound]
2026-09-26T08:01:18.0435517Z info: OIBridge/WordTraceSufficiency.lean:742:0: 'OIBridge.WordTraceSufficiency.exists_unitary_of_starMul' depends on axioms: [propext, Classical.choice, Quot.sound]
2026-09-26T08:01:18.0436695Z info: OIBridge/WordTraceSufficiency.lean:743:0: 'OIBridge.WordTraceSufficiency.WT2gen_oneSided' depends on axioms: [propext, Classical.choice, Quot.sound]
2026-09-26T08:01:18.0437835Z info: OIBridge/WordTraceSufficiency.lean:744:0: 'OIBridge.WordTraceSufficiency.WT2gen_hiddenConjugate' depends on axioms: [propext, Classical.choice, Quot.sound]
2026-09-26T08:01:18.0438954Z info: OIBridge/WordTraceSufficiency.lean:745:0: 'OIBridge.WordTraceSufficiency.blockSpanning_of_wordTracesEqual' depends on axioms: [propext,
2026-09-26T08:01:18.0439629Z  Classical.choice,
2026-09-26T08:01:18.0439841Z  Quot.sound]
2026-09-26T08:01:18.0440461Z info: OIBridge/WordTraceSufficiency.lean:746:0: 'OIBridge.WordTraceSufficiency.WT3_spanning' depends on axioms: [propext, Classical.choice, Quot.sound]
2026-09-26T08:01:18.0441568Z info: OIBridge/WordTraceSufficiency.lean:747:0: 'OIBridge.WordTraceSufficiency.WT3_spanning_iff' depends on axioms: [propext, Classical.choice, Quot.sound]
2026-09-26T08:01:18.0442885Z info: OIBridge/WordTraceSufficiency.lean:748:0: 'OIBridge.WordTraceSufficiency.WT4_finite_spanning_family' depends on axioms: [propext, Classical.choice, Quot.sound]
2026-09-26T08:01:18.0444144Z info: OIBridge/WordTraceSufficiency.lean:749:0: 'OIBridge.WordTraceSufficiency.WT0b_pairC_not_wordTracesEqual' depends on axioms: [propext,
2026-09-26T08:01:18.0444794Z  Classical.choice,
2026-09-26T08:01:18.0445007Z  Quot.sound]
2026-09-26T08:01:18.0445623Z info: OIBridge/WordTraceSufficiency.lean:750:0: 'OIBridge.WordTraceSufficiency.tau_permMatrix' depends on axioms: [propext, Classical.choice, Quot.sound]
2026-09-26T08:01:18.0446745Z info: OIBridge/WordTraceSufficiency.lean:751:0: 'OIBridge.WordTraceSufficiency.WT0c_positive_control' depends on axioms: [propext, Classical.choice, Quot.sound]
2026-09-26T08:01:18.0447610Z ℹ [3582/3599] Replayed OIBridge.RecurrenceHorizon
2026-09-26T08:01:18.0448351Z info: OIBridge/RecurrenceHorizon.lean:183:0: 'OIBridge.RecurrenceHorizon.tv_eq_one_sub_sum_min' depends on axioms: [propext, Classical.choice, Quot.sound]
2026-09-26T08:01:18.0449546Z info: OIBridge/RecurrenceHorizon.lean:184:0: 'OIBridge.RecurrenceHorizon.tv_le_one_sub_min' depends on axioms: [propext, Classical.choice, Quot.sound]
2026-09-26T08:01:18.0450608Z info: OIBridge/RecurrenceHorizon.lean:185:0: 'OIBridge.RecurrenceHorizon.tv_lt_one_of_overlap' depends on axioms: [propext, Classical.choice, Quot.sound]
2026-09-26T08:01:18.0451655Z info: OIBridge/RecurrenceHorizon.lean:186:0: 'OIBridge.RecurrenceHorizon.tv_one_rows' depends on axioms: [propext, Classical.choice, Quot.sound]
2026-09-26T08:01:18.0452643Z info: OIBridge/RecurrenceHorizon.lean:187:0: 'OIBridge.RecurrenceHorizon.c4r_of_identity_return_of_overlap' depends on axioms: [propext,
2026-09-26T08:01:18.0453262Z  Classical.choice,
2026-09-26T08:01:18.0453481Z  Quot.sound]
2026-09-26T08:01:18.0454209Z info: OIBridge/RecurrenceHorizon.lean:188:0: 'OIBridge.RecurrenceHorizon.pIndivisible_of_identity_return_of_overlap' depends on axioms: [propext,
2026-09-26T08:01:18.0454877Z  Classical.choice,
2026-09-26T08:01:18.0455081Z  Quot.sound]
2026-09-26T08:01:18.0455658Z info: OIBridge/RecurrenceHorizon.lean:189:0: 'OIBridge.RecurrenceHorizon.c4r_of_rooted_identity_return_of_overlap' depends on axioms: [propext,
2026-09-26T08:01:18.0456296Z  Classical.choice,
2026-09-26T08:01:18.0456497Z  Quot.sound]
2026-09-26T08:01:18.0457111Z info: OIBridge/RecurrenceHorizon.lean:190:0: 'OIBridge.RecurrenceHorizon.pIndivisible_of_rooted_identity_return_of_overlap' depends on axioms: [propext,
2026-09-26T08:01:18.0457804Z  Classical.choice,
2026-09-26T08:01:18.0457999Z  Quot.sound]
2026-09-26T08:01:18.0458588Z info: OIBridge/RecurrenceHorizon.lean:191:0: 'OIBridge.RecurrenceHorizon.horizon_verdict' depends on axioms: [propext, Classical.choice, Quot.sound]
2026-09-26T08:01:18.0459334Z ℹ [3583/3599] Replayed OIBridge.ScalingFamily
2026-09-26T08:01:18.0459972Z info: OIBridge/ScalingFamily.lean:158:0: 'OIBridge.ScalingFamily.Bmat_one_eq' depends on axioms: [propext, Classical.choice, Quot.sound]
2026-09-26T08:01:18.0460957Z info: OIBridge/ScalingFamily.lean:159:0: 'OIBridge.ScalingFamily.Bmat_isRowStochastic' depends on axioms: [propext, Classical.choice, Quot.sound]
2026-09-26T08:01:18.0461921Z info: OIBridge/ScalingFamily.lean:160:0: 'OIBridge.ScalingFamily.Bmat_mul' depends on axioms: [propext, Classical.choice, Quot.sound]
2026-09-26T08:01:18.0462861Z info: OIBridge/ScalingFamily.lean:161:0: 'OIBridge.ScalingFamily.Bmat_factor' depends on axioms: [propext, Classical.choice, Quot.sound]
2026-09-26T08:01:18.0463909Z info: OIBridge/ScalingFamily.lean:162:0: 'OIBridge.ScalingFamily.tv_Bmat' depends on axioms: [propext, Classical.choice, Quot.sound]
2026-09-26T08:01:18.0464827Z info: OIBridge/ScalingFamily.lean:163:0: 'OIBridge.ScalingFamily.tv_Bmat_one' depends on axioms: [propext, Classical.choice, Quot.sound]
2026-09-26T08:01:18.0465801Z info: OIBridge/ScalingFamily.lean:164:0: 'OIBridge.ScalingFamily.tv_Bmat_lt_one' depends on axioms: [propext, Classical.choice, Quot.sound]
2026-09-26T08:01:18.0466921Z info: OIBridge/ScalingFamily.lean:165:0: 'OIBridge.ScalingFamily.pDivisible_below' depends on axioms: [propext, Classical.choice, Quot.sound]
2026-09-26T08:01:18.0467909Z info: OIBridge/ScalingFamily.lean:166:0: 'OIBridge.ScalingFamily.c4r_at_return' depends on axioms: [propext, Classical.choice, Quot.sound]
2026-09-26T08:01:18.0468907Z info: OIBridge/ScalingFamily.lean:167:0: 'OIBridge.ScalingFamily.pIndivisible_at_return' depends on axioms: [propext, Classical.choice, Quot.sound]
2026-09-26T08:01:18.0469892Z info: OIBridge/ScalingFamily.lean:168:0: 'OIBridge.ScalingFamily.tight_at' depends on axioms: [propext, Classical.choice, Quot.sound]
2026-09-26T08:01:18.0470598Z ⚠ [3584/3599] Replayed OIBridge.PhysicalC4Discharge
2026-09-26T08:01:18.0471362Z warning: OIBridge/PhysicalC4Discharge.lean:80:0: automatically included section variable(s) unused in theorem `OIBridge.PhysicalC4Discharge.routedReadback_mono`:
2026-09-26T08:01:18.0472082Z   [Fintype V]
2026-09-26T08:01:18.0472281Z   [DecidableEq H]
2026-09-26T08:01:18.0472758Z consider restructuring your `variable` declarations so that the variables are not in scope or explicitly omit them:
2026-09-26T08:01:18.0473434Z   omit [Fintype V] [DecidableEq H] in theorem ...
2026-09-26T08:01:18.0474029Z 
2026-09-26T08:01:18.0474312Z Note: This linter can be disabled with `set_option linter.unusedSectionVars false`
2026-09-26T08:01:18.0475208Z warning: OIBridge/PhysicalC4Discharge.lean:88:0: automatically included section variable(s) unused in theorem `OIBridge.PhysicalC4Discharge.routedReadback_overlap`:
2026-09-26T08:01:18.0475935Z   [Fintype V]
2026-09-26T08:01:18.0476134Z   [DecidableEq H]
2026-09-26T08:01:18.0476623Z consider restructuring your `variable` declarations so that the variables are not in scope or explicitly omit them:
2026-09-26T08:01:18.0477194Z   omit [Fintype V] [DecidableEq H] in theorem ...
2026-09-26T08:01:18.0477416Z 
2026-09-26T08:01:18.0477644Z Note: This linter can be disabled with `set_option linter.unusedSectionVars false`
2026-09-26T08:01:18.0478534Z warning: OIBridge/PhysicalC4Discharge.lean:594:0: automatically included section variable(s) unused in theorem `OIBridge.PhysicalC4Discharge.cutRealization_step`:
2026-09-26T08:01:18.0479309Z   [DecidableEq 𝒮.V]
2026-09-26T08:01:18.0479787Z consider restructuring your `variable` declarations so that the variables are not in scope or explicitly omit them:
2026-09-26T08:01:18.0480375Z   omit [DecidableEq 𝒮.V] in theorem ...
2026-09-26T08:01:18.0480576Z 
2026-09-26T08:01:18.0480807Z Note: This linter can be disabled with `set_option linter.unusedSectionVars false`
2026-09-26T08:01:18.0481688Z warning: OIBridge/PhysicalC4Discharge.lean:640:0: automatically included section variable(s) unused in theorem `OIBridge.PhysicalC4Discharge.latticeCutReadback_iff`:
2026-09-26T08:01:18.0482420Z   [NeZero L]
2026-09-26T08:01:18.0482616Z   [NeZero q]
2026-09-26T08:01:18.0483081Z consider restructuring your `variable` declarations so that the variables are not in scope or explicitly omit them:
2026-09-26T08:01:18.0483771Z   omit [NeZero L] [NeZero q] in theorem ...
2026-09-26T08:01:18.0483982Z 
2026-09-26T08:01:18.0484212Z Note: This linter can be disabled with `set_option linter.unusedSectionVars false`
2026-09-26T08:01:18.0485161Z warning: OIBridge/PhysicalC4Discharge.lean:650:0: automatically included section variable(s) unused in theorem `OIBridge.PhysicalC4Discharge.latticeCut_rootedMap_stochastic_periodic`:
2026-09-26T08:01:18.0485965Z   [NeZero L]
2026-09-26T08:01:18.0486153Z   [NeZero q]
2026-09-26T08:01:18.0486603Z consider restructuring your `variable` declarations so that the variables are not in scope or explicitly omit them:
2026-09-26T08:01:18.0487154Z   omit [NeZero L] [NeZero q] in theorem ...
2026-09-26T08:01:18.0487349Z 
2026-09-26T08:01:18.0487578Z Note: This linter can be disabled with `set_option linter.unusedSectionVars false`
2026-09-26T08:01:18.0488427Z info: OIBridge/PhysicalC4Discharge.lean:665:0: 'OIBridge.PhysicalC4Discharge.routedReadback_mono' depends on axioms: [propext, Classical.choice, Quot.sound]
2026-09-26T08:01:18.0489743Z info: OIBridge/PhysicalC4Discharge.lean:666:0: 'OIBridge.PhysicalC4Discharge.routedReadback_overlap' depends on axioms: [propext, Classical.choice, Quot.sound]
2026-09-26T08:01:18.0490859Z info: OIBridge/PhysicalC4Discharge.lean:667:0: 'OIBridge.PhysicalC4Discharge.routed_forces_return_indivisibility' depends on axioms: [propext,
2026-09-26T08:01:18.0491513Z  Classical.choice,
2026-09-26T08:01:18.0491720Z  Quot.sound]
2026-09-26T08:01:18.0492299Z info: OIBridge/PhysicalC4Discharge.lean:668:0: 'OIBridge.PhysicalC4Discharge.routed_forces_indivisible_somewhere' depends on axioms: [propext,
2026-09-26T08:01:18.0492948Z  Classical.choice,
2026-09-26T08:01:18.0493157Z  Quot.sound]
2026-09-26T08:01:18.0493912Z info: OIBridge/PhysicalC4Discharge.lean:669:0: 'OIBridge.PhysicalC4Discharge.core_realization_exists' depends on axioms: [propext, Classical.choice, Quot.sound]
2026-09-26T08:01:18.0495044Z info: OIBridge/PhysicalC4Discharge.lean:670:0: 'OIBridge.PhysicalC4Discharge.core_involutive' depends on axioms: [propext, Classical.choice, Quot.sound]
2026-09-26T08:01:18.0496272Z info: OIBridge/PhysicalC4Discharge.lean:671:0: 'OIBridge.PhysicalC4Discharge.core_rootedMap_even' depends on axioms: [propext, Classical.choice, Quot.sound]
2026-09-26T08:01:18.0497389Z info: OIBridge/PhysicalC4Discharge.lean:672:0: 'OIBridge.PhysicalC4Discharge.core_rootedMap_odd' depends on axioms: [propext, Classical.choice, Quot.sound]
2026-09-26T08:01:18.0498501Z info: OIBridge/PhysicalC4Discharge.lean:673:0: 'OIBridge.PhysicalC4Discharge.core_posterior_odd' depends on axioms: [propext, Classical.choice, Quot.sound]
2026-09-26T08:01:18.0499595Z info: OIBridge/PhysicalC4Discharge.lean:674:0: 'OIBridge.PhysicalC4Discharge.core_store_gap' depends on axioms: [propext, Classical.choice, Quot.sound]
2026-09-26T08:01:18.0500703Z info: OIBridge/PhysicalC4Discharge.lean:675:0: 'OIBridge.PhysicalC4Discharge.core_not_routedReadback' depends on axioms: [propext, Classical.choice, Quot.sound]
2026-09-26T08:01:18.0501813Z info: OIBridge/PhysicalC4Discharge.lean:676:0: 'OIBridge.PhysicalC4Discharge.core_c4e_two' depends on axioms: [propext, Classical.choice, Quot.sound]
2026-09-26T08:01:18.0502907Z info: OIBridge/PhysicalC4Discharge.lean:677:0: 'OIBridge.PhysicalC4Discharge.core_pIndivisible_two' depends on axioms: [propext, Classical.choice, Quot.sound]
2026-09-26T08:01:18.0504176Z info: OIBridge/PhysicalC4Discharge.lean:678:0: 'OIBridge.PhysicalC4Discharge.product_realization_exists' depends on axioms: [propext, Classical.choice, Quot.sound]
2026-09-26T08:01:18.0505323Z info: OIBridge/PhysicalC4Discharge.lean:679:0: 'OIBridge.PhysicalC4Discharge.product_iterate' depends on axioms: [propext, Classical.choice, Quot.sound]
2026-09-26T08:01:18.0506425Z info: OIBridge/PhysicalC4Discharge.lean:680:0: 'OIBridge.PhysicalC4Discharge.product_rootedMap' depends on axioms: [propext, Classical.choice, Quot.sound]
2026-09-26T08:01:18.0507575Z info: OIBridge/PhysicalC4Discharge.lean:681:0: 'OIBridge.PhysicalC4Discharge.product_not_routedReadback' depends on axioms: [propext, Classical.choice, Quot.sound]
2026-09-26T08:01:18.0508763Z info: OIBridge/PhysicalC4Discharge.lean:682:0: 'OIBridge.PhysicalC4Discharge.product_rootedMap_twelve' depends on axioms: [propext, Classical.choice, Quot.sound]
2026-09-26T08:01:18.0509907Z info: OIBridge/PhysicalC4Discharge.lean:683:0: 'OIBridge.PhysicalC4Discharge.product_pDivisible' depends on axioms: [propext, Classical.choice, Quot.sound]
2026-09-26T08:01:18.0511071Z info: OIBridge/PhysicalC4Discharge.lean:684:0: 'OIBridge.PhysicalC4Discharge.tapeLedger_realization_exists' depends on axioms: [propext, Classical.choice, Quot.sound]
2026-09-26T08:01:18.0512236Z info: OIBridge/PhysicalC4Discharge.lean:685:0: 'OIBridge.PhysicalC4Discharge.tapeLedger_step_eq' depends on axioms: [propext, Classical.choice, Quot.sound]
2026-09-26T08:01:18.0513376Z info: OIBridge/PhysicalC4Discharge.lean:686:0: 'OIBridge.PhysicalC4Discharge.tapeLedger_rootedMap_mid' depends on axioms: [propext, Classical.choice, Quot.sound]
2026-09-26T08:01:18.0515087Z info: OIBridge/PhysicalC4Discharge.lean:687:0: 'OIBridge.PhysicalC4Discharge.tapeLedger_rootedMap_four' depends on axioms: [propext, Classical.choice, Quot.sound]
2026-09-26T08:01:18.0516259Z info: OIBridge/PhysicalC4Discharge.lean:688:0: 'OIBridge.PhysicalC4Discharge.tapeLedger_write_store' depends on axioms: [propext, Classical.choice, Quot.sound]
2026-09-26T08:01:18.0517375Z info: OIBridge/PhysicalC4Discharge.lean:689:0: 'OIBridge.PhysicalC4Discharge.tapeLedger_not_routedReadback_three' depends on axioms: [propext,
2026-09-26T08:01:18.0518037Z  Classical.choice,
2026-09-26T08:01:18.0518247Z  Quot.sound]
2026-09-26T08:01:18.0518913Z info: OIBridge/PhysicalC4Discharge.lean:690:0: 'OIBridge.PhysicalC4Discharge.tapeLedger_pDivisible_three' depends on axioms: [propext, Classical.choice, Quot.sound]
2026-09-26T08:01:18.0520105Z info: OIBridge/PhysicalC4Discharge.lean:691:0: 'OIBridge.PhysicalC4Discharge.tapeLedger_history_identity' depends on axioms: [propext, Classical.choice, Quot.sound]
2026-09-26T08:01:18.0521450Z info: OIBridge/PhysicalC4Discharge.lean:692:0: 'OIBridge.PhysicalC4Discharge.tapeLedger_routedReadback_four' depends on axioms: [propext, Classical.choice, Quot.sound]
2026-09-26T08:01:18.0522641Z info: OIBridge/PhysicalC4Discharge.lean:693:0: 'OIBridge.PhysicalC4Discharge.tapeLedger_c4e_four' depends on axioms: [propext, Classical.choice, Quot.sound]
2026-09-26T08:01:18.0523949Z info: OIBridge/PhysicalC4Discharge.lean:694:0: 'OIBridge.PhysicalC4Discharge.tapeLedger_pIndivisible_four' depends on axioms: [propext, Classical.choice, Quot.sound]
2026-09-26T08:01:18.0525116Z info: OIBridge/PhysicalC4Discharge.lean:695:0: 'OIBridge.PhysicalC4Discharge.cutRealization_step' depends on axioms: [propext, Classical.choice, Quot.sound]
2026-09-26T08:01:18.0526345Z info: OIBridge/PhysicalC4Discharge.lean:696:0: 'OIBridge.PhysicalC4Discharge.cutRealization_rootedMap_isRowStochastic' depends on axioms: [propext,
2026-09-26T08:01:18.0527036Z  Classical.choice,
2026-09-26T08:01:18.0527251Z  Quot.sound]
2026-09-26T08:01:18.0527840Z info: OIBridge/PhysicalC4Discharge.lean:697:0: 'OIBridge.PhysicalC4Discharge.cutRealization_rootedMap_periodic' depends on axioms: [propext,
2026-09-26T08:01:18.0528504Z  Classical.choice,
2026-09-26T08:01:18.0528715Z  Quot.sound]
2026-09-26T08:01:18.0529359Z info: OIBridge/PhysicalC4Discharge.lean:698:0: 'OIBridge.PhysicalC4Discharge.latticeCutReadback_iff' depends on axioms: [propext, Classical.choice, Quot.sound]
2026-09-26T08:01:18.0530485Z info: OIBridge/PhysicalC4Discharge.lean:699:0: 'OIBridge.PhysicalC4Discharge.latticeCut_rootedMap_stochastic_periodic' depends on axioms: [propext,
2026-09-26T08:01:18.0531162Z  Classical.choice,
2026-09-26T08:01:18.0531364Z  Quot.sound]
2026-09-26T08:01:18.0531711Z ⚠ [3585/3599] Replayed OIBridge.PhysicalC4StorageReadback
2026-09-26T08:01:18.0532603Z warning: OIBridge/PhysicalC4StorageReadback.lean:81:0: automatically included section variable(s) unused in theorem `OIBridge.PhysicalC4StorageReadback.routedReadbackAtStorage_mono`:
2026-09-26T08:01:18.0533435Z   [Fintype V]
2026-09-26T08:01:18.0534029Z consider restructuring your `variable` declarations so that the variables are not in scope or explicitly omit them:
2026-09-26T08:01:18.0534575Z   omit [Fintype V] in theorem ...
2026-09-26T08:01:18.0534753Z 
2026-09-26T08:01:18.0534982Z Note: This linter can be disabled with `set_option linter.unusedSectionVars false`
2026-09-26T08:01:18.0535965Z warning: OIBridge/PhysicalC4StorageReadback.lean:91:0: automatically included section variable(s) unused in theorem `OIBridge.PhysicalC4StorageReadback.routedReadbackAtStorage_overlap`:
2026-09-26T08:01:18.0536792Z   [Fintype V]
2026-09-26T08:01:18.0537256Z consider restructuring your `variable` declarations so that the variables are not in scope or explicitly omit them:
2026-09-26T08:01:18.0537797Z   omit [Fintype V] in theorem ...
2026-09-26T08:01:18.0537965Z 
2026-09-26T08:01:18.0538198Z Note: This linter can be disabled with `set_option linter.unusedSectionVars false`
2026-09-26T08:01:18.0539248Z warning: OIBridge/PhysicalC4StorageReadback.lean:100:0: automatically included section variable(s) unused in theorem `OIBridge.PhysicalC4StorageReadback.storageWeight_sum`:
2026-09-26T08:01:18.0540011Z   [Fintype V]
2026-09-26T08:01:18.0540466Z consider restructuring your `variable` declarations so that the variables are not in scope or explicitly omit them:
2026-09-26T08:01:18.0541001Z   omit [Fintype V] in theorem ...
2026-09-26T08:01:18.0541171Z 
2026-09-26T08:01:18.0541393Z Note: This linter can be disabled with `set_option linter.unusedSectionVars false`
2026-09-26T08:01:18.0542370Z warning: OIBridge/PhysicalC4StorageReadback.lean:119:0: automatically included section variable(s) unused in theorem `OIBridge.PhysicalC4StorageReadback.storageWeight_eq_zero_of_root_ne`:
2026-09-26T08:01:18.0543195Z   [Fintype V]
2026-09-26T08:01:18.0543767Z consider restructuring your `variable` declarations so that the variables are not in scope or explicitly omit them:
2026-09-26T08:01:18.0544307Z   omit [Fintype V] in theorem ...
2026-09-26T08:01:18.0544481Z 
2026-09-26T08:01:18.0544833Z Note: This linter can be disabled with `set_option linter.unusedSectionVars false`
2026-09-26T08:01:18.0545795Z warning: OIBridge/PhysicalC4StorageReadback.lean:165:0: automatically included section variable(s) unused in theorem `OIBridge.PhysicalC4StorageReadback.rootedStatePosterior_marg_eq`:
2026-09-26T08:01:18.0546611Z   [Fintype V]
2026-09-26T08:01:18.0547067Z consider restructuring your `variable` declarations so that the variables are not in scope or explicitly omit them:
2026-09-26T08:01:18.0547599Z   omit [Fintype V] in theorem ...
2026-09-26T08:01:18.0547762Z 
2026-09-26T08:01:18.0547993Z Note: This linter can be disabled with `set_option linter.unusedSectionVars false`
2026-09-26T08:01:18.0548829Z info: OIBridge/PhysicalC4StorageReadback.lean:702:0: 'OIBridge.PhysicalC4StorageReadback.routedReadbackAtStorage_mono' depends on axioms: [propext,
2026-09-26T08:01:18.0549541Z  Classical.choice,
2026-09-26T08:01:18.0549754Z  Quot.sound]
2026-09-26T08:01:18.0550407Z info: OIBridge/PhysicalC4StorageReadback.lean:703:0: 'OIBridge.PhysicalC4StorageReadback.routedReadbackAtStorage_overlap' depends on axioms: [propext,
2026-09-26T08:01:18.0551123Z  Classical.choice,
2026-09-26T08:01:18.0551336Z  Quot.sound]
2026-09-26T08:01:18.0552026Z info: OIBridge/PhysicalC4StorageReadback.lean:704:0: 'OIBridge.PhysicalC4StorageReadback.storageWeight_sum' depends on axioms: [propext, Classical.choice, Quot.sound]
2026-09-26T08:01:18.0553212Z info: OIBridge/PhysicalC4StorageReadback.lean:705:0: 'OIBridge.PhysicalC4StorageReadback.storageWeight_eq_zero_of_root_ne' depends on axioms: [propext,
2026-09-26T08:01:18.0554347Z  Classical.choice,
2026-09-26T08:01:18.0554565Z  Quot.sound]
2026-09-26T08:01:18.0555287Z info: OIBridge/PhysicalC4StorageReadback.lean:706:0: 'OIBridge.PhysicalC4StorageReadback.rootedStatePosterior_ne' depends on axioms: [propext, Classical.choice, Quot.sound]
2026-09-26T08:01:18.0556508Z info: OIBridge/PhysicalC4StorageReadback.lean:707:0: 'OIBridge.PhysicalC4StorageReadback.rootedStatePosterior_marg_eq' depends on axioms: [propext,
2026-09-26T08:01:18.0557219Z  Classical.choice,
2026-09-26T08:01:18.0557427Z  Quot.sound]
2026-09-26T08:01:18.0558109Z info: OIBridge/PhysicalC4StorageReadback.lean:708:0: 'OIBridge.PhysicalC4StorageReadback.routedAtStorage_forces_return_indivisibility' depends on axioms: [propext,
2026-09-26T08:01:18.0558862Z  Classical.choice,
2026-09-26T08:01:18.0559067Z  Quot.sound]
2026-09-26T08:01:18.0559740Z info: OIBridge/PhysicalC4StorageReadback.lean:709:0: 'OIBridge.PhysicalC4StorageReadback.routedAtStorage_forces_indivisible_somewhere' depends on axioms: [propext,
2026-09-26T08:01:18.0560487Z  Classical.choice,
2026-09-26T08:01:18.0560688Z  Quot.sound]
2026-09-26T08:01:18.0561388Z info: OIBridge/PhysicalC4StorageReadback.lean:710:0: 'OIBridge.PhysicalC4StorageReadback.core_statePosterior_odd' depends on axioms: [propext, Classical.choice, Quot.sound]
2026-09-26T08:01:18.0562644Z info: OIBridge/PhysicalC4StorageReadback.lean:711:0: 'OIBridge.PhysicalC4StorageReadback.core_storage_contrast' depends on axioms: [propext, Classical.choice, Quot.sound]
2026-09-26T08:01:18.0564121Z info: OIBridge/PhysicalC4StorageReadback.lean:712:0: 'OIBridge.PhysicalC4StorageReadback.core_routedReadbackAtStorage_two' depends on axioms: [propext,
2026-09-26T08:01:18.0564830Z  Classical.choice,
2026-09-26T08:01:18.0565061Z  Quot.sound]
2026-09-26T08:01:18.0565700Z info: OIBridge/PhysicalC4StorageReadback.lean:713:0: 'OIBridge.PhysicalC4StorageReadback.product_not_routedReadbackAtStorage' depends on axioms: [propext,
2026-09-26T08:01:18.0566413Z  Classical.choice,
2026-09-26T08:01:18.0566617Z  Quot.sound]
2026-09-26T08:01:18.0567300Z info: OIBridge/PhysicalC4StorageReadback.lean:714:0: 'OIBridge.PhysicalC4StorageReadback.tapeLedger_not_routedReadbackAtStorage_three' depends on axioms: [propext,
2026-09-26T08:01:18.0568054Z  Classical.choice,
2026-09-26T08:01:18.0568261Z  Quot.sound]
2026-09-26T08:01:18.0568885Z info: OIBridge/PhysicalC4StorageReadback.lean:715:0: 'OIBridge.PhysicalC4StorageReadback.tapeLedger_statePosterior_one' depends on axioms: [propext,
2026-09-26T08:01:18.0569102Z  Classical.choice,
2026-09-26T08:01:18.0569190Z  Quot.sound]
2026-09-26T08:01:18.0569746Z info: OIBridge/PhysicalC4StorageReadback.lean:716:0: 'OIBridge.PhysicalC4StorageReadback.tapeLedger_routedReadbackAtStorage_four' depends on axioms: [propext,
2026-09-26T08:01:18.0569831Z  Classical.choice,
2026-09-26T08:01:18.0569913Z  Quot.sound]
2026-09-26T08:01:18.0570460Z info: OIBridge/PhysicalC4StorageReadback.lean:717:0: 'OIBridge.PhysicalC4StorageReadback.core_storageReadback_and_not_routedReadback' depends on axioms: [propext,
2026-09-26T08:01:18.0570550Z  Classical.choice,
2026-09-26T08:01:18.0570636Z  Quot.sound]
2026-09-26T08:01:18.0571189Z info: OIBridge/PhysicalC4StorageReadback.lean:718:0: 'OIBridge.PhysicalC4StorageReadback.storageReadback_not_implies_routedReadback' depends on axioms: [propext,
2026-09-26T08:01:18.0571280Z  Classical.choice,
2026-09-26T08:01:18.0571367Z  Quot.sound]
2026-09-26T08:01:18.0571952Z info: OIBridge/PhysicalC4StorageReadback.lean:719:0: 'OIBridge.PhysicalC4StorageReadback.sep_realization_exists' depends on axioms: [propext, Classical.choice, Quot.sound]
2026-09-26T08:01:18.0572500Z info: OIBridge/PhysicalC4StorageReadback.lean:720:0: 'OIBridge.PhysicalC4StorageReadback.sep_rootedMap' depends on axioms: [propext, Classical.choice, Quot.sound]
2026-09-26T08:01:18.0573070Z info: OIBridge/PhysicalC4StorageReadback.lean:721:0: 'OIBridge.PhysicalC4StorageReadback.sep_statePosterior' depends on axioms: [propext, Classical.choice, Quot.sound]
2026-09-26T08:01:18.0573757Z info: OIBridge/PhysicalC4StorageReadback.lean:722:0: 'OIBridge.PhysicalC4StorageReadback.sep_seedPosterior' depends on axioms: [propext, Classical.choice, Quot.sound]
2026-09-26T08:01:18.0574324Z info: OIBridge/PhysicalC4StorageReadback.lean:723:0: 'OIBridge.PhysicalC4StorageReadback.sep_read_collapse' depends on axioms: [propext, Classical.choice, Quot.sound]
2026-09-26T08:01:18.0574909Z info: OIBridge/PhysicalC4StorageReadback.lean:724:0: 'OIBridge.PhysicalC4StorageReadback.sep_routedReadback_two' depends on axioms: [propext, Classical.choice, Quot.sound]
2026-09-26T08:01:18.0575439Z info: OIBridge/PhysicalC4StorageReadback.lean:725:0: 'OIBridge.PhysicalC4StorageReadback.sep_not_routedReadbackAtStorage_two' depends on axioms: [propext,
2026-09-26T08:01:18.0575523Z  Classical.choice,
2026-09-26T08:01:18.0575607Z  Quot.sound]
2026-09-26T08:01:18.0576162Z info: OIBridge/PhysicalC4StorageReadback.lean:726:0: 'OIBridge.PhysicalC4StorageReadback.routedReadback_not_implies_storageReadback' depends on axioms: [propext,
2026-09-26T08:01:18.0576250Z  Classical.choice,
2026-09-26T08:01:18.0576334Z  Quot.sound]
2026-09-26T08:01:18.0576542Z ℹ [3586/3599] Replayed OIBridge.HydroClosureBridge
2026-09-26T08:01:18.0577062Z info: OIBridge/HydroClosureBridge.lean:549:0: 'OIBridge.HydroClosureBridge.hexFugacity_pos' depends on axioms: [propext, Classical.choice, Quot.sound]
2026-09-26T08:01:18.0577719Z info: OIBridge/HydroClosureBridge.lean:550:0: 'OIBridge.HydroClosureBridge.hexLocalWeight_zero' depends on axioms: [propext, Classical.choice, Quot.sound]
2026-09-26T08:01:18.0578265Z info: OIBridge/HydroClosureBridge.lean:551:0: 'OIBridge.HydroClosureBridge.hexLocalWeight_hexFugacity' depends on axioms: [propext, Classical.choice, Quot.sound]
2026-09-26T08:01:18.0578777Z info: OIBridge/HydroClosureBridge.lean:552:0: 'OIBridge.HydroClosureBridge.hexCollide_charges' depends on axioms: [propext, Classical.choice, Quot.sound]
2026-09-26T08:01:18.0579315Z info: OIBridge/HydroClosureBridge.lean:553:0: 'OIBridge.HydroClosureBridge.hexLocalWeight_hexCollide' depends on axioms: [propext, Classical.choice, Quot.sound]
2026-09-26T08:01:18.0579839Z info: OIBridge/HydroClosureBridge.lean:554:0: 'OIBridge.HydroClosureBridge.hexConfWeight_hexStream' depends on axioms: [propext, Classical.choice, Quot.sound]
2026-09-26T08:01:18.0580357Z info: OIBridge/HydroClosureBridge.lean:555:0: 'OIBridge.HydroClosureBridge.hexConfWeight_hexGas' depends on axioms: [propext, Classical.choice, Quot.sound]
2026-09-26T08:01:18.0580980Z info: OIBridge/HydroClosureBridge.lean:556:0: 'OIBridge.HydroClosureBridge.hexFamilyFlux_apply' depends on axioms: [propext, Classical.choice, Quot.sound]
2026-09-26T08:01:18.0581512Z info: OIBridge/HydroClosureBridge.lean:557:0: 'OIBridge.HydroClosureBridge.hexFamilyFlux_isotropic' depends on axioms: [propext, Classical.choice, Quot.sound]
2026-09-26T08:01:18.0582016Z info: OIBridge/HydroClosureBridge.lean:558:0: 'OIBridge.HydroClosureBridge.hexMeanCharge_apply' depends on axioms: [propext, Classical.choice, Quot.sound]
2026-09-26T08:01:18.0582521Z info: OIBridge/HydroClosureBridge.lean:559:0: 'OIBridge.HydroClosureBridge.hexSigma_strictMono' depends on axioms: [propext, Classical.choice, Quot.sound]
2026-09-26T08:01:18.0583021Z info: OIBridge/HydroClosureBridge.lean:560:0: 'OIBridge.HydroClosureBridge.hexSigma_mul_nonneg' depends on axioms: [propext, Classical.choice, Quot.sound]
2026-09-26T08:01:18.0583527Z info: OIBridge/HydroClosureBridge.lean:561:0: 'OIBridge.HydroClosureBridge.hexSigma_mul_eq_zero' depends on axioms: [propext, Classical.choice, Quot.sound]
2026-09-26T08:01:18.0584150Z info: OIBridge/HydroClosureBridge.lean:562:0: 'OIBridge.HydroClosureBridge.hexSpan_sum_zero' depends on axioms: [propext, Classical.choice, Quot.sound]
2026-09-26T08:01:18.0584679Z info: OIBridge/HydroClosureBridge.lean:563:0: 'OIBridge.HydroClosureBridge.hexMeanCharge_injective' depends on axioms: [propext, Classical.choice, Quot.sound]
2026-09-26T08:01:18.0585145Z info: OIBridge/HydroClosureBridge.lean:564:0: 'OIBridge.HydroClosureBridge.hexStream_clauses_and_six_invariants' depends on axioms: [propext,
2026-09-26T08:01:18.0585234Z  Classical.choice,
2026-09-26T08:01:18.0585319Z  Quot.sound]
2026-09-26T08:01:18.0585817Z info: OIBridge/HydroClosureBridge.lean:565:0: 'OIBridge.HydroClosureBridge.hexGas_single_zero' depends on axioms: [propext, Classical.choice, Quot.sound]
2026-09-26T08:01:18.0586313Z info: OIBridge/HydroClosureBridge.lean:566:0: 'OIBridge.HydroClosureBridge.hexConfWeight_site_dependent_not_invariant' depends on axioms: [propext,
2026-09-26T08:01:18.0586408Z  Classical.choice,
2026-09-26T08:01:18.0586486Z  Quot.sound]
2026-09-26T08:01:18.0586836Z ⚠ [3587/3599] Replayed OIBridge.IntermediateCrossTimeStructure
2026-09-26T08:01:18.0587136Z warning: OIBridge/IntermediateCrossTimeStructure.lean:606:17: This simp argument is unused:
2026-09-26T08:01:18.0587217Z   if_pos rfl
2026-09-26T08:01:18.0587221Z 
2026-09-26T08:01:18.0587337Z Hint: Omit it from the simp argument list.
2026-09-26T08:01:18.0587438Z   [apply] simp only at hh
2026-09-26T08:01:18.0587442Z 
2026-09-26T08:01:18.0587667Z Note: This linter can be disabled with `set_option linter.unusedSimpArgs false`
2026-09-26T08:01:18.0587961Z warning: OIBridge/IntermediateCrossTimeStructure.lean:839:17: This simp argument is unused:
2026-09-26T08:01:18.0588045Z   if_pos rfl
2026-09-26T08:01:18.0588048Z 
2026-09-26T08:01:18.0588154Z Hint: Omit it from the simp argument list.
2026-09-26T08:01:18.0588370Z   [apply] simp only
2026-09-26T08:01:18.0588374Z 
2026-09-26T08:01:18.0588599Z Note: This linter can be disabled with `set_option linter.unusedSimpArgs false`
2026-09-26T08:01:18.0588879Z warning: OIBridge/IntermediateCrossTimeStructure.lean:1007:8: This simp argument is unused:
2026-09-26T08:01:18.0588962Z   zero_add
2026-09-26T08:01:18.0588966Z 
2026-09-26T08:01:18.0589070Z Hint: Omit it from the simp argument list.
2026-09-26T08:01:18.0589323Z   [apply] simp only [if_pos ht, if_neg ht1, hMa0, hNa1, mul_zero, zero_mul, star_zero, add_zero]
2026-09-26T08:01:18.0589327Z 
2026-09-26T08:01:18.0589543Z Note: This linter can be disabled with `set_option linter.unusedSimpArgs false`
2026-09-26T08:01:18.0589820Z warning: OIBridge/IntermediateCrossTimeStructure.lean:1011:8: This simp argument is unused:
2026-09-26T08:01:18.0589902Z   zero_add
2026-09-26T08:01:18.0589906Z 
2026-09-26T08:01:18.0590017Z Hint: Omit it from the simp argument list.
2026-09-26T08:01:18.0590265Z   [apply] simp only [if_neg ht0, if_pos ht1, hMa0, hNa1, mul_zero, zero_mul, star_zero, add_zero]
2026-09-26T08:01:18.0590274Z 
2026-09-26T08:01:18.0590624Z Note: This linter can be disabled with `set_option linter.unusedSimpArgs false`
2026-09-26T08:01:18.0591162Z info: OIBridge/IntermediateCrossTimeStructure.lean:1090:0: 'OIBridge.IntermediateCrossTimeStructure.xs1_pointwise_factors' depends on axioms: [propext,
2026-09-26T08:01:18.0591247Z  Classical.choice,
2026-09-26T08:01:18.0591334Z  Quot.sound]
2026-09-26T08:01:18.0591933Z info: OIBridge/IntermediateCrossTimeStructure.lean:1091:0: 'OIBridge.IntermediateCrossTimeStructure.xs1_splice' depends on axioms: [propext, Classical.choice, Quot.sound]
2026-09-26T08:01:18.0592476Z info: OIBridge/IntermediateCrossTimeStructure.lean:1092:0: 'OIBridge.IntermediateCrossTimeStructure.xs1_pointwise_not_propagates' depends on axioms: [propext,
2026-09-26T08:01:18.0592566Z  Classical.choice,
2026-09-26T08:01:18.0592651Z  Quot.sound]
2026-09-26T08:01:18.0593222Z info: OIBridge/IntermediateCrossTimeStructure.lean:1093:0: 'OIBridge.IntermediateCrossTimeStructure.xs2_readback_factors_through_level2' depends on axioms: [propext,
2026-09-26T08:01:18.0593316Z  Classical.choice,
2026-09-26T08:01:18.0593402Z  Quot.sound]
2026-09-26T08:01:18.0594290Z info: OIBridge/IntermediateCrossTimeStructure.lean:1094:0: 'OIBridge.IntermediateCrossTimeStructure.readback_of_coherentLift' depends on axioms: [propext,
2026-09-26T08:01:18.0594390Z  Classical.choice,
2026-09-26T08:01:18.0594477Z  Quot.sound]
2026-09-26T08:01:18.0595099Z info: OIBridge/IntermediateCrossTimeStructure.lean:1095:0: 'OIBridge.IntermediateCrossTimeStructure.df_bounded_above' depends on axioms: [propext, Classical.choice, Quot.sound]
2026-09-26T08:01:18.0595718Z info: OIBridge/IntermediateCrossTimeStructure.lean:1096:0: 'OIBridge.IntermediateCrossTimeStructure.df1_above_visible' depends on axioms: [propext, Classical.choice, Quot.sound]
2026-09-26T08:01:18.0596331Z info: OIBridge/IntermediateCrossTimeStructure.lean:1097:0: 'OIBridge.IntermediateCrossTimeStructure.df2_above_visible' depends on axioms: [propext, Classical.choice, Quot.sound]
2026-09-26T08:01:18.0596878Z info: OIBridge/IntermediateCrossTimeStructure.lean:1098:0: 'OIBridge.IntermediateCrossTimeStructure.df2_below_level2_and_resid' depends on axioms: [propext,
2026-09-26T08:01:18.0596974Z  Classical.choice,
2026-09-26T08:01:18.0597056Z  Quot.sound]
2026-09-26T08:01:18.0597657Z info: OIBridge/IntermediateCrossTimeStructure.lean:1099:0: 'OIBridge.IntermediateCrossTimeStructure.df3_above_visible' depends on axioms: [propext, Classical.choice, Quot.sound]
2026-09-26T08:01:18.0598265Z info: OIBridge/IntermediateCrossTimeStructure.lean:1100:0: 'OIBridge.IntermediateCrossTimeStructure.lc0_pointwise_law' depends on axioms: [propext, Classical.choice, Quot.sound]
2026-09-26T08:01:18.0598868Z info: OIBridge/IntermediateCrossTimeStructure.lean:1101:0: 'OIBridge.IntermediateCrossTimeStructure.lc3_generator_law' depends on axioms: [propext, Classical.choice, Quot.sound]
2026-09-26T08:01:18.0599614Z info: OIBridge/IntermediateCrossTimeStructure.lean:1102:0: 'OIBridge.IntermediateCrossTimeStructure.xs5_l_axis_prop' depends on axioms: [propext, Classical.choice, Quot.sound]
2026-09-26T08:01:18.0600227Z info: OIBridge/IntermediateCrossTimeStructure.lean:1103:0: 'OIBridge.IntermediateCrossTimeStructure.lc2_regularity_law' depends on axioms: [propext, Classical.choice, Quot.sound]
2026-09-26T08:01:18.0600755Z info: OIBridge/IntermediateCrossTimeStructure.lean:1104:0: 'OIBridge.IntermediateCrossTimeStructure.prod_mem_unitaryGroup' depends on axioms: [propext,
2026-09-26T08:01:18.0600837Z  Classical.choice,
2026-09-26T08:01:18.0600920Z  Quot.sound]
2026-09-26T08:01:18.0601532Z info: OIBridge/IntermediateCrossTimeStructure.lean:1105:0: 'OIBridge.IntermediateCrossTimeStructure.prod_admissible' depends on axioms: [propext, Classical.choice, Quot.sound]
2026-09-26T08:01:18.0602128Z info: OIBridge/IntermediateCrossTimeStructure.lean:1106:0: 'OIBridge.IntermediateCrossTimeStructure.df1_below_level2' depends on axioms: [propext, Classical.choice, Quot.sound]
2026-09-26T08:01:18.0602835Z info: OIBridge/IntermediateCrossTimeStructure.lean:1107:0: 'OIBridge.IntermediateCrossTimeStructure.xs4_d_axis_mid' depends on axioms: [propext, Classical.choice, Quot.sound]
2026-09-26T08:01:18.0603064Z ℹ [3588/3599] Replayed OIBridge.OrbitLawRigidityTwisted
2026-09-26T08:01:18.0604068Z info: OIBridge/OrbitLawRigidityTwisted.lean:1568:0: 'OIBridge.OrbitLawRigidityTwisted.composite_descends' depends on axioms: [propext, Classical.choice, Quot.sound]
2026-09-26T08:01:18.0604661Z info: OIBridge/OrbitLawRigidityTwisted.lean:1569:0: 'OIBridge.OrbitLawRigidityTwisted.solution_eq_composite' depends on axioms: [propext, Classical.choice, Quot.sound]
2026-09-26T08:01:18.0605198Z info: OIBridge/OrbitLawRigidityTwisted.lean:1570:0: 'OIBridge.OrbitLawRigidityTwisted.ol1a_descent' depends on axioms: [propext, Classical.choice, Quot.sound]
2026-09-26T08:01:18.0605756Z info: OIBridge/OrbitLawRigidityTwisted.lean:1571:0: 'OIBridge.OrbitLawRigidityTwisted.iterate_descends' depends on axioms: [propext, Classical.choice, Quot.sound]
2026-09-26T08:01:18.0606317Z info: OIBridge/OrbitLawRigidityTwisted.lean:1572:0: 'OIBridge.OrbitLawRigidityTwisted.ol1b_monoid_action' depends on axioms: [propext, Classical.choice, Quot.sound]
2026-09-26T08:01:18.0606818Z info: OIBridge/OrbitLawRigidityTwisted.lean:1573:0: 'OIBridge.OrbitLawRigidityTwisted.realizable_of_gramPhaseEquiv' depends on axioms: [propext,
2026-09-26T08:01:18.0606907Z  Classical.choice,
2026-09-26T08:01:18.0606985Z  Quot.sound]
2026-09-26T08:01:18.0607546Z info: OIBridge/OrbitLawRigidityTwisted.lean:1574:0: 'OIBridge.OrbitLawRigidityTwisted.realizable_relabel' depends on axioms: [propext, Classical.choice, Quot.sound]
2026-09-26T08:01:18.0608142Z info: OIBridge/OrbitLawRigidityTwisted.lean:1575:0: 'OIBridge.OrbitLawRigidityTwisted.relabel_gramPhaseEquiv' depends on axioms: [propext, Classical.choice, Quot.sound]
2026-09-26T08:01:18.0608710Z info: OIBridge/OrbitLawRigidityTwisted.lean:1576:0: 'OIBridge.OrbitLawRigidityTwisted.relabel_relabel_symm' depends on axioms: [propext, Classical.choice, Quot.sound]
2026-09-26T08:01:18.0609275Z info: OIBridge/OrbitLawRigidityTwisted.lean:1577:0: 'OIBridge.OrbitLawRigidityTwisted.relabel_symm_relabel' depends on axioms: [propext, Classical.choice, Quot.sound]
2026-09-26T08:01:18.0609867Z info: OIBridge/OrbitLawRigidityTwisted.lean:1578:0: 'OIBridge.OrbitLawRigidityTwisted.gramPhaseEquiv_of_relabel' depends on axioms: [propext, Classical.choice, Quot.sound]
2026-09-26T08:01:18.0610403Z info: OIBridge/OrbitLawRigidityTwisted.lean:1579:0: 'OIBridge.OrbitLawRigidityTwisted.witness_supply' depends on axioms: [propext, Classical.choice, Quot.sound]
2026-09-26T08:01:18.0610961Z info: OIBridge/OrbitLawRigidityTwisted.lean:1580:0: 'OIBridge.OrbitLawRigidityTwisted.factorizes_trivial' depends on axioms: [propext, Classical.choice, Quot.sound]
2026-09-26T08:01:18.0611488Z info: OIBridge/OrbitLawRigidityTwisted.lean:1581:0: 'OIBridge.OrbitLawRigidityTwisted.phiI_ladder' depends on axioms: [propext, Classical.choice, Quot.sound]
2026-09-26T08:01:18.0612154Z info: OIBridge/OrbitLawRigidityTwisted.lean:1582:0: 'OIBridge.OrbitLawRigidityTwisted.phiP_ladder' depends on axioms: [propext, Classical.choice, Quot.sound]
2026-09-26T08:01:18.0612669Z info: OIBridge/OrbitLawRigidityTwisted.lean:1583:0: 'OIBridge.OrbitLawRigidityTwisted.siop_yes' depends on axioms: [propext, Classical.choice, Quot.sound]
2026-09-26T08:01:18.0613220Z info: OIBridge/OrbitLawRigidityTwisted.lean:1584:0: 'OIBridge.OrbitLawRigidityTwisted.phiX_l0_restricts' depends on axioms: [propext, Classical.choice, Quot.sound]
2026-09-26T08:01:18.0613884Z info: OIBridge/OrbitLawRigidityTwisted.lean:1585:0: 'OIBridge.OrbitLawRigidityTwisted.phiC_census' depends on axioms: [propext, Classical.choice, Quot.sound]
2026-09-26T08:01:18.0614429Z info: OIBridge/OrbitLawRigidityTwisted.lean:1586:0: 'OIBridge.OrbitLawRigidityTwisted.phiT_l2_restricts' depends on axioms: [propext, Classical.choice, Quot.sound]
2026-09-26T08:01:18.0615107Z info: OIBridge/OrbitLawRigidityTwisted.lean:1587:0: 'OIBridge.OrbitLawRigidityTwisted.l1_free_on_shared_class' depends on axioms: [propext, Classical.choice, Quot.sound]
2026-09-26T08:01:18.0615650Z info: OIBridge/OrbitLawRigidityTwisted.lean:1588:0: 'OIBridge.OrbitLawRigidityTwisted.product_cross' depends on axioms: [propext, Classical.choice, Quot.sound]
2026-09-26T08:01:18.0616187Z info: OIBridge/OrbitLawRigidityTwisted.lean:1589:0: 'OIBridge.OrbitLawRigidityTwisted.relabel_product' depends on axioms: [propext, Classical.choice, Quot.sound]
2026-09-26T08:01:18.0616715Z info: OIBridge/OrbitLawRigidityTwisted.lean:1590:0: 'OIBridge.OrbitLawRigidityTwisted.relabel_one' depends on axioms: [propext, Classical.choice, Quot.sound]
2026-09-26T08:01:18.0617247Z info: OIBridge/OrbitLawRigidityTwisted.lean:1591:0: 'OIBridge.OrbitLawRigidityTwisted.vpart_unitary' depends on axioms: [propext, Classical.choice, Quot.sound]
2026-09-26T08:01:18.0617797Z info: OIBridge/OrbitLawRigidityTwisted.lean:1592:0: 'OIBridge.OrbitLawRigidityTwisted.product_realizable' depends on axioms: [propext, Classical.choice, Quot.sound]
2026-09-26T08:01:18.0618349Z info: OIBridge/OrbitLawRigidityTwisted.lean:1593:0: 'OIBridge.OrbitLawRigidityTwisted.hadamard_entries' depends on axioms: [propext, Classical.choice, Quot.sound]
2026-09-26T08:01:18.0618907Z info: OIBridge/OrbitLawRigidityTwisted.lean:1594:0: 'OIBridge.OrbitLawRigidityTwisted.product_separations' depends on axioms: [propext, Classical.choice, Quot.sound]
2026-09-26T08:01:18.0619432Z info: OIBridge/OrbitLawRigidityTwisted.lean:1595:0: 'OIBridge.OrbitLawRigidityTwisted.phiPP_ladder' depends on axioms: [propext, Classical.choice, Quot.sound]
2026-09-26T08:01:18.0619972Z info: OIBridge/OrbitLawRigidityTwisted.lean:1596:0: 'OIBridge.OrbitLawRigidityTwisted.phiCTRL_census' depends on axioms: [propext, Classical.choice, Quot.sound]
2026-09-26T08:01:18.0620234Z ℹ [3589/3599] Replayed OIBridge.OrbitLawNaturalityFactorization
2026-09-26T08:01:18.0620866Z info: OIBridge/OrbitLawNaturalityFactorization.lean:397:0: 'OIBridge.OrbitLawNaturalityFactorization.relabel_prodComm' depends on axioms: [propext, Classical.choice, Quot.sound]
2026-09-26T08:01:18.0621413Z info: OIBridge/OrbitLawNaturalityFactorization.lean:398:0: 'OIBridge.OrbitLawNaturalityFactorization.gramPhaseEquiv_diag' depends on axioms: [propext,
2026-09-26T08:01:18.0621504Z  Classical.choice,
2026-09-26T08:01:18.0621588Z  Quot.sound]
2026-09-26T08:01:18.0622256Z info: OIBridge/OrbitLawNaturalityFactorization.lean:399:0: 'OIBridge.OrbitLawNaturalityFactorization.phiCTRL_l4n_restricts' depends on axioms: [propext,
2026-09-26T08:01:18.0622397Z  Classical.choice,
2026-09-26T08:01:18.0622515Z  Quot.sound]
2026-09-26T08:01:18.0623366Z info: OIBridge/OrbitLawNaturalityFactorization.lean:400:0: 'OIBridge.OrbitLawNaturalityFactorization.phiSwap_l5_restricts' depends on axioms: [propext,
2026-09-26T08:01:18.0623512Z  Classical.choice,
2026-09-26T08:01:18.0623835Z  Quot.sound]
2026-09-26T08:01:18.0624765Z info: OIBridge/OrbitLawNaturalityFactorization.lean:401:0: 'OIBridge.OrbitLawNaturalityFactorization.prefix_not_implies_l5' depends on axioms: [propext,
2026-09-26T08:01:18.0625162Z  Classical.choice,
2026-09-26T08:01:18.0625301Z  Quot.sound]
2026-09-26T08:01:18.0625649Z ℹ [3590/3599] Replayed OIBridge.OrbitLawGaps
2026-09-26T08:01:18.0626602Z info: OIBridge/OrbitLawGaps.lean:1245:0: 'OIBridge.OrbitLawGaps.gramPhaseEquiv_fst_of_product' depends on axioms: [propext, Classical.choice, Quot.sound]
2026-09-26T08:01:18.0627527Z info: OIBridge/OrbitLawGaps.lean:1246:0: 'OIBridge.OrbitLawGaps.product_gramPhaseEquiv_fst' depends on axioms: [propext, Classical.choice, Quot.sound]
2026-09-26T08:01:18.0628397Z info: OIBridge/OrbitLawGaps.lean:1247:0: 'OIBridge.OrbitLawGaps.zero_not_realizable' depends on axioms: [propext, Classical.choice, Quot.sound]
2026-09-26T08:01:18.0629233Z info: OIBridge/OrbitLawGaps.lean:1248:0: 'OIBridge.OrbitLawGaps.hadamard_z_admissible' depends on axioms: [propext, Classical.choice, Quot.sound]
2026-09-26T08:01:18.0630062Z info: OIBridge/OrbitLawGaps.lean:1249:0: 'OIBridge.OrbitLawGaps.fibreGram_z_entries' depends on axioms: [propext, Classical.choice, Quot.sound]
2026-09-26T08:01:18.0631015Z info: OIBridge/OrbitLawGaps.lean:1250:0: 'OIBridge.OrbitLawGaps.zseq_facts' depends on axioms: [propext, Classical.choice, Quot.sound]
2026-09-26T08:01:18.0631829Z info: OIBridge/OrbitLawGaps.lean:1251:0: 'OIBridge.OrbitLawGaps.gap_separations' depends on axioms: [propext, Classical.choice, Quot.sound]
2026-09-26T08:01:18.0632623Z info: OIBridge/OrbitLawGaps.lean:1252:0: 'OIBridge.OrbitLawGaps.phiMD_l1_restricts' depends on axioms: [propext, Classical.choice, Quot.sound]
2026-09-26T08:01:18.0633418Z info: OIBridge/OrbitLawGaps.lean:1253:0: 'OIBridge.OrbitLawGaps.phiPC_l3i_restricts' depends on axioms: [propext, Classical.choice, Quot.sound]
2026-09-26T08:01:18.0634487Z info: OIBridge/OrbitLawGaps.lean:1254:0: 'OIBridge.OrbitLawGaps.phiHS_l3s_restricts' depends on axioms: [propext, Classical.choice, Quot.sound]
2026-09-26T08:01:18.0635335Z info: OIBridge/OrbitLawGaps.lean:1255:0: 'OIBridge.OrbitLawGaps.phiSC_corner' depends on axioms: [propext, Classical.choice, Quot.sound]
2026-09-26T08:01:18.0636221Z info: OIBridge/OrbitLawGaps.lean:1256:0: 'OIBridge.OrbitLawGaps.l5_not_implies_l4n' depends on axioms: [propext, Classical.choice, Quot.sound]
2026-09-26T08:01:18.0636656Z ℹ [3591/3599] Replayed OIBridge.OrbitGeometrySelector
2026-09-26T08:01:18.0637728Z info: OIBridge/OrbitGeometrySelector.lean:1886:0: 'OIBridge.OrbitGeometrySelector.mixedTriple_gauge' depends on axioms: [propext, Classical.choice, Quot.sound]
2026-09-26T08:01:18.0638809Z info: OIBridge/OrbitGeometrySelector.lean:1887:0: 'OIBridge.OrbitGeometrySelector.mixedTriple_cross' depends on axioms: [propext, Classical.choice, Quot.sound]
2026-09-26T08:01:18.0639872Z info: OIBridge/OrbitGeometrySelector.lean:1888:0: 'OIBridge.OrbitGeometrySelector.mixedTriple_star' depends on axioms: [propext, Classical.choice, Quot.sound]
2026-09-26T08:01:18.0640902Z info: OIBridge/OrbitGeometrySelector.lean:1889:0: 'OIBridge.OrbitGeometrySelector.coord_le_dist' depends on axioms: [propext, Classical.choice, Quot.sound]
2026-09-26T08:01:18.0641904Z info: OIBridge/OrbitGeometrySelector.lean:1890:0: 'OIBridge.OrbitGeometrySelector.zseq_dist' depends on axioms: [propext, Classical.choice, Quot.sound]
2026-09-26T08:01:18.0642935Z info: OIBridge/OrbitGeometrySelector.lean:1891:0: 'OIBridge.OrbitGeometrySelector.hadamard_i_cross_all' depends on axioms: [propext, Classical.choice, Quot.sound]
2026-09-26T08:01:18.0644233Z info: OIBridge/OrbitGeometrySelector.lean:1892:0: 'OIBridge.OrbitGeometrySelector.hadamard_one_cross_all' depends on axioms: [propext, Classical.choice, Quot.sound]
2026-09-26T08:01:18.0645283Z info: OIBridge/OrbitGeometrySelector.lean:1893:0: 'OIBridge.OrbitGeometrySelector.fibreGram_z_cross02' depends on axioms: [propext, Classical.choice, Quot.sound]
2026-09-26T08:01:18.0646304Z info: OIBridge/OrbitGeometrySelector.lean:1894:0: 'OIBridge.OrbitGeometrySelector.norm_one_of_star_mul' depends on axioms: [propext, Classical.choice, Quot.sound]
2026-09-26T08:01:18.0647549Z info: OIBridge/OrbitGeometrySelector.lean:1895:0: 'OIBridge.OrbitGeometrySelector.entry_bound_aux' depends on axioms: [propext, Classical.choice, Quot.sound]
2026-09-26T08:01:18.0648567Z info: OIBridge/OrbitGeometrySelector.lean:1896:0: 'OIBridge.OrbitGeometrySelector.fourier_entry_norm' depends on axioms: [propext, Classical.choice, Quot.sound]
2026-09-26T08:01:18.0649557Z info: OIBridge/OrbitGeometrySelector.lean:1897:0: 'OIBridge.OrbitGeometrySelector.fourier_entry_diff' depends on axioms: [propext, Classical.choice, Quot.sound]
2026-09-26T08:01:18.0650111Z info: OIBridge/OrbitGeometrySelector.lean:1898:0: 'OIBridge.OrbitGeometrySelector.fourier_coord_diff' depends on axioms: [propext, Classical.choice, Quot.sound]
2026-09-26T08:01:18.0650663Z info: OIBridge/OrbitGeometrySelector.lean:1899:0: 'OIBridge.OrbitGeometrySelector.fourier_feature_norm' depends on axioms: [propext, Classical.choice, Quot.sound]
2026-09-26T08:01:18.0651389Z info: OIBridge/OrbitGeometrySelector.lean:1900:0: 'OIBridge.OrbitGeometrySelector.geo1_separation_star' depends on axioms: [propext, Classical.choice, Quot.sound]
2026-09-26T08:01:18.0651954Z info: OIBridge/OrbitGeometrySelector.lean:1901:0: 'OIBridge.OrbitGeometrySelector.realizable_entry_ne_zero' depends on axioms: [propext, Classical.choice, Quot.sound]
2026-09-26T08:01:18.0652501Z info: OIBridge/OrbitGeometrySelector.lean:1902:0: 'OIBridge.OrbitGeometrySelector.geo1_separation_single' depends on axioms: [propext, Classical.choice, Quot.sound]
2026-09-26T08:01:18.0653042Z info: OIBridge/OrbitGeometrySelector.lean:1903:0: 'OIBridge.OrbitGeometrySelector.geo1_separation_product' depends on axioms: [propext, Classical.choice, Quot.sound]
2026-09-26T08:01:18.0653565Z info: OIBridge/OrbitGeometrySelector.lean:1904:0: 'OIBridge.OrbitGeometrySelector.dist_eq_norm_toLp' depends on axioms: [propext, Classical.choice, Quot.sound]
2026-09-26T08:01:18.0654484Z info: OIBridge/OrbitGeometrySelector.lean:1905:0: 'OIBridge.OrbitGeometrySelector.geo1_metric_props' depends on axioms: [propext, Classical.choice, Quot.sound]
2026-09-26T08:01:18.0655037Z info: OIBridge/OrbitGeometrySelector.lean:1906:0: 'OIBridge.OrbitGeometrySelector.geo1_class_invariant' depends on axioms: [propext, Classical.choice, Quot.sound]
2026-09-26T08:01:18.0655562Z info: OIBridge/OrbitGeometrySelector.lean:1907:0: 'OIBridge.OrbitGeometrySelector.geo1_zero_of_equiv' depends on axioms: [propext, Classical.choice, Quot.sound]
2026-09-26T08:01:18.0656109Z info: OIBridge/OrbitGeometrySelector.lean:1908:0: 'OIBridge.OrbitGeometrySelector.features_eq_of_dist_zero' depends on axioms: [propext, Classical.choice, Quot.sound]
2026-09-26T08:01:18.0656670Z info: OIBridge/OrbitGeometrySelector.lean:1909:0: 'OIBridge.OrbitGeometrySelector.geo1_equiv_of_zero_single' depends on axioms: [propext, Classical.choice, Quot.sound]
2026-09-26T08:01:18.0657226Z info: OIBridge/OrbitGeometrySelector.lean:1910:0: 'OIBridge.OrbitGeometrySelector.geo1_equiv_of_zero_product' depends on axioms: [propext, Classical.choice, Quot.sound]
2026-09-26T08:01:18.0657760Z info: OIBridge/OrbitGeometrySelector.lean:1911:0: 'OIBridge.OrbitGeometrySelector.geo1_triple_metric' depends on axioms: [propext, Classical.choice, Quot.sound]
2026-09-26T08:01:18.0658315Z info: OIBridge/OrbitGeometrySelector.lean:1912:0: 'OIBridge.OrbitGeometrySelector.mixedTriple_continuous' depends on axioms: [propext, Classical.choice, Quot.sound]
2026-09-26T08:01:18.0658849Z info: OIBridge/OrbitGeometrySelector.lean:1913:0: 'OIBridge.OrbitGeometrySelector.mixedTriple_relabel' depends on axioms: [propext, Classical.choice, Quot.sound]
2026-09-26T08:01:18.0659387Z info: OIBridge/OrbitGeometrySelector.lean:1914:0: 'OIBridge.OrbitGeometrySelector.geo2_relabel_isometry' depends on axioms: [propext, Classical.choice, Quot.sound]
2026-09-26T08:01:18.0659921Z info: OIBridge/OrbitGeometrySelector.lean:1915:0: 'OIBridge.OrbitGeometrySelector.geo2_twoSided_trivial' depends on axioms: [propext, Classical.choice, Quot.sound]
2026-09-26T08:01:18.0660602Z info: OIBridge/OrbitGeometrySelector.lean:1916:0: 'OIBridge.OrbitGeometrySelector.mixedTriple_product' depends on axioms: [propext, Classical.choice, Quot.sound]
2026-09-26T08:01:18.0661132Z info: OIBridge/OrbitGeometrySelector.lean:1917:0: 'OIBridge.OrbitGeometrySelector.geo2_product_tensor' depends on axioms: [propext, Classical.choice, Quot.sound]
2026-09-26T08:01:18.0661644Z info: OIBridge/OrbitGeometrySelector.lean:1918:0: 'OIBridge.OrbitGeometrySelector.geo2_controls' depends on axioms: [propext, Classical.choice, Quot.sound]
2026-09-26T08:01:18.0662155Z info: OIBridge/OrbitGeometrySelector.lean:1919:0: 'OIBridge.OrbitGeometrySelector.fourier_dist_le' depends on axioms: [propext, Classical.choice, Quot.sound]
2026-09-26T08:01:18.0662698Z info: OIBridge/OrbitGeometrySelector.lean:1920:0: 'OIBridge.OrbitGeometrySelector.realizable_prod_of_adm' depends on axioms: [propext, Classical.choice, Quot.sound]
2026-09-26T08:01:18.0663228Z info: OIBridge/OrbitGeometrySelector.lean:1921:0: 'OIBridge.OrbitGeometrySelector.coord_cross_product' depends on axioms: [propext, Classical.choice, Quot.sound]
2026-09-26T08:01:18.0664130Z info: OIBridge/OrbitGeometrySelector.lean:1922:0: 'OIBridge.OrbitGeometrySelector.one_le_norm_I_sub_one' depends on axioms: [propext, Classical.choice, Quot.sound]
2026-09-26T08:01:18.0664705Z info: OIBridge/OrbitGeometrySelector.lean:1923:0: 'OIBridge.OrbitGeometrySelector.geo3_phiI_isometry' depends on axioms: [propext, Classical.choice, Quot.sound]
2026-09-26T08:01:18.0665274Z info: OIBridge/OrbitGeometrySelector.lean:1924:0: 'OIBridge.OrbitGeometrySelector.geo3_phiP_isometry' depends on axioms: [propext, Classical.choice, Quot.sound]
2026-09-26T08:01:18.0665821Z info: OIBridge/OrbitGeometrySelector.lean:1925:0: 'OIBridge.OrbitGeometrySelector.geo3_phiC_not_isometry' depends on axioms: [propext, Classical.choice, Quot.sound]
2026-09-26T08:01:18.0666347Z info: OIBridge/OrbitGeometrySelector.lean:1926:0: 'OIBridge.OrbitGeometrySelector.geo3_phiT_isometry' depends on axioms: [propext, Classical.choice, Quot.sound]
2026-09-26T08:01:18.0666887Z info: OIBridge/OrbitGeometrySelector.lean:1927:0: 'OIBridge.OrbitGeometrySelector.geo3_phiPP_isometry' depends on axioms: [propext, Classical.choice, Quot.sound]
2026-09-26T08:01:18.0667421Z info: OIBridge/OrbitGeometrySelector.lean:1928:0: 'OIBridge.OrbitGeometrySelector.geo3_phiSwap_isometry' depends on axioms: [propext, Classical.choice, Quot.sound]
2026-09-26T08:01:18.0667958Z info: OIBridge/OrbitGeometrySelector.lean:1929:0: 'OIBridge.OrbitGeometrySelector.geo3_phiConj_isometry' depends on axioms: [propext, Classical.choice, Quot.sound]
2026-09-26T08:01:18.0668501Z info: OIBridge/OrbitGeometrySelector.lean:1930:0: 'OIBridge.OrbitGeometrySelector.geo3_phiPC_not_isometry' depends on axioms: [propext, Classical.choice, Quot.sound]
2026-09-26T08:01:18.0669043Z info: OIBridge/OrbitGeometrySelector.lean:1931:0: 'OIBridge.OrbitGeometrySelector.geo3_phiMD_not_isometry' depends on axioms: [propext, Classical.choice, Quot.sound]
2026-09-26T08:01:18.0669602Z info: OIBridge/OrbitGeometrySelector.lean:1932:0: 'OIBridge.OrbitGeometrySelector.geo3_phiCTRL_not_isometry' depends on axioms: [propext, Classical.choice, Quot.sound]
2026-09-26T08:01:18.0670142Z info: OIBridge/OrbitGeometrySelector.lean:1933:0: 'OIBridge.OrbitGeometrySelector.geo3_phiSC_not_isometry' depends on axioms: [propext, Classical.choice, Quot.sound]
2026-09-26T08:01:18.0670675Z info: OIBridge/OrbitGeometrySelector.lean:1934:0: 'OIBridge.OrbitGeometrySelector.geo3_phiHS_not_isometry' depends on axioms: [propext, Classical.choice, Quot.sound]
2026-09-26T08:01:18.0671199Z info: OIBridge/OrbitGeometrySelector.lean:1935:0: 'OIBridge.OrbitGeometrySelector.conj_eq_transpose' depends on axioms: [propext, Classical.choice, Quot.sound]
2026-09-26T08:01:18.0671726Z info: OIBridge/OrbitGeometrySelector.lean:1936:0: 'OIBridge.OrbitGeometrySelector.realizable_conj' depends on axioms: [propext, Classical.choice, Quot.sound]
2026-09-26T08:01:18.0672219Z info: OIBridge/OrbitGeometrySelector.lean:1937:0: 'OIBridge.OrbitGeometrySelector.conj_conj' depends on axioms: [propext, Classical.choice, Quot.sound]
2026-09-26T08:01:18.0672872Z info: OIBridge/OrbitGeometrySelector.lean:1938:0: 'OIBridge.OrbitGeometrySelector.conj_gramPhaseEquiv' depends on axioms: [propext, Classical.choice, Quot.sound]
2026-09-26T08:01:18.0673375Z info: OIBridge/OrbitGeometrySelector.lean:1939:0: 'OIBridge.OrbitGeometrySelector.conj_cross' depends on axioms: [propext, Classical.choice, Quot.sound]
2026-09-26T08:01:18.0674151Z info: OIBridge/OrbitGeometrySelector.lean:1940:0: 'OIBridge.OrbitGeometrySelector.relabel_product_cross' depends on axioms: [propext, Classical.choice, Quot.sound]
2026-09-26T08:01:18.0674675Z info: OIBridge/OrbitGeometrySelector.lean:1941:0: 'OIBridge.OrbitGeometrySelector.conj_fibreGram_one' depends on axioms: [propext, Classical.choice, Quot.sound]
2026-09-26T08:01:18.0675210Z info: OIBridge/OrbitGeometrySelector.lean:1942:0: 'OIBridge.OrbitGeometrySelector.conj_fibreGram_negOne' depends on axioms: [propext, Classical.choice, Quot.sound]
2026-09-26T08:01:18.0675839Z info: OIBridge/OrbitGeometrySelector.lean:1943:0: 'OIBridge.OrbitGeometrySelector.conj_product' depends on axioms: [propext, Classical.choice, Quot.sound]
2026-09-26T08:01:18.0676395Z info: OIBridge/OrbitGeometrySelector.lean:1944:0: 'OIBridge.OrbitGeometrySelector.geo4_a0_isometry_injective' depends on axioms: [propext, Classical.choice, Quot.sound]
2026-09-26T08:01:18.0676938Z info: OIBridge/OrbitGeometrySelector.lean:1945:0: 'OIBridge.OrbitGeometrySelector.geo4_a1_l5_not_implies_geo' depends on axioms: [propext, Classical.choice, Quot.sound]
2026-09-26T08:01:18.0677489Z info: OIBridge/OrbitGeometrySelector.lean:1946:0: 'OIBridge.OrbitGeometrySelector.geo4_a3_geo_not_implies_l5' depends on axioms: [propext, Classical.choice, Quot.sound]
2026-09-26T08:01:18.0678025Z info: OIBridge/OrbitGeometrySelector.lean:1947:0: 'OIBridge.OrbitGeometrySelector.geo4_b0_not_relabel_rigid' depends on axioms: [propext, Classical.choice, Quot.sound]
2026-09-26T08:01:18.0678298Z ⚠ [3592/3599] Replayed OIBridge.OrbitGeometryIsometries
2026-09-26T08:01:18.0678637Z warning: OIBridge/OrbitGeometryIsometries.lean:1178:5: Variable name `hw` is not explicitly referenced.
2026-09-26T08:01:18.0678644Z 
2026-09-26T08:01:18.0679064Z Hint: The binding can be removed (if unused) or named `_` (if used implicitly). Alternatively, prefix the name with `_` to silence this warning:
2026-09-26T08:01:18.0679153Z   [apply] _hw
2026-09-26T08:01:18.0679158Z 
2026-09-26T08:01:18.0679391Z Note: This linter can be disabled with `set_option linter.unusedVariables false`
2026-09-26T08:01:18.0679968Z info: OIBridge/OrbitGeometryIsometries.lean:1226:0: 'OIBridge.OrbitGeometryIsometries.mixedTriple_relabel2' depends on axioms: [propext, Classical.choice, Quot.sound]
2026-09-26T08:01:18.0680521Z info: OIBridge/OrbitGeometryIsometries.lean:1227:0: 'OIBridge.OrbitGeometryIsometries.fibreGram_unique' depends on axioms: [propext, Classical.choice, Quot.sound]
2026-09-26T08:01:18.0681091Z info: OIBridge/OrbitGeometryIsometries.lean:1228:0: 'OIBridge.OrbitGeometryIsometries.mixedTriple_transpose' depends on axioms: [propext, Classical.choice, Quot.sound]
2026-09-26T08:01:18.0681628Z info: OIBridge/OrbitGeometryIsometries.lean:1229:0: 'OIBridge.OrbitGeometryIsometries.rows_phase' depends on axioms: [propext, Classical.choice, Quot.sound]
2026-09-26T08:01:18.0682199Z info: OIBridge/OrbitGeometryIsometries.lean:1230:0: 'OIBridge.OrbitGeometryIsometries.transpose_admissible' depends on axioms: [propext, Classical.choice, Quot.sound]
2026-09-26T08:01:18.0682726Z info: OIBridge/OrbitGeometryIsometries.lean:1231:0: 'OIBridge.OrbitGeometryIsometries.antipodal' depends on axioms: [propext, Classical.choice, Quot.sound]
2026-09-26T08:01:18.0683237Z info: OIBridge/OrbitGeometryIsometries.lean:1232:0: 'OIBridge.OrbitGeometryIsometries.dephase' depends on axioms: [propext, Classical.choice, Quot.sound]
2026-09-26T08:01:18.0684025Z info: OIBridge/OrbitGeometryIsometries.lean:1233:0: 'OIBridge.OrbitGeometryIsometries.fourier_entry_monomial' depends on axioms: [propext, Classical.choice, Quot.sound]
2026-09-26T08:01:18.0684735Z info: OIBridge/OrbitGeometryIsometries.lean:1234:0: 'OIBridge.OrbitGeometryIsometries.relabel2_realizable' depends on axioms: [propext, Classical.choice, Quot.sound]
2026-09-26T08:01:18.0685316Z info: OIBridge/OrbitGeometryIsometries.lean:1235:0: 'OIBridge.OrbitGeometryIsometries.relabel2_gramPhaseEquiv' depends on axioms: [propext, Classical.choice, Quot.sound]
2026-09-26T08:01:18.0685863Z info: OIBridge/OrbitGeometryIsometries.lean:1236:0: 'OIBridge.OrbitGeometryIsometries.relabel2_isometry' depends on axioms: [propext, Classical.choice, Quot.sound]
2026-09-26T08:01:18.0686394Z info: OIBridge/OrbitGeometryIsometries.lean:1237:0: 'OIBridge.OrbitGeometryIsometries.conj_isometry' depends on axioms: [propext, Classical.choice, Quot.sound]
2026-09-26T08:01:18.0686966Z info: OIBridge/OrbitGeometryIsometries.lean:1238:0: 'OIBridge.OrbitGeometryIsometries.transpose_single_valued' depends on axioms: [propext, Classical.choice, Quot.sound]
2026-09-26T08:01:18.0687632Z info: OIBridge/OrbitGeometryIsometries.lean:1239:0: 'OIBridge.OrbitGeometryIsometries.transpose_unitary' depends on axioms: [propext, Classical.choice, Quot.sound]
2026-09-26T08:01:18.0688185Z info: OIBridge/OrbitGeometryIsometries.lean:1240:0: 'OIBridge.OrbitGeometryIsometries.transpose_descends' depends on axioms: [propext, Classical.choice, Quot.sound]
2026-09-26T08:01:18.0688739Z info: OIBridge/OrbitGeometryIsometries.lean:1241:0: 'OIBridge.OrbitGeometryIsometries.transpose_isometry' depends on axioms: [propext, Classical.choice, Quot.sound]
2026-09-26T08:01:18.0689284Z info: OIBridge/OrbitGeometryIsometries.lean:1242:0: 'OIBridge.OrbitGeometryIsometries.relabel2_dilation' depends on axioms: [propext, Classical.choice, Quot.sound]
2026-09-26T08:01:18.0689806Z info: OIBridge/OrbitGeometryIsometries.lean:1243:0: 'OIBridge.OrbitGeometryIsometries.conj_dilation' depends on axioms: [propext, Classical.choice, Quot.sound]
2026-09-26T08:01:18.0690333Z info: OIBridge/OrbitGeometryIsometries.lean:1244:0: 'OIBridge.OrbitGeometryIsometries.conj_relabel2' depends on axioms: [propext, Classical.choice, Quot.sound]
2026-09-26T08:01:18.0690884Z info: OIBridge/OrbitGeometryIsometries.lean:1245:0: 'OIBridge.OrbitGeometryIsometries.relabel2_relabel2' depends on axioms: [propext, Classical.choice, Quot.sound]
2026-09-26T08:01:18.0691434Z info: OIBridge/OrbitGeometryIsometries.lean:1246:0: 'OIBridge.OrbitGeometryIsometries.iso1_word_normal_form' depends on axioms: [propext, Classical.choice, Quot.sound]
2026-09-26T08:01:18.0691969Z info: OIBridge/OrbitGeometryIsometries.lean:1247:0: 'OIBridge.OrbitGeometryIsometries.iso1_family_acts' depends on axioms: [propext, Classical.choice, Quot.sound]
2026-09-26T08:01:18.0692515Z info: OIBridge/OrbitGeometryIsometries.lean:1248:0: 'OIBridge.OrbitGeometryIsometries.iso1_single_carrier' depends on axioms: [propext, Classical.choice, Quot.sound]
2026-09-26T08:01:18.0693060Z info: OIBridge/OrbitGeometryIsometries.lean:1249:0: 'OIBridge.OrbitGeometryIsometries.iso1_product_carrier' depends on axioms: [propext, Classical.choice, Quot.sound]
2026-09-26T08:01:18.0693809Z info: OIBridge/OrbitGeometryIsometries.lean:1250:0: 'OIBridge.OrbitGeometryIsometries.row_forms' depends on axioms: [propext, Classical.choice, Quot.sound]
2026-09-26T08:01:18.0694404Z info: OIBridge/OrbitGeometryIsometries.lean:1251:0: 'OIBridge.OrbitGeometryIsometries.core_row_norm' depends on axioms: [propext, Classical.choice, Quot.sound]
2026-09-26T08:01:18.0694929Z info: OIBridge/OrbitGeometryIsometries.lean:1252:0: 'OIBridge.OrbitGeometryIsometries.perm_of_rows' depends on axioms: [propext, Classical.choice, Quot.sound]
2026-09-26T08:01:18.0695460Z info: OIBridge/OrbitGeometryIsometries.lean:1253:0: 'OIBridge.OrbitGeometryIsometries.rows_injective' depends on axioms: [propext, Classical.choice, Quot.sound]
2026-09-26T08:01:18.0695984Z info: OIBridge/OrbitGeometryIsometries.lean:1254:0: 'OIBridge.OrbitGeometryIsometries.core_nonreal' depends on axioms: [propext, Classical.choice, Quot.sound]
2026-09-26T08:01:18.0696671Z info: OIBridge/OrbitGeometryIsometries.lean:1255:0: 'OIBridge.OrbitGeometryIsometries.core_real' depends on axioms: [propext, Classical.choice, Quot.sound]
2026-09-26T08:01:18.0697222Z info: OIBridge/OrbitGeometryIsometries.lean:1256:0: 'OIBridge.OrbitGeometryIsometries.classify_dephased' depends on axioms: [propext, Classical.choice, Quot.sound]
2026-09-26T08:01:18.0697780Z info: OIBridge/OrbitGeometryIsometries.lean:1257:0: 'OIBridge.OrbitGeometryIsometries.iso2_classes_single' depends on axioms: [propext, Classical.choice, Quot.sound]
2026-09-26T08:01:18.0698341Z info: OIBridge/OrbitGeometryIsometries.lean:1258:0: 'OIBridge.OrbitGeometryIsometries.fourier_entry_uniform' depends on axioms: [propext, Classical.choice, Quot.sound]
2026-09-26T08:01:18.0698896Z info: OIBridge/OrbitGeometryIsometries.lean:1259:0: 'OIBridge.OrbitGeometryIsometries.fourier_coord_uniform' depends on axioms: [propext, Classical.choice, Quot.sound]
2026-09-26T08:01:18.0699464Z info: OIBridge/OrbitGeometryIsometries.lean:1260:0: 'OIBridge.OrbitGeometryIsometries.fourier_coord_diff_norm' depends on axioms: [propext, Classical.choice, Quot.sound]
2026-09-26T08:01:18.0700134Z info: OIBridge/OrbitGeometryIsometries.lean:1261:0: 'OIBridge.OrbitGeometryIsometries.fourier_circle_metric' depends on axioms: [propext, Classical.choice, Quot.sound]
2026-09-26T08:01:18.0700348Z ℹ [3593/3599] Replayed OIBridge.OrbitGeometryRigidity
2026-09-26T08:01:18.0700882Z info: OIBridge/OrbitGeometryRigidity.lean:2329:0: 'OIBridge.OrbitGeometryRigidity.featureVec_ofLp' depends on axioms: [propext, Classical.choice, Quot.sound]
2026-09-26T08:01:18.0701404Z info: OIBridge/OrbitGeometryRigidity.lean:2330:0: 'OIBridge.OrbitGeometryRigidity.dist_featureVec' depends on axioms: [propext, Classical.choice, Quot.sound]
2026-09-26T08:01:18.0701930Z info: OIBridge/OrbitGeometryRigidity.lean:2331:0: 'OIBridge.OrbitGeometryRigidity.featureVec_gauge' depends on axioms: [propext, Classical.choice, Quot.sound]
2026-09-26T08:01:18.0702414Z info: OIBridge/OrbitGeometryRigidity.lean:2332:0: 'OIBridge.OrbitGeometryRigidity.gramPhaseEquiv_of_featureVec_eq' depends on axioms: [propext,
2026-09-26T08:01:18.0702519Z  Classical.choice,
2026-09-26T08:01:18.0702598Z  Quot.sound]
2026-09-26T08:01:18.0703182Z info: OIBridge/OrbitGeometryRigidity.lean:2333:0: 'OIBridge.OrbitGeometryRigidity.featureVec_mem_normalizedSet' depends on axioms: [propext, Classical.choice, Quot.sound]
2026-09-26T08:01:18.0703979Z info: OIBridge/OrbitGeometryRigidity.lean:2334:0: 'OIBridge.OrbitGeometryRigidity.relabelled_fourier_mem_normalizedSet' depends on axioms: [propext,
2026-09-26T08:01:18.0704068Z  Classical.choice,
2026-09-26T08:01:18.0704155Z  Quot.sound]
2026-09-26T08:01:18.0704720Z info: OIBridge/OrbitGeometryRigidity.lean:2335:0: 'OIBridge.OrbitGeometryRigidity.normalizedSet_eq_iUnion' depends on axioms: [propext, Classical.choice, Quot.sound]
2026-09-26T08:01:18.0705258Z info: OIBridge/OrbitGeometryRigidity.lean:2336:0: 'OIBridge.OrbitGeometryRigidity.featureVec_image_eq' depends on axioms: [propext, Classical.choice, Quot.sound]
2026-09-26T08:01:18.0705817Z info: OIBridge/OrbitGeometryRigidity.lean:2337:0: 'OIBridge.OrbitGeometryRigidity.bridge_of_tuple_isometry' depends on axioms: [propext, Classical.choice, Quot.sound]
2026-09-26T08:01:18.0706365Z info: OIBridge/OrbitGeometryRigidity.lean:2338:0: 'OIBridge.OrbitGeometryRigidity.tuple_isometry_of_bridge' depends on axioms: [propext, Classical.choice, Quot.sound]
2026-09-26T08:01:18.0706902Z info: OIBridge/OrbitGeometryRigidity.lean:2339:0: 'OIBridge.OrbitGeometryRigidity.inner_sub_eq_of_dist_eq' depends on axioms: [propext, Classical.choice, Quot.sound]
2026-09-26T08:01:18.0707401Z info: OIBridge/OrbitGeometryRigidity.lean:2340:0: 'OIBridge.OrbitGeometryRigidity.exists_linearIsometryEquiv_of_inner_eq' depends on axioms: [propext,
2026-09-26T08:01:18.0707491Z  Classical.choice,
2026-09-26T08:01:18.0707575Z  Quot.sound]
2026-09-26T08:01:18.0708066Z info: OIBridge/OrbitGeometryRigidity.lean:2341:0: 'OIBridge.OrbitGeometryRigidity.exists_affineIsometryEquiv_of_dist_eq' depends on axioms: [propext,
2026-09-26T08:01:18.0708297Z  Classical.choice,
2026-09-26T08:01:18.0708379Z  Quot.sound]
2026-09-26T08:01:18.0708925Z info: OIBridge/OrbitGeometryRigidity.lean:2342:0: 'OIBridge.OrbitGeometryRigidity.eqOn_affineSpan_of_agree' depends on axioms: [propext, Classical.choice, Quot.sound]
2026-09-26T08:01:18.0709464Z info: OIBridge/OrbitGeometryRigidity.lean:2343:0: 'OIBridge.OrbitGeometryRigidity.exists_affineIsometryEquiv_of_isSurjIsometryOn' depends on axioms: [propext,
2026-09-26T08:01:18.0709548Z  Classical.choice,
2026-09-26T08:01:18.0709629Z  Quot.sound]
2026-09-26T08:01:18.0710170Z info: OIBridge/OrbitGeometryRigidity.lean:2344:0: 'OIBridge.OrbitGeometryRigidity.a26_0_affine_extension' depends on axioms: [propext, Classical.choice, Quot.sound]
2026-09-26T08:01:18.0710687Z info: OIBridge/OrbitGeometryRigidity.lean:2345:0: 'OIBridge.OrbitGeometryRigidity.fourier_coord_002' depends on axioms: [propext, Classical.choice, Quot.sound]
2026-09-26T08:01:18.0711486Z info: OIBridge/OrbitGeometryRigidity.lean:2346:0: 'OIBridge.OrbitGeometryRigidity.relabelled_coord_002' depends on axioms: [propext, Classical.choice, Quot.sound]
2026-09-26T08:01:18.0712015Z info: OIBridge/OrbitGeometryRigidity.lean:2347:0: 'OIBridge.OrbitGeometryRigidity.a26_1_circle_census' depends on axioms: [propext, Classical.choice, Quot.sound]
2026-09-26T08:01:18.0712558Z info: OIBridge/OrbitGeometryRigidity.lean:2348:0: 'OIBridge.OrbitGeometryRigidity.circle_coincide_trans' depends on axioms: [propext, Classical.choice, Quot.sound]
2026-09-26T08:01:18.0713068Z info: OIBridge/OrbitGeometryRigidity.lean:2349:0: 'OIBridge.OrbitGeometryRigidity.stab_row_swap13' depends on axioms: [propext, Classical.choice, Quot.sound]
2026-09-26T08:01:18.0713836Z info: OIBridge/OrbitGeometryRigidity.lean:2350:0: 'OIBridge.OrbitGeometryRigidity.stab_col_swap13' depends on axioms: [propext, Classical.choice, Quot.sound]
2026-09-26T08:01:18.0714381Z info: OIBridge/OrbitGeometryRigidity.lean:2351:0: 'OIBridge.OrbitGeometryRigidity.stab_row_double' depends on axioms: [propext, Classical.choice, Quot.sound]
2026-09-26T08:01:18.0714895Z info: OIBridge/OrbitGeometryRigidity.lean:2352:0: 'OIBridge.OrbitGeometryRigidity.stab_col_double' depends on axioms: [propext, Classical.choice, Quot.sound]
2026-09-26T08:01:18.0715398Z info: OIBridge/OrbitGeometryRigidity.lean:2353:0: 'OIBridge.OrbitGeometryRigidity.perm_decomp' depends on axioms: [propext, Classical.choice, Quot.sound]
2026-09-26T08:01:18.0715900Z info: OIBridge/OrbitGeometryRigidity.lean:2354:0: 'OIBridge.OrbitGeometryRigidity.core_const_0' depends on axioms: [propext, Classical.choice, Quot.sound]
2026-09-26T08:01:18.0716395Z info: OIBridge/OrbitGeometryRigidity.lean:2355:0: 'OIBridge.OrbitGeometryRigidity.core_const_1' depends on axioms: [propext, Classical.choice, Quot.sound]
2026-09-26T08:01:18.0716890Z info: OIBridge/OrbitGeometryRigidity.lean:2356:0: 'OIBridge.OrbitGeometryRigidity.core_const_2' depends on axioms: [propext, Classical.choice, Quot.sound]
2026-09-26T08:01:18.0717393Z info: OIBridge/OrbitGeometryRigidity.lean:2357:0: 'OIBridge.OrbitGeometryRigidity.core_const_3' depends on axioms: [propext, Classical.choice, Quot.sound]
2026-09-26T08:01:18.0717885Z info: OIBridge/OrbitGeometryRigidity.lean:2358:0: 'OIBridge.OrbitGeometryRigidity.core_const_4' depends on axioms: [propext, Classical.choice, Quot.sound]
2026-09-26T08:01:18.0718380Z info: OIBridge/OrbitGeometryRigidity.lean:2359:0: 'OIBridge.OrbitGeometryRigidity.core_const_5' depends on axioms: [propext, Classical.choice, Quot.sound]
2026-09-26T08:01:18.0718875Z info: OIBridge/OrbitGeometryRigidity.lean:2360:0: 'OIBridge.OrbitGeometryRigidity.core_const_6' depends on axioms: [propext, Classical.choice, Quot.sound]
2026-09-26T08:01:18.0719368Z info: OIBridge/OrbitGeometryRigidity.lean:2361:0: 'OIBridge.OrbitGeometryRigidity.core_const_7' depends on axioms: [propext, Classical.choice, Quot.sound]
2026-09-26T08:01:18.0719857Z info: OIBridge/OrbitGeometryRigidity.lean:2362:0: 'OIBridge.OrbitGeometryRigidity.core_const_8' depends on axioms: [propext, Classical.choice, Quot.sound]
2026-09-26T08:01:18.0720503Z info: OIBridge/OrbitGeometryRigidity.lean:2363:0: 'OIBridge.OrbitGeometryRigidity.core_const_9' depends on axioms: [propext, Classical.choice, Quot.sound]
2026-09-26T08:01:18.0721010Z info: OIBridge/OrbitGeometryRigidity.lean:2364:0: 'OIBridge.OrbitGeometryRigidity.core_const_10' depends on axioms: [propext, Classical.choice, Quot.sound]
2026-09-26T08:01:18.0721505Z info: OIBridge/OrbitGeometryRigidity.lean:2365:0: 'OIBridge.OrbitGeometryRigidity.core_const_11' depends on axioms: [propext, Classical.choice, Quot.sound]
2026-09-26T08:01:18.0722001Z info: OIBridge/OrbitGeometryRigidity.lean:2366:0: 'OIBridge.OrbitGeometryRigidity.core_const_12' depends on axioms: [propext, Classical.choice, Quot.sound]
2026-09-26T08:01:18.0722497Z info: OIBridge/OrbitGeometryRigidity.lean:2367:0: 'OIBridge.OrbitGeometryRigidity.core_const_13' depends on axioms: [propext, Classical.choice, Quot.sound]
2026-09-26T08:01:18.0723100Z info: OIBridge/OrbitGeometryRigidity.lean:2368:0: 'OIBridge.OrbitGeometryRigidity.core_const_14' depends on axioms: [propext, Classical.choice, Quot.sound]
2026-09-26T08:01:18.0723737Z info: OIBridge/OrbitGeometryRigidity.lean:2369:0: 'OIBridge.OrbitGeometryRigidity.core_const_15' depends on axioms: [propext, Classical.choice, Quot.sound]
2026-09-26T08:01:18.0724244Z info: OIBridge/OrbitGeometryRigidity.lean:2370:0: 'OIBridge.OrbitGeometryRigidity.core_const_16' depends on axioms: [propext, Classical.choice, Quot.sound]
2026-09-26T08:01:18.0724737Z info: OIBridge/OrbitGeometryRigidity.lean:2371:0: 'OIBridge.OrbitGeometryRigidity.core_const_17' depends on axioms: [propext, Classical.choice, Quot.sound]
2026-09-26T08:01:18.0725234Z info: OIBridge/OrbitGeometryRigidity.lean:2372:0: 'OIBridge.OrbitGeometryRigidity.core_const_18' depends on axioms: [propext, Classical.choice, Quot.sound]
2026-09-26T08:01:18.0725726Z info: OIBridge/OrbitGeometryRigidity.lean:2373:0: 'OIBridge.OrbitGeometryRigidity.core_val_0' depends on axioms: [propext, Classical.choice, Quot.sound]
2026-09-26T08:01:18.0726218Z info: OIBridge/OrbitGeometryRigidity.lean:2374:0: 'OIBridge.OrbitGeometryRigidity.core_val_1' depends on axioms: [propext, Classical.choice, Quot.sound]
2026-09-26T08:01:18.0726705Z info: OIBridge/OrbitGeometryRigidity.lean:2375:0: 'OIBridge.OrbitGeometryRigidity.core_val_2' depends on axioms: [propext, Classical.choice, Quot.sound]
2026-09-26T08:01:18.0727194Z info: OIBridge/OrbitGeometryRigidity.lean:2376:0: 'OIBridge.OrbitGeometryRigidity.core_val_3' depends on axioms: [propext, Classical.choice, Quot.sound]
2026-09-26T08:01:18.0727681Z info: OIBridge/OrbitGeometryRigidity.lean:2377:0: 'OIBridge.OrbitGeometryRigidity.core_val_4' depends on axioms: [propext, Classical.choice, Quot.sound]
2026-09-26T08:01:18.0728161Z info: OIBridge/OrbitGeometryRigidity.lean:2378:0: 'OIBridge.OrbitGeometryRigidity.core_val_5' depends on axioms: [propext, Classical.choice, Quot.sound]
2026-09-26T08:01:18.0728648Z info: OIBridge/OrbitGeometryRigidity.lean:2379:0: 'OIBridge.OrbitGeometryRigidity.core_val_6' depends on axioms: [propext, Classical.choice, Quot.sound]
2026-09-26T08:01:18.0729139Z info: OIBridge/OrbitGeometryRigidity.lean:2380:0: 'OIBridge.OrbitGeometryRigidity.core_val_7' depends on axioms: [propext, Classical.choice, Quot.sound]
2026-09-26T08:01:18.0729620Z info: OIBridge/OrbitGeometryRigidity.lean:2381:0: 'OIBridge.OrbitGeometryRigidity.core_val_8' depends on axioms: [propext, Classical.choice, Quot.sound]
2026-09-26T08:01:18.0730107Z info: OIBridge/OrbitGeometryRigidity.lean:2382:0: 'OIBridge.OrbitGeometryRigidity.core_val_9' depends on axioms: [propext, Classical.choice, Quot.sound]
2026-09-26T08:01:18.0730605Z info: OIBridge/OrbitGeometryRigidity.lean:2383:0: 'OIBridge.OrbitGeometryRigidity.core_val_10' depends on axioms: [propext, Classical.choice, Quot.sound]
2026-09-26T08:01:18.0731096Z info: OIBridge/OrbitGeometryRigidity.lean:2384:0: 'OIBridge.OrbitGeometryRigidity.core_val_11' depends on axioms: [propext, Classical.choice, Quot.sound]
2026-09-26T08:01:18.0731712Z info: OIBridge/OrbitGeometryRigidity.lean:2385:0: 'OIBridge.OrbitGeometryRigidity.core_val_12' depends on axioms: [propext, Classical.choice, Quot.sound]
2026-09-26T08:01:18.0732203Z info: OIBridge/OrbitGeometryRigidity.lean:2386:0: 'OIBridge.OrbitGeometryRigidity.core_val_13' depends on axioms: [propext, Classical.choice, Quot.sound]
2026-09-26T08:01:18.0732687Z info: OIBridge/OrbitGeometryRigidity.lean:2387:0: 'OIBridge.OrbitGeometryRigidity.core_val_14' depends on axioms: [propext, Classical.choice, Quot.sound]
2026-09-26T08:01:18.0733180Z info: OIBridge/OrbitGeometryRigidity.lean:2388:0: 'OIBridge.OrbitGeometryRigidity.core_val_15' depends on axioms: [propext, Classical.choice, Quot.sound]
2026-09-26T08:01:18.0733962Z info: OIBridge/OrbitGeometryRigidity.lean:2389:0: 'OIBridge.OrbitGeometryRigidity.core_val_16' depends on axioms: [propext, Classical.choice, Quot.sound]
2026-09-26T08:01:18.0734527Z info: OIBridge/OrbitGeometryRigidity.lean:2390:0: 'OIBridge.OrbitGeometryRigidity.core_val_17' depends on axioms: [propext, Classical.choice, Quot.sound]
2026-09-26T08:01:18.0735168Z info: OIBridge/OrbitGeometryRigidity.lean:2391:0: 'OIBridge.OrbitGeometryRigidity.core_val_18' depends on axioms: [propext, Classical.choice, Quot.sound]
2026-09-26T08:01:18.0735674Z info: OIBridge/OrbitGeometryRigidity.lean:2392:0: 'OIBridge.OrbitGeometryRigidity.core_val_19' depends on axioms: [propext, Classical.choice, Quot.sound]
2026-09-26T08:01:18.0736166Z info: OIBridge/OrbitGeometryRigidity.lean:2393:0: 'OIBridge.OrbitGeometryRigidity.core_val_20' depends on axioms: [propext, Classical.choice, Quot.sound]
2026-09-26T08:01:18.0736653Z info: OIBridge/OrbitGeometryRigidity.lean:2394:0: 'OIBridge.OrbitGeometryRigidity.core_val_21' depends on axioms: [propext, Classical.choice, Quot.sound]
2026-09-26T08:01:18.0737146Z info: OIBridge/OrbitGeometryRigidity.lean:2395:0: 'OIBridge.OrbitGeometryRigidity.core_val_22' depends on axioms: [propext, Classical.choice, Quot.sound]
2026-09-26T08:01:18.0737643Z info: OIBridge/OrbitGeometryRigidity.lean:2396:0: 'OIBridge.OrbitGeometryRigidity.core_val_23' depends on axioms: [propext, Classical.choice, Quot.sound]
2026-09-26T08:01:18.0738126Z info: OIBridge/OrbitGeometryRigidity.lean:2397:0: 'OIBridge.OrbitGeometryRigidity.core_val_24' depends on axioms: [propext, Classical.choice, Quot.sound]
2026-09-26T08:01:18.0738617Z info: OIBridge/OrbitGeometryRigidity.lean:2398:0: 'OIBridge.OrbitGeometryRigidity.core_val_25' depends on axioms: [propext, Classical.choice, Quot.sound]
2026-09-26T08:01:18.0739106Z info: OIBridge/OrbitGeometryRigidity.lean:2399:0: 'OIBridge.OrbitGeometryRigidity.core_val_26' depends on axioms: [propext, Classical.choice, Quot.sound]
2026-09-26T08:01:18.0739590Z info: OIBridge/OrbitGeometryRigidity.lean:2400:0: 'OIBridge.OrbitGeometryRigidity.core_val_27' depends on axioms: [propext, Classical.choice, Quot.sound]
2026-09-26T08:01:18.0740080Z info: OIBridge/OrbitGeometryRigidity.lean:2401:0: 'OIBridge.OrbitGeometryRigidity.core_val_28' depends on axioms: [propext, Classical.choice, Quot.sound]
2026-09-26T08:01:18.0740576Z info: OIBridge/OrbitGeometryRigidity.lean:2402:0: 'OIBridge.OrbitGeometryRigidity.core_val_29' depends on axioms: [propext, Classical.choice, Quot.sound]
2026-09-26T08:01:18.0741066Z info: OIBridge/OrbitGeometryRigidity.lean:2403:0: 'OIBridge.OrbitGeometryRigidity.core_val_30' depends on axioms: [propext, Classical.choice, Quot.sound]
2026-09-26T08:01:18.0741553Z info: OIBridge/OrbitGeometryRigidity.lean:2404:0: 'OIBridge.OrbitGeometryRigidity.core_val_31' depends on axioms: [propext, Classical.choice, Quot.sound]
2026-09-26T08:01:18.0742027Z info: OIBridge/OrbitGeometryRigidity.lean:2405:0: 'OIBridge.OrbitGeometryRigidity.nc_0' depends on axioms: [propext, Classical.choice, Quot.sound]
2026-09-26T08:01:18.0742495Z info: OIBridge/OrbitGeometryRigidity.lean:2406:0: 'OIBridge.OrbitGeometryRigidity.nc_1' depends on axioms: [propext, Classical.choice, Quot.sound]
2026-09-26T08:01:18.0742955Z info: OIBridge/OrbitGeometryRigidity.lean:2407:0: 'OIBridge.OrbitGeometryRigidity.nc_2' depends on axioms: [propext, Classical.choice, Quot.sound]
2026-09-26T08:01:18.0743536Z info: OIBridge/OrbitGeometryRigidity.lean:2408:0: 'OIBridge.OrbitGeometryRigidity.nc_3' depends on axioms: [propext, Classical.choice, Quot.sound]
2026-09-26T08:01:18.0744281Z info: OIBridge/OrbitGeometryRigidity.lean:2409:0: 'OIBridge.OrbitGeometryRigidity.nc_4' depends on axioms: [propext, Classical.choice, Quot.sound]
2026-09-26T08:01:18.0744745Z info: OIBridge/OrbitGeometryRigidity.lean:2410:0: 'OIBridge.OrbitGeometryRigidity.nc_5' depends on axioms: [propext, Classical.choice, Quot.sound]
2026-09-26T08:01:18.0745209Z info: OIBridge/OrbitGeometryRigidity.lean:2411:0: 'OIBridge.OrbitGeometryRigidity.nc_6' depends on axioms: [propext, Classical.choice, Quot.sound]
2026-09-26T08:01:18.0745672Z info: OIBridge/OrbitGeometryRigidity.lean:2412:0: 'OIBridge.OrbitGeometryRigidity.nc_7' depends on axioms: [propext, Classical.choice, Quot.sound]
2026-09-26T08:01:18.0746141Z info: OIBridge/OrbitGeometryRigidity.lean:2413:0: 'OIBridge.OrbitGeometryRigidity.nc_8' depends on axioms: [propext, Classical.choice, Quot.sound]
2026-09-26T08:01:18.0746732Z info: OIBridge/OrbitGeometryRigidity.lean:2414:0: 'OIBridge.OrbitGeometryRigidity.nc_9' depends on axioms: [propext, Classical.choice, Quot.sound]
2026-09-26T08:01:18.0747215Z info: OIBridge/OrbitGeometryRigidity.lean:2415:0: 'OIBridge.OrbitGeometryRigidity.nc_10' depends on axioms: [propext, Classical.choice, Quot.sound]
2026-09-26T08:01:18.0747682Z info: OIBridge/OrbitGeometryRigidity.lean:2416:0: 'OIBridge.OrbitGeometryRigidity.nc_11' depends on axioms: [propext, Classical.choice, Quot.sound]
2026-09-26T08:01:18.0748153Z info: OIBridge/OrbitGeometryRigidity.lean:2417:0: 'OIBridge.OrbitGeometryRigidity.nc_12' depends on axioms: [propext, Classical.choice, Quot.sound]
2026-09-26T08:01:18.0748621Z info: OIBridge/OrbitGeometryRigidity.lean:2418:0: 'OIBridge.OrbitGeometryRigidity.nc_13' depends on axioms: [propext, Classical.choice, Quot.sound]
2026-09-26T08:01:18.0749092Z info: OIBridge/OrbitGeometryRigidity.lean:2419:0: 'OIBridge.OrbitGeometryRigidity.nc_14' depends on axioms: [propext, Classical.choice, Quot.sound]
2026-09-26T08:01:18.0749553Z info: OIBridge/OrbitGeometryRigidity.lean:2420:0: 'OIBridge.OrbitGeometryRigidity.nc_15' depends on axioms: [propext, Classical.choice, Quot.sound]
2026-09-26T08:01:18.0750019Z info: OIBridge/OrbitGeometryRigidity.lean:2421:0: 'OIBridge.OrbitGeometryRigidity.nc_16' depends on axioms: [propext, Classical.choice, Quot.sound]
2026-09-26T08:01:18.0750484Z info: OIBridge/OrbitGeometryRigidity.lean:2422:0: 'OIBridge.OrbitGeometryRigidity.nc_17' depends on axioms: [propext, Classical.choice, Quot.sound]
2026-09-26T08:01:18.0750945Z info: OIBridge/OrbitGeometryRigidity.lean:2423:0: 'OIBridge.OrbitGeometryRigidity.nc_18' depends on axioms: [propext, Classical.choice, Quot.sound]
2026-09-26T08:01:18.0751413Z info: OIBridge/OrbitGeometryRigidity.lean:2424:0: 'OIBridge.OrbitGeometryRigidity.nc_19' depends on axioms: [propext, Classical.choice, Quot.sound]
2026-09-26T08:01:18.0751885Z info: OIBridge/OrbitGeometryRigidity.lean:2425:0: 'OIBridge.OrbitGeometryRigidity.nc_20' depends on axioms: [propext, Classical.choice, Quot.sound]
2026-09-26T08:01:18.0752350Z info: OIBridge/OrbitGeometryRigidity.lean:2426:0: 'OIBridge.OrbitGeometryRigidity.nc_21' depends on axioms: [propext, Classical.choice, Quot.sound]
2026-09-26T08:01:18.0752818Z info: OIBridge/OrbitGeometryRigidity.lean:2427:0: 'OIBridge.OrbitGeometryRigidity.nc_22' depends on axioms: [propext, Classical.choice, Quot.sound]
2026-09-26T08:01:18.0753284Z info: OIBridge/OrbitGeometryRigidity.lean:2428:0: 'OIBridge.OrbitGeometryRigidity.nc_23' depends on axioms: [propext, Classical.choice, Quot.sound]
2026-09-26T08:01:18.0753968Z info: OIBridge/OrbitGeometryRigidity.lean:2429:0: 'OIBridge.OrbitGeometryRigidity.nc_24' depends on axioms: [propext, Classical.choice, Quot.sound]
2026-09-26T08:01:18.0754444Z info: OIBridge/OrbitGeometryRigidity.lean:2430:0: 'OIBridge.OrbitGeometryRigidity.nc_25' depends on axioms: [propext, Classical.choice, Quot.sound]
2026-09-26T08:01:18.0755052Z info: OIBridge/OrbitGeometryRigidity.lean:2431:0: 'OIBridge.OrbitGeometryRigidity.nc_26' depends on axioms: [propext, Classical.choice, Quot.sound]
2026-09-26T08:01:18.0755516Z info: OIBridge/OrbitGeometryRigidity.lean:2432:0: 'OIBridge.OrbitGeometryRigidity.nc_27' depends on axioms: [propext, Classical.choice, Quot.sound]
2026-09-26T08:01:18.0755980Z info: OIBridge/OrbitGeometryRigidity.lean:2433:0: 'OIBridge.OrbitGeometryRigidity.nc_28' depends on axioms: [propext, Classical.choice, Quot.sound]
2026-09-26T08:01:18.0756445Z info: OIBridge/OrbitGeometryRigidity.lean:2434:0: 'OIBridge.OrbitGeometryRigidity.nc_29' depends on axioms: [propext, Classical.choice, Quot.sound]
2026-09-26T08:01:18.0756905Z info: OIBridge/OrbitGeometryRigidity.lean:2435:0: 'OIBridge.OrbitGeometryRigidity.nc_30' depends on axioms: [propext, Classical.choice, Quot.sound]
2026-09-26T08:01:18.0757371Z info: OIBridge/OrbitGeometryRigidity.lean:2436:0: 'OIBridge.OrbitGeometryRigidity.nc_31' depends on axioms: [propext, Classical.choice, Quot.sound]
2026-09-26T08:01:18.0757949Z info: OIBridge/OrbitGeometryRigidity.lean:2437:0: 'OIBridge.OrbitGeometryRigidity.nc_32' depends on axioms: [propext, Classical.choice, Quot.sound]
2026-09-26T08:01:18.0758436Z info: OIBridge/OrbitGeometryRigidity.lean:2438:0: 'OIBridge.OrbitGeometryRigidity.nc_33' depends on axioms: [propext, Classical.choice, Quot.sound]
2026-09-26T08:01:18.0758910Z info: OIBridge/OrbitGeometryRigidity.lean:2439:0: 'OIBridge.OrbitGeometryRigidity.nc_34' depends on axioms: [propext, Classical.choice, Quot.sound]
2026-09-26T08:01:18.0759380Z info: OIBridge/OrbitGeometryRigidity.lean:2440:0: 'OIBridge.OrbitGeometryRigidity.nc_35' depends on axioms: [propext, Classical.choice, Quot.sound]
2026-09-26T08:01:18.0759849Z info: OIBridge/OrbitGeometryRigidity.lean:2441:0: 'OIBridge.OrbitGeometryRigidity.nc_36' depends on axioms: [propext, Classical.choice, Quot.sound]
2026-09-26T08:01:18.0760317Z info: OIBridge/OrbitGeometryRigidity.lean:2442:0: 'OIBridge.OrbitGeometryRigidity.nc_37' depends on axioms: [propext, Classical.choice, Quot.sound]
2026-09-26T08:01:18.0760785Z info: OIBridge/OrbitGeometryRigidity.lean:2443:0: 'OIBridge.OrbitGeometryRigidity.nc_38' depends on axioms: [propext, Classical.choice, Quot.sound]
2026-09-26T08:01:18.0761253Z info: OIBridge/OrbitGeometryRigidity.lean:2444:0: 'OIBridge.OrbitGeometryRigidity.nc_39' depends on axioms: [propext, Classical.choice, Quot.sound]
2026-09-26T08:01:18.0761716Z info: OIBridge/OrbitGeometryRigidity.lean:2445:0: 'OIBridge.OrbitGeometryRigidity.nc_40' depends on axioms: [propext, Classical.choice, Quot.sound]
2026-09-26T08:01:18.0762187Z info: OIBridge/OrbitGeometryRigidity.lean:2446:0: 'OIBridge.OrbitGeometryRigidity.nc_41' depends on axioms: [propext, Classical.choice, Quot.sound]
2026-09-26T08:01:18.0762655Z info: OIBridge/OrbitGeometryRigidity.lean:2447:0: 'OIBridge.OrbitGeometryRigidity.nc_42' depends on axioms: [propext, Classical.choice, Quot.sound]
2026-09-26T08:01:18.0763126Z info: OIBridge/OrbitGeometryRigidity.lean:2448:0: 'OIBridge.OrbitGeometryRigidity.nc_43' depends on axioms: [propext, Classical.choice, Quot.sound]
2026-09-26T08:01:18.0763732Z info: OIBridge/OrbitGeometryRigidity.lean:2449:0: 'OIBridge.OrbitGeometryRigidity.nc_44' depends on axioms: [propext, Classical.choice, Quot.sound]
2026-09-26T08:01:18.0764210Z info: OIBridge/OrbitGeometryRigidity.lean:2450:0: 'OIBridge.OrbitGeometryRigidity.nc_45' depends on axioms: [propext, Classical.choice, Quot.sound]
2026-09-26T08:01:18.0764671Z info: OIBridge/OrbitGeometryRigidity.lean:2451:0: 'OIBridge.OrbitGeometryRigidity.nc_46' depends on axioms: [propext, Classical.choice, Quot.sound]
2026-09-26T08:01:18.0765170Z info: OIBridge/OrbitGeometryRigidity.lean:2452:0: 'OIBridge.OrbitGeometryRigidity.nc_47' depends on axioms: [propext, Classical.choice, Quot.sound]
2026-09-26T08:01:18.0765638Z info: OIBridge/OrbitGeometryRigidity.lean:2453:0: 'OIBridge.OrbitGeometryRigidity.nc_48' depends on axioms: [propext, Classical.choice, Quot.sound]
2026-09-26T08:01:18.0766234Z info: OIBridge/OrbitGeometryRigidity.lean:2454:0: 'OIBridge.OrbitGeometryRigidity.nc_49' depends on axioms: [propext, Classical.choice, Quot.sound]
2026-09-26T08:01:18.0766701Z info: OIBridge/OrbitGeometryRigidity.lean:2455:0: 'OIBridge.OrbitGeometryRigidity.nc_50' depends on axioms: [propext, Classical.choice, Quot.sound]
2026-09-26T08:01:18.0767170Z info: OIBridge/OrbitGeometryRigidity.lean:2456:0: 'OIBridge.OrbitGeometryRigidity.nc_51' depends on axioms: [propext, Classical.choice, Quot.sound]
2026-09-26T08:01:18.0767638Z info: OIBridge/OrbitGeometryRigidity.lean:2457:0: 'OIBridge.OrbitGeometryRigidity.nc_52' depends on axioms: [propext, Classical.choice, Quot.sound]
2026-09-26T08:01:18.0768100Z info: OIBridge/OrbitGeometryRigidity.lean:2458:0: 'OIBridge.OrbitGeometryRigidity.nc_53' depends on axioms: [propext, Classical.choice, Quot.sound]
2026-09-26T08:01:18.0768568Z info: OIBridge/OrbitGeometryRigidity.lean:2459:0: 'OIBridge.OrbitGeometryRigidity.nc_54' depends on axioms: [propext, Classical.choice, Quot.sound]
2026-09-26T08:01:18.0769144Z info: OIBridge/OrbitGeometryRigidity.lean:2460:0: 'OIBridge.OrbitGeometryRigidity.nc_55' depends on axioms: [propext, Classical.choice, Quot.sound]
2026-09-26T08:01:18.0769611Z info: OIBridge/OrbitGeometryRigidity.lean:2461:0: 'OIBridge.OrbitGeometryRigidity.nc_56' depends on axioms: [propext, Classical.choice, Quot.sound]
2026-09-26T08:01:18.0770079Z info: OIBridge/OrbitGeometryRigidity.lean:2462:0: 'OIBridge.OrbitGeometryRigidity.nc_57' depends on axioms: [propext, Classical.choice, Quot.sound]
2026-09-26T08:01:18.0770544Z info: OIBridge/OrbitGeometryRigidity.lean:2463:0: 'OIBridge.OrbitGeometryRigidity.nc_58' depends on axioms: [propext, Classical.choice, Quot.sound]
2026-09-26T08:01:18.0771006Z info: OIBridge/OrbitGeometryRigidity.lean:2464:0: 'OIBridge.OrbitGeometryRigidity.nc_59' depends on axioms: [propext, Classical.choice, Quot.sound]
2026-09-26T08:01:18.0771476Z info: OIBridge/OrbitGeometryRigidity.lean:2465:0: 'OIBridge.OrbitGeometryRigidity.nc_60' depends on axioms: [propext, Classical.choice, Quot.sound]
2026-09-26T08:01:18.0771951Z info: OIBridge/OrbitGeometryRigidity.lean:2466:0: 'OIBridge.OrbitGeometryRigidity.nc_61' depends on axioms: [propext, Classical.choice, Quot.sound]
2026-09-26T08:01:18.0772414Z info: OIBridge/OrbitGeometryRigidity.lean:2467:0: 'OIBridge.OrbitGeometryRigidity.nc_62' depends on axioms: [propext, Classical.choice, Quot.sound]
2026-09-26T08:01:18.0772881Z info: OIBridge/OrbitGeometryRigidity.lean:2468:0: 'OIBridge.OrbitGeometryRigidity.nc_63' depends on axioms: [propext, Classical.choice, Quot.sound]
2026-09-26T08:01:18.0773347Z info: OIBridge/OrbitGeometryRigidity.lean:2469:0: 'OIBridge.OrbitGeometryRigidity.nc_64' depends on axioms: [propext, Classical.choice, Quot.sound]
2026-09-26T08:01:18.0774148Z info: OIBridge/OrbitGeometryRigidity.lean:2470:0: 'OIBridge.OrbitGeometryRigidity.nc_65' depends on axioms: [propext, Classical.choice, Quot.sound]
2026-09-26T08:01:18.0774638Z info: OIBridge/OrbitGeometryRigidity.lean:2471:0: 'OIBridge.OrbitGeometryRigidity.nc_66' depends on axioms: [propext, Classical.choice, Quot.sound]
2026-09-26T08:01:18.0775109Z info: OIBridge/OrbitGeometryRigidity.lean:2472:0: 'OIBridge.OrbitGeometryRigidity.nc_67' depends on axioms: [propext, Classical.choice, Quot.sound]
2026-09-26T08:01:18.0775577Z info: OIBridge/OrbitGeometryRigidity.lean:2473:0: 'OIBridge.OrbitGeometryRigidity.nc_68' depends on axioms: [propext, Classical.choice, Quot.sound]
2026-09-26T08:01:18.0776038Z info: OIBridge/OrbitGeometryRigidity.lean:2474:0: 'OIBridge.OrbitGeometryRigidity.nc_69' depends on axioms: [propext, Classical.choice, Quot.sound]
2026-09-26T08:01:18.0776505Z info: OIBridge/OrbitGeometryRigidity.lean:2475:0: 'OIBridge.OrbitGeometryRigidity.nc_70' depends on axioms: [propext, Classical.choice, Quot.sound]
2026-09-26T08:01:18.0776971Z info: OIBridge/OrbitGeometryRigidity.lean:2476:0: 'OIBridge.OrbitGeometryRigidity.nc_71' depends on axioms: [propext, Classical.choice, Quot.sound]
2026-09-26T08:01:18.0777627Z info: OIBridge/OrbitGeometryRigidity.lean:2477:0: 'OIBridge.OrbitGeometryRigidity.pred_row_swap13' depends on axioms: [propext, Classical.choice, Quot.sound]
2026-09-26T08:01:18.0778143Z info: OIBridge/OrbitGeometryRigidity.lean:2478:0: 'OIBridge.OrbitGeometryRigidity.pred_col_swap13' depends on axioms: [propext, Classical.choice, Quot.sound]
2026-09-26T08:01:18.0778661Z info: OIBridge/OrbitGeometryRigidity.lean:2479:0: 'OIBridge.OrbitGeometryRigidity.pred_row_double' depends on axioms: [propext, Classical.choice, Quot.sound]
2026-09-26T08:01:18.0779169Z info: OIBridge/OrbitGeometryRigidity.lean:2480:0: 'OIBridge.OrbitGeometryRigidity.pred_col_double' depends on axioms: [propext, Classical.choice, Quot.sound]
2026-09-26T08:01:18.0779661Z info: OIBridge/OrbitGeometryRigidity.lean:2481:0: 'OIBridge.OrbitGeometryRigidity.pred_one' depends on axioms: [propext, Classical.choice, Quot.sound]
2026-09-26T08:01:18.0780148Z info: OIBridge/OrbitGeometryRigidity.lean:2482:0: 'OIBridge.OrbitGeometryRigidity.pred_row' depends on axioms: [propext, Classical.choice, Quot.sound]
2026-09-26T08:01:18.0780728Z info: OIBridge/OrbitGeometryRigidity.lean:2483:0: 'OIBridge.OrbitGeometryRigidity.pred_col' depends on axioms: [propext, Classical.choice, Quot.sound]
2026-09-26T08:01:18.0781228Z info: OIBridge/OrbitGeometryRigidity.lean:2484:0: 'OIBridge.OrbitGeometryRigidity.pred_stab' depends on axioms: [propext, Classical.choice, Quot.sound]
2026-09-26T08:01:18.0781754Z info: OIBridge/OrbitGeometryRigidity.lean:2485:0: 'OIBridge.OrbitGeometryRigidity.a26_1_circle_count' depends on axioms: [propext, Classical.choice, Quot.sound]
2026-09-26T08:01:18.0782229Z info: OIBridge/OrbitGeometryRigidity.lean:2486:0: 'OIBridge.OrbitGeometryRigidity.rigid_motion_of_tuple_isometry' depends on axioms: [propext,
2026-09-26T08:01:18.0782315Z  Classical.choice,
2026-09-26T08:01:18.0782400Z  Quot.sound]
2026-09-26T08:01:18.0782609Z ℹ [3594/3599] Replayed OIBridge.StrictNaturalLift
2026-09-26T08:01:18.0783152Z info: OIBridge/StrictNaturalLift.lean:293:0: 'OIBridge.StrictNaturalLift.a27_shared_fibreGram_entry' depends on axioms: [propext, Classical.choice, Quot.sound]
2026-09-26T08:01:18.0783921Z info: OIBridge/StrictNaturalLift.lean:294:0: 'OIBridge.StrictNaturalLift.a27_shared_weak_diagonal' depends on axioms: [propext, Classical.choice, Quot.sound]
2026-09-26T08:01:18.0784417Z info: OIBridge/StrictNaturalLift.lean:295:0: 'OIBridge.StrictNaturalLift.a27_shared_weak_one' depends on axioms: [propext, Classical.choice, Quot.sound]
2026-09-26T08:01:18.0784916Z info: OIBridge/StrictNaturalLift.lean:296:0: 'OIBridge.StrictNaturalLift.a27_shared_left_diagonal' depends on axioms: [propext, Classical.choice, Quot.sound]
2026-09-26T08:01:18.0785416Z info: OIBridge/StrictNaturalLift.lean:297:0: 'OIBridge.StrictNaturalLift.a27_shared_weak_shape' depends on axioms: [propext, Classical.choice, Quot.sound]
2026-09-26T08:01:18.0785904Z info: OIBridge/StrictNaturalLift.lean:298:0: 'OIBridge.StrictNaturalLift.a27_shared_left_shape' depends on axioms: [propext, Classical.choice, Quot.sound]
2026-09-26T08:01:18.0786387Z info: OIBridge/StrictNaturalLift.lean:299:0: 'OIBridge.StrictNaturalLift.a27_shared_left_mul' depends on axioms: [propext, Classical.choice, Quot.sound]
2026-09-26T08:01:18.0786872Z info: OIBridge/StrictNaturalLift.lean:300:0: 'OIBridge.StrictNaturalLift.a27_shared_left_star' depends on axioms: [propext, Classical.choice, Quot.sound]
2026-09-26T08:01:18.0787356Z info: OIBridge/StrictNaturalLift.lean:301:0: 'OIBridge.StrictNaturalLift.a27_shared_weak_star' depends on axioms: [propext, Classical.choice, Quot.sound]
2026-09-26T08:01:18.0787877Z info: OIBridge/StrictNaturalLift.lean:302:0: 'OIBridge.StrictNaturalLift.a27_shared_left_admissible_iff' depends on axioms: [propext, Classical.choice, Quot.sound]
2026-09-26T08:01:18.0788409Z info: OIBridge/StrictNaturalLift.lean:303:0: 'OIBridge.StrictNaturalLift.a27_shared_right_admissible_iff' depends on axioms: [propext, Classical.choice, Quot.sound]
2026-09-26T08:01:18.0789105Z info: OIBridge/StrictNaturalLift.lean:304:0: 'OIBridge.StrictNaturalLift.a27_shared_admissible_shape' depends on axioms: [propext, Classical.choice, Quot.sound]
2026-09-26T08:01:18.0789544Z info: OIBridge/StrictNaturalLift.lean:305:0: 'OIBridge.StrictNaturalLift.a27_shared_admissible_entry_ne_zero' depends on axioms: [propext,
2026-09-26T08:01:18.0789635Z  Classical.choice,
2026-09-26T08:01:18.0789717Z  Quot.sound]
2026-09-26T08:01:18.0790204Z info: OIBridge/StrictNaturalLift.lean:306:0: 'OIBridge.StrictNaturalLift.a27_shared_same_gram' depends on axioms: [propext, Classical.choice, Quot.sound]
2026-09-26T08:01:18.0790730Z info: OIBridge/StrictNaturalLift.lean:307:0: 'OIBridge.StrictNaturalLift.a27_shared_realizable_of_equiv' depends on axioms: [propext, Classical.choice, Quot.sound]
2026-09-26T08:01:18.0791236Z info: OIBridge/StrictNaturalLift.lean:308:0: 'OIBridge.StrictNaturalLift.a27_shared_phase_coeff_eq' depends on axioms: [propext, Classical.choice, Quot.sound]
2026-09-26T08:01:18.0791866Z info: OIBridge/StrictNaturalLift.lean:309:0: 'OIBridge.StrictNaturalLift.a27_shared_transport_eq' depends on axioms: [propext, Classical.choice, Quot.sound]
2026-09-26T08:01:18.0792351Z info: OIBridge/StrictNaturalLift.lean:310:0: 'OIBridge.StrictNaturalLift.a27_shared_torsor' depends on axioms: [propext, Classical.choice, Quot.sound]
2026-09-26T08:01:18.0792826Z info: OIBridge/StrictNaturalLift.lean:470:0: 'OIBridge.StrictNaturalLift.a27_0_strict_lift' depends on axioms: [propext, Classical.choice, Quot.sound]
2026-09-26T08:01:18.0793302Z info: OIBridge/StrictNaturalLift.lean:624:0: 'OIBridge.StrictNaturalLift.a27_h_relabel_lift' depends on axioms: [propext, Classical.choice, Quot.sound]
2026-09-26T08:01:18.0793988Z info: OIBridge/StrictNaturalLift.lean:625:0: 'OIBridge.StrictNaturalLift.a27_h_conj_lift' depends on axioms: [propext, Classical.choice, Quot.sound]
2026-09-26T08:01:18.0794493Z info: OIBridge/StrictNaturalLift.lean:626:0: 'OIBridge.StrictNaturalLift.a27_h_transpose_class' depends on axioms: [propext, Classical.choice, Quot.sound]
2026-09-26T08:01:18.0794987Z info: OIBridge/StrictNaturalLift.lean:627:0: 'OIBridge.StrictNaturalLift.a27_h_transpose_lift' depends on axioms: [propext, Classical.choice, Quot.sound]
2026-09-26T08:01:18.0795489Z info: OIBridge/StrictNaturalLift.lean:628:0: 'OIBridge.StrictNaturalLift.a27_h_transpose_conj_lift' depends on axioms: [propext, Classical.choice, Quot.sound]
2026-09-26T08:01:18.0796003Z info: OIBridge/StrictNaturalLift.lean:671:0: 'OIBridge.StrictNaturalLift.a27_t_relabel_no_strict_lift' depends on axioms: [propext, Classical.choice, Quot.sound]
2026-09-26T08:01:18.0796492Z info: OIBridge/StrictNaturalLift.lean:943:0: 'OIBridge.StrictNaturalLift.a27_1_reversible_lift' depends on axioms: [propext, Classical.choice, Quot.sound]
2026-09-26T08:01:18.0796676Z ℹ [3596/3599] Replayed OIBridge.ProductAdmission
2026-09-26T08:01:18.0797192Z info: OIBridge/ProductAdmission.lean:327:0: 'OIBridge.ProductAdmission.a29_shared_product_separated' depends on axioms: [propext, Classical.choice, Quot.sound]
2026-09-26T08:01:18.0797735Z info: OIBridge/ProductAdmission.lean:328:0: 'OIBridge.ProductAdmission.a29_shared_not_trajEquiv_of_index' depends on axioms: [propext, Classical.choice, Quot.sound]
2026-09-26T08:01:18.0798250Z info: OIBridge/ProductAdmission.lean:329:0: 'OIBridge.ProductAdmission.a29_shared_separated_solutions' depends on axioms: [propext, Classical.choice, Quot.sound]
2026-09-26T08:01:18.0798720Z info: OIBridge/ProductAdmission.lean:330:0: 'OIBridge.ProductAdmission.a29_shared_splice' depends on axioms: [propext, Classical.choice, Quot.sound]
2026-09-26T08:01:18.0799166Z info: OIBridge/ProductAdmission.lean:331:0: 'OIBridge.ProductAdmission.a29_p_hold' depends on axioms: [propext, Classical.choice, Quot.sound]
2026-09-26T08:01:18.0799649Z info: OIBridge/ProductAdmission.lean:332:0: 'OIBridge.ProductAdmission.a29_n_relabel_instance' depends on axioms: [propext, Classical.choice, Quot.sound]
2026-09-26T08:01:20.9631274Z ⚠ [3597/3599] Built OIBridge.ProductStrictLift (3.0s)
2026-09-26T08:01:20.9632698Z warning: OIBridge/ProductStrictLift.lean:271:6: This simp argument is unused:
2026-09-26T08:01:20.9633399Z   mul_inv_cancel₀ hn
2026-09-26T08:01:20.9633910Z 
2026-09-26T08:01:20.9634216Z Hint: Omit it from the simp argument list.
2026-09-26T08:01:20.9635120Z   [apply] simp only [Matrix.smul_mul, Matrix.mul_smul, smul_smul, inv_mul_cancel₀ hn, one_smul]
2026-09-26T08:01:20.9635648Z 
2026-09-26T08:01:20.9635970Z Note: This linter can be disabled with `set_option linter.unusedSimpArgs false`
2026-09-26T08:01:20.9636755Z warning: OIBridge/ProductStrictLift.lean:287:4: This simp argument is unused:
2026-09-26T08:01:20.9637385Z   mul_inv_cancel₀ hn
2026-09-26T08:01:20.9637569Z 
2026-09-26T08:01:20.9637725Z Hint: Omit it from the simp argument list.
2026-09-26T08:01:20.9638459Z   [apply] simp only [Matrix.smul_mul, Matrix.mul_smul, smul_smul, inv_mul_cancel₀ hn, one_smul]
2026-09-26T08:01:20.9638989Z 
2026-09-26T08:01:20.9639290Z Note: This linter can be disabled with `set_option linter.unusedSimpArgs false`
2026-09-26T08:01:20.9640716Z info: OIBridge/ProductStrictLift.lean:427:0: 'OIBridge.ProductStrictLift.a30_shared_sum_single' depends on axioms: [propext, Classical.choice, Quot.sound]
2026-09-26T08:01:20.9642265Z info: OIBridge/ProductStrictLift.lean:428:0: 'OIBridge.ProductStrictLift.a30_shared_star_mul_self' depends on axioms: [propext, Classical.choice, Quot.sound]
2026-09-26T08:01:20.9643503Z info: OIBridge/ProductStrictLift.lean:429:0: 'OIBridge.ProductStrictLift.a30_shared_fibreGram_entry' depends on axioms: [propext, Classical.choice, Quot.sound]
2026-09-26T08:01:20.9644923Z info: OIBridge/ProductStrictLift.lean:430:0: 'OIBridge.ProductStrictLift.a30_shared_weak_diagonal' depends on axioms: [propext, Classical.choice, Quot.sound]
2026-09-26T08:01:20.9646141Z info: OIBridge/ProductStrictLift.lean:431:0: 'OIBridge.ProductStrictLift.a30_shared_left_diagonal' depends on axioms: [propext, Classical.choice, Quot.sound]
2026-09-26T08:01:20.9647334Z info: OIBridge/ProductStrictLift.lean:432:0: 'OIBridge.ProductStrictLift.a30_shared_weak_shape' depends on axioms: [propext, Classical.choice, Quot.sound]
2026-09-26T08:01:20.9648535Z info: OIBridge/ProductStrictLift.lean:433:0: 'OIBridge.ProductStrictLift.a30_shared_left_shape' depends on axioms: [propext, Classical.choice, Quot.sound]
2026-09-26T08:01:20.9649707Z info: OIBridge/ProductStrictLift.lean:434:0: 'OIBridge.ProductStrictLift.a30_shared_left_mul' depends on axioms: [propext, Classical.choice, Quot.sound]
2026-09-26T08:01:20.9650875Z info: OIBridge/ProductStrictLift.lean:435:0: 'OIBridge.ProductStrictLift.a30_shared_left_star' depends on axioms: [propext, Classical.choice, Quot.sound]
2026-09-26T08:01:20.9652052Z info: OIBridge/ProductStrictLift.lean:436:0: 'OIBridge.ProductStrictLift.a30_shared_weak_star' depends on axioms: [propext, Classical.choice, Quot.sound]
2026-09-26T08:01:20.9653250Z info: OIBridge/ProductStrictLift.lean:437:0: 'OIBridge.ProductStrictLift.a30_shared_left_admissible_iff' depends on axioms: [propext, Classical.choice, Quot.sound]
2026-09-26T08:01:20.9654548Z info: OIBridge/ProductStrictLift.lean:438:0: 'OIBridge.ProductStrictLift.a30_shared_right_admissible_iff' depends on axioms: [propext, Classical.choice, Quot.sound]
2026-09-26T08:01:20.9655694Z info: OIBridge/ProductStrictLift.lean:439:0: 'OIBridge.ProductStrictLift.a30_shared_entry_ne_zero' depends on axioms: [propext, Classical.choice, Quot.sound]
2026-09-26T08:01:20.9656789Z info: OIBridge/ProductStrictLift.lean:440:0: 'OIBridge.ProductStrictLift.a30_shared_rows_phase' depends on axioms: [propext, Classical.choice, Quot.sound]
2026-09-26T08:01:20.9657864Z info: OIBridge/ProductStrictLift.lean:441:0: 'OIBridge.ProductStrictLift.a30_shared_same_gram' depends on axioms: [propext, Classical.choice, Quot.sound]
2026-09-26T08:01:20.9658954Z info: OIBridge/ProductStrictLift.lean:442:0: 'OIBridge.ProductStrictLift.a30_shared_phase_coeff_eq' depends on axioms: [propext, Classical.choice, Quot.sound]
2026-09-26T08:01:20.9660047Z info: OIBridge/ProductStrictLift.lean:443:0: 'OIBridge.ProductStrictLift.a30_shared_torsor' depends on axioms: [propext, Classical.choice, Quot.sound]
2026-09-26T08:01:20.9661260Z info: OIBridge/ProductStrictLift.lean:444:0: 'OIBridge.ProductStrictLift.a30_shared_transport_eq' depends on axioms: [propext, Classical.choice, Quot.sound]
2026-09-26T08:01:20.9662350Z info: OIBridge/ProductStrictLift.lean:445:0: 'OIBridge.ProductStrictLift.a30_shared_strictify' depends on axioms: [propext, Classical.choice, Quot.sound]
2026-09-26T08:01:20.9663415Z info: OIBridge/ProductStrictLift.lean:475:0: 'OIBridge.ProductStrictLift.a30_s_strictify' depends on axioms: [propext, Classical.choice, Quot.sound]
2026-09-26T08:01:28.3776452Z ℹ [3598/3599] Built OIBridge (7.3s)
2026-09-26T08:01:28.3777736Z info: OIBridge.lean:820:0: 'OIBridge.LinkJoin.char_two_subset_ne_link' depends on axioms: [propext, Classical.choice, Quot.sound]
2026-09-26T08:01:28.3779570Z info: OIBridge.lean:821:0: 'OIBridge.LinkJoin.char_multiset_collision' depends on axioms: [propext, Classical.choice, Quot.sound]
2026-09-26T08:01:28.3781899Z info: OIBridge.lean:822:0: 'OIBridge.LinkJoin.sum_sq_collision' depends on axioms: [propext, Classical.choice, Quot.sound]
2026-09-26T08:01:28.3783250Z info: OIBridge.lean:823:0: 'OIBridge.LinkJoin.sum_cube_collision' depends on axioms: [propext, Classical.choice, Quot.sound]
2026-09-26T08:01:28.3785012Z info: OIBridge.lean:824:0: 'OIBridge.LinkJoin.faceEquivLink_op' depends on axioms: [propext, Classical.choice, Quot.sound]
2026-09-26T08:01:28.3786197Z info: OIBridge.lean:825:0: 'OIBridge.LinkJoin.act_op' depends on axioms: [propext, Classical.choice, Quot.sound]
2026-09-26T08:01:28.3787919Z info: OIBridge.lean:826:0: 'OIBridge.LinkJoin.sym_linkHom' depends on axioms: [propext, Classical.choice, Quot.sound]
2026-09-26T08:01:28.3789313Z info: OIBridge.lean:827:0: 'OIBridge.LinkJoin.act_injective' depends on axioms: [propext, Classical.choice, Quot.sound]
2026-09-26T08:01:28.3790734Z info: OIBridge.lean:828:0: 'OIBridge.LinkJoin.linkHom_injective' depends on axioms: [propext, Classical.choice, Quot.sound]
2026-09-26T08:01:28.3792291Z info: OIBridge.lean:829:0: 'OIBridge.LinkJoin.character_rhoLink' depends on axioms: [propext, Classical.choice, Quot.sound]
2026-09-26T08:01:28.3794186Z info: OIBridge.lean:830:0: 'OIBridge.LinkJoin.rhoLink_comm_PT' depends on axioms: [propext, Classical.choice, Quot.sound]
2026-09-26T08:01:28.3795354Z info: OIBridge.lean:831:0: 'OIBridge.LinkJoin.character_restrict_PT' depends on axioms: [propext, Classical.choice, Quot.sound]
2026-09-26T08:01:28.3796523Z info: OIBridge.lean:832:0: 'OIBridge.LinkJoin.character_PA_eq_one' depends on axioms: [propext, Classical.choice, Quot.sound]
2026-09-26T08:01:28.3797650Z info: OIBridge.lean:833:0: 'OIBridge.LinkJoin.character_sum' depends on axioms: [propext, Classical.choice, Quot.sound]
2026-09-26T08:01:28.3798752Z info: OIBridge.lean:834:0: 'OIBridge.LinkJoin.character_rhoT' depends on axioms: [propext, Classical.choice, Quot.sound]
2026-09-26T08:01:28.3799863Z info: OIBridge.lean:835:0: 'OIBridge.LinkJoin.character_rhoE' depends on axioms: [propext, Classical.choice, Quot.sound]
2026-09-26T08:01:28.3800980Z info: OIBridge.lean:836:0: 'OIBridge.LinkJoin.character_rhoA' depends on axioms: [propext, Classical.choice, Quot.sound]
2026-09-26T08:01:28.3802110Z info: OIBridge.lean:837:0: 'OIBridge.LinkJoin.character_rhoA_eq_one' depends on axioms: [propext, Classical.choice, Quot.sound]
2026-09-26T08:01:28.3803295Z info: OIBridge.lean:838:0: 'OIBridge.LinkJoin.character_rhoLink_eq_sum' depends on axioms: [propext, Classical.choice, Quot.sound]
2026-09-26T08:01:28.3949522Z Build completed successfully (3599 jobs).
2026-09-26T08:01:28.4347376Z TIMING lake-exe-cache-get 86s
2026-09-26T08:01:28.4347996Z TIMING lake-rehash-build 15s
2026-09-26T08:01:28.4402738Z ##[group]Run python3 tools/release_gate.py
2026-09-26T08:01:28.4403108Z [36;1mpython3 tools/release_gate.py[0m
2026-09-26T08:01:28.4536395Z shell: /usr/bin/bash -e {0}
2026-09-26T08:01:28.4536669Z ##[endgroup]
2026-09-26T08:02:07.9360405Z release gate
2026-09-26T08:02:07.9361247Z ====================================================================
2026-09-26T08:02:07.9361839Z   PASS  toolchain        toolchain_check: OK (build entry present, unicode-fix.tex co
2026-09-26T08:02:07.9362475Z   PASS  staleness        staleness_check: OK (13 matched, 0 unstamped)
2026-09-26T08:02:07.9363096Z   PASS  baseline-label   baseline_label_check: OK (no baseline archives named)
2026-09-26T08:02:07.9364683Z   PASS  voice            voice_check: OK (no manuscript-voice history narration; 40 m
2026-09-26T08:02:07.9365386Z   PASS  voice-scope      voice_scope_test: OK (6 scope case(s); the checker scans the
2026-09-26T08:02:07.9366150Z   PASS  ci-gate-presence ci_gate_presence_test: OK (CI runs the real release gate)
2026-09-26T08:02:07.9366872Z   PASS  artifact-placement artifact_placement_check: OK (no unaccounted root artifact; 
2026-09-26T08:02:07.9367607Z   PASS  manifest-drift   build_migration_manifest --check: OK (91 artifacts; both gen
2026-09-26T08:02:07.9368294Z   PASS  claims           claims_check: OK (no withdrawn result asserted unconditional
2026-09-26T08:02:07.9368944Z   PASS  duplicate        duplicate_check: OK (no paragraph repeated within a file)
2026-09-26T08:02:07.9369551Z   PASS  mirror           mirror_check: 0 chapter line(s) absent from FULL.md
2026-09-26T08:02:07.9370153Z   PASS  citation         citation_check: 112 citation(s), 0 broken, 0 duplicate bib n
2026-09-26T08:02:07.9370810Z   PASS  architecture     architecture_check: 259 invariant(s), 0 violation(s), 0 self
2026-09-26T08:02:07.9371513Z   PASS  dependency-label dependency_label_check: OK (no stale dependency label, 41 fi
2026-09-26T08:02:07.9372200Z   PASS  coverage         coverage_check: OK (130 canonical statements, 19 unattached 
2026-09-26T08:02:07.9372842Z   PASS  lean-axioms      lean_axiom_check: OK (4207 named result(s) reported, no sorr
2026-09-26T08:02:07.9373460Z   FAIL  lean-manuscript  lean_manuscript_census: FAILED (1 problem(s))
2026-09-26T08:02:07.9374142Z   PASS  legacy-records   LEGACY  303 record(s) in 75 closed namespace(s), all intact
2026-09-26T08:02:07.9374619Z   PASS  v3-self-test     v3_verifier: self-test OK
2026-09-26T08:02:07.9375021Z   PASS  v3-corpus        CORPUS  140 vector(s), exact and as expected
2026-09-26T08:02:07.9375444Z   PASS  v3-receipts      RECEIPTS  5 receipt(s), all hold
2026-09-26T08:02:07.9375788Z ====================================================================
2026-09-26T08:02:07.9376113Z release gate: FAILED -> lean-manuscript
2026-09-26T08:02:07.9376436Z (rerun the individual check for file/line detail)
2026-09-26T08:02:07.9418030Z ##[error]Process completed with exit code 1.
2026-09-26T08:02:07.9569841Z Post job cleanup.
2026-09-26T08:02:08.0457262Z [command]/usr/bin/git version
2026-09-26T08:02:08.0507516Z git version 2.55.0
2026-09-26T08:02:08.0551854Z Temporarily overriding HOME='/home/runner/work/_temp/e71b6d3a-14f7-41ab-a859-89264e09c9bc' before making global git config changes
2026-09-26T08:02:08.0553325Z Adding repository directory to the temporary git global config as a safe directory
2026-09-26T08:02:08.0574662Z [command]/usr/bin/git config --global --add safe.directory /home/runner/work/incompleteness/incompleteness
2026-09-26T08:02:08.0604490Z [command]/usr/bin/git config --local --name-only --get-regexp core\.sshCommand
2026-09-26T08:02:08.0642115Z [command]/usr/bin/git submodule foreach --recursive sh -c "git config --local --name-only --get-regexp 'core\.sshCommand' && git config --local --unset-all 'core.sshCommand' || :"
2026-09-26T08:02:08.0922196Z [command]/usr/bin/git config --local --name-only --get-regexp http\.https\:\/\/github\.com\/\.extraheader
2026-09-26T08:02:08.0949158Z http.https://github.com/.extraheader
2026-09-26T08:02:08.0963992Z [command]/usr/bin/git config --local --unset-all http.https://github.com/.extraheader
2026-09-26T08:02:08.1002088Z [command]/usr/bin/git submodule foreach --recursive sh -c "git config --local --name-only --get-regexp 'http\.https\:\/\/github\.com\/\.extraheader' && git config --local --unset-all 'http.https://github.com/.extraheader' || :"
2026-09-26T08:02:08.1297578Z [command]/usr/bin/git config --local --name-only --get-regexp ^includeIf\.gitdir:
2026-09-26T08:02:08.1338235Z [command]/usr/bin/git submodule foreach --recursive git config --local --show-origin --name-only --get-regexp remote.origin.url
2026-09-26T08:02:08.1771237Z Cleaning up orphan processes
2026-09-26T08:02:08.2170776Z ##[warning]Node.js 20 is deprecated. The following actions target Node.js 20 but are being forced to run on Node.js 24: actions/cache@v4, actions/checkout@v4. For more information see: https://github.blog/changelog/2025-09-19-deprecation-of-node-20-on-github-actions-runners/