papers/Main.md:28#2  OOS:I2 (finite-horizon equivalence; problem statement)  | Whether a description obtained this way can be considered complete is the question Einstein, Podolsky, and Rosen posed of quantum mechanics [46]; it r
papers/Main.md:30#4  OOS:I2 (finite-horizon equivalence; problem statement)  | The remaining distinction between this exact stochastic–quantum equivalence and *full operational quantum mechanics* is confined to the simultaneous c
papers/Main.md:34#4  I1.5  | As §1.2 makes explicit, that starting point is not a single indubitable fact but resolves into two axioms, one indubitable and one a substantive posit
papers/Main.md:36#1  I1.5  | The axiom has structural content beyond contingent occurrence.
papers/Main.md:36#3  I1.5,I1.20,I1.21,I1.23,I1.24  | Applied to our universe, the starting point thus carries a further commitment: that our universe lies in the observer-admitting subset of substrata — 
papers/Main.md:36#4  I1.1,I1.5,I1.20,I1.21,I1.23,I1.24  | This is the C1–C4 selection condition, not a consequence of the first axiom: a momentary registering with no persistent record satisfies the first axi
papers/Main.md:38#1  I1.1,I1.2  | The phrase "observation occurs" can be stated with more precision than a single undifferentiated axiom.
papers/Main.md:38#2  I1.1,I1.2  | Distilled, it is *two axioms*.
papers/Main.md:38#3  I1.1  | **Axiom 1** is the evidential floor: tokened differentiation occurs — concrete differentiated content is *registered*, a this-not-that tokened from a 
papers/Main.md:38#5  I1.1,I1.2  | Read this way, the primitive already contains three things that therefore need no separate derivation: a differentiation (the this-not-that), a locus 
papers/Main.md:38#6  I1.1,I1.2  | The indubitability is the warrant available to whatever locus raises the doubt; the Definition covers every registering locus, and for a detector or a
papers/Main.md:38#7  I1.1,I1.2  | The proper-part decomposition $V \subsetneq S$ — the observer embedded in a whole it does not exhaust — is accordingly constitutive of the primitive r
papers/Main.md:38#8  I1.1  | From Axiom 1, by analysis of the words "occurs" and "registered," the relational structure, the existence of a dynamics, determinism and finiteness pe
papers/Main.md:38#10  I1.2  | This is **Axiom 2**: differentiation recurs, the temporal domain being the minimal such recurrence.
papers/Main.md:38#11  I1.3  | Axiom 2 presupposes Axiom 1 (there is no recurrence of differentiation without differentiation) but is not derivable from it: a structure containing a
papers/Main.md:38#12  I1.3  | The framework's foundation is therefore most honestly described not as a single axiom but as a *two-axiom observation base*: one indubitable claim, an
papers/Main.md:38#13  I1.1  | The two invoke a single principle — tokened differentiation — and are thematically one; they are numerically two.
papers/Main.md:38#14  I1.1,I1.2  | The Definition and Lemmas below unpack this structure.
papers/Main.md:40#2  I1.4  | One could instead read the evidential floor *thinly* — as bare differentiated content with no locus occupying a side — in which case the embeddedness 
papers/Main.md:40#3  I1.4  | The framework adopts the perspectival reading: the floor the cogito secures is already a registering, not a free-standing fact, so embeddedness belong
papers/Main.md:40#4  I1.4  | This choice has a payoff beyond economy of axioms.
papers/Main.md:40#7  I1.4  | The choice between the perspectival primitive and the thin-plus-third-axiom formulation is presentational — it bears only on how the foundation's comm
papers/Main.md:44#1  I1.6  | **Definition.** An *observation* is a triple $(S, \varphi, V)$: a total system $S$, a dynamics $\varphi: S \to S$, and an observer $V \subsetneq S$ — 
papers/Main.md:46#3  I1.7  | The dynamics $\varphi$ itself is nothing exotic, and its form need not be posited: it follows from a single innocuous premise, that evolution *compose
papers/Main.md:46#4  I1.7  | This composition (semigroup) law is Cauchy's functional equation, and it forces the evolution to be a one-parameter family generated by a fixed rule [
papers/Main.md:46#5  I1.7  | Thus the state-transition structure is not an assumption particular to this framework but a consequence of consistency of time evolution — the same st
papers/Main.md:46#6  I1.7  | What distinguishes the present setting is not the existence of such a map but that it acts on a *finite* $S$ (Lemma 1); finiteness, not the dynamics, 
papers/Main.md:48#1  I1.8  | **Lemma 1** (Finiteness).
papers/Main.md:50#1  I1.9  | **Lemma 2** (Causal partition).
papers/Main.md:50#4  I1.9  | The product decomposition
papers/Main.md:54#2  I1.9  | The product decomposition is idealized; §4.5 addresses approximation quality.
papers/Main.md:56#1  I1.10,I1.12  | **Lemma 3** (Determinism, reversibility, and the selected measure).
papers/Main.md:56#3  I1.10,I1.12  | On each accessible orbit the invariant measure is unique (uniform on the cycle); globally, the counting measure is selected among invariant measures a
papers/Main.md:60#1  I1.13  | *Remark (the measure as a realization datum).* Lemma 3 fixes the canonical measure — invariant, maximal-entropy — and the framework's baseline transit
papers/Main.md:62#1  I1.10,I1.11  | *Remark (status of the early commitments).* Of the structure above, only finite visible resolution is a theorem (Lemma 1).
papers/Main.md:62#2  I1.10,I1.11  | The bijective substratum is a representation choice — the minimal recurrent bijective representative of the hidden dynamics; total finiteness of that 
papers/Main.md:62#3  I1.10,I1.11  | The physical reading of the characterization theorem — the identification of nature with a finite reversible substratum — is accordingly conditional o
papers/Main.md:62#9  I1.10,I1.11  | As for the measure: on the orbit of the actual microstate, the uniform measure is the unique $\varphi$-invariant measure; the selection among orbits i
papers/Main.md:66#1  I1.14  | **Remark (reversibility as the conservative assumption).** The bijectivity of $\varphi$ — equivalently, that the substratum conserves information — is
papers/Main.md:66#2  I1.14  | Unitary evolution in quantum mechanics *is* information conservation: a pure state evolves from a unique pure state, so the dynamics is reversible and
papers/Main.md:66#3  I1.14  | The classical counterpart is Liouville's theorem, the conservation of phase-space volume recovered above.
papers/Main.md:66#4  I1.14  | That the physics community treats information conservation as effectively non-negotiable is shown by the black-hole information paradox, in which the 
papers/Main.md:66#5  I1.14  | The framework therefore assumes no more than standard physics already does — and it is worth noting that the literature independently records the same
papers/Main.md:66#6  I1.14  | What is non-standard here is not the assumption of reversibility but the claim to *recover* it, below, from the two-pronged argument of Lemma 3; a rea
papers/Main.md:68#1  I1.6  | These properties contain no quantum postulates.
papers/Main.md:68#2  I1.6  | The claim is that quantum mechanics *emerges* under the conditions below.
papers/Main.md:70#1  I1.19  | ### 1.3 Conditions on the Hidden Sector
papers/Main.md:72#1  I1.19  | **Companions and independence.** The four conditions below are diagnostics of a realization rather than hypotheses of the characterization: the equiva
papers/Main.md:72#3  I1.19  | Every result uses only these, the two axioms, and the one external correspondence of §3.1.
papers/Main.md:74#1  I1.20  | **(C1) Non-zero coupling.** $H_{\text{int}} \neq 0$: hidden degrees of freedom affect the visible evolution at some accessible step — the conditional 
papers/Main.md:74#4  I1.20  | Necessity — observed non-Markovian dynamics force C1: with no hidden influence at any accessible step, every visible transition is a fixed function of
papers/Main.md:74#5  I1.20  | Bell violation supplies a separate spatial-composite anchor only on the adopted ontic-parameter-dependent branch of §3.3; it does **not** by itself im
papers/Main.md:74#7  I1.20  | Bidirectionality is a property of the physical realization, not part of C1's defining content: a one-way influenced process can be P-indivisible — see
papers/Main.md:74#8  I1.20  | Dependency — C1 is *not independent of C4*: a readback gap requires hidden mediation, so any realization satisfying C4 satisfies C1, and zero-coupling
papers/Main.md:74#9  I1.20  | C1 is retained as a separately checkable condition — the adopted Bell branch independently requires Bell-relevant cross-wing coupling, while C4 alread
papers/Main.md:76#1  I1.21,I1.22  | **(C2) Memory persistence.** Stated in two named forms, because the corpus needs both and they are not equivalent.
papers/Main.md:76#2  I1.21,I1.22  | **(C2-structural):** a hidden record of visible history, once written, persists to the readback that uses it — the retention that clause (b) of the un
papers/Main.md:76#3  I1.21,I1.22  | **(C2-slow):** the timescale mechanism — the hidden sector's *coarse-grained mixing time* $\tau_B$, the timescale on which the effective channel degra
papers/Main.md:76#4  I1.21,I1.22  | (C2-slow) implies (C2-structural) under the uniform-erosion estimate of §2.3 — a record eroding at rate $1/\tau_B$ survives windows $k\tau_S \ll \tau_
papers/Main.md:76#5  I1.21,I1.22  | Slow evolution is one *sufficient mechanism* for persistence (a record that stays put survives), but fast autonomous hidden dynamics with conserved st
papers/Main.md:76#6  I1.21,I1.22  | Unqualified "(C2)" in this paper means the persistence requirement, with the form named wherever the distinction bites.
papers/Main.md:76#7  I1.21,I1.22  | The same probe certifies the complementary boundary: persistence alone does not supply (C4) — with the return time pushed outside the accessible windo
papers/Main.md:76#8  I1.21,I1.22  | (C4)'s operative demand on the hidden sector is thus persistence *together with in-window routing*; (C2) names the persistence half.
papers/Main.md:76#9  I1.21,I1.22  | (Status: **a physical-regime premise, not a structural condition** — and the distinction is load-bearing.
papers/Main.md:76#10  I1.21,I1.22  | C1, C3 and C4 are the structural conditions: the characterization's equivalence runs over those three (§3.4), and the existential realization satisfie
papers/Main.md:76#11  I1.21,I1.22  | What C2 supplies is physical: it is the mechanism by which a stored record survives to be read in realistic models, so that C4 holds rather than faili
papers/Main.md:76#12  I1.21,I1.22  | Note also that C2 does not imply C4: a slow bath can store without reading, certified by a C1–C3 realization with identically zero backflow on arbitra
papers/Main.md:76#13  I1.21,I1.22  | ETH, C2's physical motivation — a well-supported conjecture rather than a theorem — is discussed at the remark in §3.4.
papers/Main.md:78#1  I1.23  | **(C3) Sufficient memory capacity.** The hidden sector has enough distinguishable states to encode the observed conditional past–future information: $
papers/Main.md:78#3  I1.23  | Realization — at the horizon the margin is astronomical: $A/\epsilon^2 \sim 10^{122}$ hidden modes against $\sim 10^{80}$ baryons, a hierarchy $N_H \g
papers/Main.md:78#4  I1.23  | Dependency — like C1, C3 follows from C4 within any faithful realization: the observed conditional information must pass through the hidden sector, so
papers/Main.md:78#5  I1.23  | Exhaustive enumeration confirms it and finds the bound SATURATED — realizations attaining $I^* = \log_2|\mathcal{C}_H|$ exist at $(2,2)$ and $(3,2)$ (
papers/Main.md:80#1  I1.24  | **(C4) History readback.** History-sensitive hidden mediation: on accessible windows, hidden degrees of freedom carry information about the visible pa
papers/Main.md:80#2  I1.24  | The condition is operational; it does not by itself assert a causal write-then-read cycle — a pre-sampled hidden variable revealed by the history sati
papers/Main.md:80#3  I1.24  | (Status: necessity — immediate given observed non-Markovianity, since any realization of a non-Markov process carries differing past-conditionals.
papers/Main.md:80#4  I1.24  | Realization — in the cosmological realization the mediation *is* a causal read-write cycle: the interaction reads the same boundary degrees it writes,
papers/Main.md:80#5  I1.24  | Separation — (C1)–(C3) alone do not imply (C4): a tape-and-ledger realization of the fair coin satisfies all three with identically zero backflow on a
papers/Main.md:82#1  I1.17  | **Theorem statement.** The claims divide into three exact layers and one explicitly conditional extension.
papers/Main.md:82#3  I1.17  | **(2) Readback content:** C4 is not needed for the existence of a quantum representation; it is what makes the OI sector nontrivial.
papers/Main.md:82#4  I1.17  | C4 forces conditional memory in the visible law, readout-relevant hidden predictive memory in every faithful completion, and — for a fixed finite reve
papers/Main.md:82#5  I1.17  | C1 and C3 follow as necessary diagnostics of the mediation and its capacity; C2-structural supplies persistence to readback, with C2-slow one physical
papers/Main.md:82#7  I1.17  | **(4) Full operational extension:** identifying one common *standard local quantum instrument/composite theory* for all coherent interventions require
papers/Main.md:86#1  I1.15  | **Lemma (partition-relativity under the canonical invariant measure).** *Under the canonical measure of Lemma 3, the emergent description is uniquely 
papers/Main.md:86#2  I1.15  | For the abstract representation theorems the prior is a third datum: canonically $T = T(\varphi, \mathcal{P}, \mu_{\text{inv}})$, in general $T = T(\v
papers/Main.md:88#1  I1.15  | *Proof.* By Lemma 3, the Hamiltonian flow $\phi_t$ is unique.
papers/Main.md:88#2  I1.15  | By Lemma 2, the partition is fixed.
papers/Main.md:88#3  I1.15  | By Lemma 3, the observer uses the Liouville measure $\mu$ — the maximal-entropy invariant measure on the full phase space.
papers/Main.md:88#4  I1.15  | (An embedded observer with incomplete knowledge of the total energy averages over energies with a smooth prior, recovering Liouville on a phase-space 
papers/Main.md:92#2  I1.15  | Since $\phi_t$ and $\mu$ are fixed by the definition and lemmas, the stochastic process — and hence any emergent quantum description (§3.1) — depends 
papers/Main.md:99#2  I1.16  | **Layer 2 — memory and capacity** (§2.3): (C4) forces positive conditional memory; the (C3) information bound; the physical-memory theorem ((C2), cond
papers/Main.md:99#4  I1.16  | **Layer 4 — physical and operational realization** (§3.2, §4, companions): interventions (classical comb closed, §3.4; quantum instruments open), cohe
papers/Main.md:105#4  OOS:I2 (physical layer: named hypotheses H-*, empirical inputs E1-E7, Theorem 23, Bell)  | This makes the framework a hidden variable theory; consistency with Bell's theorem is addressed in §3.3.
papers/Main.md:109#2  I1.21,I1.22  | Condition (C2) inverts this: $\tau_S \ll \tau_B$.
papers/Main.md:109#4  I1.20  | By (C1), coupling is continuously active: each visible-sector transition imprints on the hidden sector.
papers/Main.md:113#1  OOS:I2 (Main Sec. 2-3: P-indivisibility, dilation, Bell, finite-horizon equivalence, characterization)  | By Lemma 1 the visible sector is finite; under the total-finiteness posit (§1.2 Remark, §4.5 ledger) the hidden sector is also finite — configuration 
papers/Main.md:115#1  OOS:I2 (Main Sec. 2-3: P-indivisibility, dilation, Bell, finite-horizon equivalence, characterization)  | **Theorem.** *Let $\mathcal{C}_V$ and $\mathcal{C}_H$ be finite sets with $|\mathcal{C}_V| \geq 2$, and let $\varphi: \mathcal{C}_V \times \mathcal{C}
papers/Main.md:121#2  OOS:I2 (Main Sec. 2-3: P-indivisibility, dilation, Bell, finite-horizon equivalence, characterization)  | P-divisibility $\implies$ $d(p(t), q(t))$ non-increasing for all initial $p, q$ [4, 5] (a stochastic divisor is a total-variation contraction); the pr
papers/Main.md:121#4  OOS:I2 (Main Sec. 2-3: P-indivisibility, dilation, Bell, finite-horizon equivalence, characterization)  | Monotonicity is therefore a necessary, not sufficient, condition for P-divisibility, and is not used as a criterion anywhere below.
papers/Main.md:131#1  I1.20  | The theorem requires only bijective dynamics (Lemma 3) and non-trivial coupling (C1).
papers/Main.md:131#2  OOS:I2 (Main Sec. 2-3: P-indivisibility, dilation, Bell, finite-horizon equivalence, characterization)  | Lemma 1 gives the finite visible space; the hidden space is finite under the total-finiteness posit (§1.2, §4.5).
papers/Main.md:133#1  OOS:I2 (Main Sec. 2-3: P-indivisibility, dilation, Bell, finite-horizon equivalence, characterization)  | **Lemma (stochastic inverse).** *If a finite square stochastic matrix has a stochastic left or right inverse, then it is a permutation matrix.*
papers/Main.md:135#4  OOS:I2 (Main Sec. 2-3: P-indivisibility, dilation, Bell, finite-horizon equivalence, characterization)  | Two positive entries in one row of $A$ would therefore make two rows of $B$ identical, contradicting invertibility.
papers/Main.md:137#1  I1.27  | **Theorem (history readback + finite recurrence implies indivisibility).** *For a fixed finite reversible OI representative, genuine C4 history readba
papers/Main.md:139#3  I1.27  | Two positive-probability histories with the same current endpoint would then identify the same initial visible state and could not have different next
papers/Main.md:139#5  I1.27  | Divisibility from that time to the recurrence would require a stochastic divisor producing $I$ from $\Gamma_k$, i.e. a stochastic left or right invers
papers/Main.md:141#2  I1.27  | It does **not** say that C4 forces P-indivisibility on every accessible short-time window; the XOR control remains a counterexample to that stronger s
papers/Main.md:141#3  I1.27  | What C4 buys exactly is hidden predictive readback and global indivisibility of the fixed finite recurrent law.
papers/Main.md:143#1  I1.20  | **Genericity.** The theorem's precondition — that $T$ is not a permutation matrix — is a sufficient first-step *witness* of (C1) — neither necessary n
papers/Main.md:143#4  OOS:I2 (Main Sec. 2-3: P-indivisibility, dilation, Bell, finite-horizon equivalence, characterization)  | The fraction failing the precondition is therefore
papers/Main.md:147#2  I1.20  | For any $n_V \geq 2$, the fraction of bijections failing C1 at the $T$-level decays exponentially in the hidden-sector capacity $n_H$.
papers/Main.md:147#3  I1.23  | At modest physical scales — say $n_V = 10$, $n_H = 100$ — the fraction is $\sim 10^{-981}$; at the scales C3 invokes, it is astronomically smaller.
papers/Main.md:147#4  I1.23  | The theorem is therefore non-vacuous on two independent grounds: the precondition excludes a structurally distinguished class of decoupled bijections 
papers/Main.md:147#5  I1.20,I1.23  | C3 (high-capacity hidden sector) and C1 (non-trivial coupling) are independent conditions in statement, but C3 is the *engine* of C1's genericity: enl
papers/Main.md:149#1  I1.22  | **Relation to prior work.** The P-indivisibility phenomenon is well-documented in the open-systems literature: reduced dynamics need not preserve posi
papers/Main.md:151#3  I1.20  | By (C1), $T(t)$ departs from the permutation class for $t > 0$.
papers/Main.md:153#1  OOS:I2 (Main Sec. 2-3: P-indivisibility, dilation, Bell, finite-horizon equivalence, characterization)  | The recurrence argument establishes P-indivisibility in principle.
papers/Main.md:153#2  I1.21  | The following lemma shows that under (C2), information backflow occurs on observable timescales — not merely at Poincaré recurrence times.
papers/Main.md:155#1  I1.21,I1.22  | **Physical motivation (storage under C2).** The coupling $H_{\text{int}}$ writes visible-sector information into the hidden sector at rate $\sim 1/\ta
papers/Main.md:155#3  OOS:I2 (Main Sec. 2-3: P-indivisibility, dilation, Bell, finite-horizon equivalence, characterization)  | The lemma below makes the reading quantitative, and the separation remark shows why it is a genuinely additional requirement.
papers/Main.md:157#1  I1.21  | Run backwards, the same estimate bounds what the failure of (C2) costs.
papers/Main.md:157#2  I1.21  | Since the equivalence of §3.4 does not quantify over (C2), its failure carries no consequence except through that bound.
papers/Main.md:159#1  I1.28  | **Lemma (fast bath erases readback).** *Suppose the coarse-grained channel mixes fast relative to the visible step, $\tau_B \ll \tau_S$, and erodes th
papers/Main.md:161#1  I1.28  | *A fast, uniformly erasing bath therefore drives the readback gap to zero exponentially, and (C4) — which requires a gap at some order in the accessib
papers/Main.md:163#1  I1.28  | *Remark (what this lemma does not give).* The backflow lemma above is a LOWER bound on $I(X_{<k}; X_{k+1} \mid X_k)$ given a gap; an upper bound on $\
papers/Main.md:163#2  I1.28  | The corresponding upper bound on conditional mutual information is available, but by the continuity route — uniform total-variation closeness through 
papers/Main.md:165#1  I1.28  | *Remark (why this matters for the exclusion arguments).* Since (C2) sits outside the equivalence (§3.4), its failure excludes nothing by the character
papers/Main.md:165#2  I1.28  | It also matters which reading of (C2) is in play.
papers/Main.md:165#3  I1.28  | Under the *evolution* reading — fast hidden dynamics — failure is compatible with (C4) holding at full strength: a shift-register bath rotating five c
papers/Main.md:165#4  I1.28  | It is the failure of PERSISTENCE, with the uniform erosion hypothesis of the lemma above, that carries (C4) down with it.
papers/Main.md:165#5  I1.28  | The exclusion arguments below — the equilibrium phase, and the anti-Boltzmann-brain corollary of §4.6 — therefore run through this lemma: fast mixing 
papers/Main.md:165#6  I1.28  | (C2) is the mechanism; (C4) is the exclusion.
papers/Main.md:167#1  I1.29  | **Lemma (accessible backflow from readback).** *Under (C1)–(C3), suppose (C4) holds with a gap at order $k$ in the accessible window: two visible hist
papers/Main.md:170#1  I1.29  | *Proof.* Condition on the common endpoint $c$ and let $w_a$ be the conditional weights of the length-$k$ histories, $P_a$ their next-step laws, and $\
papers/Main.md:170#2  I1.29  | The conditional mutual information given $X_k = c$ is the mixture divergence $\sum_a w_a\, D(P_a \| \bar P)$, and Pinsker's inequality gives $D(P_a \|
papers/Main.md:170#4  I1.29  | Multiplying by $\Pr[X_k = c]$ converts conditional weights to path probabilities, each at least $p_0$; hence $I(X_{<k}; X_{k+1} \mid X_k) \geq \tfrac{
papers/Main.md:172#1  I1.29  | *Remark (why (C4) is a separate condition).* (C1)–(C3) admit realizations with zero backflow throughout arbitrarily long accessible horizons: the fair
papers/Main.md:174#1  I1.21,I1.24  | **Role of (C2)–(C4).** The Poincaré recurrence argument and the readback lemma are independent: the former establishes P-indivisibility from a non-per
papers/Main.md:174#2  I1.21,I1.23,I1.24  | (C2) keeps stored history alive between couplings; (C3) provides the room to store it; (C4) is the reading of it — and only the reading produces memor
papers/Main.md:176#1  I1.21  | **Weak-coupling and fast-bath regimes.** Known P-divisible systems with non-zero coupling illustrate the necessity of (C2), not a failure of the theor
papers/Main.md:176#2  I1.21  | The Jaynes-Cummings model with Lorentzian spectral density is P-divisible when dissipation dominates coupling — the fast-bath regime ($\tau_B \ll \tau
papers/Main.md:176#3  OOS:I2 (Main Sec. 2-3: P-indivisibility, dilation, Bell, finite-horizon equivalence, characterization)  | The Davies-Merkli Markovian convergence theorem likewise applies in the Born-Markov (fast-bath) limit.
papers/Main.md:176#4  I1.21  | The §3.4 necessity proof for (C2) establishes this formally.
papers/Main.md:184#1  I1.20,I1.21,I1.23,I1.24  | satisfying (C1)–(C4) — the flip depends on hidden components that the dynamics itself conditions on the past, so readback is present.
papers/Main.md:194#2  OOS:I2 (Main Sec. 2-3: P-indivisibility, dilation, Bell, finite-horizon equivalence, characterization)  | [7] multi-time Markov condition without invoking $T(t)$-invertibility: $P(x_2 = 0 \mid x_1 = 1, x_0 = 0) = 1$ versus $P(x_2 = 0 \mid x_1 = 1) = 1/3$.
papers/Main.md:194#3  OOS:I2 (Main Sec. 2-3: P-indivisibility, dilation, Bell, finite-horizon equivalence, characterization)  | Conditioning on $x_0$ changes the one-step prediction from $1/3$ to $1$ — a memory effect computed directly from multi-time conditional probabilities,
papers/Main.md:196#2  OOS:I2 (Main Sec. 2-3: P-indivisibility, dilation, Bell, finite-horizon equivalence, characterization)  | The transpositions $(0,h) \leftrightarrow (1,h)$ for $h \in \{1, 2\}$ flip $x$ while preserving $h$, so a state at $x = 1$ with $h \in \{1, 2\}$ after
papers/Main.md:204#2  OOS:I2 (Main Sec. 2-3: P-indivisibility, dilation, Bell, finite-horizon equivalence, characterization)  | The transition matrices themselves remain stochastic; what develops negative entries at fine time resolution is the candidate intermediate divisor $\L
papers/Main.md:204#3  OOS:I2 (Main Sec. 2-3: P-indivisibility, dilation, Bell, finite-horizon equivalence, characterization)  | *The ancilla is not optional for this framework's own processes.* Marginalizing a bijection under the uniform hidden prior yields a doubly stochastic 
papers/Main.md:204#4  OOS:I2 (Main Sec. 2-3: P-indivisibility, dilation, Bell, finite-horizon equivalence, characterization)  | An undilated $T = |U|^2$ representation is therefore unavailable on the framework's class, and the translation hypothesis (T) must be read against the
papers/Main.md:206#1  OOS:I2 (Main Sec. 2-3: P-indivisibility, dilation, Bell, finite-horizon equivalence, characterization)  | **Lemma (one-step ancilla dilation).** *For any stochastic $T$ on $n$ states, the map $W|i\rangle = \sum_j \sqrt{T_{ij}}\,|j\rangle \otimes |i\rangle$
papers/Main.md:210#3  OOS:I2 (Main Sec. 2-3: P-indivisibility, dilation, Bell, finite-horizon equivalence, characterization)  | **What (T) asserts is tuple instantiation**, and the source's membership conditions are the tuple's own — a finite configuration space, transition map
papers/Main.md:210#4  OOS:I2 (Main Sec. 2-3: P-indivisibility, dilation, Bell, finite-horizon equivalence, characterization)  | Divisibility failure is generic in the class rather than a condition of entry, so P-indivisibility is not what admits the framework's processes to it.
papers/Main.md:210#6  OOS:I2 (Main Sec. 2-3: P-indivisibility, dilation, Bell, finite-horizon equivalence, characterization)  | The proof requires a finite-dimensional configuration space (Lemma 1); Calvo [13] extends the correspondence to infinite dimensions, but this is not r
papers/Main.md:210#8  OOS:I2 (Main Sec. 2-3: P-indivisibility, dilation, Bell, finite-horizon equivalence, characterization)  | An independent derivation using only Stinespring's dilation theorem [15] and standard partial-trace properties [16] is given in §3.2; either route alo
papers/Main.md:212#1  OOS:I2 (Main Sec. 2-3: P-indivisibility, dilation, Bell, finite-horizon equivalence, characterization)  | **Scope of the correspondence (what it does and does not deliver).** Because the compressed-representation clause rests on this external result — the 
papers/Main.md:212#2  OOS:I2 (Main Sec. 2-3: P-indivisibility, dilation, Bell, finite-horizon equivalence, characterization)  | The correspondence is a published theorem (Barandes, *Philosophy of Physics* 3(1):8, 2025 [11]; proof in [12]) and is genuinely load-bearing here, but
papers/Main.md:212#3  OOS:I2 (Main Sec. 2-3: P-indivisibility, dilation, Bell, finite-horizon equivalence, characterization)  | (i) *Directionality and non-uniqueness.* The map is many-to-one in both directions; the complex matrix $\Theta$ with $T_{ij}=|\Theta_{ij}|^2$ is guara
papers/Main.md:212#4  OOS:I2 (Main Sec. 2-3: P-indivisibility, dilation, Bell, finite-horizon equivalence, characterization)  | (ii) *Scaffolding versus full QM.* The stochastic data directly supply only configuration-diagonal random variables; non-commuting observables enter a
papers/Main.md:212#5  OOS:I2 (Main Sec. 2-3: P-indivisibility, dilation, Bell, finite-horizon equivalence, characterization)  | Composite systems are on a different footing.
papers/Main.md:212#7  OOS:I2 (Main Sec. 2-3: P-indivisibility, dilation, Bell, finite-horizon equivalence, characterization)  | That kinematic locality does **not**, by itself, prove local tomography or that all visible composites and coherent interventions belong to one common
papers/Main.md:212#8  OOS:I2 (Main Sec. 2-3: P-indivisibility, dilation, Bell, finite-horizon equivalence, characterization)  | Those are the narrowly stated operational-lifting conditions of §3.4.
papers/Main.md:212#11  OOS:I2 (physical layer: named hypotheses H-*, empirical inputs E1-E7, Theorem 23, Bell)  | Promotion to the full standard operational quantum theory is the coherent-instrument/composite bridge; compatibility of the specific local lattice rea
papers/Main.md:212#12  OOS:I2 (Main Sec. 2-3: P-indivisibility, dilation, Bell, finite-horizon equivalence, characterization)  | Its unification with the staggered-to-Dirac spin structure of the lattice substratum — whose spinor decomposition is keyed to the lattice's bipartite 
papers/Main.md:212#13  OOS:I2 (Main Sec. 2-3: P-indivisibility, dilation, Bell, finite-horizon equivalence, characterization)  | One premise of that step is secured at the linear level: the bipartite grading itself survives observation exactly — the effective kernel obeys $\Gamm
papers/Main.md:212#14  OOS:I2 (Main Sec. 2-3: P-indivisibility, dilation, Bell, finite-horizon equivalence, characterization)  | (iii) *Restricted process class.* The representation $T_{ij}=|\Theta_{ij}|^2$ imposes substantive structure on the admissible processes; in particular
papers/Main.md:212#17  I1.63  | What appears as a restriction on the correspondence's process class is, under the present architecture, the mechanism's signature: the framework occup
papers/Main.md:212#18  OOS:I2 (Main Sec. 2-3: P-indivisibility, dilation, Bell, finite-horizon equivalence, characterization)  | This is explanatory unification rather than corroboration — near-unitarity is an empirical input elsewhere in the framework — but it converts scope co
papers/Main.md:212#19  OOS:I2 (Main Sec. 2-3: P-indivisibility, dilation, Bell, finite-horizon equivalence, characterization)  | (iv) *Reception.* The result is recent and located at the physics/philosophy boundary.
papers/Main.md:212#24  OOS:I2 (Main Sec. 2-3: P-indivisibility, dilation, Bell, finite-horizon equivalence, characterization)  | None of (i)–(iv) undercuts the framework's use of the correspondence to obtain Born-rule statistics and unitary evolution from the §2.3 process; they 
papers/Main.md:214#1  OOS:I2 (Main Sec. 2-3: P-indivisibility, dilation, Bell, finite-horizon equivalence, characterization)  | **Independent corroboration of the trace-out mechanism.** The technical move from a deterministic substrate to non-Markovian visible dynamics via the 
papers/Main.md:214#5  OOS:I2 (Main Sec. 2-3: P-indivisibility, dilation, Bell, finite-horizon equivalence, characterization)  | [19], who showed that hidden slow degrees of freedom in a colloidal system produce non-Markovian visible dynamics violating naive Markovian fluctuatio
papers/Main.md:216#2  OOS:I2 (Main Sec. 2-3: P-indivisibility, dilation, Bell, finite-horizon equivalence, characterization)  | The resulting process lives on the discrete configuration space of Lemma 1.
papers/Main.md:218#1  OOS:I2 (Main Sec. 2-3: P-indivisibility, dilation, Bell, finite-horizon equivalence, characterization)  | **Continuous spectra and the finite-substratum commitment.** Lemma 1 fixes the visible configuration space as finite, and the Barandes correspondence 
papers/Main.md:218#2  OOS:I2 (Main Sec. 2-3: P-indivisibility, dilation, Bell, finite-horizon equivalence, characterization)  | Standard quantum mechanics makes heavy use of continuous-spectrum observables — position on $\mathbb{R}^3$, momentum, continuous-spectrum scattering —
papers/Main.md:218#3  OOS:I2 (Main Sec. 2-3: P-indivisibility, dilation, Bell, finite-horizon equivalence, characterization)  | The framework's position on this is that continuous spectra are the infrared limit of the discrete spectrum produced by Lemma 1, not a deeper reality 
papers/Main.md:218#4  OOS:I2 (Main Sec. 2-3: P-indivisibility, dilation, Bell, finite-horizon equivalence, characterization)  | The quantitative separation is extreme: for a visible sector bounded by the cosmological horizon with discreteness scale $\epsilon = 2 l_p$, the numbe
papers/Main.md:218#7  OOS:I2 (Main Sec. 2-3: P-indivisibility, dilation, Bell, finite-horizon equivalence, characterization)  | Calvo [13] extends the Barandes correspondence to countable-infinite dimensions for completeness, but the finite-dim correspondence is the load-bearin
papers/Main.md:224#1  OOS:I2 (Main Sec. 2-3: P-indivisibility, dilation, Bell, finite-horizon equivalence, characterization)  | **Lemma (phase-locking).** *Let $H$ be Hermitian on $\mathbb{C}^n$ with eigenbasis $\{|k\rangle\}$, eigenvalues $\{E_k\}$, and $V_{ik} = \langle i | k
papers/Main.md:242#1  OOS:I2 (Main Sec. 2-3: P-indivisibility, dilation, Bell, finite-horizon equivalence, characterization)  | **Lemma (ancilla-marginal reformulation).** *Let $M_i = V^\dagger P_i V$ be the block projectors in the eigenbasis, $\theta$ real antisymmetric, and s
papers/Main.md:246#1  OOS:I2 (Main Sec. 2-3: P-indivisibility, dilation, Bell, finite-horizon equivalence, characterization)  | **Theorem (ancilla-marginal phase-locking; certified block structures).** *Fix $(n, m_a)$ with $D = n \, m_a$.
papers/Main.md:248#1  OOS:I2 (Main Sec. 2-3: P-indivisibility, dilation, Bell, finite-horizon equivalence, characterization)  | *Proof.* Containment is the Lemma.
papers/Main.md:250#1  OOS:I2 (Main Sec. 2-3: P-indivisibility, dilation, Bell, finite-horizon equivalence, characterization)  | *Remark (genericity is load-bearing).* The hypothesis cannot be dropped: at $V = I$ the constraint is vacuous and the kernel is the whole parameter sp
papers/Main.md:252#1  OOS:I2 (Main Sec. 2-3: P-indivisibility, dilation, Bell, finite-horizon equivalence, characterization)  | **Scope of the lemma under the ancilla-marginal form, and its extension.** The lemma as stated assumes the strict form $T_{ij}(t) = |\langle i|e^{-iHt
papers/Main.md:252#2  OOS:I2 (Main Sec. 2-3: P-indivisibility, dilation, Bell, finite-horizon equivalence, characterization)  | The emergent object is the ancilla-marginal (§3.1), and the lemma extends to it in a stronger form.
papers/Main.md:254#2  OOS:I2 (Main Sec. 2-3: P-indivisibility, dilation, Bell, finite-horizon equivalence, characterization)  | The residual gauge is larger than the diagonal rephasing of the original lemma — one phase per pair, $D(D-1)/2$ parameters, under which $T(t)$ is exac
papers/Main.md:254#12  OOS:I2 (Main Sec. 2-3: P-indivisibility, dilation, Bell, finite-horizon equivalence, characterization)  | Witnesses over $\mathbb{Q}(i)$ are certified in exact arithmetic at $(n,m_a) = (2,2), (3,2), (2,3), (4,2), (2,4), (3,3), (3,4)$ (`phaselock_probes.py`
papers/Main.md:254#13  OOS:I2 (Main Sec. 2-3: P-indivisibility, dilation, Bell, finite-horizon equivalence, characterization)  | The genericity conditions (G1)–(G3) transfer to the dilated spectrum, gaps, and coherence vectors.
papers/Main.md:254#14  OOS:I2 (Main Sec. 2-3: P-indivisibility, dilation, Bell, finite-horizon equivalence, characterization)  | One caveat applies in sharpened form: the idealized permutation dynamics has dilated eigenphases at roots of unity — equally spaced, hence maximally g
papers/Main.md:256#1  OOS:I2 (Main Sec. 2-3: P-indivisibility, dilation, Bell, finite-horizon equivalence, characterization)  | Conditions (G1)–(G3) fail only on a measure-zero set of Hamiltonians.
papers/Main.md:256#3  OOS:I2 (Main Sec. 2-3: P-indivisibility, dilation, Bell, finite-horizon equivalence, characterization)  | The genericity conditions concern the *effective* visible-sector Hamiltonian $\hat{H}_{\text{eff}}$ — the operator emerging after the trace-out — not 
papers/Main.md:256#8  OOS:I2 (Main Sec. 2-3: P-indivisibility, dilation, Bell, finite-horizon equivalence, characterization)  | Condition G2 (non-degenerate energy gaps) is not symmetry-protected — gap coincidences are a codimension-one condition rather than a group-theoretic o
papers/Main.md:260#1  OOS:I2 (Main Sec. 2-3: P-indivisibility, dilation, Bell, finite-horizon equivalence, characterization)  | An independent derivation of the emergent quantum description uses only Stinespring's dilation theorem [15] and standard properties of the partial tra
papers/Main.md:260#2  OOS:I2 (Main Sec. 2-3: P-indivisibility, dilation, Bell, finite-horizon equivalence, characterization)  | The two routes are independent in their inputs and in the results they invoke (the correspondence's own proof also proceeds via Stinespring-type dilat
papers/Main.md:262#1  OOS:I2 (Main Sec. 2-3: P-indivisibility, dilation, Bell, finite-horizon equivalence, characterization)  | **Setup.** The finite configuration spaces $\mathcal{C}_V = \{x_1, \ldots, x_n\}$ and $\mathcal{C}_H = \{h_1, \ldots, h_m\}$ (Lemma 1) embed into Hilb
papers/Main.md:262#2  OOS:I2 (Main Sec. 2-3: P-indivisibility, dilation, Bell, finite-horizon equivalence, characterization)  | This introduces no quantum postulates: it is the canonical identification of probability distributions on a finite set with diagonal density matrices.
papers/Main.md:264#1  OOS:I2 (Main Sec. 2-3: P-indivisibility, dilation, Bell, finite-horizon equivalence, characterization)  | **Lemma (permutation unitarity).** *Any bijection $\varphi: \mathcal{C}_V \times \mathcal{C}_H \to \mathcal{C}_V \times \mathcal{C}_H$ defines a unita
papers/Main.md:268#3  OOS:I2 (Main Sec. 2-3: P-indivisibility, dilation, Bell, finite-horizon equivalence, characterization)  | When such an interpolation is introduced — a strongly continuous one-parameter unitary group $U_t$ with $U_1 = U_\varphi$, which always exists but is 
papers/Main.md:270#1  OOS:I2 (Main Sec. 2-3: P-indivisibility, dilation, Bell, finite-horizon equivalence, characterization)  | **Lemma (Reverse direction, scoped).** *Any single one-step doubly stochastic matrix on a finite configuration space $\mathcal{C}_V$ can be realised a
papers/Main.md:270#3  OOS:I2 (Main Sec. 2-3: P-indivisibility, dilation, Bell, finite-horizon equivalence, characterization)  | The scope is the matrix, not the process: realising prescribed *multi-time* statistics — a family of joint distributions over trajectories — with a si
papers/Main.md:272#2  OOS:I2 (Main Sec. 2-3: P-indivisibility, dilation, Bell, finite-horizon equivalence, characterization)  | A bijection on $\mathcal{C}_V \times \mathcal{C}_H$ realising the required mixture is obtained by letting $\mathcal{C}_H$ enumerate the permutations; 
papers/Main.md:274#3  OOS:I2 (Main Sec. 2-3: P-indivisibility, dilation, Bell, finite-horizon equivalence, characterization)  | For the characterization theorem (§3.4), which is stated in terms of transition probabilities, this is the appropriate scope.
papers/Main.md:276#1  OOS:I2 (Main Sec. 2-3: P-indivisibility, dilation, Bell, finite-horizon equivalence, characterization)  | **The quantum channel.** The observer's ignorance of the hidden sector (Lemma 3) corresponds to $\rho_H = I_m/m$.
papers/Main.md:280#1  OOS:I2 (Main Sec. 2-3: P-indivisibility, dilation, Bell, finite-horizon equivalence, characterization)  | This is CPTP by a standard result [16, Theorem 8.1], with Kraus representation $\Phi(\rho_V) = \sum_{k,l} K_{kl}\,\rho_V\,K_{kl}^\dagger$ where $K_{kl
papers/Main.md:280#2  OOS:I2 (Main Sec. 2-3: P-indivisibility, dilation, Bell, finite-horizon equivalence, characterization)  | The triple $(\mathcal{H}_H, U_\varphi, \rho_H)$ is a *unitary realization* of $\Phi$ ([Structure] Definition 9.2).
papers/Main.md:280#4  OOS:I2 (Main Sec. 2-3: P-indivisibility, dilation, Bell, finite-horizon equivalence, characterization)  | Nothing below depends on the distinction; it is kept because the uniqueness statements of [Structure] Propositions 9.7a–9.7b do.
papers/Main.md:282#1  OOS:I2 (Main Sec. 2-3: P-indivisibility, dilation, Bell, finite-horizon equivalence, characterization)  | **Theorem (Born-form representation of the transition probabilities).** *The classical transition probabilities $T_{ij}$ (§1.4) equal the Born-rule pr
papers/Main.md:286#1  I1.34  | *Remark (failure of (C1)).* Condition (C1) does not suffice.
papers/Main.md:286#3  I1.34  | Exhaustive enumeration gives the same verdict for every (C1)-satisfying bijection at $|V| = |H| = 2$, and for 612 of 648 at $|V| = 2$, $|H| = 3$ (veri
papers/Main.md:286#4  I1.34  | The obstruction is structural: (C1) constrains the diagonal of $\Phi$, whereas entanglement-breaking is a property of $\mathrm{id} \otimes \Phi$ and i
papers/Main.md:288#1  I1.20  | What replaces (C1) is not a further condition on $T$ but a condition on the partition, and it is established for a specific realization rather than fo
papers/Main.md:294#1  OOS:I2 (Main Sec. 2-3: P-indivisibility, dilation, Bell, finite-horizon equivalence, characterization)  | **Lemma 1 (boundary bound).** *$\mathrm{rank}\, M_{HV} \leq |\partial^{+}R|$ and $\mathrm{rank}\, M_{VH} \leq |\partial^{-}R|$.*
papers/Main.md:298#5  OOS:I2 (Main Sec. 2-3: P-indivisibility, dilation, Bell, finite-horizon equivalence, characterization)  | Since adjacency is symmetric, the same reading applies to the columns: $M_{HV}$ reads visible input only through $\{u_x : x \in \partial^{-}R\}$ and $
papers/Main.md:300#1  OOS:I2 (Main Sec. 2-3: P-indivisibility, dilation, Bell, finite-horizon equivalence, characterization)  | **Lemma 2 (channel normal form).** *Write $A = M_{VV}$, $B = M_{VH}$, $C = M_{HV}$ for the blocks of the update, and $L_{RR}$ for the adjacency of $\L
papers/Main.md:300#2  OOS:I2 (Main Sec. 2-3: P-indivisibility, dilation, Bell, finite-horizon equivalence, characterization)  | Then: (i) $A$ is invertible, with $A^{-1}(a_u, a_v) = (a_v,\ a_u - L_{RR}\,a_v)$, so the visible block alone induces the permutation (Clifford) unitar
papers/Main.md:304#1  OOS:I2 (Main Sec. 2-3: P-indivisibility, dilation, Bell, finite-horizon equivalence, characterization)  | *so that $\Phi = \mathrm{Ad}_{V_A} \circ \Phi_G$, where $\Phi_G = |G|^{-1} \sum_{g \in G} g\,\cdot\,g^{\dagger}$ is the uniform mixture over the group
papers/Main.md:306#1  OOS:I2 (Main Sec. 2-3: P-indivisibility, dilation, Bell, finite-horizon equivalence, characterization)  | *Proof.* (i) is the displayed inverse, read off from $v'_x = u_x$ and $u'_x = (L_{RR}u)_x + v_x$ on $R$; invertibility of $A$ is what makes $i \mapsto
papers/Main.md:306#2  OOS:I2 (Main Sec. 2-3: P-indivisibility, dilation, Bell, finite-horizon equivalence, characterization)  | (ii) The hidden outputs of $i$ and $i'$ agree for some hidden input exactly when $C(i-i') = 0$, and then for every hidden input.
papers/Main.md:306#3  OOS:I2 (Main Sec. 2-3: P-indivisibility, dilation, Bell, finite-horizon equivalence, characterization)  | (iii) With the hidden input uniform, $\Phi(|i\rangle\langle i'|) = [\,C(i-i')=0\,]\ \mathbb{E}_{t \in \mathrm{im}\,B}\, |Ai+t\rangle\langle Ai'+t|$.
papers/Main.md:306#6  OOS:I2 (Main Sec. 2-3: P-indivisibility, dilation, Bell, finite-horizon equivalence, characterization)  | (iv) An element $X^{\alpha}Z^{\beta}$ with $\alpha \in \mathrm{im}(A^{-1}B)$, $\beta \in \mathrm{im}\,C^{T}$ commutes with another iff the cross-pairi
papers/Main.md:308#1  OOS:I2 (Main Sec. 2-3: P-indivisibility, dilation, Bell, finite-horizon equivalence, characterization)  | **Theorem (separability threshold).** *Let $G$ be an abelian subgroup of the Weyl group on $s$ qubits, of order $2^{t}$ modulo phases.
papers/Main.md:310#2  OOS:I2 (Main Sec. 2-3: P-indivisibility, dilation, Bell, finite-horizon equivalence, characterization)  | Any isotropic subspace of dimension $t$ is carried to $\langle Z_1, \dots, Z_t \rangle$ by a symplectic transformation (Witt's extension theorem for t
papers/Main.md:312#1  OOS:I2 (Main Sec. 2-3: P-indivisibility, dilation, Bell, finite-horizon equivalence, characterization)  | **Corollary 1.** *For one step of the displayed update on $\mathbb{F}_2$ — $u'_x = \sum_{z \sim x} u_z + v_x$, $v'_x = u_x$, with the hidden sector in
papers/Main.md:314#1  OOS:I2 (Main Sec. 2-3: P-indivisibility, dilation, Bell, finite-horizon equivalence, characterization)  | **Corollary 2.** *If $\min(|\partial^{-}R|, |\partial^{+}R|) < |R|$ then $\Phi$ is not entanglement-breaking.*
papers/Main.md:316#2  OOS:I2 (Main Sec. 2-3: P-indivisibility, dilation, Bell, finite-horizon equivalence, characterization)  | Lemma 1's column sharpening bounds each of $\mathrm{rank}\, M_{HV} = s - \kappa$ and $\mathrm{rank}\, M_{VH} = w$ by $\min(|\partial^{-}R|, |\partial^
papers/Main.md:318#1  OOS:I2 (Main Sec. 2-3: P-indivisibility, dilation, Bell, finite-horizon equivalence, characterization)  | *Remark.* For an exact cubic block of side $\ell \geq 2$ in $d = 3$: $|\partial^{-}R| = \ell^3 - (\ell-2)^3$ and $|\partial^{+}R| = 6\ell^2$, the inne
papers/Main.md:318#4  OOS:I2 (Main Sec. 2-3: P-indivisibility, dilation, Bell, finite-horizon equivalence, characterization)  | The suggestion that coherence is a bulk quantity and decoherence an area quantity — the accounting that reappears in the horizon entropy of §7 — is at
papers/Main.md:320#1  OOS:I2 (Main Sec. 2-3: P-indivisibility, dilation, Bell, finite-horizon equivalence, characterization)  | *Remark (scope).* Lemma 1's factorization holds over any $\mathbb{Z}_q$, the displayed rank bounds being its reading over a field, and in weakened for
papers/Main.md:320#2  OOS:I2 (Main Sec. 2-3: P-indivisibility, dilation, Bell, finite-horizon equivalence, characterization)  | Lemma 2, the Theorem and both Corollaries are stated for $q = 2$; the symplectic and Clifford arguments carry over to prime $q$ with $2^{\bullet}$ rep
papers/Main.md:320#4  OOS:I2 (Main Sec. 2-3: P-indivisibility, dilation, Bell, finite-horizon equivalence, characterization)  | For a general linear bijection the abelian property of Lemma 2(iv) can fail ($C A^{-1} B \neq 0$); the mixture is then over a non-abelian Weyl family,
papers/Main.md:320#6  I1.20,I1.21,I1.23,I1.24  | Coherence preservation is a property of this realization, not an additional structural condition: (C1)–(C4) constrain coupling, timescales, and capaci
papers/Main.md:320#7  OOS:I2 (Main Sec. 2-3: P-indivisibility, dilation, Bell, finite-horizon equivalence, characterization)  | And non-entanglement-breaking is a statement about a single channel, not about quantum mechanics: it supplies neither the observable algebra, nor prep
papers/Main.md:320#8  OOS:I2 (Main Sec. 2-3: P-indivisibility, dilation, Bell, finite-horizon equivalence, characterization)  | The enumeration and the boundary bounds are reproduced by the deterministic tests in `papers/oi_lattice_code/coherence/` (`coherence_enumeration.py`);
papers/Main.md:322#1  OOS:I2 (Main Sec. 2-3: P-indivisibility, dilation, Bell, finite-horizon equivalence, characterization)  | **Lemma (diagonal preservation).** *The channels $\Phi_t(\rho) = \mathrm{Tr}_H[\,U^t(\rho \otimes \mu_H)\,U^{-t}]$ with $U$ a permutation unitary map 
papers/Main.md:326#1  OOS:I2 (Main Sec. 2-3: P-indivisibility, dilation, Bell, finite-horizon equivalence, characterization)  | **Theorem (CP-indivisibility, framework scope).** *For the permutation-dilation family $\{\Phi_t\}$ above, the P-indivisibility of §2.3 implies CP-ind
papers/Main.md:328#2  OOS:I2 (Main Sec. 2-3: P-indivisibility, dilation, Bell, finite-horizon equivalence, characterization)  | $M_{kj} := \langle j|\Lambda(|k\rangle\langle k|)|j\rangle$ is a stochastic matrix (positivity and trace preservation of $\Lambda$).
papers/Main.md:328#3  OOS:I2 (Main Sec. 2-3: P-indivisibility, dilation, Bell, finite-horizon equivalence, characterization)  | By the Lemma, $\Phi_{t_1}(|i\rangle\langle i|) = \sum_k T_{ik}(t_1)\,|k\rangle\langle k|$, so $T_{ij}(t_2) = \langle j|\Lambda(\Phi_{t_1}(|i\rangle\la
papers/Main.md:328#4  OOS:I2 (Main Sec. 2-3: P-indivisibility, dilation, Bell, finite-horizon equivalence, characterization)  | The contrapositive gives the result.
papers/Main.md:330#2  OOS:I2 (Main Sec. 2-3: P-indivisibility, dilation, Bell, finite-horizon equivalence, characterization)  | Stochastic P-indivisibility must therefore not be equated with open-system non-Markovianity outside the diagonal-preserving class; the framework's cha
papers/Main.md:334#2  I1.20,I1.23,I1.24  | (1) **Accessible finite-horizon memory**, equivalently information backflow in the visible law: this is the framework's own notion, what the character
papers/Main.md:334#4  I1.20,I1.23,I1.24  | (2) **Stochastic P-indivisibility**: failure of stochastic divisibility of the visible population law, which on one fixed finite reversible representa
papers/Main.md:334#6  OOS:I2 (Main Sec. 2-3: P-indivisibility, dilation, Bell, finite-horizon equivalence, characterization)  | No unconditional implication among the three is asserted here.
papers/Main.md:334#7  OOS:I2 (Main Sec. 2-3: P-indivisibility, dilation, Bell, finite-horizon equivalence, characterization)  | The two preceding remarks give the exact conditions under which (2) constrains a quantum intermediate map, and the Hadamard family shows that outside 
papers/Main.md:336#1  I1.21,I1.23  | **Approximate unitarity.** On observable timescales $t \ll \tau_B$, the hidden-sector state is approximately frozen (conditions (C2)–(C3)).
papers/Main.md:336#4  OOS:I2 (Main Sec. 2-3: P-indivisibility, dilation, Bell, finite-horizon equivalence, characterization)  | (i) Even in the strictly frozen-bath limit ($\tau_B\to\infty$) the channel is not unitary: it is a mixture over the bath ensemble of bath-conditioned 
papers/Main.md:336#5  OOS:I2 (Main Sec. 2-3: P-indivisibility, dilation, Bell, finite-horizon equivalence, characterization)  | (ii) The correction from the bath's actual motion away from the frozen limit enters at order $(\tau_S/\tau_B)^2$.
papers/Main.md:336#6  I1.22  | Consequently the dynamics is approximately the Schrödinger equation generated by $\hat{H}_{\text{eff}}$ to the extent that *both* the slow-bath condit
papers/Main.md:336#7  OOS:I2 (Main Sec. 2-3: P-indivisibility, dilation, Bell, finite-horizon equivalence, characterization)  | Where these hold, the phase-locking lemma (§3.1) determines $\hat{H}_{\text{eff}}$ from continuous-time transition data up to the lemma's full gauge —
papers/Main.md:348#5  OOS:I2 (Main Sec. 2-3: P-indivisibility, dilation, Bell, finite-horizon equivalence, characterization)  | Within level one, the frozen-limit error analysis stands: the leading departure from the frozen-limit description enters at $\mathcal{O}(\tau_S/\tau_B
papers/Main.md:348#6  I1.20  | The first-order drift is moreover common-mode: the constraint coupling (C1) acts on total energy–momentum, so the slow change of the traced-out horizo
papers/Main.md:348#8  OOS:I2 (Main Sec. 2-3: P-indivisibility, dilation, Bell, finite-horizon equivalence, characterization)  | The internal permutation-unitary route now carries (i) for realized processes (the equivalence theorem, §3.4), with the Barandes route supplying the c
papers/Main.md:350#1  OOS:I2 (Main Sec. 2-3: P-indivisibility, dilation, Bell, finite-horizon equivalence, characterization)  | **Dependency scope of the correspondence.** The equivalence theorem of §3.4 fixes the framework's exposure to the correspondence precisely, and it is 
papers/Main.md:350#2  OOS:I2 (Main Sec. 2-3: P-indivisibility, dilation, Bell, finite-horizon equivalence, characterization)  | *In-house:* the finite-horizon equivalence $S \iff D \iff Q_{\mathrm{fb}}$ — existence of a fixed-basis unitary Born representation for every finite-h
papers/Main.md:350#4  OOS:I2 (Main Sec. 2-3: P-indivisibility, dilation, Bell, finite-horizon equivalence, characterization)  | *Additional, with neither route supplying it:* the operational instrument algebra and coherent preparation — supplied exactly by the five operational 
papers/Main.md:352#2  OOS:I2 (Main Sec. 2-3: P-indivisibility, dilation, Bell, finite-horizon equivalence, characterization)  | **Operational-reconstruction route: target conditions and the outstanding bridge.** The reconstruction theorems [Hardy, arXiv:quant-ph/0101012 (2001);
papers/Main.md:352#6  OOS:I2 (Main Sec. 2-3: P-indivisibility, dilation, Bell, finite-horizon equivalence, characterization)  | A **84**, 012311 (2011)] derive quantum theory from operational axiom sets.
papers/Main.md:352#8  OOS:I2 (Main Sec. 2-3: P-indivisibility, dilation, Bell, finite-horizon equivalence, characterization)  | Neither statement by itself discharges the corresponding hypothesis for an **exact operational completion**.
papers/Main.md:352#10  OOS:I2 (Main Sec. 2-3: P-indivisibility, dilation, Bell, finite-horizon equivalence, characterization)  | The purification, continuous-transitivity, and tomographic-locality axioms of the cited reconstructions are hypotheses of their continuum endpoint, wh
papers/Main.md:352#11  OOS:I2 (Main Sec. 2-3: P-indivisibility, dilation, Bell, finite-horizon equivalence, characterization)  | On a fixed finite carrier and its composites the intervention side is settled as a characterization rather than a derivation ([GR §3.3], kernel-verifi
papers/Main.md:352#12  I1.20,I1.21,I1.23,I1.24  | Each condition is independent of the other four and of the observation process: for each there is a qubit theory realizing the same finite C1–C4 proce
papers/Main.md:352#13  OOS:I2 (Main Sec. 2-3: P-indivisibility, dilation, Bell, finite-horizon equivalence, characterization)  | Bare finite OI therefore does not select quantum mechanics; the route classifies the OI-compatible completions by those conditions.
papers/Main.md:352#14  OOS:I2 (Main Sec. 2-3: P-indivisibility, dilation, Bell, finite-horizon equivalence, characterization)  | The intervention dilation's classical rung — permutation instruments reproducing the comb statistics $P(X_{k+1} \mid X_{\leq k}, A_{\leq k})$ — is con
papers/Main.md:352#16  OOS:I2 (Main Sec. 2-3: P-indivisibility, dilation, Bell, finite-horizon equivalence, characterization)  | The route is therefore a classification conditional on the five completion conditions, not an independent derivation.
papers/Main.md:356#3  OOS:I2 (Main Sec. 2-3: P-indivisibility, dilation, Bell, finite-horizon equivalence, characterization)  | That fact is not in tension with the exact unitary/Born representation of §3.4; a global stochastic law can be represented unitarily while failing the
papers/Main.md:360#3  OOS:I2 (Main Sec. 2-3: P-indivisibility, dilation, Bell, finite-horizon equivalence, characterization)  | In a closed deterministic universe the setting generators may be statistically correlated with preparation-relevant hidden variables; conditioning on 
papers/Main.md:360#4  OOS:I2 (physical layer: named hypotheses H-*, empirical inputs E1-E7, Theorem 23, Bell)  | **Theorem (Bell ceiling for a screened local completion).** *Let $\Omega$ be a
papers/Main.md:362#1  OOS:I2 (Main Sec. 2-3: P-indivisibility, dilation, Bell, finite-horizon equivalence, characterization)  | Suppose (i) the dynamics is deterministic; (ii) the setting operations are
papers/Main.md:363#1  OOS:I2 (Main Sec. 2-3: P-indivisibility, dilation, Bell, finite-horizon equivalence, characterization)  | interventions supported in the respective regions; (iii) readout occurs before
papers/Main.md:364#1  OOS:I2 (Main Sec. 2-3: P-indivisibility, dilation, Bell, finite-horizon equivalence, characterization)  | the post-setting cones meet; and (iv) the interventions act on one common
papers/Main.md:375#1  OOS:I2 (Main Sec. 2-3: P-indivisibility, dilation, Bell, finite-horizon equivalence, characterization)  | conditionals point masses; the common ensemble supplies measurement
papers/Main.md:379#1  OOS:I2 (physical layer: named hypotheses H-*, empirical inputs E1-E7, Theorem 23, Bell)  | This is Bell's theorem applied to the framework's own hypotheses.
papers/Main.md:383#1  OOS:I2 (Main Sec. 2-3: P-indivisibility, dilation, Bell, finite-horizon equivalence, characterization)  | condition constrains the stochastic law and is strictly weaker than
papers/Main.md:392#3  OOS:I2 (Main Sec. 2-3: P-indivisibility, dilation, Bell, finite-horizon equivalence, characterization)  | In the general finite response construction the dependence is explicit: the composite realizing PR correlations carries the joint history in each wing
papers/Main.md:394#1  OOS:I2 (physical layer: named hypotheses H-*, empirical inputs E1-E7, Theorem 23, Bell)  | **Corollary (Bell–lattice obstruction and state-dependent escape).** *If the Bell-relevant degrees of freedom are governed entirely by the nearest-nei
papers/Main.md:394#2  OOS:I2 (Main Sec. 2-3: P-indivisibility, dilation, Bell, finite-horizon equivalence, characterization)  | This is not a no-go for the state-dependent-graph framework: [SM §3.1] permits $G(x)$ to depend on the state, and its mod-$q$ area-law proof is explic
papers/Main.md:394#4  OOS:I2 (physical layer: named hypotheses H-*, empirical inputs E1-E7, Theorem 23, Bell)  | What remains to be proved is H-Bell: the prepared graph family must preserve operational no-signaling and satisfy a curvature/metric convergence condi
papers/Main.md:394#5  OOS:I2 (Main Sec. 2-3: P-indivisibility, dilation, Bell, finite-horizon equivalence, characterization)  | That condition is now downstream of a harder one.
papers/Main.md:394#6  OOS:I2 (physical layer: named hypotheses H-*, empirical inputs E1-E7, Theorem 23, Bell)  | The cited convergence theorem is arbitrary-dimensional only for the manifold-distance-weighted graph metric, and for the degree-$6$ cubic reference gr
papers/Main.md:394#9  OOS:I2 (Main Sec. 2-3: P-indivisibility, dilation, Bell, finite-horizon equivalence, characterization)  | The sparse-neighborhood diagnostic in [SM §3.1] gives a tractable locality target but is not itself a global convergence theorem.
papers/Main.md:398#1  OOS:I2 (Main Sec. 2-3: P-indivisibility, dilation, Bell, finite-horizon equivalence, characterization)  | \boxed{
papers/Main.md:409#1  OOS:I2 (Main Sec. 2-3: P-indivisibility, dilation, Bell, finite-horizon equivalence, characterization)  | ### 3.4 The Characterization Theorem: Necessity of the Conditions
papers/Main.md:411#2  I1.24  | The finite-horizon theorem below proves internally that $S$, $D$, and $Q_{\mathrm{fb}}$ are the same observable-law class; the existence of a unitary/
papers/Main.md:411#3  I1.24  | C4 supplies the nontrivial content: universal hidden predictive memory and, by the recurrence theorem of §2.3, global indivisibility of a fixed finite
papers/Main.md:411#4  OOS:I2 (Main Sec. 2-3: P-indivisibility, dilation, Bell, finite-horizon equivalence, characterization)  | The converse process-dilation theorem constructs a finite OI realization for every finite stochastic target.
papers/Main.md:411#5  OOS:I2 (Main Sec. 2-3: P-indivisibility, dilation, Bell, finite-horizon equivalence, characterization)  | The remaining question is not whether a quantum representation exists, but whether an entire controlled family of preparations, coherent instruments, 
papers/Main.md:413#1  OOS:I2 (Main Sec. 2-3: P-indivisibility, dilation, Bell, finite-horizon equivalence, characterization)  | **Dilation existence.** Any single one-step doubly stochastic matrix on a finite configuration space can be realized as marginalization of a determini
papers/Main.md:413#2  OOS:I2 (Main Sec. 2-3: P-indivisibility, dilation, Bell, finite-horizon equivalence, characterization)  | The scope is the one scoped at the lemma above: the matrix, not prescribed multi-time trajectory statistics.
papers/Main.md:415#1  I1.20  | **Lemma (non-permutation witness).** *If the one-step matrix $T$ is not a permutation, the marginalized process is P-indivisible — and in particular h
papers/Main.md:417#1  OOS:I2 (Main Sec. 2-3: P-indivisibility, dilation, Bell, finite-horizon equivalence, characterization)  | *Proof.* The indivisibility is §2.3's recurrence theorem; and a non-permutation $T$ means some visible transition has a nondegenerate conditional law,
papers/Main.md:419#2  I1.20  | C1 is therefore formulated globally — influence at some accessible step (§1.3) — with the non-permutation one-step matrix its cheapest witness.
papers/Main.md:421#1  I1.20  | *Remark (influence, not bidirectionality).* The equivalence is with hidden-to-visible influence, which is C1's defining content (§1.3); it does not fo
papers/Main.md:421#3  I1.20  | Bidirectionality is a property of the physical realization (the bidirectional horizon coupling of §1.3), recorded at C1's realization clause there.
papers/Main.md:423#1  OOS:I2 (Main Sec. 2-3: P-indivisibility, dilation, Bell, finite-horizon equivalence, characterization)  | **Physical motivation (ETH dephasing).** Assume the hidden-sector Hamiltonian $H_H$ satisfies the eigenstate thermalization hypothesis (ETH) [17, 18].
papers/Main.md:423#2  I1.22  | Then in the fast-bath regime ($\tau_B \ll \tau_S$), the hidden sector dephases to its diagonal ensemble between coupling events, so the marginal dynam
papers/Main.md:423#3  OOS:I2 (Main Sec. 2-3: P-indivisibility, dilation, Bell, finite-horizon equivalence, characterization)  | This is the physical mechanism behind the mixing hypothesis; the load-bearing necessity statement is the quantitative theorem below, whose contraposit
papers/Main.md:423#4  OOS:I2 (Main Sec. 2-3: P-indivisibility, dilation, Bell, finite-horizon equivalence, characterization)  | The dephasing picture imports from ETH a conditional-distribution equilibration that ETH's few-body form does not by itself deliver (Remark, *Status o
papers/Main.md:425#3  OOS:I2 (Main Sec. 2-3: P-indivisibility, dilation, Bell, finite-horizon equivalence, characterization)  | What does occur, under the ETH assumption, is *dephasing*: starting from any distribution $\mu_H(\cdot | x_i)$ conditioned on the previous visible sta
papers/Main.md:431#1  OOS:I2 (Main Sec. 2-3: P-indivisibility, dilation, Bell, finite-horizon equivalence, characterization)  | Contrapositively, within the mixing class this analysis presupposes — hidden dynamics that relax toward the reference prior between couplings — observ
papers/Main.md:431#2  I1.22  | (Fast *non-mixing* hidden dynamics evade the premise, not the theorem: conserved circulation retains records with no timescale separation, `fastbath_p
papers/Main.md:431#3  OOS:I2 (Main Sec. 2-3: P-indivisibility, dilation, Bell, finite-horizon equivalence, characterization)  | The continuous-time extension to general Hamiltonian flow replaces the collision-model picture with the full ETH/dephasing condition; the relevant mac
papers/Main.md:433#1  I1.30  | **Theorem (C2 necessity, quantitative mixing form).** *Model one coupling step as the uniform-prior bijection marginal of §3.2's construction, and bet
papers/Main.md:433#2  I1.30  | Suppose the mixing hypothesis holds: with $\pi_H$ the *reference prior defining $T$* — the uniform hidden prior of the model above — every realized po
papers/Main.md:437#2  I1.30  | Contrapositively, departure of magnitude $\delta$ from the homogeneous Markov benchmark at step order $k$ forces $\varepsilon \geq \delta/(k-1)$ — the
papers/Main.md:439#1  I1.30  | *Proof.* For $k = 2$: with $\mu'_{x_0 x_1}$ the post-relaxation conditional given the visible record $(x_0, x_1)$ and $\Delta = \mu'_{x_0 x_1} - \pi_H
papers/Main.md:443#5  I1.30  | Optimality: the two-hidden-state revival bijection of §3.4's corollary, taken with zero relaxation, has $\varepsilon = \tfrac{1}{2}$ (its post-step co
papers/Main.md:445#1  I1.30  | *Remark (operational form of $\tau_S \ll \tau_B$).* Define the *conditional mixing time* $\tau_B(\varepsilon_0)$ as the least inter-coupling relaxatio
papers/Main.md:445#2  I1.30  | (The theorem's bound $\|T^{(k)} - T^k\|$ measures departure from the homogeneous Markov benchmark; it is not itself a measure of P-indivisibility — tw
papers/Main.md:447#1  I1.31  | **Theorem (physical memory: C2, process form).** *Under the conditional-mixing hypothesis — every realized hidden conditional lies within $\varepsilon
papers/Main.md:449#2  I1.31  | Contrapositive: observed conditional memory $I^* > 0$ at an accessible order forces $\varepsilon \geq \varepsilon_{\min}(I^*, n_V) > 0$ — the hidden s
papers/Main.md:449#3  I1.31  | This is (C2)'s necessity in the currency of condition (ii).*
papers/Main.md:451#1  I1.31  | *Proof.* The hidden conditional given any visible past is within $\varepsilon$ of $\pi_H$ by hypothesis; pushing through the one-step visible kernel c
papers/Main.md:451#2  I1.31  | $P(X_{k+1} \mid X_k)$ is a mixture of history-conditionals, hence also within $\varepsilon$ of $\bar{K}_{x_k}$, giving the second.
papers/Main.md:451#4  I1.31  | $\square$ (Certified against exact conditional mutual information on a parametric relaxation family, `c2_mixing_probes.py`.)
papers/Main.md:453#1  I1.31  | *Remark.* The matrix-power bound above measures departure from the homogeneous Markov benchmark and is blind to conditional memory — the XOR family ha
papers/Main.md:453#2  I1.31  | The process form is the statement that feeds the characterization's C2 clause.
papers/Main.md:456#1  I1.31  | *Remark ((C2)'s role: two theorems).* The characterization's realization clause needs (C2) only in its limit form — the canonical dilation's bath is s
papers/Main.md:456#2  I1.31  | The physical content of (C2) is the memory theorem above: under the conditional-mixing hypothesis, observed conditional memory $I^*$ lower-bounds the 
papers/Main.md:456#3  I1.31  | The structural equivalence and the physical-memory bound are distinct results with distinct hypotheses; (C1)–(C4) are not four necessities of equal st
papers/Main.md:458#1  OOS:I2 (Main Sec. 2-3: P-indivisibility, dilation, Bell, finite-horizon equivalence, characterization)  | *Remark (passive scope).* The theorem concerns the closed multi-time law $P(X_0, \ldots, X_K)$.
papers/Main.md:458#2  OOS:I2 (Main Sec. 2-3: P-indivisibility, dilation, Bell, finite-horizon equivalence, characterization)  | Conditioning on interventions — $P(X_{k+1} \mid X_{\leq k}, A_{\leq k})$ — requires the instrument-augmented realization $(S, \varphi, \mu_H, \{\mathc
papers/Main.md:460#1  OOS:I2 (Main Sec. 2-3: P-indivisibility, dilation, Bell, finite-horizon equivalence, characterization)  | **Theorem (intervention dilation: the finite classical action-labelled comb).** *Let a finite action alphabet $\mathcal{A}$ and a finite-horizon actio
papers/Main.md:460#2  OOS:I2 (Main Sec. 2-3: P-indivisibility, dilation, Bell, finite-horizon equivalence, characterization)  | There exist a finite set $S$, a bijection $\varphi$, a fixed prior $\mu_H$, and bijections $\{\mathcal{I}_a\}_{a \in \mathcal{A}}$ on $S$ such that, f
papers/Main.md:462#3  OOS:I2 (Main Sec. 2-3: P-indivisibility, dilation, Bell, finite-horizon equivalence, characterization)  | $\varphi$ reads the ledgers and $u$, outputs $x' = u_{c(\text{state})}$, appends $x$ to the history ledger, and advances the clock — bijective by the 
papers/Main.md:462#4  OOS:I2 (Main Sec. 2-3: P-indivisibility, dilation, Bell, finite-horizon equivalence, characterization)  | For any action sequence, the conditional law of $X_{k+1}$ given $(x_{\leq k}, a_{\leq k})$ is exactly $P(\cdot \mid x_{\leq k}, a_{\leq k})$: precisel
papers/Main.md:462#6  OOS:I2 (Main Sec. 2-3: P-indivisibility, dilation, Bell, finite-horizon equivalence, characterization)  | $\square$ (Certified exactly — all four action sequences, forty-eight conditionals in exact arithmetic, both instruments and $\varphi$ verified biject
papers/Main.md:464#1  OOS:I2 (Main Sec. 2-3: P-indivisibility, dilation, Bell, finite-horizon equivalence, characterization)  | *Remark (scope of the closure).* The theorem closes the classical rung of the intervention bridge: classical action labels, permutation instruments, c
papers/Main.md:464#3  OOS:I2 (Main Sec. 2-3: P-indivisibility, dilation, Bell, finite-horizon equivalence, characterization)  | Because the instruments are *invasive* — they write to the action ledger — the construction is not bound by the non-invasiveness assumption behind tem
papers/Main.md:464#4  OOS:I2 (Main Sec. 2-3: P-indivisibility, dilation, Bell, finite-horizon equivalence, characterization)  | A worked case is certified exactly (`lg_comb_probes.py`): sequential $\sigma_z$ measurements on a qubit with $\pi/3$ rotations between them give $C_{1
papers/Main.md:466#1  OOS:I2 (Main Sec. 2-3: P-indivisibility, dilation, Bell, finite-horizon equivalence, characterization)  | *Proposition (no uniform finite realization).* A fixed finite $S$ with a fixed prior and a fixed bijection supports only finitely many distinct action
papers/Main.md:466#2  OOS:I2 (Main Sec. 2-3: P-indivisibility, dilation, Bell, finite-horizon equivalence, characterization)  | Hence no fixed finite realization carries the whole instrument algebra: the theorem above is a statement per finite instrument set, and $|S|$ grows wi
papers/Main.md:468#1  OOS:I2 (Main Sec. 2-3: P-indivisibility, dilation, Bell, finite-horizon equivalence, characterization)  | *Remark (what the remainder is).* What stays open on the operational bridge is accordingly the instrument *algebra* rather than the statistics: multil
papers/Main.md:472#1  OOS:I2 (Main Sec. 2-3: P-indivisibility, dilation, Bell, finite-horizon equivalence, characterization)  | **Proposition (no horizon-independent intervened representation).** *Fix a representation dimension $d$, a Hamiltonian $\hat{H}$, and the slot structu
papers/Main.md:472#4  OOS:I2 (Main Sec. 2-3: P-indivisibility, dilation, Bell, finite-horizon equivalence, characterization)  | Hence for $K$ beyond a small threshold the reachable set has measure zero in the family, and since the theorem above realizes the entire family, gener
papers/Main.md:476#2  OOS:I2 (Main Sec. 2-3: P-indivisibility, dilation, Bell, finite-horizon equivalence, characterization)  | The Proposition shows that this is not a technical convenience awaiting a better proof: a horizon-independent representation of the *intervened* proce
papers/Main.md:476#6  OOS:I2 (Main Sec. 2-3: P-indivisibility, dilation, Bell, finite-horizon equivalence, characterization)  | The quantitative-mixing theorem's contrapositive (§2.3) reads as a timescale statement in the homogeneous-Markov benchmark: memory of magnitude $\delt
papers/Main.md:476#7  OOS:I2 (Main Sec. 2-3: P-indivisibility, dilation, Bell, finite-horizon equivalence, characterization)  | For condition (ii)'s currency the operative statement is the physical-memory theorem's $\varepsilon \geq \varepsilon_{\min}(I^*, n_V)$ (§2.3); the ben
papers/Main.md:478#1  OOS:I2 (Main Sec. 2-3: P-indivisibility, dilation, Bell, finite-horizon equivalence, characterization)  | *Remark (role of ETH, restated).* *The necessity direction rests on the mixing hypothesis above — an operational, in-principle-measurable condition — 
papers/Main.md:478#2  OOS:I2 (Main Sec. 2-3: P-indivisibility, dilation, Bell, finite-horizon equivalence, characterization)  | ETH is the physical case for the hypothesis: dephasing to the diagonal ensemble is the mechanism by which a generic chaotic hidden sector drives $\var
papers/Main.md:478#3  OOS:I2 (Main Sec. 2-3: P-indivisibility, dilation, Bell, finite-horizon equivalence, characterization)  | A hidden sector failing ETH but satisfying the mixing bound still delivers the necessity direction; a hidden sector satisfying ETH for few-body observ
papers/Main.md:478#4  OOS:I2 (Main Sec. 2-3: P-indivisibility, dilation, Bell, finite-horizon equivalence, characterization)  | The bound, its optimality, and the fact that the revival counterexample violates the hypothesis maximally are certified deterministically by `papers/o
papers/Main.md:480#1  OOS:I2 (Main Sec. 2-3: P-indivisibility, dilation, Bell, finite-horizon equivalence, characterization)  | **Remark (Status of ETH).** *The eigenstate thermalization hypothesis is a well-supported conjecture, not a theorem, for generic chaotic many-body Ham
papers/Main.md:480#3  OOS:I2 (Main Sec. 2-3: P-indivisibility, dilation, Bell, finite-horizon equivalence, characterization)  | For the OI framework's hidden sector — the cosmological-horizon complement, a generic chaotic many-body system — ETH is the standard assumption.
papers/Main.md:480#4  I1.21  | The C2 necessity direction is conditional on the quantitative mixing hypothesis (the theorem above); ETH is the physical case for that hypothesis rath
papers/Main.md:480#5  OOS:I2 (Main Sec. 2-3: P-indivisibility, dilation, Bell, finite-horizon equivalence, characterization)  | For the framework's specific substratum, moreover, the chaoticity underlying ETH is not merely the standard assumption: the realized bijection's discr
papers/Main.md:480#6  I1.20,I1.23  | The C1 and C3 necessity theorems do not depend on ETH.*
papers/Main.md:482#1  I1.21  | **Remark (Consequence for the characterization theorem).** *Within the characterization below, only the (ii) $\implies$ (iii) direction's C2 clause is
papers/Main.md:484#1  I1.32  | **Theorem (C3 necessity).** *Let $m = |\mathcal{C}_H|$.
papers/Main.md:488#2  I1.32  | Conditioning on $X_t$: $X_{<t} \to H_t \to X_{>t}$ is a Markov chain.
papers/Main.md:492#1  I1.32  | **Corollary (per-process capacity bound).** Any deterministic-bijection realization of a process whose conditional past–future information reaches $I^
papers/Main.md:492#2  I1.32  | The bound is process-quantitative and does not reduce to the visible count — P-indivisibility alone does not force $m \geq n$: a two-hidden-state, thr
papers/Main.md:492#3  I1.32  | Sustained backflow at rate $I_0 > 0$ per coupling event over $K$ events requires $m \gtrsim 2^{K I_0}$ *under the additional hypothesis* that the per-
papers/Main.md:492#4  I1.32  | The framework's qualitative (C3) ("hidden sector large enough") is the conservative restatement of the per-process bound.
papers/Main.md:494#1  I1.32  | *The revival counterexample and the doubly-stochastic obstruction of §3.2 are certified by the deterministic probes in `papers/oi_lattice_code/foundat
papers/Main.md:496#1  OOS:I2 (Main Sec. 2-3: P-indivisibility, dilation, Bell, finite-horizon equivalence, characterization)  | **Theorem (finite-horizon process dilation).** *Let $\mathcal{S}$ be a stochastic process on $\mathcal{C}_V$ ($n = |\mathcal{C}_V| \geq 2$) with ratio
papers/Main.md:496#3  I1.20  | If the target process is non-Markovian, the construction necessarily contains hidden-to-visible influence at some accessible step — hence satisfies (C
papers/Main.md:496#4  I1.21,I1.22,I1.23  | The realization realizes (C2) in the static-bath form ($\tau_B = \infty$ between couplings, hence $\tau_S \ll \tau_B$), and satisfies (C3) with $|\mat
papers/Main.md:498#3  OOS:I2 (Main Sec. 2-3: P-indivisibility, dilation, Bell, finite-horizon equivalence, characterization)  | Conditioning on the visible past exposes $u$ only at visited contexts, so the current context's conditional law is $\mathrm{kern}_c$ verbatim, and the
papers/Main.md:500#1  OOS:I2 (Main Sec. 2-3: P-indivisibility, dilation, Bell, finite-horizon equivalence, characterization)  | *Proof (constructive).* Let $D$ be a common denominator of the conditional kernels $P(x_{k+1} \mid x_0 \ldots x_k)$.
papers/Main.md:500#3  OOS:I2 (Main Sec. 2-3: P-indivisibility, dilation, Bell, finite-horizon equivalence, characterization)  | On well-formed states the step is $(x,\ (x_0 \ldots x_{c-1}),\ \mathbf{s},\ c) \mapsto (Q_{c+1}(x_0 \ldots x_{c-1}, x;\, s_{c+1}),\ (x_0 \ldots x_{c-1
papers/Main.md:500#5  OOS:I2 (Main Sec. 2-3: P-indivisibility, dilation, Bell, finite-horizon equivalence, characterization)  | Marginalizing over the uniform tape reproduces each conditional exactly, hence the full joint by the chain rule.
papers/Main.md:500#6  I1.24  | When $\mathcal{S}$ is non-Markov on the horizon, the realization inherits (C4): distinct visible pasts with differing target kernels condition the led
papers/Main.md:500#7  I1.20  | (C1): if the target is non-Markovian, hidden-to-visible influence is present at some accessible step (the global argument, as in the characterization 
papers/Main.md:500#8  I1.21,I1.22  | (C2): the ledger and tape have no autonomous dynamics between couplings — a static bath, the slow-bath limit.
papers/Main.md:500#9  I1.23  | (C3): $\log_2 |\mathcal{C}_H| \geq I^*$, consistent with the per-process bound above.
papers/Main.md:502#2  OOS:I2 (Main Sec. 2-3: P-indivisibility, dilation, Bell, finite-horizon equivalence, characterization)  | The uniform-prior one-step lemma of §3.2, with its doubly stochastic scope, is the special case and is unchanged: double stochasticity is a property o
papers/Main.md:504#1  OOS:I2 (Main Sec. 2-3: P-indivisibility, dilation, Bell, finite-horizon equivalence, characterization)  | **Definition (unitarily evolving QM).** A stochastic process $\mathcal{S}$ on a finite configuration space $\mathcal{C}_V = \{x_1, \ldots, x_n\}$ is *
papers/Main.md:506#2  OOS:I2 (Main Sec. 2-3: P-indivisibility, dilation, Bell, finite-horizon equivalence, characterization)  | **(Q1) Barandes-representable:** the process corresponds to a unitarily evolving quantum system in the source theorem's own language [11, 12] — the $\
papers/Main.md:506#4  OOS:I2 (Main Sec. 2-3: P-indivisibility, dilation, Bell, finite-horizon equivalence, characterization)  | The source's object is a tuple: a configuration space, target and conditioning times, transition maps $\Gamma(t \leftarrow t_0)$ carrying first-order 
papers/Main.md:506#5  OOS:I2 (Main Sec. 2-3: P-indivisibility, dilation, Bell, finite-horizon equivalence, characterization)  | Divisibility failure is *generic* within that class but is not what defines membership in it — a Markovian-homogeneous dynamical system is already a u
papers/Main.md:508#2  OOS:I2 (Main Sec. 2-3: P-indivisibility, dilation, Bell, finite-horizon equivalence, characterization)  | **Translation hypothesis (T) is the claim that this data instantiates the source's tuple, so that its theorem applies.** The instantiation is checked 
papers/Main.md:508#5  OOS:I2 (Main Sec. 2-3: P-indivisibility, dilation, Bell, finite-horizon equivalence, characterization)  | Second, the source theorem does not apply only to a "P-indivisible subclass": it applies to the class, with P-indivisibility governing whether the res
papers/Main.md:508#6  I1.24  | What (T) still does not license is transporting the multi-time content of (C4) into the source's framework, whose dynamical data is first-order by con
papers/Main.md:508#7  OOS:I2 (Main Sec. 2-3: P-indivisibility, dilation, Bell, finite-horizon equivalence, characterization)  | **(Q2) autonomous OI representation:** a fixed Hermitian $\hat{H}$ with the ancilla-marginal form above, exact at integer horizon times, delivered in-
papers/Main.md:508#8  OOS:I2 (Main Sec. 2-3: P-indivisibility, dilation, Bell, finite-horizon equivalence, characterization)  | Condition (i) of the characterization means (Q1); the in-house chain proves (Q2); time-homogeneity and continuous-$t$ interpolation belong to (Q2)'s a
papers/Main.md:508#11  OOS:I2 (Main Sec. 2-3: P-indivisibility, dilation, Bell, finite-horizon equivalence, characterization)  | Additional quantum-mechanical structures — the tensor product decomposition for spatially separated visible-sector subsystems, state update, and the m
papers/Main.md:510#1  OOS:I2 (Main Sec. 2-3: P-indivisibility, dilation, Bell, finite-horizon equivalence, characterization)  | **Lemma (fixed-$\hat{H}$ form for realized processes).** *Let a process arise as in (iii) below: the marginal of an iterated fixed bijection $\varphi$
papers/Main.md:510#2  OOS:I2 (Main Sec. 2-3: P-indivisibility, dilation, Bell, finite-horizon equivalence, characterization)  | Then the fixed-$\hat{H}$ ancilla-marginal form of (i) holds constructively at every horizon time: take $U_\varphi$ the permutation unitary of $\varphi
papers/Main.md:514#1  OOS:I2 (Main Sec. 2-3: P-indivisibility, dilation, Bell, finite-horizon equivalence, characterization)  | *Consequence.* The chain (ii) $\implies$ (iii) $\implies$ fixed-$\hat{H}$ form is in-house per horizon *in the uncompressed sense*: the internal repre
papers/Main.md:516#1  OOS:I2 (Main Sec. 2-3: P-indivisibility, dilation, Bell, finite-horizon equivalence, characterization)  | **Characterization theorem.** *Let $\mathcal{S}$ be a time-homogeneous stochastic process on a finite configuration space $\mathcal{C}_V$ with $|\math
papers/Main.md:516#2  OOS:I2 (Main Sec. 2-3: P-indivisibility, dilation, Bell, finite-horizon equivalence, characterization)  | Then (ii) $\iff$ (iii); and, under (T), (i) holds for $\mathcal{S}$ — as it does for every finite-configuration member of the correspondence's class, 
papers/Main.md:516#3  I1.21  | Condition (C2) is deliberately absent from (iii): the existential realization satisfies it trivially with a static bath ($\tau_B = \infty$), so it is 
papers/Main.md:518#1  OOS:I2 (Main Sec. 2-3: P-indivisibility, dilation, Bell, finite-horizon equivalence, characterization)  | *(i) $\mathcal{S}$ is mathematically equivalent to unitarily evolving QM (in the sense of the preceding definition).*
papers/Main.md:520#1  OOS:I2 (Main Sec. 2-3: P-indivisibility, dilation, Bell, finite-horizon equivalence, characterization)  | *(ii) $\mathcal{S}$ is non-Markovian on accessible timescales: at some order $k$ with $k\tau_S \ll t_R$, the conditional mutual information $I(X_{<k};
papers/Main.md:522#1  I1.20,I1.23,I1.24  | *(iii) For every finite accessible horizon long enough to contain a memory witness — every $K \geq k+1$, with $k$ an order at which (ii)'s conditional
papers/Main.md:524#1  OOS:I2 (Main Sec. 2-3: P-indivisibility, dilation, Bell, finite-horizon equivalence, characterization)  | *The two theorems the equivalence turns on follow, with their own proofs; the characterization's proof comes after them.*
papers/Main.md:526#1  OOS:I2 (Main Sec. 2-3: P-indivisibility, dilation, Bell, finite-horizon equivalence, characterization)  | **Theorem (finite-horizon stochastic–reversible–unitary equivalence).** *Fix a finite visible alphabet and a finite accessible horizon $K$.
papers/Main.md:530#1  OOS:I2 (Main Sec. 2-3: P-indivisibility, dilation, Bell, finite-horizon equivalence, characterization)  | *($Q_{\mathrm{fb}}$) the laws realizable by finite-dimensional unitary systems with Born-rule readout in a fixed basis — the fixed-basis unitary Born 
papers/Main.md:534#1  OOS:I2 (Main Sec. 2-3: P-indivisibility, dilation, Bell, finite-horizon equivalence, characterization)  | *Remark (what this equivalence does and does not say).* The theorem says the three classes **coincide** at the level of finite-horizon fixed-basis obs
papers/Main.md:534#4  I1.24  | C4 forces nonzero predictive memory and, for a fixed finite recurrent representative, global indivisibility.
papers/Main.md:534#6  OOS:I2 (Main Sec. 2-3: P-indivisibility, dilation, Bell, finite-horizon equivalence, characterization)  | The theorem does not by itself prove that all coherent preparations, noncommuting interventions, and composites are represented simultaneously by one 
papers/Main.md:534#7  OOS:I2 (Main Sec. 2-3: P-indivisibility, dilation, Bell, finite-horizon equivalence, characterization)  | The finite operational gluing theorem crosses much of that boundary for bounded action-labelled experiments, and the uniform continuum theorem gives a
papers/Main.md:536#1  OOS:I2 (Main Sec. 2-3: P-indivisibility, dilation, Bell, finite-horizon equivalence, characterization)  | *Remark (interventions).* The same construction indexed by intervention histories realizes any FIXED finite adaptive family (§3.4's comb theorem), whi
papers/Main.md:538#1  OOS:I2 (Main Sec. 2-3: P-indivisibility, dilation, Bell, finite-horizon equivalence, characterization)  | *Proposition (finite-substratum operational obstruction — classical-dimension form).* Fix one realization: a substratum of $N < \infty$ ontic configur
papers/Main.md:538#3  OOS:I2 (Main Sec. 2-3: P-indivisibility, dilation, Bell, finite-horizon equivalence, characterization)  | For the qubit this is impossible uniformly: qubit prepare-measure behaviors have PSD rank $2$ but nonnegative rank growing without bound over finite p
papers/Main.md:538#6  I1.20,I1.21,I1.23,I1.24  | The obstruction is independent of C1–C4 and of horizon growth.
papers/Main.md:538#7  OOS:I2 (Main Sec. 2-3: P-indivisibility, dilation, Bell, finite-horizon equivalence, characterization)  | It does not touch the equivalence theorem — there the realization is chosen per finite-horizon law, and a fixed finite table of statistics always has 
papers/Main.md:542#1  OOS:I2 (Main Sec. 2-3: P-indivisibility, dilation, Bell, finite-horizon equivalence, characterization)  | *Remark (the operational-extension boundary).* The exact finite representation theorem and the finite-substratum obstruction answer different question
papers/Main.md:542#3  OOS:I2 (Main Sec. 2-3: P-indivisibility, dilation, Bell, finite-horizon equivalence, characterization)  | For a bounded family of interventions, the gluing theorem below gives one reversible realization for the entire classical action-labelled experiment; 
papers/Main.md:542#5  I1.20,I1.21,I1.23,I1.24  | The compositional target is settled as a characterization ([GR §3.3]): on any nonempty finite carrier, the operational theories whose available famili
papers/Main.md:542#6  OOS:I2 (Main Sec. 2-3: P-indivisibility, dilation, Bell, finite-horizon equivalence, characterization)  | Any exact-completion reconstruction beyond a fixed finite carrier must additionally show that its chosen completion retains finite predictive dimensio
papers/Main.md:544#1  OOS:I2 (Main Sec. 2-3: P-indivisibility, dilation, Bell, finite-horizon equivalence, characterization)  | **Theorem (finite operational realization and gluing — ε-form).** *Fix a quantum experiment: a system of dimension $d$ with an initial state — alterna
papers/Main.md:546#1  OOS:I2 (Main Sec. 2-3: P-indivisibility, dilation, Bell, finite-horizon equivalence, characterization)  | *(1) **Completeness, adaptive.** For every adaptive protocol over $\mathcal{F}$ through $K$, the realized outcome-sequence law is within $K(|\mathcal{
papers/Main.md:552#1  OOS:I2 (Main Sec. 2-3: P-indivisibility, dilation, Bell, finite-horizon equivalence, characterization)  | *(4) **Composition.** Sequential composition by construction; for spatially separated experiments the product construction implements the joint family
papers/Main.md:554#2  OOS:I2 (Main Sec. 2-3: P-indivisibility, dilation, Bell, finite-horizon equivalence, characterization)  | The lower bound is of a different scope: $\log_2|\mathcal{C}_H| \geq I^*$ holds universally, for every faithful realization (memory theorem above), an
papers/Main.md:556#1  OOS:I2 (Main Sec. 2-3: P-indivisibility, dilation, Bell, finite-horizon equivalence, characterization)  | *Rounding Lemma (instrument-level, fixed-point dyadic model).* *Floating-point entries carry uncounted per-entry exponents, so the model is fixed-poin
papers/Main.md:556#2  OOS:I2 (Main Sec. 2-3: P-indivisibility, dilation, Bell, finite-horizon equivalence, characterization)  | The lemma is stated for the whole instrument as the classical–quantum map $\mathfrak{I}(\tilde\rho) = \bigoplus_o \mathcal{I}_o(\tilde\rho)$, with $R 
papers/Main.md:556#6  OOS:I2 (Main Sec. 2-3: P-indivisibility, dilation, Bell, finite-horizon equivalence, characterization)  | Telescoping: the exact cq instrument is a trace-norm contraction on Hermitian inputs ($\sum_o \|\mathcal{I}_o(A)\|_1 \leq \|A\|_1$, via $A = A_+ - A_-
papers/Main.md:556#8  OOS:I2 (Main Sec. 2-3: P-indivisibility, dilation, Bell, finite-horizon equivalence, characterization)  | *Corollary (clipping and normalization).* *For a positive branch with $s = \sum_o \operatorname{Tr} B_o > 0$ and raw drift $E = \sum_o \|\widehat B_o 
papers/Main.md:556#10  OOS:I2 (Main Sec. 2-3: P-indivisibility, dilation, Bell, finite-horizon equivalence, characterization)  | Recurrence: exact CP maps contract negative mass ($\|(X{-}Y)_-\|_1 \leq \operatorname{Tr} Y$ for $X, Y \geq 0$, summed over outcomes), rounding inject
papers/Main.md:558#1  OOS:I2 (Main Sec. 2-3: P-indivisibility, dilation, Bell, finite-horizon equivalence, characterization)  | *Proof (construction and bound).* The step map $\varphi_a$ reads the counter $t$; an outcome-free instrument applies its CP map to the branch matrix a
papers/Main.md:558#3  OOS:I2 (Main Sec. 2-3: P-indivisibility, dilation, Bell, finite-horizon equivalence, characterization)  | The bound: each step realizes the grid rounding of the true conditional through cumulative integer thresholds, off by at most $(|\mathcal{O}|{-}1)/G$ 
papers/Main.md:558#4  OOS:I2 (Main Sec. 2-3: P-indivisibility, dilation, Bell, finite-horizon equivalence, characterization)  | In the finite-precision regime the comparison runs at the level of subnormalized cq branches: one digitized instrument step differs from the exact ste
papers/Main.md:558#5  OOS:I2 (Main Sec. 2-3: P-indivisibility, dilation, Bell, finite-horizon equivalence, characterization)  | Adaptivity is free: an adaptive protocol's trajectory probability is the product of the same per-step conditionals along its realized history, and (2)
papers/Main.md:558#6  OOS:I2 (Main Sec. 2-3: P-indivisibility, dilation, Bell, finite-horizon equivalence, characterization)  | *Certified* at $(d, K, |\mathcal{F}|) = (2, \{2,3\}, 4)$ — projective $Z$ and $X$, the Hadamard intervention, and the 3-4-5 rotation, whose non-dyadic
papers/Main.md:560#1  OOS:I2 (Main Sec. 2-3: P-indivisibility, dilation, Bell, finite-horizon equivalence, characterization)  | *Corollary (single controlled dynamics).* *The per-instrument family assembles into one map: on the enlarged hidden sector carrying a read-only progra
papers/Main.md:560#3  OOS:I2 (Main Sec. 2-3: P-indivisibility, dilation, Bell, finite-horizon equivalence, characterization)  | One law, initial conditions vary — the substratum ontology stated as a theorem at finite resolution (check 13, `opglue_probes.py`: one map, two protoc
papers/Main.md:560#5  OOS:I2 (Main Sec. 2-3: P-indivisibility, dilation, Bell, finite-horizon equivalence, characterization)  | One dynamics; the program is paid for as an initial condition, not obtained free.* $\square$
papers/Main.md:562#1  OOS:I2 (Main Sec. 2-3: P-indivisibility, dilation, Bell, finite-horizon equivalence, characterization)  | *Remark (what the gluing theorem does and does not deliver).* At finite resolution it crosses most of the gap between $Q_{\mathrm{fb}}$ and operationa
papers/Main.md:562#2  OOS:I2 (Main Sec. 2-3: P-indivisibility, dilation, Bell, finite-horizon equivalence, characterization)  | It is an **operational realization theorem**, not a uniqueness theorem: the same reversible machinery can realize non-quantum finite instrument famili
papers/Main.md:562#5  OOS:I2 (Main Sec. 2-3: P-indivisibility, dilation, Bell, finite-horizon equivalence, characterization)  | The uniqueness side of the coherent/composite lift is settled by the coherent-completion classification ([GR §3.3]): completions carrying the same com
papers/Main.md:562#6  OOS:I2 (Main Sec. 2-3: P-indivisibility, dilation, Bell, finite-horizon equivalence, characterization)  | Its existence side is settled by the operational-completion characterization ([GR §3.3]): exact finite operational quantum mechanics on a carrier and 
papers/Main.md:562#8  OOS:I2 (Main Sec. 2-3: P-indivisibility, dilation, Bell, finite-horizon equivalence, characterization)  | The Kochen–Specker inheritance (§3.2) remains conditional exactly at that operational-algebra layer.*
papers/Main.md:564#1  OOS:I2 (Main Sec. 2-3: P-indivisibility, dilation, Bell, finite-horizon equivalence, characterization)  | The operational-completion theorem also admits a physically layered formulation.
papers/Main.md:564#3  OOS:I2 (Main Sec. 2-3: P-indivisibility, dilation, Bell, finite-horizon equivalence, characterization)  | On every nonempty finite carrier these three principles are respectively equivalent, on the relevant class, to inert spectators, sufficient reversible
papers/Main.md:568#1  OOS:I2 (Main Sec. 2-3: P-indivisibility, dilation, Bell, finite-horizon equivalence, characterization)  | Each added principle is independently necessary relative to the OI core, well-formedness, and the other two.
papers/Main.md:568#2  OOS:I2 (Main Sec. 2-3: P-indivisibility, dilation, Bell, finite-horizon equivalence, characterization)  | This is a characterization of a quantum-complete extension of OI, not a claim that bare OI entails the added principles; the OI-core clause becomes lo
papers/Main.md:568#4  OOS:I2 (Main Sec. 2-3: P-indivisibility, dilation, Bell, finite-horizon equivalence, characterization)  | A primitive-source refinement restates the three added principles at the level of physical implementations and embedded observers — implementation loc
papers/Main.md:568#5  OOS:I2 (Main Sec. 2-3: P-indivisibility, dilation, Bell, finite-horizon equivalence, characterization)  | A substratum-source form completes that refinement: the concrete OI substratum supplies the structural architecture — closure under composition and co
papers/Main.md:568#6  OOS:I2 (Main Sec. 2-3: P-indivisibility, dilation, Bell, finite-horizon equivalence, characterization)  | Its typed form removes the endomorphic qualifier: under the carrier-general typed operational interface — identity, composition, coarse-graining, rela
papers/Main.md:568#7  OOS:I2 (Main Sec. 2-3: P-indivisibility, dilation, Bell, finite-horizon equivalence, characterization)  | The finite theory admits a canonical infinite-region completion without a continuum limit: the finite regions of the fixed-spacing lattice carry full 
papers/Main.md:568#8  OOS:I2 (Main Sec. 2-3: P-indivisibility, dilation, Bell, finite-horizon equivalence, characterization)  | Within the structural architecture the substratum supplies, with the phase intervention stated, exact finite endomorphic operational quantum mechanics
papers/Main.md:572#1  OOS:I2 (Main Sec. 2-3: P-indivisibility, dilation, Bell, finite-horizon equivalence, characterization)  | *Lemma (adaptive diamond telescoping).* *Let $\pi$ be an adaptive protocol of horizon $K$ and $\pi'$ the protocol with each instrument $I_t$ replaced 
papers/Main.md:572#3  OOS:I2 (Main Sec. 2-3: P-indivisibility, dilation, Bell, finite-horizon equivalence, characterization)  | An instrument is a channel into a classical–quantum register, the adaptive continuation is itself a channel, and the diamond norm is monotone under pr
papers/Main.md:574#1  OOS:I2 (Main Sec. 2-3: P-indivisibility, dilation, Bell, finite-horizon equivalence, characterization)  | **Theorem (uniform continuum realization — mutual ε-density).** *Fix $d$, an outcome bound $m$, a horizon $K$, and $\varepsilon > 0$.
papers/Main.md:574#2  OOS:I2 (Main Sec. 2-3: P-indivisibility, dilation, Bell, finite-horizon equivalence, characterization)  | Let $N$ be a $\delta$-net, $\delta = \varepsilon/(2K)$, in diamond norm on the compact set of $\leq m$-outcome instruments on $\mathbb{C}^d$ (preparat
papers/Main.md:574#3  OOS:I2 (Main Sec. 2-3: P-indivisibility, dilation, Bell, finite-horizon equivalence, characterization)  | The single resulting finite reversible realization $R$ satisfies: (i) for every adaptive quantum protocol $\pi$ of horizon $\leq K$ with arbitrary con
papers/Main.md:574#4  OOS:I2 (Main Sec. 2-3: P-indivisibility, dilation, Bell, finite-horizon equivalence, characterization)  | The two operational theories are therefore mutually $\varepsilon$-dense at horizon $K$, in the finite-test metric the density Corollary below makes ex
papers/Main.md:574#5  OOS:I2 (Main Sec. 2-3: P-indivisibility, dilation, Bell, finite-horizon equivalence, characterization)  | And in the controlled model the hidden cost of uniformity is nil: the mechanisms are per-instrument, so the hidden registers — branch register, stack,
papers/Main.md:576#1  OOS:I2 (Main Sec. 2-3: P-indivisibility, dilation, Bell, finite-horizon equivalence, characterization)  | *Corollary (finite-test density of deterministic realizations in operational quantum theory).* *Along any $K_n \to \infty$, $\varepsilon_n \to 0$, the
papers/Main.md:576#2  OOS:I2 (Main Sec. 2-3: P-indivisibility, dilation, Bell, finite-horizon equivalence, characterization)  | As classes this is density, not identity: $D_{\mathrm{finite}}$ is strictly larger — the response-table construction realizes arbitrary finite stochas
papers/Main.md:576#3  OOS:I2 (Main Sec. 2-3: P-indivisibility, dilation, Bell, finite-horizon equivalence, characterization)  | The exact continuum theory stays unreachable at any fixed stage (the classical-dimension Proposition).* $\square$
papers/Main.md:578#5  OOS:I2 (Main Sec. 2-3: P-indivisibility, dilation, Bell, finite-horizon equivalence, characterization)  | (4) Every $d$-dimensional quantum experiment of horizon $K$ has a finite reversible deterministic $\varepsilon$-realization — proved unconditionally a
papers/Main.md:578#6  OOS:I2 (Main Sec. 2-3: P-indivisibility, dilation, Bell, finite-horizon equivalence, characterization)  | Per (3), density is the maximum: the equivalence cannot be strengthened to exact class identity at any fixed carrier, so what remains is precisely sel
papers/Main.md:580#1  OOS:I2 (Main Sec. 2-3: P-indivisibility, dilation, Bell, finite-horizon equivalence, characterization)  | **Theorem (unavoidable hidden predictive memory).** *Let $\mathcal{S}$ be a visible process and let $\mathcal{R}$ be ANY faithful deterministic realiz
papers/Main.md:588#1  OOS:I2 (Main Sec. 2-3: P-indivisibility, dilation, Bell, finite-horizon equivalence, characterization)  | *Proof.* (a) Determinism makes $X_{t+1}$ a function of $(X_t, H_t)$, so conditioning on $p$ and pushing $\mu_p$ through $f_x$ IS the conditional law.
papers/Main.md:590#3  OOS:I2 (Main Sec. 2-3: P-indivisibility, dilation, Bell, finite-horizon equivalence, characterization)  | The theorem above is UNIVERSAL — it constrains every deterministic completion — and it is the sense in which observation incompleteness forces hidden 
papers/Main.md:590#4  I1.20,I1.21,I1.22,I1.23  | The conditions follow rather than being assumed: (C1) because a hidden distinction invisible to $f_x$ produces identical pushforwards; (C2-structural)
papers/Main.md:592#1  OOS:I2 (Main Sec. 2-3: P-indivisibility, dilation, Bell, finite-horizon equivalence, characterization)  | *Remark (a variational identity, open — and false in its naive form).* It is natural to conjecture $M_{\mathrm{det}} := \inf_{\mathcal{R}} I(X_{<t}; H
papers/Main.md:592#4  OOS:I2 (Main Sec. 2-3: P-indivisibility, dilation, Bell, finite-horizon equivalence, characterization)  | Any proof must therefore let the hidden dimension vary — the response-table construction, which preloads exactly the next-response variable, is the ca
papers/Main.md:594#1  I1.19  | *Remark (the conditions are diagnostics, not hypotheses).* The reduction extends one step further.
papers/Main.md:594#2  I1.19  | (C4) is not an independent condition on the realization either: it asserts a readback gap *mediated through the hidden state*, and in a faithful reali
papers/Main.md:594#3  I1.19  | Exhaustive enumeration confirms it — the (C4) gap and $I(X_{<k}; X_{k+1} \mid X_k) > 0$ agree on all 24, 720 and 720 realizations at $(n_V, |\mathcal{
papers/Main.md:596#2  OOS:I2 (Main Sec. 2-3: P-indivisibility, dilation, Bell, finite-horizon equivalence, characterization)  | What the reduction does license is the *universal* statement — the theorem below — in which readback appears not as a hypothesis but as an unavoidable
papers/Main.md:596#3  I1.20,I1.21,I1.23,I1.24  | What C1–C4 supply is not hypotheses but a *diagnostic checklist* describing what such a realization looks like — which is precisely what the physical 
papers/Main.md:596#4  OOS:I2 (Main Sec. 2-3: P-indivisibility, dilation, Bell, finite-horizon equivalence, characterization)  | The substance of the theorem lives in the construction (§3.4) — the response-table realization, the hidden space growing with the horizon, the prior c
papers/Main.md:598#1  OOS:I2 (Main Sec. 2-3: P-indivisibility, dilation, Bell, finite-horizon equivalence, characterization)  | **Theorem (canonical predictive quotient — a purification ingredient, substratum form).** *Let $P$ be a finite-horizon law on visible trajectories.
papers/Main.md:598#2  OOS:I2 (Main Sec. 2-3: P-indivisibility, dilation, Bell, finite-horizon equivalence, characterization)  | Define the tail object $T(P)$: hidden states the stage-indexed pairs $(t, \tau)$ of a time and a positive-probability length-$(K{-}t)$ visible future-
papers/Main.md:600#1  OOS:I2 (Main Sec. 2-3: P-indivisibility, dilation, Bell, finite-horizon equivalence, characterization)  | *Remark (relation to the purification axiom).* In the Chiribella–D'Ariano–Perinotti reconstruction [53], purification demands existence and essential 
papers/Main.md:600#2  OOS:I2 (Main Sec. 2-3: P-indivisibility, dilation, Bell, finite-horizon equivalence, characterization)  | The theorem above supplies the substratum-level existence half and, toward uniqueness, the canonical predictive quotient every completion shares — an 
papers/Main.md:600#3  OOS:I2 (Main Sec. 2-3: P-indivisibility, dilation, Bell, finite-horizon equivalence, characterization)  | For the operational-lifting route, two questions remain: translate this substratum construction into the operational composite language, and determine
papers/Main.md:600#4  OOS:I2 (Main Sec. 2-3: P-indivisibility, dilation, Bell, finite-horizon equivalence, characterization)  | The result is an in-house ingredient toward that lift, not yet the all-level operational purification principle itself.
papers/Main.md:602#1  I1.25  | *Remark (which condition is primitive).* Of the three structural conditions, only (C4) is logically independent.
papers/Main.md:602#2  I1.25  | (C1) follows from it — a readback gap requires hidden mediation, and zero-coupling realizations exhibit no gap at any order — and (C3) follows by data
papers/Main.md:602#3  I1.25  | The equivalence could therefore be stated with (C4) alone.
papers/Main.md:602#4  I1.25  | It is not, deliberately: (C1) and (C3) are independently *checkable* — Bell-class dynamics force (C1) directly, capacity arguments use (C3) directly —
papers/Main.md:602#5  I1.25  | The dependency is recorded at each condition's definition (§1.3).*
papers/Main.md:604#1  OOS:I2 (Main Sec. 2-3: P-indivisibility, dilation, Bell, finite-horizon equivalence, characterization)  | *Remark (two notions of memory).* Non-Markovianity of the process — condition (ii) — and P-indivisibility of the transition-matrix family are distinct
papers/Main.md:604#2  OOS:I2 (Main Sec. 2-3: P-indivisibility, dilation, Bell, finite-horizon equivalence, characterization)  | Markov implies P-divisible (chain factorization), so P-indivisibility is the strictly stronger property; the strictness is witnessed by an explicit fa
papers/Main.md:604#3  OOS:I2 (Main Sec. 2-3: P-indivisibility, dilation, Bell, finite-horizon equivalence, characterization)  | The framework's accessible-timescale claim is (ii).
papers/Main.md:604#4  OOS:I2 (physical layer: named hypotheses H-*, empirical inputs E1-E7, Theorem 23, Bell)  | P-indivisibility enters as the stronger property in two ways: unconditionally at the recurrence scale from a non-permutation one-step witness (§2.3), 
papers/Main.md:606#1  I1.24  | *Proof.* (iii) $\implies$ (ii): the readback lemma of §2.3 — (iii) includes (C4), whose gap forces $I(X_{<k}; X_{k+1} \mid X_k) \geq p_0\delta^2/\ln 2
papers/Main.md:606#2  I1.20,I1.21,I1.22,I1.23,I1.24  | (ii) $\implies$ (iii): existence, per accessible horizon containing the witness order $k$, by the finite-horizon process-dilation theorem above, which
papers/Main.md:606#3  OOS:I2 (Main Sec. 2-3: P-indivisibility, dilation, Bell, finite-horizon equivalence, characterization)  | Both directions of the equivalence are theorems of this paper.
papers/Main.md:606#4  OOS:I2 (Main Sec. 2-3: P-indivisibility, dilation, Bell, finite-horizon equivalence, characterization)  | Finally, a unitarily evolving representation is available for $\mathcal{S}$ regardless — internally by the permutation unitary of any realization (the
papers/Main.md:608#1  OOS:I2 (Main Sec. 2-3: P-indivisibility, dilation, Bell, finite-horizon equivalence, characterization)  | *Remark (the horizon restriction is forced).* The witness-anchored quantifier in (iii) is not a courtesy.
papers/Main.md:608#2  OOS:I2 (Main Sec. 2-3: P-indivisibility, dilation, Bell, finite-horizon equivalence, characterization)  | A horizon ending before the first memory witness restricts $\mathcal{S}$ to a Markovian law, and by the universal theorem's biconditional no faithful 
papers/Main.md:608#3  OOS:I2 (Main Sec. 2-3: P-indivisibility, dilation, Bell, finite-horizon equivalence, characterization)  | The strong per-witness form is exact: $M_t > 0$ $\iff$ for every $K \geq t+1$ there is a faithful realization of the law through $K$ with readback bit
papers/Main.md:610#1  OOS:I2 (Main Sec. 2-3: P-indivisibility, dilation, Bell, finite-horizon equivalence, characterization)  | *Remark (retired direction).* (i) alone does not imply (ii): a diagonal Hamiltonian satisfies the definition with $T(t) = I$ for all $t$ — perfectly P
papers/Main.md:610#2  OOS:I2 (physical layer: named hypotheses H-*, empirical inputs E1-E7, Theorem 23, Bell)  | The equivalence therefore runs (ii) $\iff$ (iii) with representability following for the source's finite-configuration class; (ii) is certified empiri
papers/Main.md:612#1  I1.33  | *Remark (existential and universal readings).* The equivalence is existential: (ii) holds iff *some* per-horizon (C1)–(C4) realization exists.
papers/Main.md:612#2  I1.33  | The necessity analysis is universal and per-condition: any deterministic realization of a non-Markovian process has hidden influence at some step (C1)
papers/Main.md:614#1  I1.33  | *Remark (representation, not explanation).* The equivalence is a representation theorem: every accessible non-Markovian law *admits* a per-horizon C1–
papers/Main.md:614#2  I1.33  | It does not, by itself, explain why the physical universe exhibits such a law; that explanatory burden — the specific substratum satisfying C4 quantit
papers/Main.md:616#2  OOS:I2 (Main Sec. 2-3: P-indivisibility, dilation, Bell, finite-horizon equivalence, characterization)  | The honest open questions are (a) exact gluing for recurrent target families — which compatibility conditions on the per-horizon realizations suffice 
papers/Main.md:618#1  OOS:I2 (Main Sec. 2-3: P-indivisibility, dilation, Bell, finite-horizon equivalence, characterization)  | *Remark (scope: time-homogeneity).* The restriction to time-homogeneous processes is load-bearing for the fixed-$\hat{H}$ form of (i).
papers/Main.md:618#2  OOS:I2 (Main Sec. 2-3: P-indivisibility, dilation, Bell, finite-horizon equivalence, characterization)  | A non-autonomous quantum evolution such as $U(t) = e^{-i \sigma_x t^2}$ (generated by $H(t) = 2t\,\sigma_x$) has P-indivisible computational-basis pop
papers/Main.md:618#5  OOS:I2 (Main Sec. 2-3: P-indivisibility, dilation, Bell, finite-horizon equivalence, characterization)  | The fixed-$\hat{H}$ form itself is constructive for realized processes — the realization's permutation unitary with $\hat{H} = i \log U$ (Lemma above)
papers/Main.md:620#1  OOS:I2 (Main Sec. 2-3: P-indivisibility, dilation, Bell, finite-horizon equivalence, characterization)  | At the level of finite-horizon fixed-basis observable laws, embedded observation and unitary Born-rule representation are not merely *compatible* — th
papers/Main.md:620#2  OOS:I2 (Main Sec. 2-3: P-indivisibility, dilation, Bell, finite-horizon equivalence, characterization)  | The scope restriction is the content: the equivalence identifies the representation class exactly and stops short of operational quantum mechanics: th
papers/Main.md:622#1  OOS:I2 (Main Sec. 2-3: P-indivisibility, dilation, Bell, finite-horizon equivalence, characterization)  | *Remark (scope: representability, not selection of the relating evolution).* The equivalence $S \iff D \iff Q_{\mathrm{fb}}$ is a representability the
papers/Main.md:622#6  I1.5  | Uniqueness needs a selection condition beyond visible-law representability and ordinary coherence; this paper neither supplies one nor says what form 
papers/Main.md:622#9  OOS:I2 (Main Sec. 2-3: P-indivisibility, dilation, Bell, finite-horizon equivalence, characterization)  | At a single time the residue after the two-sided action is classified exactly: two lifts are related by it exactly when, for each visible output, the 
papers/Main.md:622#18  OOS:I2 (Main Sec. 2-3: P-indivisibility, dilation, Bell, finite-horizon equivalence, characterization)  | **This is an open frontier of the correspondence, not a local technical caveat.** Three statuses should be kept apart: finite observable-law represent
papers/Main.md:624#1  OOS:I2 (Main Sec. 2-3: P-indivisibility, dilation, Bell, finite-horizon equivalence, characterization)  | **Remark (scope of the equivalence).** The characterization theorem establishes the Hilbert space, unitary dynamics, and Born-rule transition probabil
papers/Main.md:626#1  OOS:I2 (Main Sec. 2-3: P-indivisibility, dilation, Bell, finite-horizon equivalence, characterization)  | *(i) Tensor product structure (visible–hidden).* The Stinespring route (§3.2) constructs $\mathcal{H} = \mathcal{H}_V \otimes \mathcal{H}_H$ and deriv
papers/Main.md:626#2  OOS:I2 (Main Sec. 2-3: P-indivisibility, dilation, Bell, finite-horizon equivalence, characterization)  | The visible–hidden tensor product is therefore given by the construction, not postulated.
papers/Main.md:628#1  OOS:I2 (Main Sec. 2-3: P-indivisibility, dilation, Bell, finite-horizon equivalence, characterization)  | *(ii) Tensor product structure (visible-sector subsystems).* Spatially separated visible regions $V_A,V_B\subset V$ inherit an exact **dynamical causa
papers/Main.md:628#3  OOS:I2 (Main Sec. 2-3: P-indivisibility, dilation, Bell, finite-horizon equivalence, characterization)  | It does not alone establish statistical product structure after conditioning, local tomography, or one common tensor-product instrument category.
papers/Main.md:628#6  OOS:I2 (Main Sec. 2-3: P-indivisibility, dilation, Bell, finite-horizon equivalence, characterization)  | The common local quantum composite/instrument structure is the content of the inert-spectator and iterated-composition conditions of the operational-c
papers/Main.md:630#1  OOS:I2 (Main Sec. 2-3: P-indivisibility, dilation, Bell, finite-horizon equivalence, characterization)  | *(iii) State update, measurement, and multi-time predictions.* Projective measurement in the emergent description corresponds to conditioning on a vis
papers/Main.md:630#2  OOS:I2 (Main Sec. 2-3: P-indivisibility, dilation, Bell, finite-horizon equivalence, characterization)  | The Lüders rule $\rho \to P_k \rho P_k / \text{Tr}(P_k \rho)$ transcribes Bayesian updating on the classical substratum (Lemma 3) for the represented 
papers/Main.md:630#3  OOS:I2 (Main Sec. 2-3: P-indivisibility, dilation, Bell, finite-horizon equivalence, characterization)  | No independent measurement postulate is required for the represented statistics.
papers/Main.md:630#7  OOS:I2 (physical layer: named hypotheses H-*, empirical inputs E1-E7, Theorem 23, Bell)  | Agreement of the substratum's conditioned multi-time statistics with the quantum formalism's intervention-rooted predictions is supported by the same 
papers/Main.md:632#1  OOS:I2 (Main Sec. 2-3: P-indivisibility, dilation, Bell, finite-horizon equivalence, characterization)  | *(iv) Classical P-indivisibility and quantum mechanics.* The representation clause is not a claim that all P-indivisible processes are "secretly quant
papers/Main.md:632#3  I1.20,I1.21,I1.23,I1.24  | The processes can be realized as marginalization of deterministic dynamics under C1–C4 (necessity theorems).
papers/Main.md:632#4  OOS:I2 (Main Sec. 2-3: P-indivisibility, dilation, Bell, finite-horizon equivalence, characterization)  | The framework locates the observer's process inside the correspondence's domain, where the imported theorem supplies a unitarily evolving representati
papers/Main.md:632#6  OOS:I2 (Main Sec. 2-3: P-indivisibility, dilation, Bell, finite-horizon equivalence, characterization)  | The physical content of the unitary is not that of a mere mathematical embedding: it is a Hamiltonian determined by the transition data up to the stat
papers/Main.md:634#1  OOS:I2 (Main Sec. 2-3: P-indivisibility, dilation, Bell, finite-horizon equivalence, characterization)  | *(v) The single external dependency, scoped.* The paper imports one external result: the Barandes stochastic-quantum correspondence [11, 12], which es
papers/Main.md:634#2  I1.20,I1.21,I1.23,I1.24  | What the import is load-bearing for has narrowed as the internal results grew: existence of a fixed-basis unitary Born representation is internal (the
papers/Main.md:640#1  OOS:I2 (Main Sec. 2-3: P-indivisibility, dilation, Bell, finite-horizon equivalence, characterization)  | The characterization theorem establishes what embedded observation *produces*.
papers/Main.md:642#1  OOS:I2 (Main Sec. 2-3: P-indivisibility, dilation, Bell, finite-horizon equivalence, characterization)  | **Lemma (rest-frame selection).** *Let the embedded-observation partition $S = V \sqcup B$ be realized across a causal horizon $\mathcal{H}$, with ind
papers/Main.md:646#1  OOS:I2 (Main Sec. 2-3: P-indivisibility, dilation, Bell, finite-horizon equivalence, characterization)  | **Corollary (boost/rotation inequivalence).** Because $T$ selects the timelike direction $n$ but no spatial direction, the emergent theory inherits fr
papers/Main.md:648#1  OOS:I2 (Main Sec. 2-3: P-indivisibility, dilation, Bell, finite-horizon equivalence, characterization)  | **Converse, and the resulting biconditional.** The lemma admits a converse, which upgrades it to an equivalence and sharpens the corollary.
papers/Main.md:652#5  OOS:I2 (Main Sec. 2-3: P-indivisibility, dilation, Bell, finite-horizon equivalence, characterization)  | (As with the forward direction, the converse rests on the maximal-compact-subgroup classification — standard Lie theory, not a framework-specific inpu
papers/Main.md:654#1  OOS:I2 (Main Sec. 2-3: P-indivisibility, dilation, Bell, finite-horizon equivalence, characterization)  | **The two faces, and a caution against over-reading them.** The characterization theorem and this lemma are two properties of the *same* map $T$: what
papers/Main.md:654#2  OOS:I2 (Main Sec. 2-3: P-indivisibility, dilation, Bell, finite-horizon equivalence, characterization)  | It is tempting to cast these as opposite operations — generation versus limitation — but they are the *same* operation, a projection of the observed s
papers/Main.md:654#6  I1.21,I1.22  | Both faces trace to the temporal asymmetry of embedded observation — the persistence condition (C2) that sustains the memory-bearing sector — the slow
papers/Main.md:656#2  OOS:I2 (Main Sec. 2-3: P-indivisibility, dilation, Bell, finite-horizon equivalence, characterization)  | First, the lemma is one-directional and near-elementary (it follows from the little-group classification once the horizon is granted to select $n$); i
papers/Main.md:656#4  OOS:I2 (Main Sec. 2-3: P-indivisibility, dilation, Bell, finite-horizon equivalence, characterization)  | (Whether the fixed orientation could, in some régime, be effectively resampled — restoring isotropy generatively with a calculable residual anisotropy
papers/Methodology.md:160#1  I1.18  | ### 4.6 Rung 8 — the hidden-sector conditions
papers/Methodology.md:162#1  I1.18  | Rungs C1–C4 are conditions on the relationship between the locus $V$ and its complement.
papers/Methodology.md:162#2  I1.18  | C1, non-zero coupling, follows conditionally: a distinction with content *about* the complement requires coupling to the complement, on pain of that c
papers/Methodology.md:162#3  I1.18  | C2 (record persistence — slow-bath separation one route) and C3 (sufficient capacity) are not lemmas — they are substantive conditions satisfied by so
papers/Methodology.md:162#4  I1.18  | The framework does not claim them as lemmas: it presents C1–C4 as the conditions defining *which* embeddings carry the memory-bearing sector — hidden 
papers/Methodology.md:162#5  I1.18  | Rung 8 is correctly treated by the framework as a selection condition, not a derivation, and no overclaim is present.
papers/Methodology.md:216#1  I1.2  | ### 5.4 The status of succession — a second axiom
papers/Methodology.md:218#2  I1.3  | But it is also not an independent axiom of the same kind as rung 1.
papers/Methodology.md:220#4  I1.1  | The principle invoked is the same in both: tokened differentiation.
papers/Methodology.md:220#5  I1.3  | What the second instance adds is not a new principle but a new fact — that the principle is instantiated *recurrently*, more than once over, and not o
papers/Methodology.md:222#1  I1.2  | That fact is a second axiom.
papers/Methodology.md:222#2  I1.3  | It is tempting to call it a mere parameter — a setting on the one axiom — or to absorb it by saying the one axiom is simply "applied across multiple d
papers/Methodology.md:222#3  I1.3  | A posit that can be neither derived nor eliminated, and must be asserted, is an axiom, whatever it is called; "parameter" understates it.
papers/Methodology.md:222#4  I1.3  | And "applied across multiple domains" is grammatically singular but contentually dual: application presupposes the existence of what one applies acros
papers/Methodology.md:224#1  I1.3  | The two axioms are:
papers/Methodology.md:226#1  I1.1  | - **Axiom 1.** *Tokened differentiation occurs.* Concrete differentiated content is instantiated; there is some this-not-that.
papers/Methodology.md:226#3  I1.2  | It is indubitable — its denial is itself a tokened differentiation — and it is conceptually primitive: even the vocabulary needed to state the second 
papers/Methodology.md:227#1  I1.1,I1.2  | - **Axiom 2.** *Differentiation recurs.* The principle of Axiom 1 is instantiated more than once over — not only within a single configuration but acr
papers/Methodology.md:227#3  I1.2  | What Axiom 2 asserts is bare recurrence — that the principle holds more than once over — and nothing more: it does not by itself supply an ordering of
papers/Methodology.md:227#4  I1.2  | The floor is two posits at the granularity stated, and the dynamical content the downstream physics requires enters through later, separately-stated s
papers/Methodology.md:229#1  I1.3  | The two axioms stand in a definite relationship, and stating it precisely is part of the result.
papers/Methodology.md:229#2  I1.1,I1.2  | Axiom 2 **presupposes** Axiom 1: there can be no recurrence of differentiation without differentiation, and the very notion of an "axis" or "domain" a
papers/Methodology.md:229#3  I1.3  | But Axiom 2 is **not derivable from** Axiom 1: that a differentiation occurs does not yield that it recurs — this is the no-go of Section 5.5.
papers/Methodology.md:229#4  I1.3  | The relationship is therefore one-directional presupposition without entailment.
papers/Methodology.md:229#5  I1.1  | Axiom 1 is first — conceptually and epistemically.
papers/Methodology.md:229#6  I1.2  | Axiom 2 is genuinely additional.
papers/Methodology.md:231#2  I1.3  | The two axioms are not unrelated posits.
papers/Methodology.md:231#3  I1.2  | The principle they invoke — tokened differentiation — is single; Axiom 2 is that single principle asserted to recur.
papers/Methodology.md:231#4  I1.3  | The unity is real, but it is a unity of *theme*, not of *count*: one principle, two axioms.
papers/Methodology.md:231#5  I1.3  | To let the thematic unity be reported as a unity of count — "one axiom" — would be to conceal the second posit behind the first, which is the move thi
papers/Methodology.md:235#2  I1.3  | *Given Axiom 1, "tokened differentiation occurs," the rungs relationality, proper-part, dynamics-existence, determinism, finiteness-per-moment, and bi
papers/Methodology.md:235#3  I1.3  | The no-go is specifically about the *recurrence* of differentiation (the existence of the temporal domain), not about the *ordering* of moments within
papers/Methodology.md:243#1  I1.3  | The foundation of the framework, distilled, is two axioms:
papers/Methodology.md:245#1  I1.1  | > **Axiom 1.** *Tokened differentiation occurs.* — Concrete differentiated content is instantiated: there is some this-not-that.
papers/Methodology.md:247#1  I1.1,I1.2  | > **Axiom 2.** *Differentiation recurs.* — The principle of Axiom 1 is instantiated more than once over, across a further axis.
papers/Methodology.md:249#1  I1.3  | We call this two-part foundation the **two-axiom observation base**.
papers/Methodology.md:249#2  I1.3  | The two axioms are ordered: Axiom 2 presupposes Axiom 1 (recurrence of differentiation requires differentiation, and the very notion of an axis along 
papers/Methodology.md:249#3  I1.3  | The relationship is one-directional presupposition without entailment.
papers/Methodology.md:251#1  I1.3  | The foundation comprises two axioms, not one axiom plus a domain-multiplicity *parameter*: a posit that can be neither derived nor eliminated, and mus
papers/Methodology.md:251#2  I1.3  | The two axioms invoke a *single principle* (tokened differentiation), Axiom 2 being that principle asserted to recur.
papers/Methodology.md:251#3  I1.3  | The unity is thematic, not numerical — one principle, two axioms — and is recorded as the relationship between the axioms, not as a reduction of their
papers/Methodology.md:253#1  I1.3  | Everything else in the foundational layer is a lemma: relationality, the locus, the proper-part structure $V \subsetneq S$, the existence of a dynamic
papers/Methodology.md:253#2  I1.3  | The hidden-sector conditions C1–C4 are selection conditions, not lemmas, and are so treated.
papers/Methodology.md:255#1  I1.3  | ### 6.2 What the two-axiom form buys
papers/Methodology.md:257#1  I1.3  | The two-axiom statement is more honest than "a single axiom" and more precise than "several assumptions," and both improvements are substantive.
papers/Methodology.md:259#1  I1.3  | Against "a single axiom": that phrasing, unqualified, suggests the framework's foundation is a single indubitable fact.
papers/Methodology.md:259#3  I1.1,I1.2  | It is one indubitable fact (Axiom 1) *plus* one further commitment (Axiom 2) that is not indubitable — a world without recurrence, a single tenseless 
papers/Methodology.md:259#4  I1.3  | The two-axiom form states this.
papers/Methodology.md:259#5  I1.3  | It does not weaken the framework: a foundation whose second, non-indubitable commitment is named, isolated, and shown by a no-go theorem to be irreduc
papers/Methodology.md:259#6  I1.3  | The framework need not claim "one axiom"; the true claim — two axioms, ordered by presupposition, provably not collapsible — is the stronger thing to 
papers/Methodology.md:261#1  I1.3  | Against "several assumptions": the eight-rung ladder might suggest the framework rests on eight independent posits.
papers/Methodology.md:261#3  I1.3  | Six of the eight are lemmas.
papers/Methodology.md:261#4  I1.3  | The framework rests on two axioms, and the two-axiom form states *that* — the economy is real, and naming it at the correct count is part of stating i
papers/Methodology.md:265#1  I1.3  | The two-axiom observation base is sometimes compared, in discussion, to other candidate "bedrock" claims.
papers/Methodology.md:265#3  I1.1  | They concern Axiom 1 — the indubitable, conceptually primitive member — since it is Axiom 1 that occupies the "bedrock" role.
papers/Methodology.md:267#1  I1.1  | It is not "the universe exists." That asserts a totality; Axiom 1 asserts only tokened differentiation, and the totality ($S$, the unexhausted whole) 
papers/Methodology.md:269#3  I1.1  | Axiom 1 asserts an occurrence and is silent on what, if anything, underlies it.
papers/Methodology.md:271#3  I1.1  | Axiom 1 asserts *differentiated* content — more than bare existence — which is both what is actually given and, as Section 4 shows, exactly enough str
papers/Methodology.md:273#1  I1.1  | Axiom 1 belongs to the family of claims that cannot be doubted because doubting instantiates them — the family of the Cartesian *cogito*.
papers/Methodology.md:273#3  I1.3  | Axiom 2, by contrast, makes no claim to indubitability; it is a substantive posit, defended not as undeniable but as the minimal further commitment wi
papers/Methodology.md:277#1  I1.3  | A natural question, given that the framework elsewhere derives a gauge structure and a selection principle, is whether the two axioms might themselves
papers/Methodology.md:277#2  I1.2  | Could Axiom 2 — the recurrence of differentiation, the existence of the temporal domain — be such a selected feature: gauge in general, specific in ou
papers/Methodology.md:279#6  I1.2  | The proposal "Axiom 2 is an anthropically-selected landscape variable" therefore relocates the second commitment into the meta-level structure of the 
papers/Methodology.md:279#7  I1.3  | This is the same outcome as the "parameter" and "condition" framings of Section 5.4 — a setting is a setting *within* a space of possibilities, and th
papers/Methodology.md:281#1  I1.3  | String theory itself bears on the two axioms only in this presuppositional way.
papers/Methodology.md:281#2  I1.1,I1.2  | It is formulated on a worldsheet with a time coordinate, in a target space with a time dimension, over a configuration space that is a multiplicity; i
papers/Methodology.md:281#3  I1.3  | String theory is not a competing account of the foundation discussed here — it operates well downstream of it, and whatever its landscape is, it is a 
papers/Methodology.md:283#1  I1.3  | The genuine and useful point in the landscape comparison lies *below* the two axioms, not at them.
papers/Methodology.md:283#2  I1.1,I1.2  | Downstream of Axiom 1 and Axiom 2, the framework does have a "general, then selected" structure, and it is one of its established features rather than
papers/Methodology.md:283#4  OOS:I2 (structural observer-selection theorem, Main Sec. 4.6)  | The difference worth stating is that the framework's version is derived: where the landscape picture posits a space of vacua it cannot derive and an a
papers/Methodology.md:283#5  I1.3  | The "gauge in general, specific in our case" intuition is therefore correct and is realized in the framework — but it is realized one level down, amon
papers/Substratum.md:90#1  I1.69  | **Structural assumptions** (restrictions on the class of candidate substrates $(S, \varphi)$):
papers/Substratum.md:92#1  I1.63  | (A1) **Finiteness.** The configuration space $S$ is finite.
papers/Substratum.md:92#3  OOS:I2 (physical layer: named hypotheses H-*, empirical inputs E1-E7, Theorem 23, Bell)  | E3, with the holographic bound read as a Hilbert-space dimension cutoff $\dim \mathcal{H} \leq e^{A/4}$, bounds what observation reaches: the visible 
papers/Substratum.md:92#4  I1.63  | The extension to all of $S$ is then a gauge choice rather than a further fact: by the deep-sector enlargement freedom (Theorem 24(iii)), the deep hidd
papers/Substratum.md:94#1  I1.64  | (A2) **Determinism.** $\varphi: S \to S$ is a bijection (deterministic, reversible dynamics).
papers/Substratum.md:94#2  I1.64  | (Two-part status, per the dilemma argument of [Main §2.2]: a non-injective descent either leaves a statistical trace — excluded where the observed sta
papers/Substratum.md:94#3  I1.64  | Bijectivity for the dynamics governing registered history is thus partly structural and partly anchored by one empirical input, the observed statistic
papers/Substratum.md:96#1  I1.65  | (A3) **Bounded coupling degree.** Each site is coupled to a bounded number of neighbors in $\varphi$'s action.
papers/Substratum.md:96#3  I1.65  | The physical content is boundedness itself; the specific degree is gauge — any bounded-degree graph in the quasi-isometry class produces the same emer
papers/Substratum.md:98#1  I1.66  | (A4) **Center independence.** The dynamics $\varphi$ does not depend on a choice of "center" site, in two senses used below: $\varphi$ commutes with l
papers/Substratum.md:98#3  OOS:I2 (physical layer: named hypotheses H-*, empirical inputs E1-E7, Theorem 23, Bell)  | Its observational anchor is the homogeneity of physical law — no experiment has found a preferred location in the laws — the cosmological principle's 
papers/Substratum.md:100#1  I1.67  | (A5) **Linearity.** The wave equation for $\varphi$ is linear.
papers/Substratum.md:100#2  I1.67  | (Equivalent to amplitude-scale gauge invariance — that the field-value scale is unphysical — via the linearity-equivalence lemma of [SM §4.1]; hence n
papers/Substratum.md:102#1  I1.68  | (A6) **Background independence.** The dynamics is covariant under spatially-varying internal-index transformations: a site-dependent transformation $G
papers/Substratum.md:102#2  I1.68  | The content of the assumption is this covariant interface — the coupling is link-valued data on which the transformations act — and once it is in plac
papers/Substratum.md:102#3  I1.68  | A6 is not the stronger fixed-background condition that the same transformations leave the dynamics invariant with the coupling held fixed and preserve
papers/Substratum.md:102#4  I1.68  | The global commutant symmetry — the transformations constant across the lattice that leave the coupling itself unchanged, the specialization of A6 in 
papers/Substratum.md:102#5  I1.68  | The state-dependent coupling graph of [SM §3.1], under which the graph itself evolves with the state, is a separate principle that shares the name and
papers/Substratum.md:104#1  I1.69  | The theorem's uniqueness claim holds under E1–E7 **and** A1–A6 jointly; removing any of A3–A6 either requires new derivations or weakens the uniquenes
papers/Substratum.md:104#2  I1.69  | The set A1–A6 is sufficient for the reconstruction but is not proved to be minimal: A4 (center independence) and A6 (background independence) overlap 
papers/Substratum.md:104#3  I1.69  | A tighter axiomatization may be possible but is not pursued here; the reconstruction's validity depends on the sufficiency of A1–A6 and E1–E7, not on 
papers/Substratum.md:106#1  OOS:I2 (physical layer: named hypotheses H-*, empirical inputs E1-E7, Theorem 23, Bell)  | **Critical dependencies.** Theorem 23's proof relies on the following prior theorems, whose individual correctness is assumed:
papers/Substratum.md:109#1  OOS:I2 (physical layer: named hypotheses H-*, empirical inputs E1-E7, Theorem 23, Bell)  | - [Main §3.3] Bell ceiling and the adopted measurement-independent, ontically parameter-dependent Bell branch (a separate spatial-composite premise; B
papers/Substratum.md:110#1  OOS:I2 (Main Sec. 2-3: P-indivisibility, dilation, Bell, finite-horizon equivalence, characterization)  | - [Main §3.2] Forward Stinespring dilation (bijection → CPTP channel) and reverse-direction lemma (stochastic process → bijection)
papers/Substratum.md:111#1  I1.20,I1.21,I1.23,I1.24  | - [Main §3.4] Characterization theorem (accessible non-Markovianity — the framework's finite-horizon visible-law memory/backflow notion, not generic q
papers/Substratum.md:114#1  OOS:I2 (physical layer: named hypotheses H-*, empirical inputs E1-E7, Theorem 23, Bell)  | - [SM Theorems 5–15] Gauge group, generations, hypercharges derivation chain
papers/Substratum.md:115#1  OOS:I2 (physical layer: named hypotheses H-*, empirical inputs E1-E7, Theorem 23, Bell)  | - [SM Theorems 17–21] T-invariance → $\theta\in\{0,\pi\}$ and reciprocal transition counts; $\bar\theta$ open (H-top, H-det)
papers/Substratum.md:118#1  OOS:I2 (physical layer: named hypotheses H-*, empirical inputs E1-E7, Theorem 23, Bell)  | Theorem 23's confidence is bounded above by the minimum confidence in these dependencies.
papers/Substratum.md:120#1  I1.20,I1.21,I1.23,I1.24  | ### 3.2 Stage 1: Observed QM → deterministic embedding with C1–C4
papers/Substratum.md:122#1  I1.36  | **Inputs:** E1 (unitary QM), E2 (Bell violations), E3 (finite boundary entropy), A1 (finiteness), A2 (determinism), and M1, now explicitly two-clause:
papers/Substratum.md:126#1  I1.35  | - The triple satisfies C1 (non-trivial coupling), C2 (record persistence — the slow bath one realization), C3 (sufficient hidden memory capacity), and
papers/Substratum.md:126#2  I1.35  | M1-B separately requires Bell-relevant cross-wing coupling/parameter dependence and does not supply C4.
papers/Substratum.md:128#1  I1.35  | **Conditional structure.** C1, C3, and C4 for the memory-bearing temporal sector are derived from E1–E3, A1–A2 together with **M1-T** — C4 via the hid
papers/Substratum.md:128#2  I1.35  | **M1-B** is separate: it maps E2 to the ontically parameter-dependent Bell composite and supplies an independent cross-wing-coupling requirement, not 
papers/Substratum.md:128#3  I1.35  | C2 is conditional on the quantitative mixing hypothesis of [Main §3.4] — uniform total-variation closeness of the hidden sector's post-relaxation cond
papers/Substratum.md:128#4  I1.35  | ETH is the physical case for the hypothesis, as discussed in [Main §3.4]'s "Remark (Status of ETH)." ETH is a well-supported conjecture for generic ch
papers/Substratum.md:128#5  I1.35  | The framework's gauge-group derivation through Stage 2 inherits this conditional.
papers/Substratum.md:130#1  OOS:I2 (physical layer: named hypotheses H-*, empirical inputs E1-E7, Theorem 23, Bell)  | **Bell–gravity compatibility hypothesis (H-Bell).** The Stage-2 reference nearest-neighbor wave-equation graph has a pointwise causal cone with maximu
papers/Substratum.md:130#3  OOS:I2 (physical layer: named hypotheses H-*, empirical inputs E1-E7, Theorem 23, Bell)  | The framework nevertheless already makes the graph state-dependent: the discrete Einstein equation of [SM §3.1] is formulated on $G(x)$, and its mod-$
papers/Substratum.md:204#1  I1.69,I1.63,I1.68  | The structural assumptions A1–A6 exclude several broad classes of theory from the outset:
papers/Substratum.md:206#1  I1.63  | - Intrinsically continuum theories (violate A1)
papers/Substratum.md:207#1  I1.64  | - Intrinsically stochastic theories (violate A2)
papers/Substratum.md:208#1  I1.65  | - Theories with unbounded coupling degree (violate A3)
papers/Substratum.md:209#1  I1.66,I1.68  | - Theories violating center independence, linearity, or background independence (violate A4–A6)
papers/Substratum.md:211#4  I1.69,I1.63,I1.68  | The framework's defense of A1–A6 (in [SM §2] and elsewhere) is that they are natural given the empirical inputs E1–E7, but this defense is itself an a
papers/Substratum.md:213#1  I1.69  | **Remark** (Hypothesis dependencies).
papers/Substratum.md:213#2  I1.69  | Each structural assumption can in principle be weakened or replaced:
papers/Substratum.md:215#1  I1.63  | - A1 (finiteness) is supported by E3; alternative would be an effective-finiteness argument with continuum UV completion, which the framework does not
papers/Substratum.md:216#1  I1.64  | - A2 (determinism) is the key ontological commitment; stochastic alternatives would produce different reconstructions.
papers/Substratum.md:217#1  I1.65  | - A3 (bounded coupling) is conventional for physical systems; long-range couplings would give different dimensional structure.
papers/Substratum.md:218#1  I1.66  | - A4 (center independence) rules out preferred-frame theories.
papers/Substratum.md:219#1  I1.67  | - A5 (linearity) is the strongest restriction; it is equivalent to amplitude-scale gauge invariance (linearity-equivalence lemma, [SM §4.1]), so nonli
papers/Explainer.md:47#1  I1.3  | *A note on "exactly one."* The framework's foundational work has since looked harder at what "observation occurs" actually assumes, and found it is mo
papers/Explainer.md:47#6  I1.1  | A further question is genuinely open: whether the observer's status as a *proper part* of a larger whole — its embeddedness — is itself a third such a
papers/Explainer.md:63#3  I1.24  | At the finite observable-law level, the resulting stochastic law has an exact fixed-basis Hilbert/unitary/Born-form representation ($S \iff D \iff Q_{
papers/Explainer.md:65#1  I1.20  | **C1: Non-zero coupling (H_int ≠ 0).** The visible and hidden sectors interact.
papers/Explainer.md:67#1  I1.21,I1.22  | **C2: Memory persistence (τ_S ≪ τ_B).** The hidden sector's *coarse-grained mixing time* — the rate at which a stored record of visible history degrad
papers/Explainer.md:69#1  I1.23  | **C3: Sufficient capacity (log₂|C_H| ≥ I\*).** The hidden sector has enough distinguishable states to encode the conditional past-future information t
papers/Explainer.md:87#5  I1.20  | (Condition C1.)
papers/Explainer.md:89#8  I1.21  | (Condition C2.)
papers/Explainer.md:91#4  I1.23  | (Condition C3.)
papers/Explainer.md:93#3  I1.24  | What the observer needs is an environment that couples to it, retains the record long enough to be read, has the capacity to hold it, and feeds it bac
papers/Explainer.md:132#1  I1.21  | C2 inverts this — the condition itself is persistence, the record surviving to readback, with a slow hidden sector our universe's comfortable route (a
papers/Explainer.md:166#2  I1.20  | (This does not follow from C1, which asserts only non-zero coupling; it is the separate non-permutation witness the theorem assumes at this step.) So 
papers/Explainer.md:174#1  I1.20  | The proof uses almost nothing — just that the dynamics is a bijection on a finite set (the definition and Lemma 1) and that the coupling is non-trivia
papers/Explainer.md:190#1  I1.21,I1.22  | When τ_S ≪ τ_B (C2), this is very close to 1 — almost no decay.
papers/Explainer.md:200#1  I1.23  | **The role of C3:** The hidden sector's memory capacity is log_2(|C_H|) bits.
papers/Explainer.md:200#3  I1.23  | C3 ensures m is large enough that the memory never saturates on observable timescales.
papers/Explainer.md:232#1  I1.20  | **Checking the conditions:** C1 (coupling): die values 1 and 2 flip the coin ✓.
papers/Explainer.md:232#2  I1.21  | C2 (memory persistence): σ² = id means recurrence time is 2 steps, giving τ_S/τ_B = 1/2 ✓.
papers/Explainer.md:232#3  I1.23  | C3 (sufficient capacity): 6 hidden states vs 2 visible states ✓.
papers/Explainer.md:271#5  I1.20  | C1 (coupling) allows writing to the memory.
papers/Explainer.md:271#6  I1.21  | C2 (memory persistence) ensures it isn't erased between reads.
papers/Explainer.md:271#7  I1.23  | C3 (sufficient capacity) ensures there's enough room.
papers/Explainer.md:271#8  I1.24  | C4 (history readback): at step 2 the unchanged die register controls the reverse flip — the dynamics reads back the record written at step 1.
papers/Explainer.md:271#9  I1.20,I1.24  | In this toy, C1 through C4 explain the memory mechanism — the information backflow; the explicit negative-propagator calculation above independently e
papers/Explainer.md:275#1  I1.21,I1.23  | ### Why conditions C2 and C3 matter physically
papers/Explainer.md:277#1  I1.20  | The P-indivisibility theorem needs only coupling (C1) and finiteness.
papers/Explainer.md:277#2  I1.21,I1.23  | So why does the paper insist on slow memory (C2) and vast capacity (C3)?
papers/Explainer.md:279#1  I1.21,I1.23  | Because P-indivisibility without C2 and C3 might only show up at absurd timescales or might self-destruct.
papers/Explainer.md:279#2  I1.21  | C2 ensures the memory persists on timescales accessible to actual experiments, not just at cosmic recurrence times.
papers/Explainer.md:279#3  I1.23  | C3 ensures the hidden sector never runs out of room to store information — if it saturates, later imprints overwrite earlier ones, and the process bec
papers/Explainer.md:279#4  I1.21,I1.23,I1.24  | Together with C4's readback — the load-bearing condition (`review4_probes.py`: storage and capacity without readback do not suffice) — C2 and C3 make 
papers/Explainer.md:299#7  I1.20,I1.21,I1.23,I1.24  | The equation is no longer "from nowhere" — it is the differential form of unitary evolution, and unitary evolution is available, under (T), for embedd
papers/Explainer.md:353#2  I1.20,I1.21,I1.23,I1.24  | The paper shows the observed non-Markovian dynamics *require* embedded observation under C1–C4 (necessity, per condition; the C2 leg conditional on th
papers/Explainer.md:356#1  I1.24  | - Section 2.3 proved: a non-permutation coupling ⟹ P-indivisibility at the recurrence scale, and C4's readback ⟹ accessible non-Markovianity, quantita
papers/Explainer.md:356#2  I1.20,I1.23,I1.24  | The two conclusions are different notions and neither is generic quantum non-Markovianity: accessible non-Markovianity is finite-horizon memory/backfl
papers/Explainer.md:357#1  I1.20,I1.21,I1.23,I1.24  | - Section 3.3 proves: P-indivisibility ⟹ C1, C3, C4 (necessity, unconditional); C2's slow form within the mixing class (the conditional physical-memor
papers/Explainer.md:358#1  I1.20,I1.21,I1.23,I1.24  | - Combined: **accessible non-Markovianity ⟺ embedded observation under C1, C3, C4 (per finite horizon) — C2 is not needed for the equivalence and carr
papers/Explainer.md:360#1  I1.20  | **Necessity of C1 (coupling).** With no hidden influence at any accessible step, every visible transition is a fixed function of the visible present —
papers/Explainer.md:360#2  I1.20  | A non-permutation one-step matrix is the cheapest *witness* of C1, sufficient but not necessary: influence can hide at step one and surface later (the
papers/Explainer.md:362#1  I1.21  | **Necessity of C2 (memory persistence), the slow form conditional on mixing.** Between coupling events (separated by τ_S), the hidden sector evolves u
papers/Explainer.md:366#5  I1.21  | Fast *non-mixing* hidden dynamics — conserved circulation — retain records with no timescale separation at all (`fastbath_probes.py`, [Main §1.3]), wh
papers/Explainer.md:368#1  I1.23  | **Necessity of C3 (sufficient capacity).** The non-Markovian mutual information is bounded by the hidden sector's size:
papers/Explainer.md:378#1  I1.20,I1.21,I1.23,I1.24  | **The complete characterization.** For |C_V| ≥ 2: the process is non-Markovian on accessible timescales ⟺ it arises, on each finite horizon, from marg
papers/Explainer.md:386#3  I1.24  | C4 supplies the nontrivial content: accessible history readback, unavoidable hidden predictive memory, and, on one fixed finite recurrent representati
papers/Explainer.md:406#1  I1.20  | **C1 (coupling).** In general relativity's ADM formulation, the bulk Hamiltonian is a sum of constraints that vanish on-shell — meaning the "real" dyn
papers/Explainer.md:408#1  I1.21  | **C2 (memory persistence).** τ_B ~ 1/H ~ 10¹⁷ seconds (the Hubble time). τ_S ~ 10⁻¹⁵ seconds (a typical atomic process).
papers/Explainer.md:410#1  I1.23  | **C3 (sufficient capacity).** The hidden sector has A/ε² ~ 10¹²² modes (the de Sitter entropy).
papers/Explainer.md:588#3  I1.21  | The remaining ~95% is the boundary entropy: gravitationally active, invisible to the emergent description, and persistent through P-indivisibility (co
papers/Explainer.md:887#4  I1.20,I1.21,I1.23,I1.24  | The origin of life is identified as the first molecular system satisfying C1–C4 — the same conditions that diagnose an accessible non-Markovian realiz
papers/Explainer.md:887#5  I1.20,I1.21,I1.23  | RNA is the unique molecule that is simultaneously template (C2, C3) and catalyst (C1), making the RNA world a structural prediction rather than a hist
papers/Explainer.md:887#6  I1.20,I1.21,I1.23,I1.24  | C1–C4 systems grow exponentially while ordinary chemistry grows linearly, so the transition is inevitable and irreversible.
papers/Explainer.md:903#4  I1.21  | The hidden sector stores those writes (C2: memory persistence — the record survives the window, whether by slow evolution or by conserved fast dynamic
papers/Explainer.md:905#2  I1.20,I1.21,I1.23,I1.24  | The conditions C1–C4 are access conditions on the memory: C1 means the readable and unreadable parts are dynamically linked (read-write coupling is ac
papers/Explainer.md:905#3  I1.21  | C2 means the unreadable part retains its contents between reads.
papers/Explainer.md:905#4  I1.23  | C3 means the unreadable part is large enough to store the full interaction history without overflow.
papers/Explainer.md:915#3  I1.20,I1.21,I1.23,I1.24  | The conditions C1–C4 characterize this architecture: C1 (coupling) is the read/write mechanism, and C4 (readback) closes the loop: history-sensitive h
papers/Explainer.md:915#4  I1.21  | C2 (memory persistence) says the tape retains its contents between head operations.
papers/Explainer.md:915#5  I1.23  | C3 (capacity) says the tape is large enough to store the full interaction history.
papers/Explainer.md:933#2  I1.20,I1.21,I1.23,I1.24  | Observers satisfying C1–C4 — the conditions that make their description non-Markovian, quantum for the source's finite-configuration class — cannot ex
papers/Explainer.md:933#4  I1.21  | C2 requires the written record to persist to readback — and in a thermal bath the record lives in correlations, so persistence needs the hidden sector
papers/Explainer.md:933#6  I1.21,I1.24  | So in equilibrium, C2 fails — and with it C4: a bath that thermalizes between steps erases the stored record before it can be read (the erasure lemma,
papers/Explainer.md:933#7  I1.24  | Since C4 is what the characterization requires, no observer satisfying the framework's definition can exist there.
papers/Explainer.md:935#4  I1.21  | Its hidden sector is therefore the thermally equilibrated bath around it, with τ_B bounded by thermal decorrelation — too short for C2 to hold, by six
papers/Explainer.md:937#6  I1.20,I1.21,I1.23,I1.24  | Observers exist where C1–C4 hold.
papers/Explainer.md:937#7  I1.20,I1.21,I1.23,I1.24  | C1–C4 don't hold in equilibrium.
papers/Explainer.md:937#9  OOS:I2 (structural observer-selection theorem, Main Sec. 4.6)  | No additional axiom required.
papers/Explainer.md:1012#1  I1.20  | | P-indivisibility proof (§2.3) | The stochastic process is non-Markovian | Definition, Lemma 1 + C1 |
papers/Explainer.md:1013#1  I1.20,I1.21,I1.23,I1.24  | | Accessible-timescale lemma (§2.3) | Non-Markovianity is observable, not just formal | C1–C3, plus C4 holding quantitatively: two histories with the 
papers/Explainer.md:1016#1  I1.20,I1.21,I1.23,I1.24  | | Necessity proof (§3.3) | Accessible non-Markovian memory requires C1/C3/C4 in every faithful deterministic realization; C2's physical-timescale nece
papers/Explainer.md:1025#1  I1.20  | | §3.3: Necessity of C1 | Accessible memory requires coupling | No coupling → permutation → P-divisible |
papers/Explainer.md:1026#1  I1.21,I1.22  | | §3.3: Necessity of C2 | Physical memory requires record persistence — slow bath one mechanism, conditional on mixing | Fast-mixing bath → Markov → P
papers/Explainer.md:1027#1  I1.23  | | §3.3: Necessity of C3 | Accessible memory requires capacity | I ≤ log₂ m bounds memory |
papers/Explainer.md:1028#1  I1.20,I1.21,I1.23,I1.24  | | §3.4: Characterization theorem | non-Markovianity ⟺ C1, C3, C4 per horizon (C2 separate, conditional); representation equivalence $S \iff D \iff Q_{
papers/Explainer.md:1029#1  I1.20,I1.21,I1.23,I1.24  | | §4: Cosmological horizon | The universe satisfies the definition | C1 ✓, C2 ✓, C3 ✓, C4 ✓ |
book/ch01-observation.md:2#1  OOS:I2 (ch01 Sec. 1.1: the theorem announced) [mirror=FULL]  | # Embedded Observation and the Characterization Theorem
book/ch01-observation.md:6#1  OOS:I2 (ch01 Sec. 1.1: the theorem announced) [mirror=FULL]  | ## 1.1 The problem and the theorem
book/ch01-observation.md:8#1  OOS:I2 (ch01 Sec. 1.1: the theorem announced) [mirror=FULL]  | An observer inside a physical system cannot condition on the complete state of that system.
book/ch01-observation.md:16#5  OOS:I2 (ch01 Sec. 1.1: the theorem announced) [mirror=FULL]  | The one boundary not folded into the theorem is the full coherent instrument/composite category of operational quantum mechanics.
book/ch01-observation.md:16#6  OOS:I2 (ch01 Sec. 1.1: the theorem announced) [mirror=FULL]  | Keeping that boundary explicit lets the chapter recover the original equivalence claim without confusing a universal representation theorem with a uni
book/ch01-observation.md:20#3  I1.1,I1.2 [mirror=FULL]  | This is the *cogito* of Descartes made mathematical, without its thinking subject — the framework's one concession to a foundation outside its own the
book/ch01-observation.md:22#3  I1.1 [mirror=FULL]  | Call this the first axiom.
book/ch01-observation.md:22#8  I1.2 [mirror=FULL]  | Call this the second axiom.
book/ch01-observation.md:22#12  I1.1,I1.2 [mirror=FULL]  | A foundation that can point to its single assumed ingredient — and that comes with a theorem showing the assumed ingredient genuinely cannot be derive
book/ch01-observation.md:24#2  I1.4 [mirror=FULL]  | Counting the framework's foundational commitments is partly a matter of how the foundation is *presented* rather than a fact about the world: the same
book/ch01-observation.md:24#3  I1.4 [mirror=FULL]  | In particular, whether the embedded observer's status as a *proper part* of a larger whole follows from the first axiom or is a further foundational p
book/ch01-observation.md:24#4  I1.4 [mirror=FULL]  | The framework adopts the reading on which the registering occurs from a locus against a remainder, so that embeddedness follows; on a thinner reading 
book/ch01-observation.md:24#5  I1.4 [mirror=FULL]  | The choice bears on how the framework counts its assumptions, not on any prediction it makes.
book/ch01-observation.md:24#6  I1.4 [mirror=FULL]  | The technical development of the foundational structure, and the no-go theorem behind it, is given in Part I of the companion paper *Physics Modulo Ga
book/ch01-observation.md:26#1  I1.6 [mirror=FULL]  | **Definition.** An *observation* is a triple $(S, \varphi, V)$: a total system $S$, a deterministic dynamics $\varphi: S \to S$, and an observer $V \s
book/ch01-observation.md:28#7  I1.7 [mirror=FULL]  | Three lemmas extract its structural content.
book/ch01-observation.md:28#10  I1.7 [mirror=FULL]  | That single consistency condition (Cauchy's functional equation) forces evolution into a one-parameter family generated by a fixed rule (Engel & Nagel
book/ch01-observation.md:28#11  I1.7 [mirror=FULL]  | So the state-transition picture is not a special assumption but a consequence of time evolution being consistent.
book/ch01-observation.md:30#1  I1.8 [mirror=FULL]  | **Lemma 1 (Finiteness).** *The visible configuration space $\mathcal{C}_V$ is finite, with a discreteness scale $\epsilon$ providing a finite minimal 
book/ch01-observation.md:34#1  I1.9 [mirror=FULL]  | **Lemma 2 (Causal partition).** *The phase space decomposes as $\Gamma = \Gamma_V \times \Gamma_H$, with $H_{\text{tot}} = H_V + H_H + H_{\text{int}}$
book/ch01-observation.md:36#2  I1.9 [mirror=FULL]  | The decomposition is not a modeling choice but the very definition of embedded observation: an observer with access to all of $S$ would have nothing e
book/ch01-observation.md:38#1  I1.10,I1.12 [mirror=FULL]  | **Lemma 3 (Determinism and selected measure).** *$\varphi$ is a bijection on $S$.
book/ch01-observation.md:41#4  I1.10,I1.12 [mirror=FULL]  | This is worth putting in context: the reversibility of $\varphi$ — equivalently, that the substratum conserves information — is not a peculiar demand 
book/ch01-observation.md:41#5  I1.10,I1.12 [mirror=FULL]  | Unitary evolution in quantum mechanics *is* information conservation, and its classical shadow is Liouville's theorem, the conservation of phase-space
book/ch01-observation.md:41#6  I1.10,I1.12 [mirror=FULL]  | Physics treats this principle as effectively non-negotiable: the black-hole information paradox is called a *paradox* precisely because the apparent l
book/ch01-observation.md:41#7  I1.10,I1.12 [mirror=FULL]  | The framework assumes no more than standard physics already does; what is distinctive, developed below, is not the assumption but what emerges from it
book/ch01-observation.md:43#1  I1.6 [mirror=FULL]  | These lemmas contain no quantum postulates.
book/ch01-observation.md:43#2  I1.19 [mirror=FULL]  | The memory-bearing description — with its admitted quantum representation — emerges under three further conditions.
book/ch01-observation.md:51#3  I1.19 [mirror=FULL]  | The cosmological hidden sector differs in four specific ways, and the framework's central theorem is that their conjunction forces non-Markovian visib
book/ch01-observation.md:53#1  I1.20 [mirror=FULL]  | **Condition C1 (Non-zero coupling).** $H_{\text{int}} \neq 0$: hidden degrees of freedom affect the visible evolution at some accessible step — a non-
book/ch01-observation.md:53#3  I1.20 [mirror=FULL]  | The defining content of C1, and what the necessity argument delivers, is the hidden-to-visible influence; bidirectionality belongs to the realization 
book/ch01-observation.md:55#1  I1.22 [mirror=FULL]  | **Condition C2 (Slow-bath timescale separation).** $\tau_S \ll \tau_B$.
book/ch01-observation.md:57#1  I1.23 [mirror=FULL]  | **Condition C3 (Sufficient memory capacity).** The hidden sector has enough distinguishable states to encode the observed conditional past–future info
book/ch01-observation.md:57#2  I1.23 [mirror=FULL]  | The hierarchy is the realization, not the condition: the cosmological horizon has roughly $10^{122}$ independent degrees of freedom, the Bekenstein-Ha
book/ch01-observation.md:59#1  I1.24 [mirror=FULL]  | **Condition C4 (History readback).** History-sensitive hidden mediation: hidden degrees of freedom carry information about the visible past into later
book/ch01-observation.md:59#2  I1.24 [mirror=FULL]  | In the cosmological realization the mediation is a causal read-write cycle — the interaction reads what it writes — a property to be demonstrated ther
book/ch01-observation.md:61#1  I1.26 [mirror=FULL]  | The conditions are independent in statement but coupled in content.
book/ch01-observation.md:61#2  I1.26 [mirror=FULL]  | A fast environment with vast capacity gives Markovian noise (failing C2).
book/ch01-observation.md:61#3  I1.26 [mirror=FULL]  | A slow environment with limited capacity saturates (failing C3).
book/ch01-observation.md:61#4  I1.26 [mirror=FULL]  | An isolated environment exerts no influence (failing C1).
book/ch01-observation.md:61#5  I1.26 [mirror=FULL]  | An environment that stores without reading back yields exact Markov noise despite all three (failing C4).
book/ch01-observation.md:61#7  I1.26 [mirror=FULL]  | The conditions are realization diagnostics rather than exotic constraints: at the lattice cut C1 is structural and the C3 capacity floor holds for the
book/ch01-observation.md:63#1  I1.26 [mirror=FULL]  | **A clarification on what "slow" means.** C2 is not a claim that physics fundamentally proceeds at different rates in different regions of the univers
book/ch01-observation.md:63#2  I1.26 [mirror=FULL]  | The underlying substratum bijection proceeds at one unified rate, with no preferred clock and no "slow region." Rather, C2 is a claim about *correlati
book/ch01-observation.md:65#1  I1.26 [mirror=FULL]  | The structural source of the asymmetry, for our cosmological situation specifically, is that the cosmological horizon is one physical structure that s
book/ch01-observation.md:65#4  I1.26 [mirror=FULL]  | These two quantities — area and surface gravity — are related through horizon thermodynamics ($\kappa = 2\pi T_{\text{horizon}}$ with the horizon temp
book/ch01-observation.md:67#1  I1.26 [mirror=FULL]  | For laboratory observers in our universe, C2 and C3 are therefore correlated rather than fully independent.
book/ch01-observation.md:69#1  I1.26 [mirror=FULL]  | For other partitions, however, C2 and C3 can be tuned independently.
book/ch01-observation.md:69#3  I1.26 [mirror=FULL]  | Each condition has a different source: C3 from the configurational entropy of the conformational space; C2 from the kinetic barriers separating metast
book/ch01-observation.md:69#4  I1.26 [mirror=FULL]  | In engineered quantum systems (Chapter 15), C2 and C3 can be tuned independently by choosing the substrate material (which controls $N_H$ through the 
book/ch01-observation.md:69#5  I1.26 [mirror=FULL]  | The BEC analogue-gravity experimental program (Chapter 15 §15.8) specifically tests the framework's predictions in the regime where C3 is marginal whi
book/ch01-observation.md:71#1  I1.26 [mirror=FULL]  | The framework's four conditions are therefore *logically* independent — each can fail without forcing the others to fail — even though they are *physi
book/ch01-observation.md:71#2  I1.26 [mirror=FULL]  | The framework's empirical content (Chapters 13, 15) and forward predictions (Chapter 18) rely on this logical independence to make distinct quantitati
book/ch01-observation.md:73#1  OOS:I2 (ch01 Sec. 1.5-1.11: P-indivisibility, routes to QM, Bell, characterization, limits) [mirror=FULL]  | With the definition, the lemmas, and the conditions in place, the chapter's central theorem can be proved.
book/ch01-observation.md:73#2  I1.15 [mirror=FULL]  | The remainder of the chapter develops the proof in the stages identified in §1.1: partition-relativity (§1.4), P-indivisibility (§1.5), the two routes
book/ch01-observation.md:77#2  I1.15 [mirror=FULL]  | The framework's lemmas fix the dynamics and the measure; only the partition remains as a free input.
book/ch01-observation.md:79#1  I1.15 [mirror=FULL]  | **Lemma.** *The emergent description is uniquely determined by the partition.
book/ch01-observation.md:81#1  I1.15 [mirror=FULL]  | *Proof.* By Lemma 3 the Hamiltonian flow $\phi_t$ is unique.
book/ch01-observation.md:81#2  I1.15 [mirror=FULL]  | By Lemma 2 the partition is fixed.
book/ch01-observation.md:85#3  I1.15 [mirror=FULL]  | The Planck constant $\hbar$ does not appear in the lemmas or conditions; it must emerge from the marginalization, with value set by the partition's ge
book/ch01-observation.md:85#4  I1.15 [mirror=FULL]  | Chapter 7 shows that the cosmological partition produces $\hbar$ as a thermodynamic identity at the horizon surface, with $1/4$ Bekenstein-Hawking ent
book/ch01-observation.md:87#3  I1.20,I1.21,I1.23,I1.24 [mirror=FULL]  | The result of this section is that, in the recurrence and non-permutation regimes established there, the process satisfies a precise structural proper
book/ch01-observation.md:87#4  I1.24 [mirror=FULL]  | The two sections following establish how the imported correspondence supplies the quantum representation across its class, under the translation hypot
book/ch01-observation.md:93#1  OOS:I2 (ch01 Sec. 1.5-1.11: P-indivisibility, routes to QM, Bell, characterization, limits) [mirror=FULL]  | **Theorem (P-indivisibility).** *Let $\mathcal{C}_V$ and $\mathcal{C}_H$ be finite sets with $|\mathcal{C}_V| \geq 2$, and let $\varphi: \mathcal{C}_V
book/ch01-observation.md:101#2  OOS:I2 (ch01 Sec. 1.5-1.11: P-indivisibility, routes to QM, Bell, characterization, limits) [mirror=FULL]  | In a P-divisible process, the distinguishability of any two initial conditions can only decrease over time — the future loses information about the pa
book/ch01-observation.md:101#3  OOS:I2 (ch01 Sec. 1.5-1.11: P-indivisibility, routes to QM, Bell, characterization, limits) [mirror=FULL]  | In a P-indivisible process, distinguishability can rebound: information about the initial condition that appeared lost can return to the visible secto
book/ch01-observation.md:103#1  OOS:I2 (ch01 Sec. 1.5-1.11: P-indivisibility, routes to QM, Bell, characterization, limits) [mirror=FULL]  | The proof of the theorem uses the total variation distance between probability distributions,
book/ch01-observation.md:109#2  OOS:I2 (ch01 Sec. 1.5-1.11: P-indivisibility, routes to QM, Bell, characterization, limits) [mirror=FULL]  | Every bijection on a finite set is a permutation, and every permutation generates a finite cyclic group: there exists an integer $N$ (the least common
book/ch01-observation.md:109#6  OOS:I2 (ch01 Sec. 1.5-1.11: P-indivisibility, routes to QM, Bell, characterization, limits) [mirror=FULL]  | After $N$ steps, the two initial conditions are again perfectly distinguishable.
book/ch01-observation.md:111#2  OOS:I2 (ch01 Sec. 1.5-1.11: P-indivisibility, routes to QM, Bell, characterization, limits) [mirror=FULL]  | (If no such triple existed, each row of $T$ would have a single nonzero entry equal to one, making $T$ a permutation.) The existence of $x_l$ as a com
book/ch01-observation.md:117#1  I1.20 [mirror=FULL]  | The proof uses only Lemma 1 (finiteness, hence Step 1's recurrence) and condition C1 (non-trivial coupling, hence Step 2's overlap).
book/ch01-observation.md:117#2  I1.21,I1.23 [mirror=FULL]  | It does not use C2, C3, or any further structural input.
book/ch01-observation.md:119#1  OOS:I2 (ch01 Sec. 1.5-1.11: P-indivisibility, routes to QM, Bell, characterization, limits) [mirror=FULL]  | **The accessible-timescale lemma.** A potential objection to the proof as stated is that the recurrence time $N$ can be astronomically large.
book/ch01-observation.md:119#5  OOS:I2 (ch01 Sec. 1.5-1.11: P-indivisibility, routes to QM, Bell, characterization, limits) [mirror=FULL]  | The accessible-timescale lemma supplies this.
book/ch01-observation.md:123#3  OOS:I2 (ch01 Sec. 1.5-1.11: P-indivisibility, routes to QM, Bell, characterization, limits) [mirror=FULL]  | The decay rate belongs to the coarse-grained effective channel $\mathcal{K}_\Sigma$ and is exactly the content of the effective-mixing hypothesis (EM)
book/ch01-observation.md:125#1  OOS:I2 (ch01 Sec. 1.5-1.11: P-indivisibility, routes to QM, Bell, characterization, limits) [mirror=FULL]  | Quantitatively, the non-Markovian mutual information between the visible sector's past and future, conditioned on its present, is bounded below by
book/ch01-observation.md:129#6  I1.23 [mirror=FULL]  | Condition C3 then guarantees that this storage does not saturate: the maximum information the hidden sector can hold is $\log_2 m$ bits, and at the co
book/ch01-observation.md:131#1  I1.20,I1.21,I1.23,I1.24 [mirror=FULL]  | C4's readback therefore produces accessible-timescale non-Markovianity, with C1 and C3 its consequences in any faithful realization and C2 the persist
book/ch01-observation.md:131#2  OOS:I2 (ch01 Sec. 1.5-1.11: P-indivisibility, routes to QM, Bell, characterization, limits) [mirror=FULL]  | The recurrence-based proof of the theorem establishes the existence of P-indivisibility; the accessible-timescale lemma establishes that the same prop
book/ch01-observation.md:135#1  OOS:I2 (ch01 Sec. 1.5-1.11: P-indivisibility, routes to QM, Bell, characterization, limits) [mirror=FULL]  | Each pair $(\cdot \leftrightarrow \cdot)$ is a transposition that swaps two total states; all six swaps together are independent (act on distinct stat
book/ch01-observation.md:137#1  I1.20 [mirror=FULL]  | Verify the four conditions: C1 holds because die values $h = 1, 2$ couple to coin flips while $h = 3, 4, 5, 6$ do not — non-trivial coupling.
book/ch01-observation.md:137#2  I1.21 [mirror=FULL]  | C2 holds trivially with $\tau_S/\tau_B = 1/2$, since $\sigma^2 = \mathrm{id}$ gives recurrence at $N = 2$.
book/ch01-observation.md:137#3  I1.23 [mirror=FULL]  | C3 holds with six hidden states against two visible states.
book/ch01-observation.md:137#4  I1.24 [mirror=FULL]  | C4 holds because step 2 reads back the record written at step 1.
book/ch01-observation.md:141#2  OOS:I2 (ch01 Sec. 1.5-1.11: P-indivisibility, routes to QM, Bell, characterization, limits) [mirror=FULL]  | The two initial conditions, perfectly distinguishable at $t = 0$ with $d = 1$, have become much less distinguishable: $d$ has dropped to $1/3$.
book/ch01-observation.md:145#4  OOS:I2 (ch01 Sec. 1.5-1.11: P-indivisibility, routes to QM, Bell, characterization, limits) [mirror=FULL]  | The two initial conditions are perfectly distinguishable again.
book/ch01-observation.md:153#1  I1.20 [mirror=FULL]  | C1 is what enabled writing the record — the coin-die coupling at die values $1$ and $2$.
book/ch01-observation.md:153#2  I1.21 [mirror=FULL]  | C2 is what ensured the record was preserved between the write at step 1 and the read at step 2 — here trivially, because the die itself does not evolv
book/ch01-observation.md:153#3  I1.23,I1.24 [mirror=FULL]  | C3 is what provided enough storage capacity — six hidden states against two visible; C4 is what made the stored record readable again at step 2.
book/ch01-observation.md:153#4  I1.20,I1.21,I1.23,I1.24 [mirror=FULL]  | C4's readback is what produces the information backflow — C1 and C3 are its preconditions in any faithful realization, and C2 is the persistence regim
book/ch01-observation.md:159#4  OOS:I2 (ch01 Sec. 1.5-1.11: P-indivisibility, routes to QM, Bell, characterization, limits) [mirror=FULL]  | Combined with the finite process-dilation theorem in the reverse direction, this yields the exact finite-horizon equivalence $S\iff D\iff Q_{\mathrm{f
book/ch01-observation.md:163#1  I1.20,I1.21,I1.23,I1.24 [mirror=FULL]  | The Born rule in the fixed-basis representation is therefore part of the representation dictionary, not a selector derived uniquely from C1–C4.
book/ch01-observation.md:163#2  OOS:I2 (ch01 Sec. 1.5-1.11: P-indivisibility, routes to QM, Bell, characterization, limits) [mirror=FULL]  | The full operational problem is narrower, and it is answered as a classification rather than a derivation ([GR §3.3]): the coherent preparations, tran
book/ch01-observation.md:163#3  OOS:I2 (ch01 Sec. 1.5-1.11: P-indivisibility, routes to QM, Bell, characterization, limits) [mirror=FULL]  | Finite classical action-labelled controls are already jointly dilatable; the genuinely coherent/noncommuting and compositional structure is what those
book/ch01-observation.md:163#4  OOS:I2 (ch01 Sec. 1.5-1.11: P-indivisibility, routes to QM, Bell, characterization, limits) [mirror=FULL]  | The same classification has a layered form, quantum-complete OI (OI⁺): the unchanged OI core with well-formedness, observational independence, reversi
book/ch01-observation.md:163#5  OOS:I2 (ch01 Sec. 1.5-1.11: P-indivisibility, routes to QM, Bell, characterization, limits) [mirror=FULL]  | A primitive-source refinement restates those three principles at the level of physical implementations and embedded observers — implementation localit
book/ch01-observation.md:163#6  OOS:I2 (ch01 Sec. 1.5-1.11: P-indivisibility, routes to QM, Bell, characterization, limits) [mirror=FULL]  | A substratum-source form completes that refinement: the concrete OI substratum supplies the structural architecture — closure under composition and co
book/ch01-observation.md:163#7  OOS:I2 (ch01 Sec. 1.5-1.11: P-indivisibility, routes to QM, Bell, characterization, limits) [mirror=FULL]  | Its typed form removes the endomorphic qualifier: under the carrier-general typed operational interface — identity, composition, coarse-graining, rela
book/ch01-observation.md:163#8  OOS:I2 (ch01 Sec. 1.5-1.11: P-indivisibility, routes to QM, Bell, characterization, limits) [mirror=FULL]  | The finite theory admits a canonical infinite-region completion without a continuum limit: the finite regions of the fixed-spacing lattice carry full 
book/ch01-observation.md:163#9  OOS:I2 (ch01 Sec. 1.5-1.11: P-indivisibility, routes to QM, Bell, characterization, limits) [mirror=FULL]  | Within the structural architecture the substratum supplies, with the phase intervention stated, exact finite endomorphic operational quantum mechanics
book/ch01-observation.md:169#4  OOS:I2 (physical layer: named hypotheses H-*, empirical inputs E1-E7, Theorem 23, Bell) [mirror=FULL]  | H-Bell is the open metric/Ollivier--Ricci stability condition for those prepared graphs.
book/ch01-observation.md:169#5  OOS:I2 (ch01 Sec. 1.5-1.11: P-indivisibility, routes to QM, Bell, characterization, limits) [mirror=FULL]  | That condition is now downstream of a harder one.
book/ch01-observation.md:169#6  OOS:I2 (physical layer: named hypotheses H-*, empirical inputs E1-E7, Theorem 23, Bell) [mirror=FULL]  | The cited convergence theorem is arbitrary-dimensional only for the manifold-distance-weighted graph metric, and for the degree-$6$ cubic reference gr
book/ch01-observation.md:171#2  OOS:I2 (ch01 Sec. 1.5-1.11: P-indivisibility, routes to QM, Bell, characterization, limits) [mirror=FULL]  | That theorem is not the hidden-variable locality structure of the deterministic completion.
book/ch01-observation.md:173#1  OOS:I2 (ch01 Sec. 1.5-1.11: P-indivisibility, routes to QM, Bell, characterization, limits) [mirror=FULL]  | ## 1.8 The characterization theorem
book/ch01-observation.md:175#1  OOS:I2 (ch01 Sec. 1.5-1.11: P-indivisibility, routes to QM, Bell, characterization, limits) [mirror=FULL]  | The characterization is best read as a layered biconditional rather than a single slogan.
book/ch01-observation.md:177#1  OOS:I2 (ch01 Sec. 1.5-1.11: P-indivisibility, routes to QM, Bell, characterization, limits) [mirror=FULL]  | **Finite representation theorem.** On any finite horizon, $S\iff D\iff Q_{\mathrm{fb}}$.
book/ch01-observation.md:179#1  I1.24 [mirror=FULL]  | **Readback theorem.** C4 is the condition that makes the OI sector memory-bearing.
book/ch01-observation.md:179#2  I1.23 [mirror=FULL]  | It forces different hidden posteriors for visible histories that share a current state but have different future laws, a persistence/readback requirem
book/ch01-observation.md:179#4  I1.24 [mirror=FULL]  | If every rooted visible map before recurrence were a permutation, the current visible state would determine the earlier visible history and a C4 gap w
book/ch01-observation.md:183#1  OOS:I2 (ch01 Sec. 1.5-1.11: P-indivisibility, routes to QM, Bell, characterization, limits) [mirror=FULL]  | **Operational boundary.** These theorems do not yet prove that the entire family of coherent instruments and composites equals the unique standard loc
book/ch01-observation.md:185#5  I1.5 [mirror=FULL]  | Making the relating evolution unique therefore requires a selection condition beyond visible-law representability and ordinary coherence, and this boo
book/ch01-observation.md:185#12  OOS:I2 (ch01 Sec. 1.5-1.11: P-indivisibility, routes to QM, Bell, characterization, limits) [mirror=FULL]  | No selection principle is named or excluded.
book/ch01-observation.md:187#1  OOS:I2 (ch01 Sec. 1.5-1.11: P-indivisibility, routes to QM, Bell, characterization, limits) [mirror=FULL]  | ## 1.9 What the theorem says
book/ch01-observation.md:189#1  I1.20,I1.21,I1.23,I1.24 [mirror=FULL]  | The theorem says something stronger than “quantum mechanics can be simulated by a classical hidden model” and something more precise than “C1–C4 uniqu
book/ch01-observation.md:191#2  OOS:I2 (ch01 Sec. 1.5-1.11: P-indivisibility, routes to QM, Bell, characterization, limits) [mirror=FULL]  | A finite embedded observer therefore does not need quantum mechanics added as a separate microscopic postulate in order for a Hilbert-space/unitary/Bo
book/ch01-observation.md:195#2  OOS:I2 (ch01 Sec. 1.5-1.11: P-indivisibility, routes to QM, Bell, characterization, limits) [mirror=FULL]  | To identify the complete local operational theory of complex quantum mechanics, rather than its exact stochastic representation, one must lift the who
book/ch01-observation.md:199#1  I1.20,I1.21,I1.23,I1.24 [mirror=FULL]  | The characterization theorem establishes the dilation equivalence, in which C4 coincides with the non-Markovianity clause and C1 and C3 follow from it
book/ch01-observation.md:199#2  OOS:I2 (ch01 Sec. 1.5-1.11: P-indivisibility, routes to QM, Bell, characterization, limits) [mirror=FULL]  | Each condition's failure was treated in §1.8 as a contrapositive in the memory currency — violating the condition removes the accessible non-Markovian
book/ch01-observation.md:199#3  OOS:I2 (ch01 Sec. 1.5-1.11: P-indivisibility, routes to QM, Bell, characterization, limits) [mirror=FULL]  | This section develops the failure cases in the opposite direction: not as proofs of necessity but as *structural commentary* on what kind of physics e
book/ch01-observation.md:199#4  OOS:I2 (ch01 Sec. 1.5-1.11: P-indivisibility, routes to QM, Bell, characterization, limits) [mirror=FULL]  | The three limit regimes reveal that the framework's conditions are not arbitrary technical assumptions; they jointly characterize the kind of observer
book/ch01-observation.md:201#1  I1.20 [mirror=FULL]  | **The C1 limit: the isolated observer.**
book/ch01-observation.md:203#1  I1.20 [mirror=FULL]  | C1 requires non-trivial coupling between visible and hidden sectors.
book/ch01-observation.md:207#1  OOS:I2 (ch01 Sec. 1.5-1.11: P-indivisibility, routes to QM, Bell, characterization, limits) [mirror=FULL]  | This is the regime closest to the historical picture of classical mechanics: a clockwork universe where every particle has a definite position and mom
book/ch01-observation.md:207#2  I1.20 [mirror=FULL]  | The framework's content is that this picture is correct for the limit $C1 \to 0$ — but no laboratory observer occupies this limit.
book/ch01-observation.md:209#1  I1.20 [mirror=FULL]  | The C1 limit therefore illuminates a structural point: classical mechanics is what *uncoupled* systems do.
book/ch01-observation.md:213#1  I1.21 [mirror=FULL]  | **The C2 limit: the thermalized observer.**
book/ch01-observation.md:215#1  I1.21 [mirror=FULL]  | C2 requires the hidden sector's coarse-grained mixing time to exceed the accessible window: $\tau_S / \tau_B \ll 1$, with $\tau_B$ the timescale on wh
book/ch01-observation.md:219#3  I1.21 [mirror=FULL]  | Brownian motion, chemical reaction kinetics in well-stirred solutions, ordinary diffusion processes — these are all Markovian dynamics described by cl
book/ch01-observation.md:221#3  I1.21 [mirror=FULL]  | The ratio $\tau_S / \tau_B \sim 10^{-32}$ is extreme — the cosmological horizon is essentially frozen on any laboratory timescale, and this frozen-bat
book/ch01-observation.md:221#4  I1.21 [mirror=FULL]  | An observer in genuine thermal equilibrium with a fast-mixing bath would lose the accessible memory sector, the readback gap erased before it can be r
book/ch01-observation.md:221#5  OOS:I2 (ch01 Sec. 1.5-1.11: P-indivisibility, routes to QM, Bell, characterization, limits) [mirror=FULL]  | What the condition governs is the memory-bearing sector, not the representation, which is universal.
book/ch01-observation.md:223#1  I1.21 [mirror=FULL]  | The C2 limit therefore illuminates a different structural point: classical stochastic mechanics is what *thermalized* systems do.
book/ch01-observation.md:223#3  I1.21 [mirror=FULL]  | Decoherence theory describes how quantum coherences are destroyed by coupling to a fast bath; the framework's reading is that decoherence is the trans
book/ch01-observation.md:223#5  I1.21 [mirror=FULL]  | The conventional thermal-classical-limit story is the framework's C2 limit told from inside quantum mechanics.
book/ch01-observation.md:225#2  OOS:I2 (ch01 Sec. 1.5-1.11: P-indivisibility, routes to QM, Bell, characterization, limits) [mirror=FULL]  | Fast hidden dynamics that conserve and route the record satisfy the condition — a shift-register bath rotating five cells per visible step supports a 
book/ch01-observation.md:225#4  OOS:I2 (ch01 Sec. 1.5-1.11: P-indivisibility, routes to QM, Bell, characterization, limits) [mirror=FULL]  | The cosmological horizon's slowness is therefore the physically comfortable route to persistence in our universe — and the small parameter of the cont
book/ch01-observation.md:227#1  I1.23 [mirror=FULL]  | **The C3 limit: the universe-sized observer.**
book/ch01-observation.md:229#1  I1.23 [mirror=FULL]  | C3 requires sufficient hidden memory capacity — $\log_2|\mathcal{C}_H| \geq I^*$, with $N_H \gg N_V$ the comfortable realization regime.
book/ch01-observation.md:231#3  I1.20 [mirror=FULL]  | No memory-bearing sector — the fixed-basis representation survives, trivially, as always ([Main §3.4]) — and no interference phenomenology, but for a 
book/ch01-observation.md:231#4  I1.20,I1.23 [mirror=FULL]  | In the C1 limit, the visible sector is closed but the framework still applies to it as a system; in the C3 limit, the framework's content has no purch
book/ch01-observation.md:233#3  I1.23 [mirror=FULL]  | The framework's C3 limit is similar in eliminating quantum indeterminism, but it differs structurally: there is no "outside" in a finite deterministic
book/ch01-observation.md:239#1  OOS:I2 (ch01 Sec. 1.5-1.11: P-indivisibility, routes to QM, Bell, characterization, limits) [mirror=FULL]  | *Laplace's demon is structurally impossible.* The classical version of the God's-eye view is Laplace's demon: a hypothetical intelligence that knows t
book/ch01-observation.md:241#1  I1.23 [mirror=FULL]  | *Self-reference paradoxes persist.* Even in the limit case where C3 fails completely, the Gödel-Turing-OI incompleteness family from Chapter 12 §12.8 
book/ch01-observation.md:243#1  I1.23 [mirror=FULL]  | The C3 limit therefore illuminates a third structural point: observation is partition-relative, and the God's-eye view is not a limit of observation b
book/ch01-observation.md:249#1  OOS:I2 (ch01 Sec. 1.5-1.11: P-indivisibility, routes to QM, Bell, characterization, limits) [mirror=FULL]  | | Condition | What fails | Resulting dynamics | Resulting situation |
book/ch01-observation.md:251#1  I1.20 [mirror=FULL]  | | C1 | Coupling | Closed classical | Isolated subsystem |
book/ch01-observation.md:252#1  I1.21 [mirror=FULL]  | | C2 | Timescale separation | Markovian stochastic | Thermalized observer |
book/ch01-observation.md:253#1  I1.23 [mirror=FULL]  | | C3 | Capacity hierarchy | No observation | Coextensive with system |
book/ch01-observation.md:255#2  I1.20 [mirror=FULL]  | C1 failure reveals that closed classical mechanics is what uncoupled systems do — our dynamics carries hidden-sector memory because we are coupled.
book/ch01-observation.md:255#3  I1.21 [mirror=FULL]  | C2 failure reveals that memoryless stochastic dynamics is what thermalized observers see — the stored record erased before readback; ours survives bec
book/ch01-observation.md:255#4  I1.23 [mirror=FULL]  | C3 failure reveals that observation itself is structurally limited — the memory sector exists because we are embedded, not coextensive.
book/ch01-observation.md:257#2  I1.20,I1.21,I1.23,I1.24 [mirror=FULL]  | We are not isolated (C1 holds), not thermalized (C2 holds), not coextensive with the universe (C3 holds), and not blind to our own past records (C4 ho
book/ch01-observation.md:257#3  I1.20,I1.21,I1.23,I1.24 [mirror=FULL]  | The framework's four conditions are the diagnostic checklist for "embedded laboratory observer coupled to a record-persistent, vast environment" — C4 
book/ch01-observation.md:257#4  I1.20,I1.21,I1.23 [mirror=FULL]  | Each is empirically robust at its own end — the gravitational coupling enforcing C1, the cosmological timescale enforcing C2, the cosmological horizon
book/ch01-observation.md:259#3  OOS:I2 (ch01 Sec. 1.5-1.11: P-indivisibility, routes to QM, Bell, characterization, limits) [mirror=FULL]  | The framework's four conditions are the structural fingerprint of being a coupled, record-persistent, partition-relative observer — the only kind of o
book/ch01-observation.md:261#2  OOS:I2 (ch01 Sec. 1.5-1.11: P-indivisibility, routes to QM, Bell, characterization, limits) [mirror=FULL]  | Each of the four conditions is independently testable through the partially-quantum regime — engineered systems approaching the marginal-failure bound
book/ch01-observation.md:261#3  I1.23 [mirror=FULL]  | Chapter 15 §15.7 develops the partially-quantum regime in engineered quantum systems with the BEC analogue-gravity test as the framework's cleanest ex
book/ch01-observation.md:261#4  I1.23 [mirror=FULL]  | Chapter 13 §13.7 develops biological systems approaching marginal C3.
book/ch01-observation.md:265#1  OOS:I2 (ch01 Sec. 1.5-1.11: P-indivisibility, routes to QM, Bell, characterization, limits) [mirror=FULL]  | Chess is a game of complete information: every piece stands in the open, and in principle the game is exhaustively analyzable — a sufficiently large l
book/ch01-observation.md:267#3  OOS:I2 (ch01 Sec. 1.5-1.11: P-indivisibility, routes to QM, Bell, characterization, limits) [mirror=FULL]  | This is the mathematics of ignorance about a definite fact — the position Einstein hoped quantum probability would turn out to occupy.
book/ch01-observation.md:269#1  I1.20,I1.21,I1.23,I1.24 [mirror=FULL]  | Three modifications close the gap, and they are conditions C1–C4 of §1.2 in card form.
book/ch01-observation.md:269#3  I1.20,I1.21,I1.23 [mirror=FULL]  | Second, each street deals burn cards, face down and never shown, which the shuffle correlates with the live cards: a hidden sector coupled to the visi
book/ch01-observation.md:288#2  OOS:I2 (ch01 Sec. 1.5-1.11: P-indivisibility, routes to QM, Bell, characterization, limits) [mirror=FULL]  | Schrödinger (1935), in the same paper that coined *entanglement*, sealed a cat in a chamber with a radioactive atom, a Geiger counter, a hammer, and a
book/ch01-observation.md:290#4  OOS:I2 (ch01 Sec. 1.5-1.11: P-indivisibility, routes to QM, Bell, characterization, limits) [mirror=FULL]  | And the deal was definite throughout — the substratum holds exactly one configuration at every moment; the superposition is bookkeeping for where the 
book/ch01-observation.md:292#2  OOS:I2 (ch01 Sec. 1.5-1.11: P-indivisibility, routes to QM, Bell, characterization, limits) [mirror=FULL]  | They make the cat definite by appending a stochastic law; the framework makes it definite by deleting a premise — the superposition was the observer's
book/ch01-observation.md:292#3  OOS:I2 (ch01 Sec. 1.5-1.11: P-indivisibility, routes to QM, Bell, characterization, limits) [mirror=FULL]  | The two repairs part company at exactly the frontier of §1.6: engineered "cat states," superpositions of macroscopically distinct configurations held 
book/ch01-observation.md:294#2  OOS:I2 (physical layer: named hypotheses H-*, empirical inputs E1-E7, Theorem 23, Bell) [mirror=FULL]  | Chapter 3 takes up the framework's full philosophical positioning, including its relationship to the structural realism program, its evasion of Bell, 
book/appendix-a-prediction-status.md:164#4  I1.20,I1.21,I1.23,I1.24 [mirror=FULL]  | B4 and B5 are C rather than S because coherence preservation is a property of the specific physical realization and is not implied by (C1)–(C4) (§13.4
book/appendix-b-derivations.md:56#1  I1.20 [mirror=FULL]  | *Remark (failure of (C1)).* Condition (C1) does not suffice.
book/appendix-b-derivations.md:56#4  I1.20 [mirror=FULL]  | The obstruction is structural: (C1) constrains the diagonal of $\Phi$, whereas entanglement-breaking is a property of $\mathrm{id} \otimes \Phi$ and i
book/appendix-b-derivations.md:58#1  I1.20 [mirror=FULL]  | What replaces (C1) is not a further condition on $T$ but a condition on the partition, and it is established for a specific realization rather than fo
book/appendix-b-derivations.md:90#6  I1.20,I1.21,I1.23,I1.24 [mirror=FULL]  | Coherence preservation is a property of this realization, not an additional structural condition: (C1)–(C4) constrain coupling, timescales, and capaci
book/appendix-b-derivations.md:420#2  I1.21,I1.22,I1.23,I1.24 [mirror=FULL]  | Conditions C2 (memory persistence) and C3 (sufficient capacity) are what make the information backflow occur on *observable* timescales $k\tau_S \ll \
book/appendix-b-derivations.md:424#1  I1.20,I1.21,I1.23,I1.24,I1.22 [mirror=FULL]  | *Status.* The qualitative claim — persistent, observable backflow for $k\tau_S \ll \tau_B$ — is borne out by explicit slow-bath models (e.g. a slowly-
book/appendix-c-objections.md:16#1  I1.2 [mirror=FULL]  | Sections C.4-C.6 engage the foundational concerns: the role of the stochastic-quantum bridge (Barandes route), the necessity direction of the characte
book/appendix-c-objections.md:100#1  I1.20 [mirror=FULL]  | *Necessity of C1 (coupling).* Any quantum system realized as a deterministic dilation must have non-trivial coupling between visible and hidden sector
book/appendix-c-objections.md:102#1  I1.21 [mirror=FULL]  | *Necessity of C2 (memory persistence).* The hidden sector must retain the record across the window — (C2-structural), which the universal hidden-memor
book/appendix-c-objections.md:112#1  I1.2 [mirror=FULL]  | ## C.6 Finiteness: is Axiom 2 too strong?
book/appendix-c-objections.md:114#1  I1.2 [mirror=FULL]  | A third foundational objection concerns the framework's commitment to finiteness — Axiom 2 of the framework states that the substratum is a finite set
book/appendix-c-objections.md:118#1  I1.2 [mirror=FULL]  | **The framework's response.** Axiom 2 plays different roles in different parts of the framework's content, with different evidential supports for each
book/appendix-c-objections.md:120#1  I1.2 [mirror=FULL]  | *In Chapter 1's foundational content.* Axiom 2 is a mathematical assumption — the characterization theorem is a statement about finite systems.
book/appendix-c-objections.md:124#1  I1.2 [mirror=FULL]  | A referee who rejects Axiom 2 for the universe is implicitly rejecting the Bekenstein bound, which is independently established in semiclassical gravi
book/ch02-substratum.md:194#4  I1.21,I1.22 [mirror=FULL]  | Condition C2 — persistence, in its slow-bath realization — picks out one direction along the observer's worldline as the direction in which the hidden
book/ch03-structural-realism.md:24#2  I1.20,I1.21,I1.22,I1.23,I1.24 [mirror=FULL]  | Chapter 1 identified four conditions — C1 (non-trivial coupling), C2 (record persistence — slow-bath separation one route), C3 (sufficient hidden-sect
book/ch03-structural-realism.md:44#4  I1.23,I1.63 [mirror=FULL]  | Some A's relate to but are distinct from C's: A1 (finiteness of the configuration space) is related to but distinct from C3 (sufficient hidden-sector 
book/ch03-structural-realism.md:224#4  I1.1 [mirror=FULL]  | Its first axiom is the thin, indubitable fact of Chapter 1: there is differentiated content, some this-rather-than-that — the one item that needs no f
book/ch03-structural-realism.md:226#10  I1.1 [mirror=FULL]  | Even the single free item confirms the pattern: the first axiom costs nothing precisely because it is the bare fact that difference is registered at a
book/ch04-methodology.md:10#3  I1.1 [mirror=FULL]  | That commitment is itself structured: examined closely (Chapter 1), it resolves into two axioms — that tokened differentiation occurs, and that it rec
book/ch04-methodology.md:36#9  I1.1 [mirror=FULL]  | The commitment, distilled, is two axioms: that tokened differentiation occurs, and that it recurs (Chapter 1).
book/ch04-methodology.md:206#4  I1.3 [mirror=FULL]  | What this discipline produces, when applied to the framework's foundational starting point — the two-axiom observation base — is the content developed
book/ch04-methodology.md:208#1  I1.3 [mirror=FULL]  | The methodological posture sketched in this chapter is developed at length, for a philosophy-of-physics readership, in a companion paper — *Physics Mo
book/ch07-gravity.md:24#1  I1.20 [mirror=FULL]  | **Verification of C1 (coupling).** The Hamiltonian and momentum constraints of general relativity correlate interior and exterior initial data on any 
book/ch07-gravity.md:26#1  I1.21 [mirror=FULL]  | **Verification of C2 (memory persistence).** The hidden-sector relaxation timescale is the Hubble time, $\tau_B \sim 1/H \sim 10^{17}$ s.
book/ch07-gravity.md:28#1  I1.23 [mirror=FULL]  | **Verification of C3 (sufficient capacity).** The horizon's information-storage capacity scales with the horizon area: the number of independent modes
book/ch07-gravity.md:30#1  I1.20,I1.21,I1.23,I1.24 [mirror=FULL]  | **Status of C4 (history readback).** The horizon construction establishes bidirectional coupling (the constraint structure of C1), persistence (C2) an
book/ch09-universality.md:112#1  I1.20 [mirror=FULL]  | *C1 (coupling).* The visible and hidden sectors are non-trivially coupled.
book/ch09-universality.md:114#1  I1.21 [mirror=FULL]  | *C2 (memory persistence).* The hidden sector retains a record of the visible past across the accessible window, $\tau_B \gg \tau_S$ with $\tau_B$ the 
book/ch09-universality.md:116#1  I1.23 [mirror=FULL]  | *C3 (sufficient capacity).* The hidden sector must carry information capacity at least the history's demand, $\log_2|\mathcal{C}_H| \geq I^*$ — in our
book/ch10-chemistry.md:28#1  I1.1 [mirror=FULL]  | **Step 1: Three spatial dimensions.** The framework's argument for $d = 3$ is the three-filter convergence of Chapter 5: propagating gravity excludes 
book/ch11-origin-of-life.md:144#1  I1.20,I1.21,I1.22,I1.23,I1.24 [mirror=FULL]  | The framework's characterization theorem from Chapter 1 establishes that any embedded observer's reduced description is non-Markovian in the memory-be
book/ch11-origin-of-life.md:152#1  I1.20 [mirror=FULL]  | *C1 (coupling): catalytic feedback.* The template must direct synthesis of new molecules (catalyzing the reaction), and the synthesis must maintain th
book/ch11-origin-of-life.md:154#1  I1.21 [mirror=FULL]  | *C2 (memory persistence): persistence.* The template must outlive individual reaction cycles.
book/ch12-evolution-intelligence.md:42#1  I1.20 [mirror=FULL]  | *C1 (coupling).* At each scale, the fast subsystem is non-trivially coupled to the slow subsystem.
book/ch12-evolution-intelligence.md:44#1  I1.21 [mirror=FULL]  | *C2 (memory persistence).* At each scale, the slow subsystem retains its record across the fast subsystem's window — here realized, as it commonly is 
book/ch12-evolution-intelligence.md:46#1  I1.23 [mirror=FULL]  | *C3 (sufficient capacity).* At each scale, the hidden sector has information capacity enough for the stored history.
book/ch13-quantum-biology.md:50#1  I1.20 [mirror=FULL]  | **C1: catalytic-conformational coupling.** Active-site dynamics are coupled to the broader conformational landscape through several mechanisms.
book/ch13-quantum-biology.md:52#1  I1.21 [mirror=FULL]  | **C2: conformational timescale separation.** Active-site dynamics (substrate binding, bond formation/breaking, proton transfer) operate at $\tau_S \si
book/ch13-quantum-biology.md:54#1  I1.23 [mirror=FULL]  | **C3: conformational landscape capacity.** A protein with $N$ amino acid residues has $\sim 10^{N}$ possible conformations in a coarse-grained discret
book/ch13-quantum-biology.md:100#4  I1.20,I1.21,I1.23,I1.24 [mirror=FULL]  | The coherence preservation is a property of the specific physical realization, not a consequence of the C1–C4 architecture: (C1)–(C4) constrain coupli
book/ch14-quantum-computing.md:184#2  I1.1,I1.2,I1.20,I1.21,I1.23,I1.24 [mirror=FULL]  | The framework's two axioms (tokened differentiation occurs; differentiation recurs) and their derived structural commitments — finiteness-per-moment, 
book/ch15-quantum-engineering.md:59#1  I1.20 [mirror=FULL]  | *C1 (coupling).* The TLS couple to the transmon through their electric dipoles, with coupling strengths varying from kHz to MHz depending on the TLS p
book/ch15-quantum-engineering.md:61#1  I1.21 [mirror=FULL]  | *C2 (memory persistence).* Transmon gate operations occur on $\tau_S \sim 10$-100 ns timescales.
book/ch15-quantum-engineering.md:65#1  I1.24 [mirror=FULL]  | *C4 (history readback).* The TLS retain the state the qubit's operations write into them and act back on subsequent gates through the same dipole coup
book/ch15-quantum-engineering.md:186#1  I1.21,I1.23 [mirror=FULL]  | **The framework's full prediction.** Including both the capacity (C3) and the memory-timescale (C2) factors, the framework's prediction is
book/ch16-medicine.md:198#1  I1.20 [mirror=FULL]  | *C1 (coupling).* The transcriptional machinery and chromatin state are coupled through multiple mechanisms: direct physical coupling (nucleosome posit
book/ch16-medicine.md:200#1  I1.21 [mirror=FULL]  | *C2 (memory persistence).* The chromatin state changes on timescales far slower than individual transcription events.
book/ch17-bioinformatics.md:198#5  I1.20,I1.21,I1.23 [mirror=FULL]  | C1 (coupling via chaperoning), C2 (conformational dynamics much slower than growth), and C3 (enormous conformational state space of Hsp90-client compl
book/ch18-beyond.md:67#1  I1.20 [mirror=FULL]  | - C1 (coupling): the subsystem must interact non-trivially with a hidden sector;
book/ch18-beyond.md:68#1  I1.21 [mirror=FULL]  | - C2 (memory persistence): the hidden sector must retain a record of the subsystem's past across the accessible window, $\tau_B \gg \tau_S$ with $\tau
book/ch18-beyond.md:70#1  I1.24 [mirror=FULL]  | - C4 (history readback): hidden degrees of freedom must carry the visible past into future visible conditionals — the readback gap that makes the stor
book/ch18-beyond.md:72#3  I1.21 [mirror=FULL]  | A system failing C2 (records scrambled before readback — for instance a hidden sector that equilibrates faster than the visible-sector dynamics) has M
book/ch18-beyond.md:285#1  I1.20,I1.21,I1.22,I1.23,I1.24 [mirror=FULL]  | **Mathematical observer is not equivalent to conscious entity.** The framework's observer is a partition $V$ of the substratum's configuration space c
book/ch18-beyond.md:311#2  I1.20 [mirror=FULL]  | C1 (non-trivial coupling) is necessary for non-zero $\Phi$ — without inter-part coupling, integrated information cannot be non-trivial.
book/ch18-beyond.md:311#3  I1.21,I1.22 [mirror=FULL]  | C2 (record persistence — realized here by slow-bath separation) is necessary for IIT's information integration over time — the framework's persistence
book/ch18-beyond.md:311#4  I1.23 [mirror=FULL]  | C3 (sufficient hidden-sector capacity) is necessary for the system's state space to be large enough to support meaningful integration.
book/glossary.md:11#1  I1.2 [mirror=FULL]  | **Axiom 2 (Finiteness).** The framework's foundational assumption that the substratum has finitely many degrees of freedom.
book/glossary.md:25#1  I1.20,I1.21,I1.23,I1.24 [mirror=FULL]  | **C1 (Coupling).** The first of the framework's three structural conditions (C1, C3, C4; C2 is a physical-regime premise, not part of the characteriza
book/glossary.md:27#1  I1.20,I1.21,I1.22,I1.23,I1.24 [mirror=FULL]  | **C2 (Slow-bath memory persistence).** A physical-regime premise rather than one of the three structural conditions (C1, C3, C4): the equivalence runs
book/glossary.md:29#1  I1.20,I1.23,I1.24 [mirror=FULL]  | **C3 (Hidden-sector capacity).** The second of the framework's three structural conditions (C1, C3, C4).
book/glossary.md:31#1  I1.20,I1.21,I1.23,I1.24 [mirror=FULL]  | **C4 (History readback).** The third of the framework's three structural conditions (C1, C3, C4) — the one the exclusion arguments turn on, since C2's

== FULL-only restatement sentences (no identical sentence in the chapter files counted)

== COUNTS
  sentences counted book/README.md                                          0
  sentences counted book/acknowledgments.md                                 0
  sentences counted book/appendix-a-prediction-status.md                    1
  sentences counted book/appendix-b-derivations.md                          6
  sentences counted book/appendix-c-objections.md                           8
  sentences counted book/bibliography.md                                    0
  sentences counted book/ch00-introduction.md                               0
  sentences counted book/ch01-observation.md                                168
  sentences counted book/ch02-substratum.md                                 1
  sentences counted book/ch03-structural-realism.md                         4
  sentences counted book/ch04-methodology.md                                4
  sentences counted book/ch05-gauge-structure.md                            0
  sentences counted book/ch06-matter-content.md                             0
  sentences counted book/ch07-gravity.md                                    4
  sentences counted book/ch08-juno.md                                       0
  sentences counted book/ch09-universality.md                               3
  sentences counted book/ch10-chemistry.md                                  1
  sentences counted book/ch11-origin-of-life.md                             3
  sentences counted book/ch12-evolution-intelligence.md                     3
  sentences counted book/ch13-quantum-biology.md                            4
  sentences counted book/ch14-quantum-computing.md                          1
  sentences counted book/ch15-quantum-engineering.md                        4
  sentences counted book/ch16-medicine.md                                   2
  sentences counted book/ch17-bioinformatics.md                             1
  sentences counted book/ch18-beyond.md                                     8
  sentences counted book/ch19-open-problems.md                              0
  sentences counted book/glossary.md                                        5
  sentences counted book/preface.md                                         0
  sentences counted book/readers-guide.md                                   0
  sentences counted papers/Explainer.md                                     74
  sentences counted papers/Main.md                                          518
  sentences counted papers/Methodology.md                                   71
  sentences counted papers/Substratum.md                                    52
  TOTAL sentences counted: 946; FULL-only restatements: 0
  mapped I1.1 35
  mapped I1.2 33
  mapped I1.3 45
  mapped I1.4 9
  mapped I1.5 6
  mapped I1.6 5
  mapped I1.7 7
  mapped I1.8 2
  mapped I1.9 5
  mapped I1.10 11
  mapped I1.11 4
  mapped I1.12 7
  mapped I1.13 1
  mapped I1.14 6
  mapped I1.15 14
  mapped I1.16 2
  mapped I1.17 5
  mapped I1.18 6
  mapped I1.19 8
  mapped I1.20 120
  mapped I1.21 134
  mapped I1.22 36
  mapped I1.23 113
  mapped I1.24 87
  mapped I1.25 5
  mapped I1.26 17
  mapped I1.27 5
  mapped I1.28 10
  mapped I1.29 5
  mapped I1.30 7
  mapped I1.31 11
  mapped I1.32 7
  mapped I1.33 4
  mapped I1.34 3
  mapped I1.35 7
  mapped I1.36 1
  mapped I1.63 8
  mapped I1.64 5
  mapped I1.65 4
  mapped I1.66 3
  mapped I1.67 3
  mapped I1.68 8
  mapped I1.69 8
  OOS:I2 (Main Sec. 2-3: P-indivisibility, dilation, Bell, finite-horizon equivalence, characterization) 298
  OOS:I2 (ch01 Sec. 1.1: the theorem announced) 5
  OOS:I2 (ch01 Sec. 1.5-1.11: P-indivisibility, routes to QM, Bell, characterization, limits) 52
  OOS:I2 (finite-horizon equivalence; problem statement) 2
  OOS:I2 (physical layer: named hypotheses H-*, empirical inputs E1-E7, Theorem 23, Bell) 22
  OOS:I2 (structural observer-selection theorem, Main Sec. 4.6) 2
  UNMAPPED 0 
