2026-10-08T06:56:11.9345381Z Note: This linter can be disabled with `set_option linter.unreachableTactic false`
2026-10-08T06:56:11.9345808Z info: OIBridge/DitaTorusLocus.lean:2100:0: 'OIBridge.DitaTorusLocus.a40_shared_gen_t1_col' depends on axioms: [propext, Classical.choice, Quot.sound]
2026-10-08T06:56:11.9346026Z warning: OIBridge/DitaTorusLocus.lean:2105:55: This simp argument is unused:
2026-10-08T06:56:11.9346186Z   a36_shared_div
2026-10-08T06:56:11.9346190Z 
2026-10-08T06:56:11.9346301Z Hint: Omit it from the simp argument list.
2026-10-08T06:56:11.9346504Z   [apply] simp (config := { decide := true }) [a36_shared_mod, a40_shared_fpe]
2026-10-08T06:56:11.9346508Z 
2026-10-08T06:56:11.9346732Z Note: This linter can be disabled with `set_option linter.unusedSimpArgs false`
2026-10-08T06:56:11.9346926Z warning: OIBridge/DitaTorusLocus.lean:2105:87: This simp argument is unused:
2026-10-08T06:56:11.9347013Z   a40_shared_fpe
2026-10-08T06:56:11.9347017Z 
2026-10-08T06:56:11.9347122Z Hint: Omit it from the simp argument list.
2026-10-08T06:56:11.9347288Z   [apply] simp (config := { decide := true }) [a36_shared_div, a36_shared_mod]
2026-10-08T06:56:11.9347292Z 
2026-10-08T06:56:11.9347484Z Note: This linter can be disabled with `set_option linter.unusedSimpArgs false`
2026-10-08T06:56:11.9347898Z info: OIBridge/DitaTorusLocus.lean:2106:0: 'OIBridge.DitaTorusLocus.a40_shared_gen_t1_sig0' depends on axioms: [propext, Classical.choice, Quot.sound]
2026-10-08T06:56:11.9348087Z warning: OIBridge/DitaTorusLocus.lean:2111:55: This simp argument is unused:
2026-10-08T06:56:11.9348173Z   a36_shared_div
2026-10-08T06:56:11.9348176Z 
2026-10-08T06:56:11.9348281Z Hint: Omit it from the simp argument list.
2026-10-08T06:56:11.9348507Z   [apply] simp (config := { decide := true }) [a36_shared_mod, a40_shared_fpe]
2026-10-08T06:56:11.9348511Z 
2026-10-08T06:56:11.9348701Z Note: This linter can be disabled with `set_option linter.unusedSimpArgs false`
2026-10-08T06:56:11.9348894Z warning: OIBridge/DitaTorusLocus.lean:2111:87: This simp argument is unused:
2026-10-08T06:56:11.9348976Z   a40_shared_fpe
2026-10-08T06:56:11.9348979Z 
2026-10-08T06:56:11.9349085Z Hint: Omit it from the simp argument list.
2026-10-08T06:56:11.9349245Z   [apply] simp (config := { decide := true }) [a36_shared_div, a36_shared_mod]
2026-10-08T06:56:11.9349253Z 
2026-10-08T06:56:11.9349436Z Note: This linter can be disabled with `set_option linter.unusedSimpArgs false`
2026-10-08T06:56:11.9349846Z info: OIBridge/DitaTorusLocus.lean:2112:0: 'OIBridge.DitaTorusLocus.a40_shared_gen_t1_sig1' depends on axioms: [propext, Classical.choice, Quot.sound]
2026-10-08T06:56:11.9350309Z info: OIBridge/DitaTorusLocus.lean:2118:0: 'OIBridge.DitaTorusLocus.a40_shared_gen_t1_reps' depends on axioms: [propext, Classical.choice, Quot.sound]
2026-10-08T06:56:11.9350724Z info: OIBridge/DitaTorusLocus.lean:2127:0: 'OIBridge.DitaTorusLocus.a40_shared_gen_t1_row0' depends on axioms: [propext, Classical.choice, Quot.sound]
2026-10-08T06:56:11.9351134Z info: OIBridge/DitaTorusLocus.lean:2136:0: 'OIBridge.DitaTorusLocus.a40_shared_gen_t1_row1' depends on axioms: [propext, Classical.choice, Quot.sound]
2026-10-08T06:56:11.9351541Z info: OIBridge/DitaTorusLocus.lean:2145:0: 'OIBridge.DitaTorusLocus.a40_shared_gen_t1_row2' depends on axioms: [propext, Classical.choice, Quot.sound]
2026-10-08T06:56:11.9351937Z info: OIBridge/DitaTorusLocus.lean:2154:0: 'OIBridge.DitaTorusLocus.a40_shared_gen_t1_row3' depends on axioms: [propext, Classical.choice, Quot.sound]
2026-10-08T06:56:11.9352347Z info: OIBridge/DitaTorusLocus.lean:2163:0: 'OIBridge.DitaTorusLocus.a40_shared_gen_t1_row4' depends on axioms: [propext, Classical.choice, Quot.sound]
2026-10-08T06:56:11.9352861Z info: OIBridge/DitaTorusLocus.lean:2172:0: 'OIBridge.DitaTorusLocus.a40_shared_gen_t1_row5' depends on axioms: [propext, Classical.choice, Quot.sound]
2026-10-08T06:56:11.9353269Z info: OIBridge/DitaTorusLocus.lean:2181:0: 'OIBridge.DitaTorusLocus.a40_shared_gen_t1_row6' depends on axioms: [propext, Classical.choice, Quot.sound]
2026-10-08T06:56:11.9353751Z info: OIBridge/DitaTorusLocus.lean:2190:0: 'OIBridge.DitaTorusLocus.a40_shared_gen_t1_row7' depends on axioms: [propext, Classical.choice, Quot.sound]
2026-10-08T06:56:11.9354171Z info: OIBridge/DitaTorusLocus.lean:2200:0: 'OIBridge.DitaTorusLocus.a40_shared_gen_t1_row8' depends on axioms: [propext, Classical.choice, Quot.sound]
2026-10-08T06:56:11.9354574Z info: OIBridge/DitaTorusLocus.lean:2210:0: 'OIBridge.DitaTorusLocus.a40_shared_gen_t1_row9' depends on axioms: [propext, Classical.choice, Quot.sound]
2026-10-08T06:56:11.9355073Z info: OIBridge/DitaTorusLocus.lean:2220:0: 'OIBridge.DitaTorusLocus.a40_shared_gen_t1_row10' depends on axioms: [propext, Classical.choice, Quot.sound]
2026-10-08T06:56:11.9355496Z info: OIBridge/DitaTorusLocus.lean:2230:0: 'OIBridge.DitaTorusLocus.a40_shared_gen_t1_row11' depends on axioms: [propext, Classical.choice, Quot.sound]
2026-10-08T06:56:11.9355912Z info: OIBridge/DitaTorusLocus.lean:2240:0: 'OIBridge.DitaTorusLocus.a40_shared_gen_t1_row12' depends on axioms: [propext, Classical.choice, Quot.sound]
2026-10-08T06:56:11.9356332Z info: OIBridge/DitaTorusLocus.lean:2250:0: 'OIBridge.DitaTorusLocus.a40_shared_gen_t1_row13' depends on axioms: [propext, Classical.choice, Quot.sound]
2026-10-08T06:56:11.9356752Z info: OIBridge/DitaTorusLocus.lean:2260:0: 'OIBridge.DitaTorusLocus.a40_shared_gen_t1_row14' depends on axioms: [propext, Classical.choice, Quot.sound]
2026-10-08T06:56:11.9357168Z info: OIBridge/DitaTorusLocus.lean:2270:0: 'OIBridge.DitaTorusLocus.a40_shared_gen_t1_row15' depends on axioms: [propext, Classical.choice, Quot.sound]
2026-10-08T06:56:11.9357469Z warning: OIBridge/DitaTorusLocus.lean:2305:6: Unused tactic linter: `linear_combination e1 + e2` does nothing
2026-10-08T06:56:11.9357538Z 
2026-10-08T06:56:11.9357745Z Note: This linter can be disabled with `set_option linter.unusedTactic false`
2026-10-08T06:56:11.9358053Z warning: OIBridge/DitaTorusLocus.lean:2306:6: Unused tactic linter: `linear_combination -e1 + e2` does nothing
2026-10-08T06:56:11.9358057Z 
2026-10-08T06:56:11.9358246Z Note: This linter can be disabled with `set_option linter.unusedTactic false`
2026-10-08T06:56:11.9358540Z warning: OIBridge/DitaTorusLocus.lean:2307:6: Unused tactic linter: `linear_combination e1 - e2` does nothing
2026-10-08T06:56:11.9358544Z 
2026-10-08T06:56:11.9358736Z Note: This linter can be disabled with `set_option linter.unusedTactic false`
2026-10-08T06:56:11.9359019Z warning: OIBridge/DitaTorusLocus.lean:2321:6: Unused tactic linter: `linear_combination e1 - e2` does nothing
2026-10-08T06:56:11.9359023Z 
2026-10-08T06:56:11.9359213Z Note: This linter can be disabled with `set_option linter.unusedTactic false`
2026-10-08T06:56:11.9359571Z warning: OIBridge/DitaTorusLocus.lean:2322:6: Unused tactic linter: `linear_combination -e1 - e2` does nothing
2026-10-08T06:56:11.9359578Z 
2026-10-08T06:56:11.9359762Z Note: This linter can be disabled with `set_option linter.unusedTactic false`
2026-10-08T06:56:11.9360056Z warning: OIBridge/DitaTorusLocus.lean:2323:6: Unused tactic linter: `linear_combination e1 + e2` does nothing
2026-10-08T06:56:11.9360061Z 
2026-10-08T06:56:11.9360247Z Note: This linter can be disabled with `set_option linter.unusedTactic false`
2026-10-08T06:56:11.9360445Z warning: OIBridge/DitaTorusLocus.lean:2305:6: this tactic is never executed
2026-10-08T06:56:11.9360449Z 
2026-10-08T06:56:11.9360663Z Note: This linter can be disabled with `set_option linter.unreachableTactic false`
2026-10-08T06:56:11.9360856Z warning: OIBridge/DitaTorusLocus.lean:2306:6: this tactic is never executed
2026-10-08T06:56:11.9360859Z 
2026-10-08T06:56:11.9361057Z Note: This linter can be disabled with `set_option linter.unreachableTactic false`
2026-10-08T06:56:11.9361250Z warning: OIBridge/DitaTorusLocus.lean:2307:6: this tactic is never executed
2026-10-08T06:56:11.9361254Z 
2026-10-08T06:56:11.9361447Z Note: This linter can be disabled with `set_option linter.unreachableTactic false`
2026-10-08T06:56:11.9361627Z warning: OIBridge/DitaTorusLocus.lean:2321:6: this tactic is never executed
2026-10-08T06:56:11.9361683Z 
2026-10-08T06:56:11.9361877Z Note: This linter can be disabled with `set_option linter.unreachableTactic false`
2026-10-08T06:56:11.9362062Z warning: OIBridge/DitaTorusLocus.lean:2322:6: this tactic is never executed
2026-10-08T06:56:11.9362066Z 
2026-10-08T06:56:11.9362261Z Note: This linter can be disabled with `set_option linter.unreachableTactic false`
2026-10-08T06:56:11.9362495Z warning: OIBridge/DitaTorusLocus.lean:2323:6: this tactic is never executed
2026-10-08T06:56:11.9362498Z 
2026-10-08T06:56:11.9362799Z Note: This linter can be disabled with `set_option linter.unreachableTactic false`
2026-10-08T06:56:11.9363222Z info: OIBridge/DitaTorusLocus.lean:2379:0: 'OIBridge.DitaTorusLocus.a40_shared_gen_t1' depends on axioms: [propext, Classical.choice, Quot.sound]
2026-10-08T06:56:11.9363453Z warning: OIBridge/DitaTorusLocus.lean:2387:4: Unused tactic linter: `ring` does nothing
2026-10-08T06:56:11.9363458Z 
2026-10-08T06:56:11.9363653Z Note: This linter can be disabled with `set_option linter.unusedTactic false`
2026-10-08T06:56:11.9364090Z warning: OIBridge/DitaTorusLocus.lean:2388:4: Unused tactic linter: `(simp only [Matrix.cons_val_zero, Matrix.cons_val_one, Matrix.head_cons, Matrix.cons_val'];
2026-10-08T06:56:11.9364177Z   ring)` does nothing
2026-10-08T06:56:11.9364182Z 
2026-10-08T06:56:11.9364369Z Note: This linter can be disabled with `set_option linter.unusedTactic false`
2026-10-08T06:56:11.9364564Z warning: OIBridge/DitaTorusLocus.lean:2387:4: this tactic is never executed
2026-10-08T06:56:11.9364567Z 
2026-10-08T06:56:11.9364765Z Note: This linter can be disabled with `set_option linter.unreachableTactic false`
2026-10-08T06:56:11.9365017Z warning: OIBridge/DitaTorusLocus.lean:2388:4: this tactic is never executed
2026-10-08T06:56:11.9365021Z 
2026-10-08T06:56:11.9365223Z Note: This linter can be disabled with `set_option linter.unreachableTactic false`
2026-10-08T06:56:11.9365643Z info: OIBridge/DitaTorusLocus.lean:2389:0: 'OIBridge.DitaTorusLocus.a40_shared_gen_mr_split' depends on axioms: [propext, Classical.choice, Quot.sound]
2026-10-08T06:56:11.9365881Z warning: OIBridge/DitaTorusLocus.lean:2395:48: Unused tactic linter: `decide` does nothing
2026-10-08T06:56:11.9365886Z 
2026-10-08T06:56:11.9366066Z Note: This linter can be disabled with `set_option linter.unusedTactic false`
2026-10-08T06:56:11.9366421Z warning: OIBridge/DitaTorusLocus.lean:2395:57: Unused tactic linter: `(simp (config := { decide := true }) [a36_shared_div, a36_shared_mod,
2026-10-08T06:56:11.9366525Z     a40_shared_fpe])` does nothing
2026-10-08T06:56:11.9366529Z 
2026-10-08T06:56:11.9366775Z Note: This linter can be disabled with `set_option linter.unusedTactic false`
2026-10-08T06:56:11.9366969Z warning: OIBridge/DitaTorusLocus.lean:2395:48: this tactic is never executed
2026-10-08T06:56:11.9366973Z 
2026-10-08T06:56:11.9367169Z Note: This linter can be disabled with `set_option linter.unreachableTactic false`
2026-10-08T06:56:11.9367362Z warning: OIBridge/DitaTorusLocus.lean:2395:57: this tactic is never executed
2026-10-08T06:56:11.9367365Z 
2026-10-08T06:56:11.9367554Z Note: This linter can be disabled with `set_option linter.unreachableTactic false`
2026-10-08T06:56:11.9367966Z info: OIBridge/DitaTorusLocus.lean:2396:0: 'OIBridge.DitaTorusLocus.a40_shared_gen_mr_col' depends on axioms: [propext, Classical.choice, Quot.sound]
2026-10-08T06:56:11.9368162Z warning: OIBridge/DitaTorusLocus.lean:2401:55: This simp argument is unused:
2026-10-08T06:56:11.9368244Z   a36_shared_div
2026-10-08T06:56:11.9368248Z 
2026-10-08T06:56:11.9368360Z Hint: Omit it from the simp argument list.
2026-10-08T06:56:11.9368539Z   [apply] simp (config := { decide := true }) [a36_shared_mod, a40_shared_fpe]
2026-10-08T06:56:11.9368546Z 
2026-10-08T06:56:11.9368740Z Note: This linter can be disabled with `set_option linter.unusedSimpArgs false`
2026-10-08T06:56:11.9368937Z warning: OIBridge/DitaTorusLocus.lean:2401:71: This simp argument is unused:
2026-10-08T06:56:11.9369021Z   a36_shared_mod
2026-10-08T06:56:11.9369087Z 
2026-10-08T06:56:11.9369193Z Hint: Omit it from the simp argument list.
2026-10-08T06:56:11.9369362Z   [apply] simp (config := { decide := true }) [a36_shared_div, a40_shared_fpe]
2026-10-08T06:56:11.9369366Z 
2026-10-08T06:56:11.9369554Z Note: This linter can be disabled with `set_option linter.unusedSimpArgs false`
2026-10-08T06:56:11.9369743Z warning: OIBridge/DitaTorusLocus.lean:2401:87: This simp argument is unused:
2026-10-08T06:56:11.9369890Z   a40_shared_fpe
2026-10-08T06:56:11.9369893Z 
2026-10-08T06:56:11.9369999Z Hint: Omit it from the simp argument list.
2026-10-08T06:56:11.9370163Z   [apply] simp (config := { decide := true }) [a36_shared_div, a36_shared_mod]
2026-10-08T06:56:11.9370168Z 
2026-10-08T06:56:11.9370357Z Note: This linter can be disabled with `set_option linter.unusedSimpArgs false`
2026-10-08T06:56:11.9370768Z info: OIBridge/DitaTorusLocus.lean:2402:0: 'OIBridge.DitaTorusLocus.a40_shared_gen_mr_sig0' depends on axioms: [propext, Classical.choice, Quot.sound]
2026-10-08T06:56:11.9370956Z warning: OIBridge/DitaTorusLocus.lean:2407:55: This simp argument is unused:
2026-10-08T06:56:11.9371043Z   a36_shared_div
2026-10-08T06:56:11.9371047Z 
2026-10-08T06:56:11.9371153Z Hint: Omit it from the simp argument list.
2026-10-08T06:56:11.9371314Z   [apply] simp (config := { decide := true }) [a36_shared_mod, a40_shared_fpe]
2026-10-08T06:56:11.9371322Z 
2026-10-08T06:56:11.9371509Z Note: This linter can be disabled with `set_option linter.unusedSimpArgs false`
2026-10-08T06:56:11.9371700Z warning: OIBridge/DitaTorusLocus.lean:2407:71: This simp argument is unused:
2026-10-08T06:56:11.9371778Z   a36_shared_mod
2026-10-08T06:56:11.9371785Z 
2026-10-08T06:56:11.9371944Z Hint: Omit it from the simp argument list.
2026-10-08T06:56:11.9372108Z   [apply] simp (config := { decide := true }) [a36_shared_div, a40_shared_fpe]
2026-10-08T06:56:11.9372112Z 
2026-10-08T06:56:11.9372293Z Note: This linter can be disabled with `set_option linter.unusedSimpArgs false`
2026-10-08T06:56:11.9372484Z warning: OIBridge/DitaTorusLocus.lean:2407:87: This simp argument is unused:
2026-10-08T06:56:11.9372571Z   a40_shared_fpe
2026-10-08T06:56:11.9372574Z 
2026-10-08T06:56:11.9372785Z Hint: Omit it from the simp argument list.
2026-10-08T06:56:11.9372952Z   [apply] simp (config := { decide := true }) [a36_shared_div, a36_shared_mod]
2026-10-08T06:56:11.9372956Z 
2026-10-08T06:56:11.9373144Z Note: This linter can be disabled with `set_option linter.unusedSimpArgs false`
2026-10-08T06:56:11.9373546Z info: OIBridge/DitaTorusLocus.lean:2408:0: 'OIBridge.DitaTorusLocus.a40_shared_gen_mr_sig1' depends on axioms: [propext, Classical.choice, Quot.sound]
2026-10-08T06:56:11.9374014Z info: OIBridge/DitaTorusLocus.lean:2414:0: 'OIBridge.DitaTorusLocus.a40_shared_gen_mr_reps' depends on axioms: [propext, Classical.choice, Quot.sound]
2026-10-08T06:56:11.9374433Z info: OIBridge/DitaTorusLocus.lean:2423:0: 'OIBridge.DitaTorusLocus.a40_shared_gen_mr_row0' depends on axioms: [propext, Classical.choice, Quot.sound]
2026-10-08T06:56:11.9374834Z info: OIBridge/DitaTorusLocus.lean:2432:0: 'OIBridge.DitaTorusLocus.a40_shared_gen_mr_row1' depends on axioms: [propext, Classical.choice, Quot.sound]
2026-10-08T06:56:11.9375239Z info: OIBridge/DitaTorusLocus.lean:2442:0: 'OIBridge.DitaTorusLocus.a40_shared_gen_mr_row2' depends on axioms: [propext, Classical.choice, Quot.sound]
2026-10-08T06:56:11.9375640Z info: OIBridge/DitaTorusLocus.lean:2451:0: 'OIBridge.DitaTorusLocus.a40_shared_gen_mr_row3' depends on axioms: [propext, Classical.choice, Quot.sound]
2026-10-08T06:56:11.9376043Z info: OIBridge/DitaTorusLocus.lean:2460:0: 'OIBridge.DitaTorusLocus.a40_shared_gen_mr_row4' depends on axioms: [propext, Classical.choice, Quot.sound]
2026-10-08T06:56:11.9376447Z info: OIBridge/DitaTorusLocus.lean:2469:0: 'OIBridge.DitaTorusLocus.a40_shared_gen_mr_row5' depends on axioms: [propext, Classical.choice, Quot.sound]
2026-10-08T06:56:11.9376953Z info: OIBridge/DitaTorusLocus.lean:2478:0: 'OIBridge.DitaTorusLocus.a40_shared_gen_mr_row6' depends on axioms: [propext, Classical.choice, Quot.sound]
2026-10-08T06:56:11.9377354Z info: OIBridge/DitaTorusLocus.lean:2487:0: 'OIBridge.DitaTorusLocus.a40_shared_gen_mr_row7' depends on axioms: [propext, Classical.choice, Quot.sound]
2026-10-08T06:56:11.9377758Z info: OIBridge/DitaTorusLocus.lean:2496:0: 'OIBridge.DitaTorusLocus.a40_shared_gen_mr_row8' depends on axioms: [propext, Classical.choice, Quot.sound]
2026-10-08T06:56:11.9378236Z info: OIBridge/DitaTorusLocus.lean:2506:0: 'OIBridge.DitaTorusLocus.a40_shared_gen_mr_row9' depends on axioms: [propext, Classical.choice, Quot.sound]
2026-10-08T06:56:11.9378647Z info: OIBridge/DitaTorusLocus.lean:2516:0: 'OIBridge.DitaTorusLocus.a40_shared_gen_mr_row10' depends on axioms: [propext, Classical.choice, Quot.sound]
2026-10-08T06:56:11.9379057Z info: OIBridge/DitaTorusLocus.lean:2526:0: 'OIBridge.DitaTorusLocus.a40_shared_gen_mr_row11' depends on axioms: [propext, Classical.choice, Quot.sound]
2026-10-08T06:56:11.9379464Z info: OIBridge/DitaTorusLocus.lean:2536:0: 'OIBridge.DitaTorusLocus.a40_shared_gen_mr_row12' depends on axioms: [propext, Classical.choice, Quot.sound]
2026-10-08T06:56:11.9379869Z info: OIBridge/DitaTorusLocus.lean:2546:0: 'OIBridge.DitaTorusLocus.a40_shared_gen_mr_row13' depends on axioms: [propext, Classical.choice, Quot.sound]
2026-10-08T06:56:11.9380268Z info: OIBridge/DitaTorusLocus.lean:2556:0: 'OIBridge.DitaTorusLocus.a40_shared_gen_mr_row14' depends on axioms: [propext, Classical.choice, Quot.sound]
2026-10-08T06:56:11.9380675Z info: OIBridge/DitaTorusLocus.lean:2566:0: 'OIBridge.DitaTorusLocus.a40_shared_gen_mr_row15' depends on axioms: [propext, Classical.choice, Quot.sound]
2026-10-08T06:56:11.9381012Z warning: OIBridge/DitaTorusLocus.lean:2601:6: Unused tactic linter: `linear_combination e1 + e2` does nothing
2026-10-08T06:56:11.9381081Z 
2026-10-08T06:56:11.9381271Z Note: This linter can be disabled with `set_option linter.unusedTactic false`
2026-10-08T06:56:11.9381568Z warning: OIBridge/DitaTorusLocus.lean:2602:6: Unused tactic linter: `linear_combination -e1 + e2` does nothing
2026-10-08T06:56:11.9381572Z 
2026-10-08T06:56:11.9381757Z Note: This linter can be disabled with `set_option linter.unusedTactic false`
2026-10-08T06:56:11.9382033Z warning: OIBridge/DitaTorusLocus.lean:2603:6: Unused tactic linter: `linear_combination e1 - e2` does nothing
2026-10-08T06:56:11.9382037Z 
2026-10-08T06:56:11.9382218Z Note: This linter can be disabled with `set_option linter.unusedTactic false`
2026-10-08T06:56:11.9382503Z warning: OIBridge/DitaTorusLocus.lean:2617:6: Unused tactic linter: `linear_combination e1 - e2` does nothing
2026-10-08T06:56:11.9382507Z 
2026-10-08T06:56:11.9382843Z Note: This linter can be disabled with `set_option linter.unusedTactic false`
2026-10-08T06:56:11.9383135Z warning: OIBridge/DitaTorusLocus.lean:2618:6: Unused tactic linter: `linear_combination -e1 - e2` does nothing
2026-10-08T06:56:11.9383139Z 
2026-10-08T06:56:11.9383324Z Note: This linter can be disabled with `set_option linter.unusedTactic false`
2026-10-08T06:56:11.9383604Z warning: OIBridge/DitaTorusLocus.lean:2619:6: Unused tactic linter: `linear_combination e1 + e2` does nothing
2026-10-08T06:56:11.9383614Z 
2026-10-08T06:56:11.9383793Z Note: This linter can be disabled with `set_option linter.unusedTactic false`
2026-10-08T06:56:11.9383989Z warning: OIBridge/DitaTorusLocus.lean:2601:6: this tactic is never executed
2026-10-08T06:56:11.9383994Z 
2026-10-08T06:56:11.9384193Z Note: This linter can be disabled with `set_option linter.unreachableTactic false`
2026-10-08T06:56:11.9384385Z warning: OIBridge/DitaTorusLocus.lean:2602:6: this tactic is never executed
2026-10-08T06:56:11.9384389Z 
2026-10-08T06:56:11.9384587Z Note: This linter can be disabled with `set_option linter.unreachableTactic false`
2026-10-08T06:56:11.9384771Z warning: OIBridge/DitaTorusLocus.lean:2603:6: this tactic is never executed
2026-10-08T06:56:11.9384780Z 
2026-10-08T06:56:11.9384971Z Note: This linter can be disabled with `set_option linter.unreachableTactic false`
2026-10-08T06:56:11.9385220Z warning: OIBridge/DitaTorusLocus.lean:2617:6: this tactic is never executed
2026-10-08T06:56:11.9385224Z 
2026-10-08T06:56:11.9385422Z Note: This linter can be disabled with `set_option linter.unreachableTactic false`
2026-10-08T06:56:11.9385610Z warning: OIBridge/DitaTorusLocus.lean:2618:6: this tactic is never executed
2026-10-08T06:56:11.9385614Z 
2026-10-08T06:56:11.9385881Z Note: This linter can be disabled with `set_option linter.unreachableTactic false`
2026-10-08T06:56:11.9386075Z warning: OIBridge/DitaTorusLocus.lean:2619:6: this tactic is never executed
2026-10-08T06:56:11.9386079Z 
2026-10-08T06:56:11.9386274Z Note: This linter can be disabled with `set_option linter.unreachableTactic false`
2026-10-08T06:56:11.9386686Z info: OIBridge/DitaTorusLocus.lean:2675:0: 'OIBridge.DitaTorusLocus.a40_shared_gen_mr' depends on axioms: [propext, Classical.choice, Quot.sound]
2026-10-08T06:56:11.9386888Z warning: OIBridge/DitaTorusLocus.lean:2681:88: This simp argument is unused:
2026-10-08T06:56:11.9386971Z   a36_shared_div
2026-10-08T06:56:11.9386974Z 
2026-10-08T06:56:11.9387083Z Hint: Omit it from the simp argument list.
2026-10-08T06:56:11.9387309Z   [apply] simp (config := { decide := true }) [Matrix.of_apply, a36_shared_mod, a40_shared_fpe]
2026-10-08T06:56:11.9387313Z 
2026-10-08T06:56:11.9387504Z Note: This linter can be disabled with `set_option linter.unusedSimpArgs false`
2026-10-08T06:56:11.9387709Z warning: OIBridge/DitaTorusLocus.lean:2681:104: This simp argument is unused:
2026-10-08T06:56:11.9387794Z   a36_shared_mod
2026-10-08T06:56:11.9387798Z 
2026-10-08T06:56:11.9387899Z Hint: Omit it from the simp argument list.
2026-10-08T06:56:11.9388115Z   [apply] simp (config := { decide := true }) [Matrix.of_apply, a36_shared_div, a40_shared_fpe]
2026-10-08T06:56:11.9388182Z 
2026-10-08T06:56:11.9388373Z Note: This linter can be disabled with `set_option linter.unusedSimpArgs false`
2026-10-08T06:56:11.9388564Z warning: OIBridge/DitaTorusLocus.lean:2681:120: This simp argument is unused:
2026-10-08T06:56:11.9388654Z   a40_shared_fpe
2026-10-08T06:56:11.9388657Z 
2026-10-08T06:56:11.9388762Z Hint: Omit it from the simp argument list.
2026-10-08T06:56:11.9388962Z   [apply] simp (config := { decide := true }) [Matrix.of_apply, a36_shared_div, a36_shared_mod]
2026-10-08T06:56:11.9388966Z 
2026-10-08T06:56:11.9389153Z Note: This linter can be disabled with `set_option linter.unusedSimpArgs false`
2026-10-08T06:56:11.9389350Z warning: OIBridge/DitaTorusLocus.lean:2681:140: Unused tactic linter: `first
2026-10-08T06:56:11.9389429Z | done
2026-10-08T06:56:11.9389507Z | ring
2026-10-08T06:56:11.9389585Z | tauto
2026-10-08T06:56:11.9389735Z | (field_simp; ring)` does nothing
2026-10-08T06:56:11.9389741Z 
2026-10-08T06:56:11.9389928Z Note: This linter can be disabled with `set_option linter.unusedTactic false`
2026-10-08T06:56:11.9390117Z warning: OIBridge/DitaTorusLocus.lean:2681:140: this tactic is never executed
2026-10-08T06:56:11.9390120Z 
2026-10-08T06:56:11.9390326Z Note: This linter can be disabled with `set_option linter.unreachableTactic false`
2026-10-08T06:56:11.9390750Z info: OIBridge/DitaTorusLocus.lean:2682:0: 'OIBridge.DitaTorusLocus.a40_shared_face_1p_rel0' depends on axioms: [propext, Classical.choice, Quot.sound]
2026-10-08T06:56:11.9390941Z warning: OIBridge/DitaTorusLocus.lean:2688:88: This simp argument is unused:
2026-10-08T06:56:11.9391028Z   a36_shared_div
2026-10-08T06:56:11.9391033Z 
2026-10-08T06:56:11.9391142Z Hint: Omit it from the simp argument list.
2026-10-08T06:56:11.9391349Z   [apply] simp (config := { decide := true }) [Matrix.of_apply, a36_shared_mod, a40_shared_fpe]
2026-10-08T06:56:11.9391352Z 
2026-10-08T06:56:11.9391546Z Note: This linter can be disabled with `set_option linter.unusedSimpArgs false`
2026-10-08T06:56:11.9391745Z warning: OIBridge/DitaTorusLocus.lean:2688:104: This simp argument is unused:
2026-10-08T06:56:11.9391825Z   a36_shared_mod
2026-10-08T06:56:11.9391828Z 
2026-10-08T06:56:11.9391933Z Hint: Omit it from the simp argument list.
2026-10-08T06:56:11.9392195Z   [apply] simp (config := { decide := true }) [Matrix.of_apply, a36_shared_div, a40_shared_fpe]
2026-10-08T06:56:11.9392199Z 
2026-10-08T06:56:11.9392386Z Note: This linter can be disabled with `set_option linter.unusedSimpArgs false`
2026-10-08T06:56:11.9392581Z warning: OIBridge/DitaTorusLocus.lean:2688:120: This simp argument is unused:
2026-10-08T06:56:11.9392782Z   a40_shared_fpe
2026-10-08T06:56:11.9392854Z 
2026-10-08T06:56:11.9392956Z Hint: Omit it from the simp argument list.
2026-10-08T06:56:11.9393162Z   [apply] simp (config := { decide := true }) [Matrix.of_apply, a36_shared_div, a36_shared_mod]
2026-10-08T06:56:11.9393166Z 
2026-10-08T06:56:11.9393356Z Note: This linter can be disabled with `set_option linter.unusedSimpArgs false`
2026-10-08T06:56:11.9393551Z warning: OIBridge/DitaTorusLocus.lean:2688:140: Unused tactic linter: `first
2026-10-08T06:56:11.9393633Z | done
2026-10-08T06:56:11.9393714Z | ring
2026-10-08T06:56:11.9393792Z | tauto
2026-10-08T06:56:11.9393895Z | (field_simp; ring)` does nothing
2026-10-08T06:56:11.9393900Z 
2026-10-08T06:56:11.9394085Z Note: This linter can be disabled with `set_option linter.unusedTactic false`
2026-10-08T06:56:11.9394289Z warning: OIBridge/DitaTorusLocus.lean:2688:140: this tactic is never executed
2026-10-08T06:56:11.9394292Z 
2026-10-08T06:56:11.9394501Z Note: This linter can be disabled with `set_option linter.unreachableTactic false`
2026-10-08T06:56:11.9394939Z info: OIBridge/DitaTorusLocus.lean:2689:0: 'OIBridge.DitaTorusLocus.a40_shared_face_1p_rel1' depends on axioms: [propext, Classical.choice, Quot.sound]
2026-10-08T06:56:11.9395132Z warning: OIBridge/DitaTorusLocus.lean:2695:88: This simp argument is unused:
2026-10-08T06:56:11.9395297Z   a36_shared_div
2026-10-08T06:56:11.9395300Z 
2026-10-08T06:56:11.9395408Z Hint: Omit it from the simp argument list.
2026-10-08T06:56:11.9395631Z   [apply] simp (config := { decide := true }) [Matrix.of_apply, a36_shared_mod, a40_shared_fpe]
2026-10-08T06:56:11.9395634Z 
2026-10-08T06:56:11.9395834Z Note: This linter can be disabled with `set_option linter.unusedSimpArgs false`
2026-10-08T06:56:11.9396045Z warning: OIBridge/DitaTorusLocus.lean:2695:104: This simp argument is unused:
2026-10-08T06:56:11.9396139Z   a36_shared_mod
2026-10-08T06:56:11.9396143Z 
2026-10-08T06:56:11.9396256Z Hint: Omit it from the simp argument list.
2026-10-08T06:56:11.9396462Z   [apply] simp (config := { decide := true }) [Matrix.of_apply, a36_shared_div, a40_shared_fpe]
2026-10-08T06:56:11.9396478Z 
2026-10-08T06:56:11.9396661Z Note: This linter can be disabled with `set_option linter.unusedSimpArgs false`
2026-10-08T06:56:11.9396930Z warning: OIBridge/DitaTorusLocus.lean:2695:120: This simp argument is unused:
2026-10-08T06:56:11.9397020Z   a40_shared_fpe
2026-10-08T06:56:11.9397024Z 
2026-10-08T06:56:11.9397137Z Hint: Omit it from the simp argument list.
2026-10-08T06:56:11.9397352Z   [apply] simp (config := { decide := true }) [Matrix.of_apply, a36_shared_div, a36_shared_mod]
2026-10-08T06:56:11.9397356Z 
2026-10-08T06:56:11.9397547Z Note: This linter can be disabled with `set_option linter.unusedSimpArgs false`
2026-10-08T06:56:11.9397749Z warning: OIBridge/DitaTorusLocus.lean:2695:140: Unused tactic linter: `first
2026-10-08T06:56:11.9397845Z | done
2026-10-08T06:56:11.9397927Z | ring
2026-10-08T06:56:11.9398020Z | tauto
2026-10-08T06:56:11.9398131Z | (field_simp; ring)` does nothing
2026-10-08T06:56:11.9398136Z 
2026-10-08T06:56:11.9398321Z Note: This linter can be disabled with `set_option linter.unusedTactic false`
2026-10-08T06:56:11.9398525Z warning: OIBridge/DitaTorusLocus.lean:2695:140: this tactic is never executed
2026-10-08T06:56:11.9398529Z 
2026-10-08T06:56:11.9398744Z Note: This linter can be disabled with `set_option linter.unreachableTactic false`
2026-10-08T06:56:11.9399166Z info: OIBridge/DitaTorusLocus.lean:2696:0: 'OIBridge.DitaTorusLocus.a40_shared_face_1p_rel2' depends on axioms: [propext, Classical.choice, Quot.sound]
2026-10-08T06:56:11.9399366Z warning: OIBridge/DitaTorusLocus.lean:2702:88: This simp argument is unused:
2026-10-08T06:56:11.9399527Z   a36_shared_div
2026-10-08T06:56:11.9399531Z 
2026-10-08T06:56:11.9399643Z Hint: Omit it from the simp argument list.
2026-10-08T06:56:11.9399859Z   [apply] simp (config := { decide := true }) [Matrix.of_apply, a36_shared_mod, a40_shared_fpe]
2026-10-08T06:56:11.9399864Z 
2026-10-08T06:56:11.9400061Z Note: This linter can be disabled with `set_option linter.unusedSimpArgs false`
2026-10-08T06:56:11.9400312Z warning: OIBridge/DitaTorusLocus.lean:2702:104: This simp argument is unused:
2026-10-08T06:56:11.9400401Z   a36_shared_mod
2026-10-08T06:56:11.9400405Z 
2026-10-08T06:56:11.9400522Z Hint: Omit it from the simp argument list.
2026-10-08T06:56:11.9400735Z   [apply] simp (config := { decide := true }) [Matrix.of_apply, a36_shared_div, a40_shared_fpe]
2026-10-08T06:56:11.9400738Z 
2026-10-08T06:56:11.9400939Z Note: This linter can be disabled with `set_option linter.unusedSimpArgs false`
2026-10-08T06:56:11.9401141Z warning: OIBridge/DitaTorusLocus.lean:2702:120: This simp argument is unused:
2026-10-08T06:56:11.9401222Z   a40_shared_fpe
2026-10-08T06:56:11.9401226Z 
2026-10-08T06:56:11.9401337Z Hint: Omit it from the simp argument list.
2026-10-08T06:56:11.9401555Z   [apply] simp (config := { decide := true }) [Matrix.of_apply, a36_shared_div, a36_shared_mod]
2026-10-08T06:56:11.9401559Z 
2026-10-08T06:56:11.9401741Z Note: This linter can be disabled with `set_option linter.unusedSimpArgs false`
2026-10-08T06:56:11.9401936Z warning: OIBridge/DitaTorusLocus.lean:2702:140: Unused tactic linter: `first
2026-10-08T06:56:11.9402016Z | done
2026-10-08T06:56:11.9402091Z | ring
2026-10-08T06:56:11.9402171Z | tauto
2026-10-08T06:56:11.9402265Z | (field_simp; ring)` does nothing
2026-10-08T06:56:11.9402320Z 
2026-10-08T06:56:11.9402504Z Note: This linter can be disabled with `set_option linter.unusedTactic false`
2026-10-08T06:56:11.9402796Z warning: OIBridge/DitaTorusLocus.lean:2702:140: this tactic is never executed
2026-10-08T06:56:11.9402800Z 
2026-10-08T06:56:11.9402998Z Note: This linter can be disabled with `set_option linter.unreachableTactic false`
2026-10-08T06:56:11.9403409Z info: OIBridge/DitaTorusLocus.lean:2703:0: 'OIBridge.DitaTorusLocus.a40_shared_face_1p_rel3' depends on axioms: [propext, Classical.choice, Quot.sound]
2026-10-08T06:56:11.9403601Z warning: OIBridge/DitaTorusLocus.lean:2709:88: This simp argument is unused:
2026-10-08T06:56:11.9403681Z   a36_shared_div
2026-10-08T06:56:11.9403685Z 
2026-10-08T06:56:11.9403789Z Hint: Omit it from the simp argument list.
2026-10-08T06:56:11.9403989Z   [apply] simp (config := { decide := true }) [Matrix.of_apply, a36_shared_mod, a40_shared_fpe]
2026-10-08T06:56:11.9403993Z 
2026-10-08T06:56:11.9404244Z Note: This linter can be disabled with `set_option linter.unusedSimpArgs false`
2026-10-08T06:56:11.9404443Z warning: OIBridge/DitaTorusLocus.lean:2709:104: This simp argument is unused:
2026-10-08T06:56:11.9404528Z   a36_shared_mod
2026-10-08T06:56:11.9404532Z 
2026-10-08T06:56:11.9404630Z Hint: Omit it from the simp argument list.
2026-10-08T06:56:11.9404835Z   [apply] simp (config := { decide := true }) [Matrix.of_apply, a36_shared_div, a40_shared_fpe]
2026-10-08T06:56:11.9404839Z 
2026-10-08T06:56:11.9405025Z Note: This linter can be disabled with `set_option linter.unusedSimpArgs false`
2026-10-08T06:56:11.9405214Z warning: OIBridge/DitaTorusLocus.lean:2709:120: This simp argument is unused:
2026-10-08T06:56:11.9405302Z   a40_shared_fpe
2026-10-08T06:56:11.9405306Z 
2026-10-08T06:56:11.9405408Z Hint: Omit it from the simp argument list.
2026-10-08T06:56:11.9405606Z   [apply] simp (config := { decide := true }) [Matrix.of_apply, a36_shared_div, a36_shared_mod]
2026-10-08T06:56:11.9405612Z 
2026-10-08T06:56:11.9405801Z Note: This linter can be disabled with `set_option linter.unusedSimpArgs false`
2026-10-08T06:56:11.9405992Z warning: OIBridge/DitaTorusLocus.lean:2709:140: Unused tactic linter: `first
2026-10-08T06:56:11.9406068Z | done
2026-10-08T06:56:11.9406149Z | ring
2026-10-08T06:56:11.9406229Z | tauto
2026-10-08T06:56:11.9406381Z | (field_simp; ring)` does nothing
2026-10-08T06:56:11.9406386Z 
2026-10-08T06:56:11.9406571Z Note: This linter can be disabled with `set_option linter.unusedTactic false`
2026-10-08T06:56:11.9406763Z warning: OIBridge/DitaTorusLocus.lean:2709:140: this tactic is never executed
2026-10-08T06:56:11.9406767Z 
2026-10-08T06:56:11.9406961Z Note: This linter can be disabled with `set_option linter.unreachableTactic false`
2026-10-08T06:56:11.9407458Z info: OIBridge/DitaTorusLocus.lean:2710:0: 'OIBridge.DitaTorusLocus.a40_shared_face_1p_rel4' depends on axioms: [propext, Classical.choice, Quot.sound]
2026-10-08T06:56:11.9407660Z warning: OIBridge/DitaTorusLocus.lean:2716:88: This simp argument is unused:
2026-10-08T06:56:11.9407742Z   a36_shared_div
2026-10-08T06:56:11.9407745Z 
2026-10-08T06:56:11.9407854Z Hint: Omit it from the simp argument list.
2026-10-08T06:56:11.9408063Z   [apply] simp (config := { decide := true }) [Matrix.of_apply, a36_shared_mod, a40_shared_fpe]
2026-10-08T06:56:11.9408067Z 
2026-10-08T06:56:11.9408256Z Note: This linter can be disabled with `set_option linter.unusedSimpArgs false`
2026-10-08T06:56:11.9408454Z warning: OIBridge/DitaTorusLocus.lean:2716:104: This simp argument is unused:
2026-10-08T06:56:11.9408536Z   a36_shared_mod
2026-10-08T06:56:11.9408539Z 
2026-10-08T06:56:11.9408639Z Hint: Omit it from the simp argument list.
2026-10-08T06:56:11.9408844Z   [apply] simp (config := { decide := true }) [Matrix.of_apply, a36_shared_div, a40_shared_fpe]
2026-10-08T06:56:11.9408848Z 
2026-10-08T06:56:11.9409034Z Note: This linter can be disabled with `set_option linter.unusedSimpArgs false`
2026-10-08T06:56:11.9409223Z warning: OIBridge/DitaTorusLocus.lean:2716:120: This simp argument is unused:
2026-10-08T06:56:11.9409370Z   a40_shared_fpe
2026-10-08T06:56:11.9409373Z 
2026-10-08T06:56:11.9409480Z Hint: Omit it from the simp argument list.
2026-10-08T06:56:11.9409680Z   [apply] simp (config := { decide := true }) [Matrix.of_apply, a36_shared_div, a36_shared_mod]
2026-10-08T06:56:11.9409684Z 
2026-10-08T06:56:11.9412841Z Note: This linter can be disabled with `set_option linter.unusedSimpArgs false`
2026-10-08T06:56:11.9413075Z warning: OIBridge/DitaTorusLocus.lean:2716:140: Unused tactic linter: `first
2026-10-08T06:56:11.9413152Z | done
2026-10-08T06:56:11.9413229Z | ring
2026-10-08T06:56:11.9413304Z | tauto
2026-10-08T06:56:11.9413404Z | (field_simp; ring)` does nothing
2026-10-08T06:56:11.9413412Z 
2026-10-08T06:56:11.9413614Z Note: This linter can be disabled with `set_option linter.unusedTactic false`
2026-10-08T06:56:11.9413813Z warning: OIBridge/DitaTorusLocus.lean:2716:140: this tactic is never executed
2026-10-08T06:56:11.9413918Z 
2026-10-08T06:56:11.9414136Z Note: This linter can be disabled with `set_option linter.unreachableTactic false`
2026-10-08T06:56:11.9414575Z info: OIBridge/DitaTorusLocus.lean:2717:0: 'OIBridge.DitaTorusLocus.a40_shared_face_1p_rel5' depends on axioms: [propext, Classical.choice, Quot.sound]
2026-10-08T06:56:11.9414774Z warning: OIBridge/DitaTorusLocus.lean:2723:88: This simp argument is unused:
2026-10-08T06:56:11.9414860Z   a36_shared_div
2026-10-08T06:56:11.9414864Z 
2026-10-08T06:56:11.9414977Z Hint: Omit it from the simp argument list.
2026-10-08T06:56:11.9415203Z   [apply] simp (config := { decide := true }) [Matrix.of_apply, a36_shared_mod, a40_shared_fpe]
2026-10-08T06:56:11.9415207Z 
2026-10-08T06:56:11.9415405Z Note: This linter can be disabled with `set_option linter.unusedSimpArgs false`
2026-10-08T06:56:11.9415606Z warning: OIBridge/DitaTorusLocus.lean:2723:104: This simp argument is unused:
2026-10-08T06:56:11.9415684Z   a36_shared_mod
2026-10-08T06:56:11.9415688Z 
2026-10-08T06:56:11.9415795Z Hint: Omit it from the simp argument list.
2026-10-08T06:56:11.9416011Z   [apply] simp (config := { decide := true }) [Matrix.of_apply, a36_shared_div, a40_shared_fpe]
2026-10-08T06:56:11.9416015Z 
2026-10-08T06:56:11.9416199Z Note: This linter can be disabled with `set_option linter.unusedSimpArgs false`
2026-10-08T06:56:11.9416461Z warning: OIBridge/DitaTorusLocus.lean:2723:120: This simp argument is unused:
2026-10-08T06:56:11.9416547Z   a40_shared_fpe
2026-10-08T06:56:11.9416550Z 
2026-10-08T06:56:11.9416648Z Hint: Omit it from the simp argument list.
2026-10-08T06:56:11.9416854Z   [apply] simp (config := { decide := true }) [Matrix.of_apply, a36_shared_div, a36_shared_mod]
2026-10-08T06:56:11.9416858Z 
2026-10-08T06:56:11.9417127Z Note: This linter can be disabled with `set_option linter.unusedSimpArgs false`
2026-10-08T06:56:11.9417311Z warning: OIBridge/DitaTorusLocus.lean:2723:140: Unused tactic linter: `first
2026-10-08T06:56:11.9417391Z | done
2026-10-08T06:56:11.9417465Z | ring
2026-10-08T06:56:11.9417543Z | tauto
2026-10-08T06:56:11.9417654Z | (field_simp; ring)` does nothing
2026-10-08T06:56:11.9417657Z 
2026-10-08T06:56:11.9417840Z Note: This linter can be disabled with `set_option linter.unusedTactic false`
2026-10-08T06:56:11.9418026Z warning: OIBridge/DitaTorusLocus.lean:2723:140: this tactic is never executed
2026-10-08T06:56:11.9418030Z 
2026-10-08T06:56:11.9418230Z Note: This linter can be disabled with `set_option linter.unreachableTactic false`
2026-10-08T06:56:11.9418652Z info: OIBridge/DitaTorusLocus.lean:2724:0: 'OIBridge.DitaTorusLocus.a40_shared_face_1p_rel6' depends on axioms: [propext, Classical.choice, Quot.sound]
2026-10-08T06:56:11.9418839Z warning: OIBridge/DitaTorusLocus.lean:2730:88: This simp argument is unused:
2026-10-08T06:56:11.9418927Z   a36_shared_div
2026-10-08T06:56:11.9418930Z 
2026-10-08T06:56:11.9419031Z Hint: Omit it from the simp argument list.
2026-10-08T06:56:11.9419233Z   [apply] simp (config := { decide := true }) [Matrix.of_apply, a36_shared_mod, a40_shared_fpe]
2026-10-08T06:56:11.9419305Z 
2026-10-08T06:56:11.9419492Z Note: This linter can be disabled with `set_option linter.unusedSimpArgs false`
2026-10-08T06:56:11.9419680Z warning: OIBridge/DitaTorusLocus.lean:2730:104: This simp argument is unused:
2026-10-08T06:56:11.9419756Z   a36_shared_mod
2026-10-08T06:56:11.9419761Z 
2026-10-08T06:56:11.9419862Z Hint: Omit it from the simp argument list.
2026-10-08T06:56:11.9420060Z   [apply] simp (config := { decide := true }) [Matrix.of_apply, a36_shared_div, a40_shared_fpe]
2026-10-08T06:56:11.9420067Z 
2026-10-08T06:56:11.9420248Z Note: This linter can be disabled with `set_option linter.unusedSimpArgs false`
2026-10-08T06:56:11.9420437Z warning: OIBridge/DitaTorusLocus.lean:2730:120: This simp argument is unused:
2026-10-08T06:56:11.9420518Z   a40_shared_fpe
2026-10-08T06:56:11.9420521Z 
2026-10-08T06:56:11.9420621Z Hint: Omit it from the simp argument list.
2026-10-08T06:56:11.9420869Z   [apply] simp (config := { decide := true }) [Matrix.of_apply, a36_shared_div, a36_shared_mod]
2026-10-08T06:56:11.9420877Z 
2026-10-08T06:56:11.9421060Z Note: This linter can be disabled with `set_option linter.unusedSimpArgs false`
2026-10-08T06:56:11.9421249Z warning: OIBridge/DitaTorusLocus.lean:2730:140: Unused tactic linter: `first
2026-10-08T06:56:11.9421325Z | done
2026-10-08T06:56:11.9421398Z | ring
2026-10-08T06:56:11.9421476Z | tauto
2026-10-08T06:56:11.9421570Z | (field_simp; ring)` does nothing
2026-10-08T06:56:11.9421574Z 
2026-10-08T06:56:11.9421750Z Note: This linter can be disabled with `set_option linter.unusedTactic false`
2026-10-08T06:56:11.9421941Z warning: OIBridge/DitaTorusLocus.lean:2730:140: this tactic is never executed
2026-10-08T06:56:11.9421945Z 
2026-10-08T06:56:11.9422145Z Note: This linter can be disabled with `set_option linter.unreachableTactic false`
2026-10-08T06:56:11.9422561Z info: OIBridge/DitaTorusLocus.lean:2731:0: 'OIBridge.DitaTorusLocus.a40_shared_face_1p_rel7' depends on axioms: [propext, Classical.choice, Quot.sound]
2026-10-08T06:56:11.9423105Z info: OIBridge/DitaTorusLocus.lean:2737:0: 'OIBridge.DitaTorusLocus.a40_shared_face_1p_core' depends on axioms: [propext, Classical.choice, Quot.sound]
2026-10-08T06:56:11.9423310Z warning: OIBridge/DitaTorusLocus.lean:2743:88: This simp argument is unused:
2026-10-08T06:56:11.9423388Z   a36_shared_div
2026-10-08T06:56:11.9423393Z 
2026-10-08T06:56:11.9423564Z Hint: Omit it from the simp argument list.
2026-10-08T06:56:11.9423777Z   [apply] simp (config := { decide := true }) [Matrix.of_apply, a36_shared_mod, a40_shared_fpe]
2026-10-08T06:56:11.9423781Z 
2026-10-08T06:56:11.9423971Z Note: This linter can be disabled with `set_option linter.unusedSimpArgs false`
2026-10-08T06:56:11.9424170Z warning: OIBridge/DitaTorusLocus.lean:2743:104: This simp argument is unused:
2026-10-08T06:56:11.9424317Z   a36_shared_mod
2026-10-08T06:56:11.9424320Z 
2026-10-08T06:56:11.9424424Z Hint: Omit it from the simp argument list.
2026-10-08T06:56:11.9424642Z   [apply] simp (config := { decide := true }) [Matrix.of_apply, a36_shared_div, a40_shared_fpe]
2026-10-08T06:56:11.9424649Z 
2026-10-08T06:56:11.9424840Z Note: This linter can be disabled with `set_option linter.unusedSimpArgs false`
2026-10-08T06:56:11.9425027Z warning: OIBridge/DitaTorusLocus.lean:2743:120: This simp argument is unused:
2026-10-08T06:56:11.9425111Z   a40_shared_fpe
2026-10-08T06:56:11.9425115Z 
2026-10-08T06:56:11.9425215Z Hint: Omit it from the simp argument list.
2026-10-08T06:56:11.9425417Z   [apply] simp (config := { decide := true }) [Matrix.of_apply, a36_shared_div, a36_shared_mod]
2026-10-08T06:56:11.9425421Z 
2026-10-08T06:56:11.9425605Z Note: This linter can be disabled with `set_option linter.unusedSimpArgs false`
2026-10-08T06:56:11.9425797Z warning: OIBridge/DitaTorusLocus.lean:2743:140: Unused tactic linter: `first
2026-10-08T06:56:11.9425875Z | done
2026-10-08T06:56:11.9425949Z | ring
2026-10-08T06:56:11.9426023Z | tauto
2026-10-08T06:56:11.9426118Z | (field_simp; ring)` does nothing
2026-10-08T06:56:11.9426121Z 
2026-10-08T06:56:11.9426303Z Note: This linter can be disabled with `set_option linter.unusedTactic false`
2026-10-08T06:56:11.9426574Z warning: OIBridge/DitaTorusLocus.lean:2743:140: this tactic is never executed
2026-10-08T06:56:11.9426581Z 
2026-10-08T06:56:11.9426779Z Note: This linter can be disabled with `set_option linter.unreachableTactic false`
2026-10-08T06:56:11.9427196Z info: OIBridge/DitaTorusLocus.lean:2744:0: 'OIBridge.DitaTorusLocus.a40_shared_face_1m_rel0' depends on axioms: [propext, Classical.choice, Quot.sound]
2026-10-08T06:56:11.9427384Z warning: OIBridge/DitaTorusLocus.lean:2750:88: This simp argument is unused:
2026-10-08T06:56:11.9427465Z   a36_shared_div
2026-10-08T06:56:11.9427469Z 
2026-10-08T06:56:11.9427571Z Hint: Omit it from the simp argument list.
2026-10-08T06:56:11.9427770Z   [apply] simp (config := { decide := true }) [Matrix.of_apply, a36_shared_mod, a40_shared_fpe]
2026-10-08T06:56:11.9427776Z 
2026-10-08T06:56:11.9428021Z Note: This linter can be disabled with `set_option linter.unusedSimpArgs false`
2026-10-08T06:56:11.9428215Z warning: OIBridge/DitaTorusLocus.lean:2750:104: This simp argument is unused:
2026-10-08T06:56:11.9428294Z   a36_shared_mod
2026-10-08T06:56:11.9428298Z 
2026-10-08T06:56:11.9428398Z Hint: Omit it from the simp argument list.
2026-10-08T06:56:11.9428599Z   [apply] simp (config := { decide := true }) [Matrix.of_apply, a36_shared_div, a40_shared_fpe]
2026-10-08T06:56:11.9428603Z 
2026-10-08T06:56:11.9428782Z Note: This linter can be disabled with `set_option linter.unusedSimpArgs false`
2026-10-08T06:56:11.9428969Z warning: OIBridge/DitaTorusLocus.lean:2750:120: This simp argument is unused:
2026-10-08T06:56:11.9429049Z   a40_shared_fpe
2026-10-08T06:56:11.9429052Z 
2026-10-08T06:56:11.9429150Z Hint: Omit it from the simp argument list.
2026-10-08T06:56:11.9429347Z   [apply] simp (config := { decide := true }) [Matrix.of_apply, a36_shared_div, a36_shared_mod]
2026-10-08T06:56:11.9429351Z 
2026-10-08T06:56:11.9429536Z Note: This linter can be disabled with `set_option linter.unusedSimpArgs false`
2026-10-08T06:56:11.9429724Z warning: OIBridge/DitaTorusLocus.lean:2750:140: Unused tactic linter: `first
2026-10-08T06:56:11.9429799Z | done
2026-10-08T06:56:11.9429873Z | ring
2026-10-08T06:56:11.9429949Z | tauto
2026-10-08T06:56:11.9430043Z | (field_simp; ring)` does nothing
2026-10-08T06:56:11.9430046Z 
2026-10-08T06:56:11.9430274Z Note: This linter can be disabled with `set_option linter.unusedTactic false`
2026-10-08T06:56:11.9430466Z warning: OIBridge/DitaTorusLocus.lean:2750:140: this tactic is never executed
2026-10-08T06:56:11.9430469Z 
2026-10-08T06:56:11.9430665Z Note: This linter can be disabled with `set_option linter.unreachableTactic false`
2026-10-08T06:56:11.9431069Z info: OIBridge/DitaTorusLocus.lean:2751:0: 'OIBridge.DitaTorusLocus.a40_shared_face_1m_rel1' depends on axioms: [propext, Classical.choice, Quot.sound]
2026-10-08T06:56:11.9431300Z warning: OIBridge/DitaTorusLocus.lean:2757:88: This simp argument is unused:
2026-10-08T06:56:11.9431379Z   a36_shared_div
2026-10-08T06:56:11.9431386Z 
2026-10-08T06:56:11.9431490Z Hint: Omit it from the simp argument list.
2026-10-08T06:56:11.9431687Z   [apply] simp (config := { decide := true }) [Matrix.of_apply, a36_shared_mod, a40_shared_fpe]
2026-10-08T06:56:11.9431691Z 
2026-10-08T06:56:11.9431872Z Note: This linter can be disabled with `set_option linter.unusedSimpArgs false`
2026-10-08T06:56:11.9432062Z warning: OIBridge/DitaTorusLocus.lean:2757:104: This simp argument is unused:
2026-10-08T06:56:11.9432140Z   a36_shared_mod
2026-10-08T06:56:11.9432143Z 
2026-10-08T06:56:11.9432243Z Hint: Omit it from the simp argument list.
2026-10-08T06:56:11.9432443Z   [apply] simp (config := { decide := true }) [Matrix.of_apply, a36_shared_div, a40_shared_fpe]
2026-10-08T06:56:11.9432449Z 
2026-10-08T06:56:11.9432778Z Note: This linter can be disabled with `set_option linter.unusedSimpArgs false`
2026-10-08T06:56:11.9432970Z warning: OIBridge/DitaTorusLocus.lean:2757:120: This simp argument is unused:
2026-10-08T06:56:11.9433052Z   a40_shared_fpe
2026-10-08T06:56:11.9433121Z 
2026-10-08T06:56:11.9433221Z Hint: Omit it from the simp argument list.
2026-10-08T06:56:11.9433422Z   [apply] simp (config := { decide := true }) [Matrix.of_apply, a36_shared_div, a36_shared_mod]
2026-10-08T06:56:11.9433425Z 
2026-10-08T06:56:11.9433618Z Note: This linter can be disabled with `set_option linter.unusedSimpArgs false`
2026-10-08T06:56:11.9433803Z warning: OIBridge/DitaTorusLocus.lean:2757:140: Unused tactic linter: `first
2026-10-08T06:56:11.9433877Z | done
2026-10-08T06:56:11.9433951Z | ring
2026-10-08T06:56:11.9434034Z | tauto
2026-10-08T06:56:11.9434129Z | (field_simp; ring)` does nothing
2026-10-08T06:56:11.9434133Z 
2026-10-08T06:56:11.9434310Z Note: This linter can be disabled with `set_option linter.unusedTactic false`
2026-10-08T06:56:11.9434501Z warning: OIBridge/DitaTorusLocus.lean:2757:140: this tactic is never executed
2026-10-08T06:56:11.9434505Z 
2026-10-08T06:56:11.9434812Z Note: This linter can be disabled with `set_option linter.unreachableTactic false`
2026-10-08T06:56:11.9435240Z info: OIBridge/DitaTorusLocus.lean:2758:0: 'OIBridge.DitaTorusLocus.a40_shared_face_1m_rel2' depends on axioms: [propext, Classical.choice, Quot.sound]
2026-10-08T06:56:11.9435436Z warning: OIBridge/DitaTorusLocus.lean:2764:88: This simp argument is unused:
2026-10-08T06:56:11.9435516Z   a36_shared_div
2026-10-08T06:56:11.9435522Z 
2026-10-08T06:56:11.9435621Z Hint: Omit it from the simp argument list.
2026-10-08T06:56:11.9435833Z   [apply] simp (config := { decide := true }) [Matrix.of_apply, a36_shared_mod, a40_shared_fpe]
2026-10-08T06:56:11.9435836Z 
2026-10-08T06:56:11.9436027Z Note: This linter can be disabled with `set_option linter.unusedSimpArgs false`
2026-10-08T06:56:11.9436222Z warning: OIBridge/DitaTorusLocus.lean:2764:104: This simp argument is unused:
2026-10-08T06:56:11.9436302Z   a36_shared_mod
2026-10-08T06:56:11.9436306Z 
2026-10-08T06:56:11.9436410Z Hint: Omit it from the simp argument list.
2026-10-08T06:56:11.9436611Z   [apply] simp (config := { decide := true }) [Matrix.of_apply, a36_shared_div, a40_shared_fpe]
2026-10-08T06:56:11.9436618Z 
2026-10-08T06:56:11.9436805Z Note: This linter can be disabled with `set_option linter.unusedSimpArgs false`
2026-10-08T06:56:11.9436995Z warning: OIBridge/DitaTorusLocus.lean:2764:120: This simp argument is unused:
2026-10-08T06:56:11.9437072Z   a40_shared_fpe
2026-10-08T06:56:11.9437140Z 
2026-10-08T06:56:11.9437242Z Hint: Omit it from the simp argument list.
2026-10-08T06:56:11.9437443Z   [apply] simp (config := { decide := true }) [Matrix.of_apply, a36_shared_div, a36_shared_mod]
2026-10-08T06:56:11.9437446Z 
2026-10-08T06:56:11.9437636Z Note: This linter can be disabled with `set_option linter.unusedSimpArgs false`
2026-10-08T06:56:11.9437895Z warning: OIBridge/DitaTorusLocus.lean:2764:140: Unused tactic linter: `first
2026-10-08T06:56:11.9437969Z | done
2026-10-08T06:56:11.9438042Z | ring
2026-10-08T06:56:11.9438121Z | tauto
2026-10-08T06:56:11.9438216Z | (field_simp; ring)` does nothing
2026-10-08T06:56:11.9438224Z 
2026-10-08T06:56:11.9438411Z Note: This linter can be disabled with `set_option linter.unusedTactic false`
2026-10-08T06:56:11.9438601Z warning: OIBridge/DitaTorusLocus.lean:2764:140: this tactic is never executed
2026-10-08T06:56:11.9438604Z 
2026-10-08T06:56:11.9438810Z Note: This linter can be disabled with `set_option linter.unreachableTactic false`
2026-10-08T06:56:11.9439230Z info: OIBridge/DitaTorusLocus.lean:2765:0: 'OIBridge.DitaTorusLocus.a40_shared_face_1m_rel3' depends on axioms: [propext, Classical.choice, Quot.sound]
2026-10-08T06:56:11.9439424Z warning: OIBridge/DitaTorusLocus.lean:2771:88: This simp argument is unused:
2026-10-08T06:56:11.9439508Z   a36_shared_div
2026-10-08T06:56:11.9439511Z 
2026-10-08T06:56:11.9439621Z Hint: Omit it from the simp argument list.
2026-10-08T06:56:11.9439840Z   [apply] simp (config := { decide := true }) [Matrix.of_apply, a36_shared_mod, a40_shared_fpe]
2026-10-08T06:56:11.9439843Z 
2026-10-08T06:56:11.9440040Z Note: This linter can be disabled with `set_option linter.unusedSimpArgs false`
2026-10-08T06:56:11.9440287Z warning: OIBridge/DitaTorusLocus.lean:2771:104: This simp argument is unused:
2026-10-08T06:56:11.9440369Z   a36_shared_mod
2026-10-08T06:56:11.9440373Z 
2026-10-08T06:56:11.9440476Z Hint: Omit it from the simp argument list.
2026-10-08T06:56:11.9440685Z   [apply] simp (config := { decide := true }) [Matrix.of_apply, a36_shared_div, a40_shared_fpe]
2026-10-08T06:56:11.9440689Z 
2026-10-08T06:56:11.9440887Z Note: This linter can be disabled with `set_option linter.unusedSimpArgs false`
2026-10-08T06:56:11.9441078Z warning: OIBridge/DitaTorusLocus.lean:2771:120: This simp argument is unused:
2026-10-08T06:56:11.9441158Z   a40_shared_fpe
2026-10-08T06:56:11.9441163Z 
2026-10-08T06:56:11.9441263Z Hint: Omit it from the simp argument list.
2026-10-08T06:56:11.9441462Z   [apply] simp (config := { decide := true }) [Matrix.of_apply, a36_shared_div, a36_shared_mod]
2026-10-08T06:56:11.9441470Z 
2026-10-08T06:56:11.9441700Z Note: This linter can be disabled with `set_option linter.unusedSimpArgs false`
2026-10-08T06:56:11.9441901Z warning: OIBridge/DitaTorusLocus.lean:2771:140: Unused tactic linter: `first
2026-10-08T06:56:11.9441979Z | done
2026-10-08T06:56:11.9442055Z | ring
2026-10-08T06:56:11.9442132Z | tauto
2026-10-08T06:56:11.9442225Z | (field_simp; ring)` does nothing
2026-10-08T06:56:11.9442230Z 
2026-10-08T06:56:11.9442410Z Note: This linter can be disabled with `set_option linter.unusedTactic false`
2026-10-08T06:56:11.9442597Z warning: OIBridge/DitaTorusLocus.lean:2771:140: this tactic is never executed
2026-10-08T06:56:11.9442600Z 
2026-10-08T06:56:11.9442905Z Note: This linter can be disabled with `set_option linter.unreachableTactic false`
2026-10-08T06:56:11.9443319Z info: OIBridge/DitaTorusLocus.lean:2772:0: 'OIBridge.DitaTorusLocus.a40_shared_face_1m_rel4' depends on axioms: [propext, Classical.choice, Quot.sound]
2026-10-08T06:56:11.9443509Z warning: OIBridge/DitaTorusLocus.lean:2778:88: This simp argument is unused:
2026-10-08T06:56:11.9443588Z   a36_shared_div
2026-10-08T06:56:11.9443595Z 
2026-10-08T06:56:11.9443696Z Hint: Omit it from the simp argument list.
2026-10-08T06:56:11.9443897Z   [apply] simp (config := { decide := true }) [Matrix.of_apply, a36_shared_mod, a40_shared_fpe]
2026-10-08T06:56:11.9443901Z 
2026-10-08T06:56:11.9444151Z Note: This linter can be disabled with `set_option linter.unusedSimpArgs false`
2026-10-08T06:56:11.9444340Z warning: OIBridge/DitaTorusLocus.lean:2778:104: This simp argument is unused:
2026-10-08T06:56:11.9444418Z   a36_shared_mod
2026-10-08T06:56:11.9444422Z 
2026-10-08T06:56:11.9444519Z Hint: Omit it from the simp argument list.
2026-10-08T06:56:11.9444719Z   [apply] simp (config := { decide := true }) [Matrix.of_apply, a36_shared_div, a40_shared_fpe]
2026-10-08T06:56:11.9444791Z 
2026-10-08T06:56:11.9444978Z Note: This linter can be disabled with `set_option linter.unusedSimpArgs false`
2026-10-08T06:56:11.9445165Z warning: OIBridge/DitaTorusLocus.lean:2778:120: This simp argument is unused:
2026-10-08T06:56:11.9445250Z   a40_shared_fpe
2026-10-08T06:56:11.9445253Z 
2026-10-08T06:56:11.9445351Z Hint: Omit it from the simp argument list.
2026-10-08T06:56:11.9445547Z   [apply] simp (config := { decide := true }) [Matrix.of_apply, a36_shared_div, a36_shared_mod]
2026-10-08T06:56:11.9445551Z 
2026-10-08T06:56:11.9445735Z Note: This linter can be disabled with `set_option linter.unusedSimpArgs false`
2026-10-08T06:56:11.9445921Z warning: OIBridge/DitaTorusLocus.lean:2778:140: Unused tactic linter: `first
2026-10-08T06:56:11.9445994Z | done
2026-10-08T06:56:11.9446076Z | ring
2026-10-08T06:56:11.9446156Z | tauto
2026-10-08T06:56:11.9446244Z | (field_simp; ring)` does nothing
2026-10-08T06:56:11.9446248Z 
2026-10-08T06:56:11.9446430Z Note: This linter can be disabled with `set_option linter.unusedTactic false`
2026-10-08T06:56:11.9446617Z warning: OIBridge/DitaTorusLocus.lean:2778:140: this tactic is never executed
2026-10-08T06:56:11.9446624Z 
2026-10-08T06:56:11.9446817Z Note: This linter can be disabled with `set_option linter.unreachableTactic false`
2026-10-08T06:56:11.9447311Z info: OIBridge/DitaTorusLocus.lean:2779:0: 'OIBridge.DitaTorusLocus.a40_shared_face_1m_rel5' depends on axioms: [propext, Classical.choice, Quot.sound]
2026-10-08T06:56:11.9447503Z warning: OIBridge/DitaTorusLocus.lean:2785:88: This simp argument is unused:
2026-10-08T06:56:11.9447584Z   a36_shared_div
2026-10-08T06:56:11.9447587Z 
2026-10-08T06:56:11.9447702Z Hint: Omit it from the simp argument list.
2026-10-08T06:56:11.9447902Z   [apply] simp (config := { decide := true }) [Matrix.of_apply, a36_shared_mod, a40_shared_fpe]
2026-10-08T06:56:11.9447911Z 
2026-10-08T06:56:11.9448099Z Note: This linter can be disabled with `set_option linter.unusedSimpArgs false`
2026-10-08T06:56:11.9448304Z warning: OIBridge/DitaTorusLocus.lean:2785:104: This simp argument is unused:
2026-10-08T06:56:11.9448386Z   a36_shared_mod
2026-10-08T06:56:11.9448397Z 
2026-10-08T06:56:11.9448495Z Hint: Omit it from the simp argument list.
2026-10-08T06:56:11.9448769Z   [apply] simp (config := { decide := true }) [Matrix.of_apply, a36_shared_div, a40_shared_fpe]
2026-10-08T06:56:11.9448776Z 
2026-10-08T06:56:11.9448963Z Note: This linter can be disabled with `set_option linter.unusedSimpArgs false`
2026-10-08T06:56:11.9449155Z warning: OIBridge/DitaTorusLocus.lean:2785:120: This simp argument is unused:
2026-10-08T06:56:11.9449245Z   a40_shared_fpe
2026-10-08T06:56:11.9449248Z 
2026-10-08T06:56:11.9449349Z Hint: Omit it from the simp argument list.
2026-10-08T06:56:11.9449556Z   [apply] simp (config := { decide := true }) [Matrix.of_apply, a36_shared_div, a36_shared_mod]
2026-10-08T06:56:11.9449560Z 
2026-10-08T06:56:11.9449742Z Note: This linter can be disabled with `set_option linter.unusedSimpArgs false`
2026-10-08T06:56:11.9449932Z warning: OIBridge/DitaTorusLocus.lean:2785:140: Unused tactic linter: `first
2026-10-08T06:56:11.9450011Z | done
2026-10-08T06:56:11.9450091Z | ring
2026-10-08T06:56:11.9450164Z | tauto
2026-10-08T06:56:11.9450261Z | (field_simp; ring)` does nothing
2026-10-08T06:56:11.9450270Z 
2026-10-08T06:56:11.9450455Z Note: This linter can be disabled with `set_option linter.unusedTactic false`
2026-10-08T06:56:11.9450641Z warning: OIBridge/DitaTorusLocus.lean:2785:140: this tactic is never executed
2026-10-08T06:56:11.9450644Z 
2026-10-08T06:56:11.9450904Z Note: This linter can be disabled with `set_option linter.unreachableTactic false`
2026-10-08T06:56:11.9451330Z info: OIBridge/DitaTorusLocus.lean:2786:0: 'OIBridge.DitaTorusLocus.a40_shared_face_1m_rel6' depends on axioms: [propext, Classical.choice, Quot.sound]
2026-10-08T06:56:11.9451517Z warning: OIBridge/DitaTorusLocus.lean:2792:88: This simp argument is unused:
2026-10-08T06:56:11.9451605Z   a36_shared_div
2026-10-08T06:56:11.9451659Z 
2026-10-08T06:56:11.9451761Z Hint: Omit it from the simp argument list.
2026-10-08T06:56:11.9451962Z   [apply] simp (config := { decide := true }) [Matrix.of_apply, a36_shared_mod, a40_shared_fpe]
2026-10-08T06:56:11.9451966Z 
2026-10-08T06:56:11.9452156Z Note: This linter can be disabled with `set_option linter.unusedSimpArgs false`
2026-10-08T06:56:11.9452354Z warning: OIBridge/DitaTorusLocus.lean:2792:104: This simp argument is unused:
2026-10-08T06:56:11.9452432Z   a36_shared_mod
2026-10-08T06:56:11.9452435Z 
2026-10-08T06:56:11.9452539Z Hint: Omit it from the simp argument list.
2026-10-08T06:56:11.9452862Z   [apply] simp (config := { decide := true }) [Matrix.of_apply, a36_shared_div, a40_shared_fpe]
2026-10-08T06:56:11.9452865Z 
2026-10-08T06:56:11.9453052Z Note: This linter can be disabled with `set_option linter.unusedSimpArgs false`
2026-10-08T06:56:11.9453253Z warning: OIBridge/DitaTorusLocus.lean:2792:120: This simp argument is unused:
2026-10-08T06:56:11.9453345Z   a40_shared_fpe
2026-10-08T06:56:11.9453348Z 
2026-10-08T06:56:11.9453447Z Hint: Omit it from the simp argument list.
2026-10-08T06:56:11.9453655Z   [apply] simp (config := { decide := true }) [Matrix.of_apply, a36_shared_div, a36_shared_mod]
2026-10-08T06:56:11.9453659Z 
2026-10-08T06:56:11.9453851Z Note: This linter can be disabled with `set_option linter.unusedSimpArgs false`
2026-10-08T06:56:11.9454115Z warning: OIBridge/DitaTorusLocus.lean:2792:140: Unused tactic linter: `first
2026-10-08T06:56:11.9454193Z | done
2026-10-08T06:56:11.9454268Z | ring
2026-10-08T06:56:11.9454342Z | tauto
2026-10-08T06:56:11.9454442Z | (field_simp; ring)` does nothing
2026-10-08T06:56:11.9454446Z 
2026-10-08T06:56:11.9454621Z Note: This linter can be disabled with `set_option linter.unusedTactic false`
2026-10-08T06:56:11.9454819Z warning: OIBridge/DitaTorusLocus.lean:2792:140: this tactic is never executed
2026-10-08T06:56:11.9454823Z 
2026-10-08T06:56:11.9455027Z Note: This linter can be disabled with `set_option linter.unreachableTactic false`
2026-10-08T06:56:11.9455440Z info: OIBridge/DitaTorusLocus.lean:2793:0: 'OIBridge.DitaTorusLocus.a40_shared_face_1m_rel7' depends on axioms: [propext, Classical.choice, Quot.sound]
2026-10-08T06:56:11.9455921Z info: OIBridge/DitaTorusLocus.lean:2799:0: 'OIBridge.DitaTorusLocus.a40_shared_face_1m_core' depends on axioms: [propext, Classical.choice, Quot.sound]
2026-10-08T06:56:11.9456114Z warning: OIBridge/DitaTorusLocus.lean:2805:88: This simp argument is unused:
2026-10-08T06:56:11.9456192Z   a36_shared_div
2026-10-08T06:56:11.9456201Z 
2026-10-08T06:56:11.9456300Z Hint: Omit it from the simp argument list.
2026-10-08T06:56:11.9456504Z   [apply] simp (config := { decide := true }) [Matrix.of_apply, a36_shared_mod, a40_shared_fpe]
2026-10-08T06:56:11.9456508Z 
2026-10-08T06:56:11.9456693Z Note: This linter can be disabled with `set_option linter.unusedSimpArgs false`
2026-10-08T06:56:11.9456882Z warning: OIBridge/DitaTorusLocus.lean:2805:120: This simp argument is unused:
2026-10-08T06:56:11.9456964Z   a40_shared_fpe
2026-10-08T06:56:11.9456968Z 
2026-10-08T06:56:11.9457063Z Hint: Omit it from the simp argument list.
2026-10-08T06:56:11.9457262Z   [apply] simp (config := { decide := true }) [Matrix.of_apply, a36_shared_div, a36_shared_mod]
2026-10-08T06:56:11.9457267Z 
2026-10-08T06:56:11.9457460Z Note: This linter can be disabled with `set_option linter.unusedSimpArgs false`
2026-10-08T06:56:11.9457647Z warning: OIBridge/DitaTorusLocus.lean:2805:140: Unused tactic linter: `first
2026-10-08T06:56:11.9457723Z | done
2026-10-08T06:56:11.9457798Z | ring
2026-10-08T06:56:11.9457871Z | tauto
2026-10-08T06:56:11.9458027Z | (field_simp; ring)` does nothing
2026-10-08T06:56:11.9458031Z 
2026-10-08T06:56:11.9458210Z Note: This linter can be disabled with `set_option linter.unusedTactic false`
2026-10-08T06:56:11.9458396Z warning: OIBridge/DitaTorusLocus.lean:2805:140: this tactic is never executed
2026-10-08T06:56:11.9458399Z 
2026-10-08T06:56:11.9458594Z Note: This linter can be disabled with `set_option linter.unreachableTactic false`
2026-10-08T06:56:11.9459083Z info: OIBridge/DitaTorusLocus.lean:2806:0: 'OIBridge.DitaTorusLocus.a40_shared_face_2p_rel0' depends on axioms: [propext, Classical.choice, Quot.sound]
2026-10-08T06:56:11.9459274Z warning: OIBridge/DitaTorusLocus.lean:2812:88: This simp argument is unused:
2026-10-08T06:56:11.9459357Z   a36_shared_div
2026-10-08T06:56:11.9459361Z 
2026-10-08T06:56:11.9459463Z Hint: Omit it from the simp argument list.
2026-10-08T06:56:11.9459662Z   [apply] simp (config := { decide := true }) [Matrix.of_apply, a36_shared_mod, a40_shared_fpe]
2026-10-08T06:56:11.9459666Z 
2026-10-08T06:56:11.9459856Z Note: This linter can be disabled with `set_option linter.unusedSimpArgs false`
2026-10-08T06:56:11.9460049Z warning: OIBridge/DitaTorusLocus.lean:2812:120: This simp argument is unused:
2026-10-08T06:56:11.9460126Z   a40_shared_fpe
2026-10-08T06:56:11.9460129Z 
2026-10-08T06:56:11.9460232Z Hint: Omit it from the simp argument list.
2026-10-08T06:56:11.9460438Z   [apply] simp (config := { decide := true }) [Matrix.of_apply, a36_shared_div, a36_shared_mod]
2026-10-08T06:56:11.9460442Z 
2026-10-08T06:56:11.9460625Z Note: This linter can be disabled with `set_option linter.unusedSimpArgs false`
2026-10-08T06:56:11.9460823Z warning: OIBridge/DitaTorusLocus.lean:2812:140: Unused tactic linter: `first
2026-10-08T06:56:11.9460953Z | done
2026-10-08T06:56:11.9461025Z | ring
2026-10-08T06:56:11.9461100Z | tauto
2026-10-08T06:56:11.9461191Z | (field_simp; ring)` does nothing
2026-10-08T06:56:11.9461195Z 
2026-10-08T06:56:11.9461384Z Note: This linter can be disabled with `set_option linter.unusedTactic false`
2026-10-08T06:56:11.9461579Z warning: OIBridge/DitaTorusLocus.lean:2812:140: this tactic is never executed
2026-10-08T06:56:11.9461583Z 
2026-10-08T06:56:11.9461779Z Note: This linter can be disabled with `set_option linter.unreachableTactic false`
2026-10-08T06:56:11.9462194Z info: OIBridge/DitaTorusLocus.lean:2813:0: 'OIBridge.DitaTorusLocus.a40_shared_face_2p_rel1' depends on axioms: [propext, Classical.choice, Quot.sound]
2026-10-08T06:56:11.9462389Z warning: OIBridge/DitaTorusLocus.lean:2819:88: This simp argument is unused:
2026-10-08T06:56:11.9462469Z   a36_shared_div
2026-10-08T06:56:11.9462477Z 
2026-10-08T06:56:11.9462741Z Hint: Omit it from the simp argument list.
2026-10-08T06:56:11.9462951Z   [apply] simp (config := { decide := true }) [Matrix.of_apply, a36_shared_mod, a40_shared_fpe]
2026-10-08T06:56:11.9462955Z 
2026-10-08T06:56:11.9463136Z Note: This linter can be disabled with `set_option linter.unusedSimpArgs false`
2026-10-08T06:56:11.9463333Z warning: OIBridge/DitaTorusLocus.lean:2819:120: This simp argument is unused:
2026-10-08T06:56:11.9463426Z   a40_shared_fpe
2026-10-08T06:56:11.9463429Z 
2026-10-08T06:56:11.9463530Z Hint: Omit it from the simp argument list.
2026-10-08T06:56:11.9463730Z   [apply] simp (config := { decide := true }) [Matrix.of_apply, a36_shared_div, a36_shared_mod]
2026-10-08T06:56:11.9463734Z 
2026-10-08T06:56:11.9463929Z Note: This linter can be disabled with `set_option linter.unusedSimpArgs false`
2026-10-08T06:56:11.9464124Z warning: OIBridge/DitaTorusLocus.lean:2819:140: Unused tactic linter: `first
2026-10-08T06:56:11.9464202Z | done
2026-10-08T06:56:11.9464277Z | ring
2026-10-08T06:56:11.9464353Z | tauto
2026-10-08T06:56:11.9464449Z | (field_simp; ring)` does nothing
2026-10-08T06:56:11.9464455Z 
2026-10-08T06:56:11.9464636Z Note: This linter can be disabled with `set_option linter.unusedTactic false`
2026-10-08T06:56:11.9464827Z warning: OIBridge/DitaTorusLocus.lean:2819:140: this tactic is never executed
2026-10-08T06:56:11.9464830Z 
2026-10-08T06:56:11.9465094Z Note: This linter can be disabled with `set_option linter.unreachableTactic false`
2026-10-08T06:56:11.9465527Z info: OIBridge/DitaTorusLocus.lean:2820:0: 'OIBridge.DitaTorusLocus.a40_shared_face_2p_rel2' depends on axioms: [propext, Classical.choice, Quot.sound]
2026-10-08T06:56:11.9465716Z warning: OIBridge/DitaTorusLocus.lean:2826:88: This simp argument is unused:
2026-10-08T06:56:11.9465859Z   a36_shared_div
2026-10-08T06:56:11.9465862Z 
2026-10-08T06:56:11.9465964Z Hint: Omit it from the simp argument list.
2026-10-08T06:56:11.9466168Z   [apply] simp (config := { decide := true }) [Matrix.of_apply, a36_shared_mod, a40_shared_fpe]
2026-10-08T06:56:11.9466175Z 
2026-10-08T06:56:11.9466367Z Note: This linter can be disabled with `set_option linter.unusedSimpArgs false`
2026-10-08T06:56:11.9466560Z warning: OIBridge/DitaTorusLocus.lean:2826:120: This simp argument is unused:
2026-10-08T06:56:11.9466640Z   a40_shared_fpe
2026-10-08T06:56:11.9466643Z 
2026-10-08T06:56:11.9466750Z Hint: Omit it from the simp argument list.
2026-10-08T06:56:11.9466955Z   [apply] simp (config := { decide := true }) [Matrix.of_apply, a36_shared_div, a36_shared_mod]
2026-10-08T06:56:11.9466959Z 
2026-10-08T06:56:11.9467140Z Note: This linter can be disabled with `set_option linter.unusedSimpArgs false`
2026-10-08T06:56:11.9467332Z warning: OIBridge/DitaTorusLocus.lean:2826:140: Unused tactic linter: `first
2026-10-08T06:56:11.9467414Z | done
2026-10-08T06:56:11.9467489Z | ring
2026-10-08T06:56:11.9467572Z | tauto
2026-10-08T06:56:11.9467663Z | (field_simp; ring)` does nothing
2026-10-08T06:56:11.9467666Z 
2026-10-08T06:56:11.9467850Z Note: This linter can be disabled with `set_option linter.unusedTactic false`
2026-10-08T06:56:11.9468108Z warning: OIBridge/DitaTorusLocus.lean:2826:140: this tactic is never executed
2026-10-08T06:56:11.9468111Z 
2026-10-08T06:56:11.9468303Z Note: This linter can be disabled with `set_option linter.unreachableTactic false`
2026-10-08T06:56:11.9468715Z info: OIBridge/DitaTorusLocus.lean:2827:0: 'OIBridge.DitaTorusLocus.a40_shared_face_2p_rel3' depends on axioms: [propext, Classical.choice, Quot.sound]
2026-10-08T06:56:11.9468908Z warning: OIBridge/DitaTorusLocus.lean:2833:88: This simp argument is unused:
2026-10-08T06:56:11.9468988Z   a36_shared_div
2026-10-08T06:56:11.9468991Z 
2026-10-08T06:56:11.9469093Z Hint: Omit it from the simp argument list.
2026-10-08T06:56:11.9469300Z   [apply] simp (config := { decide := true }) [Matrix.of_apply, a36_shared_mod, a40_shared_fpe]
2026-10-08T06:56:11.9469304Z 
2026-10-08T06:56:11.9469487Z Note: This linter can be disabled with `set_option linter.unusedSimpArgs false`
2026-10-08T06:56:11.9469740Z warning: OIBridge/DitaTorusLocus.lean:2833:120: This simp argument is unused:
2026-10-08T06:56:11.9469827Z   a40_shared_fpe
2026-10-08T06:56:11.9469831Z 
2026-10-08T06:56:11.9469929Z Hint: Omit it from the simp argument list.
2026-10-08T06:56:11.9470135Z   [apply] simp (config := { decide := true }) [Matrix.of_apply, a36_shared_div, a36_shared_mod]
2026-10-08T06:56:11.9470140Z 
2026-10-08T06:56:11.9470326Z Note: This linter can be disabled with `set_option linter.unusedSimpArgs false`
2026-10-08T06:56:11.9470515Z warning: OIBridge/DitaTorusLocus.lean:2833:140: Unused tactic linter: `first
2026-10-08T06:56:11.9470594Z | done
2026-10-08T06:56:11.9470672Z | ring
2026-10-08T06:56:11.9470747Z | tauto
2026-10-08T06:56:11.9470841Z | (field_simp; ring)` does nothing
2026-10-08T06:56:11.9470847Z 
2026-10-08T06:56:11.9471026Z Note: This linter can be disabled with `set_option linter.unusedTactic false`
2026-10-08T06:56:11.9471214Z warning: OIBridge/DitaTorusLocus.lean:2833:140: this tactic is never executed
2026-10-08T06:56:11.9471219Z 
2026-10-08T06:56:11.9471421Z Note: This linter can be disabled with `set_option linter.unreachableTactic false`
2026-10-08T06:56:11.9471831Z info: OIBridge/DitaTorusLocus.lean:2834:0: 'OIBridge.DitaTorusLocus.a40_shared_face_2p_rel4' depends on axioms: [propext, Classical.choice, Quot.sound]
2026-10-08T06:56:11.9472062Z warning: OIBridge/DitaTorusLocus.lean:2840:88: This simp argument is unused:
2026-10-08T06:56:11.9472149Z   a36_shared_div
2026-10-08T06:56:11.9472152Z 
2026-10-08T06:56:11.9472253Z Hint: Omit it from the simp argument list.
2026-10-08T06:56:11.9472451Z   [apply] simp (config := { decide := true }) [Matrix.of_apply, a36_shared_mod, a40_shared_fpe]
2026-10-08T06:56:11.9472454Z 
2026-10-08T06:56:11.9472803Z Note: This linter can be disabled with `set_option linter.unusedSimpArgs false`
2026-10-08T06:56:11.9472999Z warning: OIBridge/DitaTorusLocus.lean:2840:120: This simp argument is unused:
2026-10-08T06:56:11.9473078Z   a40_shared_fpe
2026-10-08T06:56:11.9473081Z 
2026-10-08T06:56:11.9473187Z Hint: Omit it from the simp argument list.
2026-10-08T06:56:11.9473397Z   [apply] simp (config := { decide := true }) [Matrix.of_apply, a36_shared_div, a36_shared_mod]
2026-10-08T06:56:11.9473400Z 
2026-10-08T06:56:11.9473582Z Note: This linter can be disabled with `set_option linter.unusedSimpArgs false`
2026-10-08T06:56:11.9473773Z warning: OIBridge/DitaTorusLocus.lean:2840:140: Unused tactic linter: `first
2026-10-08T06:56:11.9473853Z | done
2026-10-08T06:56:11.9473927Z | ring
2026-10-08T06:56:11.9474007Z | tauto
2026-10-08T06:56:11.9474099Z | (field_simp; ring)` does nothing
2026-10-08T06:56:11.9474103Z 
2026-10-08T06:56:11.9474284Z Note: This linter can be disabled with `set_option linter.unusedTactic false`
2026-10-08T06:56:11.9474481Z warning: OIBridge/DitaTorusLocus.lean:2840:140: this tactic is never executed
2026-10-08T06:56:11.9474485Z 
2026-10-08T06:56:11.9474675Z Note: This linter can be disabled with `set_option linter.unreachableTactic false`
2026-10-08T06:56:11.9475088Z info: OIBridge/DitaTorusLocus.lean:2841:0: 'OIBridge.DitaTorusLocus.a40_shared_face_2p_rel5' depends on axioms: [propext, Classical.choice, Quot.sound]
2026-10-08T06:56:11.9475347Z warning: OIBridge/DitaTorusLocus.lean:2847:88: This simp argument is unused:
2026-10-08T06:56:11.9475427Z   a36_shared_div
2026-10-08T06:56:11.9475430Z 
2026-10-08T06:56:11.9475536Z Hint: Omit it from the simp argument list.
2026-10-08T06:56:11.9475740Z   [apply] simp (config := { decide := true }) [Matrix.of_apply, a36_shared_mod, a40_shared_fpe]
2026-10-08T06:56:11.9475743Z 
2026-10-08T06:56:11.9475924Z Note: This linter can be disabled with `set_option linter.unusedSimpArgs false`
2026-10-08T06:56:11.9476117Z warning: OIBridge/DitaTorusLocus.lean:2847:120: This simp argument is unused:
2026-10-08T06:56:11.9476202Z   a40_shared_fpe
2026-10-08T06:56:11.9476205Z 
2026-10-08T06:56:11.9476305Z Hint: Omit it from the simp argument list.
2026-10-08T06:56:11.9476572Z   [apply] simp (config := { decide := true }) [Matrix.of_apply, a36_shared_div, a36_shared_mod]
2026-10-08T06:56:11.9476579Z 
2026-10-08T06:56:11.9476766Z Note: This linter can be disabled with `set_option linter.unusedSimpArgs false`
2026-10-08T06:56:11.9476951Z warning: OIBridge/DitaTorusLocus.lean:2847:140: Unused tactic linter: `first
2026-10-08T06:56:11.9477034Z | done
2026-10-08T06:56:11.9477111Z | ring
2026-10-08T06:56:11.9477186Z | tauto
2026-10-08T06:56:11.9477280Z | (field_simp; ring)` does nothing
2026-10-08T06:56:11.9477284Z 
2026-10-08T06:56:11.9477469Z Note: This linter can be disabled with `set_option linter.unusedTactic false`
2026-10-08T06:56:11.9477660Z warning: OIBridge/DitaTorusLocus.lean:2847:140: this tactic is never executed
2026-10-08T06:56:11.9477663Z 
2026-10-08T06:56:11.9477863Z Note: This linter can be disabled with `set_option linter.unreachableTactic false`
2026-10-08T06:56:11.9478275Z info: OIBridge/DitaTorusLocus.lean:2848:0: 'OIBridge.DitaTorusLocus.a40_shared_face_2p_rel6' depends on axioms: [propext, Classical.choice, Quot.sound]
2026-10-08T06:56:11.9478463Z warning: OIBridge/DitaTorusLocus.lean:2854:88: This simp argument is unused:
2026-10-08T06:56:11.9478550Z   a36_shared_div
2026-10-08T06:56:11.9478553Z 
2026-10-08T06:56:11.9478659Z Hint: Omit it from the simp argument list.
2026-10-08T06:56:11.9478856Z   [apply] simp (config := { decide := true }) [Matrix.of_apply, a36_shared_mod, a40_shared_fpe]
2026-10-08T06:56:11.9478930Z 
2026-10-08T06:56:11.9479122Z Note: This linter can be disabled with `set_option linter.unusedSimpArgs false`
2026-10-08T06:56:11.9479313Z warning: OIBridge/DitaTorusLocus.lean:2854:120: This simp argument is unused:
2026-10-08T06:56:11.9479392Z   a40_shared_fpe
2026-10-08T06:56:11.9479395Z 
2026-10-08T06:56:11.9479498Z Hint: Omit it from the simp argument list.
2026-10-08T06:56:11.9479766Z   [apply] simp (config := { decide := true }) [Matrix.of_apply, a36_shared_div, a36_shared_mod]
2026-10-08T06:56:11.9479769Z 
2026-10-08T06:56:11.9479951Z Note: This linter can be disabled with `set_option linter.unusedSimpArgs false`
2026-10-08T06:56:11.9480141Z warning: OIBridge/DitaTorusLocus.lean:2854:140: Unused tactic linter: `first
2026-10-08T06:56:11.9480222Z | done
2026-10-08T06:56:11.9480295Z | ring
2026-10-08T06:56:11.9480375Z | tauto
2026-10-08T06:56:11.9480464Z | (field_simp; ring)` does nothing
2026-10-08T06:56:11.9480468Z 
2026-10-08T06:56:11.9480648Z Note: This linter can be disabled with `set_option linter.unusedTactic false`
2026-10-08T06:56:11.9480883Z warning: OIBridge/DitaTorusLocus.lean:2854:140: this tactic is never executed
2026-10-08T06:56:11.9480888Z 
2026-10-08T06:56:11.9481078Z Note: This linter can be disabled with `set_option linter.unreachableTactic false`
2026-10-08T06:56:11.9481489Z info: OIBridge/DitaTorusLocus.lean:2855:0: 'OIBridge.DitaTorusLocus.a40_shared_face_2p_rel7' depends on axioms: [propext, Classical.choice, Quot.sound]
2026-10-08T06:56:11.9481903Z info: OIBridge/DitaTorusLocus.lean:2861:0: 'OIBridge.DitaTorusLocus.a40_shared_face_2p_core' depends on axioms: [propext, Classical.choice, Quot.sound]
2026-10-08T06:56:11.9482089Z warning: OIBridge/DitaTorusLocus.lean:2868:88: This simp argument is unused:
2026-10-08T06:56:11.9482222Z   a36_shared_div
2026-10-08T06:56:11.9482224Z 
2026-10-08T06:56:11.9482326Z Hint: Omit it from the simp argument list.
2026-10-08T06:56:11.9482527Z   [apply] simp (config := { decide := true }) [Matrix.of_apply, a36_shared_mod, a40_shared_fpe]
2026-10-08T06:56:11.9482537Z 
2026-10-08T06:56:11.9482829Z Note: This linter can be disabled with `set_option linter.unusedSimpArgs false`
2026-10-08T06:56:11.9483024Z warning: OIBridge/DitaTorusLocus.lean:2868:120: This simp argument is unused:
2026-10-08T06:56:11.9483101Z   a40_shared_fpe
2026-10-08T06:56:11.9483105Z 
2026-10-08T06:56:11.9483209Z Hint: Omit it from the simp argument list.
2026-10-08T06:56:11.9483418Z   [apply] simp (config := { decide := true }) [Matrix.of_apply, a36_shared_div, a36_shared_mod]
2026-10-08T06:56:11.9483422Z 
2026-10-08T06:56:11.9483672Z Note: This linter can be disabled with `set_option linter.unusedSimpArgs false`
2026-10-08T06:56:11.9483865Z warning: OIBridge/DitaTorusLocus.lean:2868:140: Unused tactic linter: `first
2026-10-08T06:56:11.9483945Z | done
2026-10-08T06:56:11.9484019Z | ring
2026-10-08T06:56:11.9484098Z | tauto
2026-10-08T06:56:11.9484192Z | (field_simp; ring)` does nothing
2026-10-08T06:56:11.9484195Z 
2026-10-08T06:56:11.9484373Z Note: This linter can be disabled with `set_option linter.unusedTactic false`
2026-10-08T06:56:11.9484565Z warning: OIBridge/DitaTorusLocus.lean:2868:140: this tactic is never executed
2026-10-08T06:56:11.9484569Z 
2026-10-08T06:56:11.9484766Z Note: This linter can be disabled with `set_option linter.unreachableTactic false`
2026-10-08T06:56:11.9485171Z info: OIBridge/DitaTorusLocus.lean:2869:0: 'OIBridge.DitaTorusLocus.a40_shared_face_3p_rel0' depends on axioms: [propext, Classical.choice, Quot.sound]
2026-10-08T06:56:11.9485363Z warning: OIBridge/DitaTorusLocus.lean:2876:88: This simp argument is unused:
2026-10-08T06:56:11.9485446Z   a36_shared_div
2026-10-08T06:56:11.9485453Z 
2026-10-08T06:56:11.9485555Z Hint: Omit it from the simp argument list.
2026-10-08T06:56:11.9485760Z   [apply] simp (config := { decide := true }) [Matrix.of_apply, a36_shared_mod, a40_shared_fpe]
2026-10-08T06:56:11.9485763Z 
2026-10-08T06:56:11.9485952Z Note: This linter can be disabled with `set_option linter.unusedSimpArgs false`
2026-10-08T06:56:11.9486226Z warning: OIBridge/DitaTorusLocus.lean:2876:120: This simp argument is unused:
2026-10-08T06:56:11.9486312Z   a40_shared_fpe
2026-10-08T06:56:11.9486315Z 
2026-10-08T06:56:11.9486417Z Hint: Omit it from the simp argument list.
2026-10-08T06:56:11.9486616Z   [apply] simp (config := { decide := true }) [Matrix.of_apply, a36_shared_div, a36_shared_mod]
2026-10-08T06:56:11.9486682Z 
2026-10-08T06:56:11.9486866Z Note: This linter can be disabled with `set_option linter.unusedSimpArgs false`
2026-10-08T06:56:11.9487055Z warning: OIBridge/DitaTorusLocus.lean:2876:140: Unused tactic linter: `first
2026-10-08T06:56:11.9487131Z | done
2026-10-08T06:56:11.9487210Z | ring
2026-10-08T06:56:11.9487287Z | tauto
2026-10-08T06:56:11.9487383Z | (field_simp; ring)` does nothing
2026-10-08T06:56:11.9487386Z 
2026-10-08T06:56:11.9487569Z Note: This linter can be disabled with `set_option linter.unusedTactic false`
2026-10-08T06:56:11.9487755Z warning: OIBridge/DitaTorusLocus.lean:2876:140: this tactic is never executed
2026-10-08T06:56:11.9487761Z 
2026-10-08T06:56:11.9487959Z Note: This linter can be disabled with `set_option linter.unreachableTactic false`
2026-10-08T06:56:11.9488369Z info: OIBridge/DitaTorusLocus.lean:2877:0: 'OIBridge.DitaTorusLocus.a40_shared_face_3p_rel1' depends on axioms: [propext, Classical.choice, Quot.sound]
2026-10-08T06:56:11.9488555Z warning: OIBridge/DitaTorusLocus.lean:2884:88: This simp argument is unused:
2026-10-08T06:56:11.9488643Z   a36_shared_div
2026-10-08T06:56:11.9488646Z 
2026-10-08T06:56:11.9488750Z Hint: Omit it from the simp argument list.
2026-10-08T06:56:11.9488951Z   [apply] simp (config := { decide := true }) [Matrix.of_apply, a36_shared_mod, a40_shared_fpe]
2026-10-08T06:56:11.9489052Z 
2026-10-08T06:56:11.9489239Z Note: This linter can be disabled with `set_option linter.unusedSimpArgs false`
2026-10-08T06:56:11.9489432Z warning: OIBridge/DitaTorusLocus.lean:2884:120: This simp argument is unused:
2026-10-08T06:56:11.9489511Z   a40_shared_fpe
2026-10-08T06:56:11.9489514Z 
2026-10-08T06:56:11.9489621Z Hint: Omit it from the simp argument list.
2026-10-08T06:56:11.9489824Z   [apply] simp (config := { decide := true }) [Matrix.of_apply, a36_shared_div, a36_shared_mod]
2026-10-08T06:56:11.9489827Z 
2026-10-08T06:56:11.9490009Z Note: This linter can be disabled with `set_option linter.unusedSimpArgs false`
2026-10-08T06:56:11.9490200Z warning: OIBridge/DitaTorusLocus.lean:2884:140: Unused tactic linter: `first
2026-10-08T06:56:11.9490281Z | done
2026-10-08T06:56:11.9490355Z | ring
2026-10-08T06:56:11.9490434Z | tauto
2026-10-08T06:56:11.9490528Z | (field_simp; ring)` does nothing
2026-10-08T06:56:11.9490531Z 
2026-10-08T06:56:11.9490753Z Note: This linter can be disabled with `set_option linter.unusedTactic false`
2026-10-08T06:56:11.9490950Z warning: OIBridge/DitaTorusLocus.lean:2884:140: this tactic is never executed
2026-10-08T06:56:11.9490953Z 
2026-10-08T06:56:11.9491152Z Note: This linter can be disabled with `set_option linter.unreachableTactic false`
2026-10-08T06:56:11.9491562Z info: OIBridge/DitaTorusLocus.lean:2885:0: 'OIBridge.DitaTorusLocus.a40_shared_face_3p_rel2' depends on axioms: [propext, Classical.choice, Quot.sound]
2026-10-08T06:56:11.9491754Z warning: OIBridge/DitaTorusLocus.lean:2892:88: This simp argument is unused:
2026-10-08T06:56:11.9491839Z   a36_shared_div
2026-10-08T06:56:11.9491842Z 
2026-10-08T06:56:11.9491940Z Hint: Omit it from the simp argument list.
2026-10-08T06:56:11.9492149Z   [apply] simp (config := { decide := true }) [Matrix.of_apply, a36_shared_mod, a40_shared_fpe]
2026-10-08T06:56:11.9492153Z 
2026-10-08T06:56:11.9492346Z Note: This linter can be disabled with `set_option linter.unusedSimpArgs false`
2026-10-08T06:56:11.9492548Z warning: OIBridge/DitaTorusLocus.lean:2892:120: This simp argument is unused:
2026-10-08T06:56:11.9492734Z   a40_shared_fpe
2026-10-08T06:56:11.9492737Z 
2026-10-08T06:56:11.9492848Z Hint: Omit it from the simp argument list.
2026-10-08T06:56:11.9493130Z   [apply] simp (config := { decide := true }) [Matrix.of_apply, a36_shared_div, a36_shared_mod]
2026-10-08T06:56:11.9493134Z 
2026-10-08T06:56:11.9493339Z Note: This linter can be disabled with `set_option linter.unusedSimpArgs false`
2026-10-08T06:56:11.9493540Z warning: OIBridge/DitaTorusLocus.lean:2892:140: Unused tactic linter: `first
2026-10-08T06:56:11.9493616Z | done
2026-10-08T06:56:11.9493695Z | ring
2026-10-08T06:56:11.9493773Z | tauto
2026-10-08T06:56:11.9493933Z | (field_simp; ring)` does nothing
2026-10-08T06:56:11.9493936Z 
2026-10-08T06:56:11.9494123Z Note: This linter can be disabled with `set_option linter.unusedTactic false`
2026-10-08T06:56:11.9494318Z warning: OIBridge/DitaTorusLocus.lean:2892:140: this tactic is never executed
2026-10-08T06:56:11.9494325Z 
2026-10-08T06:56:11.9494534Z Note: This linter can be disabled with `set_option linter.unreachableTactic false`
2026-10-08T06:56:11.9494958Z info: OIBridge/DitaTorusLocus.lean:2893:0: 'OIBridge.DitaTorusLocus.a40_shared_face_3p_rel3' depends on axioms: [propext, Classical.choice, Quot.sound]
2026-10-08T06:56:11.9495152Z warning: OIBridge/DitaTorusLocus.lean:2900:88: This simp argument is unused:
2026-10-08T06:56:11.9495236Z   a36_shared_div
2026-10-08T06:56:11.9495240Z 
2026-10-08T06:56:11.9495347Z Hint: Omit it from the simp argument list.
2026-10-08T06:56:11.9495556Z   [apply] simp (config := { decide := true }) [Matrix.of_apply, a36_shared_mod, a40_shared_fpe]
2026-10-08T06:56:11.9495561Z 
2026-10-08T06:56:11.9495752Z Note: This linter can be disabled with `set_option linter.unusedSimpArgs false`
2026-10-08T06:56:11.9495948Z warning: OIBridge/DitaTorusLocus.lean:2900:120: This simp argument is unused:
2026-10-08T06:56:11.9496029Z   a40_shared_fpe
2026-10-08T06:56:11.9496033Z 
2026-10-08T06:56:11.9496201Z Hint: Omit it from the simp argument list.
2026-10-08T06:56:11.9496408Z   [apply] simp (config := { decide := true }) [Matrix.of_apply, a36_shared_div, a36_shared_mod]
2026-10-08T06:56:11.9496412Z 
2026-10-08T06:56:11.9496598Z Note: This linter can be disabled with `set_option linter.unusedSimpArgs false`
2026-10-08T06:56:11.9496792Z warning: OIBridge/DitaTorusLocus.lean:2900:140: Unused tactic linter: `first
2026-10-08T06:56:11.9496870Z | done
2026-10-08T06:56:11.9496944Z | ring
2026-10-08T06:56:11.9497025Z | tauto
2026-10-08T06:56:11.9497122Z | (field_simp; ring)` does nothing
2026-10-08T06:56:11.9497125Z 
2026-10-08T06:56:11.9497304Z Note: This linter can be disabled with `set_option linter.unusedTactic false`
2026-10-08T06:56:11.9497501Z warning: OIBridge/DitaTorusLocus.lean:2900:140: this tactic is never executed
2026-10-08T06:56:11.9497504Z 
2026-10-08T06:56:11.9497769Z Note: This linter can be disabled with `set_option linter.unreachableTactic false`
2026-10-08T06:56:11.9498195Z info: OIBridge/DitaTorusLocus.lean:2901:0: 'OIBridge.DitaTorusLocus.a40_shared_face_3p_rel4' depends on axioms: [propext, Classical.choice, Quot.sound]
2026-10-08T06:56:11.9498396Z warning: OIBridge/DitaTorusLocus.lean:2908:88: This simp argument is unused:
2026-10-08T06:56:11.9498481Z   a36_shared_div
2026-10-08T06:56:11.9498484Z 
2026-10-08T06:56:11.9498588Z Hint: Omit it from the simp argument list.
2026-10-08T06:56:11.9498803Z   [apply] simp (config := { decide := true }) [Matrix.of_apply, a36_shared_mod, a40_shared_fpe]
2026-10-08T06:56:11.9498806Z 
2026-10-08T06:56:11.9499002Z Note: This linter can be disabled with `set_option linter.unusedSimpArgs false`
2026-10-08T06:56:11.9499196Z warning: OIBridge/DitaTorusLocus.lean:2908:120: This simp argument is unused:
2026-10-08T06:56:11.9499280Z   a40_shared_fpe
2026-10-08T06:56:11.9499283Z 
2026-10-08T06:56:11.9499388Z Hint: Omit it from the simp argument list.
2026-10-08T06:56:11.9499598Z   [apply] simp (config := { decide := true }) [Matrix.of_apply, a36_shared_div, a36_shared_mod]
2026-10-08T06:56:11.9499604Z 
2026-10-08T06:56:11.9499793Z Note: This linter can be disabled with `set_option linter.unusedSimpArgs false`
2026-10-08T06:56:11.9499986Z warning: OIBridge/DitaTorusLocus.lean:2908:140: Unused tactic linter: `first
2026-10-08T06:56:11.9500061Z | done
2026-10-08T06:56:11.9500186Z | ring
2026-10-08T06:56:11.9500265Z | tauto
2026-10-08T06:56:11.9500364Z | (field_simp; ring)` does nothing
2026-10-08T06:56:11.9500367Z 
2026-10-08T06:56:11.9500551Z Note: This linter can be disabled with `set_option linter.unusedTactic false`
2026-10-08T06:56:11.9500742Z warning: OIBridge/DitaTorusLocus.lean:2908:140: this tactic is never executed
2026-10-08T06:56:11.9500790Z 
2026-10-08T06:56:11.9500994Z Note: This linter can be disabled with `set_option linter.unreachableTactic false`
2026-10-08T06:56:11.9501412Z info: OIBridge/DitaTorusLocus.lean:2909:0: 'OIBridge.DitaTorusLocus.a40_shared_face_3p_rel5' depends on axioms: [propext, Classical.choice, Quot.sound]
2026-10-08T06:56:11.9501602Z warning: OIBridge/DitaTorusLocus.lean:2916:88: This simp argument is unused:
2026-10-08T06:56:11.9501685Z   a36_shared_div
2026-10-08T06:56:11.9501689Z 
2026-10-08T06:56:11.9501792Z Hint: Omit it from the simp argument list.
2026-10-08T06:56:11.9501997Z   [apply] simp (config := { decide := true }) [Matrix.of_apply, a36_shared_mod, a40_shared_fpe]
2026-10-08T06:56:11.9502000Z 
2026-10-08T06:56:11.9502192Z Note: This linter can be disabled with `set_option linter.unusedSimpArgs false`
2026-10-08T06:56:11.9502385Z warning: OIBridge/DitaTorusLocus.lean:2916:120: This simp argument is unused:
2026-10-08T06:56:11.9502463Z   a40_shared_fpe
2026-10-08T06:56:11.9502466Z 
2026-10-08T06:56:11.9502573Z Hint: Omit it from the simp argument list.
2026-10-08T06:56:11.9502882Z   [apply] simp (config := { decide := true }) [Matrix.of_apply, a36_shared_div, a36_shared_mod]
2026-10-08T06:56:11.9502886Z 
2026-10-08T06:56:11.9503071Z Note: This linter can be disabled with `set_option linter.unusedSimpArgs false`
2026-10-08T06:56:11.9503332Z warning: OIBridge/DitaTorusLocus.lean:2916:140: Unused tactic linter: `first
2026-10-08T06:56:11.9503410Z | done
2026-10-08T06:56:11.9503483Z | ring
2026-10-08T06:56:11.9503564Z | tauto
2026-10-08T06:56:11.9503659Z | (field_simp; ring)` does nothing
2026-10-08T06:56:11.9503662Z 
2026-10-08T06:56:11.9503842Z Note: This linter can be disabled with `set_option linter.unusedTactic false`
2026-10-08T06:56:11.9504037Z warning: OIBridge/DitaTorusLocus.lean:2916:140: this tactic is never executed
2026-10-08T06:56:11.9504040Z 
2026-10-08T06:56:11.9504239Z Note: This linter can be disabled with `set_option linter.unreachableTactic false`
2026-10-08T06:56:11.9504645Z info: OIBridge/DitaTorusLocus.lean:2917:0: 'OIBridge.DitaTorusLocus.a40_shared_face_3p_rel6' depends on axioms: [propext, Classical.choice, Quot.sound]
2026-10-08T06:56:11.9504836Z warning: OIBridge/DitaTorusLocus.lean:2924:88: This simp argument is unused:
2026-10-08T06:56:11.9504981Z   a36_shared_div
2026-10-08T06:56:11.9504988Z 
2026-10-08T06:56:11.9505089Z Hint: Omit it from the simp argument list.
2026-10-08T06:56:11.9505294Z   [apply] simp (config := { decide := true }) [Matrix.of_apply, a36_shared_mod, a40_shared_fpe]
2026-10-08T06:56:11.9505298Z 
2026-10-08T06:56:11.9505488Z Note: This linter can be disabled with `set_option linter.unusedSimpArgs false`
2026-10-08T06:56:11.9505679Z warning: OIBridge/DitaTorusLocus.lean:2924:120: This simp argument is unused:
2026-10-08T06:56:11.9505764Z   a40_shared_fpe
2026-10-08T06:56:11.9505767Z 
2026-10-08T06:56:11.9505870Z Hint: Omit it from the simp argument list.
2026-10-08T06:56:11.9506073Z   [apply] simp (config := { decide := true }) [Matrix.of_apply, a36_shared_div, a36_shared_mod]
2026-10-08T06:56:11.9506078Z 
2026-10-08T06:56:11.9506267Z Note: This linter can be disabled with `set_option linter.unusedSimpArgs false`
2026-10-08T06:56:11.9506458Z warning: OIBridge/DitaTorusLocus.lean:2924:140: Unused tactic linter: `first
2026-10-08T06:56:11.9506534Z | done
2026-10-08T06:56:11.9506615Z | ring
2026-10-08T06:56:11.9506692Z | tauto
2026-10-08T06:56:11.9506784Z | (field_simp; ring)` does nothing
2026-10-08T06:56:11.9506787Z 
2026-10-08T06:56:11.9506969Z Note: This linter can be disabled with `set_option linter.unusedTactic false`
2026-10-08T06:56:11.9507221Z warning: OIBridge/DitaTorusLocus.lean:2924:140: this tactic is never executed
2026-10-08T06:56:11.9507226Z 
2026-10-08T06:56:11.9507427Z Note: This linter can be disabled with `set_option linter.unreachableTactic false`
2026-10-08T06:56:11.9507836Z info: OIBridge/DitaTorusLocus.lean:2925:0: 'OIBridge.DitaTorusLocus.a40_shared_face_3p_rel7' depends on axioms: [propext, Classical.choice, Quot.sound]
2026-10-08T06:56:11.9508312Z info: OIBridge/DitaTorusLocus.lean:2932:0: 'OIBridge.DitaTorusLocus.a40_shared_face_3p_core' depends on axioms: [propext, Classical.choice, Quot.sound]
2026-10-08T06:56:11.9508510Z warning: OIBridge/DitaTorusLocus.lean:2939:88: This simp argument is unused:
2026-10-08T06:56:11.9508595Z   a36_shared_div
2026-10-08T06:56:11.9508600Z 
2026-10-08T06:56:11.9508700Z Hint: Omit it from the simp argument list.
2026-10-08T06:56:11.9508922Z   [apply] simp (config := { decide := true }) [Matrix.of_apply, a36_shared_mod, a40_shared_fpe]
2026-10-08T06:56:11.9508926Z 
2026-10-08T06:56:11.9509125Z Note: This linter can be disabled with `set_option linter.unusedSimpArgs false`
2026-10-08T06:56:11.9509319Z warning: OIBridge/DitaTorusLocus.lean:2939:104: This simp argument is unused:
2026-10-08T06:56:11.9509402Z   a36_shared_mod
2026-10-08T06:56:11.9509405Z 
2026-10-08T06:56:11.9509509Z Hint: Omit it from the simp argument list.
2026-10-08T06:56:11.9509714Z   [apply] simp (config := { decide := true }) [Matrix.of_apply, a36_shared_div, a40_shared_fpe]
2026-10-08T06:56:11.9509720Z 
2026-10-08T06:56:11.9509912Z Note: This linter can be disabled with `set_option linter.unusedSimpArgs false`
2026-10-08T06:56:11.9510108Z warning: OIBridge/DitaTorusLocus.lean:2939:120: This simp argument is unused:
2026-10-08T06:56:11.9510189Z   a40_shared_fpe
2026-10-08T06:56:11.9510242Z 
2026-10-08T06:56:11.9510348Z Hint: Omit it from the simp argument list.
2026-10-08T06:56:11.9510554Z   [apply] simp (config := { decide := true }) [Matrix.of_apply, a36_shared_div, a36_shared_mod]
2026-10-08T06:56:11.9510558Z 
2026-10-08T06:56:11.9510742Z Note: This linter can be disabled with `set_option linter.unusedSimpArgs false`
2026-10-08T06:56:11.9510934Z warning: OIBridge/DitaTorusLocus.lean:2939:140: Unused tactic linter: `first
2026-10-08T06:56:11.9511011Z | done
2026-10-08T06:56:11.9511084Z | ring
2026-10-08T06:56:11.9511164Z | tauto
2026-10-08T06:56:11.9511260Z | (field_simp; ring)` does nothing
2026-10-08T06:56:11.9511263Z 
2026-10-08T06:56:11.9511439Z Note: This linter can be disabled with `set_option linter.unusedTactic false`
2026-10-08T06:56:11.9511632Z warning: OIBridge/DitaTorusLocus.lean:2939:140: this tactic is never executed
2026-10-08T06:56:11.9511636Z 
2026-10-08T06:56:11.9511881Z Note: This linter can be disabled with `set_option linter.unreachableTactic false`
2026-10-08T06:56:11.9512302Z info: OIBridge/DitaTorusLocus.lean:2940:0: 'OIBridge.DitaTorusLocus.a40_shared_face_3m_rel0' depends on axioms: [propext, Classical.choice, Quot.sound]
2026-10-08T06:56:11.9512500Z warning: OIBridge/DitaTorusLocus.lean:2947:88: This simp argument is unused:
2026-10-08T06:56:11.9512584Z   a36_shared_div
2026-10-08T06:56:11.9512587Z 
2026-10-08T06:56:11.9512791Z Hint: Omit it from the simp argument list.
2026-10-08T06:56:11.9512999Z   [apply] simp (config := { decide := true }) [Matrix.of_apply, a36_shared_mod, a40_shared_fpe]
2026-10-08T06:56:11.9513003Z 
2026-10-08T06:56:11.9513193Z Note: This linter can be disabled with `set_option linter.unusedSimpArgs false`
2026-10-08T06:56:11.9513390Z warning: OIBridge/DitaTorusLocus.lean:2947:104: This simp argument is unused:
2026-10-08T06:56:11.9513472Z   a36_shared_mod
2026-10-08T06:56:11.9513475Z 
2026-10-08T06:56:11.9513578Z Hint: Omit it from the simp argument list.
2026-10-08T06:56:11.9513779Z   [apply] simp (config := { decide := true }) [Matrix.of_apply, a36_shared_div, a40_shared_fpe]
2026-10-08T06:56:11.9513785Z 
2026-10-08T06:56:11.9513973Z Note: This linter can be disabled with `set_option linter.unusedSimpArgs false`
2026-10-08T06:56:11.9514166Z warning: OIBridge/DitaTorusLocus.lean:2947:120: This simp argument is unused:
2026-10-08T06:56:11.9514326Z   a40_shared_fpe
2026-10-08T06:56:11.9514330Z 
2026-10-08T06:56:11.9514436Z Hint: Omit it from the simp argument list.
2026-10-08T06:56:11.9514646Z   [apply] simp (config := { decide := true }) [Matrix.of_apply, a36_shared_div, a36_shared_mod]
2026-10-08T06:56:11.9514651Z 
2026-10-08T06:56:11.9514835Z Note: This linter can be disabled with `set_option linter.unusedSimpArgs false`
2026-10-08T06:56:11.9515105Z warning: OIBridge/DitaTorusLocus.lean:2947:140: Unused tactic linter: `first
2026-10-08T06:56:11.9515193Z | done
2026-10-08T06:56:11.9515274Z | ring
2026-10-08T06:56:11.9515365Z | tauto
2026-10-08T06:56:11.9515465Z | (field_simp; ring)` does nothing
2026-10-08T06:56:11.9515471Z 
2026-10-08T06:56:11.9515669Z Note: This linter can be disabled with `set_option linter.unusedTactic false`
2026-10-08T06:56:11.9515876Z warning: OIBridge/DitaTorusLocus.lean:2947:140: this tactic is never executed
2026-10-08T06:56:11.9515880Z 
2026-10-08T06:56:11.9516091Z Note: This linter can be disabled with `set_option linter.unreachableTactic false`
2026-10-08T06:56:11.9516533Z info: OIBridge/DitaTorusLocus.lean:2948:0: 'OIBridge.DitaTorusLocus.a40_shared_face_3m_rel1' depends on axioms: [propext, Classical.choice, Quot.sound]
2026-10-08T06:56:11.9516737Z warning: OIBridge/DitaTorusLocus.lean:2955:88: This simp argument is unused:
2026-10-08T06:56:11.9516823Z   a36_shared_div
2026-10-08T06:56:11.9516830Z 
2026-10-08T06:56:11.9516947Z Hint: Omit it from the simp argument list.
2026-10-08T06:56:11.9517168Z   [apply] simp (config := { decide := true }) [Matrix.of_apply, a36_shared_mod, a40_shared_fpe]
2026-10-08T06:56:11.9517171Z 
2026-10-08T06:56:11.9517367Z Note: This linter can be disabled with `set_option linter.unusedSimpArgs false`
2026-10-08T06:56:11.9517653Z warning: OIBridge/DitaTorusLocus.lean:2955:104: This simp argument is unused:
2026-10-08T06:56:11.9517746Z   a36_shared_mod
2026-10-08T06:56:11.9517750Z 
2026-10-08T06:56:11.9517856Z Hint: Omit it from the simp argument list.
2026-10-08T06:56:11.9518080Z   [apply] simp (config := { decide := true }) [Matrix.of_apply, a36_shared_div, a40_shared_fpe]
2026-10-08T06:56:11.9518084Z 
2026-10-08T06:56:11.9518292Z Note: This linter can be disabled with `set_option linter.unusedSimpArgs false`
2026-10-08T06:56:11.9518485Z warning: OIBridge/DitaTorusLocus.lean:2955:120: This simp argument is unused:
2026-10-08T06:56:11.9518580Z   a40_shared_fpe
2026-10-08T06:56:11.9518590Z 
2026-10-08T06:56:11.9518709Z Hint: Omit it from the simp argument list.
2026-10-08T06:56:11.9518918Z   [apply] simp (config := { decide := true }) [Matrix.of_apply, a36_shared_div, a36_shared_mod]
2026-10-08T06:56:11.9518921Z 
2026-10-08T06:56:11.9519191Z Note: This linter can be disabled with `set_option linter.unusedSimpArgs false`
2026-10-08T06:56:11.9519406Z warning: OIBridge/DitaTorusLocus.lean:2955:140: Unused tactic linter: `first
2026-10-08T06:56:11.9519487Z | done
2026-10-08T06:56:11.9519582Z | ring
2026-10-08T06:56:11.9519676Z | tauto
2026-10-08T06:56:11.9519777Z | (field_simp; ring)` does nothing
2026-10-08T06:56:11.9519782Z 
2026-10-08T06:56:11.9519985Z Note: This linter can be disabled with `set_option linter.unusedTactic false`
2026-10-08T06:56:11.9520190Z warning: OIBridge/DitaTorusLocus.lean:2955:140: this tactic is never executed
2026-10-08T06:56:11.9520194Z 
2026-10-08T06:56:11.9520398Z Note: This linter can be disabled with `set_option linter.unreachableTactic false`
2026-10-08T06:56:11.9520830Z info: OIBridge/DitaTorusLocus.lean:2956:0: 'OIBridge.DitaTorusLocus.a40_shared_face_3m_rel2' depends on axioms: [propext, Classical.choice, Quot.sound]
2026-10-08T06:56:11.9521033Z warning: OIBridge/DitaTorusLocus.lean:2963:88: This simp argument is unused:
2026-10-08T06:56:11.9521122Z   a36_shared_div
2026-10-08T06:56:11.9521125Z 
2026-10-08T06:56:11.9521233Z Hint: Omit it from the simp argument list.
2026-10-08T06:56:11.9521439Z   [apply] simp (config := { decide := true }) [Matrix.of_apply, a36_shared_mod, a40_shared_fpe]
2026-10-08T06:56:11.9521442Z 
2026-10-08T06:56:11.9521699Z Note: This linter can be disabled with `set_option linter.unusedSimpArgs false`
2026-10-08T06:56:11.9521905Z warning: OIBridge/DitaTorusLocus.lean:2963:104: This simp argument is unused:
2026-10-08T06:56:11.9521991Z   a36_shared_mod
2026-10-08T06:56:11.9521995Z 
2026-10-08T06:56:11.9522095Z Hint: Omit it from the simp argument list.
2026-10-08T06:56:11.9522305Z   [apply] simp (config := { decide := true }) [Matrix.of_apply, a36_shared_div, a40_shared_fpe]
2026-10-08T06:56:11.9522356Z 
2026-10-08T06:56:11.9522551Z Note: This linter can be disabled with `set_option linter.unusedSimpArgs false`
2026-10-08T06:56:11.9522845Z warning: OIBridge/DitaTorusLocus.lean:2963:120: This simp argument is unused:
2026-10-08T06:56:11.9522936Z   a40_shared_fpe
2026-10-08T06:56:11.9522939Z 
2026-10-08T06:56:11.9523041Z Hint: Omit it from the simp argument list.
2026-10-08T06:56:11.9523249Z   [apply] simp (config := { decide := true }) [Matrix.of_apply, a36_shared_div, a36_shared_mod]
2026-10-08T06:56:11.9523254Z 
2026-10-08T06:56:11.9523450Z Note: This linter can be disabled with `set_option linter.unusedSimpArgs false`
2026-10-08T06:56:11.9523638Z warning: OIBridge/DitaTorusLocus.lean:2963:140: Unused tactic linter: `first
2026-10-08T06:56:11.9523717Z | done
2026-10-08T06:56:11.9523799Z | ring
2026-10-08T06:56:11.9523875Z | tauto
2026-10-08T06:56:11.9523977Z | (field_simp; ring)` does nothing
2026-10-08T06:56:11.9523984Z 
2026-10-08T06:56:11.9524171Z Note: This linter can be disabled with `set_option linter.unusedTactic false`
2026-10-08T06:56:11.9524360Z warning: OIBridge/DitaTorusLocus.lean:2963:140: this tactic is never executed
2026-10-08T06:56:11.9524364Z 
2026-10-08T06:56:11.9524568Z Note: This linter can be disabled with `set_option linter.unreachableTactic false`
2026-10-08T06:56:11.9525063Z info: OIBridge/DitaTorusLocus.lean:2964:0: 'OIBridge.DitaTorusLocus.a40_shared_face_3m_rel3' depends on axioms: [propext, Classical.choice, Quot.sound]
2026-10-08T06:56:11.9525257Z warning: OIBridge/DitaTorusLocus.lean:2971:88: This simp argument is unused:
2026-10-08T06:56:11.9525343Z   a36_shared_div
2026-10-08T06:56:11.9525347Z 
2026-10-08T06:56:11.9525457Z Hint: Omit it from the simp argument list.
2026-10-08T06:56:11.9525662Z   [apply] simp (config := { decide := true }) [Matrix.of_apply, a36_shared_mod, a40_shared_fpe]
2026-10-08T06:56:11.9525665Z 
2026-10-08T06:56:11.9525859Z Note: This linter can be disabled with `set_option linter.unusedSimpArgs false`
2026-10-08T06:56:11.9526056Z warning: OIBridge/DitaTorusLocus.lean:2971:104: This simp argument is unused:
2026-10-08T06:56:11.9526137Z   a36_shared_mod
2026-10-08T06:56:11.9526140Z 
2026-10-08T06:56:11.9526312Z Hint: Omit it from the simp argument list.
2026-10-08T06:56:11.9526523Z   [apply] simp (config := { decide := true }) [Matrix.of_apply, a36_shared_div, a40_shared_fpe]
2026-10-08T06:56:11.9526527Z 
2026-10-08T06:56:11.9526717Z Note: This linter can be disabled with `set_option linter.unusedSimpArgs false`
2026-10-08T06:56:11.9526924Z warning: OIBridge/DitaTorusLocus.lean:2971:120: This simp argument is unused:
2026-10-08T06:56:11.9527011Z   a40_shared_fpe
2026-10-08T06:56:11.9527014Z 
2026-10-08T06:56:11.9527115Z Hint: Omit it from the simp argument list.
2026-10-08T06:56:11.9527325Z   [apply] simp (config := { decide := true }) [Matrix.of_apply, a36_shared_div, a36_shared_mod]
2026-10-08T06:56:11.9527328Z 
2026-10-08T06:56:11.9527521Z Note: This linter can be disabled with `set_option linter.unusedSimpArgs false`
2026-10-08T06:56:11.9527711Z warning: OIBridge/DitaTorusLocus.lean:2971:140: Unused tactic linter: `first
2026-10-08T06:56:11.9527799Z | done
2026-10-08T06:56:11.9527882Z | ring
2026-10-08T06:56:11.9527963Z | tauto
2026-10-08T06:56:11.9528068Z | (field_simp; ring)` does nothing
2026-10-08T06:56:11.9528075Z 
2026-10-08T06:56:11.9528255Z Note: This linter can be disabled with `set_option linter.unusedTactic false`
2026-10-08T06:56:11.9528453Z warning: OIBridge/DitaTorusLocus.lean:2971:140: this tactic is never executed
2026-10-08T06:56:11.9528457Z 
2026-10-08T06:56:11.9528727Z Note: This linter can be disabled with `set_option linter.unreachableTactic false`
2026-10-08T06:56:11.9529155Z info: OIBridge/DitaTorusLocus.lean:2972:0: 'OIBridge.DitaTorusLocus.a40_shared_face_3m_rel4' depends on axioms: [propext, Classical.choice, Quot.sound]
2026-10-08T06:56:11.9529348Z warning: OIBridge/DitaTorusLocus.lean:2979:88: This simp argument is unused:
2026-10-08T06:56:11.9529495Z   a36_shared_div
2026-10-08T06:56:11.9529498Z 
2026-10-08T06:56:11.9529597Z Hint: Omit it from the simp argument list.
2026-10-08T06:56:11.9529806Z   [apply] simp (config := { decide := true }) [Matrix.of_apply, a36_shared_mod, a40_shared_fpe]
2026-10-08T06:56:11.9529811Z 
2026-10-08T06:56:11.9530005Z Note: This linter can be disabled with `set_option linter.unusedSimpArgs false`
2026-10-08T06:56:11.9530197Z warning: OIBridge/DitaTorusLocus.lean:2979:104: This simp argument is unused:
2026-10-08T06:56:11.9530279Z   a36_shared_mod
2026-10-08T06:56:11.9530283Z 
2026-10-08T06:56:11.9530387Z Hint: Omit it from the simp argument list.
2026-10-08T06:56:11.9530591Z   [apply] simp (config := { decide := true }) [Matrix.of_apply, a36_shared_div, a40_shared_fpe]
2026-10-08T06:56:11.9530600Z 
2026-10-08T06:56:11.9530784Z Note: This linter can be disabled with `set_option linter.unusedSimpArgs false`
2026-10-08T06:56:11.9530984Z warning: OIBridge/DitaTorusLocus.lean:2979:120: This simp argument is unused:
2026-10-08T06:56:11.9531068Z   a40_shared_fpe
2026-10-08T06:56:11.9531071Z 
2026-10-08T06:56:11.9531178Z Hint: Omit it from the simp argument list.
2026-10-08T06:56:11.9531384Z   [apply] simp (config := { decide := true }) [Matrix.of_apply, a36_shared_div, a36_shared_mod]
2026-10-08T06:56:11.9531389Z 
2026-10-08T06:56:11.9531632Z Note: This linter can be disabled with `set_option linter.unusedSimpArgs false`
2026-10-08T06:56:11.9531825Z warning: OIBridge/DitaTorusLocus.lean:2979:140: Unused tactic linter: `first
2026-10-08T06:56:11.9531906Z | done
2026-10-08T06:56:11.9531982Z | ring
2026-10-08T06:56:11.9532065Z | tauto
2026-10-08T06:56:11.9532163Z | (field_simp; ring)` does nothing
2026-10-08T06:56:11.9532167Z 
2026-10-08T06:56:11.9532343Z Note: This linter can be disabled with `set_option linter.unusedTactic false`
2026-10-08T06:56:11.9532544Z warning: OIBridge/DitaTorusLocus.lean:2979:140: this tactic is never executed
2026-10-08T06:56:11.9532548Z 
2026-10-08T06:56:11.9532867Z Note: This linter can be disabled with `set_option linter.unreachableTactic false`
2026-10-08T06:56:11.9533295Z info: OIBridge/DitaTorusLocus.lean:2980:0: 'OIBridge.DitaTorusLocus.a40_shared_face_3m_rel5' depends on axioms: [propext, Classical.choice, Quot.sound]
2026-10-08T06:56:11.9533575Z warning: OIBridge/DitaTorusLocus.lean:2987:88: This simp argument is unused:
2026-10-08T06:56:11.9533669Z   a36_shared_div
2026-10-08T06:56:11.9533672Z 
2026-10-08T06:56:11.9533776Z Hint: Omit it from the simp argument list.
2026-10-08T06:56:11.9534006Z   [apply] simp (config := { decide := true }) [Matrix.of_apply, a36_shared_mod, a40_shared_fpe]
2026-10-08T06:56:11.9534009Z 
2026-10-08T06:56:11.9534220Z Note: This linter can be disabled with `set_option linter.unusedSimpArgs false`
2026-10-08T06:56:11.9534419Z warning: OIBridge/DitaTorusLocus.lean:2987:104: This simp argument is unused:
2026-10-08T06:56:11.9534508Z   a36_shared_mod
2026-10-08T06:56:11.9534511Z 
2026-10-08T06:56:11.9534627Z Hint: Omit it from the simp argument list.
2026-10-08T06:56:11.9534842Z   [apply] simp (config := { decide := true }) [Matrix.of_apply, a36_shared_div, a40_shared_fpe]
2026-10-08T06:56:11.9534845Z 
2026-10-08T06:56:11.9535039Z Note: This linter can be disabled with `set_option linter.unusedSimpArgs false`
2026-10-08T06:56:11.9535237Z warning: OIBridge/DitaTorusLocus.lean:2987:120: This simp argument is unused:
2026-10-08T06:56:11.9535319Z   a40_shared_fpe
2026-10-08T06:56:11.9535322Z 
2026-10-08T06:56:11.9535432Z Hint: Omit it from the simp argument list.
2026-10-08T06:56:11.9535638Z   [apply] simp (config := { decide := true }) [Matrix.of_apply, a36_shared_div, a36_shared_mod]
2026-10-08T06:56:11.9535704Z 
2026-10-08T06:56:11.9535892Z Note: This linter can be disabled with `set_option linter.unusedSimpArgs false`
2026-10-08T06:56:11.9536096Z warning: OIBridge/DitaTorusLocus.lean:2987:140: Unused tactic linter: `first
2026-10-08T06:56:11.9536180Z | done
2026-10-08T06:56:11.9536261Z | ring
2026-10-08T06:56:11.9536352Z | tauto
2026-10-08T06:56:11.9536455Z | (field_simp; ring)` does nothing
2026-10-08T06:56:11.9536519Z 
2026-10-08T06:56:11.9536728Z Note: This linter can be disabled with `set_option linter.unusedTactic false`
2026-10-08T06:56:11.9536937Z warning: OIBridge/DitaTorusLocus.lean:2987:140: this tactic is never executed
2026-10-08T06:56:11.9536943Z 
2026-10-08T06:56:11.9537156Z Note: This linter can be disabled with `set_option linter.unreachableTactic false`
2026-10-08T06:56:11.9537610Z info: OIBridge/DitaTorusLocus.lean:2988:0: 'OIBridge.DitaTorusLocus.a40_shared_face_3m_rel6' depends on axioms: [propext, Classical.choice, Quot.sound]
2026-10-08T06:56:11.9537822Z warning: OIBridge/DitaTorusLocus.lean:2995:88: This simp argument is unused:
2026-10-08T06:56:11.9537910Z   a36_shared_div
2026-10-08T06:56:11.9537913Z 
2026-10-08T06:56:11.9538032Z Hint: Omit it from the simp argument list.
2026-10-08T06:56:11.9538254Z   [apply] simp (config := { decide := true }) [Matrix.of_apply, a36_shared_mod, a40_shared_fpe]
2026-10-08T06:56:11.9538257Z 
2026-10-08T06:56:11.9538452Z Note: This linter can be disabled with `set_option linter.unusedSimpArgs false`
2026-10-08T06:56:11.9538658Z warning: OIBridge/DitaTorusLocus.lean:2995:104: This simp argument is unused:
2026-10-08T06:56:11.9538755Z   a36_shared_mod
2026-10-08T06:56:11.9538759Z 
2026-10-08T06:56:11.9538869Z Hint: Omit it from the simp argument list.
2026-10-08T06:56:11.9539164Z   [apply] simp (config := { decide := true }) [Matrix.of_apply, a36_shared_div, a40_shared_fpe]
2026-10-08T06:56:11.9539167Z 
2026-10-08T06:56:11.9539373Z Note: This linter can be disabled with `set_option linter.unusedSimpArgs false`
2026-10-08T06:56:11.9539571Z warning: OIBridge/DitaTorusLocus.lean:2995:120: This simp argument is unused:
2026-10-08T06:56:11.9539669Z   a40_shared_fpe
2026-10-08T06:56:11.9539672Z 
2026-10-08T06:56:11.9539785Z Hint: Omit it from the simp argument list.
2026-10-08T06:56:11.9539997Z   [apply] simp (config := { decide := true }) [Matrix.of_apply, a36_shared_div, a36_shared_mod]
2026-10-08T06:56:11.9540000Z 
2026-10-08T06:56:11.9540202Z Note: This linter can be disabled with `set_option linter.unusedSimpArgs false`
2026-10-08T06:56:11.9540410Z warning: OIBridge/DitaTorusLocus.lean:2995:140: Unused tactic linter: `first
2026-10-08T06:56:11.9540488Z | done
2026-10-08T06:56:11.9540581Z | ring
2026-10-08T06:56:11.9540724Z | tauto
2026-10-08T06:56:11.9540826Z | (field_simp; ring)` does nothing
2026-10-08T06:56:11.9540830Z 
2026-10-08T06:56:11.9541030Z Note: This linter can be disabled with `set_option linter.unusedTactic false`
2026-10-08T06:56:11.9541243Z warning: OIBridge/DitaTorusLocus.lean:2995:140: this tactic is never executed
2026-10-08T06:56:11.9541246Z 
2026-10-08T06:56:11.9541454Z Note: This linter can be disabled with `set_option linter.unreachableTactic false`
2026-10-08T06:56:11.9541894Z info: OIBridge/DitaTorusLocus.lean:2996:0: 'OIBridge.DitaTorusLocus.a40_shared_face_3m_rel7' depends on axioms: [propext, Classical.choice, Quot.sound]
2026-10-08T06:56:11.9542334Z info: OIBridge/DitaTorusLocus.lean:3003:0: 'OIBridge.DitaTorusLocus.a40_shared_face_3m_core' depends on axioms: [propext, Classical.choice, Quot.sound]
2026-10-08T06:56:11.9542604Z warning: OIBridge/DitaTorusLocus.lean:3011:6: Variable name `pt` is not explicitly referenced.
2026-10-08T06:56:11.9542609Z 
2026-10-08T06:56:11.9543124Z Hint: The binding can be removed (if unused) or named `_` (if used implicitly). Alternatively, prefix the name with `_` to silence this warning:
2026-10-08T06:56:11.9543229Z   [apply] _pt
2026-10-08T06:56:11.9543233Z 
2026-10-08T06:56:11.9543442Z Note: This linter can be disabled with `set_option linter.unusedVariables false`
2026-10-08T06:56:11.9543776Z warning: OIBridge/DitaTorusLocus.lean:3015:6: Variable name `S` is not explicitly referenced.
2026-10-08T06:56:11.9543780Z 
2026-10-08T06:56:11.9544173Z Hint: The binding can be removed (if unused) or named `_` (if used implicitly). Alternatively, prefix the name with `_` to silence this warning:
2026-10-08T06:56:11.9544263Z   [apply] _S
2026-10-08T06:56:11.9544267Z 
2026-10-08T06:56:11.9544581Z Note: This linter can be disabled with `set_option linter.unusedVariables false`
2026-10-08T06:56:11.9544846Z warning: OIBridge/DitaTorusLocus.lean:3016:6: Variable name `tor` is not explicitly referenced.
2026-10-08T06:56:11.9544851Z 
2026-10-08T06:56:11.9545229Z Hint: The binding can be removed (if unused) or named `_` (if used implicitly). Alternatively, prefix the name with `_` to silence this warning:
2026-10-08T06:56:11.9545322Z   [apply] _tor
2026-10-08T06:56:11.9545326Z 
2026-10-08T06:56:11.9545522Z Note: This linter can be disabled with `set_option linter.unusedVariables false`
2026-10-08T06:56:11.9545764Z warning: OIBridge/DitaTorusLocus.lean:3017:6: Variable name `adj` is not explicitly referenced.
2026-10-08T06:56:11.9545768Z 
2026-10-08T06:56:11.9546129Z Hint: The binding can be removed (if unused) or named `_` (if used implicitly). Alternatively, prefix the name with `_` to silence this warning:
2026-10-08T06:56:11.9546214Z   [apply] _adj
2026-10-08T06:56:11.9546217Z 
2026-10-08T06:56:11.9546408Z Note: This linter can be disabled with `set_option linter.unusedVariables false`
2026-10-08T06:56:11.9546846Z warning: OIBridge/DitaTorusLocus.lean:3018:6: Variable name `μ` is not explicitly referenced.
2026-10-08T06:56:11.9546851Z 
2026-10-08T06:56:11.9547232Z Hint: The binding can be removed (if unused) or named `_` (if used implicitly). Alternatively, prefix the name with `_` to silence this warning:
2026-10-08T06:56:11.9547398Z   [apply] _μ
2026-10-08T06:56:11.9547413Z 
2026-10-08T06:56:11.9547609Z Note: This linter can be disabled with `set_option linter.unusedVariables false`
2026-10-08T06:56:11.9547870Z warning: OIBridge/DitaTorusLocus.lean:3020:6: Variable name `N` is not explicitly referenced.
2026-10-08T06:56:11.9547874Z 
2026-10-08T06:56:11.9548242Z Hint: The binding can be removed (if unused) or named `_` (if used implicitly). Alternatively, prefix the name with `_` to silence this warning:
2026-10-08T06:56:11.9548327Z   [apply] _N
2026-10-08T06:56:11.9548330Z 
2026-10-08T06:56:11.9548537Z Note: This linter can be disabled with `set_option linter.unusedVariables false`
2026-10-08T06:56:11.9548867Z warning: OIBridge/DitaTorusLocus.lean:3025:6: Variable name `Δc` is not explicitly referenced.
2026-10-08T06:56:11.9548872Z 
2026-10-08T06:56:11.9549292Z Hint: The binding can be removed (if unused) or named `_` (if used implicitly). Alternatively, prefix the name with `_` to silence this warning:
2026-10-08T06:56:11.9549416Z   [apply] _Δc
2026-10-08T06:56:11.9549420Z 
2026-10-08T06:56:11.9549623Z Note: This linter can be disabled with `set_option linter.unusedVariables false`
2026-10-08T06:56:11.9549945Z warning: OIBridge/DitaTorusLocus.lean:3026:6: Variable name `Δr` is not explicitly referenced.
2026-10-08T06:56:11.9549949Z 
2026-10-08T06:56:11.9550321Z Hint: The binding can be removed (if unused) or named `_` (if used implicitly). Alternatively, prefix the name with `_` to silence this warning:
2026-10-08T06:56:11.9550439Z   [apply] _Δr
2026-10-08T06:56:11.9550443Z 
2026-10-08T06:56:11.9550640Z Note: This linter can be disabled with `set_option linter.unusedVariables false`
2026-10-08T06:56:11.9550895Z warning: OIBridge/DitaTorusLocus.lean:3029:6: Variable name `dgT` is not explicitly referenced.
2026-10-08T06:56:11.9550899Z 
2026-10-08T06:56:11.9551266Z Hint: The binding can be removed (if unused) or named `_` (if used implicitly). Alternatively, prefix the name with `_` to silence this warning:
2026-10-08T06:56:11.9551351Z   [apply] _dgT
2026-10-08T06:56:11.9551354Z 
2026-10-08T06:56:11.9551557Z Note: This linter can be disabled with `set_option linter.unusedVariables false`
2026-10-08T06:56:11.9551872Z warning: OIBridge/DitaTorusLocus.lean:3033:6: Variable name `dita28` is not explicitly referenced.
2026-10-08T06:56:11.9551877Z 
2026-10-08T06:56:11.9552240Z Hint: The binding can be removed (if unused) or named `_` (if used implicitly). Alternatively, prefix the name with `_` to silence this warning:
2026-10-08T06:56:11.9552337Z   [apply] _dita28
2026-10-08T06:56:11.9552340Z 
2026-10-08T06:56:11.9552589Z Note: This linter can be disabled with `set_option linter.unusedVariables false`
2026-10-08T06:56:11.9552947Z warning: OIBridge/DitaTorusLocus.lean:3036:6: Variable name `dita82` is not explicitly referenced.
2026-10-08T06:56:11.9552952Z 
2026-10-08T06:56:11.9553315Z Hint: The binding can be removed (if unused) or named `_` (if used implicitly). Alternatively, prefix the name with `_` to silence this warning:
2026-10-08T06:56:11.9553406Z   [apply] _dita82
2026-10-08T06:56:11.9553410Z 
2026-10-08T06:56:11.9553599Z Note: This linter can be disabled with `set_option linter.unusedVariables false`
2026-10-08T06:56:11.9553850Z warning: OIBridge/DitaTorusLocus.lean:3043:6: Variable name `P` is not explicitly referenced.
2026-10-08T06:56:11.9553853Z 
2026-10-08T06:56:11.9554207Z Hint: The binding can be removed (if unused) or named `_` (if used implicitly). Alternatively, prefix the name with `_` to silence this warning:
2026-10-08T06:56:11.9554287Z   [apply] _P
2026-10-08T06:56:11.9554291Z 
2026-10-08T06:56:11.9554487Z Note: This linter can be disabled with `set_option linter.unusedVariables false`
2026-10-08T06:56:11.9554743Z warning: OIBridge/DitaTorusLocus.lean:3046:6: Variable name `ditak1` is not explicitly referenced.
2026-10-08T06:56:11.9554747Z 
2026-10-08T06:56:11.9555095Z Hint: The binding can be removed (if unused) or named `_` (if used implicitly). Alternatively, prefix the name with `_` to silence this warning:
2026-10-08T06:56:11.9555254Z   [apply] _ditak1
2026-10-08T06:56:11.9555257Z 
2026-10-08T06:56:11.9555455Z Note: This linter can be disabled with `set_option linter.unusedVariables false`
2026-10-08T06:56:11.9555702Z warning: OIBridge/DitaTorusLocus.lean:3049:6: Variable name `ditak2` is not explicitly referenced.
2026-10-08T06:56:11.9555713Z 
2026-10-08T06:56:11.9556084Z Hint: The binding can be removed (if unused) or named `_` (if used implicitly). Alternatively, prefix the name with `_` to silence this warning:
2026-10-08T06:56:11.9556173Z   [apply] _ditak2
2026-10-08T06:56:11.9556179Z 
2026-10-08T06:56:11.9556371Z Note: This linter can be disabled with `set_option linter.unusedVariables false`
2026-10-08T06:56:11.9556613Z warning: OIBridge/DitaTorusLocus.lean:3052:6: Variable name `ditak3` is not explicitly referenced.
2026-10-08T06:56:11.9556617Z 
2026-10-08T06:56:11.9557587Z Hint: The binding can be removed (if unused) or named `_` (if used implicitly). Alternatively, prefix the name with `_` to silence this warning:
2026-10-08T06:56:11.9557681Z   [apply] _ditak3
2026-10-08T06:56:11.9557685Z 
2026-10-08T06:56:11.9557889Z Note: This linter can be disabled with `set_option linter.unusedVariables false`
2026-10-08T06:56:11.9558161Z warning: OIBridge/DitaTorusLocus.lean:3055:6: Variable name `ditak4` is not explicitly referenced.
2026-10-08T06:56:11.9558165Z 
2026-10-08T06:56:11.9558529Z Hint: The binding can be removed (if unused) or named `_` (if used implicitly). Alternatively, prefix the name with `_` to silence this warning:
2026-10-08T06:56:11.9558613Z   [apply] _ditak4
2026-10-08T06:56:11.9558619Z 
2026-10-08T06:56:11.9558824Z Note: This linter can be disabled with `set_option linter.unusedVariables false`
2026-10-08T06:56:11.9559086Z warning: OIBridge/DitaTorusLocus.lean:3058:6: Variable name `ditae1` is not explicitly referenced.
2026-10-08T06:56:11.9559093Z 
2026-10-08T06:56:11.9559455Z Hint: The binding can be removed (if unused) or named `_` (if used implicitly). Alternatively, prefix the name with `_` to silence this warning:
2026-10-08T06:56:11.9559549Z   [apply] _ditae1
2026-10-08T06:56:11.9559556Z 
2026-10-08T06:56:11.9559757Z Note: This linter can be disabled with `set_option linter.unusedVariables false`
2026-10-08T06:56:11.9560076Z warning: OIBridge/DitaTorusLocus.lean:3061:6: Variable name `ditae2` is not explicitly referenced.
2026-10-08T06:56:11.9560082Z 
2026-10-08T06:56:11.9560459Z Hint: The binding can be removed (if unused) or named `_` (if used implicitly). Alternatively, prefix the name with `_` to silence this warning:
2026-10-08T06:56:11.9560557Z   [apply] _ditae2
2026-10-08T06:56:11.9560623Z 
2026-10-08T06:56:11.9560816Z Note: This linter can be disabled with `set_option linter.unusedVariables false`
2026-10-08T06:56:11.9561076Z warning: OIBridge/DitaTorusLocus.lean:3067:6: Variable name `ditat3` is not explicitly referenced.
2026-10-08T06:56:11.9561085Z 
2026-10-08T06:56:11.9561458Z Hint: The binding can be removed (if unused) or named `_` (if used implicitly). Alternatively, prefix the name with `_` to silence this warning:
2026-10-08T06:56:11.9561541Z   [apply] _ditat3
2026-10-08T06:56:11.9561545Z 
2026-10-08T06:56:11.9561751Z Note: This linter can be disabled with `set_option linter.unusedVariables false`
2026-10-08T06:56:11.9561999Z warning: OIBridge/DitaTorusLocus.lean:3069:6: Variable name `Hu` is not explicitly referenced.
2026-10-08T06:56:11.9562002Z 
2026-10-08T06:56:11.9562353Z Hint: The binding can be removed (if unused) or named `_` (if used implicitly). Alternatively, prefix the name with `_` to silence this warning:
2026-10-08T06:56:11.9562447Z   [apply] _Hu
2026-10-08T06:56:11.9562453Z 
2026-10-08T06:56:11.9562752Z Note: This linter can be disabled with `set_option linter.unusedVariables false`
2026-10-08T06:56:11.9563003Z warning: OIBridge/DitaTorusLocus.lean:3076:6: Variable name `ditamc` is not explicitly referenced.
2026-10-08T06:56:11.9563021Z 
2026-10-08T06:56:11.9563459Z Hint: The binding can be removed (if unused) or named `_` (if used implicitly). Alternatively, prefix the name with `_` to silence this warning:
2026-10-08T06:56:11.9563548Z   [apply] _ditamc
2026-10-08T06:56:11.9563552Z 
2026-10-08T06:56:11.9563747Z Note: This linter can be disabled with `set_option linter.unusedVariables false`
2026-10-08T06:56:11.9564008Z warning: OIBridge/DitaTorusLocus.lean:3079:6: Variable name `ditamr` is not explicitly referenced.
2026-10-08T06:56:11.9564012Z 
2026-10-08T06:56:11.9564374Z Hint: The binding can be removed (if unused) or named `_` (if used implicitly). Alternatively, prefix the name with `_` to silence this warning:
2026-10-08T06:56:11.9564467Z   [apply] _ditamr
2026-10-08T06:56:11.9564470Z 
2026-10-08T06:56:11.9564657Z Note: This linter can be disabled with `set_option linter.unusedVariables false`
2026-10-08T06:56:11.9565145Z info: OIBridge/DitaTorusLocus.lean:3086:0: 'OIBridge.DitaTorusLocus.a40_shared_face_1p' depends on axioms: [propext, Classical.choice, Quot.sound]
2026-10-08T06:56:11.9565422Z warning: OIBridge/DitaTorusLocus.lean:3094:6: Variable name `pt` is not explicitly referenced.
2026-10-08T06:56:11.9565427Z 
2026-10-08T06:56:11.9565787Z Hint: The binding can be removed (if unused) or named `_` (if used implicitly). Alternatively, prefix the name with `_` to silence this warning:
2026-10-08T06:56:11.9565881Z   [apply] _pt
2026-10-08T06:56:11.9565884Z 
2026-10-08T06:56:11.9566086Z Note: This linter can be disabled with `set_option linter.unusedVariables false`
2026-10-08T06:56:11.9566328Z warning: OIBridge/DitaTorusLocus.lean:3098:6: Variable name `S` is not explicitly referenced.
2026-10-08T06:56:11.9566331Z 
2026-10-08T06:56:11.9566702Z Hint: The binding can be removed (if unused) or named `_` (if used implicitly). Alternatively, prefix the name with `_` to silence this warning:
2026-10-08T06:56:11.9566796Z   [apply] _S
2026-10-08T06:56:11.9566799Z 
2026-10-08T06:56:11.9566990Z Note: This linter can be disabled with `set_option linter.unusedVariables false`
2026-10-08T06:56:11.9567248Z warning: OIBridge/DitaTorusLocus.lean:3099:6: Variable name `tor` is not explicitly referenced.
2026-10-08T06:56:11.9567253Z 
2026-10-08T06:56:11.9567681Z Hint: The binding can be removed (if unused) or named `_` (if used implicitly). Alternatively, prefix the name with `_` to silence this warning:
2026-10-08T06:56:11.9567769Z   [apply] _tor
2026-10-08T06:56:11.9567772Z 
2026-10-08T06:56:11.9567974Z Note: This linter can be disabled with `set_option linter.unusedVariables false`
2026-10-08T06:56:11.9568227Z warning: OIBridge/DitaTorusLocus.lean:3100:6: Variable name `adj` is not explicitly referenced.
2026-10-08T06:56:11.9568231Z 
2026-10-08T06:56:11.9568664Z Hint: The binding can be removed (if unused) or named `_` (if used implicitly). Alternatively, prefix the name with `_` to silence this warning:
2026-10-08T06:56:11.9568759Z   [apply] _adj
2026-10-08T06:56:11.9568763Z 
2026-10-08T06:56:11.9568971Z Note: This linter can be disabled with `set_option linter.unusedVariables false`
2026-10-08T06:56:11.9569315Z warning: OIBridge/DitaTorusLocus.lean:3101:6: Variable name `μ` is not explicitly referenced.
2026-10-08T06:56:11.9569320Z 
2026-10-08T06:56:11.9569688Z Hint: The binding can be removed (if unused) or named `_` (if used implicitly). Alternatively, prefix the name with `_` to silence this warning:
2026-10-08T06:56:11.9569791Z   [apply] _μ
2026-10-08T06:56:11.9569795Z 
2026-10-08T06:56:11.9569986Z Note: This linter can be disabled with `set_option linter.unusedVariables false`
2026-10-08T06:56:11.9570233Z warning: OIBridge/DitaTorusLocus.lean:3103:6: Variable name `N` is not explicitly referenced.
2026-10-08T06:56:11.9570237Z 
2026-10-08T06:56:11.9570596Z Hint: The binding can be removed (if unused) or named `_` (if used implicitly). Alternatively, prefix the name with `_` to silence this warning:
2026-10-08T06:56:11.9570677Z   [apply] _N
2026-10-08T06:56:11.9570681Z 
2026-10-08T06:56:11.9570879Z Note: This linter can be disabled with `set_option linter.unusedVariables false`
2026-10-08T06:56:11.9571249Z warning: OIBridge/DitaTorusLocus.lean:3108:6: Variable name `Δc` is not explicitly referenced.
2026-10-08T06:56:11.9571254Z 
2026-10-08T06:56:11.9571611Z Hint: The binding can be removed (if unused) or named `_` (if used implicitly). Alternatively, prefix the name with `_` to silence this warning:
2026-10-08T06:56:11.9571715Z   [apply] _Δc
2026-10-08T06:56:11.9571719Z 
2026-10-08T06:56:11.9571913Z Note: This linter can be disabled with `set_option linter.unusedVariables false`
2026-10-08T06:56:11.9572215Z warning: OIBridge/DitaTorusLocus.lean:3109:6: Variable name `Δr` is not explicitly referenced.
2026-10-08T06:56:11.9572224Z 
2026-10-08T06:56:11.9572577Z Hint: The binding can be removed (if unused) or named `_` (if used implicitly). Alternatively, prefix the name with `_` to silence this warning:
2026-10-08T06:56:11.9572788Z   [apply] _Δr
2026-10-08T06:56:11.9572792Z 
2026-10-08T06:56:11.9573052Z Note: This linter can be disabled with `set_option linter.unusedVariables false`
2026-10-08T06:56:11.9573299Z warning: OIBridge/DitaTorusLocus.lean:3112:6: Variable name `dgT` is not explicitly referenced.
2026-10-08T06:56:11.9573303Z 
2026-10-08T06:56:11.9573663Z Hint: The binding can be removed (if unused) or named `_` (if used implicitly). Alternatively, prefix the name with `_` to silence this warning:
2026-10-08T06:56:11.9573752Z   [apply] _dgT
2026-10-08T06:56:11.9573756Z 
2026-10-08T06:56:11.9573946Z Note: This linter can be disabled with `set_option linter.unusedVariables false`
2026-10-08T06:56:11.9574204Z warning: OIBridge/DitaTorusLocus.lean:3116:6: Variable name `dita28` is not explicitly referenced.
2026-10-08T06:56:11.9574207Z 
2026-10-08T06:56:11.9574567Z Hint: The binding can be removed (if unused) or named `_` (if used implicitly). Alternatively, prefix the name with `_` to silence this warning:
2026-10-08T06:56:11.9574648Z   [apply] _dita28
2026-10-08T06:56:11.9574652Z 
2026-10-08T06:56:11.9574854Z Note: This linter can be disabled with `set_option linter.unusedVariables false`
2026-10-08T06:56:11.9575111Z warning: OIBridge/DitaTorusLocus.lean:3119:6: Variable name `dita82` is not explicitly referenced.
2026-10-08T06:56:11.9575114Z 
2026-10-08T06:56:11.9575530Z Hint: The binding can be removed (if unused) or named `_` (if used implicitly). Alternatively, prefix the name with `_` to silence this warning:
2026-10-08T06:56:11.9575622Z   [apply] _dita82
2026-10-08T06:56:11.9575626Z 
2026-10-08T06:56:11.9575823Z Note: This linter can be disabled with `set_option linter.unusedVariables false`
2026-10-08T06:56:11.9576063Z warning: OIBridge/DitaTorusLocus.lean:3126:6: Variable name `P` is not explicitly referenced.
2026-10-08T06:56:11.9576067Z 
2026-10-08T06:56:11.9576491Z Hint: The binding can be removed (if unused) or named `_` (if used implicitly). Alternatively, prefix the name with `_` to silence this warning:
2026-10-08T06:56:11.9576578Z   [apply] _P
2026-10-08T06:56:11.9576582Z 
2026-10-08T06:56:11.9576774Z Note: This linter can be disabled with `set_option linter.unusedVariables false`
2026-10-08T06:56:11.9577035Z warning: OIBridge/DitaTorusLocus.lean:3129:6: Variable name `ditak1` is not explicitly referenced.
2026-10-08T06:56:11.9577038Z 
2026-10-08T06:56:11.9577401Z Hint: The binding can be removed (if unused) or named `_` (if used implicitly). Alternatively, prefix the name with `_` to silence this warning:
2026-10-08T06:56:11.9577484Z   [apply] _ditak1
2026-10-08T06:56:11.9577487Z 
2026-10-08T06:56:11.9577682Z Note: This linter can be disabled with `set_option linter.unusedVariables false`
2026-10-08T06:56:11.9577935Z warning: OIBridge/DitaTorusLocus.lean:3132:6: Variable name `ditak2` is not explicitly referenced.
2026-10-08T06:56:11.9577939Z 
2026-10-08T06:56:11.9578296Z Hint: The binding can be removed (if unused) or named `_` (if used implicitly). Alternatively, prefix the name with `_` to silence this warning:
2026-10-08T06:56:11.9578386Z   [apply] _ditak2
2026-10-08T06:56:11.9578389Z 
2026-10-08T06:56:11.9578586Z Note: This linter can be disabled with `set_option linter.unusedVariables false`
2026-10-08T06:56:11.9578901Z warning: OIBridge/DitaTorusLocus.lean:3135:6: Variable name `ditak3` is not explicitly referenced.
2026-10-08T06:56:11.9578914Z 
2026-10-08T06:56:11.9579281Z Hint: The binding can be removed (if unused) or named `_` (if used implicitly). Alternatively, prefix the name with `_` to silence this warning:
2026-10-08T06:56:11.9579371Z   [apply] _ditak3
2026-10-08T06:56:11.9579375Z 
2026-10-08T06:56:11.9579571Z Note: This linter can be disabled with `set_option linter.unusedVariables false`
2026-10-08T06:56:11.9579818Z warning: OIBridge/DitaTorusLocus.lean:3138:6: Variable name `ditak4` is not explicitly referenced.
2026-10-08T06:56:11.9579824Z 
2026-10-08T06:56:11.9580180Z Hint: The binding can be removed (if unused) or named `_` (if used implicitly). Alternatively, prefix the name with `_` to silence this warning:
2026-10-08T06:56:11.9580269Z   [apply] _ditak4
2026-10-08T06:56:11.9580273Z 
2026-10-08T06:56:11.9580509Z Note: This linter can be disabled with `set_option linter.unusedVariables false`
2026-10-08T06:56:11.9580812Z warning: OIBridge/DitaTorusLocus.lean:3141:6: Variable name `ditae1` is not explicitly referenced.
2026-10-08T06:56:11.9580816Z 
2026-10-08T06:56:11.9581175Z Hint: The binding can be removed (if unused) or named `_` (if used implicitly). Alternatively, prefix the name with `_` to silence this warning:
2026-10-08T06:56:11.9581258Z   [apply] _ditae1
2026-10-08T06:56:11.9581262Z 
2026-10-08T06:56:11.9581460Z Note: This linter can be disabled with `set_option linter.unusedVariables false`
2026-10-08T06:56:11.9581715Z warning: OIBridge/DitaTorusLocus.lean:3144:6: Variable name `ditae2` is not explicitly referenced.
2026-10-08T06:56:11.9581721Z 
2026-10-08T06:56:11.9582074Z Hint: The binding can be removed (if unused) or named `_` (if used implicitly). Alternatively, prefix the name with `_` to silence this warning:
2026-10-08T06:56:11.9582157Z   [apply] _ditae2
2026-10-08T06:56:11.9582160Z 
2026-10-08T06:56:11.9582355Z Note: This linter can be disabled with `set_option linter.unusedVariables false`
2026-10-08T06:56:11.9582605Z warning: OIBridge/DitaTorusLocus.lean:3147:6: Variable name `ditat2` is not explicitly referenced.
2026-10-08T06:56:11.9582608Z 
2026-10-08T06:56:11.9583145Z Hint: The binding can be removed (if unused) or named `_` (if used implicitly). Alternatively, prefix the name with `_` to silence this warning:
2026-10-08T06:56:11.9583235Z   [apply] _ditat2
2026-10-08T06:56:11.9583238Z 
2026-10-08T06:56:11.9583428Z Note: This linter can be disabled with `set_option linter.unusedVariables false`
2026-10-08T06:56:11.9583690Z warning: OIBridge/DitaTorusLocus.lean:3150:6: Variable name `ditat3` is not explicitly referenced.
2026-10-08T06:56:11.9583758Z 
2026-10-08T06:56:11.9584131Z Hint: The binding can be removed (if unused) or named `_` (if used implicitly). Alternatively, prefix the name with `_` to silence this warning:
2026-10-08T06:56:11.9584212Z   [apply] _ditat3
2026-10-08T06:56:11.9584220Z 
2026-10-08T06:56:11.9584422Z Note: This linter can be disabled with `set_option linter.unusedVariables false`
2026-10-08T06:56:11.9584673Z warning: OIBridge/DitaTorusLocus.lean:3152:6: Variable name `Hu` is not explicitly referenced.
2026-10-08T06:56:11.9584677Z 
2026-10-08T06:56:11.9585038Z Hint: The binding can be removed (if unused) or named `_` (if used implicitly). Alternatively, prefix the name with `_` to silence this warning:
2026-10-08T06:56:11.9585124Z   [apply] _Hu
2026-10-08T06:56:11.9585128Z 
2026-10-08T06:56:11.9585325Z Note: This linter can be disabled with `set_option linter.unusedVariables false`
2026-10-08T06:56:11.9585574Z warning: OIBridge/DitaTorusLocus.lean:3162:6: Variable name `ditamr` is not explicitly referenced.
2026-10-08T06:56:11.9585580Z 
2026-10-08T06:56:11.9585941Z Hint: The binding can be removed (if unused) or named `_` (if used implicitly). Alternatively, prefix the name with `_` to silence this warning:
2026-10-08T06:56:11.9586026Z   [apply] _ditamr
2026-10-08T06:56:11.9586031Z 
2026-10-08T06:56:11.9586290Z Note: This linter can be disabled with `set_option linter.unusedVariables false`
2026-10-08T06:56:11.9586705Z info: OIBridge/DitaTorusLocus.lean:3169:0: 'OIBridge.DitaTorusLocus.a40_shared_face_1m' depends on axioms: [propext, Classical.choice, Quot.sound]
2026-10-08T06:56:11.9586957Z warning: OIBridge/DitaTorusLocus.lean:3177:6: Variable name `pt` is not explicitly referenced.
2026-10-08T06:56:11.9586960Z 
2026-10-08T06:56:11.9587319Z Hint: The binding can be removed (if unused) or named `_` (if used implicitly). Alternatively, prefix the name with `_` to silence this warning:
2026-10-08T06:56:11.9587401Z   [apply] _pt
2026-10-08T06:56:11.9587404Z 
2026-10-08T06:56:11.9587600Z Note: This linter can be disabled with `set_option linter.unusedVariables false`
2026-10-08T06:56:11.9587847Z warning: OIBridge/DitaTorusLocus.lean:3181:6: Variable name `S` is not explicitly referenced.
2026-10-08T06:56:11.9587850Z 
2026-10-08T06:56:11.9588265Z Hint: The binding can be removed (if unused) or named `_` (if used implicitly). Alternatively, prefix the name with `_` to silence this warning:
2026-10-08T06:56:11.9588355Z   [apply] _S
2026-10-08T06:56:11.9588359Z 
2026-10-08T06:56:11.9588552Z Note: This linter can be disabled with `set_option linter.unusedVariables false`
2026-10-08T06:56:11.9588800Z warning: OIBridge/DitaTorusLocus.lean:3182:6: Variable name `tor` is not explicitly referenced.
2026-10-08T06:56:11.9588804Z 
2026-10-08T06:56:11.9589161Z Hint: The binding can be removed (if unused) or named `_` (if used implicitly). Alternatively, prefix the name with `_` to silence this warning:
2026-10-08T06:56:11.9589249Z   [apply] _tor
2026-10-08T06:56:11.9589253Z 
2026-10-08T06:56:11.9589441Z Note: This linter can be disabled with `set_option linter.unusedVariables false`
2026-10-08T06:56:11.9589695Z warning: OIBridge/DitaTorusLocus.lean:3183:6: Variable name `adj` is not explicitly referenced.
2026-10-08T06:56:11.9589699Z 
2026-10-08T06:56:11.9590056Z Hint: The binding can be removed (if unused) or named `_` (if used implicitly). Alternatively, prefix the name with `_` to silence this warning:
2026-10-08T06:56:11.9590139Z   [apply] _adj
2026-10-08T06:56:11.9590142Z 
2026-10-08T06:56:11.9590333Z Note: This linter can be disabled with `set_option linter.unusedVariables false`
2026-10-08T06:56:11.9590713Z warning: OIBridge/DitaTorusLocus.lean:3184:6: Variable name `μ` is not explicitly referenced.
2026-10-08T06:56:11.9590717Z 
2026-10-08T06:56:11.9591080Z Hint: The binding can be removed (if unused) or named `_` (if used implicitly). Alternatively, prefix the name with `_` to silence this warning:
2026-10-08T06:56:11.9591181Z   [apply] _μ
2026-10-08T06:56:11.9591185Z 
2026-10-08T06:56:11.9591386Z Note: This linter can be disabled with `set_option linter.unusedVariables false`
2026-10-08T06:56:11.9591677Z warning: OIBridge/DitaTorusLocus.lean:3186:6: Variable name `N` is not explicitly referenced.
2026-10-08T06:56:11.9591682Z 
2026-10-08T06:56:11.9592044Z Hint: The binding can be removed (if unused) or named `_` (if used implicitly). Alternatively, prefix the name with `_` to silence this warning:
2026-10-08T06:56:11.9592134Z   [apply] _N
2026-10-08T06:56:11.9592139Z 
2026-10-08T06:56:11.9592327Z Note: This linter can be disabled with `set_option linter.unusedVariables false`
2026-10-08T06:56:11.9592744Z warning: OIBridge/DitaTorusLocus.lean:3191:6: Variable name `Δc` is not explicitly referenced.
2026-10-08T06:56:11.9592750Z 
2026-10-08T06:56:11.9593112Z Hint: The binding can be removed (if unused) or named `_` (if used implicitly). Alternatively, prefix the name with `_` to silence this warning:
2026-10-08T06:56:11.9593217Z   [apply] _Δc
2026-10-08T06:56:11.9593221Z 
2026-10-08T06:56:11.9593417Z Note: This linter can be disabled with `set_option linter.unusedVariables false`
2026-10-08T06:56:11.9593734Z warning: OIBridge/DitaTorusLocus.lean:3192:6: Variable name `Δr` is not explicitly referenced.
2026-10-08T06:56:11.9593739Z 
2026-10-08T06:56:11.9594100Z Hint: The binding can be removed (if unused) or named `_` (if used implicitly). Alternatively, prefix the name with `_` to silence this warning:
2026-10-08T06:56:11.9594278Z   [apply] _Δr
2026-10-08T06:56:11.9594282Z 
2026-10-08T06:56:11.9594476Z Note: This linter can be disabled with `set_option linter.unusedVariables false`
2026-10-08T06:56:11.9594721Z warning: OIBridge/DitaTorusLocus.lean:3195:6: Variable name `dgT` is not explicitly referenced.
2026-10-08T06:56:11.9594729Z 
2026-10-08T06:56:11.9595083Z Hint: The binding can be removed (if unused) or named `_` (if used implicitly). Alternatively, prefix the name with `_` to silence this warning:
2026-10-08T06:56:11.9595166Z   [apply] _dgT
2026-10-08T06:56:11.9595169Z 
2026-10-08T06:56:11.9595362Z Note: This linter can be disabled with `set_option linter.unusedVariables false`
2026-10-08T06:56:11.9595615Z warning: OIBridge/DitaTorusLocus.lean:3202:6: Variable name `dita82` is not explicitly referenced.
2026-10-08T06:56:11.9595619Z 
2026-10-08T06:56:11.9596035Z Hint: The binding can be removed (if unused) or named `_` (if used implicitly). Alternatively, prefix the name with `_` to silence this warning:
2026-10-08T06:56:11.9596130Z   [apply] _dita82
2026-10-08T06:56:11.9596133Z 
2026-10-08T06:56:11.9596321Z Note: This linter can be disabled with `set_option linter.unusedVariables false`
2026-10-08T06:56:11.9596570Z warning: OIBridge/DitaTorusLocus.lean:3209:6: Variable name `P` is not explicitly referenced.
2026-10-08T06:56:11.9596574Z 
2026-10-08T06:56:11.9596930Z Hint: The binding can be removed (if unused) or named `_` (if used implicitly). Alternatively, prefix the name with `_` to silence this warning:
2026-10-08T06:56:11.9597012Z   [apply] _P
2026-10-08T06:56:11.9597015Z 
2026-10-08T06:56:11.9597212Z Note: This linter can be disabled with `set_option linter.unusedVariables false`
2026-10-08T06:56:11.9597466Z warning: OIBridge/DitaTorusLocus.lean:3212:6: Variable name `ditak1` is not explicitly referenced.
2026-10-08T06:56:11.9597470Z 
2026-10-08T06:56:11.9597821Z Hint: The binding can be removed (if unused) or named `_` (if used implicitly). Alternatively, prefix the name with `_` to silence this warning:
2026-10-08T06:56:11.9597912Z   [apply] _ditak1
2026-10-08T06:56:11.9597916Z 
2026-10-08T06:56:11.9598107Z Note: This linter can be disabled with `set_option linter.unusedVariables false`
2026-10-08T06:56:11.9598416Z warning: OIBridge/DitaTorusLocus.lean:3215:6: Variable name `ditak2` is not explicitly referenced.
2026-10-08T06:56:11.9598420Z 
2026-10-08T06:56:11.9598781Z Hint: The binding can be removed (if unused) or named `_` (if used implicitly). Alternatively, prefix the name with `_` to silence this warning:
2026-10-08T06:56:11.9598867Z   [apply] _ditak2
2026-10-08T06:56:11.9598870Z 
2026-10-08T06:56:11.9599057Z Note: This linter can be disabled with `set_option linter.unusedVariables false`
2026-10-08T06:56:11.9599374Z warning: OIBridge/DitaTorusLocus.lean:3218:6: Variable name `ditak3` is not explicitly referenced.
2026-10-08T06:56:11.9599379Z 
2026-10-08T06:56:11.9599738Z Hint: The binding can be removed (if unused) or named `_` (if used implicitly). Alternatively, prefix the name with `_` to silence this warning:
2026-10-08T06:56:11.9599823Z   [apply] _ditak3
2026-10-08T06:56:11.9599826Z 
2026-10-08T06:56:11.9600022Z Note: This linter can be disabled with `set_option linter.unusedVariables false`
2026-10-08T06:56:11.9600276Z warning: OIBridge/DitaTorusLocus.lean:3221:6: Variable name `ditak4` is not explicitly referenced.
2026-10-08T06:56:11.9600279Z 
2026-10-08T06:56:11.9600628Z Hint: The binding can be removed (if unused) or named `_` (if used implicitly). Alternatively, prefix the name with `_` to silence this warning:
2026-10-08T06:56:11.9600712Z   [apply] _ditak4
2026-10-08T06:56:11.9600716Z 
2026-10-08T06:56:11.9600911Z Note: This linter can be disabled with `set_option linter.unusedVariables false`
2026-10-08T06:56:11.9601155Z warning: OIBridge/DitaTorusLocus.lean:3224:6: Variable name `ditae1` is not explicitly referenced.
2026-10-08T06:56:11.9601158Z 
2026-10-08T06:56:11.9601516Z Hint: The binding can be removed (if unused) or named `_` (if used implicitly). Alternatively, prefix the name with `_` to silence this warning:
2026-10-08T06:56:11.9601653Z   [apply] _ditae1
2026-10-08T06:56:11.9601656Z 
2026-10-08T06:56:11.9601846Z Note: This linter can be disabled with `set_option linter.unusedVariables false`
2026-10-08T06:56:11.9602100Z warning: OIBridge/DitaTorusLocus.lean:3227:6: Variable name `ditae2` is not explicitly referenced.
2026-10-08T06:56:11.9602104Z 
2026-10-08T06:56:11.9602457Z Hint: The binding can be removed (if unused) or named `_` (if used implicitly). Alternatively, prefix the name with `_` to silence this warning:
2026-10-08T06:56:11.9602546Z   [apply] _ditae2
2026-10-08T06:56:11.9602550Z 
2026-10-08T06:56:11.9602847Z Note: This linter can be disabled with `set_option linter.unusedVariables false`
2026-10-08T06:56:11.9603098Z warning: OIBridge/DitaTorusLocus.lean:3230:6: Variable name `ditat2` is not explicitly referenced.
2026-10-08T06:56:11.9603101Z 
2026-10-08T06:56:11.9603526Z Hint: The binding can be removed (if unused) or named `_` (if used implicitly). Alternatively, prefix the name with `_` to silence this warning:
2026-10-08T06:56:11.9603615Z   [apply] _ditat2
2026-10-08T06:56:11.9603618Z 
2026-10-08T06:56:11.9603814Z Note: This linter can be disabled with `set_option linter.unusedVariables false`
2026-10-08T06:56:11.9604068Z warning: OIBridge/DitaTorusLocus.lean:3233:6: Variable name `ditat3` is not explicitly referenced.
2026-10-08T06:56:11.9604072Z 
2026-10-08T06:56:11.9604428Z Hint: The binding can be removed (if unused) or named `_` (if used implicitly). Alternatively, prefix the name with `_` to silence this warning:
2026-10-08T06:56:11.9604523Z   [apply] _ditat3
2026-10-08T06:56:11.9604529Z 
2026-10-08T06:56:11.9604734Z Note: This linter can be disabled with `set_option linter.unusedVariables false`
2026-10-08T06:56:11.9604979Z warning: OIBridge/DitaTorusLocus.lean:3235:6: Variable name `Hu` is not explicitly referenced.
2026-10-08T06:56:11.9604983Z 
2026-10-08T06:56:11.9605353Z Hint: The binding can be removed (if unused) or named `_` (if used implicitly). Alternatively, prefix the name with `_` to silence this warning:
2026-10-08T06:56:11.9605441Z   [apply] _Hu
2026-10-08T06:56:11.9605444Z 
2026-10-08T06:56:11.9605632Z Note: This linter can be disabled with `set_option linter.unusedVariables false`
2026-10-08T06:56:11.9605991Z warning: OIBridge/DitaTorusLocus.lean:3242:6: Variable name `ditamc` is not explicitly referenced.
2026-10-08T06:56:11.9605995Z 
2026-10-08T06:56:11.9606352Z Hint: The binding can be removed (if unused) or named `_` (if used implicitly). Alternatively, prefix the name with `_` to silence this warning:
2026-10-08T06:56:11.9606432Z   [apply] _ditamc
2026-10-08T06:56:11.9606497Z 
2026-10-08T06:56:11.9606692Z Note: This linter can be disabled with `set_option linter.unusedVariables false`
2026-10-08T06:56:11.9606939Z warning: OIBridge/DitaTorusLocus.lean:3245:6: Variable name `ditamr` is not explicitly referenced.
2026-10-08T06:56:11.9606942Z 
2026-10-08T06:56:11.9607293Z Hint: The binding can be removed (if unused) or named `_` (if used implicitly). Alternatively, prefix the name with `_` to silence this warning:
2026-10-08T06:56:11.9607388Z   [apply] _ditamr
2026-10-08T06:56:11.9607391Z 
2026-10-08T06:56:11.9607584Z Note: This linter can be disabled with `set_option linter.unusedVariables false`
2026-10-08T06:56:11.9607995Z info: OIBridge/DitaTorusLocus.lean:3252:0: 'OIBridge.DitaTorusLocus.a40_shared_face_2p' depends on axioms: [propext, Classical.choice, Quot.sound]
2026-10-08T06:56:11.9608251Z warning: OIBridge/DitaTorusLocus.lean:3260:6: Variable name `pt` is not explicitly referenced.
2026-10-08T06:56:11.9608255Z 
2026-10-08T06:56:11.9608610Z Hint: The binding can be removed (if unused) or named `_` (if used implicitly). Alternatively, prefix the name with `_` to silence this warning:
2026-10-08T06:56:11.9608695Z   [apply] _pt
2026-10-08T06:56:11.9608699Z 
2026-10-08T06:56:11.9608894Z Note: This linter can be disabled with `set_option linter.unusedVariables false`
2026-10-08T06:56:11.9609204Z warning: OIBridge/DitaTorusLocus.lean:3264:6: Variable name `S` is not explicitly referenced.
2026-10-08T06:56:11.9609208Z 
2026-10-08T06:56:11.9609560Z Hint: The binding can be removed (if unused) or named `_` (if used implicitly). Alternatively, prefix the name with `_` to silence this warning:
2026-10-08T06:56:11.9609648Z   [apply] _S
2026-10-08T06:56:11.9609652Z 
2026-10-08T06:56:11.9609847Z Note: This linter can be disabled with `set_option linter.unusedVariables false`
2026-10-08T06:56:11.9610090Z warning: OIBridge/DitaTorusLocus.lean:3265:6: Variable name `tor` is not explicitly referenced.
2026-10-08T06:56:11.9610098Z 
2026-10-08T06:56:11.9610448Z Hint: The binding can be removed (if unused) or named `_` (if used implicitly). Alternatively, prefix the name with `_` to silence this warning:
2026-10-08T06:56:11.9610538Z   [apply] _tor
2026-10-08T06:56:11.9610541Z 
2026-10-08T06:56:11.9610784Z Note: This linter can be disabled with `set_option linter.unusedVariables false`
2026-10-08T06:56:11.9611027Z warning: OIBridge/DitaTorusLocus.lean:3266:6: Variable name `adj` is not explicitly referenced.
2026-10-08T06:56:11.9611031Z 
2026-10-08T06:56:11.9611393Z Hint: The binding can be removed (if unused) or named `_` (if used implicitly). Alternatively, prefix the name with `_` to silence this warning:
2026-10-08T06:56:11.9611480Z   [apply] _adj
2026-10-08T06:56:11.9611483Z 
2026-10-08T06:56:11.9611672Z Note: This linter can be disabled with `set_option linter.unusedVariables false`
2026-10-08T06:56:11.9611995Z warning: OIBridge/DitaTorusLocus.lean:3267:6: Variable name `μ` is not explicitly referenced.
2026-10-08T06:56:11.9612000Z 
2026-10-08T06:56:11.9612352Z Hint: The binding can be removed (if unused) or named `_` (if used implicitly). Alternatively, prefix the name with `_` to silence this warning:
2026-10-08T06:56:11.9612446Z   [apply] _μ
2026-10-08T06:56:11.9612450Z 
2026-10-08T06:56:11.9612738Z Note: This linter can be disabled with `set_option linter.unusedVariables false`
2026-10-08T06:56:11.9612989Z warning: OIBridge/DitaTorusLocus.lean:3269:6: Variable name `N` is not explicitly referenced.
2026-10-08T06:56:11.9612993Z 
2026-10-08T06:56:11.9613345Z Hint: The binding can be removed (if unused) or named `_` (if used implicitly). Alternatively, prefix the name with `_` to silence this warning:
2026-10-08T06:56:11.9613496Z   [apply] _N
2026-10-08T06:56:11.9613500Z 
2026-10-08T06:56:11.9613695Z Note: This linter can be disabled with `set_option linter.unusedVariables false`
2026-10-08T06:56:11.9613998Z warning: OIBridge/DitaTorusLocus.lean:3274:6: Variable name `Δc` is not explicitly referenced.
2026-10-08T06:56:11.9614002Z 
2026-10-08T06:56:11.9614359Z Hint: The binding can be removed (if unused) or named `_` (if used implicitly). Alternatively, prefix the name with `_` to silence this warning:
2026-10-08T06:56:11.9614530Z   [apply] _Δc
2026-10-08T06:56:11.9614534Z 
2026-10-08T06:56:11.9614725Z Note: This linter can be disabled with `set_option linter.unusedVariables false`
2026-10-08T06:56:11.9615037Z warning: OIBridge/DitaTorusLocus.lean:3275:6: Variable name `Δr` is not explicitly referenced.
2026-10-08T06:56:11.9615040Z 
2026-10-08T06:56:11.9615404Z Hint: The binding can be removed (if unused) or named `_` (if used implicitly). Alternatively, prefix the name with `_` to silence this warning:
2026-10-08T06:56:11.9615510Z   [apply] _Δr
2026-10-08T06:56:11.9615513Z 
2026-10-08T06:56:11.9615709Z Note: This linter can be disabled with `set_option linter.unusedVariables false`
2026-10-08T06:56:11.9615953Z warning: OIBridge/DitaTorusLocus.lean:3278:6: Variable name `dgT` is not explicitly referenced.
2026-10-08T06:56:11.9615957Z 
2026-10-08T06:56:11.9616308Z Hint: The binding can be removed (if unused) or named `_` (if used implicitly). Alternatively, prefix the name with `_` to silence this warning:
2026-10-08T06:56:11.9616399Z   [apply] _dgT
2026-10-08T06:56:11.9616403Z 
2026-10-08T06:56:11.9616596Z Note: This linter can be disabled with `set_option linter.unusedVariables false`
2026-10-08T06:56:11.9616923Z warning: OIBridge/DitaTorusLocus.lean:3285:6: Variable name `dita82` is not explicitly referenced.
2026-10-08T06:56:11.9616927Z 
2026-10-08T06:56:11.9617285Z Hint: The binding can be removed (if unused) or named `_` (if used implicitly). Alternatively, prefix the name with `_` to silence this warning:
2026-10-08T06:56:11.9617375Z   [apply] _dita82
2026-10-08T06:56:11.9617379Z 
2026-10-08T06:56:11.9617565Z Note: This linter can be disabled with `set_option linter.unusedVariables false`
2026-10-08T06:56:11.9617803Z warning: OIBridge/DitaTorusLocus.lean:3292:6: Variable name `P` is not explicitly referenced.
2026-10-08T06:56:11.9617807Z 
2026-10-08T06:56:11.9618163Z Hint: The binding can be removed (if unused) or named `_` (if used implicitly). Alternatively, prefix the name with `_` to silence this warning:
2026-10-08T06:56:11.9618256Z   [apply] _P
2026-10-08T06:56:11.9618260Z 
2026-10-08T06:56:11.9618508Z Note: This linter can be disabled with `set_option linter.unusedVariables false`
2026-10-08T06:56:11.9618775Z warning: OIBridge/DitaTorusLocus.lean:3295:6: Variable name `ditak1` is not explicitly referenced.
2026-10-08T06:56:11.9618779Z 
2026-10-08T06:56:11.9619137Z Hint: The binding can be removed (if unused) or named `_` (if used implicitly). Alternatively, prefix the name with `_` to silence this warning:
2026-10-08T06:56:11.9619222Z   [apply] _ditak1
2026-10-08T06:56:11.9619226Z 
2026-10-08T06:56:11.9619426Z Note: This linter can be disabled with `set_option linter.unusedVariables false`
2026-10-08T06:56:11.9619681Z warning: OIBridge/DitaTorusLocus.lean:3298:6: Variable name `ditak2` is not explicitly referenced.
2026-10-08T06:56:11.9619685Z 
2026-10-08T06:56:11.9620039Z Hint: The binding can be removed (if unused) or named `_` (if used implicitly). Alternatively, prefix the name with `_` to silence this warning:
2026-10-08T06:56:11.9620128Z   [apply] _ditak2
2026-10-08T06:56:11.9620131Z 
2026-10-08T06:56:11.9620327Z Note: This linter can be disabled with `set_option linter.unusedVariables false`
2026-10-08T06:56:11.9620578Z warning: OIBridge/DitaTorusLocus.lean:3301:6: Variable name `ditak3` is not explicitly referenced.
2026-10-08T06:56:11.9620581Z 
2026-10-08T06:56:11.9620944Z Hint: The binding can be removed (if unused) or named `_` (if used implicitly). Alternatively, prefix the name with `_` to silence this warning:
2026-10-08T06:56:11.9621085Z   [apply] _ditak3
2026-10-08T06:56:11.9621089Z 
2026-10-08T06:56:11.9621278Z Note: This linter can be disabled with `set_option linter.unusedVariables false`
2026-10-08T06:56:11.9621530Z warning: OIBridge/DitaTorusLocus.lean:3304:6: Variable name `ditak4` is not explicitly referenced.
2026-10-08T06:56:11.9621534Z 
2026-10-08T06:56:11.9621890Z Hint: The binding can be removed (if unused) or named `_` (if used implicitly). Alternatively, prefix the name with `_` to silence this warning:
2026-10-08T06:56:11.9622021Z   [apply] _ditak4
2026-10-08T06:56:11.9622025Z 
2026-10-08T06:56:11.9622222Z Note: This linter can be disabled with `set_option linter.unusedVariables false`
2026-10-08T06:56:11.9622477Z warning: OIBridge/DitaTorusLocus.lean:3307:6: Variable name `ditae1` is not explicitly referenced.
2026-10-08T06:56:11.9622481Z 
2026-10-08T06:56:11.9622929Z Hint: The binding can be removed (if unused) or named `_` (if used implicitly). Alternatively, prefix the name with `_` to silence this warning:
2026-10-08T06:56:11.9623019Z   [apply] _ditae1
2026-10-08T06:56:11.9623023Z 
2026-10-08T06:56:11.9623218Z Note: This linter can be disabled with `set_option linter.unusedVariables false`
2026-10-08T06:56:11.9623470Z warning: OIBridge/DitaTorusLocus.lean:3310:6: Variable name `ditae2` is not explicitly referenced.
2026-10-08T06:56:11.9623473Z 
2026-10-08T06:56:11.9623847Z Hint: The binding can be removed (if unused) or named `_` (if used implicitly). Alternatively, prefix the name with `_` to silence this warning:
2026-10-08T06:56:11.9623949Z   [apply] _ditae2
2026-10-08T06:56:11.9623952Z 
2026-10-08T06:56:11.9624148Z Note: This linter can be disabled with `set_option linter.unusedVariables false`
2026-10-08T06:56:11.9624482Z warning: OIBridge/DitaTorusLocus.lean:3313:6: Variable name `ditat2` is not explicitly referenced.
2026-10-08T06:56:11.9624486Z 
2026-10-08T06:56:11.9624848Z Hint: The binding can be removed (if unused) or named `_` (if used implicitly). Alternatively, prefix the name with `_` to silence this warning:
2026-10-08T06:56:11.9624930Z   [apply] _ditat2
2026-10-08T06:56:11.9624938Z 
2026-10-08T06:56:11.9625136Z Note: This linter can be disabled with `set_option linter.unusedVariables false`
2026-10-08T06:56:11.9625405Z warning: OIBridge/DitaTorusLocus.lean:3316:6: Variable name `ditat3` is not explicitly referenced.
2026-10-08T06:56:11.9625408Z 
2026-10-08T06:56:11.9625783Z Hint: The binding can be removed (if unused) or named `_` (if used implicitly). Alternatively, prefix the name with `_` to silence this warning:
2026-10-08T06:56:11.9625867Z   [apply] _ditat3
2026-10-08T06:56:11.9625870Z 
2026-10-08T06:56:11.9626135Z Note: This linter can be disabled with `set_option linter.unusedVariables false`
2026-10-08T06:56:11.9626397Z warning: OIBridge/DitaTorusLocus.lean:3318:6: Variable name `Hu` is not explicitly referenced.
2026-10-08T06:56:11.9626401Z 
2026-10-08T06:56:11.9626757Z Hint: The binding can be removed (if unused) or named `_` (if used implicitly). Alternatively, prefix the name with `_` to silence this warning:
2026-10-08T06:56:11.9626870Z   [apply] _Hu
2026-10-08T06:56:11.9626873Z 
2026-10-08T06:56:11.9627074Z Note: This linter can be disabled with `set_option linter.unusedVariables false`
2026-10-08T06:56:11.9627331Z warning: OIBridge/DitaTorusLocus.lean:3325:6: Variable name `ditamc` is not explicitly referenced.
2026-10-08T06:56:11.9627337Z 
2026-10-08T06:56:11.9627707Z Hint: The binding can be removed (if unused) or named `_` (if used implicitly). Alternatively, prefix the name with `_` to silence this warning:
2026-10-08T06:56:11.9627798Z   [apply] _ditamc
2026-10-08T06:56:11.9627801Z 
2026-10-08T06:56:11.9627994Z Note: This linter can be disabled with `set_option linter.unusedVariables false`
2026-10-08T06:56:11.9628261Z warning: OIBridge/DitaTorusLocus.lean:3328:6: Variable name `ditamr` is not explicitly referenced.
2026-10-08T06:56:11.9628264Z 
2026-10-08T06:56:11.9628690Z Hint: The binding can be removed (if unused) or named `_` (if used implicitly). Alternatively, prefix the name with `_` to silence this warning:
2026-10-08T06:56:11.9628778Z   [apply] _ditamr
2026-10-08T06:56:11.9628782Z 
2026-10-08T06:56:11.9628989Z Note: This linter can be disabled with `set_option linter.unusedVariables false`
2026-10-08T06:56:11.9629420Z info: OIBridge/DitaTorusLocus.lean:3335:0: 'OIBridge.DitaTorusLocus.a40_shared_face_3p' depends on axioms: [propext, Classical.choice, Quot.sound]
2026-10-08T06:56:11.9629731Z warning: OIBridge/DitaTorusLocus.lean:3343:6: Variable name `pt` is not explicitly referenced.
2026-10-08T06:56:11.9629735Z 
2026-10-08T06:56:11.9630115Z Hint: The binding can be removed (if unused) or named `_` (if used implicitly). Alternatively, prefix the name with `_` to silence this warning:
2026-10-08T06:56:11.9630212Z   [apply] _pt
2026-10-08T06:56:11.9630215Z 
2026-10-08T06:56:11.9630409Z Note: This linter can be disabled with `set_option linter.unusedVariables false`
2026-10-08T06:56:11.9630666Z warning: OIBridge/DitaTorusLocus.lean:3347:6: Variable name `S` is not explicitly referenced.
2026-10-08T06:56:11.9630669Z 
2026-10-08T06:56:11.9631041Z Hint: The binding can be removed (if unused) or named `_` (if used implicitly). Alternatively, prefix the name with `_` to silence this warning:
2026-10-08T06:56:11.9631130Z   [apply] _S
2026-10-08T06:56:11.9631133Z 
2026-10-08T06:56:11.9631338Z Note: This linter can be disabled with `set_option linter.unusedVariables false`
2026-10-08T06:56:11.9631600Z warning: OIBridge/DitaTorusLocus.lean:3348:6: Variable name `tor` is not explicitly referenced.
2026-10-08T06:56:11.9631603Z 
2026-10-08T06:56:11.9631962Z Hint: The binding can be removed (if unused) or named `_` (if used implicitly). Alternatively, prefix the name with `_` to silence this warning:
2026-10-08T06:56:11.9632126Z   [apply] _tor
2026-10-08T06:56:11.9632129Z 
2026-10-08T06:56:11.9632337Z Note: This linter can be disabled with `set_option linter.unusedVariables false`
2026-10-08T06:56:11.9632590Z warning: OIBridge/DitaTorusLocus.lean:3349:6: Variable name `adj` is not explicitly referenced.
2026-10-08T06:56:11.9632603Z 
2026-10-08T06:56:11.9633071Z Hint: The binding can be removed (if unused) or named `_` (if used implicitly). Alternatively, prefix the name with `_` to silence this warning:
2026-10-08T06:56:11.9633171Z   [apply] _adj
2026-10-08T06:56:11.9633175Z 
2026-10-08T06:56:11.9633373Z Note: This linter can be disabled with `set_option linter.unusedVariables false`
2026-10-08T06:56:11.9633698Z warning: OIBridge/DitaTorusLocus.lean:3350:6: Variable name `μ` is not explicitly referenced.
2026-10-08T06:56:11.9633702Z 
2026-10-08T06:56:11.9634128Z Hint: The binding can be removed (if unused) or named `_` (if used implicitly). Alternatively, prefix the name with `_` to silence this warning:
2026-10-08T06:56:11.9634230Z   [apply] _μ
2026-10-08T06:56:11.9634234Z 
2026-10-08T06:56:11.9634423Z Note: This linter can be disabled with `set_option linter.unusedVariables false`
2026-10-08T06:56:11.9634667Z warning: OIBridge/DitaTorusLocus.lean:3352:6: Variable name `N` is not explicitly referenced.
2026-10-08T06:56:11.9634670Z 
2026-10-08T06:56:11.9635029Z Hint: The binding can be removed (if unused) or named `_` (if used implicitly). Alternatively, prefix the name with `_` to silence this warning:
2026-10-08T06:56:11.9635109Z   [apply] _N
2026-10-08T06:56:11.9635113Z 
2026-10-08T06:56:11.9635305Z Note: This linter can be disabled with `set_option linter.unusedVariables false`
2026-10-08T06:56:11.9635703Z warning: OIBridge/DitaTorusLocus.lean:3357:6: Variable name `Δc` is not explicitly referenced.
2026-10-08T06:56:11.9635709Z 
2026-10-08T06:56:11.9636276Z Hint: The binding can be removed (if unused) or named `_` (if used implicitly). Alternatively, prefix the name with `_` to silence this warning:
2026-10-08T06:56:11.9636448Z   [apply] _Δc
2026-10-08T06:56:11.9636453Z 
2026-10-08T06:56:11.9636755Z Note: This linter can be disabled with `set_option linter.unusedVariables false`
2026-10-08T06:56:11.9637291Z warning: OIBridge/DitaTorusLocus.lean:3358:6: Variable name `Δr` is not explicitly referenced.
2026-10-08T06:56:11.9637297Z 
2026-10-08T06:56:11.9637837Z Hint: The binding can be removed (if unused) or named `_` (if used implicitly). Alternatively, prefix the name with `_` to silence this warning:
2026-10-08T06:56:11.9637986Z   [apply] _Δr
2026-10-08T06:56:11.9637990Z 
2026-10-08T06:56:11.9638279Z Note: This linter can be disabled with `set_option linter.unusedVariables false`
2026-10-08T06:56:11.9638732Z warning: OIBridge/DitaTorusLocus.lean:3361:6: Variable name `dgT` is not explicitly referenced.
2026-10-08T06:56:11.9638738Z 
2026-10-08T06:56:11.9639268Z Hint: The binding can be removed (if unused) or named `_` (if used implicitly). Alternatively, prefix the name with `_` to silence this warning:
2026-10-08T06:56:11.9639387Z   [apply] _dgT
2026-10-08T06:56:11.9639392Z 
2026-10-08T06:56:11.9639701Z Note: This linter can be disabled with `set_option linter.unusedVariables false`
2026-10-08T06:56:11.9640102Z warning: OIBridge/DitaTorusLocus.lean:3365:6: Variable name `dita28` is not explicitly referenced.
2026-10-08T06:56:11.9640108Z 
2026-10-08T06:56:11.9640683Z Hint: The binding can be removed (if unused) or named `_` (if used implicitly). Alternatively, prefix the name with `_` to silence this warning:
2026-10-08T06:56:11.9640814Z   [apply] _dita28
2026-10-08T06:56:11.9640819Z 
2026-10-08T06:56:11.9641182Z Note: This linter can be disabled with `set_option linter.unusedVariables false`
2026-10-08T06:56:11.9641609Z warning: OIBridge/DitaTorusLocus.lean:3368:6: Variable name `dita82` is not explicitly referenced.
2026-10-08T06:56:11.9641617Z 
2026-10-08T06:56:11.9642184Z Hint: The binding can be removed (if unused) or named `_` (if used implicitly). Alternatively, prefix the name with `_` to silence this warning:
2026-10-08T06:56:11.9642456Z   [apply] _dita82
2026-10-08T06:56:11.9642462Z 
2026-10-08T06:56:11.9643009Z Note: This linter can be disabled with `set_option linter.unusedVariables false`
2026-10-08T06:56:11.9643428Z warning: OIBridge/DitaTorusLocus.lean:3375:6: Variable name `P` is not explicitly referenced.
2026-10-08T06:56:11.9643434Z 
2026-10-08T06:56:11.9644050Z Hint: The binding can be removed (if unused) or named `_` (if used implicitly). Alternatively, prefix the name with `_` to silence this warning:
2026-10-08T06:56:11.9644180Z   [apply] _P
2026-10-08T06:56:11.9644196Z 
2026-10-08T06:56:11.9644520Z Note: This linter can be disabled with `set_option linter.unusedVariables false`
2026-10-08T06:56:11.9644967Z warning: OIBridge/DitaTorusLocus.lean:3378:6: Variable name `ditak1` is not explicitly referenced.
2026-10-08T06:56:11.9644975Z 
2026-10-08T06:56:11.9645752Z Hint: The binding can be removed (if unused) or named `_` (if used implicitly). Alternatively, prefix the name with `_` to silence this warning:
2026-10-08T06:56:11.9645894Z   [apply] _ditak1
2026-10-08T06:56:11.9645899Z 
2026-10-08T06:56:11.9646224Z Note: This linter can be disabled with `set_option linter.unusedVariables false`
2026-10-08T06:56:11.9646758Z warning: OIBridge/DitaTorusLocus.lean:3381:6: Variable name `ditak2` is not explicitly referenced.
2026-10-08T06:56:11.9646765Z 
2026-10-08T06:56:11.9647411Z Hint: The binding can be removed (if unused) or named `_` (if used implicitly). Alternatively, prefix the name with `_` to silence this warning:
2026-10-08T06:56:11.9647531Z   [apply] _ditak2
2026-10-08T06:56:11.9647537Z 
2026-10-08T06:56:11.9647839Z Note: This linter can be disabled with `set_option linter.unusedVariables false`
2026-10-08T06:56:11.9648255Z warning: OIBridge/DitaTorusLocus.lean:3384:6: Variable name `ditak3` is not explicitly referenced.
2026-10-08T06:56:11.9648264Z 
2026-10-08T06:56:11.9648889Z Hint: The binding can be removed (if unused) or named `_` (if used implicitly). Alternatively, prefix the name with `_` to silence this warning:
2026-10-08T06:56:11.9649037Z   [apply] _ditak3
2026-10-08T06:56:11.9649044Z 
2026-10-08T06:56:11.9649391Z Note: This linter can be disabled with `set_option linter.unusedVariables false`
2026-10-08T06:56:11.9649995Z warning: OIBridge/DitaTorusLocus.lean:3387:6: Variable name `ditak4` is not explicitly referenced.
2026-10-08T06:56:11.9650004Z 
2026-10-08T06:56:11.9650668Z Hint: The binding can be removed (if unused) or named `_` (if used implicitly). Alternatively, prefix the name with `_` to silence this warning:
2026-10-08T06:56:11.9650806Z   [apply] _ditak4
2026-10-08T06:56:11.9650812Z 
2026-10-08T06:56:11.9651151Z Note: This linter can be disabled with `set_option linter.unusedVariables false`
2026-10-08T06:56:11.9651720Z warning: OIBridge/DitaTorusLocus.lean:3390:6: Variable name `ditae1` is not explicitly referenced.
2026-10-08T06:56:11.9651725Z 
2026-10-08T06:56:11.9652379Z Hint: The binding can be removed (if unused) or named `_` (if used implicitly). Alternatively, prefix the name with `_` to silence this warning:
2026-10-08T06:56:11.9652497Z   [apply] _ditae1
2026-10-08T06:56:11.9652510Z 
2026-10-08T06:56:11.9653027Z Note: This linter can be disabled with `set_option linter.unusedVariables false`
2026-10-08T06:56:11.9653481Z warning: OIBridge/DitaTorusLocus.lean:3393:6: Variable name `ditae2` is not explicitly referenced.
2026-10-08T06:56:11.9653487Z 
2026-10-08T06:56:11.9654097Z Hint: The binding can be removed (if unused) or named `_` (if used implicitly). Alternatively, prefix the name with `_` to silence this warning:
2026-10-08T06:56:11.9654209Z   [apply] _ditae2
2026-10-08T06:56:11.9654214Z 
2026-10-08T06:56:11.9654508Z Note: This linter can be disabled with `set_option linter.unusedVariables false`
2026-10-08T06:56:11.9654962Z warning: OIBridge/DitaTorusLocus.lean:3396:6: Variable name `ditat2` is not explicitly referenced.
2026-10-08T06:56:11.9654968Z 
2026-10-08T06:56:11.9655595Z Hint: The binding can be removed (if unused) or named `_` (if used implicitly). Alternatively, prefix the name with `_` to silence this warning:
2026-10-08T06:56:11.9655903Z   [apply] _ditat2
2026-10-08T06:56:11.9655909Z 
2026-10-08T06:56:11.9656307Z Note: This linter can be disabled with `set_option linter.unusedVariables false`
2026-10-08T06:56:11.9656756Z warning: OIBridge/DitaTorusLocus.lean:3399:6: Variable name `ditat3` is not explicitly referenced.
2026-10-08T06:56:11.9656763Z 
2026-10-08T06:56:11.9657430Z Hint: The binding can be removed (if unused) or named `_` (if used implicitly). Alternatively, prefix the name with `_` to silence this warning:
2026-10-08T06:56:11.9657569Z   [apply] _ditat3
2026-10-08T06:56:11.9657575Z 
2026-10-08T06:56:11.9657914Z Note: This linter can be disabled with `set_option linter.unusedVariables false`
2026-10-08T06:56:11.9658337Z warning: OIBridge/DitaTorusLocus.lean:3401:6: Variable name `Hu` is not explicitly referenced.
2026-10-08T06:56:11.9658343Z 
2026-10-08T06:56:11.9659096Z Hint: The binding can be removed (if unused) or named `_` (if used implicitly). Alternatively, prefix the name with `_` to silence this warning:
2026-10-08T06:56:11.9659236Z   [apply] _Hu
2026-10-08T06:56:11.9659242Z 
2026-10-08T06:56:11.9659584Z Note: This linter can be disabled with `set_option linter.unusedVariables false`
2026-10-08T06:56:11.9660049Z warning: OIBridge/DitaTorusLocus.lean:3408:6: Variable name `ditamc` is not explicitly referenced.
2026-10-08T06:56:11.9660055Z 
2026-10-08T06:56:11.9660691Z Hint: The binding can be removed (if unused) or named `_` (if used implicitly). Alternatively, prefix the name with `_` to silence this warning:
2026-10-08T06:56:11.9660829Z   [apply] _ditamc
2026-10-08T06:56:11.9660834Z 
2026-10-08T06:56:11.9661187Z Note: This linter can be disabled with `set_option linter.unusedVariables false`
2026-10-08T06:56:11.9661915Z info: OIBridge/DitaTorusLocus.lean:3418:0: 'OIBridge.DitaTorusLocus.a40_shared_face_3m' depends on axioms: [propext, Classical.choice, Quot.sound]
2026-10-08T06:56:11.9662367Z warning: OIBridge/DitaTorusLocus.lean:3426:6: Variable name `pt` is not explicitly referenced.
2026-10-08T06:56:11.9662377Z 
2026-10-08T06:56:11.9663202Z Hint: The binding can be removed (if unused) or named `_` (if used implicitly). Alternatively, prefix the name with `_` to silence this warning:
2026-10-08T06:56:11.9663337Z   [apply] _pt
2026-10-08T06:56:11.9663504Z 
2026-10-08T06:56:11.9663852Z Note: This linter can be disabled with `set_option linter.unusedVariables false`
2026-10-08T06:56:11.9664280Z warning: OIBridge/DitaTorusLocus.lean:3430:6: Variable name `S` is not explicitly referenced.
2026-10-08T06:56:11.9664286Z 
2026-10-08T06:56:11.9664932Z Hint: The binding can be removed (if unused) or named `_` (if used implicitly). Alternatively, prefix the name with `_` to silence this warning:
2026-10-08T06:56:11.9665220Z   [apply] _S
2026-10-08T06:56:11.9665226Z 
2026-10-08T06:56:11.9665581Z Note: This linter can be disabled with `set_option linter.unusedVariables false`
2026-10-08T06:56:11.9666021Z warning: OIBridge/DitaTorusLocus.lean:3431:6: Variable name `tor` is not explicitly referenced.
2026-10-08T06:56:11.9666038Z 
2026-10-08T06:56:11.9666662Z Hint: The binding can be removed (if unused) or named `_` (if used implicitly). Alternatively, prefix the name with `_` to silence this warning:
2026-10-08T06:56:11.9666810Z   [apply] _tor
2026-10-08T06:56:11.9666822Z 
2026-10-08T06:56:11.9667176Z Note: This linter can be disabled with `set_option linter.unusedVariables false`
2026-10-08T06:56:11.9667615Z warning: OIBridge/DitaTorusLocus.lean:3432:6: Variable name `adj` is not explicitly referenced.
2026-10-08T06:56:11.9667621Z 
2026-10-08T06:56:11.9668258Z Hint: The binding can be removed (if unused) or named `_` (if used implicitly). Alternatively, prefix the name with `_` to silence this warning:
2026-10-08T06:56:11.9668402Z   [apply] _adj
2026-10-08T06:56:11.9668409Z 
2026-10-08T06:56:11.9668738Z Note: This linter can be disabled with `set_option linter.unusedVariables false`
2026-10-08T06:56:11.9669312Z warning: OIBridge/DitaTorusLocus.lean:3433:6: Variable name `μ` is not explicitly referenced.
2026-10-08T06:56:11.9669468Z 
2026-10-08T06:56:11.9670071Z Hint: The binding can be removed (if unused) or named `_` (if used implicitly). Alternatively, prefix the name with `_` to silence this warning:
2026-10-08T06:56:11.9670210Z   [apply] _μ
2026-10-08T06:56:11.9670221Z 
2026-10-08T06:56:11.9670513Z Note: This linter can be disabled with `set_option linter.unusedVariables false`
2026-10-08T06:56:11.9670888Z warning: OIBridge/DitaTorusLocus.lean:3435:6: Variable name `N` is not explicitly referenced.
2026-10-08T06:56:11.9670894Z 
2026-10-08T06:56:11.9671417Z Hint: The binding can be removed (if unused) or named `_` (if used implicitly). Alternatively, prefix the name with `_` to silence this warning:
2026-10-08T06:56:11.9671558Z   [apply] _N
2026-10-08T06:56:11.9671563Z 
2026-10-08T06:56:11.9671879Z Note: This linter can be disabled with `set_option linter.unusedVariables false`
2026-10-08T06:56:11.9672788Z warning: OIBridge/DitaTorusLocus.lean:3440:6: Variable name `Δc` is not explicitly referenced.
2026-10-08T06:56:11.9672803Z 
2026-10-08T06:56:11.9678529Z Hint: The binding can be removed (if unused) or named `_` (if used implicitly). Alternatively, prefix the name with `_` to silence this warning:
2026-10-08T06:56:11.9678759Z   [apply] _Δc
2026-10-08T06:56:11.9678776Z 
2026-10-08T06:56:11.9679089Z Note: This linter can be disabled with `set_option linter.unusedVariables false`
2026-10-08T06:56:11.9679567Z warning: OIBridge/DitaTorusLocus.lean:3441:6: Variable name `Δr` is not explicitly referenced.
2026-10-08T06:56:11.9679573Z 
2026-10-08T06:56:11.9680116Z Hint: The binding can be removed (if unused) or named `_` (if used implicitly). Alternatively, prefix the name with `_` to silence this warning:
2026-10-08T06:56:11.9680270Z   [apply] _Δr
2026-10-08T06:56:11.9680275Z 
2026-10-08T06:56:11.9680565Z Note: This linter can be disabled with `set_option linter.unusedVariables false`
2026-10-08T06:56:11.9681024Z warning: OIBridge/DitaTorusLocus.lean:3444:6: Variable name `dgT` is not explicitly referenced.
2026-10-08T06:56:11.9681035Z 
2026-10-08T06:56:11.9681566Z Hint: The binding can be removed (if unused) or named `_` (if used implicitly). Alternatively, prefix the name with `_` to silence this warning:
2026-10-08T06:56:11.9681675Z   [apply] _dgT
2026-10-08T06:56:11.9681852Z 
2026-10-08T06:56:11.9682148Z Note: This linter can be disabled with `set_option linter.unusedVariables false`
2026-10-08T06:56:11.9682526Z warning: OIBridge/DitaTorusLocus.lean:3448:6: Variable name `dita28` is not explicitly referenced.
2026-10-08T06:56:11.9682533Z 
2026-10-08T06:56:11.9683423Z Hint: The binding can be removed (if unused) or named `_` (if used implicitly). Alternatively, prefix the name with `_` to silence this warning:
2026-10-08T06:56:11.9683670Z   [apply] _dita28
2026-10-08T06:56:11.9683676Z 
2026-10-08T06:56:11.9683982Z Note: This linter can be disabled with `set_option linter.unusedVariables false`
2026-10-08T06:56:11.9684468Z warning: OIBridge/DitaTorusLocus.lean:3451:6: Variable name `dita82` is not explicitly referenced.
2026-10-08T06:56:11.9684478Z 
2026-10-08T06:56:11.9685077Z Hint: The binding can be removed (if unused) or named `_` (if used implicitly). Alternatively, prefix the name with `_` to silence this warning:
2026-10-08T06:56:11.9685203Z   [apply] _dita82
2026-10-08T06:56:11.9685213Z 
2026-10-08T06:56:11.9685516Z Note: This linter can be disabled with `set_option linter.unusedVariables false`
2026-10-08T06:56:11.9685887Z warning: OIBridge/DitaTorusLocus.lean:3458:6: Variable name `P` is not explicitly referenced.
2026-10-08T06:56:11.9685892Z 
2026-10-08T06:56:11.9686493Z Hint: The binding can be removed (if unused) or named `_` (if used implicitly). Alternatively, prefix the name with `_` to silence this warning:
2026-10-08T06:56:11.9686636Z   [apply] _P
2026-10-08T06:56:11.9686641Z 
2026-10-08T06:56:11.9686951Z Note: This linter can be disabled with `set_option linter.unusedVariables false`
2026-10-08T06:56:11.9687379Z warning: OIBridge/DitaTorusLocus.lean:3464:6: Variable name `ditak2` is not explicitly referenced.
2026-10-08T06:56:11.9687553Z 
2026-10-08T06:56:11.9688130Z Hint: The binding can be removed (if unused) or named `_` (if used implicitly). Alternatively, prefix the name with `_` to silence this warning:
2026-10-08T06:56:11.9688249Z   [apply] _ditak2
2026-10-08T06:56:11.9688255Z 
2026-10-08T06:56:11.9688568Z Note: This linter can be disabled with `set_option linter.unusedVariables false`
2026-10-08T06:56:11.9688980Z warning: OIBridge/DitaTorusLocus.lean:3467:6: Variable name `ditak3` is not explicitly referenced.
2026-10-08T06:56:11.9688986Z 
2026-10-08T06:56:11.9689537Z Hint: The binding can be removed (if unused) or named `_` (if used implicitly). Alternatively, prefix the name with `_` to silence this warning:
2026-10-08T06:56:11.9689667Z   [apply] _ditak3
2026-10-08T06:56:11.9689672Z 
2026-10-08T06:56:11.9690167Z Note: This linter can be disabled with `set_option linter.unusedVariables false`
2026-10-08T06:56:11.9690584Z warning: OIBridge/DitaTorusLocus.lean:3470:6: Variable name `ditak4` is not explicitly referenced.
2026-10-08T06:56:11.9690590Z 
2026-10-08T06:56:11.9691168Z Hint: The binding can be removed (if unused) or named `_` (if used implicitly). Alternatively, prefix the name with `_` to silence this warning:
2026-10-08T06:56:11.9691307Z   [apply] _ditak4
2026-10-08T06:56:11.9691313Z 
2026-10-08T06:56:11.9691604Z Note: This linter can be disabled with `set_option linter.unusedVariables false`
2026-10-08T06:56:11.9692019Z warning: OIBridge/DitaTorusLocus.lean:3473:6: Variable name `ditae1` is not explicitly referenced.
2026-10-08T06:56:11.9692025Z 
2026-10-08T06:56:11.9692606Z Hint: The binding can be removed (if unused) or named `_` (if used implicitly). Alternatively, prefix the name with `_` to silence this warning:
2026-10-08T06:56:11.9692928Z   [apply] _ditae1
2026-10-08T06:56:11.9692945Z 
2026-10-08T06:56:11.9693260Z Note: This linter can be disabled with `set_option linter.unusedVariables false`
2026-10-08T06:56:11.9693678Z warning: OIBridge/DitaTorusLocus.lean:3476:6: Variable name `ditae2` is not explicitly referenced.
2026-10-08T06:56:11.9693683Z 
2026-10-08T06:56:11.9694239Z Hint: The binding can be removed (if unused) or named `_` (if used implicitly). Alternatively, prefix the name with `_` to silence this warning:
2026-10-08T06:56:11.9694498Z   [apply] _ditae2
2026-10-08T06:56:11.9694505Z 
2026-10-08T06:56:11.9694799Z Note: This linter can be disabled with `set_option linter.unusedVariables false`
2026-10-08T06:56:11.9695184Z warning: OIBridge/DitaTorusLocus.lean:3479:6: Variable name `ditat2` is not explicitly referenced.
2026-10-08T06:56:11.9695189Z 
2026-10-08T06:56:11.9695737Z Hint: The binding can be removed (if unused) or named `_` (if used implicitly). Alternatively, prefix the name with `_` to silence this warning:
2026-10-08T06:56:11.9695955Z   [apply] _ditat2
2026-10-08T06:56:11.9695960Z 
2026-10-08T06:56:11.9696272Z Note: This linter can be disabled with `set_option linter.unusedVariables false`
2026-10-08T06:56:11.9696679Z warning: OIBridge/DitaTorusLocus.lean:3482:6: Variable name `ditat3` is not explicitly referenced.
2026-10-08T06:56:11.9696685Z 
2026-10-08T06:56:11.9697262Z Hint: The binding can be removed (if unused) or named `_` (if used implicitly). Alternatively, prefix the name with `_` to silence this warning:
2026-10-08T06:56:11.9697405Z   [apply] _ditat3
2026-10-08T06:56:11.9697410Z 
2026-10-08T06:56:11.9697728Z Note: This linter can be disabled with `set_option linter.unusedVariables false`
2026-10-08T06:56:11.9698139Z warning: OIBridge/DitaTorusLocus.lean:3484:6: Variable name `Hu` is not explicitly referenced.
2026-10-08T06:56:11.9698145Z 
2026-10-08T06:56:11.9698772Z Hint: The binding can be removed (if unused) or named `_` (if used implicitly). Alternatively, prefix the name with `_` to silence this warning:
2026-10-08T06:56:11.9698911Z   [apply] _Hu
2026-10-08T06:56:11.9698916Z 
2026-10-08T06:56:11.9699258Z Note: This linter can be disabled with `set_option linter.unusedVariables false`
2026-10-08T06:56:11.9699854Z warning: OIBridge/DitaTorusLocus.lean:3491:6: Variable name `ditamc` is not explicitly referenced.
2026-10-08T06:56:11.9699861Z 
2026-10-08T06:56:11.9700383Z Hint: The binding can be removed (if unused) or named `_` (if used implicitly). Alternatively, prefix the name with `_` to silence this warning:
2026-10-08T06:56:11.9700503Z   [apply] _ditamc
2026-10-08T06:56:11.9700508Z 
2026-10-08T06:56:11.9700791Z Note: This linter can be disabled with `set_option linter.unusedVariables false`
2026-10-08T06:56:11.9701150Z warning: OIBridge/DitaTorusLocus.lean:3494:6: Variable name `ditamr` is not explicitly referenced.
2026-10-08T06:56:11.9701155Z 
2026-10-08T06:56:11.9701721Z Hint: The binding can be removed (if unused) or named `_` (if used implicitly). Alternatively, prefix the name with `_` to silence this warning:
2026-10-08T06:56:11.9701847Z   [apply] _ditamr
2026-10-08T06:56:11.9701853Z 
2026-10-08T06:56:11.9702309Z Note: This linter can be disabled with `set_option linter.unusedVariables false`
2026-10-08T06:56:11.9703272Z info: OIBridge/DitaTorusLocus.lean:3501:0: 'OIBridge.DitaTorusLocus.a40_shared_excl_k1_c' depends on axioms: [propext, Classical.choice, Quot.sound]
2026-10-08T06:56:11.9703753Z warning: OIBridge/DitaTorusLocus.lean:3509:6: Variable name `pt` is not explicitly referenced.
2026-10-08T06:56:11.9703769Z 
2026-10-08T06:56:11.9704394Z Hint: The binding can be removed (if unused) or named `_` (if used implicitly). Alternatively, prefix the name with `_` to silence this warning:
2026-10-08T06:56:11.9704533Z   [apply] _pt
2026-10-08T06:56:11.9704541Z 
2026-10-08T06:56:11.9704879Z Note: This linter can be disabled with `set_option linter.unusedVariables false`
2026-10-08T06:56:11.9705304Z warning: OIBridge/DitaTorusLocus.lean:3513:6: Variable name `S` is not explicitly referenced.
2026-10-08T06:56:11.9705316Z 
2026-10-08T06:56:11.9705930Z Hint: The binding can be removed (if unused) or named `_` (if used implicitly). Alternatively, prefix the name with `_` to silence this warning:
2026-10-08T06:56:11.9706062Z   [apply] _S
2026-10-08T06:56:11.9706068Z 
2026-10-08T06:56:11.9706406Z Note: This linter can be disabled with `set_option linter.unusedVariables false`
2026-10-08T06:56:11.9706854Z warning: OIBridge/DitaTorusLocus.lean:3514:6: Variable name `tor` is not explicitly referenced.
2026-10-08T06:56:11.9707017Z 
2026-10-08T06:56:11.9707687Z Hint: The binding can be removed (if unused) or named `_` (if used implicitly). Alternatively, prefix the name with `_` to silence this warning:
2026-10-08T06:56:11.9707824Z   [apply] _tor
2026-10-08T06:56:11.9707830Z 
2026-10-08T06:56:11.9708176Z Note: This linter can be disabled with `set_option linter.unusedVariables false`
2026-10-08T06:56:11.9708754Z warning: OIBridge/DitaTorusLocus.lean:3515:6: Variable name `adj` is not explicitly referenced.
2026-10-08T06:56:11.9708760Z 
2026-10-08T06:56:11.9709464Z Hint: The binding can be removed (if unused) or named `_` (if used implicitly). Alternatively, prefix the name with `_` to silence this warning:
2026-10-08T06:56:11.9709604Z   [apply] _adj
2026-10-08T06:56:11.9709611Z 
2026-10-08T06:56:11.9709951Z Note: This linter can be disabled with `set_option linter.unusedVariables false`
2026-10-08T06:56:11.9710574Z warning: OIBridge/DitaTorusLocus.lean:3516:6: Variable name `μ` is not explicitly referenced.
2026-10-08T06:56:11.9710594Z 
2026-10-08T06:56:11.9711241Z Hint: The binding can be removed (if unused) or named `_` (if used implicitly). Alternatively, prefix the name with `_` to silence this warning:
2026-10-08T06:56:11.9711422Z   [apply] _μ
2026-10-08T06:56:11.9711428Z 
2026-10-08T06:56:11.9711772Z Note: This linter can be disabled with `set_option linter.unusedVariables false`
2026-10-08T06:56:11.9712210Z warning: OIBridge/DitaTorusLocus.lean:3518:6: Variable name `N` is not explicitly referenced.
2026-10-08T06:56:11.9712215Z 
2026-10-08T06:56:11.9713076Z Hint: The binding can be removed (if unused) or named `_` (if used implicitly). Alternatively, prefix the name with `_` to silence this warning:
2026-10-08T06:56:11.9713374Z   [apply] _N
2026-10-08T06:56:11.9713380Z 
2026-10-08T06:56:11.9713724Z Note: This linter can be disabled with `set_option linter.unusedVariables false`
2026-10-08T06:56:11.9714313Z warning: OIBridge/DitaTorusLocus.lean:3523:6: Variable name `Δc` is not explicitly referenced.
2026-10-08T06:56:11.9714329Z 
2026-10-08T06:56:11.9714976Z Hint: The binding can be removed (if unused) or named `_` (if used implicitly). Alternatively, prefix the name with `_` to silence this warning:
2026-10-08T06:56:11.9715170Z   [apply] _Δc
2026-10-08T06:56:11.9715176Z 
2026-10-08T06:56:11.9715520Z Note: This linter can be disabled with `set_option linter.unusedVariables false`
2026-10-08T06:56:11.9716105Z warning: OIBridge/DitaTorusLocus.lean:3524:6: Variable name `Δr` is not explicitly referenced.
2026-10-08T06:56:11.9716113Z 
2026-10-08T06:56:11.9716913Z Hint: The binding can be removed (if unused) or named `_` (if used implicitly). Alternatively, prefix the name with `_` to silence this warning:
2026-10-08T06:56:11.9717115Z   [apply] _Δr
2026-10-08T06:56:11.9717121Z 
2026-10-08T06:56:11.9717484Z Note: This linter can be disabled with `set_option linter.unusedVariables false`
2026-10-08T06:56:11.9717927Z warning: OIBridge/DitaTorusLocus.lean:3527:6: Variable name `dgT` is not explicitly referenced.
2026-10-08T06:56:11.9717940Z 
2026-10-08T06:56:11.9718572Z Hint: The binding can be removed (if unused) or named `_` (if used implicitly). Alternatively, prefix the name with `_` to silence this warning:
2026-10-08T06:56:11.9718709Z   [apply] _dgT
2026-10-08T06:56:11.9718715Z 
2026-10-08T06:56:11.9719052Z Note: This linter can be disabled with `set_option linter.unusedVariables false`
2026-10-08T06:56:11.9719513Z warning: OIBridge/DitaTorusLocus.lean:3531:6: Variable name `dita28` is not explicitly referenced.
2026-10-08T06:56:11.9719520Z 
2026-10-08T06:56:11.9720189Z Hint: The binding can be removed (if unused) or named `_` (if used implicitly). Alternatively, prefix the name with `_` to silence this warning:
2026-10-08T06:56:11.9720333Z   [apply] _dita28
2026-10-08T06:56:11.9720349Z 
2026-10-08T06:56:11.9720695Z Note: This linter can be disabled with `set_option linter.unusedVariables false`
2026-10-08T06:56:11.9721155Z warning: OIBridge/DitaTorusLocus.lean:3534:6: Variable name `dita82` is not explicitly referenced.
2026-10-08T06:56:11.9721320Z 
2026-10-08T06:56:11.9721974Z Hint: The binding can be removed (if unused) or named `_` (if used implicitly). Alternatively, prefix the name with `_` to silence this warning:
2026-10-08T06:56:11.9722103Z   [apply] _dita82
2026-10-08T06:56:11.9722109Z 
2026-10-08T06:56:11.9722446Z Note: This linter can be disabled with `set_option linter.unusedVariables false`
2026-10-08T06:56:11.9723283Z warning: OIBridge/DitaTorusLocus.lean:3541:6: Variable name `P` is not explicitly referenced.
2026-10-08T06:56:11.9723292Z 
2026-10-08T06:56:11.9723944Z Hint: The binding can be removed (if unused) or named `_` (if used implicitly). Alternatively, prefix the name with `_` to silence this warning:
2026-10-08T06:56:11.9724064Z   [apply] _P
2026-10-08T06:56:11.9724069Z 
2026-10-08T06:56:11.9724279Z Note: This linter can be disabled with `set_option linter.unusedVariables false`
2026-10-08T06:56:11.9724541Z warning: OIBridge/DitaTorusLocus.lean:3547:6: Variable name `ditak2` is not explicitly referenced.
2026-10-08T06:56:11.9724551Z 
2026-10-08T06:56:11.9724921Z Hint: The binding can be removed (if unused) or named `_` (if used implicitly). Alternatively, prefix the name with `_` to silence this warning:
2026-10-08T06:56:11.9725008Z   [apply] _ditak2
2026-10-08T06:56:11.9725012Z 
2026-10-08T06:56:11.9725204Z Note: This linter can be disabled with `set_option linter.unusedVariables false`
2026-10-08T06:56:11.9725462Z warning: OIBridge/DitaTorusLocus.lean:3550:6: Variable name `ditak3` is not explicitly referenced.
2026-10-08T06:56:11.9725466Z 
2026-10-08T06:56:11.9725827Z Hint: The binding can be removed (if unused) or named `_` (if used implicitly). Alternatively, prefix the name with `_` to silence this warning:
2026-10-08T06:56:11.9726006Z   [apply] _ditak3
2026-10-08T06:56:11.9726010Z 
2026-10-08T06:56:11.9726207Z Note: This linter can be disabled with `set_option linter.unusedVariables false`
2026-10-08T06:56:11.9726477Z warning: OIBridge/DitaTorusLocus.lean:3553:6: Variable name `ditak4` is not explicitly referenced.
2026-10-08T06:56:11.9726481Z 
2026-10-08T06:56:11.9726845Z Hint: The binding can be removed (if unused) or named `_` (if used implicitly). Alternatively, prefix the name with `_` to silence this warning:
2026-10-08T06:56:11.9726933Z   [apply] _ditak4
2026-10-08T06:56:11.9726936Z 
2026-10-08T06:56:11.9727138Z Note: This linter can be disabled with `set_option linter.unusedVariables false`
2026-10-08T06:56:11.9727393Z warning: OIBridge/DitaTorusLocus.lean:3556:6: Variable name `ditae1` is not explicitly referenced.
2026-10-08T06:56:11.9727397Z 
2026-10-08T06:56:11.9727824Z Hint: The binding can be removed (if unused) or named `_` (if used implicitly). Alternatively, prefix the name with `_` to silence this warning:
2026-10-08T06:56:11.9727917Z   [apply] _ditae1
2026-10-08T06:56:11.9727920Z 
2026-10-08T06:56:11.9728116Z Note: This linter can be disabled with `set_option linter.unusedVariables false`
2026-10-08T06:56:11.9728381Z warning: OIBridge/DitaTorusLocus.lean:3559:6: Variable name `ditae2` is not explicitly referenced.
2026-10-08T06:56:11.9728385Z 
2026-10-08T06:56:11.9728750Z Hint: The binding can be removed (if unused) or named `_` (if used implicitly). Alternatively, prefix the name with `_` to silence this warning:
2026-10-08T06:56:11.9728833Z   [apply] _ditae2
2026-10-08T06:56:11.9728836Z 
2026-10-08T06:56:11.9729051Z Note: This linter can be disabled with `set_option linter.unusedVariables false`
2026-10-08T06:56:11.9729320Z warning: OIBridge/DitaTorusLocus.lean:3562:6: Variable name `ditat2` is not explicitly referenced.
2026-10-08T06:56:11.9729324Z 
2026-10-08T06:56:11.9729700Z Hint: The binding can be removed (if unused) or named `_` (if used implicitly). Alternatively, prefix the name with `_` to silence this warning:
2026-10-08T06:56:11.9729788Z   [apply] _ditat2
2026-10-08T06:56:11.9729793Z 
2026-10-08T06:56:11.9729992Z Note: This linter can be disabled with `set_option linter.unusedVariables false`
2026-10-08T06:56:11.9730309Z warning: OIBridge/DitaTorusLocus.lean:3565:6: Variable name `ditat3` is not explicitly referenced.
2026-10-08T06:56:11.9730320Z 
2026-10-08T06:56:11.9730688Z Hint: The binding can be removed (if unused) or named `_` (if used implicitly). Alternatively, prefix the name with `_` to silence this warning:
2026-10-08T06:56:11.9730774Z   [apply] _ditat3
2026-10-08T06:56:11.9730777Z 
2026-10-08T06:56:11.9730973Z Note: This linter can be disabled with `set_option linter.unusedVariables false`
2026-10-08T06:56:11.9731289Z warning: OIBridge/DitaTorusLocus.lean:3567:6: Variable name `Hu` is not explicitly referenced.
2026-10-08T06:56:11.9731294Z 
2026-10-08T06:56:11.9731663Z Hint: The binding can be removed (if unused) or named `_` (if used implicitly). Alternatively, prefix the name with `_` to silence this warning:
2026-10-08T06:56:11.9731754Z   [apply] _Hu
2026-10-08T06:56:11.9731758Z 
2026-10-08T06:56:11.9731948Z Note: This linter can be disabled with `set_option linter.unusedVariables false`
2026-10-08T06:56:11.9732203Z warning: OIBridge/DitaTorusLocus.lean:3574:6: Variable name `ditamc` is not explicitly referenced.
2026-10-08T06:56:11.9732206Z 
2026-10-08T06:56:11.9732566Z Hint: The binding can be removed (if unused) or named `_` (if used implicitly). Alternatively, prefix the name with `_` to silence this warning:
2026-10-08T06:56:11.9732873Z   [apply] _ditamc
2026-10-08T06:56:11.9732878Z 
2026-10-08T06:56:11.9733079Z Note: This linter can be disabled with `set_option linter.unusedVariables false`
2026-10-08T06:56:11.9733339Z warning: OIBridge/DitaTorusLocus.lean:3577:6: Variable name `ditamr` is not explicitly referenced.
2026-10-08T06:56:11.9733343Z 
2026-10-08T06:56:11.9733714Z Hint: The binding can be removed (if unused) or named `_` (if used implicitly). Alternatively, prefix the name with `_` to silence this warning:
2026-10-08T06:56:11.9733876Z   [apply] _ditamr
2026-10-08T06:56:11.9733880Z 
2026-10-08T06:56:11.9734085Z Note: This linter can be disabled with `set_option linter.unusedVariables false`
2026-10-08T06:56:11.9734522Z info: OIBridge/DitaTorusLocus.lean:3584:0: 'OIBridge.DitaTorusLocus.a40_shared_excl_k1_r' depends on axioms: [propext, Classical.choice, Quot.sound]
2026-10-08T06:56:11.9734779Z warning: OIBridge/DitaTorusLocus.lean:3592:6: Variable name `pt` is not explicitly referenced.
2026-10-08T06:56:11.9734783Z 
2026-10-08T06:56:11.9735149Z Hint: The binding can be removed (if unused) or named `_` (if used implicitly). Alternatively, prefix the name with `_` to silence this warning:
2026-10-08T06:56:11.9735233Z   [apply] _pt
2026-10-08T06:56:11.9735236Z 
2026-10-08T06:56:11.9735437Z Note: This linter can be disabled with `set_option linter.unusedVariables false`
2026-10-08T06:56:11.9735763Z warning: OIBridge/DitaTorusLocus.lean:3596:6: Variable name `S` is not explicitly referenced.
2026-10-08T06:56:11.9735771Z 
2026-10-08T06:56:11.9736138Z Hint: The binding can be removed (if unused) or named `_` (if used implicitly). Alternatively, prefix the name with `_` to silence this warning:
2026-10-08T06:56:11.9736234Z   [apply] _S
2026-10-08T06:56:11.9736238Z 
2026-10-08T06:56:11.9736436Z Note: This linter can be disabled with `set_option linter.unusedVariables false`
2026-10-08T06:56:11.9736692Z warning: OIBridge/DitaTorusLocus.lean:3597:6: Variable name `tor` is not explicitly referenced.
2026-10-08T06:56:11.9736697Z 
2026-10-08T06:56:11.9737054Z Hint: The binding can be removed (if unused) or named `_` (if used implicitly). Alternatively, prefix the name with `_` to silence this warning:
2026-10-08T06:56:11.9737143Z   [apply] _tor
2026-10-08T06:56:11.9737146Z 
2026-10-08T06:56:11.9737340Z Note: This linter can be disabled with `set_option linter.unusedVariables false`
2026-10-08T06:56:11.9737599Z warning: OIBridge/DitaTorusLocus.lean:3598:6: Variable name `adj` is not explicitly referenced.
2026-10-08T06:56:11.9737607Z 
2026-10-08T06:56:11.9737975Z Hint: The binding can be removed (if unused) or named `_` (if used implicitly). Alternatively, prefix the name with `_` to silence this warning:
2026-10-08T06:56:11.9738066Z   [apply] _adj
2026-10-08T06:56:11.9738069Z 
2026-10-08T06:56:11.9738331Z Note: This linter can be disabled with `set_option linter.unusedVariables false`
2026-10-08T06:56:11.9738711Z warning: OIBridge/DitaTorusLocus.lean:3599:6: Variable name `μ` is not explicitly referenced.
2026-10-08T06:56:11.9738716Z 
2026-10-08T06:56:11.9739089Z Hint: The binding can be removed (if unused) or named `_` (if used implicitly). Alternatively, prefix the name with `_` to silence this warning:
2026-10-08T06:56:11.9739255Z   [apply] _μ
2026-10-08T06:56:11.9739258Z 
2026-10-08T06:56:11.9739466Z Note: This linter can be disabled with `set_option linter.unusedVariables false`
2026-10-08T06:56:11.9739724Z warning: OIBridge/DitaTorusLocus.lean:3601:6: Variable name `N` is not explicitly referenced.
2026-10-08T06:56:11.9739733Z 
2026-10-08T06:56:11.9740089Z Hint: The binding can be removed (if unused) or named `_` (if used implicitly). Alternatively, prefix the name with `_` to silence this warning:
2026-10-08T06:56:11.9740180Z   [apply] _N
2026-10-08T06:56:11.9740184Z 
2026-10-08T06:56:11.9740388Z Note: This linter can be disabled with `set_option linter.unusedVariables false`
2026-10-08T06:56:11.9740705Z warning: OIBridge/DitaTorusLocus.lean:3606:6: Variable name `Δc` is not explicitly referenced.
2026-10-08T06:56:11.9740709Z 
2026-10-08T06:56:11.9741074Z Hint: The binding can be removed (if unused) or named `_` (if used implicitly). Alternatively, prefix the name with `_` to silence this warning:
2026-10-08T06:56:11.9741201Z   [apply] _Δc
2026-10-08T06:56:11.9741205Z 
2026-10-08T06:56:11.9741399Z Note: This linter can be disabled with `set_option linter.unusedVariables false`
2026-10-08T06:56:11.9741724Z warning: OIBridge/DitaTorusLocus.lean:3607:6: Variable name `Δr` is not explicitly referenced.
2026-10-08T06:56:11.9741787Z 
2026-10-08T06:56:11.9742168Z Hint: The binding can be removed (if unused) or named `_` (if used implicitly). Alternatively, prefix the name with `_` to silence this warning:
2026-10-08T06:56:11.9742277Z   [apply] _Δr
2026-10-08T06:56:11.9742281Z 
2026-10-08T06:56:11.9742498Z Note: This linter can be disabled with `set_option linter.unusedVariables false`
2026-10-08T06:56:11.9743006Z warning: OIBridge/DitaTorusLocus.lean:3610:6: Variable name `dgT` is not explicitly referenced.
2026-10-08T06:56:11.9743011Z 
2026-10-08T06:56:11.9743385Z Hint: The binding can be removed (if unused) or named `_` (if used implicitly). Alternatively, prefix the name with `_` to silence this warning:
2026-10-08T06:56:11.9743482Z   [apply] _dgT
2026-10-08T06:56:11.9743486Z 
2026-10-08T06:56:11.9743690Z Note: This linter can be disabled with `set_option linter.unusedVariables false`
2026-10-08T06:56:11.9744026Z warning: OIBridge/DitaTorusLocus.lean:3614:6: Variable name `dita28` is not explicitly referenced.
2026-10-08T06:56:11.9744035Z 
2026-10-08T06:56:11.9744409Z Hint: The binding can be removed (if unused) or named `_` (if used implicitly). Alternatively, prefix the name with `_` to silence this warning:
2026-10-08T06:56:11.9744498Z   [apply] _dita28
2026-10-08T06:56:11.9744501Z 
2026-10-08T06:56:11.9744700Z Note: This linter can be disabled with `set_option linter.unusedVariables false`
2026-10-08T06:56:11.9744955Z warning: OIBridge/DitaTorusLocus.lean:3617:6: Variable name `dita82` is not explicitly referenced.
2026-10-08T06:56:11.9744959Z 
2026-10-08T06:56:11.9745313Z Hint: The binding can be removed (if unused) or named `_` (if used implicitly). Alternatively, prefix the name with `_` to silence this warning:
2026-10-08T06:56:11.9745398Z   [apply] _dita82
2026-10-08T06:56:11.9745401Z 
2026-10-08T06:56:11.9745595Z Note: This linter can be disabled with `set_option linter.unusedVariables false`
2026-10-08T06:56:11.9745849Z warning: OIBridge/DitaTorusLocus.lean:3624:6: Variable name `P` is not explicitly referenced.
2026-10-08T06:56:11.9745855Z 
2026-10-08T06:56:11.9746212Z Hint: The binding can be removed (if unused) or named `_` (if used implicitly). Alternatively, prefix the name with `_` to silence this warning:
2026-10-08T06:56:11.9746293Z   [apply] _P
2026-10-08T06:56:11.9746297Z 
2026-10-08T06:56:11.9746552Z Note: This linter can be disabled with `set_option linter.unusedVariables false`
2026-10-08T06:56:11.9746818Z warning: OIBridge/DitaTorusLocus.lean:3627:6: Variable name `ditak1` is not explicitly referenced.
2026-10-08T06:56:11.9746827Z 
2026-10-08T06:56:11.9747193Z Hint: The binding can be removed (if unused) or named `_` (if used implicitly). Alternatively, prefix the name with `_` to silence this warning:
2026-10-08T06:56:11.9747374Z   [apply] _ditak1
2026-10-08T06:56:11.9747377Z 
2026-10-08T06:56:11.9747581Z Note: This linter can be disabled with `set_option linter.unusedVariables false`
2026-10-08T06:56:11.9747841Z warning: OIBridge/DitaTorusLocus.lean:3633:6: Variable name `ditak3` is not explicitly referenced.
2026-10-08T06:56:11.9747845Z 
2026-10-08T06:56:11.9748203Z Hint: The binding can be removed (if unused) or named `_` (if used implicitly). Alternatively, prefix the name with `_` to silence this warning:
2026-10-08T06:56:11.9748287Z   [apply] _ditak3
2026-10-08T06:56:11.9748292Z 
2026-10-08T06:56:11.9748479Z Note: This linter can be disabled with `set_option linter.unusedVariables false`
2026-10-08T06:56:11.9748733Z warning: OIBridge/DitaTorusLocus.lean:3636:6: Variable name `ditak4` is not explicitly referenced.
2026-10-08T06:56:11.9748738Z 
2026-10-08T06:56:11.9749092Z Hint: The binding can be removed (if unused) or named `_` (if used implicitly). Alternatively, prefix the name with `_` to silence this warning:
2026-10-08T06:56:11.9749173Z   [apply] _ditak4
2026-10-08T06:56:11.9749176Z 
2026-10-08T06:56:11.9749367Z Note: This linter can be disabled with `set_option linter.unusedVariables false`
2026-10-08T06:56:11.9749623Z warning: OIBridge/DitaTorusLocus.lean:3639:6: Variable name `ditae1` is not explicitly referenced.
2026-10-08T06:56:11.9749690Z 
2026-10-08T06:56:11.9750050Z Hint: The binding can be removed (if unused) or named `_` (if used implicitly). Alternatively, prefix the name with `_` to silence this warning:
2026-10-08T06:56:11.9750141Z   [apply] _ditae1
2026-10-08T06:56:11.9750147Z 
2026-10-08T06:56:11.9750349Z Note: This linter can be disabled with `set_option linter.unusedVariables false`
2026-10-08T06:56:11.9750600Z warning: OIBridge/DitaTorusLocus.lean:3642:6: Variable name `ditae2` is not explicitly referenced.
2026-10-08T06:56:11.9750603Z 
2026-10-08T06:56:11.9750959Z Hint: The binding can be removed (if unused) or named `_` (if used implicitly). Alternatively, prefix the name with `_` to silence this warning:
2026-10-08T06:56:11.9751051Z   [apply] _ditae2
2026-10-08T06:56:11.9751055Z 
2026-10-08T06:56:11.9751307Z Note: This linter can be disabled with `set_option linter.unusedVariables false`
2026-10-08T06:56:11.9751573Z warning: OIBridge/DitaTorusLocus.lean:3645:6: Variable name `ditat2` is not explicitly referenced.
2026-10-08T06:56:11.9751581Z 
2026-10-08T06:56:11.9751947Z Hint: The binding can be removed (if unused) or named `_` (if used implicitly). Alternatively, prefix the name with `_` to silence this warning:
2026-10-08T06:56:11.9752033Z   [apply] _ditat2
2026-10-08T06:56:11.9752037Z 
2026-10-08T06:56:11.9752235Z Note: This linter can be disabled with `set_option linter.unusedVariables false`
2026-10-08T06:56:11.9752491Z warning: OIBridge/DitaTorusLocus.lean:3648:6: Variable name `ditat3` is not explicitly referenced.
2026-10-08T06:56:11.9752495Z 
2026-10-08T06:56:11.9753053Z Hint: The binding can be removed (if unused) or named `_` (if used implicitly). Alternatively, prefix the name with `_` to silence this warning:
2026-10-08T06:56:11.9753143Z   [apply] _ditat3
2026-10-08T06:56:11.9753147Z 
2026-10-08T06:56:11.9753346Z Note: This linter can be disabled with `set_option linter.unusedVariables false`
2026-10-08T06:56:11.9753597Z warning: OIBridge/DitaTorusLocus.lean:3650:6: Variable name `Hu` is not explicitly referenced.
2026-10-08T06:56:11.9753604Z 
2026-10-08T06:56:11.9753953Z Hint: The binding can be removed (if unused) or named `_` (if used implicitly). Alternatively, prefix the name with `_` to silence this warning:
2026-10-08T06:56:11.9754113Z   [apply] _Hu
2026-10-08T06:56:11.9754117Z 
2026-10-08T06:56:11.9754327Z Note: This linter can be disabled with `set_option linter.unusedVariables false`
2026-10-08T06:56:11.9754600Z warning: OIBridge/DitaTorusLocus.lean:3657:6: Variable name `ditamc` is not explicitly referenced.
2026-10-08T06:56:11.9754604Z 
2026-10-08T06:56:11.9754988Z Hint: The binding can be removed (if unused) or named `_` (if used implicitly). Alternatively, prefix the name with `_` to silence this warning:
2026-10-08T06:56:11.9755143Z   [apply] _ditamc
2026-10-08T06:56:11.9755146Z 
2026-10-08T06:56:11.9755348Z Note: This linter can be disabled with `set_option linter.unusedVariables false`
2026-10-08T06:56:11.9755615Z warning: OIBridge/DitaTorusLocus.lean:3660:6: Variable name `ditamr` is not explicitly referenced.
2026-10-08T06:56:11.9755619Z 
2026-10-08T06:56:11.9755977Z Hint: The binding can be removed (if unused) or named `_` (if used implicitly). Alternatively, prefix the name with `_` to silence this warning:
2026-10-08T06:56:11.9756060Z   [apply] _ditamr
2026-10-08T06:56:11.9756063Z 
2026-10-08T06:56:11.9756260Z Note: This linter can be disabled with `set_option linter.unusedVariables false`
2026-10-08T06:56:11.9756690Z info: OIBridge/DitaTorusLocus.lean:3667:0: 'OIBridge.DitaTorusLocus.a40_shared_excl_k2_c' depends on axioms: [propext, Classical.choice, Quot.sound]
2026-10-08T06:56:11.9756943Z warning: OIBridge/DitaTorusLocus.lean:3675:6: Variable name `pt` is not explicitly referenced.
2026-10-08T06:56:11.9756946Z 
2026-10-08T06:56:11.9757307Z Hint: The binding can be removed (if unused) or named `_` (if used implicitly). Alternatively, prefix the name with `_` to silence this warning:
2026-10-08T06:56:11.9757461Z   [apply] _pt
2026-10-08T06:56:11.9757464Z 
2026-10-08T06:56:11.9757657Z Note: This linter can be disabled with `set_option linter.unusedVariables false`
2026-10-08T06:56:11.9757905Z warning: OIBridge/DitaTorusLocus.lean:3679:6: Variable name `S` is not explicitly referenced.
2026-10-08T06:56:11.9757909Z 
2026-10-08T06:56:11.9758272Z Hint: The binding can be removed (if unused) or named `_` (if used implicitly). Alternatively, prefix the name with `_` to silence this warning:
2026-10-08T06:56:11.9758355Z   [apply] _S
2026-10-08T06:56:11.9758359Z 
2026-10-08T06:56:11.9758557Z Note: This linter can be disabled with `set_option linter.unusedVariables false`
2026-10-08T06:56:11.9758822Z warning: OIBridge/DitaTorusLocus.lean:3680:6: Variable name `tor` is not explicitly referenced.
2026-10-08T06:56:11.9758826Z 
2026-10-08T06:56:11.9759242Z Hint: The binding can be removed (if unused) or named `_` (if used implicitly). Alternatively, prefix the name with `_` to silence this warning:
2026-10-08T06:56:11.9759338Z   [apply] _tor
2026-10-08T06:56:11.9759342Z 
2026-10-08T06:56:11.9759548Z Note: This linter can be disabled with `set_option linter.unusedVariables false`
2026-10-08T06:56:11.9759789Z warning: OIBridge/DitaTorusLocus.lean:3681:6: Variable name `adj` is not explicitly referenced.
2026-10-08T06:56:11.9759793Z 
2026-10-08T06:56:11.9760158Z Hint: The binding can be removed (if unused) or named `_` (if used implicitly). Alternatively, prefix the name with `_` to silence this warning:
2026-10-08T06:56:11.9760244Z   [apply] _adj
2026-10-08T06:56:11.9760248Z 
2026-10-08T06:56:11.9760433Z Note: This linter can be disabled with `set_option linter.unusedVariables false`
2026-10-08T06:56:11.9760774Z warning: OIBridge/DitaTorusLocus.lean:3682:6: Variable name `μ` is not explicitly referenced.
2026-10-08T06:56:11.9760778Z 
2026-10-08T06:56:11.9761149Z Hint: The binding can be removed (if unused) or named `_` (if used implicitly). Alternatively, prefix the name with `_` to silence this warning:
2026-10-08T06:56:11.9761245Z   [apply] _μ
2026-10-08T06:56:11.9761255Z 
2026-10-08T06:56:11.9761454Z Note: This linter can be disabled with `set_option linter.unusedVariables false`
2026-10-08T06:56:11.9761698Z warning: OIBridge/DitaTorusLocus.lean:3684:6: Variable name `N` is not explicitly referenced.
2026-10-08T06:56:11.9761701Z 
2026-10-08T06:56:11.9762109Z Hint: The binding can be removed (if unused) or named `_` (if used implicitly). Alternatively, prefix the name with `_` to silence this warning:
2026-10-08T06:56:11.9762192Z   [apply] _N
2026-10-08T06:56:11.9762196Z 
2026-10-08T06:56:11.9762392Z Note: This linter can be disabled with `set_option linter.unusedVariables false`
2026-10-08T06:56:11.9762905Z warning: OIBridge/DitaTorusLocus.lean:3689:6: Variable name `Δc` is not explicitly referenced.
2026-10-08T06:56:11.9762974Z 
2026-10-08T06:56:11.9763351Z Hint: The binding can be removed (if unused) or named `_` (if used implicitly). Alternatively, prefix the name with `_` to silence this warning:
2026-10-08T06:56:11.9763475Z   [apply] _Δc
2026-10-08T06:56:11.9763479Z 
2026-10-08T06:56:11.9763684Z Note: This linter can be disabled with `set_option linter.unusedVariables false`
2026-10-08T06:56:11.9764003Z warning: OIBridge/DitaTorusLocus.lean:3690:6: Variable name `Δr` is not explicitly referenced.
2026-10-08T06:56:11.9764007Z 
2026-10-08T06:56:11.9764381Z Hint: The binding can be removed (if unused) or named `_` (if used implicitly). Alternatively, prefix the name with `_` to silence this warning:
2026-10-08T06:56:11.9764493Z   [apply] _Δr
2026-10-08T06:56:11.9764496Z 
2026-10-08T06:56:11.9764692Z Note: This linter can be disabled with `set_option linter.unusedVariables false`
2026-10-08T06:56:11.9764957Z warning: OIBridge/DitaTorusLocus.lean:3693:6: Variable name `dgT` is not explicitly referenced.
2026-10-08T06:56:11.9764965Z 
2026-10-08T06:56:11.9765334Z Hint: The binding can be removed (if unused) or named `_` (if used implicitly). Alternatively, prefix the name with `_` to silence this warning:
2026-10-08T06:56:11.9765535Z   [apply] _dgT
2026-10-08T06:56:11.9765538Z 
2026-10-08T06:56:11.9765733Z Note: This linter can be disabled with `set_option linter.unusedVariables false`
2026-10-08T06:56:11.9766145Z warning: OIBridge/DitaTorusLocus.lean:3697:6: Variable name `dita28` is not explicitly referenced.
2026-10-08T06:56:11.9766152Z 
2026-10-08T06:56:11.9766634Z Hint: The binding can be removed (if unused) or named `_` (if used implicitly). Alternatively, prefix the name with `_` to silence this warning:
2026-10-08T06:56:11.9766782Z   [apply] _dita28
2026-10-08T06:56:11.9766787Z 
2026-10-08T06:56:11.9767001Z Note: This linter can be disabled with `set_option linter.unusedVariables false`
2026-10-08T06:56:11.9767268Z warning: OIBridge/DitaTorusLocus.lean:3700:6: Variable name `dita82` is not explicitly referenced.
2026-10-08T06:56:11.9767272Z 
2026-10-08T06:56:11.9767889Z Hint: The binding can be removed (if unused) or named `_` (if used implicitly). Alternatively, prefix the name with `_` to silence this warning:
2026-10-08T06:56:11.9768035Z   [apply] _dita82
2026-10-08T06:56:11.9768041Z 
2026-10-08T06:56:11.9768291Z Note: This linter can be disabled with `set_option linter.unusedVariables false`
2026-10-08T06:56:11.9768663Z warning: OIBridge/DitaTorusLocus.lean:3707:6: Variable name `P` is not explicitly referenced.
2026-10-08T06:56:11.9768667Z 
2026-10-08T06:56:11.9769036Z Hint: The binding can be removed (if unused) or named `_` (if used implicitly). Alternatively, prefix the name with `_` to silence this warning:
2026-10-08T06:56:11.9769114Z   [apply] _P
2026-10-08T06:56:11.9769118Z 
2026-10-08T06:56:11.9769429Z Note: This linter can be disabled with `set_option linter.unusedVariables false`
2026-10-08T06:56:11.9769694Z warning: OIBridge/DitaTorusLocus.lean:3710:6: Variable name `ditak1` is not explicitly referenced.
2026-10-08T06:56:11.9769698Z 
2026-10-08T06:56:11.9770169Z Hint: The binding can be removed (if unused) or named `_` (if used implicitly). Alternatively, prefix the name with `_` to silence this warning:
2026-10-08T06:56:11.9770312Z   [apply] _ditak1
2026-10-08T06:56:11.9770317Z 
2026-10-08T06:56:11.9770523Z Note: This linter can be disabled with `set_option linter.unusedVariables false`
2026-10-08T06:56:11.9770773Z warning: OIBridge/DitaTorusLocus.lean:3716:6: Variable name `ditak3` is not explicitly referenced.
2026-10-08T06:56:11.9770868Z 
2026-10-08T06:56:11.9771342Z Hint: The binding can be removed (if unused) or named `_` (if used implicitly). Alternatively, prefix the name with `_` to silence this warning:
2026-10-08T06:56:11.9771428Z   [apply] _ditak3
2026-10-08T06:56:11.9771432Z 
2026-10-08T06:56:11.9771627Z Note: This linter can be disabled with `set_option linter.unusedVariables false`
2026-10-08T06:56:11.9772042Z warning: OIBridge/DitaTorusLocus.lean:3719:6: Variable name `ditak4` is not explicitly referenced.
2026-10-08T06:56:11.9772047Z 
2026-10-08T06:56:11.9772408Z Hint: The binding can be removed (if unused) or named `_` (if used implicitly). Alternatively, prefix the name with `_` to silence this warning:
2026-10-08T06:56:11.9772516Z   [apply] _ditak4
2026-10-08T06:56:11.9772520Z 
2026-10-08T06:56:11.9772924Z Note: This linter can be disabled with `set_option linter.unusedVariables false`
2026-10-08T06:56:11.9773188Z warning: OIBridge/DitaTorusLocus.lean:3722:6: Variable name `ditae1` is not explicitly referenced.
2026-10-08T06:56:11.9773197Z 
2026-10-08T06:56:11.9773656Z Hint: The binding can be removed (if unused) or named `_` (if used implicitly). Alternatively, prefix the name with `_` to silence this warning:
2026-10-08T06:56:11.9773740Z   [apply] _ditae1
2026-10-08T06:56:11.9773743Z 
2026-10-08T06:56:11.9773937Z Note: This linter can be disabled with `set_option linter.unusedVariables false`
2026-10-08T06:56:11.9774194Z warning: OIBridge/DitaTorusLocus.lean:3725:6: Variable name `ditae2` is not explicitly referenced.
2026-10-08T06:56:11.9774198Z 
2026-10-08T06:56:11.9774673Z Hint: The binding can be removed (if unused) or named `_` (if used implicitly). Alternatively, prefix the name with `_` to silence this warning:
2026-10-08T06:56:11.9774840Z   [apply] _ditae2
2026-10-08T06:56:11.9774844Z 
2026-10-08T06:56:11.9775044Z Note: This linter can be disabled with `set_option linter.unusedVariables false`
2026-10-08T06:56:11.9775410Z warning: OIBridge/DitaTorusLocus.lean:3728:6: Variable name `ditat2` is not explicitly referenced.
2026-10-08T06:56:11.9775417Z 
2026-10-08T06:56:11.9775804Z Hint: The binding can be removed (if unused) or named `_` (if used implicitly). Alternatively, prefix the name with `_` to silence this warning:
2026-10-08T06:56:11.9775943Z   [apply] _ditat2
2026-10-08T06:56:11.9775949Z 
2026-10-08T06:56:11.9776196Z Note: This linter can be disabled with `set_option linter.unusedVariables false`
2026-10-08T06:56:11.9776464Z warning: OIBridge/DitaTorusLocus.lean:3731:6: Variable name `ditat3` is not explicitly referenced.
2026-10-08T06:56:11.9776468Z 
2026-10-08T06:56:11.9777007Z Hint: The binding can be removed (if unused) or named `_` (if used implicitly). Alternatively, prefix the name with `_` to silence this warning:
2026-10-08T06:56:11.9777095Z   [apply] _ditat3
2026-10-08T06:56:11.9777099Z 
2026-10-08T06:56:11.9777302Z Note: This linter can be disabled with `set_option linter.unusedVariables false`
2026-10-08T06:56:11.9777636Z warning: OIBridge/DitaTorusLocus.lean:3733:6: Variable name `Hu` is not explicitly referenced.
2026-10-08T06:56:11.9777642Z 
2026-10-08T06:56:11.9778034Z Hint: The binding can be removed (if unused) or named `_` (if used implicitly). Alternatively, prefix the name with `_` to silence this warning:
2026-10-08T06:56:11.9778128Z   [apply] _Hu
2026-10-08T06:56:11.9778133Z 
2026-10-08T06:56:11.9778396Z Note: This linter can be disabled with `set_option linter.unusedVariables false`
2026-10-08T06:56:11.9778708Z warning: OIBridge/DitaTorusLocus.lean:3740:6: Variable name `ditamc` is not explicitly referenced.
2026-10-08T06:56:11.9778721Z 
2026-10-08T06:56:11.9779085Z Hint: The binding can be removed (if unused) or named `_` (if used implicitly). Alternatively, prefix the name with `_` to silence this warning:
2026-10-08T06:56:11.9779259Z   [apply] _ditamc
2026-10-08T06:56:11.9779265Z 
2026-10-08T06:56:11.9779483Z Note: This linter can be disabled with `set_option linter.unusedVariables false`
2026-10-08T06:56:11.9779812Z warning: OIBridge/DitaTorusLocus.lean:3743:6: Variable name `ditamr` is not explicitly referenced.
2026-10-08T06:56:11.9779817Z 
2026-10-08T06:56:11.9780307Z Hint: The binding can be removed (if unused) or named `_` (if used implicitly). Alternatively, prefix the name with `_` to silence this warning:
2026-10-08T06:56:11.9780400Z   [apply] _ditamr
2026-10-08T06:56:11.9780403Z 
2026-10-08T06:56:11.9780608Z Note: This linter can be disabled with `set_option linter.unusedVariables false`
2026-10-08T06:56:11.9781231Z info: OIBridge/DitaTorusLocus.lean:3750:0: 'OIBridge.DitaTorusLocus.a40_shared_excl_k2_r' depends on axioms: [propext, Classical.choice, Quot.sound]
2026-10-08T06:56:11.9781500Z warning: OIBridge/DitaTorusLocus.lean:3758:6: Variable name `pt` is not explicitly referenced.
2026-10-08T06:56:11.9781506Z 
2026-10-08T06:56:11.9781992Z Hint: The binding can be removed (if unused) or named `_` (if used implicitly). Alternatively, prefix the name with `_` to silence this warning:
2026-10-08T06:56:11.9782091Z   [apply] _pt
2026-10-08T06:56:11.9782095Z 
2026-10-08T06:56:11.9782313Z Note: This linter can be disabled with `set_option linter.unusedVariables false`
2026-10-08T06:56:11.9782828Z warning: OIBridge/DitaTorusLocus.lean:3762:6: Variable name `S` is not explicitly referenced.
2026-10-08T06:56:11.9782833Z 
2026-10-08T06:56:11.9783251Z Hint: The binding can be removed (if unused) or named `_` (if used implicitly). Alternatively, prefix the name with `_` to silence this warning:
2026-10-08T06:56:11.9783351Z   [apply] _S
2026-10-08T06:56:11.9783355Z 
2026-10-08T06:56:11.9783628Z Note: This linter can be disabled with `set_option linter.unusedVariables false`
2026-10-08T06:56:11.9783939Z warning: OIBridge/DitaTorusLocus.lean:3763:6: Variable name `tor` is not explicitly referenced.
2026-10-08T06:56:11.9784027Z 
2026-10-08T06:56:11.9784493Z Hint: The binding can be removed (if unused) or named `_` (if used implicitly). Alternatively, prefix the name with `_` to silence this warning:
2026-10-08T06:56:11.9784589Z   [apply] _tor
2026-10-08T06:56:11.9784592Z 
2026-10-08T06:56:11.9784808Z Note: This linter can be disabled with `set_option linter.unusedVariables false`
2026-10-08T06:56:11.9785064Z warning: OIBridge/DitaTorusLocus.lean:3764:6: Variable name `adj` is not explicitly referenced.
2026-10-08T06:56:11.9785068Z 
2026-10-08T06:56:11.9785533Z Hint: The binding can be removed (if unused) or named `_` (if used implicitly). Alternatively, prefix the name with `_` to silence this warning:
2026-10-08T06:56:11.9785631Z   [apply] _adj
2026-10-08T06:56:11.9785635Z 
2026-10-08T06:56:11.9785836Z Note: This linter can be disabled with `set_option linter.unusedVariables false`
2026-10-08T06:56:11.9786352Z warning: OIBridge/DitaTorusLocus.lean:3765:6: Variable name `μ` is not explicitly referenced.
2026-10-08T06:56:11.9786360Z 
2026-10-08T06:56:11.9786774Z Hint: The binding can be removed (if unused) or named `_` (if used implicitly). Alternatively, prefix the name with `_` to silence this warning:
2026-10-08T06:56:11.9786947Z   [apply] _μ
2026-10-08T06:56:11.9786951Z 
2026-10-08T06:56:11.9787157Z Note: This linter can be disabled with `set_option linter.unusedVariables false`
2026-10-08T06:56:11.9787422Z warning: OIBridge/DitaTorusLocus.lean:3767:6: Variable name `N` is not explicitly referenced.
2026-10-08T06:56:11.9787426Z 
2026-10-08T06:56:11.9787966Z Hint: The binding can be removed (if unused) or named `_` (if used implicitly). Alternatively, prefix the name with `_` to silence this warning:
2026-10-08T06:56:11.9788106Z   [apply] _N
2026-10-08T06:56:11.9788114Z 
2026-10-08T06:56:11.9788471Z Note: This linter can be disabled with `set_option linter.unusedVariables false`
2026-10-08T06:56:11.9788968Z warning: OIBridge/DitaTorusLocus.lean:3772:6: Variable name `Δc` is not explicitly referenced.
2026-10-08T06:56:11.9788979Z 
2026-10-08T06:56:11.9789515Z Hint: The binding can be removed (if unused) or named `_` (if used implicitly). Alternatively, prefix the name with `_` to silence this warning:
2026-10-08T06:56:11.9789698Z   [apply] _Δc
2026-10-08T06:56:11.9789703Z 
2026-10-08T06:56:11.9790155Z Note: This linter can be disabled with `set_option linter.unusedVariables false`
2026-10-08T06:56:11.9790693Z warning: OIBridge/DitaTorusLocus.lean:3773:6: Variable name `Δr` is not explicitly referenced.
2026-10-08T06:56:11.9790716Z 
2026-10-08T06:56:11.9791269Z Hint: The binding can be removed (if unused) or named `_` (if used implicitly). Alternatively, prefix the name with `_` to silence this warning:
2026-10-08T06:56:11.9791455Z   [apply] _Δr
2026-10-08T06:56:11.9791459Z 
2026-10-08T06:56:11.9791674Z Note: This linter can be disabled with `set_option linter.unusedVariables false`
2026-10-08T06:56:11.9791938Z warning: OIBridge/DitaTorusLocus.lean:3776:6: Variable name `dgT` is not explicitly referenced.
2026-10-08T06:56:11.9791947Z 
2026-10-08T06:56:11.9792317Z Hint: The binding can be removed (if unused) or named `_` (if used implicitly). Alternatively, prefix the name with `_` to silence this warning:
2026-10-08T06:56:11.9792414Z   [apply] _dgT
2026-10-08T06:56:11.9792418Z 
2026-10-08T06:56:11.9792792Z Note: This linter can be disabled with `set_option linter.unusedVariables false`
2026-10-08T06:56:11.9793097Z warning: OIBridge/DitaTorusLocus.lean:3780:6: Variable name `dita28` is not explicitly referenced.
2026-10-08T06:56:11.9793101Z 
2026-10-08T06:56:11.9793474Z Hint: The binding can be removed (if unused) or named `_` (if used implicitly). Alternatively, prefix the name with `_` to silence this warning:
2026-10-08T06:56:11.9793570Z   [apply] _dita28
2026-10-08T06:56:11.9793573Z 
2026-10-08T06:56:11.9793778Z Note: This linter can be disabled with `set_option linter.unusedVariables false`
2026-10-08T06:56:11.9794049Z warning: OIBridge/DitaTorusLocus.lean:3783:6: Variable name `dita82` is not explicitly referenced.
2026-10-08T06:56:11.9794123Z 
2026-10-08T06:56:11.9794495Z Hint: The binding can be removed (if unused) or named `_` (if used implicitly). Alternatively, prefix the name with `_` to silence this warning:
2026-10-08T06:56:11.9794593Z   [apply] _dita82
2026-10-08T06:56:11.9794596Z 
2026-10-08T06:56:11.9794814Z Note: This linter can be disabled with `set_option linter.unusedVariables false`
2026-10-08T06:56:11.9795067Z warning: OIBridge/DitaTorusLocus.lean:3790:6: Variable name `P` is not explicitly referenced.
2026-10-08T06:56:11.9795071Z 
2026-10-08T06:56:11.9795440Z Hint: The binding can be removed (if unused) or named `_` (if used implicitly). Alternatively, prefix the name with `_` to silence this warning:
2026-10-08T06:56:11.9795538Z   [apply] _P
2026-10-08T06:56:11.9795542Z 
2026-10-08T06:56:11.9795739Z Note: This linter can be disabled with `set_option linter.unusedVariables false`
2026-10-08T06:56:11.9796076Z warning: OIBridge/DitaTorusLocus.lean:3793:6: Variable name `ditak1` is not explicitly referenced.
2026-10-08T06:56:11.9796084Z 
2026-10-08T06:56:11.9796458Z Hint: The binding can be removed (if unused) or named `_` (if used implicitly). Alternatively, prefix the name with `_` to silence this warning:
2026-10-08T06:56:11.9796543Z   [apply] _ditak1
2026-10-08T06:56:11.9796547Z 
2026-10-08T06:56:11.9796759Z Note: This linter can be disabled with `set_option linter.unusedVariables false`
2026-10-08T06:56:11.9797027Z warning: OIBridge/DitaTorusLocus.lean:3796:6: Variable name `ditak2` is not explicitly referenced.
2026-10-08T06:56:11.9797031Z 
2026-10-08T06:56:11.9797388Z Hint: The binding can be removed (if unused) or named `_` (if used implicitly). Alternatively, prefix the name with `_` to silence this warning:
2026-10-08T06:56:11.9797480Z   [apply] _ditak2
2026-10-08T06:56:11.9797484Z 
2026-10-08T06:56:11.9797680Z Note: This linter can be disabled with `set_option linter.unusedVariables false`
2026-10-08T06:56:11.9797931Z warning: OIBridge/DitaTorusLocus.lean:3802:6: Variable name `ditak4` is not explicitly referenced.
2026-10-08T06:56:11.9797946Z 
2026-10-08T06:56:11.9798299Z Hint: The binding can be removed (if unused) or named `_` (if used implicitly). Alternatively, prefix the name with `_` to silence this warning:
2026-10-08T06:56:11.9798388Z   [apply] _ditak4
2026-10-08T06:56:11.9798392Z 
2026-10-08T06:56:11.9798641Z Note: This linter can be disabled with `set_option linter.unusedVariables false`
2026-10-08T06:56:11.9798903Z warning: OIBridge/DitaTorusLocus.lean:3805:6: Variable name `ditae1` is not explicitly referenced.
2026-10-08T06:56:11.9798906Z 
2026-10-08T06:56:11.9799277Z Hint: The binding can be removed (if unused) or named `_` (if used implicitly). Alternatively, prefix the name with `_` to silence this warning:
2026-10-08T06:56:11.9799428Z   [apply] _ditae1
2026-10-08T06:56:11.9799431Z 
2026-10-08T06:56:11.9799626Z Note: This linter can be disabled with `set_option linter.unusedVariables false`
2026-10-08T06:56:11.9799888Z warning: OIBridge/DitaTorusLocus.lean:3808:6: Variable name `ditae2` is not explicitly referenced.
2026-10-08T06:56:11.9799893Z 
2026-10-08T06:56:11.9800251Z Hint: The binding can be removed (if unused) or named `_` (if used implicitly). Alternatively, prefix the name with `_` to silence this warning:
2026-10-08T06:56:11.9800334Z   [apply] _ditae2
2026-10-08T06:56:11.9800339Z 
2026-10-08T06:56:11.9800537Z Note: This linter can be disabled with `set_option linter.unusedVariables false`
2026-10-08T06:56:11.9800791Z warning: OIBridge/DitaTorusLocus.lean:3811:6: Variable name `ditat2` is not explicitly referenced.
2026-10-08T06:56:11.9800794Z 
2026-10-08T06:56:11.9801141Z Hint: The binding can be removed (if unused) or named `_` (if used implicitly). Alternatively, prefix the name with `_` to silence this warning:
2026-10-08T06:56:11.9801233Z   [apply] _ditat2
2026-10-08T06:56:11.9801236Z 
2026-10-08T06:56:11.9801435Z Note: This linter can be disabled with `set_option linter.unusedVariables false`
2026-10-08T06:56:11.9801683Z warning: OIBridge/DitaTorusLocus.lean:3814:6: Variable name `ditat3` is not explicitly referenced.
2026-10-08T06:56:11.9801740Z 
2026-10-08T06:56:11.9802104Z Hint: The binding can be removed (if unused) or named `_` (if used implicitly). Alternatively, prefix the name with `_` to silence this warning:
2026-10-08T06:56:11.9802193Z   [apply] _ditat3
2026-10-08T06:56:11.9802198Z 
2026-10-08T06:56:11.9802389Z Note: This linter can be disabled with `set_option linter.unusedVariables false`
2026-10-08T06:56:11.9802857Z warning: OIBridge/DitaTorusLocus.lean:3816:6: Variable name `Hu` is not explicitly referenced.
2026-10-08T06:56:11.9802862Z 
2026-10-08T06:56:11.9803228Z Hint: The binding can be removed (if unused) or named `_` (if used implicitly). Alternatively, prefix the name with `_` to silence this warning:
2026-10-08T06:56:11.9803315Z   [apply] _Hu
2026-10-08T06:56:11.9803319Z 
2026-10-08T06:56:11.9803519Z Note: This linter can be disabled with `set_option linter.unusedVariables false`
2026-10-08T06:56:11.9803844Z warning: OIBridge/DitaTorusLocus.lean:3823:6: Variable name `ditamc` is not explicitly referenced.
2026-10-08T06:56:11.9803853Z 
2026-10-08T06:56:11.9804210Z Hint: The binding can be removed (if unused) or named `_` (if used implicitly). Alternatively, prefix the name with `_` to silence this warning:
2026-10-08T06:56:11.9804301Z   [apply] _ditamc
2026-10-08T06:56:11.9804307Z 
2026-10-08T06:56:11.9804504Z Note: This linter can be disabled with `set_option linter.unusedVariables false`
2026-10-08T06:56:11.9804750Z warning: OIBridge/DitaTorusLocus.lean:3826:6: Variable name `ditamr` is not explicitly referenced.
2026-10-08T06:56:11.9804754Z 
2026-10-08T06:56:11.9805114Z Hint: The binding can be removed (if unused) or named `_` (if used implicitly). Alternatively, prefix the name with `_` to silence this warning:
2026-10-08T06:56:11.9805204Z   [apply] _ditamr
2026-10-08T06:56:11.9805207Z 
2026-10-08T06:56:11.9805395Z Note: This linter can be disabled with `set_option linter.unusedVariables false`
2026-10-08T06:56:11.9805826Z info: OIBridge/DitaTorusLocus.lean:3833:0: 'OIBridge.DitaTorusLocus.a40_shared_excl_k3_c' depends on axioms: [propext, Classical.choice, Quot.sound]
2026-10-08T06:56:11.9806077Z warning: OIBridge/DitaTorusLocus.lean:3841:6: Variable name `pt` is not explicitly referenced.
2026-10-08T06:56:11.9806081Z 
2026-10-08T06:56:11.9806500Z Hint: The binding can be removed (if unused) or named `_` (if used implicitly). Alternatively, prefix the name with `_` to silence this warning:
2026-10-08T06:56:11.9806585Z   [apply] _pt
2026-10-08T06:56:11.9806588Z 
2026-10-08T06:56:11.9806788Z Note: This linter can be disabled with `set_option linter.unusedVariables false`
2026-10-08T06:56:11.9807036Z warning: OIBridge/DitaTorusLocus.lean:3845:6: Variable name `S` is not explicitly referenced.
2026-10-08T06:56:11.9807098Z 
2026-10-08T06:56:11.9807464Z Hint: The binding can be removed (if unused) or named `_` (if used implicitly). Alternatively, prefix the name with `_` to silence this warning:
2026-10-08T06:56:11.9807559Z   [apply] _S
2026-10-08T06:56:11.9807564Z 
2026-10-08T06:56:11.9807768Z Note: This linter can be disabled with `set_option linter.unusedVariables false`
2026-10-08T06:56:11.9808018Z warning: OIBridge/DitaTorusLocus.lean:3846:6: Variable name `tor` is not explicitly referenced.
2026-10-08T06:56:11.9808022Z 
2026-10-08T06:56:11.9808382Z Hint: The binding can be removed (if unused) or named `_` (if used implicitly). Alternatively, prefix the name with `_` to silence this warning:
2026-10-08T06:56:11.9808469Z   [apply] _tor
2026-10-08T06:56:11.9808473Z 
2026-10-08T06:56:11.9808661Z Note: This linter can be disabled with `set_option linter.unusedVariables false`
2026-10-08T06:56:11.9808917Z warning: OIBridge/DitaTorusLocus.lean:3847:6: Variable name `adj` is not explicitly referenced.
2026-10-08T06:56:11.9808923Z 
2026-10-08T06:56:11.9809279Z Hint: The binding can be removed (if unused) or named `_` (if used implicitly). Alternatively, prefix the name with `_` to silence this warning:
2026-10-08T06:56:11.9809365Z   [apply] _adj
2026-10-08T06:56:11.9809432Z 
2026-10-08T06:56:11.9809629Z Note: This linter can be disabled with `set_option linter.unusedVariables false`
2026-10-08T06:56:11.9810177Z warning: OIBridge/DitaTorusLocus.lean:3848:6: Variable name `μ` is not explicitly referenced.
2026-10-08T06:56:11.9810183Z 
2026-10-08T06:56:11.9810713Z Hint: The binding can be removed (if unused) or named `_` (if used implicitly). Alternatively, prefix the name with `_` to silence this warning:
2026-10-08T06:56:11.9810851Z   [apply] _μ
2026-10-08T06:56:11.9810856Z 
2026-10-08T06:56:11.9811146Z Note: This linter can be disabled with `set_option linter.unusedVariables false`
2026-10-08T06:56:11.9811488Z warning: OIBridge/DitaTorusLocus.lean:3850:6: Variable name `N` is not explicitly referenced.
2026-10-08T06:56:11.9811499Z 
2026-10-08T06:56:11.9812062Z Hint: The binding can be removed (if unused) or named `_` (if used implicitly). Alternatively, prefix the name with `_` to silence this warning:
2026-10-08T06:56:11.9812266Z   [apply] _N
2026-10-08T06:56:11.9812277Z 
2026-10-08T06:56:11.9812579Z Note: This linter can be disabled with `set_option linter.unusedVariables false`
2026-10-08T06:56:11.9813227Z warning: OIBridge/DitaTorusLocus.lean:3855:6: Variable name `Δc` is not explicitly referenced.
2026-10-08T06:56:11.9813232Z 
2026-10-08T06:56:11.9813901Z Hint: The binding can be removed (if unused) or named `_` (if used implicitly). Alternatively, prefix the name with `_` to silence this warning:
2026-10-08T06:56:11.9814063Z   [apply] _Δc
2026-10-08T06:56:11.9814068Z 
2026-10-08T06:56:11.9814367Z Note: This linter can be disabled with `set_option linter.unusedVariables false`
2026-10-08T06:56:11.9814868Z warning: OIBridge/DitaTorusLocus.lean:3856:6: Variable name `Δr` is not explicitly referenced.
2026-10-08T06:56:11.9814881Z 
2026-10-08T06:56:11.9815459Z Hint: The binding can be removed (if unused) or named `_` (if used implicitly). Alternatively, prefix the name with `_` to silence this warning:
2026-10-08T06:56:11.9815627Z   [apply] _Δr
2026-10-08T06:56:11.9815638Z 
2026-10-08T06:56:11.9815947Z Note: This linter can be disabled with `set_option linter.unusedVariables false`
2026-10-08T06:56:11.9816362Z warning: OIBridge/DitaTorusLocus.lean:3859:6: Variable name `dgT` is not explicitly referenced.
2026-10-08T06:56:11.9816379Z 
2026-10-08T06:56:11.9817081Z Hint: The binding can be removed (if unused) or named `_` (if used implicitly). Alternatively, prefix the name with `_` to silence this warning:
2026-10-08T06:56:11.9817180Z   [apply] _dgT
2026-10-08T06:56:11.9817184Z 
2026-10-08T06:56:11.9817408Z Note: This linter can be disabled with `set_option linter.unusedVariables false`
2026-10-08T06:56:11.9817681Z warning: OIBridge/DitaTorusLocus.lean:3863:6: Variable name `dita28` is not explicitly referenced.
2026-10-08T06:56:11.9817751Z 
2026-10-08T06:56:11.9818155Z Hint: The binding can be removed (if unused) or named `_` (if used implicitly). Alternatively, prefix the name with `_` to silence this warning:
2026-10-08T06:56:11.9818253Z   [apply] _dita28
2026-10-08T06:56:11.9818260Z 
2026-10-08T06:56:11.9818466Z Note: This linter can be disabled with `set_option linter.unusedVariables false`
2026-10-08T06:56:11.9818741Z warning: OIBridge/DitaTorusLocus.lean:3866:6: Variable name `dita82` is not explicitly referenced.
2026-10-08T06:56:11.9818744Z 
2026-10-08T06:56:11.9819138Z Hint: The binding can be removed (if unused) or named `_` (if used implicitly). Alternatively, prefix the name with `_` to silence this warning:
2026-10-08T06:56:11.9819228Z   [apply] _dita82
2026-10-08T06:56:11.9819231Z 
2026-10-08T06:56:11.9819438Z Note: This linter can be disabled with `set_option linter.unusedVariables false`
2026-10-08T06:56:11.9819693Z warning: OIBridge/DitaTorusLocus.lean:3873:6: Variable name `P` is not explicitly referenced.
2026-10-08T06:56:11.9819700Z 
2026-10-08T06:56:11.9820068Z Hint: The binding can be removed (if unused) or named `_` (if used implicitly). Alternatively, prefix the name with `_` to silence this warning:
2026-10-08T06:56:11.9820163Z   [apply] _P
2026-10-08T06:56:11.9820231Z 
2026-10-08T06:56:11.9820432Z Note: This linter can be disabled with `set_option linter.unusedVariables false`
2026-10-08T06:56:11.9820691Z warning: OIBridge/DitaTorusLocus.lean:3876:6: Variable name `ditak1` is not explicitly referenced.
2026-10-08T06:56:11.9820695Z 
2026-10-08T06:56:11.9821074Z Hint: The binding can be removed (if unused) or named `_` (if used implicitly). Alternatively, prefix the name with `_` to silence this warning:
2026-10-08T06:56:11.9821167Z   [apply] _ditak1
2026-10-08T06:56:11.9821170Z 
2026-10-08T06:56:11.9821361Z Note: This linter can be disabled with `set_option linter.unusedVariables false`
2026-10-08T06:56:11.9821621Z warning: OIBridge/DitaTorusLocus.lean:3879:6: Variable name `ditak2` is not explicitly referenced.
2026-10-08T06:56:11.9821627Z 
2026-10-08T06:56:11.9822065Z Hint: The binding can be removed (if unused) or named `_` (if used implicitly). Alternatively, prefix the name with `_` to silence this warning:
2026-10-08T06:56:11.9822156Z   [apply] _ditak2
2026-10-08T06:56:11.9822159Z 
2026-10-08T06:56:11.9822354Z Note: This linter can be disabled with `set_option linter.unusedVariables false`
2026-10-08T06:56:11.9822607Z warning: OIBridge/DitaTorusLocus.lean:3885:6: Variable name `ditak4` is not explicitly referenced.
2026-10-08T06:56:11.9822610Z 
2026-10-08T06:56:11.9823191Z Hint: The binding can be removed (if unused) or named `_` (if used implicitly). Alternatively, prefix the name with `_` to silence this warning:
2026-10-08T06:56:11.9823284Z   [apply] _ditak4
2026-10-08T06:56:11.9823287Z 
2026-10-08T06:56:11.9823488Z Note: This linter can be disabled with `set_option linter.unusedVariables false`
2026-10-08T06:56:11.9823746Z warning: OIBridge/DitaTorusLocus.lean:3888:6: Variable name `ditae1` is not explicitly referenced.
2026-10-08T06:56:11.9823756Z 
2026-10-08T06:56:11.9824117Z Hint: The binding can be removed (if unused) or named `_` (if used implicitly). Alternatively, prefix the name with `_` to silence this warning:
2026-10-08T06:56:11.9824209Z   [apply] _ditae1
2026-10-08T06:56:11.9824212Z 
2026-10-08T06:56:11.9824404Z Note: This linter can be disabled with `set_option linter.unusedVariables false`
2026-10-08T06:56:11.9824661Z warning: OIBridge/DitaTorusLocus.lean:3891:6: Variable name `ditae2` is not explicitly referenced.
2026-10-08T06:56:11.9824665Z 
2026-10-08T06:56:11.9825098Z Hint: The binding can be removed (if unused) or named `_` (if used implicitly). Alternatively, prefix the name with `_` to silence this warning:
2026-10-08T06:56:11.9825191Z   [apply] _ditae2
2026-10-08T06:56:11.9825194Z 
2026-10-08T06:56:11.9825391Z Note: This linter can be disabled with `set_option linter.unusedVariables false`
2026-10-08T06:56:11.9825719Z warning: OIBridge/DitaTorusLocus.lean:3894:6: Variable name `ditat2` is not explicitly referenced.
2026-10-08T06:56:11.9825724Z 
2026-10-08T06:56:11.9826084Z Hint: The binding can be removed (if unused) or named `_` (if used implicitly). Alternatively, prefix the name with `_` to silence this warning:
2026-10-08T06:56:11.9826169Z   [apply] _ditat2
2026-10-08T06:56:11.9826172Z 
2026-10-08T06:56:11.9826367Z Note: This linter can be disabled with `set_option linter.unusedVariables false`
2026-10-08T06:56:11.9826625Z warning: OIBridge/DitaTorusLocus.lean:3897:6: Variable name `ditat3` is not explicitly referenced.
2026-10-08T06:56:11.9826632Z 
2026-10-08T06:56:11.9826993Z Hint: The binding can be removed (if unused) or named `_` (if used implicitly). Alternatively, prefix the name with `_` to silence this warning:
2026-10-08T06:56:11.9827081Z   [apply] _ditat3
2026-10-08T06:56:11.9827085Z 
2026-10-08T06:56:11.9827286Z Note: This linter can be disabled with `set_option linter.unusedVariables false`
2026-10-08T06:56:11.9827540Z warning: OIBridge/DitaTorusLocus.lean:3899:6: Variable name `Hu` is not explicitly referenced.
2026-10-08T06:56:11.9827543Z 
2026-10-08T06:56:11.9827908Z Hint: The binding can be removed (if unused) or named `_` (if used implicitly). Alternatively, prefix the name with `_` to silence this warning:
2026-10-08T06:56:11.9828068Z   [apply] _Hu
2026-10-08T06:56:11.9828071Z 
2026-10-08T06:56:11.9828260Z Note: This linter can be disabled with `set_option linter.unusedVariables false`
2026-10-08T06:56:11.9828523Z warning: OIBridge/DitaTorusLocus.lean:3906:6: Variable name `ditamc` is not explicitly referenced.
2026-10-08T06:56:11.9828529Z 
2026-10-08T06:56:11.9828891Z Hint: The binding can be removed (if unused) or named `_` (if used implicitly). Alternatively, prefix the name with `_` to silence this warning:
2026-10-08T06:56:11.9828972Z   [apply] _ditamc
2026-10-08T06:56:11.9828975Z 
2026-10-08T06:56:11.9829173Z Note: This linter can be disabled with `set_option linter.unusedVariables false`
2026-10-08T06:56:11.9829432Z warning: OIBridge/DitaTorusLocus.lean:3909:6: Variable name `ditamr` is not explicitly referenced.
2026-10-08T06:56:11.9829436Z 
2026-10-08T06:56:11.9829849Z Hint: The binding can be removed (if unused) or named `_` (if used implicitly). Alternatively, prefix the name with `_` to silence this warning:
2026-10-08T06:56:11.9829943Z   [apply] _ditamr
2026-10-08T06:56:11.9829947Z 
2026-10-08T06:56:11.9830144Z Note: This linter can be disabled with `set_option linter.unusedVariables false`
2026-10-08T06:56:11.9830573Z info: OIBridge/DitaTorusLocus.lean:3916:0: 'OIBridge.DitaTorusLocus.a40_shared_excl_k3_r' depends on axioms: [propext, Classical.choice, Quot.sound]
2026-10-08T06:56:11.9830825Z warning: OIBridge/DitaTorusLocus.lean:3924:6: Variable name `pt` is not explicitly referenced.
2026-10-08T06:56:11.9830829Z 
2026-10-08T06:56:11.9831190Z Hint: The binding can be removed (if unused) or named `_` (if used implicitly). Alternatively, prefix the name with `_` to silence this warning:
2026-10-08T06:56:11.9831276Z   [apply] _pt
2026-10-08T06:56:11.9831291Z 
2026-10-08T06:56:11.9831483Z Note: This linter can be disabled with `set_option linter.unusedVariables false`
2026-10-08T06:56:11.9831735Z warning: OIBridge/DitaTorusLocus.lean:3928:6: Variable name `S` is not explicitly referenced.
2026-10-08T06:56:11.9831741Z 
2026-10-08T06:56:11.9832100Z Hint: The binding can be removed (if unused) or named `_` (if used implicitly). Alternatively, prefix the name with `_` to silence this warning:
2026-10-08T06:56:11.9832183Z   [apply] _S
2026-10-08T06:56:11.9832187Z 
2026-10-08T06:56:11.9832458Z Note: This linter can be disabled with `set_option linter.unusedVariables false`
2026-10-08T06:56:11.9832910Z warning: OIBridge/DitaTorusLocus.lean:3929:6: Variable name `tor` is not explicitly referenced.
2026-10-08T06:56:11.9832915Z 
2026-10-08T06:56:11.9833277Z Hint: The binding can be removed (if unused) or named `_` (if used implicitly). Alternatively, prefix the name with `_` to silence this warning:
2026-10-08T06:56:11.9833473Z   [apply] _tor
2026-10-08T06:56:11.9833477Z 
2026-10-08T06:56:11.9833682Z Note: This linter can be disabled with `set_option linter.unusedVariables false`
2026-10-08T06:56:11.9834037Z warning: OIBridge/DitaTorusLocus.lean:3930:6: Variable name `adj` is not explicitly referenced.
2026-10-08T06:56:11.9834049Z 
2026-10-08T06:56:11.9834624Z Hint: The binding can be removed (if unused) or named `_` (if used implicitly). Alternatively, prefix the name with `_` to silence this warning:
2026-10-08T06:56:11.9834751Z   [apply] _adj
2026-10-08T06:56:11.9834757Z 
2026-10-08T06:56:11.9835075Z Note: This linter can be disabled with `set_option linter.unusedVariables false`
2026-10-08T06:56:11.9835663Z warning: OIBridge/DitaTorusLocus.lean:3931:6: Variable name `μ` is not explicitly referenced.
2026-10-08T06:56:11.9835669Z 
2026-10-08T06:56:11.9836269Z Hint: The binding can be removed (if unused) or named `_` (if used implicitly). Alternatively, prefix the name with `_` to silence this warning:
2026-10-08T06:56:11.9836416Z   [apply] _μ
2026-10-08T06:56:11.9836421Z 
2026-10-08T06:56:11.9836768Z Note: This linter can be disabled with `set_option linter.unusedVariables false`
2026-10-08T06:56:11.9837199Z warning: OIBridge/DitaTorusLocus.lean:3933:6: Variable name `N` is not explicitly referenced.
2026-10-08T06:56:11.9837339Z 
2026-10-08T06:56:11.9837781Z Hint: The binding can be removed (if unused) or named `_` (if used implicitly). Alternatively, prefix the name with `_` to silence this warning:
2026-10-08T06:56:11.9837872Z   [apply] _N
2026-10-08T06:56:11.9837876Z 
2026-10-08T06:56:11.9838084Z Note: This linter can be disabled with `set_option linter.unusedVariables false`
2026-10-08T06:56:11.9838418Z warning: OIBridge/DitaTorusLocus.lean:3938:6: Variable name `Δc` is not explicitly referenced.
2026-10-08T06:56:11.9838423Z 
2026-10-08T06:56:11.9838794Z Hint: The binding can be removed (if unused) or named `_` (if used implicitly). Alternatively, prefix the name with `_` to silence this warning:
2026-10-08T06:56:11.9838913Z   [apply] _Δc
2026-10-08T06:56:11.9838917Z 
2026-10-08T06:56:11.9839108Z Note: This linter can be disabled with `set_option linter.unusedVariables false`
2026-10-08T06:56:11.9839510Z warning: OIBridge/DitaTorusLocus.lean:3939:6: Variable name `Δr` is not explicitly referenced.
2026-10-08T06:56:11.9839521Z 
2026-10-08T06:56:11.9839901Z Hint: The binding can be removed (if unused) or named `_` (if used implicitly). Alternatively, prefix the name with `_` to silence this warning:
2026-10-08T06:56:11.9840007Z   [apply] _Δr
2026-10-08T06:56:11.9840010Z 
2026-10-08T06:56:11.9840227Z Note: This linter can be disabled with `set_option linter.unusedVariables false`
2026-10-08T06:56:11.9840499Z warning: OIBridge/DitaTorusLocus.lean:3942:6: Variable name `dgT` is not explicitly referenced.
2026-10-08T06:56:11.9840503Z 
2026-10-08T06:56:11.9840864Z Hint: The binding can be removed (if unused) or named `_` (if used implicitly). Alternatively, prefix the name with `_` to silence this warning:
2026-10-08T06:56:11.9840962Z   [apply] _dgT
2026-10-08T06:56:11.9840965Z 
2026-10-08T06:56:11.9841162Z Note: This linter can be disabled with `set_option linter.unusedVariables false`
2026-10-08T06:56:11.9841423Z warning: OIBridge/DitaTorusLocus.lean:3946:6: Variable name `dita28` is not explicitly referenced.
2026-10-08T06:56:11.9841439Z 
2026-10-08T06:56:11.9841790Z Hint: The binding can be removed (if unused) or named `_` (if used implicitly). Alternatively, prefix the name with `_` to silence this warning:
2026-10-08T06:56:11.9841880Z   [apply] _dita28
2026-10-08T06:56:11.9841884Z 
2026-10-08T06:56:11.9842145Z Note: This linter can be disabled with `set_option linter.unusedVariables false`
2026-10-08T06:56:11.9842409Z warning: OIBridge/DitaTorusLocus.lean:3949:6: Variable name `dita82` is not explicitly referenced.
2026-10-08T06:56:11.9842414Z 
2026-10-08T06:56:11.9843019Z Hint: The binding can be removed (if unused) or named `_` (if used implicitly). Alternatively, prefix the name with `_` to silence this warning:
2026-10-08T06:56:11.9843169Z   [apply] _dita82
2026-10-08T06:56:11.9843172Z 
2026-10-08T06:56:11.9843367Z Note: This linter can be disabled with `set_option linter.unusedVariables false`
2026-10-08T06:56:11.9843623Z warning: OIBridge/DitaTorusLocus.lean:3956:6: Variable name `P` is not explicitly referenced.
2026-10-08T06:56:11.9843630Z 
2026-10-08T06:56:11.9843988Z Hint: The binding can be removed (if unused) or named `_` (if used implicitly). Alternatively, prefix the name with `_` to silence this warning:
2026-10-08T06:56:11.9844071Z   [apply] _P
2026-10-08T06:56:11.9844075Z 
2026-10-08T06:56:11.9844276Z Note: This linter can be disabled with `set_option linter.unusedVariables false`
2026-10-08T06:56:11.9844539Z warning: OIBridge/DitaTorusLocus.lean:3959:6: Variable name `ditak1` is not explicitly referenced.
2026-10-08T06:56:11.9844542Z 
2026-10-08T06:56:11.9844892Z Hint: The binding can be removed (if unused) or named `_` (if used implicitly). Alternatively, prefix the name with `_` to silence this warning:
2026-10-08T06:56:11.9844982Z   [apply] _ditak1
2026-10-08T06:56:11.9844985Z 
2026-10-08T06:56:11.9845180Z Note: This linter can be disabled with `set_option linter.unusedVariables false`
2026-10-08T06:56:11.9845434Z warning: OIBridge/DitaTorusLocus.lean:3962:6: Variable name `ditak2` is not explicitly referenced.
2026-10-08T06:56:11.9845503Z 
2026-10-08T06:56:11.9845876Z Hint: The binding can be removed (if unused) or named `_` (if used implicitly). Alternatively, prefix the name with `_` to silence this warning:
2026-10-08T06:56:11.9845969Z   [apply] _ditak2
2026-10-08T06:56:11.9845973Z 
2026-10-08T06:56:11.9846169Z Note: This linter can be disabled with `set_option linter.unusedVariables false`
2026-10-08T06:56:11.9846433Z warning: OIBridge/DitaTorusLocus.lean:3965:6: Variable name `ditak3` is not explicitly referenced.
2026-10-08T06:56:11.9846437Z 
2026-10-08T06:56:11.9846797Z Hint: The binding can be removed (if unused) or named `_` (if used implicitly). Alternatively, prefix the name with `_` to silence this warning:
2026-10-08T06:56:11.9846885Z   [apply] _ditak3
2026-10-08T06:56:11.9846888Z 
2026-10-08T06:56:11.9847084Z Note: This linter can be disabled with `set_option linter.unusedVariables false`
2026-10-08T06:56:11.9847403Z warning: OIBridge/DitaTorusLocus.lean:3971:6: Variable name `ditae1` is not explicitly referenced.
2026-10-08T06:56:11.9847409Z 
2026-10-08T06:56:11.9847776Z Hint: The binding can be removed (if unused) or named `_` (if used implicitly). Alternatively, prefix the name with `_` to silence this warning:
2026-10-08T06:56:11.9847870Z   [apply] _ditae1
2026-10-08T06:56:11.9847874Z 
2026-10-08T06:56:11.9848081Z Note: This linter can be disabled with `set_option linter.unusedVariables false`
2026-10-08T06:56:11.9848340Z warning: OIBridge/DitaTorusLocus.lean:3974:6: Variable name `ditae2` is not explicitly referenced.
2026-10-08T06:56:11.9848345Z 
2026-10-08T06:56:11.9848714Z Hint: The binding can be removed (if unused) or named `_` (if used implicitly). Alternatively, prefix the name with `_` to silence this warning:
2026-10-08T06:56:11.9848804Z   [apply] _ditae2
2026-10-08T06:56:11.9848808Z 
2026-10-08T06:56:11.9849004Z Note: This linter can be disabled with `set_option linter.unusedVariables false`
2026-10-08T06:56:11.9849269Z warning: OIBridge/DitaTorusLocus.lean:3977:6: Variable name `ditat2` is not explicitly referenced.
2026-10-08T06:56:11.9849276Z 
2026-10-08T06:56:11.9849638Z Hint: The binding can be removed (if unused) or named `_` (if used implicitly). Alternatively, prefix the name with `_` to silence this warning:
2026-10-08T06:56:11.9849720Z   [apply] _ditat2
2026-10-08T06:56:11.9849733Z 
2026-10-08T06:56:11.9849993Z Note: This linter can be disabled with `set_option linter.unusedVariables false`
2026-10-08T06:56:11.9850256Z warning: OIBridge/DitaTorusLocus.lean:3980:6: Variable name `ditat3` is not explicitly referenced.
2026-10-08T06:56:11.9850261Z 
2026-10-08T06:56:11.9850625Z Hint: The binding can be removed (if unused) or named `_` (if used implicitly). Alternatively, prefix the name with `_` to silence this warning:
2026-10-08T06:56:11.9850760Z   [apply] _ditat3
2026-10-08T06:56:11.9850763Z 
2026-10-08T06:56:11.9850961Z Note: This linter can be disabled with `set_option linter.unusedVariables false`
2026-10-08T06:56:11.9851217Z warning: OIBridge/DitaTorusLocus.lean:3982:6: Variable name `Hu` is not explicitly referenced.
2026-10-08T06:56:11.9851223Z 
2026-10-08T06:56:11.9851575Z Hint: The binding can be removed (if unused) or named `_` (if used implicitly). Alternatively, prefix the name with `_` to silence this warning:
2026-10-08T06:56:11.9851671Z   [apply] _Hu
2026-10-08T06:56:11.9851675Z 
2026-10-08T06:56:11.9851877Z Note: This linter can be disabled with `set_option linter.unusedVariables false`
2026-10-08T06:56:11.9852128Z warning: OIBridge/DitaTorusLocus.lean:3989:6: Variable name `ditamc` is not explicitly referenced.
2026-10-08T06:56:11.9852132Z 
2026-10-08T06:56:11.9852486Z Hint: The binding can be removed (if unused) or named `_` (if used implicitly). Alternatively, prefix the name with `_` to silence this warning:
2026-10-08T06:56:11.9852579Z   [apply] _ditamc
2026-10-08T06:56:11.9852582Z 
2026-10-08T06:56:11.9852959Z Note: This linter can be disabled with `set_option linter.unusedVariables false`
2026-10-08T06:56:11.9853224Z warning: OIBridge/DitaTorusLocus.lean:3992:6: Variable name `ditamr` is not explicitly referenced.
2026-10-08T06:56:11.9853298Z 
2026-10-08T06:56:11.9853666Z Hint: The binding can be removed (if unused) or named `_` (if used implicitly). Alternatively, prefix the name with `_` to silence this warning:
2026-10-08T06:56:11.9853752Z   [apply] _ditamr
2026-10-08T06:56:11.9853758Z 
2026-10-08T06:56:11.9853961Z Note: This linter can be disabled with `set_option linter.unusedVariables false`
2026-10-08T06:56:11.9854389Z info: OIBridge/DitaTorusLocus.lean:3999:0: 'OIBridge.DitaTorusLocus.a40_shared_excl_k4_c' depends on axioms: [propext, Classical.choice, Quot.sound]
2026-10-08T06:56:11.9854638Z warning: OIBridge/DitaTorusLocus.lean:4007:6: Variable name `pt` is not explicitly referenced.
2026-10-08T06:56:11.9854644Z 
2026-10-08T06:56:11.9855004Z Hint: The binding can be removed (if unused) or named `_` (if used implicitly). Alternatively, prefix the name with `_` to silence this warning:
2026-10-08T06:56:11.9855150Z   [apply] _pt
2026-10-08T06:56:11.9855157Z 
2026-10-08T06:56:11.9855347Z Note: This linter can be disabled with `set_option linter.unusedVariables false`
2026-10-08T06:56:11.9855602Z warning: OIBridge/DitaTorusLocus.lean:4011:6: Variable name `S` is not explicitly referenced.
2026-10-08T06:56:11.9855606Z 
2026-10-08T06:56:11.9855988Z Hint: The binding can be removed (if unused) or named `_` (if used implicitly). Alternatively, prefix the name with `_` to silence this warning:
2026-10-08T06:56:11.9856072Z   [apply] _S
2026-10-08T06:56:11.9856075Z 
2026-10-08T06:56:11.9856280Z Note: This linter can be disabled with `set_option linter.unusedVariables false`
2026-10-08T06:56:11.9856543Z warning: OIBridge/DitaTorusLocus.lean:4012:6: Variable name `tor` is not explicitly referenced.
2026-10-08T06:56:11.9856549Z 
2026-10-08T06:56:11.9856907Z Hint: The binding can be removed (if unused) or named `_` (if used implicitly). Alternatively, prefix the name with `_` to silence this warning:
2026-10-08T06:56:11.9856998Z   [apply] _tor
2026-10-08T06:56:11.9857004Z 
2026-10-08T06:56:11.9857202Z Note: This linter can be disabled with `set_option linter.unusedVariables false`
2026-10-08T06:56:11.9857448Z warning: OIBridge/DitaTorusLocus.lean:4013:6: Variable name `adj` is not explicitly referenced.
2026-10-08T06:56:11.9857456Z 
2026-10-08T06:56:11.9857881Z Hint: The binding can be removed (if unused) or named `_` (if used implicitly). Alternatively, prefix the name with `_` to silence this warning:
2026-10-08T06:56:11.9857972Z   [apply] _adj
2026-10-08T06:56:11.9857976Z 
2026-10-08T06:56:11.9858172Z Note: This linter can be disabled with `set_option linter.unusedVariables false`
2026-10-08T06:56:11.9858504Z warning: OIBridge/DitaTorusLocus.lean:4014:6: Variable name `μ` is not explicitly referenced.
2026-10-08T06:56:11.9858571Z 
2026-10-08T06:56:11.9858948Z Hint: The binding can be removed (if unused) or named `_` (if used implicitly). Alternatively, prefix the name with `_` to silence this warning:
2026-10-08T06:56:11.9859058Z   [apply] _μ
2026-10-08T06:56:11.9859065Z 
2026-10-08T06:56:11.9859258Z Note: This linter can be disabled with `set_option linter.unusedVariables false`
2026-10-08T06:56:11.9859507Z warning: OIBridge/DitaTorusLocus.lean:4016:6: Variable name `N` is not explicitly referenced.
2026-10-08T06:56:11.9859511Z 
2026-10-08T06:56:11.9859873Z Hint: The binding can be removed (if unused) or named `_` (if used implicitly). Alternatively, prefix the name with `_` to silence this warning:
2026-10-08T06:56:11.9859954Z   [apply] _N
2026-10-08T06:56:11.9859958Z 
2026-10-08T06:56:11.9860157Z Note: This linter can be disabled with `set_option linter.unusedVariables false`
2026-10-08T06:56:11.9860477Z warning: OIBridge/DitaTorusLocus.lean:4021:6: Variable name `Δc` is not explicitly referenced.
2026-10-08T06:56:11.9860484Z 
2026-10-08T06:56:11.9860842Z Hint: The binding can be removed (if unused) or named `_` (if used implicitly). Alternatively, prefix the name with `_` to silence this warning:
2026-10-08T06:56:11.9860957Z   [apply] _Δc
2026-10-08T06:56:11.9860960Z 
2026-10-08T06:56:11.9861210Z Note: This linter can be disabled with `set_option linter.unusedVariables false`
2026-10-08T06:56:11.9861519Z warning: OIBridge/DitaTorusLocus.lean:4022:6: Variable name `Δr` is not explicitly referenced.
2026-10-08T06:56:11.9861523Z 
2026-10-08T06:56:11.9861888Z Hint: The binding can be removed (if unused) or named `_` (if used implicitly). Alternatively, prefix the name with `_` to silence this warning:
2026-10-08T06:56:11.9861994Z   [apply] _Δr
2026-10-08T06:56:11.9861998Z 
2026-10-08T06:56:11.9862186Z Note: This linter can be disabled with `set_option linter.unusedVariables false`
2026-10-08T06:56:11.9862442Z warning: OIBridge/DitaTorusLocus.lean:4025:6: Variable name `dgT` is not explicitly referenced.
2026-10-08T06:56:11.9862450Z 
2026-10-08T06:56:11.9862989Z Hint: The binding can be removed (if unused) or named `_` (if used implicitly). Alternatively, prefix the name with `_` to silence this warning:
2026-10-08T06:56:11.9863136Z   [apply] _dgT
2026-10-08T06:56:11.9863141Z 
2026-10-08T06:56:11.9863342Z Note: This linter can be disabled with `set_option linter.unusedVariables false`
2026-10-08T06:56:11.9863604Z warning: OIBridge/DitaTorusLocus.lean:4029:6: Variable name `dita28` is not explicitly referenced.
2026-10-08T06:56:11.9863608Z 
2026-10-08T06:56:11.9863962Z Hint: The binding can be removed (if unused) or named `_` (if used implicitly). Alternatively, prefix the name with `_` to silence this warning:
2026-10-08T06:56:11.9864052Z   [apply] _dita28
2026-10-08T06:56:11.9864056Z 
2026-10-08T06:56:11.9864250Z Note: This linter can be disabled with `set_option linter.unusedVariables false`
2026-10-08T06:56:11.9864501Z warning: OIBridge/DitaTorusLocus.lean:4032:6: Variable name `dita82` is not explicitly referenced.
2026-10-08T06:56:11.9864509Z 
2026-10-08T06:56:11.9864867Z Hint: The binding can be removed (if unused) or named `_` (if used implicitly). Alternatively, prefix the name with `_` to silence this warning:
2026-10-08T06:56:11.9864957Z   [apply] _dita82
2026-10-08T06:56:11.9864965Z 
2026-10-08T06:56:11.9865151Z Note: This linter can be disabled with `set_option linter.unusedVariables false`
2026-10-08T06:56:11.9865397Z warning: OIBridge/DitaTorusLocus.lean:4039:6: Variable name `P` is not explicitly referenced.
2026-10-08T06:56:11.9865401Z 
2026-10-08T06:56:11.9865823Z Hint: The binding can be removed (if unused) or named `_` (if used implicitly). Alternatively, prefix the name with `_` to silence this warning:
2026-10-08T06:56:11.9865912Z   [apply] _P
2026-10-08T06:56:11.9865916Z 
2026-10-08T06:56:11.9866111Z Note: This linter can be disabled with `set_option linter.unusedVariables false`
2026-10-08T06:56:11.9866365Z warning: OIBridge/DitaTorusLocus.lean:4042:6: Variable name `ditak1` is not explicitly referenced.
2026-10-08T06:56:11.9866430Z 
2026-10-08T06:56:11.9866795Z Hint: The binding can be removed (if unused) or named `_` (if used implicitly). Alternatively, prefix the name with `_` to silence this warning:
2026-10-08T06:56:11.9866883Z   [apply] _ditak1
2026-10-08T06:56:11.9866887Z 
2026-10-08T06:56:11.9867083Z Note: This linter can be disabled with `set_option linter.unusedVariables false`
2026-10-08T06:56:11.9867339Z warning: OIBridge/DitaTorusLocus.lean:4045:6: Variable name `ditak2` is not explicitly referenced.
2026-10-08T06:56:11.9867343Z 
2026-10-08T06:56:11.9867696Z Hint: The binding can be removed (if unused) or named `_` (if used implicitly). Alternatively, prefix the name with `_` to silence this warning:
2026-10-08T06:56:11.9867784Z   [apply] _ditak2
2026-10-08T06:56:11.9867788Z 
2026-10-08T06:56:11.9867980Z Note: This linter can be disabled with `set_option linter.unusedVariables false`
2026-10-08T06:56:11.9868225Z warning: OIBridge/DitaTorusLocus.lean:4048:6: Variable name `ditak3` is not explicitly referenced.
2026-10-08T06:56:11.9868231Z 
2026-10-08T06:56:11.9868587Z Hint: The binding can be removed (if unused) or named `_` (if used implicitly). Alternatively, prefix the name with `_` to silence this warning:
2026-10-08T06:56:11.9868675Z   [apply] _ditak3
2026-10-08T06:56:11.9868742Z 
2026-10-08T06:56:11.9868931Z Note: This linter can be disabled with `set_option linter.unusedVariables false`
2026-10-08T06:56:11.9869182Z warning: OIBridge/DitaTorusLocus.lean:4054:6: Variable name `ditae1` is not explicitly referenced.
2026-10-08T06:56:11.9869185Z 
2026-10-08T06:56:11.9869546Z Hint: The binding can be removed (if unused) or named `_` (if used implicitly). Alternatively, prefix the name with `_` to silence this warning:
2026-10-08T06:56:11.9869627Z   [apply] _ditae1
2026-10-08T06:56:11.9869630Z 
2026-10-08T06:56:11.9869823Z Note: This linter can be disabled with `set_option linter.unusedVariables false`
2026-10-08T06:56:11.9870075Z warning: OIBridge/DitaTorusLocus.lean:4057:6: Variable name `ditae2` is not explicitly referenced.
2026-10-08T06:56:11.9870082Z 
2026-10-08T06:56:11.9870434Z Hint: The binding can be removed (if unused) or named `_` (if used implicitly). Alternatively, prefix the name with `_` to silence this warning:
2026-10-08T06:56:11.9870566Z   [apply] _ditae2
2026-10-08T06:56:11.9870572Z 
2026-10-08T06:56:11.9870768Z Note: This linter can be disabled with `set_option linter.unusedVariables false`
2026-10-08T06:56:11.9871015Z warning: OIBridge/DitaTorusLocus.lean:4060:6: Variable name `ditat2` is not explicitly referenced.
2026-10-08T06:56:11.9871019Z 
2026-10-08T06:56:11.9871381Z Hint: The binding can be removed (if unused) or named `_` (if used implicitly). Alternatively, prefix the name with `_` to silence this warning:
2026-10-08T06:56:11.9871468Z   [apply] _ditat2
2026-10-08T06:56:11.9871472Z 
2026-10-08T06:56:11.9871660Z Note: This linter can be disabled with `set_option linter.unusedVariables false`
2026-10-08T06:56:11.9871913Z warning: OIBridge/DitaTorusLocus.lean:4063:6: Variable name `ditat3` is not explicitly referenced.
2026-10-08T06:56:11.9871919Z 
2026-10-08T06:56:11.9872279Z Hint: The binding can be removed (if unused) or named `_` (if used implicitly). Alternatively, prefix the name with `_` to silence this warning:
2026-10-08T06:56:11.9872363Z   [apply] _ditat3
2026-10-08T06:56:11.9872370Z 
2026-10-08T06:56:11.9872560Z Note: This linter can be disabled with `set_option linter.unusedVariables false`
2026-10-08T06:56:11.9872988Z warning: OIBridge/DitaTorusLocus.lean:4065:6: Variable name `Hu` is not explicitly referenced.
2026-10-08T06:56:11.9872993Z 
2026-10-08T06:56:11.9873416Z Hint: The binding can be removed (if unused) or named `_` (if used implicitly). Alternatively, prefix the name with `_` to silence this warning:
2026-10-08T06:56:11.9873502Z   [apply] _Hu
2026-10-08T06:56:11.9873506Z 
2026-10-08T06:56:11.9873703Z Note: This linter can be disabled with `set_option linter.unusedVariables false`
2026-10-08T06:56:11.9874028Z warning: OIBridge/DitaTorusLocus.lean:4072:6: Variable name `ditamc` is not explicitly referenced.
2026-10-08T06:56:11.9874033Z 
2026-10-08T06:56:11.9874392Z Hint: The binding can be removed (if unused) or named `_` (if used implicitly). Alternatively, prefix the name with `_` to silence this warning:
2026-10-08T06:56:11.9874483Z   [apply] _ditamc
2026-10-08T06:56:11.9874487Z 
2026-10-08T06:56:11.9874683Z Note: This linter can be disabled with `set_option linter.unusedVariables false`
2026-10-08T06:56:11.9874929Z warning: OIBridge/DitaTorusLocus.lean:4075:6: Variable name `ditamr` is not explicitly referenced.
2026-10-08T06:56:11.9874933Z 
2026-10-08T06:56:11.9875290Z Hint: The binding can be removed (if unused) or named `_` (if used implicitly). Alternatively, prefix the name with `_` to silence this warning:
2026-10-08T06:56:11.9875376Z   [apply] _ditamr
2026-10-08T06:56:11.9875379Z 
2026-10-08T06:56:11.9875569Z Note: This linter can be disabled with `set_option linter.unusedVariables false`
2026-10-08T06:56:11.9875995Z info: OIBridge/DitaTorusLocus.lean:4082:0: 'OIBridge.DitaTorusLocus.a40_shared_excl_k4_r' depends on axioms: [propext, Classical.choice, Quot.sound]
2026-10-08T06:56:11.9876247Z warning: OIBridge/DitaTorusLocus.lean:4090:6: Variable name `pt` is not explicitly referenced.
2026-10-08T06:56:11.9876323Z 
2026-10-08T06:56:11.9876687Z Hint: The binding can be removed (if unused) or named `_` (if used implicitly). Alternatively, prefix the name with `_` to silence this warning:
2026-10-08T06:56:11.9876777Z   [apply] _pt
2026-10-08T06:56:11.9876781Z 
2026-10-08T06:56:11.9876982Z Note: This linter can be disabled with `set_option linter.unusedVariables false`
2026-10-08T06:56:11.9877228Z warning: OIBridge/DitaTorusLocus.lean:4094:6: Variable name `S` is not explicitly referenced.
2026-10-08T06:56:11.9877231Z 
2026-10-08T06:56:11.9877603Z Hint: The binding can be removed (if unused) or named `_` (if used implicitly). Alternatively, prefix the name with `_` to silence this warning:
2026-10-08T06:56:11.9877691Z   [apply] _S
2026-10-08T06:56:11.9877695Z 
2026-10-08T06:56:11.9877888Z Note: This linter can be disabled with `set_option linter.unusedVariables false`
2026-10-08T06:56:11.9878208Z warning: OIBridge/DitaTorusLocus.lean:4095:6: Variable name `tor` is not explicitly referenced.
2026-10-08T06:56:11.9878213Z 
2026-10-08T06:56:11.9878587Z Hint: The binding can be removed (if unused) or named `_` (if used implicitly). Alternatively, prefix the name with `_` to silence this warning:
2026-10-08T06:56:11.9878671Z   [apply] _tor
2026-10-08T06:56:11.9878675Z 
2026-10-08T06:56:11.9878875Z Note: This linter can be disabled with `set_option linter.unusedVariables false`
2026-10-08T06:56:11.9879126Z warning: OIBridge/DitaTorusLocus.lean:4096:6: Variable name `adj` is not explicitly referenced.
2026-10-08T06:56:11.9879130Z 
2026-10-08T06:56:11.9879487Z Hint: The binding can be removed (if unused) or named `_` (if used implicitly). Alternatively, prefix the name with `_` to silence this warning:
2026-10-08T06:56:11.9879579Z   [apply] _adj
2026-10-08T06:56:11.9879582Z 
2026-10-08T06:56:11.9879777Z Note: This linter can be disabled with `set_option linter.unusedVariables false`
2026-10-08T06:56:11.9880111Z warning: OIBridge/DitaTorusLocus.lean:4097:6: Variable name `μ` is not explicitly referenced.
2026-10-08T06:56:11.9880120Z 
2026-10-08T06:56:11.9880480Z Hint: The binding can be removed (if unused) or named `_` (if used implicitly). Alternatively, prefix the name with `_` to silence this warning:
2026-10-08T06:56:11.9880580Z   [apply] _μ
2026-10-08T06:56:11.9880584Z 
2026-10-08T06:56:11.9880853Z Note: This linter can be disabled with `set_option linter.unusedVariables false`
2026-10-08T06:56:11.9881106Z warning: OIBridge/DitaTorusLocus.lean:4099:6: Variable name `N` is not explicitly referenced.
2026-10-08T06:56:11.9881110Z 
2026-10-08T06:56:11.9881467Z Hint: The binding can be removed (if unused) or named `_` (if used implicitly). Alternatively, prefix the name with `_` to silence this warning:
2026-10-08T06:56:11.9881604Z   [apply] _N
2026-10-08T06:56:11.9881608Z 
2026-10-08T06:56:11.9881797Z Note: This linter can be disabled with `set_option linter.unusedVariables false`
2026-10-08T06:56:11.9882112Z warning: OIBridge/DitaTorusLocus.lean:4104:6: Variable name `Δc` is not explicitly referenced.
2026-10-08T06:56:11.9882121Z 
2026-10-08T06:56:11.9882487Z Hint: The binding can be removed (if unused) or named `_` (if used implicitly). Alternatively, prefix the name with `_` to silence this warning:
2026-10-08T06:56:11.9882593Z   [apply] _Δc
2026-10-08T06:56:11.9882597Z 
2026-10-08T06:56:11.9883040Z Note: This linter can be disabled with `set_option linter.unusedVariables false`
2026-10-08T06:56:11.9883369Z warning: OIBridge/DitaTorusLocus.lean:4105:6: Variable name `Δr` is not explicitly referenced.
2026-10-08T06:56:11.9883374Z 
2026-10-08T06:56:11.9883743Z Hint: The binding can be removed (if unused) or named `_` (if used implicitly). Alternatively, prefix the name with `_` to silence this warning:
2026-10-08T06:56:11.9883855Z   [apply] _Δr
2026-10-08T06:56:11.9883864Z 
2026-10-08T06:56:11.9884060Z Note: This linter can be disabled with `set_option linter.unusedVariables false`
2026-10-08T06:56:11.9884308Z warning: OIBridge/DitaTorusLocus.lean:4108:6: Variable name `dgT` is not explicitly referenced.
2026-10-08T06:56:11.9884315Z 
2026-10-08T06:56:11.9884769Z Hint: The binding can be removed (if unused) or named `_` (if used implicitly). Alternatively, prefix the name with `_` to silence this warning:
2026-10-08T06:56:11.9884857Z   [apply] _dgT
2026-10-08T06:56:11.9884860Z 
2026-10-08T06:56:11.9885058Z Note: This linter can be disabled with `set_option linter.unusedVariables false`
2026-10-08T06:56:11.9885321Z warning: OIBridge/DitaTorusLocus.lean:4112:6: Variable name `dita28` is not explicitly referenced.
2026-10-08T06:56:11.9885324Z 
2026-10-08T06:56:11.9885855Z Hint: The binding can be removed (if unused) or named `_` (if used implicitly). Alternatively, prefix the name with `_` to silence this warning:
2026-10-08T06:56:11.9885989Z   [apply] _dita28
2026-10-08T06:56:11.9885994Z 
2026-10-08T06:56:11.9886294Z Note: This linter can be disabled with `set_option linter.unusedVariables false`
2026-10-08T06:56:11.9886799Z warning: OIBridge/DitaTorusLocus.lean:4115:6: Variable name `dita82` is not explicitly referenced.
2026-10-08T06:56:11.9886808Z 
2026-10-08T06:56:11.9887324Z Hint: The binding can be removed (if unused) or named `_` (if used implicitly). Alternatively, prefix the name with `_` to silence this warning:
2026-10-08T06:56:11.9887438Z   [apply] _dita82
2026-10-08T06:56:11.9887443Z 
2026-10-08T06:56:11.9887746Z Note: This linter can be disabled with `set_option linter.unusedVariables false`
2026-10-08T06:56:11.9888143Z warning: OIBridge/DitaTorusLocus.lean:4122:6: Variable name `P` is not explicitly referenced.
2026-10-08T06:56:11.9888149Z 
2026-10-08T06:56:11.9888796Z Hint: The binding can be removed (if unused) or named `_` (if used implicitly). Alternatively, prefix the name with `_` to silence this warning:
2026-10-08T06:56:11.9888929Z   [apply] _P
2026-10-08T06:56:11.9888935Z 
2026-10-08T06:56:11.9889264Z Note: This linter can be disabled with `set_option linter.unusedVariables false`
2026-10-08T06:56:11.9889676Z warning: OIBridge/DitaTorusLocus.lean:4125:6: Variable name `ditak1` is not explicitly referenced.
2026-10-08T06:56:11.9889684Z 
2026-10-08T06:56:11.9890328Z Hint: The binding can be removed (if unused) or named `_` (if used implicitly). Alternatively, prefix the name with `_` to silence this warning:
2026-10-08T06:56:11.9890454Z   [apply] _ditak1
2026-10-08T06:56:11.9890469Z 
2026-10-08T06:56:11.9890899Z Note: This linter can be disabled with `set_option linter.unusedVariables false`
2026-10-08T06:56:11.9891374Z warning: OIBridge/DitaTorusLocus.lean:4128:6: Variable name `ditak2` is not explicitly referenced.
2026-10-08T06:56:11.9891380Z 
2026-10-08T06:56:11.9892031Z Hint: The binding can be removed (if unused) or named `_` (if used implicitly). Alternatively, prefix the name with `_` to silence this warning:
2026-10-08T06:56:11.9892252Z   [apply] _ditak2
2026-10-08T06:56:11.9892258Z 
2026-10-08T06:56:11.9892602Z Note: This linter can be disabled with `set_option linter.unusedVariables false`
2026-10-08T06:56:11.9893252Z warning: OIBridge/DitaTorusLocus.lean:4131:6: Variable name `ditak3` is not explicitly referenced.
2026-10-08T06:56:11.9893261Z 
2026-10-08T06:56:11.9893904Z Hint: The binding can be removed (if unused) or named `_` (if used implicitly). Alternatively, prefix the name with `_` to silence this warning:
2026-10-08T06:56:11.9894033Z   [apply] _ditak3
2026-10-08T06:56:11.9894038Z 
2026-10-08T06:56:11.9894341Z Note: This linter can be disabled with `set_option linter.unusedVariables false`
2026-10-08T06:56:11.9894757Z warning: OIBridge/DitaTorusLocus.lean:4134:6: Variable name `ditak4` is not explicitly referenced.
2026-10-08T06:56:11.9894762Z 
2026-10-08T06:56:11.9895337Z Hint: The binding can be removed (if unused) or named `_` (if used implicitly). Alternatively, prefix the name with `_` to silence this warning:
2026-10-08T06:56:11.9895473Z   [apply] _ditak4
2026-10-08T06:56:11.9895478Z 
2026-10-08T06:56:11.9895809Z Note: This linter can be disabled with `set_option linter.unusedVariables false`
2026-10-08T06:56:11.9896268Z warning: OIBridge/DitaTorusLocus.lean:4140:6: Variable name `ditae2` is not explicitly referenced.
2026-10-08T06:56:11.9896410Z 
2026-10-08T06:56:11.9897047Z Hint: The binding can be removed (if unused) or named `_` (if used implicitly). Alternatively, prefix the name with `_` to silence this warning:
2026-10-08T06:56:11.9897174Z   [apply] _ditae2
2026-10-08T06:56:11.9897179Z 
2026-10-08T06:56:11.9897535Z Note: This linter can be disabled with `set_option linter.unusedVariables false`
2026-10-08T06:56:11.9897978Z warning: OIBridge/DitaTorusLocus.lean:4143:6: Variable name `ditat2` is not explicitly referenced.
2026-10-08T06:56:11.9897983Z 
2026-10-08T06:56:11.9898529Z Hint: The binding can be removed (if unused) or named `_` (if used implicitly). Alternatively, prefix the name with `_` to silence this warning:
2026-10-08T06:56:11.9898660Z   [apply] _ditat2
2026-10-08T06:56:11.9898665Z 
2026-10-08T06:56:11.9898951Z Note: This linter can be disabled with `set_option linter.unusedVariables false`
2026-10-08T06:56:11.9899481Z warning: OIBridge/DitaTorusLocus.lean:4146:6: Variable name `ditat3` is not explicitly referenced.
2026-10-08T06:56:11.9899488Z 
2026-10-08T06:56:11.9899890Z Hint: The binding can be removed (if unused) or named `_` (if used implicitly). Alternatively, prefix the name with `_` to silence this warning:
2026-10-08T06:56:11.9899985Z   [apply] _ditat3
2026-10-08T06:56:11.9899988Z 
2026-10-08T06:56:11.9900200Z Note: This linter can be disabled with `set_option linter.unusedVariables false`
2026-10-08T06:56:11.9900469Z warning: OIBridge/DitaTorusLocus.lean:4148:6: Variable name `Hu` is not explicitly referenced.
2026-10-08T06:56:11.9900473Z 
2026-10-08T06:56:11.9900861Z Hint: The binding can be removed (if unused) or named `_` (if used implicitly). Alternatively, prefix the name with `_` to silence this warning:
2026-10-08T06:56:11.9900948Z   [apply] _Hu
2026-10-08T06:56:11.9900952Z 
2026-10-08T06:56:11.9901218Z Note: This linter can be disabled with `set_option linter.unusedVariables false`
2026-10-08T06:56:11.9901623Z warning: OIBridge/DitaTorusLocus.lean:4155:6: Variable name `ditamc` is not explicitly referenced.
2026-10-08T06:56:11.9901632Z 
2026-10-08T06:56:11.9902181Z Hint: The binding can be removed (if unused) or named `_` (if used implicitly). Alternatively, prefix the name with `_` to silence this warning:
2026-10-08T06:56:11.9902308Z   [apply] _ditamc
2026-10-08T06:56:11.9902312Z 
2026-10-08T06:56:11.9902940Z Note: This linter can be disabled with `set_option linter.unusedVariables false`
2026-10-08T06:56:11.9903382Z warning: OIBridge/DitaTorusLocus.lean:4158:6: Variable name `ditamr` is not explicitly referenced.
2026-10-08T06:56:11.9903395Z 
2026-10-08T06:56:11.9904019Z Hint: The binding can be removed (if unused) or named `_` (if used implicitly). Alternatively, prefix the name with `_` to silence this warning:
2026-10-08T06:56:11.9904232Z   [apply] _ditamr
2026-10-08T06:56:11.9904237Z 
2026-10-08T06:56:11.9904576Z Note: This linter can be disabled with `set_option linter.unusedVariables false`
2026-10-08T06:56:11.9905320Z info: OIBridge/DitaTorusLocus.lean:4165:0: 'OIBridge.DitaTorusLocus.a40_shared_excl_e1_c' depends on axioms: [propext, Classical.choice, Quot.sound]
2026-10-08T06:56:11.9905763Z warning: OIBridge/DitaTorusLocus.lean:4173:6: Variable name `pt` is not explicitly referenced.
2026-10-08T06:56:11.9905769Z 
2026-10-08T06:56:11.9906417Z Hint: The binding can be removed (if unused) or named `_` (if used implicitly). Alternatively, prefix the name with `_` to silence this warning:
2026-10-08T06:56:11.9906539Z   [apply] _pt
2026-10-08T06:56:11.9906544Z 
2026-10-08T06:56:11.9906892Z Note: This linter can be disabled with `set_option linter.unusedVariables false`
2026-10-08T06:56:11.9907271Z warning: OIBridge/DitaTorusLocus.lean:4177:6: Variable name `S` is not explicitly referenced.
2026-10-08T06:56:11.9907280Z 
2026-10-08T06:56:11.9907863Z Hint: The binding can be removed (if unused) or named `_` (if used implicitly). Alternatively, prefix the name with `_` to silence this warning:
2026-10-08T06:56:11.9907994Z   [apply] _S
2026-10-08T06:56:11.9908005Z 
2026-10-08T06:56:11.9908444Z Note: This linter can be disabled with `set_option linter.unusedVariables false`
2026-10-08T06:56:11.9908891Z warning: OIBridge/DitaTorusLocus.lean:4178:6: Variable name `tor` is not explicitly referenced.
2026-10-08T06:56:11.9908896Z 
2026-10-08T06:56:11.9909555Z Hint: The binding can be removed (if unused) or named `_` (if used implicitly). Alternatively, prefix the name with `_` to silence this warning:
2026-10-08T06:56:11.9909685Z   [apply] _tor
2026-10-08T06:56:11.9909691Z 
2026-10-08T06:56:11.9910029Z Note: This linter can be disabled with `set_option linter.unusedVariables false`
2026-10-08T06:56:11.9910475Z warning: OIBridge/DitaTorusLocus.lean:4179:6: Variable name `adj` is not explicitly referenced.
2026-10-08T06:56:11.9910486Z 
2026-10-08T06:56:11.9911145Z Hint: The binding can be removed (if unused) or named `_` (if used implicitly). Alternatively, prefix the name with `_` to silence this warning:
2026-10-08T06:56:11.9911268Z   [apply] _adj
2026-10-08T06:56:11.9911350Z 
2026-10-08T06:56:11.9911698Z Note: This linter can be disabled with `set_option linter.unusedVariables false`
2026-10-08T06:56:11.9912304Z warning: OIBridge/DitaTorusLocus.lean:4180:6: Variable name `μ` is not explicitly referenced.
2026-10-08T06:56:11.9912311Z 
2026-10-08T06:56:11.9913033Z Hint: The binding can be removed (if unused) or named `_` (if used implicitly). Alternatively, prefix the name with `_` to silence this warning:
2026-10-08T06:56:11.9913182Z   [apply] _μ
2026-10-08T06:56:11.9913187Z 
2026-10-08T06:56:11.9913507Z Note: This linter can be disabled with `set_option linter.unusedVariables false`
2026-10-08T06:56:11.9913871Z warning: OIBridge/DitaTorusLocus.lean:4182:6: Variable name `N` is not explicitly referenced.
2026-10-08T06:56:11.9913884Z 
2026-10-08T06:56:11.9914421Z Hint: The binding can be removed (if unused) or named `_` (if used implicitly). Alternatively, prefix the name with `_` to silence this warning:
2026-10-08T06:56:11.9914544Z   [apply] _N
2026-10-08T06:56:11.9914557Z 
2026-10-08T06:56:11.9914875Z Note: This linter can be disabled with `set_option linter.unusedVariables false`
2026-10-08T06:56:11.9915421Z warning: OIBridge/DitaTorusLocus.lean:4187:6: Variable name `Δc` is not explicitly referenced.
2026-10-08T06:56:11.9915427Z 
2026-10-08T06:56:11.9915970Z Hint: The binding can be removed (if unused) or named `_` (if used implicitly). Alternatively, prefix the name with `_` to silence this warning:
2026-10-08T06:56:11.9916100Z   [apply] _Δc
2026-10-08T06:56:11.9916104Z 
2026-10-08T06:56:11.9916301Z Note: This linter can be disabled with `set_option linter.unusedVariables false`
2026-10-08T06:56:11.9916632Z warning: OIBridge/DitaTorusLocus.lean:4188:6: Variable name `Δr` is not explicitly referenced.
2026-10-08T06:56:11.9916703Z 
2026-10-08T06:56:11.9917062Z Hint: The binding can be removed (if unused) or named `_` (if used implicitly). Alternatively, prefix the name with `_` to silence this warning:
2026-10-08T06:56:11.9917168Z   [apply] _Δr
2026-10-08T06:56:11.9917177Z 
2026-10-08T06:56:11.9917403Z Note: This linter can be disabled with `set_option linter.unusedVariables false`
2026-10-08T06:56:11.9917669Z warning: OIBridge/DitaTorusLocus.lean:4191:6: Variable name `dgT` is not explicitly referenced.
2026-10-08T06:56:11.9917673Z 
2026-10-08T06:56:11.9918044Z Hint: The binding can be removed (if unused) or named `_` (if used implicitly). Alternatively, prefix the name with `_` to silence this warning:
2026-10-08T06:56:11.9918133Z   [apply] _dgT
2026-10-08T06:56:11.9918137Z 
2026-10-08T06:56:11.9918341Z Note: This linter can be disabled with `set_option linter.unusedVariables false`
2026-10-08T06:56:11.9918606Z warning: OIBridge/DitaTorusLocus.lean:4195:6: Variable name `dita28` is not explicitly referenced.
2026-10-08T06:56:11.9918613Z 
2026-10-08T06:56:11.9918979Z Hint: The binding can be removed (if unused) or named `_` (if used implicitly). Alternatively, prefix the name with `_` to silence this warning:
2026-10-08T06:56:11.9919068Z   [apply] _dita28
2026-10-08T06:56:11.9919075Z 
2026-10-08T06:56:11.9919337Z Note: This linter can be disabled with `set_option linter.unusedVariables false`
2026-10-08T06:56:11.9919590Z warning: OIBridge/DitaTorusLocus.lean:4198:6: Variable name `dita82` is not explicitly referenced.
2026-10-08T06:56:11.9919594Z 
2026-10-08T06:56:11.9919956Z Hint: The binding can be removed (if unused) or named `_` (if used implicitly). Alternatively, prefix the name with `_` to silence this warning:
2026-10-08T06:56:11.9920040Z   [apply] _dita82
2026-10-08T06:56:11.9920046Z 
2026-10-08T06:56:11.9920239Z Note: This linter can be disabled with `set_option linter.unusedVariables false`
2026-10-08T06:56:11.9920488Z warning: OIBridge/DitaTorusLocus.lean:4205:6: Variable name `P` is not explicitly referenced.
2026-10-08T06:56:11.9920495Z 
2026-10-08T06:56:11.9920844Z Hint: The binding can be removed (if unused) or named `_` (if used implicitly). Alternatively, prefix the name with `_` to silence this warning:
2026-10-08T06:56:11.9920930Z   [apply] _P
2026-10-08T06:56:11.9921034Z 
2026-10-08T06:56:11.9921234Z Note: This linter can be disabled with `set_option linter.unusedVariables false`
2026-10-08T06:56:11.9921478Z warning: OIBridge/DitaTorusLocus.lean:4208:6: Variable name `ditak1` is not explicitly referenced.
2026-10-08T06:56:11.9921482Z 
2026-10-08T06:56:11.9921838Z Hint: The binding can be removed (if unused) or named `_` (if used implicitly). Alternatively, prefix the name with `_` to silence this warning:
2026-10-08T06:56:11.9921923Z   [apply] _ditak1
2026-10-08T06:56:11.9921927Z 
2026-10-08T06:56:11.9922112Z Note: This linter can be disabled with `set_option linter.unusedVariables false`
2026-10-08T06:56:11.9922360Z warning: OIBridge/DitaTorusLocus.lean:4211:6: Variable name `ditak2` is not explicitly referenced.
2026-10-08T06:56:11.9922366Z 
2026-10-08T06:56:11.9922883Z Hint: The binding can be removed (if unused) or named `_` (if used implicitly). Alternatively, prefix the name with `_` to silence this warning:
2026-10-08T06:56:11.9922966Z   [apply] _ditak2
2026-10-08T06:56:11.9922979Z 
2026-10-08T06:56:11.9923177Z Note: This linter can be disabled with `set_option linter.unusedVariables false`
2026-10-08T06:56:11.9923430Z warning: OIBridge/DitaTorusLocus.lean:4214:6: Variable name `ditak3` is not explicitly referenced.
2026-10-08T06:56:11.9923434Z 
2026-10-08T06:56:11.9923866Z Hint: The binding can be removed (if unused) or named `_` (if used implicitly). Alternatively, prefix the name with `_` to silence this warning:
2026-10-08T06:56:11.9923950Z   [apply] _ditak3
2026-10-08T06:56:11.9923953Z 
2026-10-08T06:56:11.9924145Z Note: This linter can be disabled with `set_option linter.unusedVariables false`
2026-10-08T06:56:11.9924394Z warning: OIBridge/DitaTorusLocus.lean:4217:6: Variable name `ditak4` is not explicitly referenced.
2026-10-08T06:56:11.9924460Z 
2026-10-08T06:56:11.9924820Z Hint: The binding can be removed (if unused) or named `_` (if used implicitly). Alternatively, prefix the name with `_` to silence this warning:
2026-10-08T06:56:11.9924909Z   [apply] _ditak4
2026-10-08T06:56:11.9924916Z 
2026-10-08T06:56:11.9925122Z Note: This linter can be disabled with `set_option linter.unusedVariables false`
2026-10-08T06:56:11.9925377Z warning: OIBridge/DitaTorusLocus.lean:4223:6: Variable name `ditae2` is not explicitly referenced.
2026-10-08T06:56:11.9925381Z 
2026-10-08T06:56:11.9925765Z Hint: The binding can be removed (if unused) or named `_` (if used implicitly). Alternatively, prefix the name with `_` to silence this warning:
2026-10-08T06:56:11.9925853Z   [apply] _ditae2
2026-10-08T06:56:11.9925857Z 
2026-10-08T06:56:11.9926053Z Note: This linter can be disabled with `set_option linter.unusedVariables false`
2026-10-08T06:56:11.9926317Z warning: OIBridge/DitaTorusLocus.lean:4226:6: Variable name `ditat2` is not explicitly referenced.
2026-10-08T06:56:11.9926323Z 
2026-10-08T06:56:11.9926681Z Hint: The binding can be removed (if unused) or named `_` (if used implicitly). Alternatively, prefix the name with `_` to silence this warning:
2026-10-08T06:56:11.9926764Z   [apply] _ditat2
2026-10-08T06:56:11.9926830Z 
2026-10-08T06:56:11.9927028Z Note: This linter can be disabled with `set_option linter.unusedVariables false`
2026-10-08T06:56:11.9927283Z warning: OIBridge/DitaTorusLocus.lean:4229:6: Variable name `ditat3` is not explicitly referenced.
2026-10-08T06:56:11.9927286Z 
2026-10-08T06:56:11.9927638Z Hint: The binding can be removed (if unused) or named `_` (if used implicitly). Alternatively, prefix the name with `_` to silence this warning:
2026-10-08T06:56:11.9927730Z   [apply] _ditat3
2026-10-08T06:56:11.9927734Z 
2026-10-08T06:56:11.9927925Z Note: This linter can be disabled with `set_option linter.unusedVariables false`
2026-10-08T06:56:11.9928177Z warning: OIBridge/DitaTorusLocus.lean:4231:6: Variable name `Hu` is not explicitly referenced.
2026-10-08T06:56:11.9928186Z 
2026-10-08T06:56:11.9928540Z Hint: The binding can be removed (if unused) or named `_` (if used implicitly). Alternatively, prefix the name with `_` to silence this warning:
2026-10-08T06:56:11.9928689Z   [apply] _Hu
2026-10-08T06:56:11.9928696Z 
2026-10-08T06:56:11.9928884Z Note: This linter can be disabled with `set_option linter.unusedVariables false`
2026-10-08T06:56:11.9929137Z warning: OIBridge/DitaTorusLocus.lean:4238:6: Variable name `ditamc` is not explicitly referenced.
2026-10-08T06:56:11.9929141Z 
2026-10-08T06:56:11.9929495Z Hint: The binding can be removed (if unused) or named `_` (if used implicitly). Alternatively, prefix the name with `_` to silence this warning:
2026-10-08T06:56:11.9929576Z   [apply] _ditamc
2026-10-08T06:56:11.9929580Z 
2026-10-08T06:56:11.9929772Z Note: This linter can be disabled with `set_option linter.unusedVariables false`
2026-10-08T06:56:11.9930024Z warning: OIBridge/DitaTorusLocus.lean:4241:6: Variable name `ditamr` is not explicitly referenced.
2026-10-08T06:56:11.9930029Z 
2026-10-08T06:56:11.9930382Z Hint: The binding can be removed (if unused) or named `_` (if used implicitly). Alternatively, prefix the name with `_` to silence this warning:
2026-10-08T06:56:11.9930466Z   [apply] _ditamr
2026-10-08T06:56:11.9930473Z 
2026-10-08T06:56:11.9930664Z Note: This linter can be disabled with `set_option linter.unusedVariables false`
2026-10-08T06:56:11.9931096Z info: OIBridge/DitaTorusLocus.lean:4248:0: 'OIBridge.DitaTorusLocus.a40_shared_excl_e1_r' depends on axioms: [propext, Classical.choice, Quot.sound]
2026-10-08T06:56:11.9931389Z warning: OIBridge/DitaTorusLocus.lean:4256:6: Variable name `pt` is not explicitly referenced.
2026-10-08T06:56:11.9931394Z 
2026-10-08T06:56:11.9931762Z Hint: The binding can be removed (if unused) or named `_` (if used implicitly). Alternatively, prefix the name with `_` to silence this warning:
2026-10-08T06:56:11.9931849Z   [apply] _pt
2026-10-08T06:56:11.9931897Z 
2026-10-08T06:56:11.9932086Z Note: This linter can be disabled with `set_option linter.unusedVariables false`
2026-10-08T06:56:11.9932334Z warning: OIBridge/DitaTorusLocus.lean:4260:6: Variable name `S` is not explicitly referenced.
2026-10-08T06:56:11.9932340Z 
2026-10-08T06:56:11.9932802Z Hint: The binding can be removed (if unused) or named `_` (if used implicitly). Alternatively, prefix the name with `_` to silence this warning:
2026-10-08T06:56:11.9932882Z   [apply] _S
2026-10-08T06:56:11.9932886Z 
2026-10-08T06:56:11.9933081Z Note: This linter can be disabled with `set_option linter.unusedVariables false`
2026-10-08T06:56:11.9933336Z warning: OIBridge/DitaTorusLocus.lean:4261:6: Variable name `tor` is not explicitly referenced.
2026-10-08T06:56:11.9933341Z 
2026-10-08T06:56:11.9933687Z Hint: The binding can be removed (if unused) or named `_` (if used implicitly). Alternatively, prefix the name with `_` to silence this warning:
2026-10-08T06:56:11.9933775Z   [apply] _tor
2026-10-08T06:56:11.9933780Z 
2026-10-08T06:56:11.9933974Z Note: This linter can be disabled with `set_option linter.unusedVariables false`
2026-10-08T06:56:11.9934213Z warning: OIBridge/DitaTorusLocus.lean:4262:6: Variable name `adj` is not explicitly referenced.
2026-10-08T06:56:11.9934221Z 
2026-10-08T06:56:11.9934672Z Hint: The binding can be removed (if unused) or named `_` (if used implicitly). Alternatively, prefix the name with `_` to silence this warning:
2026-10-08T06:56:11.9934768Z   [apply] _adj
2026-10-08T06:56:11.9934771Z 
2026-10-08T06:56:11.9934970Z Note: This linter can be disabled with `set_option linter.unusedVariables false`
2026-10-08T06:56:11.9935316Z warning: OIBridge/DitaTorusLocus.lean:4263:6: Variable name `μ` is not explicitly referenced.
2026-10-08T06:56:11.9935321Z 
2026-10-08T06:56:11.9935694Z Hint: The binding can be removed (if unused) or named `_` (if used implicitly). Alternatively, prefix the name with `_` to silence this warning:
2026-10-08T06:56:11.9935793Z   [apply] _μ
2026-10-08T06:56:11.9935801Z 
2026-10-08T06:56:11.9936011Z Note: This linter can be disabled with `set_option linter.unusedVariables false`
2026-10-08T06:56:11.9936267Z warning: OIBridge/DitaTorusLocus.lean:4265:6: Variable name `N` is not explicitly referenced.
2026-10-08T06:56:11.9936271Z 
2026-10-08T06:56:11.9936698Z Hint: The binding can be removed (if unused) or named `_` (if used implicitly). Alternatively, prefix the name with `_` to silence this warning:
2026-10-08T06:56:11.9936803Z   [apply] _N
2026-10-08T06:56:11.9936807Z 
2026-10-08T06:56:11.9937011Z Note: This linter can be disabled with `set_option linter.unusedVariables false`
2026-10-08T06:56:11.9937338Z warning: OIBridge/DitaTorusLocus.lean:4270:6: Variable name `Δc` is not explicitly referenced.
2026-10-08T06:56:11.9937343Z 
2026-10-08T06:56:11.9937724Z Hint: The binding can be removed (if unused) or named `_` (if used implicitly). Alternatively, prefix the name with `_` to silence this warning:
2026-10-08T06:56:11.9937846Z   [apply] _Δc
2026-10-08T06:56:11.9937855Z 
2026-10-08T06:56:11.9938056Z Note: This linter can be disabled with `set_option linter.unusedVariables false`
2026-10-08T06:56:11.9938389Z warning: OIBridge/DitaTorusLocus.lean:4271:6: Variable name `Δr` is not explicitly referenced.
2026-10-08T06:56:11.9938393Z 
2026-10-08T06:56:11.9938769Z Hint: The binding can be removed (if unused) or named `_` (if used implicitly). Alternatively, prefix the name with `_` to silence this warning:
2026-10-08T06:56:11.9938883Z   [apply] _Δr
2026-10-08T06:56:11.9938899Z 
2026-10-08T06:56:11.9939095Z Note: This linter can be disabled with `set_option linter.unusedVariables false`
2026-10-08T06:56:11.9939430Z warning: OIBridge/DitaTorusLocus.lean:4274:6: Variable name `dgT` is not explicitly referenced.
2026-10-08T06:56:11.9939434Z 
2026-10-08T06:56:11.9939797Z Hint: The binding can be removed (if unused) or named `_` (if used implicitly). Alternatively, prefix the name with `_` to silence this warning:
2026-10-08T06:56:11.9939880Z   [apply] _dgT
2026-10-08T06:56:11.9939943Z 
2026-10-08T06:56:11.9940137Z Note: This linter can be disabled with `set_option linter.unusedVariables false`
2026-10-08T06:56:11.9940392Z warning: OIBridge/DitaTorusLocus.lean:4278:6: Variable name `dita28` is not explicitly referenced.
2026-10-08T06:56:11.9940401Z 
2026-10-08T06:56:11.9940764Z Hint: The binding can be removed (if unused) or named `_` (if used implicitly). Alternatively, prefix the name with `_` to silence this warning:
2026-10-08T06:56:11.9940849Z   [apply] _dita28
2026-10-08T06:56:11.9940852Z 
2026-10-08T06:56:11.9941045Z Note: This linter can be disabled with `set_option linter.unusedVariables false`
2026-10-08T06:56:11.9941302Z warning: OIBridge/DitaTorusLocus.lean:4281:6: Variable name `dita82` is not explicitly referenced.
2026-10-08T06:56:11.9941306Z 
2026-10-08T06:56:11.9941662Z Hint: The binding can be removed (if unused) or named `_` (if used implicitly). Alternatively, prefix the name with `_` to silence this warning:
2026-10-08T06:56:11.9941750Z   [apply] _dita82
2026-10-08T06:56:11.9941756Z 
2026-10-08T06:56:11.9941951Z Note: This linter can be disabled with `set_option linter.unusedVariables false`
2026-10-08T06:56:11.9942191Z warning: OIBridge/DitaTorusLocus.lean:4288:6: Variable name `P` is not explicitly referenced.
2026-10-08T06:56:11.9942204Z 
2026-10-08T06:56:11.9942609Z Hint: The binding can be removed (if unused) or named `_` (if used implicitly). Alternatively, prefix the name with `_` to silence this warning:
2026-10-08T06:56:11.9942834Z   [apply] _P
2026-10-08T06:56:11.9942838Z 
2026-10-08T06:56:11.9943036Z Note: This linter can be disabled with `set_option linter.unusedVariables false`
2026-10-08T06:56:11.9943303Z warning: OIBridge/DitaTorusLocus.lean:4291:6: Variable name `ditak1` is not explicitly referenced.
2026-10-08T06:56:11.9943307Z 
2026-10-08T06:56:11.9943668Z Hint: The binding can be removed (if unused) or named `_` (if used implicitly). Alternatively, prefix the name with `_` to silence this warning:
2026-10-08T06:56:11.9943755Z   [apply] _ditak1
2026-10-08T06:56:11.9943761Z 
2026-10-08T06:56:11.9943954Z Note: This linter can be disabled with `set_option linter.unusedVariables false`
2026-10-08T06:56:11.9944222Z warning: OIBridge/DitaTorusLocus.lean:4294:6: Variable name `ditak2` is not explicitly referenced.
2026-10-08T06:56:11.9944297Z 
2026-10-08T06:56:11.9944685Z Hint: The binding can be removed (if unused) or named `_` (if used implicitly). Alternatively, prefix the name with `_` to silence this warning:
2026-10-08T06:56:11.9944775Z   [apply] _ditak2
2026-10-08T06:56:11.9944778Z 
2026-10-08T06:56:11.9944992Z Note: This linter can be disabled with `set_option linter.unusedVariables false`
2026-10-08T06:56:11.9945262Z warning: OIBridge/DitaTorusLocus.lean:4297:6: Variable name `ditak3` is not explicitly referenced.
2026-10-08T06:56:11.9945266Z 
2026-10-08T06:56:11.9945629Z Hint: The binding can be removed (if unused) or named `_` (if used implicitly). Alternatively, prefix the name with `_` to silence this warning:
2026-10-08T06:56:11.9945733Z   [apply] _ditak3
2026-10-08T06:56:11.9945736Z 
2026-10-08T06:56:11.9945951Z Note: This linter can be disabled with `set_option linter.unusedVariables false`
2026-10-08T06:56:11.9946210Z warning: OIBridge/DitaTorusLocus.lean:4300:6: Variable name `ditak4` is not explicitly referenced.
2026-10-08T06:56:11.9946213Z 
2026-10-08T06:56:11.9946594Z Hint: The binding can be removed (if unused) or named `_` (if used implicitly). Alternatively, prefix the name with `_` to silence this warning:
2026-10-08T06:56:11.9946697Z   [apply] _ditak4
2026-10-08T06:56:11.9946700Z 
2026-10-08T06:56:11.9946968Z Note: This linter can be disabled with `set_option linter.unusedVariables false`
2026-10-08T06:56:11.9947246Z warning: OIBridge/DitaTorusLocus.lean:4303:6: Variable name `ditae1` is not explicitly referenced.
2026-10-08T06:56:11.9947251Z 
2026-10-08T06:56:11.9947630Z Hint: The binding can be removed (if unused) or named `_` (if used implicitly). Alternatively, prefix the name with `_` to silence this warning:
2026-10-08T06:56:11.9947786Z   [apply] _ditae1
2026-10-08T06:56:11.9947789Z 
2026-10-08T06:56:11.9948003Z Note: This linter can be disabled with `set_option linter.unusedVariables false`
2026-10-08T06:56:11.9948279Z warning: OIBridge/DitaTorusLocus.lean:4309:6: Variable name `ditat2` is not explicitly referenced.
2026-10-08T06:56:11.9948287Z 
2026-10-08T06:56:11.9948649Z Hint: The binding can be removed (if unused) or named `_` (if used implicitly). Alternatively, prefix the name with `_` to silence this warning:
2026-10-08T06:56:11.9948754Z   [apply] _ditat2
2026-10-08T06:56:11.9948757Z 
2026-10-08T06:56:11.9948970Z Note: This linter can be disabled with `set_option linter.unusedVariables false`
2026-10-08T06:56:11.9949226Z warning: OIBridge/DitaTorusLocus.lean:4312:6: Variable name `ditat3` is not explicitly referenced.
2026-10-08T06:56:11.9949229Z 
2026-10-08T06:56:11.9949603Z Hint: The binding can be removed (if unused) or named `_` (if used implicitly). Alternatively, prefix the name with `_` to silence this warning:
2026-10-08T06:56:11.9949710Z   [apply] _ditat3
2026-10-08T06:56:11.9949713Z 
2026-10-08T06:56:11.9949910Z Note: This linter can be disabled with `set_option linter.unusedVariables false`
2026-10-08T06:56:11.9950189Z warning: OIBridge/DitaTorusLocus.lean:4314:6: Variable name `Hu` is not explicitly referenced.
2026-10-08T06:56:11.9950262Z 
2026-10-08T06:56:11.9950641Z Hint: The binding can be removed (if unused) or named `_` (if used implicitly). Alternatively, prefix the name with `_` to silence this warning:
2026-10-08T06:56:11.9950731Z   [apply] _Hu
2026-10-08T06:56:11.9950748Z 
2026-10-08T06:56:11.9950948Z Note: This linter can be disabled with `set_option linter.unusedVariables false`
2026-10-08T06:56:11.9951215Z warning: OIBridge/DitaTorusLocus.lean:4321:6: Variable name `ditamc` is not explicitly referenced.
2026-10-08T06:56:11.9951218Z 
2026-10-08T06:56:11.9951597Z Hint: The binding can be removed (if unused) or named `_` (if used implicitly). Alternatively, prefix the name with `_` to silence this warning:
2026-10-08T06:56:11.9951687Z   [apply] _ditamc
2026-10-08T06:56:11.9951690Z 
2026-10-08T06:56:11.9951900Z Note: This linter can be disabled with `set_option linter.unusedVariables false`
2026-10-08T06:56:11.9952213Z warning: OIBridge/DitaTorusLocus.lean:4324:6: Variable name `ditamr` is not explicitly referenced.
2026-10-08T06:56:11.9952220Z 
2026-10-08T06:56:11.9952587Z Hint: The binding can be removed (if unused) or named `_` (if used implicitly). Alternatively, prefix the name with `_` to silence this warning:
2026-10-08T06:56:11.9952785Z   [apply] _ditamr
2026-10-08T06:56:11.9952789Z 
2026-10-08T06:56:11.9953001Z Note: This linter can be disabled with `set_option linter.unusedVariables false`
2026-10-08T06:56:11.9953428Z info: OIBridge/DitaTorusLocus.lean:4331:0: 'OIBridge.DitaTorusLocus.a40_shared_excl_e2_c' depends on axioms: [propext, Classical.choice, Quot.sound]
2026-10-08T06:56:11.9953696Z warning: OIBridge/DitaTorusLocus.lean:4339:6: Variable name `pt` is not explicitly referenced.
2026-10-08T06:56:11.9953702Z 
2026-10-08T06:56:11.9954076Z Hint: The binding can be removed (if unused) or named `_` (if used implicitly). Alternatively, prefix the name with `_` to silence this warning:
2026-10-08T06:56:11.9954165Z   [apply] _pt
2026-10-08T06:56:11.9954168Z 
2026-10-08T06:56:11.9954381Z Note: This linter can be disabled with `set_option linter.unusedVariables false`
2026-10-08T06:56:11.9954650Z warning: OIBridge/DitaTorusLocus.lean:4343:6: Variable name `S` is not explicitly referenced.
2026-10-08T06:56:11.9954653Z 
2026-10-08T06:56:11.9955079Z Hint: The binding can be removed (if unused) or named `_` (if used implicitly). Alternatively, prefix the name with `_` to silence this warning:
2026-10-08T06:56:11.9955180Z   [apply] _S
2026-10-08T06:56:11.9955184Z 
2026-10-08T06:56:11.9955394Z Note: This linter can be disabled with `set_option linter.unusedVariables false`
2026-10-08T06:56:11.9955650Z warning: OIBridge/DitaTorusLocus.lean:4344:6: Variable name `tor` is not explicitly referenced.
2026-10-08T06:56:11.9955717Z 
2026-10-08T06:56:11.9956091Z Hint: The binding can be removed (if unused) or named `_` (if used implicitly). Alternatively, prefix the name with `_` to silence this warning:
2026-10-08T06:56:11.9956192Z   [apply] _tor
2026-10-08T06:56:11.9956195Z 
2026-10-08T06:56:11.9956392Z Note: This linter can be disabled with `set_option linter.unusedVariables false`
2026-10-08T06:56:11.9956664Z warning: OIBridge/DitaTorusLocus.lean:4345:6: Variable name `adj` is not explicitly referenced.
2026-10-08T06:56:11.9956667Z 
2026-10-08T06:56:11.9957026Z Hint: The binding can be removed (if unused) or named `_` (if used implicitly). Alternatively, prefix the name with `_` to silence this warning:
2026-10-08T06:56:11.9957108Z   [apply] _adj
2026-10-08T06:56:11.9957111Z 
2026-10-08T06:56:11.9957304Z Note: This linter can be disabled with `set_option linter.unusedVariables false`
2026-10-08T06:56:11.9957644Z warning: OIBridge/DitaTorusLocus.lean:4346:6: Variable name `μ` is not explicitly referenced.
2026-10-08T06:56:11.9957653Z 
2026-10-08T06:56:11.9958006Z Hint: The binding can be removed (if unused) or named `_` (if used implicitly). Alternatively, prefix the name with `_` to silence this warning:
2026-10-08T06:56:11.9958108Z   [apply] _μ
2026-10-08T06:56:11.9958112Z 
2026-10-08T06:56:11.9958315Z Note: This linter can be disabled with `set_option linter.unusedVariables false`
2026-10-08T06:56:11.9958624Z warning: OIBridge/DitaTorusLocus.lean:4348:6: Variable name `N` is not explicitly referenced.
2026-10-08T06:56:11.9958634Z 
2026-10-08T06:56:11.9958995Z Hint: The binding can be removed (if unused) or named `_` (if used implicitly). Alternatively, prefix the name with `_` to silence this warning:
2026-10-08T06:56:11.9959080Z   [apply] _N
2026-10-08T06:56:11.9959084Z 
2026-10-08T06:56:11.9959277Z Note: This linter can be disabled with `set_option linter.unusedVariables false`
2026-10-08T06:56:11.9959596Z warning: OIBridge/DitaTorusLocus.lean:4353:6: Variable name `Δc` is not explicitly referenced.
2026-10-08T06:56:11.9959605Z 
2026-10-08T06:56:11.9959976Z Hint: The binding can be removed (if unused) or named `_` (if used implicitly). Alternatively, prefix the name with `_` to silence this warning:
2026-10-08T06:56:11.9960102Z   [apply] _Δc
2026-10-08T06:56:11.9960106Z 
2026-10-08T06:56:11.9960366Z Note: This linter can be disabled with `set_option linter.unusedVariables false`
2026-10-08T06:56:11.9960698Z warning: OIBridge/DitaTorusLocus.lean:4354:6: Variable name `Δr` is not explicitly referenced.
2026-10-08T06:56:11.9960703Z 
2026-10-08T06:56:11.9961087Z Hint: The binding can be removed (if unused) or named `_` (if used implicitly). Alternatively, prefix the name with `_` to silence this warning:
2026-10-08T06:56:11.9961201Z   [apply] _Δr
2026-10-08T06:56:11.9961205Z 
2026-10-08T06:56:11.9961411Z Note: This linter can be disabled with `set_option linter.unusedVariables false`
2026-10-08T06:56:11.9961678Z warning: OIBridge/DitaTorusLocus.lean:4357:6: Variable name `dgT` is not explicitly referenced.
2026-10-08T06:56:11.9961686Z 
2026-10-08T06:56:11.9962047Z Hint: The binding can be removed (if unused) or named `_` (if used implicitly). Alternatively, prefix the name with `_` to silence this warning:
2026-10-08T06:56:11.9962150Z   [apply] _dgT
2026-10-08T06:56:11.9962154Z 
2026-10-08T06:56:11.9962365Z Note: This linter can be disabled with `set_option linter.unusedVariables false`
2026-10-08T06:56:11.9962727Z warning: OIBridge/DitaTorusLocus.lean:4361:6: Variable name `dita28` is not explicitly referenced.
2026-10-08T06:56:11.9962731Z 
2026-10-08T06:56:11.9963175Z Hint: The binding can be removed (if unused) or named `_` (if used implicitly). Alternatively, prefix the name with `_` to silence this warning:
2026-10-08T06:56:11.9963277Z   [apply] _dita28
2026-10-08T06:56:11.9963281Z 
2026-10-08T06:56:11.9963475Z Note: This linter can be disabled with `set_option linter.unusedVariables false`
2026-10-08T06:56:11.9963745Z warning: OIBridge/DitaTorusLocus.lean:4364:6: Variable name `dita82` is not explicitly referenced.
2026-10-08T06:56:11.9963812Z 
2026-10-08T06:56:11.9964195Z Hint: The binding can be removed (if unused) or named `_` (if used implicitly). Alternatively, prefix the name with `_` to silence this warning:
2026-10-08T06:56:11.9964286Z   [apply] _dita82
2026-10-08T06:56:11.9964289Z 
2026-10-08T06:56:11.9964499Z Note: This linter can be disabled with `set_option linter.unusedVariables false`
2026-10-08T06:56:11.9964765Z warning: OIBridge/DitaTorusLocus.lean:4371:6: Variable name `P` is not explicitly referenced.
2026-10-08T06:56:11.9964769Z 
2026-10-08T06:56:11.9965132Z Hint: The binding can be removed (if unused) or named `_` (if used implicitly). Alternatively, prefix the name with `_` to silence this warning:
2026-10-08T06:56:11.9965232Z   [apply] _P
2026-10-08T06:56:11.9965236Z 
2026-10-08T06:56:11.9965441Z Note: This linter can be disabled with `set_option linter.unusedVariables false`
2026-10-08T06:56:11.9965695Z warning: OIBridge/DitaTorusLocus.lean:4374:6: Variable name `ditak1` is not explicitly referenced.
2026-10-08T06:56:11.9965702Z 
2026-10-08T06:56:11.9966073Z Hint: The binding can be removed (if unused) or named `_` (if used implicitly). Alternatively, prefix the name with `_` to silence this warning:
2026-10-08T06:56:11.9966172Z   [apply] _ditak1
2026-10-08T06:56:11.9966176Z 
2026-10-08T06:56:11.9966370Z Note: This linter can be disabled with `set_option linter.unusedVariables false`
2026-10-08T06:56:11.9966712Z warning: OIBridge/DitaTorusLocus.lean:4377:6: Variable name `ditak2` is not explicitly referenced.
2026-10-08T06:56:11.9966717Z 
2026-10-08T06:56:11.9967087Z Hint: The binding can be removed (if unused) or named `_` (if used implicitly). Alternatively, prefix the name with `_` to silence this warning:
2026-10-08T06:56:11.9967176Z   [apply] _ditak2
2026-10-08T06:56:11.9967194Z 
2026-10-08T06:56:11.9967387Z Note: This linter can be disabled with `set_option linter.unusedVariables false`
2026-10-08T06:56:11.9967657Z warning: OIBridge/DitaTorusLocus.lean:4380:6: Variable name `ditak3` is not explicitly referenced.
2026-10-08T06:56:11.9967662Z 
2026-10-08T06:56:11.9968033Z Hint: The binding can be removed (if unused) or named `_` (if used implicitly). Alternatively, prefix the name with `_` to silence this warning:
2026-10-08T06:56:11.9968122Z   [apply] _ditak3
2026-10-08T06:56:11.9968231Z 
2026-10-08T06:56:11.9968444Z Note: This linter can be disabled with `set_option linter.unusedVariables false`
2026-10-08T06:56:11.9968707Z warning: OIBridge/DitaTorusLocus.lean:4383:6: Variable name `ditak4` is not explicitly referenced.
2026-10-08T06:56:11.9968711Z 
2026-10-08T06:56:11.9969066Z Hint: The binding can be removed (if unused) or named `_` (if used implicitly). Alternatively, prefix the name with `_` to silence this warning:
2026-10-08T06:56:11.9969155Z   [apply] _ditak4
2026-10-08T06:56:11.9969158Z 
2026-10-08T06:56:11.9969351Z Note: This linter can be disabled with `set_option linter.unusedVariables false`
2026-10-08T06:56:11.9969592Z warning: OIBridge/DitaTorusLocus.lean:4386:6: Variable name `ditae1` is not explicitly referenced.
2026-10-08T06:56:11.9969598Z 
2026-10-08T06:56:11.9969953Z Hint: The binding can be removed (if unused) or named `_` (if used implicitly). Alternatively, prefix the name with `_` to silence this warning:
2026-10-08T06:56:11.9970041Z   [apply] _ditae1
2026-10-08T06:56:11.9970046Z 
2026-10-08T06:56:11.9970238Z Note: This linter can be disabled with `set_option linter.unusedVariables false`
2026-10-08T06:56:11.9970498Z warning: OIBridge/DitaTorusLocus.lean:4392:6: Variable name `ditat2` is not explicitly referenced.
2026-10-08T06:56:11.9970502Z 
2026-10-08T06:56:11.9970909Z Hint: The binding can be removed (if unused) or named `_` (if used implicitly). Alternatively, prefix the name with `_` to silence this warning:
2026-10-08T06:56:11.9970996Z   [apply] _ditat2
2026-10-08T06:56:11.9970999Z 
2026-10-08T06:56:11.9971203Z Note: This linter can be disabled with `set_option linter.unusedVariables false`
2026-10-08T06:56:11.9971468Z warning: OIBridge/DitaTorusLocus.lean:4395:6: Variable name `ditat3` is not explicitly referenced.
2026-10-08T06:56:11.9971521Z 
2026-10-08T06:56:11.9971884Z Hint: The binding can be removed (if unused) or named `_` (if used implicitly). Alternatively, prefix the name with `_` to silence this warning:
2026-10-08T06:56:11.9971988Z   [apply] _ditat3
2026-10-08T06:56:11.9971993Z 
2026-10-08T06:56:11.9972206Z Note: This linter can be disabled with `set_option linter.unusedVariables false`
2026-10-08T06:56:11.9972456Z warning: OIBridge/DitaTorusLocus.lean:4397:6: Variable name `Hu` is not explicitly referenced.
2026-10-08T06:56:11.9972460Z 
2026-10-08T06:56:11.9972924Z Hint: The binding can be removed (if unused) or named `_` (if used implicitly). Alternatively, prefix the name with `_` to silence this warning:
2026-10-08T06:56:11.9973012Z   [apply] _Hu
2026-10-08T06:56:11.9973016Z 
2026-10-08T06:56:11.9973202Z Note: This linter can be disabled with `set_option linter.unusedVariables false`
2026-10-08T06:56:11.9973452Z warning: OIBridge/DitaTorusLocus.lean:4404:6: Variable name `ditamc` is not explicitly referenced.
2026-10-08T06:56:11.9973458Z 
2026-10-08T06:56:11.9973809Z Hint: The binding can be removed (if unused) or named `_` (if used implicitly). Alternatively, prefix the name with `_` to silence this warning:
2026-10-08T06:56:11.9973892Z   [apply] _ditamc
2026-10-08T06:56:11.9973966Z 
2026-10-08T06:56:11.9974153Z Note: This linter can be disabled with `set_option linter.unusedVariables false`
2026-10-08T06:56:11.9974401Z warning: OIBridge/DitaTorusLocus.lean:4407:6: Variable name `ditamr` is not explicitly referenced.
2026-10-08T06:56:11.9974405Z 
2026-10-08T06:56:11.9974781Z Hint: The binding can be removed (if unused) or named `_` (if used implicitly). Alternatively, prefix the name with `_` to silence this warning:
2026-10-08T06:56:11.9974871Z   [apply] _ditamr
2026-10-08T06:56:11.9974874Z 
2026-10-08T06:56:11.9975065Z Note: This linter can be disabled with `set_option linter.unusedVariables false`
2026-10-08T06:56:11.9975479Z info: OIBridge/DitaTorusLocus.lean:4414:0: 'OIBridge.DitaTorusLocus.a40_shared_excl_e2_r' depends on axioms: [propext, Classical.choice, Quot.sound]
2026-10-08T06:56:11.9975720Z warning: OIBridge/DitaTorusLocus.lean:4422:6: Variable name `pt` is not explicitly referenced.
2026-10-08T06:56:11.9975724Z 
2026-10-08T06:56:11.9976138Z Hint: The binding can be removed (if unused) or named `_` (if used implicitly). Alternatively, prefix the name with `_` to silence this warning:
2026-10-08T06:56:11.9976238Z   [apply] _pt
2026-10-08T06:56:11.9976241Z 
2026-10-08T06:56:11.9976426Z Note: This linter can be disabled with `set_option linter.unusedVariables false`
2026-10-08T06:56:11.9976671Z warning: OIBridge/DitaTorusLocus.lean:4426:6: Variable name `S` is not explicitly referenced.
2026-10-08T06:56:11.9976675Z 
2026-10-08T06:56:11.9977027Z Hint: The binding can be removed (if unused) or named `_` (if used implicitly). Alternatively, prefix the name with `_` to silence this warning:
2026-10-08T06:56:11.9977111Z   [apply] _S
2026-10-08T06:56:11.9977115Z 
2026-10-08T06:56:11.9977306Z Note: This linter can be disabled with `set_option linter.unusedVariables false`
2026-10-08T06:56:11.9977555Z warning: OIBridge/DitaTorusLocus.lean:4427:6: Variable name `tor` is not explicitly referenced.
2026-10-08T06:56:11.9977558Z 
2026-10-08T06:56:11.9977906Z Hint: The binding can be removed (if unused) or named `_` (if used implicitly). Alternatively, prefix the name with `_` to silence this warning:
2026-10-08T06:56:11.9977996Z   [apply] _tor
2026-10-08T06:56:11.9977999Z 
2026-10-08T06:56:11.9978193Z Note: This linter can be disabled with `set_option linter.unusedVariables false`
2026-10-08T06:56:11.9978492Z warning: OIBridge/DitaTorusLocus.lean:4428:6: Variable name `adj` is not explicitly referenced.
2026-10-08T06:56:11.9978496Z 
2026-10-08T06:56:11.9978854Z Hint: The binding can be removed (if unused) or named `_` (if used implicitly). Alternatively, prefix the name with `_` to silence this warning:
2026-10-08T06:56:11.9978941Z   [apply] _adj
2026-10-08T06:56:11.9978945Z 
2026-10-08T06:56:11.9979190Z Note: This linter can be disabled with `set_option linter.unusedVariables false`
2026-10-08T06:56:11.9979510Z warning: OIBridge/DitaTorusLocus.lean:4429:6: Variable name `μ` is not explicitly referenced.
2026-10-08T06:56:11.9979515Z 
2026-10-08T06:56:11.9979871Z Hint: The binding can be removed (if unused) or named `_` (if used implicitly). Alternatively, prefix the name with `_` to silence this warning:
2026-10-08T06:56:11.9979964Z   [apply] _μ
2026-10-08T06:56:11.9979967Z 
2026-10-08T06:56:11.9980172Z Note: This linter can be disabled with `set_option linter.unusedVariables false`
2026-10-08T06:56:11.9980426Z warning: OIBridge/DitaTorusLocus.lean:4431:6: Variable name `N` is not explicitly referenced.
2026-10-08T06:56:11.9980430Z 
2026-10-08T06:56:11.9980829Z Hint: The binding can be removed (if unused) or named `_` (if used implicitly). Alternatively, prefix the name with `_` to silence this warning:
2026-10-08T06:56:11.9980928Z   [apply] _N
2026-10-08T06:56:11.9980932Z 
2026-10-08T06:56:11.9981141Z Note: This linter can be disabled with `set_option linter.unusedVariables false`
2026-10-08T06:56:11.9981459Z warning: OIBridge/DitaTorusLocus.lean:4436:6: Variable name `Δc` is not explicitly referenced.
2026-10-08T06:56:11.9981476Z 
2026-10-08T06:56:11.9981841Z Hint: The binding can be removed (if unused) or named `_` (if used implicitly). Alternatively, prefix the name with `_` to silence this warning:
2026-10-08T06:56:11.9982018Z   [apply] _Δc
2026-10-08T06:56:11.9982021Z 
2026-10-08T06:56:11.9982213Z Note: This linter can be disabled with `set_option linter.unusedVariables false`
2026-10-08T06:56:11.9982548Z warning: OIBridge/DitaTorusLocus.lean:4437:6: Variable name `Δr` is not explicitly referenced.
2026-10-08T06:56:11.9982551Z 
2026-10-08T06:56:11.9983025Z Hint: The binding can be removed (if unused) or named `_` (if used implicitly). Alternatively, prefix the name with `_` to silence this warning:
2026-10-08T06:56:11.9983143Z   [apply] _Δr
2026-10-08T06:56:11.9983147Z 
2026-10-08T06:56:11.9983356Z Note: This linter can be disabled with `set_option linter.unusedVariables false`
2026-10-08T06:56:11.9983623Z warning: OIBridge/DitaTorusLocus.lean:4440:6: Variable name `dgT` is not explicitly referenced.
2026-10-08T06:56:11.9983627Z 
2026-10-08T06:56:11.9984074Z Hint: The binding can be removed (if unused) or named `_` (if used implicitly). Alternatively, prefix the name with `_` to silence this warning:
2026-10-08T06:56:11.9984168Z   [apply] _dgT
2026-10-08T06:56:11.9984171Z 
2026-10-08T06:56:11.9984379Z Note: This linter can be disabled with `set_option linter.unusedVariables false`
2026-10-08T06:56:11.9984656Z warning: OIBridge/DitaTorusLocus.lean:4447:6: Variable name `dita82` is not explicitly referenced.
2026-10-08T06:56:11.9984660Z 
2026-10-08T06:56:11.9985019Z Hint: The binding can be removed (if unused) or named `_` (if used implicitly). Alternatively, prefix the name with `_` to silence this warning:
2026-10-08T06:56:11.9985117Z   [apply] _dita82
2026-10-08T06:56:11.9985121Z 
2026-10-08T06:56:11.9985332Z Note: This linter can be disabled with `set_option linter.unusedVariables false`
2026-10-08T06:56:11.9985579Z warning: OIBridge/DitaTorusLocus.lean:4454:6: Variable name `P` is not explicitly referenced.
2026-10-08T06:56:11.9985582Z 
2026-10-08T06:56:11.9985949Z Hint: The binding can be removed (if unused) or named `_` (if used implicitly). Alternatively, prefix the name with `_` to silence this warning:
2026-10-08T06:56:11.9986051Z   [apply] _P
2026-10-08T06:56:11.9986055Z 
2026-10-08T06:56:11.9986248Z Note: This linter can be disabled with `set_option linter.unusedVariables false`
2026-10-08T06:56:11.9986580Z warning: OIBridge/DitaTorusLocus.lean:4457:6: Variable name `ditak1` is not explicitly referenced.
2026-10-08T06:56:11.9986585Z 
2026-10-08T06:56:11.9986964Z Hint: The binding can be removed (if unused) or named `_` (if used implicitly). Alternatively, prefix the name with `_` to silence this warning:
2026-10-08T06:56:11.9987052Z   [apply] _ditak1
2026-10-08T06:56:11.9987057Z 
2026-10-08T06:56:11.9987331Z Note: This linter can be disabled with `set_option linter.unusedVariables false`
2026-10-08T06:56:11.9987585Z warning: OIBridge/DitaTorusLocus.lean:4460:6: Variable name `ditak2` is not explicitly referenced.
2026-10-08T06:56:11.9987589Z 
2026-10-08T06:56:11.9987940Z Hint: The binding can be removed (if unused) or named `_` (if used implicitly). Alternatively, prefix the name with `_` to silence this warning:
2026-10-08T06:56:11.9988028Z   [apply] _ditak2
2026-10-08T06:56:11.9988031Z 
2026-10-08T06:56:11.9988225Z Note: This linter can be disabled with `set_option linter.unusedVariables false`
2026-10-08T06:56:11.9988471Z warning: OIBridge/DitaTorusLocus.lean:4463:6: Variable name `ditak3` is not explicitly referenced.
2026-10-08T06:56:11.9988474Z 
2026-10-08T06:56:11.9988825Z Hint: The binding can be removed (if unused) or named `_` (if used implicitly). Alternatively, prefix the name with `_` to silence this warning:
2026-10-08T06:56:11.9988911Z   [apply] _ditak3
2026-10-08T06:56:11.9988916Z 
2026-10-08T06:56:11.9989099Z Note: This linter can be disabled with `set_option linter.unusedVariables false`
2026-10-08T06:56:11.9989349Z warning: OIBridge/DitaTorusLocus.lean:4466:6: Variable name `ditak4` is not explicitly referenced.
2026-10-08T06:56:11.9989353Z 
2026-10-08T06:56:11.9989706Z Hint: The binding can be removed (if unused) or named `_` (if used implicitly). Alternatively, prefix the name with `_` to silence this warning:
2026-10-08T06:56:11.9989851Z   [apply] _ditak4
2026-10-08T06:56:11.9989861Z 
2026-10-08T06:56:11.9990046Z Note: This linter can be disabled with `set_option linter.unusedVariables false`
2026-10-08T06:56:11.9990296Z warning: OIBridge/DitaTorusLocus.lean:4469:6: Variable name `ditae1` is not explicitly referenced.
2026-10-08T06:56:11.9990300Z 
2026-10-08T06:56:11.9990649Z Hint: The binding can be removed (if unused) or named `_` (if used implicitly). Alternatively, prefix the name with `_` to silence this warning:
2026-10-08T06:56:11.9990730Z   [apply] _ditae1
2026-10-08T06:56:11.9990736Z 
2026-10-08T06:56:11.9990926Z Note: This linter can be disabled with `set_option linter.unusedVariables false`
2026-10-08T06:56:11.9991171Z warning: OIBridge/DitaTorusLocus.lean:4472:6: Variable name `ditae2` is not explicitly referenced.
2026-10-08T06:56:11.9991221Z 
2026-10-08T06:56:11.9991584Z Hint: The binding can be removed (if unused) or named `_` (if used implicitly). Alternatively, prefix the name with `_` to silence this warning:
2026-10-08T06:56:11.9991671Z   [apply] _ditae2
2026-10-08T06:56:11.9991675Z 
2026-10-08T06:56:11.9991875Z Note: This linter can be disabled with `set_option linter.unusedVariables false`
2026-10-08T06:56:11.9992126Z warning: OIBridge/DitaTorusLocus.lean:4475:6: Variable name `ditat2` is not explicitly referenced.
2026-10-08T06:56:11.9992129Z 
2026-10-08T06:56:11.9992486Z Hint: The binding can be removed (if unused) or named `_` (if used implicitly). Alternatively, prefix the name with `_` to silence this warning:
2026-10-08T06:56:11.9992572Z   [apply] _ditat2
2026-10-08T06:56:11.9992578Z 
2026-10-08T06:56:11.9992861Z Note: This linter can be disabled with `set_option linter.unusedVariables false`
2026-10-08T06:56:11.9993113Z warning: OIBridge/DitaTorusLocus.lean:4478:6: Variable name `ditat3` is not explicitly referenced.
2026-10-08T06:56:11.9993120Z 
2026-10-08T06:56:11.9993473Z Hint: The binding can be removed (if unused) or named `_` (if used implicitly). Alternatively, prefix the name with `_` to silence this warning:
2026-10-08T06:56:11.9993552Z   [apply] _ditat3
2026-10-08T06:56:11.9993555Z 
2026-10-08T06:56:11.9993811Z Note: This linter can be disabled with `set_option linter.unusedVariables false`
2026-10-08T06:56:11.9994070Z warning: OIBridge/DitaTorusLocus.lean:4480:6: Variable name `Hu` is not explicitly referenced.
2026-10-08T06:56:11.9994074Z 
2026-10-08T06:56:11.9994426Z Hint: The binding can be removed (if unused) or named `_` (if used implicitly). Alternatively, prefix the name with `_` to silence this warning:
2026-10-08T06:56:11.9994575Z   [apply] _Hu
2026-10-08T06:56:11.9994578Z 
2026-10-08T06:56:11.9994776Z Note: This linter can be disabled with `set_option linter.unusedVariables false`
2026-10-08T06:56:11.9995029Z warning: OIBridge/DitaTorusLocus.lean:4487:6: Variable name `ditamc` is not explicitly referenced.
2026-10-08T06:56:11.9995032Z 
2026-10-08T06:56:11.9995394Z Hint: The binding can be removed (if unused) or named `_` (if used implicitly). Alternatively, prefix the name with `_` to silence this warning:
2026-10-08T06:56:11.9995479Z   [apply] _ditamc
2026-10-08T06:56:11.9995483Z 
2026-10-08T06:56:11.9995669Z Note: This linter can be disabled with `set_option linter.unusedVariables false`
2026-10-08T06:56:11.9995920Z warning: OIBridge/DitaTorusLocus.lean:4490:6: Variable name `ditamr` is not explicitly referenced.
2026-10-08T06:56:11.9995924Z 
2026-10-08T06:56:11.9996275Z Hint: The binding can be removed (if unused) or named `_` (if used implicitly). Alternatively, prefix the name with `_` to silence this warning:
2026-10-08T06:56:11.9996356Z   [apply] _ditamr
2026-10-08T06:56:11.9996360Z 
2026-10-08T06:56:11.9996552Z Note: This linter can be disabled with `set_option linter.unusedVariables false`
2026-10-08T06:56:11.9996970Z info: OIBridge/DitaTorusLocus.lean:4497:0: 'OIBridge.DitaTorusLocus.a40_shared_excl_t1_c' depends on axioms: [propext, Classical.choice, Quot.sound]
2026-10-08T06:56:11.9997310Z warning: OIBridge/DitaTorusLocus.lean:4505:6: Variable name `pt` is not explicitly referenced.
2026-10-08T06:56:11.9997322Z 
2026-10-08T06:56:11.9997677Z Hint: The binding can be removed (if unused) or named `_` (if used implicitly). Alternatively, prefix the name with `_` to silence this warning:
2026-10-08T06:56:11.9997763Z   [apply] _pt
2026-10-08T06:56:11.9997767Z 
2026-10-08T06:56:11.9997959Z Note: This linter can be disabled with `set_option linter.unusedVariables false`
2026-10-08T06:56:11.9998200Z warning: OIBridge/DitaTorusLocus.lean:4509:6: Variable name `S` is not explicitly referenced.
2026-10-08T06:56:11.9998203Z 
2026-10-08T06:56:11.9998558Z Hint: The binding can be removed (if unused) or named `_` (if used implicitly). Alternatively, prefix the name with `_` to silence this warning:
2026-10-08T06:56:11.9998644Z   [apply] _S
2026-10-08T06:56:11.9998648Z 
2026-10-08T06:56:11.9998893Z Note: This linter can be disabled with `set_option linter.unusedVariables false`
2026-10-08T06:56:11.9999155Z warning: OIBridge/DitaTorusLocus.lean:4510:6: Variable name `tor` is not explicitly referenced.
2026-10-08T06:56:11.9999159Z 
2026-10-08T06:56:11.9999514Z Hint: The binding can be removed (if unused) or named `_` (if used implicitly). Alternatively, prefix the name with `_` to silence this warning:
2026-10-08T06:56:11.9999595Z   [apply] _tor
2026-10-08T06:56:11.9999601Z 
2026-10-08T06:56:11.9999800Z Note: This linter can be disabled with `set_option linter.unusedVariables false`
2026-10-08T06:56:12.0000044Z warning: OIBridge/DitaTorusLocus.lean:4511:6: Variable name `adj` is not explicitly referenced.
2026-10-08T06:56:12.0000048Z 
2026-10-08T06:56:12.0000398Z Hint: The binding can be removed (if unused) or named `_` (if used implicitly). Alternatively, prefix the name with `_` to silence this warning:
2026-10-08T06:56:12.0000484Z   [apply] _adj
2026-10-08T06:56:12.0000488Z 
2026-10-08T06:56:12.0000686Z Note: This linter can be disabled with `set_option linter.unusedVariables false`
2026-10-08T06:56:12.0001015Z warning: OIBridge/DitaTorusLocus.lean:4512:6: Variable name `μ` is not explicitly referenced.
2026-10-08T06:56:12.0001020Z 
2026-10-08T06:56:12.0001426Z Hint: The binding can be removed (if unused) or named `_` (if used implicitly). Alternatively, prefix the name with `_` to silence this warning:
2026-10-08T06:56:12.0001525Z   [apply] _μ
2026-10-08T06:56:12.0001530Z 
2026-10-08T06:56:12.0001720Z Note: This linter can be disabled with `set_option linter.unusedVariables false`
2026-10-08T06:56:12.0001967Z warning: OIBridge/DitaTorusLocus.lean:4514:6: Variable name `N` is not explicitly referenced.
2026-10-08T06:56:12.0001970Z 
2026-10-08T06:56:12.0002380Z Hint: The binding can be removed (if unused) or named `_` (if used implicitly). Alternatively, prefix the name with `_` to silence this warning:
2026-10-08T06:56:12.0002457Z   [apply] _N
2026-10-08T06:56:12.0002460Z 
2026-10-08T06:56:12.0002751Z Note: This linter can be disabled with `set_option linter.unusedVariables false`
2026-10-08T06:56:12.0003067Z warning: OIBridge/DitaTorusLocus.lean:4519:6: Variable name `Δc` is not explicitly referenced.
2026-10-08T06:56:12.0003071Z 
2026-10-08T06:56:12.0003426Z Hint: The binding can be removed (if unused) or named `_` (if used implicitly). Alternatively, prefix the name with `_` to silence this warning:
2026-10-08T06:56:12.0003535Z   [apply] _Δc
2026-10-08T06:56:12.0003539Z 
2026-10-08T06:56:12.0003729Z Note: This linter can be disabled with `set_option linter.unusedVariables false`
2026-10-08T06:56:12.0004031Z warning: OIBridge/DitaTorusLocus.lean:4520:6: Variable name `Δr` is not explicitly referenced.
2026-10-08T06:56:12.0004034Z 
2026-10-08T06:56:12.0004396Z Hint: The binding can be removed (if unused) or named `_` (if used implicitly). Alternatively, prefix the name with `_` to silence this warning:
2026-10-08T06:56:12.0004505Z   [apply] _Δr
2026-10-08T06:56:12.0004508Z 
2026-10-08T06:56:12.0004699Z Note: This linter can be disabled with `set_option linter.unusedVariables false`
2026-10-08T06:56:12.0005033Z warning: OIBridge/DitaTorusLocus.lean:4523:6: Variable name `dgT` is not explicitly referenced.
2026-10-08T06:56:12.0005037Z 
2026-10-08T06:56:12.0005395Z Hint: The binding can be removed (if unused) or named `_` (if used implicitly). Alternatively, prefix the name with `_` to silence this warning:
2026-10-08T06:56:12.0005476Z   [apply] _dgT
2026-10-08T06:56:12.0005484Z 
2026-10-08T06:56:12.0005674Z Note: This linter can be disabled with `set_option linter.unusedVariables false`
2026-10-08T06:56:12.0005935Z warning: OIBridge/DitaTorusLocus.lean:4530:6: Variable name `dita82` is not explicitly referenced.
2026-10-08T06:56:12.0005939Z 
2026-10-08T06:56:12.0006292Z Hint: The binding can be removed (if unused) or named `_` (if used implicitly). Alternatively, prefix the name with `_` to silence this warning:
2026-10-08T06:56:12.0006376Z   [apply] _dita82
2026-10-08T06:56:12.0006379Z 
2026-10-08T06:56:12.0006632Z Note: This linter can be disabled with `set_option linter.unusedVariables false`
2026-10-08T06:56:12.0006885Z warning: OIBridge/DitaTorusLocus.lean:4537:6: Variable name `P` is not explicitly referenced.
2026-10-08T06:56:12.0006890Z 
2026-10-08T06:56:12.0007240Z Hint: The binding can be removed (if unused) or named `_` (if used implicitly). Alternatively, prefix the name with `_` to silence this warning:
2026-10-08T06:56:12.0007333Z   [apply] _P
2026-10-08T06:56:12.0007337Z 
2026-10-08T06:56:12.0007532Z Note: This linter can be disabled with `set_option linter.unusedVariables false`
2026-10-08T06:56:12.0007781Z warning: OIBridge/DitaTorusLocus.lean:4540:6: Variable name `ditak1` is not explicitly referenced.
2026-10-08T06:56:12.0007784Z 
2026-10-08T06:56:12.0008134Z Hint: The binding can be removed (if unused) or named `_` (if used implicitly). Alternatively, prefix the name with `_` to silence this warning:
2026-10-08T06:56:12.0008219Z   [apply] _ditak1
2026-10-08T06:56:12.0008222Z 
2026-10-08T06:56:12.0008411Z Note: This linter can be disabled with `set_option linter.unusedVariables false`
2026-10-08T06:56:12.0008667Z warning: OIBridge/DitaTorusLocus.lean:4543:6: Variable name `ditak2` is not explicitly referenced.
2026-10-08T06:56:12.0008670Z 
2026-10-08T06:56:12.0009085Z Hint: The binding can be removed (if unused) or named `_` (if used implicitly). Alternatively, prefix the name with `_` to silence this warning:
2026-10-08T06:56:12.0009168Z   [apply] _ditak2
2026-10-08T06:56:12.0009171Z 
2026-10-08T06:56:12.0009364Z Note: This linter can be disabled with `set_option linter.unusedVariables false`
2026-10-08T06:56:12.0009613Z warning: OIBridge/DitaTorusLocus.lean:4546:6: Variable name `ditak3` is not explicitly referenced.
2026-10-08T06:56:12.0009680Z 
2026-10-08T06:56:12.0010030Z Hint: The binding can be removed (if unused) or named `_` (if used implicitly). Alternatively, prefix the name with `_` to silence this warning:
2026-10-08T06:56:12.0010117Z   [apply] _ditak3
2026-10-08T06:56:12.0010120Z 
2026-10-08T06:56:12.0010318Z Note: This linter can be disabled with `set_option linter.unusedVariables false`
2026-10-08T06:56:12.0010569Z warning: OIBridge/DitaTorusLocus.lean:4549:6: Variable name `ditak4` is not explicitly referenced.
2026-10-08T06:56:12.0010573Z 
2026-10-08T06:56:12.0010925Z Hint: The binding can be removed (if unused) or named `_` (if used implicitly). Alternatively, prefix the name with `_` to silence this warning:
2026-10-08T06:56:12.0011010Z   [apply] _ditak4
2026-10-08T06:56:12.0011013Z 
2026-10-08T06:56:12.0011199Z Note: This linter can be disabled with `set_option linter.unusedVariables false`
2026-10-08T06:56:12.0011451Z warning: OIBridge/DitaTorusLocus.lean:4552:6: Variable name `ditae1` is not explicitly referenced.
2026-10-08T06:56:12.0011456Z 
2026-10-08T06:56:12.0011810Z Hint: The binding can be removed (if unused) or named `_` (if used implicitly). Alternatively, prefix the name with `_` to silence this warning:
2026-10-08T06:56:12.0011889Z   [apply] _ditae1
2026-10-08T06:56:12.0011892Z 
2026-10-08T06:56:12.0012084Z Note: This linter can be disabled with `set_option linter.unusedVariables false`
2026-10-08T06:56:12.0012382Z warning: OIBridge/DitaTorusLocus.lean:4555:6: Variable name `ditae2` is not explicitly referenced.
2026-10-08T06:56:12.0012387Z 
2026-10-08T06:56:12.0012830Z Hint: The binding can be removed (if unused) or named `_` (if used implicitly). Alternatively, prefix the name with `_` to silence this warning:
2026-10-08T06:56:12.0012919Z   [apply] _ditae2
2026-10-08T06:56:12.0012923Z 
2026-10-08T06:56:12.0013115Z Note: This linter can be disabled with `set_option linter.unusedVariables false`
2026-10-08T06:56:12.0013360Z warning: OIBridge/DitaTorusLocus.lean:4558:6: Variable name `ditat2` is not explicitly referenced.
2026-10-08T06:56:12.0013371Z 
2026-10-08T06:56:12.0013719Z Hint: The binding can be removed (if unused) or named `_` (if used implicitly). Alternatively, prefix the name with `_` to silence this warning:
2026-10-08T06:56:12.0013804Z   [apply] _ditat2
2026-10-08T06:56:12.0013808Z 
2026-10-08T06:56:12.0014061Z Note: This linter can be disabled with `set_option linter.unusedVariables false`
2026-10-08T06:56:12.0014321Z warning: OIBridge/DitaTorusLocus.lean:4561:6: Variable name `ditat3` is not explicitly referenced.
2026-10-08T06:56:12.0014325Z 
2026-10-08T06:56:12.0014680Z Hint: The binding can be removed (if unused) or named `_` (if used implicitly). Alternatively, prefix the name with `_` to silence this warning:
2026-10-08T06:56:12.0020058Z   [apply] _ditat3
2026-10-08T06:56:12.0020070Z 
2026-10-08T06:56:12.0020423Z Note: This linter can be disabled with `set_option linter.unusedVariables false`
2026-10-08T06:56:12.0020759Z warning: OIBridge/DitaTorusLocus.lean:4563:6: Variable name `Hu` is not explicitly referenced.
2026-10-08T06:56:12.0020769Z 
2026-10-08T06:56:12.0021172Z Hint: The binding can be removed (if unused) or named `_` (if used implicitly). Alternatively, prefix the name with `_` to silence this warning:
2026-10-08T06:56:12.0021256Z   [apply] _Hu
2026-10-08T06:56:12.0021264Z 
2026-10-08T06:56:12.0021480Z Note: This linter can be disabled with `set_option linter.unusedVariables false`
2026-10-08T06:56:12.0021753Z warning: OIBridge/DitaTorusLocus.lean:4570:6: Variable name `ditamc` is not explicitly referenced.
2026-10-08T06:56:12.0021758Z 
2026-10-08T06:56:12.0022242Z Hint: The binding can be removed (if unused) or named `_` (if used implicitly). Alternatively, prefix the name with `_` to silence this warning:
2026-10-08T06:56:12.0022332Z   [apply] _ditamc
2026-10-08T06:56:12.0022335Z 
2026-10-08T06:56:12.0022548Z Note: This linter can be disabled with `set_option linter.unusedVariables false`
2026-10-08T06:56:12.0022930Z warning: OIBridge/DitaTorusLocus.lean:4573:6: Variable name `ditamr` is not explicitly referenced.
2026-10-08T06:56:12.0023000Z 
2026-10-08T06:56:12.0023378Z Hint: The binding can be removed (if unused) or named `_` (if used implicitly). Alternatively, prefix the name with `_` to silence this warning:
2026-10-08T06:56:12.0023466Z   [apply] _ditamr
2026-10-08T06:56:12.0023473Z 
2026-10-08T06:56:12.0023671Z Note: This linter can be disabled with `set_option linter.unusedVariables false`
2026-10-08T06:56:12.0024112Z info: OIBridge/DitaTorusLocus.lean:4580:0: 'OIBridge.DitaTorusLocus.a40_shared_excl_t1_r' depends on axioms: [propext, Classical.choice, Quot.sound]
2026-10-08T06:56:12.0024377Z warning: OIBridge/DitaTorusLocus.lean:4588:6: Variable name `pt` is not explicitly referenced.
2026-10-08T06:56:12.0024381Z 
2026-10-08T06:56:12.0024742Z Hint: The binding can be removed (if unused) or named `_` (if used implicitly). Alternatively, prefix the name with `_` to silence this warning:
2026-10-08T06:56:12.0024834Z   [apply] _pt
2026-10-08T06:56:12.0024837Z 
2026-10-08T06:56:12.0025037Z Note: This linter can be disabled with `set_option linter.unusedVariables false`
2026-10-08T06:56:12.0025282Z warning: OIBridge/DitaTorusLocus.lean:4592:6: Variable name `S` is not explicitly referenced.
2026-10-08T06:56:12.0025285Z 
2026-10-08T06:56:12.0025650Z Hint: The binding can be removed (if unused) or named `_` (if used implicitly). Alternatively, prefix the name with `_` to silence this warning:
2026-10-08T06:56:12.0025805Z   [apply] _S
2026-10-08T06:56:12.0025809Z 
2026-10-08T06:56:12.0025995Z Note: This linter can be disabled with `set_option linter.unusedVariables false`
2026-10-08T06:56:12.0026264Z warning: OIBridge/DitaTorusLocus.lean:4593:6: Variable name `tor` is not explicitly referenced.
2026-10-08T06:56:12.0026268Z 
2026-10-08T06:56:12.0026631Z Hint: The binding can be removed (if unused) or named `_` (if used implicitly). Alternatively, prefix the name with `_` to silence this warning:
2026-10-08T06:56:12.0026710Z   [apply] _tor
2026-10-08T06:56:12.0026718Z 
2026-10-08T06:56:12.0026907Z Note: This linter can be disabled with `set_option linter.unusedVariables false`
2026-10-08T06:56:12.0027161Z warning: OIBridge/DitaTorusLocus.lean:4594:6: Variable name `adj` is not explicitly referenced.
2026-10-08T06:56:12.0027167Z 
2026-10-08T06:56:12.0027587Z Hint: The binding can be removed (if unused) or named `_` (if used implicitly). Alternatively, prefix the name with `_` to silence this warning:
2026-10-08T06:56:12.0027674Z   [apply] _adj
2026-10-08T06:56:12.0027677Z 
2026-10-08T06:56:12.0027877Z Note: This linter can be disabled with `set_option linter.unusedVariables false`
2026-10-08T06:56:12.0028252Z warning: OIBridge/DitaTorusLocus.lean:4595:6: Variable name `μ` is not explicitly referenced.
2026-10-08T06:56:12.0028257Z 
2026-10-08T06:56:12.0028611Z Hint: The binding can be removed (if unused) or named `_` (if used implicitly). Alternatively, prefix the name with `_` to silence this warning:
2026-10-08T06:56:12.0028715Z   [apply] _μ
2026-10-08T06:56:12.0028720Z 
2026-10-08T06:56:12.0028914Z Note: This linter can be disabled with `set_option linter.unusedVariables false`
2026-10-08T06:56:12.0029155Z warning: OIBridge/DitaTorusLocus.lean:4597:6: Variable name `N` is not explicitly referenced.
2026-10-08T06:56:12.0029159Z 
2026-10-08T06:56:12.0029548Z Hint: The binding can be removed (if unused) or named `_` (if used implicitly). Alternatively, prefix the name with `_` to silence this warning:
2026-10-08T06:56:12.0029640Z   [apply] _N
2026-10-08T06:56:12.0029644Z 
2026-10-08T06:56:12.0029829Z Note: This linter can be disabled with `set_option linter.unusedVariables false`
2026-10-08T06:56:12.0030206Z warning: OIBridge/DitaTorusLocus.lean:4602:6: Variable name `Δc` is not explicitly referenced.
2026-10-08T06:56:12.0030211Z 
2026-10-08T06:56:12.0030576Z Hint: The binding can be removed (if unused) or named `_` (if used implicitly). Alternatively, prefix the name with `_` to silence this warning:
2026-10-08T06:56:12.0030680Z   [apply] _Δc
2026-10-08T06:56:12.0030683Z 
2026-10-08T06:56:12.0030880Z Note: This linter can be disabled with `set_option linter.unusedVariables false`
2026-10-08T06:56:12.0031248Z warning: OIBridge/DitaTorusLocus.lean:4603:6: Variable name `Δr` is not explicitly referenced.
2026-10-08T06:56:12.0031253Z 
2026-10-08T06:56:12.0031619Z Hint: The binding can be removed (if unused) or named `_` (if used implicitly). Alternatively, prefix the name with `_` to silence this warning:
2026-10-08T06:56:12.0031728Z   [apply] _Δr
2026-10-08T06:56:12.0031731Z 
2026-10-08T06:56:12.0031921Z Note: This linter can be disabled with `set_option linter.unusedVariables false`
2026-10-08T06:56:12.0032167Z warning: OIBridge/DitaTorusLocus.lean:4606:6: Variable name `dgT` is not explicitly referenced.
2026-10-08T06:56:12.0032171Z 
2026-10-08T06:56:12.0032521Z Hint: The binding can be removed (if unused) or named `_` (if used implicitly). Alternatively, prefix the name with `_` to silence this warning:
2026-10-08T06:56:12.0032603Z   [apply] _dgT
2026-10-08T06:56:12.0032607Z 
2026-10-08T06:56:12.0032891Z Note: This linter can be disabled with `set_option linter.unusedVariables false`
2026-10-08T06:56:12.0033151Z warning: OIBridge/DitaTorusLocus.lean:4610:6: Variable name `dita28` is not explicitly referenced.
2026-10-08T06:56:12.0033156Z 
2026-10-08T06:56:12.0033503Z Hint: The binding can be removed (if unused) or named `_` (if used implicitly). Alternatively, prefix the name with `_` to silence this warning:
2026-10-08T06:56:12.0033691Z   [apply] _dita28
2026-10-08T06:56:12.0033695Z 
2026-10-08T06:56:12.0033882Z Note: This linter can be disabled with `set_option linter.unusedVariables false`
2026-10-08T06:56:12.0034138Z warning: OIBridge/DitaTorusLocus.lean:4613:6: Variable name `dita82` is not explicitly referenced.
2026-10-08T06:56:12.0034142Z 
2026-10-08T06:56:12.0034508Z Hint: The binding can be removed (if unused) or named `_` (if used implicitly). Alternatively, prefix the name with `_` to silence this warning:
2026-10-08T06:56:12.0034592Z   [apply] _dita82
2026-10-08T06:56:12.0034596Z 
2026-10-08T06:56:12.0034799Z Note: This linter can be disabled with `set_option linter.unusedVariables false`
2026-10-08T06:56:12.0035053Z warning: OIBridge/DitaTorusLocus.lean:4620:6: Variable name `P` is not explicitly referenced.
2026-10-08T06:56:12.0035061Z 
2026-10-08T06:56:12.0035495Z Hint: The binding can be removed (if unused) or named `_` (if used implicitly). Alternatively, prefix the name with `_` to silence this warning:
2026-10-08T06:56:12.0035585Z   [apply] _P
2026-10-08T06:56:12.0035589Z 
2026-10-08T06:56:12.0035794Z Note: This linter can be disabled with `set_option linter.unusedVariables false`
2026-10-08T06:56:12.0036052Z warning: OIBridge/DitaTorusLocus.lean:4623:6: Variable name `ditak1` is not explicitly referenced.
2026-10-08T06:56:12.0036056Z 
2026-10-08T06:56:12.0036429Z Hint: The binding can be removed (if unused) or named `_` (if used implicitly). Alternatively, prefix the name with `_` to silence this warning:
2026-10-08T06:56:12.0036511Z   [apply] _ditak1
2026-10-08T06:56:12.0036515Z 
2026-10-08T06:56:12.0036704Z Note: This linter can be disabled with `set_option linter.unusedVariables false`
2026-10-08T06:56:12.0036951Z warning: OIBridge/DitaTorusLocus.lean:4626:6: Variable name `ditak2` is not explicitly referenced.
2026-10-08T06:56:12.0036954Z 
2026-10-08T06:56:12.0037302Z Hint: The binding can be removed (if unused) or named `_` (if used implicitly). Alternatively, prefix the name with `_` to silence this warning:
2026-10-08T06:56:12.0037382Z   [apply] _ditak2
2026-10-08T06:56:12.0037386Z 
2026-10-08T06:56:12.0037570Z Note: This linter can be disabled with `set_option linter.unusedVariables false`
2026-10-08T06:56:12.0037878Z warning: OIBridge/DitaTorusLocus.lean:4629:6: Variable name `ditak3` is not explicitly referenced.
2026-10-08T06:56:12.0037882Z 
2026-10-08T06:56:12.0038250Z Hint: The binding can be removed (if unused) or named `_` (if used implicitly). Alternatively, prefix the name with `_` to silence this warning:
2026-10-08T06:56:12.0038339Z   [apply] _ditak3
2026-10-08T06:56:12.0038343Z 
2026-10-08T06:56:12.0038599Z Note: This linter can be disabled with `set_option linter.unusedVariables false`
2026-10-08T06:56:12.0038848Z warning: OIBridge/DitaTorusLocus.lean:4632:6: Variable name `ditak4` is not explicitly referenced.
2026-10-08T06:56:12.0038852Z 
2026-10-08T06:56:12.0039218Z Hint: The binding can be removed (if unused) or named `_` (if used implicitly). Alternatively, prefix the name with `_` to silence this warning:
2026-10-08T06:56:12.0039310Z   [apply] _ditak4
2026-10-08T06:56:12.0039314Z 
2026-10-08T06:56:12.0039504Z Note: This linter can be disabled with `set_option linter.unusedVariables false`
2026-10-08T06:56:12.0039762Z warning: OIBridge/DitaTorusLocus.lean:4635:6: Variable name `ditae1` is not explicitly referenced.
2026-10-08T06:56:12.0039766Z 
2026-10-08T06:56:12.0040129Z Hint: The binding can be removed (if unused) or named `_` (if used implicitly). Alternatively, prefix the name with `_` to silence this warning:
2026-10-08T06:56:12.0040209Z   [apply] _ditae1
2026-10-08T06:56:12.0040216Z 
2026-10-08T06:56:12.0040403Z Note: This linter can be disabled with `set_option linter.unusedVariables false`
2026-10-08T06:56:12.0040652Z warning: OIBridge/DitaTorusLocus.lean:4638:6: Variable name `ditae2` is not explicitly referenced.
2026-10-08T06:56:12.0040655Z 
2026-10-08T06:56:12.0041008Z Hint: The binding can be removed (if unused) or named `_` (if used implicitly). Alternatively, prefix the name with `_` to silence this warning:
2026-10-08T06:56:12.0041151Z   [apply] _ditae2
2026-10-08T06:56:12.0041154Z 
2026-10-08T06:56:12.0041348Z Note: This linter can be disabled with `set_option linter.unusedVariables false`
2026-10-08T06:56:12.0041594Z warning: OIBridge/DitaTorusLocus.lean:4644:6: Variable name `ditat3` is not explicitly referenced.
2026-10-08T06:56:12.0041602Z 
2026-10-08T06:56:12.0041945Z Hint: The binding can be removed (if unused) or named `_` (if used implicitly). Alternatively, prefix the name with `_` to silence this warning:
2026-10-08T06:56:12.0042031Z   [apply] _ditat3
2026-10-08T06:56:12.0042036Z 
2026-10-08T06:56:12.0042215Z Note: This linter can be disabled with `set_option linter.unusedVariables false`
2026-10-08T06:56:12.0042463Z warning: OIBridge/DitaTorusLocus.lean:4646:6: Variable name `Hu` is not explicitly referenced.
2026-10-08T06:56:12.0042518Z 
2026-10-08T06:56:12.0042983Z Hint: The binding can be removed (if unused) or named `_` (if used implicitly). Alternatively, prefix the name with `_` to silence this warning:
2026-10-08T06:56:12.0043074Z   [apply] _Hu
2026-10-08T06:56:12.0043077Z 
2026-10-08T06:56:12.0043274Z Note: This linter can be disabled with `set_option linter.unusedVariables false`
2026-10-08T06:56:12.0043533Z warning: OIBridge/DitaTorusLocus.lean:4653:6: Variable name `ditamc` is not explicitly referenced.
2026-10-08T06:56:12.0043537Z 
2026-10-08T06:56:12.0043893Z Hint: The binding can be removed (if unused) or named `_` (if used implicitly). Alternatively, prefix the name with `_` to silence this warning:
2026-10-08T06:56:12.0043972Z   [apply] _ditamc
2026-10-08T06:56:12.0043977Z 
2026-10-08T06:56:12.0044174Z Note: This linter can be disabled with `set_option linter.unusedVariables false`
2026-10-08T06:56:12.0044426Z warning: OIBridge/DitaTorusLocus.lean:4656:6: Variable name `ditamr` is not explicitly referenced.
2026-10-08T06:56:12.0044431Z 
2026-10-08T06:56:12.0044782Z Hint: The binding can be removed (if unused) or named `_` (if used implicitly). Alternatively, prefix the name with `_` to silence this warning:
2026-10-08T06:56:12.0044868Z   [apply] _ditamr
2026-10-08T06:56:12.0044871Z 
2026-10-08T06:56:12.0045132Z Note: This linter can be disabled with `set_option linter.unusedVariables false`
2026-10-08T06:56:12.0045564Z info: OIBridge/DitaTorusLocus.lean:4663:0: 'OIBridge.DitaTorusLocus.a40_shared_excl_t2_c' depends on axioms: [propext, Classical.choice, Quot.sound]
2026-10-08T06:56:12.0045819Z warning: OIBridge/DitaTorusLocus.lean:4671:6: Variable name `pt` is not explicitly referenced.
2026-10-08T06:56:12.0045823Z 
2026-10-08T06:56:12.0046186Z Hint: The binding can be removed (if unused) or named `_` (if used implicitly). Alternatively, prefix the name with `_` to silence this warning:
2026-10-08T06:56:12.0046333Z   [apply] _pt
2026-10-08T06:56:12.0046337Z 
2026-10-08T06:56:12.0046541Z Note: This linter can be disabled with `set_option linter.unusedVariables false`
2026-10-08T06:56:12.0046792Z warning: OIBridge/DitaTorusLocus.lean:4675:6: Variable name `S` is not explicitly referenced.
2026-10-08T06:56:12.0046796Z 
2026-10-08T06:56:12.0047145Z Hint: The binding can be removed (if unused) or named `_` (if used implicitly). Alternatively, prefix the name with `_` to silence this warning:
2026-10-08T06:56:12.0047227Z   [apply] _S
2026-10-08T06:56:12.0047231Z 
2026-10-08T06:56:12.0047419Z Note: This linter can be disabled with `set_option linter.unusedVariables false`
2026-10-08T06:56:12.0047662Z warning: OIBridge/DitaTorusLocus.lean:4676:6: Variable name `tor` is not explicitly referenced.
2026-10-08T06:56:12.0047666Z 
2026-10-08T06:56:12.0048012Z Hint: The binding can be removed (if unused) or named `_` (if used implicitly). Alternatively, prefix the name with `_` to silence this warning:
2026-10-08T06:56:12.0048096Z   [apply] _tor
2026-10-08T06:56:12.0048100Z 
2026-10-08T06:56:12.0048282Z Note: This linter can be disabled with `set_option linter.unusedVariables false`
2026-10-08T06:56:12.0048590Z warning: OIBridge/DitaTorusLocus.lean:4677:6: Variable name `adj` is not explicitly referenced.
2026-10-08T06:56:12.0048595Z 
2026-10-08T06:56:12.0048943Z Hint: The binding can be removed (if unused) or named `_` (if used implicitly). Alternatively, prefix the name with `_` to silence this warning:
2026-10-08T06:56:12.0049022Z   [apply] _adj
2026-10-08T06:56:12.0049025Z 
2026-10-08T06:56:12.0049211Z Note: This linter can be disabled with `set_option linter.unusedVariables false`
2026-10-08T06:56:12.0049536Z warning: OIBridge/DitaTorusLocus.lean:4678:6: Variable name `μ` is not explicitly referenced.
2026-10-08T06:56:12.0049541Z 
2026-10-08T06:56:12.0049889Z Hint: The binding can be removed (if unused) or named `_` (if used implicitly). Alternatively, prefix the name with `_` to silence this warning:
2026-10-08T06:56:12.0049982Z   [apply] _μ
2026-10-08T06:56:12.0049986Z 
2026-10-08T06:56:12.0050236Z Note: This linter can be disabled with `set_option linter.unusedVariables false`
2026-10-08T06:56:12.0050491Z warning: OIBridge/DitaTorusLocus.lean:4680:6: Variable name `N` is not explicitly referenced.
2026-10-08T06:56:12.0050501Z 
2026-10-08T06:56:12.0050843Z Hint: The binding can be removed (if unused) or named `_` (if used implicitly). Alternatively, prefix the name with `_` to silence this warning:
2026-10-08T06:56:12.0050927Z   [apply] _N
2026-10-08T06:56:12.0050930Z 
2026-10-08T06:56:12.0051119Z Note: This linter can be disabled with `set_option linter.unusedVariables false`
2026-10-08T06:56:12.0051434Z warning: OIBridge/DitaTorusLocus.lean:4685:6: Variable name `Δc` is not explicitly referenced.
2026-10-08T06:56:12.0051439Z 
2026-10-08T06:56:12.0051787Z Hint: The binding can be removed (if unused) or named `_` (if used implicitly). Alternatively, prefix the name with `_` to silence this warning:
2026-10-08T06:56:12.0051896Z   [apply] _Δc
2026-10-08T06:56:12.0051900Z 
2026-10-08T06:56:12.0052084Z Note: This linter can be disabled with `set_option linter.unusedVariables false`
2026-10-08T06:56:12.0052389Z warning: OIBridge/DitaTorusLocus.lean:4686:6: Variable name `Δr` is not explicitly referenced.
2026-10-08T06:56:12.0052393Z 
2026-10-08T06:56:12.0052833Z Hint: The binding can be removed (if unused) or named `_` (if used implicitly). Alternatively, prefix the name with `_` to silence this warning:
2026-10-08T06:56:12.0052991Z   [apply] _Δr
2026-10-08T06:56:12.0052995Z 
2026-10-08T06:56:12.0053185Z Note: This linter can be disabled with `set_option linter.unusedVariables false`
2026-10-08T06:56:12.0053432Z warning: OIBridge/DitaTorusLocus.lean:4689:6: Variable name `dgT` is not explicitly referenced.
2026-10-08T06:56:12.0053437Z 
2026-10-08T06:56:12.0053782Z Hint: The binding can be removed (if unused) or named `_` (if used implicitly). Alternatively, prefix the name with `_` to silence this warning:
2026-10-08T06:56:12.0053927Z   [apply] _dgT
2026-10-08T06:56:12.0053930Z 
2026-10-08T06:56:12.0054126Z Note: This linter can be disabled with `set_option linter.unusedVariables false`
2026-10-08T06:56:12.0054376Z warning: OIBridge/DitaTorusLocus.lean:4693:6: Variable name `dita28` is not explicitly referenced.
2026-10-08T06:56:12.0054380Z 
2026-10-08T06:56:12.0054739Z Hint: The binding can be removed (if unused) or named `_` (if used implicitly). Alternatively, prefix the name with `_` to silence this warning:
2026-10-08T06:56:12.0054833Z   [apply] _dita28
2026-10-08T06:56:12.0054836Z 
2026-10-08T06:56:12.0055022Z Note: This linter can be disabled with `set_option linter.unusedVariables false`
2026-10-08T06:56:12.0055272Z warning: OIBridge/DitaTorusLocus.lean:4696:6: Variable name `dita82` is not explicitly referenced.
2026-10-08T06:56:12.0055276Z 
2026-10-08T06:56:12.0055629Z Hint: The binding can be removed (if unused) or named `_` (if used implicitly). Alternatively, prefix the name with `_` to silence this warning:
2026-10-08T06:56:12.0055709Z   [apply] _dita82
2026-10-08T06:56:12.0055712Z 
2026-10-08T06:56:12.0055905Z Note: This linter can be disabled with `set_option linter.unusedVariables false`
2026-10-08T06:56:12.0056220Z warning: OIBridge/DitaTorusLocus.lean:4703:6: Variable name `P` is not explicitly referenced.
2026-10-08T06:56:12.0056224Z 
2026-10-08T06:56:12.0056577Z Hint: The binding can be removed (if unused) or named `_` (if used implicitly). Alternatively, prefix the name with `_` to silence this warning:
2026-10-08T06:56:12.0056671Z   [apply] _P
2026-10-08T06:56:12.0056677Z 
2026-10-08T06:56:12.0056862Z Note: This linter can be disabled with `set_option linter.unusedVariables false`
2026-10-08T06:56:12.0057105Z warning: OIBridge/DitaTorusLocus.lean:4706:6: Variable name `ditak1` is not explicitly referenced.
2026-10-08T06:56:12.0057117Z 
2026-10-08T06:56:12.0057466Z Hint: The binding can be removed (if unused) or named `_` (if used implicitly). Alternatively, prefix the name with `_` to silence this warning:
2026-10-08T06:56:12.0057555Z   [apply] _ditak1
2026-10-08T06:56:12.0057558Z 
2026-10-08T06:56:12.0057802Z Note: This linter can be disabled with `set_option linter.unusedVariables false`
2026-10-08T06:56:12.0058074Z warning: OIBridge/DitaTorusLocus.lean:4709:6: Variable name `ditak2` is not explicitly referenced.
2026-10-08T06:56:12.0058078Z 
2026-10-08T06:56:12.0058448Z Hint: The binding can be removed (if unused) or named `_` (if used implicitly). Alternatively, prefix the name with `_` to silence this warning:
2026-10-08T06:56:12.0058540Z   [apply] _ditak2
2026-10-08T06:56:12.0058543Z 
2026-10-08T06:56:12.0058738Z Note: This linter can be disabled with `set_option linter.unusedVariables false`
2026-10-08T06:56:12.0058995Z warning: OIBridge/DitaTorusLocus.lean:4712:6: Variable name `ditak3` is not explicitly referenced.
2026-10-08T06:56:12.0058999Z 
2026-10-08T06:56:12.0059357Z Hint: The binding can be removed (if unused) or named `_` (if used implicitly). Alternatively, prefix the name with `_` to silence this warning:
2026-10-08T06:56:12.0059438Z   [apply] _ditak3
2026-10-08T06:56:12.0059441Z 
2026-10-08T06:56:12.0059633Z Note: This linter can be disabled with `set_option linter.unusedVariables false`
2026-10-08T06:56:12.0059889Z warning: OIBridge/DitaTorusLocus.lean:4715:6: Variable name `ditak4` is not explicitly referenced.
2026-10-08T06:56:12.0059893Z 
2026-10-08T06:56:12.0060288Z Hint: The binding can be removed (if unused) or named `_` (if used implicitly). Alternatively, prefix the name with `_` to silence this warning:
2026-10-08T06:56:12.0060385Z   [apply] _ditak4
2026-10-08T06:56:12.0060388Z 
2026-10-08T06:56:12.0060608Z Note: This linter can be disabled with `set_option linter.unusedVariables false`
2026-10-08T06:56:12.0060869Z warning: OIBridge/DitaTorusLocus.lean:4718:6: Variable name `ditae1` is not explicitly referenced.
2026-10-08T06:56:12.0060872Z 
2026-10-08T06:56:12.0061294Z Hint: The binding can be removed (if unused) or named `_` (if used implicitly). Alternatively, prefix the name with `_` to silence this warning:
2026-10-08T06:56:12.0061382Z   [apply] _ditae1
2026-10-08T06:56:12.0061385Z 
2026-10-08T06:56:12.0061583Z Note: This linter can be disabled with `set_option linter.unusedVariables false`
2026-10-08T06:56:12.0061843Z warning: OIBridge/DitaTorusLocus.lean:4721:6: Variable name `ditae2` is not explicitly referenced.
2026-10-08T06:56:12.0061846Z 
2026-10-08T06:56:12.0062206Z Hint: The binding can be removed (if unused) or named `_` (if used implicitly). Alternatively, prefix the name with `_` to silence this warning:
2026-10-08T06:56:12.0062290Z   [apply] _ditae2
2026-10-08T06:56:12.0062294Z 
2026-10-08T06:56:12.0062490Z Note: This linter can be disabled with `set_option linter.unusedVariables false`
2026-10-08T06:56:12.0062846Z warning: OIBridge/DitaTorusLocus.lean:4727:6: Variable name `ditat3` is not explicitly referenced.
2026-10-08T06:56:12.0062852Z 
2026-10-08T06:56:12.0063214Z Hint: The binding can be removed (if unused) or named `_` (if used implicitly). Alternatively, prefix the name with `_` to silence this warning:
2026-10-08T06:56:12.0063298Z   [apply] _ditat3
2026-10-08T06:56:12.0063301Z 
2026-10-08T06:56:12.0063497Z Note: This linter can be disabled with `set_option linter.unusedVariables false`
2026-10-08T06:56:12.0063828Z warning: OIBridge/DitaTorusLocus.lean:4729:6: Variable name `Hu` is not explicitly referenced.
2026-10-08T06:56:12.0063833Z 
2026-10-08T06:56:12.0064197Z Hint: The binding can be removed (if unused) or named `_` (if used implicitly). Alternatively, prefix the name with `_` to silence this warning:
2026-10-08T06:56:12.0064281Z   [apply] _Hu
2026-10-08T06:56:12.0064284Z 
2026-10-08T06:56:12.0064471Z Note: This linter can be disabled with `set_option linter.unusedVariables false`
2026-10-08T06:56:12.0064735Z warning: OIBridge/DitaTorusLocus.lean:4736:6: Variable name `ditamc` is not explicitly referenced.
2026-10-08T06:56:12.0064741Z 
2026-10-08T06:56:12.0065097Z Hint: The binding can be removed (if unused) or named `_` (if used implicitly). Alternatively, prefix the name with `_` to silence this warning:
2026-10-08T06:56:12.0065175Z   [apply] _ditamc
2026-10-08T06:56:12.0065184Z 
2026-10-08T06:56:12.0065430Z Note: This linter can be disabled with `set_option linter.unusedVariables false`
2026-10-08T06:56:12.0065695Z warning: OIBridge/DitaTorusLocus.lean:4739:6: Variable name `ditamr` is not explicitly referenced.
2026-10-08T06:56:12.0065699Z 
2026-10-08T06:56:12.0066050Z Hint: The binding can be removed (if unused) or named `_` (if used implicitly). Alternatively, prefix the name with `_` to silence this warning:
2026-10-08T06:56:12.0066129Z   [apply] _ditamr
2026-10-08T06:56:12.0066132Z 
2026-10-08T06:56:12.0066318Z Note: This linter can be disabled with `set_option linter.unusedVariables false`
2026-10-08T06:56:12.0066736Z info: OIBridge/DitaTorusLocus.lean:4746:0: 'OIBridge.DitaTorusLocus.a40_shared_excl_t2_r' depends on axioms: [propext, Classical.choice, Quot.sound]
2026-10-08T06:56:12.0066977Z warning: OIBridge/DitaTorusLocus.lean:4754:6: Variable name `pt` is not explicitly referenced.
2026-10-08T06:56:12.0066980Z 
2026-10-08T06:56:12.0067330Z Hint: The binding can be removed (if unused) or named `_` (if used implicitly). Alternatively, prefix the name with `_` to silence this warning:
2026-10-08T06:56:12.0067414Z   [apply] _pt
2026-10-08T06:56:12.0067417Z 
2026-10-08T06:56:12.0067600Z Note: This linter can be disabled with `set_option linter.unusedVariables false`
2026-10-08T06:56:12.0067900Z warning: OIBridge/DitaTorusLocus.lean:4758:6: Variable name `S` is not explicitly referenced.
2026-10-08T06:56:12.0067904Z 
2026-10-08T06:56:12.0068266Z Hint: The binding can be removed (if unused) or named `_` (if used implicitly). Alternatively, prefix the name with `_` to silence this warning:
2026-10-08T06:56:12.0068345Z   [apply] _S
2026-10-08T06:56:12.0068348Z 
2026-10-08T06:56:12.0068542Z Note: This linter can be disabled with `set_option linter.unusedVariables false`
2026-10-08T06:56:12.0068861Z warning: OIBridge/DitaTorusLocus.lean:4759:6: Variable name `tor` is not explicitly referenced.
2026-10-08T06:56:12.0068865Z 
2026-10-08T06:56:12.0069218Z Hint: The binding can be removed (if unused) or named `_` (if used implicitly). Alternatively, prefix the name with `_` to silence this warning:
2026-10-08T06:56:12.0069310Z   [apply] _tor
2026-10-08T06:56:12.0069314Z 
2026-10-08T06:56:12.0069495Z Note: This linter can be disabled with `set_option linter.unusedVariables false`
2026-10-08T06:56:12.0069741Z warning: OIBridge/DitaTorusLocus.lean:4760:6: Variable name `adj` is not explicitly referenced.
2026-10-08T06:56:12.0069745Z 
2026-10-08T06:56:12.0070093Z Hint: The binding can be removed (if unused) or named `_` (if used implicitly). Alternatively, prefix the name with `_` to silence this warning:
2026-10-08T06:56:12.0070176Z   [apply] _adj
2026-10-08T06:56:12.0070179Z 
2026-10-08T06:56:12.0070357Z Note: This linter can be disabled with `set_option linter.unusedVariables false`
2026-10-08T06:56:12.0070688Z warning: OIBridge/DitaTorusLocus.lean:4761:6: Variable name `μ` is not explicitly referenced.
2026-10-08T06:56:12.0070694Z 
2026-10-08T06:56:12.0071051Z Hint: The binding can be removed (if unused) or named `_` (if used implicitly). Alternatively, prefix the name with `_` to silence this warning:
2026-10-08T06:56:12.0071193Z   [apply] _μ
2026-10-08T06:56:12.0071196Z 
2026-10-08T06:56:12.0071390Z Note: This linter can be disabled with `set_option linter.unusedVariables false`
2026-10-08T06:56:12.0071636Z warning: OIBridge/DitaTorusLocus.lean:4763:6: Variable name `N` is not explicitly referenced.
2026-10-08T06:56:12.0071640Z 
2026-10-08T06:56:12.0071982Z Hint: The binding can be removed (if unused) or named `_` (if used implicitly). Alternatively, prefix the name with `_` to silence this warning:
2026-10-08T06:56:12.0072061Z   [apply] _N
2026-10-08T06:56:12.0072065Z 
2026-10-08T06:56:12.0072246Z Note: This linter can be disabled with `set_option linter.unusedVariables false`
2026-10-08T06:56:12.0072547Z warning: OIBridge/DitaTorusLocus.lean:4768:6: Variable name `Δc` is not explicitly referenced.
2026-10-08T06:56:12.0072553Z 
2026-10-08T06:56:12.0073058Z Hint: The binding can be removed (if unused) or named `_` (if used implicitly). Alternatively, prefix the name with `_` to silence this warning:
2026-10-08T06:56:12.0073172Z   [apply] _Δc
2026-10-08T06:56:12.0073176Z 
2026-10-08T06:56:12.0073371Z Note: This linter can be disabled with `set_option linter.unusedVariables false`
2026-10-08T06:56:12.0073674Z warning: OIBridge/DitaTorusLocus.lean:4769:6: Variable name `Δr` is not explicitly referenced.
2026-10-08T06:56:12.0073679Z 
2026-10-08T06:56:12.0074027Z Hint: The binding can be removed (if unused) or named `_` (if used implicitly). Alternatively, prefix the name with `_` to silence this warning:
2026-10-08T06:56:12.0074130Z   [apply] _Δr
2026-10-08T06:56:12.0074134Z 
2026-10-08T06:56:12.0074318Z Note: This linter can be disabled with `set_option linter.unusedVariables false`
2026-10-08T06:56:12.0074559Z warning: OIBridge/DitaTorusLocus.lean:4772:6: Variable name `dgT` is not explicitly referenced.
2026-10-08T06:56:12.0074562Z 
2026-10-08T06:56:12.0074919Z Hint: The binding can be removed (if unused) or named `_` (if used implicitly). Alternatively, prefix the name with `_` to silence this warning:
2026-10-08T06:56:12.0075002Z   [apply] _dgT
2026-10-08T06:56:12.0075005Z 
2026-10-08T06:56:12.0075190Z Note: This linter can be disabled with `set_option linter.unusedVariables false`
2026-10-08T06:56:12.0075499Z warning: OIBridge/DitaTorusLocus.lean:4776:6: Variable name `dita28` is not explicitly referenced.
2026-10-08T06:56:12.0075503Z 
2026-10-08T06:56:12.0075861Z Hint: The binding can be removed (if unused) or named `_` (if used implicitly). Alternatively, prefix the name with `_` to silence this warning:
2026-10-08T06:56:12.0075946Z   [apply] _dita28
2026-10-08T06:56:12.0075949Z 
2026-10-08T06:56:12.0076137Z Note: This linter can be disabled with `set_option linter.unusedVariables false`
2026-10-08T06:56:12.0076479Z warning: OIBridge/DitaTorusLocus.lean:4779:6: Variable name `dita82` is not explicitly referenced.
2026-10-08T06:56:12.0076483Z 
2026-10-08T06:56:12.0076843Z Hint: The binding can be removed (if unused) or named `_` (if used implicitly). Alternatively, prefix the name with `_` to silence this warning:
2026-10-08T06:56:12.0076929Z   [apply] _dita82
2026-10-08T06:56:12.0076933Z 
2026-10-08T06:56:12.0077117Z Note: This linter can be disabled with `set_option linter.unusedVariables false`
2026-10-08T06:56:12.0077359Z warning: OIBridge/DitaTorusLocus.lean:4786:6: Variable name `P` is not explicitly referenced.
2026-10-08T06:56:12.0077362Z 
2026-10-08T06:56:12.0077716Z Hint: The binding can be removed (if unused) or named `_` (if used implicitly). Alternatively, prefix the name with `_` to silence this warning:
2026-10-08T06:56:12.0077793Z   [apply] _P
2026-10-08T06:56:12.0077797Z 
2026-10-08T06:56:12.0077981Z Note: This linter can be disabled with `set_option linter.unusedVariables false`
2026-10-08T06:56:12.0078233Z warning: OIBridge/DitaTorusLocus.lean:4789:6: Variable name `ditak1` is not explicitly referenced.
2026-10-08T06:56:12.0078236Z 
2026-10-08T06:56:12.0078584Z Hint: The binding can be removed (if unused) or named `_` (if used implicitly). Alternatively, prefix the name with `_` to silence this warning:
2026-10-08T06:56:12.0078738Z   [apply] _ditak1
2026-10-08T06:56:12.0078741Z 
2026-10-08T06:56:12.0078931Z Note: This linter can be disabled with `set_option linter.unusedVariables false`
2026-10-08T06:56:12.0079176Z warning: OIBridge/DitaTorusLocus.lean:4792:6: Variable name `ditak2` is not explicitly referenced.
2026-10-08T06:56:12.0079179Z 
2026-10-08T06:56:12.0079527Z Hint: The binding can be removed (if unused) or named `_` (if used implicitly). Alternatively, prefix the name with `_` to silence this warning:
2026-10-08T06:56:12.0079608Z   [apply] _ditak2
2026-10-08T06:56:12.0079611Z 
2026-10-08T06:56:12.0079792Z Note: This linter can be disabled with `set_option linter.unusedVariables false`
2026-10-08T06:56:12.0080040Z warning: OIBridge/DitaTorusLocus.lean:4795:6: Variable name `ditak3` is not explicitly referenced.
2026-10-08T06:56:12.0080044Z 
2026-10-08T06:56:12.0080440Z Hint: The binding can be removed (if unused) or named `_` (if used implicitly). Alternatively, prefix the name with `_` to silence this warning:
2026-10-08T06:56:12.0080525Z   [apply] _ditak3
2026-10-08T06:56:12.0080531Z 
2026-10-08T06:56:12.0080720Z Note: This linter can be disabled with `set_option linter.unusedVariables false`
2026-10-08T06:56:12.0081008Z warning: OIBridge/DitaTorusLocus.lean:4798:6: Variable name `ditak4` is not explicitly referenced.
2026-10-08T06:56:12.0081011Z 
2026-10-08T06:56:12.0081365Z Hint: The binding can be removed (if unused) or named `_` (if used implicitly). Alternatively, prefix the name with `_` to silence this warning:
2026-10-08T06:56:12.0081446Z   [apply] _ditak4
2026-10-08T06:56:12.0081449Z 
2026-10-08T06:56:12.0081647Z Note: This linter can be disabled with `set_option linter.unusedVariables false`
2026-10-08T06:56:12.0081894Z warning: OIBridge/DitaTorusLocus.lean:4801:6: Variable name `ditae1` is not explicitly referenced.
2026-10-08T06:56:12.0081898Z 
2026-10-08T06:56:12.0082248Z Hint: The binding can be removed (if unused) or named `_` (if used implicitly). Alternatively, prefix the name with `_` to silence this warning:
2026-10-08T06:56:12.0082340Z   [apply] _ditae1
2026-10-08T06:56:12.0082343Z 
2026-10-08T06:56:12.0082532Z Note: This linter can be disabled with `set_option linter.unusedVariables false`
2026-10-08T06:56:12.0082946Z warning: OIBridge/DitaTorusLocus.lean:4804:6: Variable name `ditae2` is not explicitly referenced.
2026-10-08T06:56:12.0082950Z 
2026-10-08T06:56:12.0083327Z Hint: The binding can be removed (if unused) or named `_` (if used implicitly). Alternatively, prefix the name with `_` to silence this warning:
2026-10-08T06:56:12.0083408Z   [apply] _ditae2
2026-10-08T06:56:12.0083412Z 
2026-10-08T06:56:12.0083660Z Note: This linter can be disabled with `set_option linter.unusedVariables false`
2026-10-08T06:56:12.0083911Z warning: OIBridge/DitaTorusLocus.lean:4807:6: Variable name `ditat2` is not explicitly referenced.
2026-10-08T06:56:12.0083914Z 
2026-10-08T06:56:12.0084271Z Hint: The binding can be removed (if unused) or named `_` (if used implicitly). Alternatively, prefix the name with `_` to silence this warning:
2026-10-08T06:56:12.0084355Z   [apply] _ditat2
2026-10-08T06:56:12.0084358Z 
2026-10-08T06:56:12.0084543Z Note: This linter can be disabled with `set_option linter.unusedVariables false`
2026-10-08T06:56:12.0084786Z warning: OIBridge/DitaTorusLocus.lean:4812:6: Variable name `Hu` is not explicitly referenced.
2026-10-08T06:56:12.0084790Z 
2026-10-08T06:56:12.0085136Z Hint: The binding can be removed (if unused) or named `_` (if used implicitly). Alternatively, prefix the name with `_` to silence this warning:
2026-10-08T06:56:12.0085220Z   [apply] _Hu
2026-10-08T06:56:12.0085224Z 
2026-10-08T06:56:12.0085411Z Note: This linter can be disabled with `set_option linter.unusedVariables false`
2026-10-08T06:56:12.0085653Z warning: OIBridge/DitaTorusLocus.lean:4819:6: Variable name `ditamc` is not explicitly referenced.
2026-10-08T06:56:12.0085656Z 
2026-10-08T06:56:12.0086004Z Hint: The binding can be removed (if unused) or named `_` (if used implicitly). Alternatively, prefix the name with `_` to silence this warning:
2026-10-08T06:56:12.0086151Z   [apply] _ditamc
2026-10-08T06:56:12.0086154Z 
2026-10-08T06:56:12.0086339Z Note: This linter can be disabled with `set_option linter.unusedVariables false`
2026-10-08T06:56:12.0086589Z warning: OIBridge/DitaTorusLocus.lean:4822:6: Variable name `ditamr` is not explicitly referenced.
2026-10-08T06:56:12.0086592Z 
2026-10-08T06:56:12.0086942Z Hint: The binding can be removed (if unused) or named `_` (if used implicitly). Alternatively, prefix the name with `_` to silence this warning:
2026-10-08T06:56:12.0087021Z   [apply] _ditamr
2026-10-08T06:56:12.0087030Z 
2026-10-08T06:56:12.0087211Z Note: This linter can be disabled with `set_option linter.unusedVariables false`
2026-10-08T06:56:12.0087687Z info: OIBridge/DitaTorusLocus.lean:4829:0: 'OIBridge.DitaTorusLocus.a40_shared_excl_t3_c' depends on axioms: [propext, Classical.choice, Quot.sound]
2026-10-08T06:56:12.0087942Z warning: OIBridge/DitaTorusLocus.lean:4837:6: Variable name `pt` is not explicitly referenced.
2026-10-08T06:56:12.0087950Z 
2026-10-08T06:56:12.0088302Z Hint: The binding can be removed (if unused) or named `_` (if used implicitly). Alternatively, prefix the name with `_` to silence this warning:
2026-10-08T06:56:12.0088387Z   [apply] _pt
2026-10-08T06:56:12.0088391Z 
2026-10-08T06:56:12.0088586Z Note: This linter can be disabled with `set_option linter.unusedVariables false`
2026-10-08T06:56:12.0088821Z warning: OIBridge/DitaTorusLocus.lean:4841:6: Variable name `S` is not explicitly referenced.
2026-10-08T06:56:12.0088825Z 
2026-10-08T06:56:12.0089171Z Hint: The binding can be removed (if unused) or named `_` (if used implicitly). Alternatively, prefix the name with `_` to silence this warning:
2026-10-08T06:56:12.0089253Z   [apply] _S
2026-10-08T06:56:12.0089257Z 
2026-10-08T06:56:12.0089445Z Note: This linter can be disabled with `set_option linter.unusedVariables false`
2026-10-08T06:56:12.0089695Z warning: OIBridge/DitaTorusLocus.lean:4842:6: Variable name `tor` is not explicitly referenced.
2026-10-08T06:56:12.0089699Z 
2026-10-08T06:56:12.0090046Z Hint: The binding can be removed (if unused) or named `_` (if used implicitly). Alternatively, prefix the name with `_` to silence this warning:
2026-10-08T06:56:12.0090177Z   [apply] _tor
2026-10-08T06:56:12.0090181Z 
2026-10-08T06:56:12.0090370Z Note: This linter can be disabled with `set_option linter.unusedVariables false`
2026-10-08T06:56:12.0090614Z warning: OIBridge/DitaTorusLocus.lean:4843:6: Variable name `adj` is not explicitly referenced.
2026-10-08T06:56:12.0090618Z 
2026-10-08T06:56:12.0090957Z Hint: The binding can be removed (if unused) or named `_` (if used implicitly). Alternatively, prefix the name with `_` to silence this warning:
2026-10-08T06:56:12.0091131Z   [apply] _adj
2026-10-08T06:56:12.0091134Z 
2026-10-08T06:56:12.0091324Z Note: This linter can be disabled with `set_option linter.unusedVariables false`
2026-10-08T06:56:12.0091648Z warning: OIBridge/DitaTorusLocus.lean:4844:6: Variable name `μ` is not explicitly referenced.
2026-10-08T06:56:12.0091652Z 
2026-10-08T06:56:12.0092003Z Hint: The binding can be removed (if unused) or named `_` (if used implicitly). Alternatively, prefix the name with `_` to silence this warning:
2026-10-08T06:56:12.0092101Z   [apply] _μ
2026-10-08T06:56:12.0092105Z 
2026-10-08T06:56:12.0092292Z Note: This linter can be disabled with `set_option linter.unusedVariables false`
2026-10-08T06:56:12.0092528Z warning: OIBridge/DitaTorusLocus.lean:4846:6: Variable name `N` is not explicitly referenced.
2026-10-08T06:56:12.0092532Z 
2026-10-08T06:56:12.0093001Z Hint: The binding can be removed (if unused) or named `_` (if used implicitly). Alternatively, prefix the name with `_` to silence this warning:
2026-10-08T06:56:12.0093088Z   [apply] _N
2026-10-08T06:56:12.0093092Z 
2026-10-08T06:56:12.0093292Z Note: This linter can be disabled with `set_option linter.unusedVariables false`
2026-10-08T06:56:12.0093611Z warning: OIBridge/DitaTorusLocus.lean:4851:6: Variable name `Δc` is not explicitly referenced.
2026-10-08T06:56:12.0093683Z 
2026-10-08T06:56:12.0094036Z Hint: The binding can be removed (if unused) or named `_` (if used implicitly). Alternatively, prefix the name with `_` to silence this warning:
2026-10-08T06:56:12.0094150Z   [apply] _Δc
2026-10-08T06:56:12.0094153Z 
2026-10-08T06:56:12.0094348Z Note: This linter can be disabled with `set_option linter.unusedVariables false`
2026-10-08T06:56:12.0094652Z warning: OIBridge/DitaTorusLocus.lean:4852:6: Variable name `Δr` is not explicitly referenced.
2026-10-08T06:56:12.0094655Z 
2026-10-08T06:56:12.0095029Z Hint: The binding can be removed (if unused) or named `_` (if used implicitly). Alternatively, prefix the name with `_` to silence this warning:
2026-10-08T06:56:12.0095143Z   [apply] _Δr
2026-10-08T06:56:12.0095146Z 
2026-10-08T06:56:12.0095340Z Note: This linter can be disabled with `set_option linter.unusedVariables false`
2026-10-08T06:56:12.0095660Z warning: OIBridge/DitaTorusLocus.lean:4855:6: Variable name `dgT` is not explicitly referenced.
2026-10-08T06:56:12.0095668Z 
2026-10-08T06:56:12.0096031Z Hint: The binding can be removed (if unused) or named `_` (if used implicitly). Alternatively, prefix the name with `_` to silence this warning:
2026-10-08T06:56:12.0096123Z   [apply] _dgT
2026-10-08T06:56:12.0096127Z 
2026-10-08T06:56:12.0096317Z Note: This linter can be disabled with `set_option linter.unusedVariables false`
2026-10-08T06:56:12.0096572Z warning: OIBridge/DitaTorusLocus.lean:4859:6: Variable name `dita28` is not explicitly referenced.
2026-10-08T06:56:12.0096575Z 
2026-10-08T06:56:12.0096929Z Hint: The binding can be removed (if unused) or named `_` (if used implicitly). Alternatively, prefix the name with `_` to silence this warning:
2026-10-08T06:56:12.0097014Z   [apply] _dita28
2026-10-08T06:56:12.0097017Z 
2026-10-08T06:56:12.0097207Z Note: This linter can be disabled with `set_option linter.unusedVariables false`
2026-10-08T06:56:12.0097455Z warning: OIBridge/DitaTorusLocus.lean:4862:6: Variable name `dita82` is not explicitly referenced.
2026-10-08T06:56:12.0097458Z 
2026-10-08T06:56:12.0097803Z Hint: The binding can be removed (if unused) or named `_` (if used implicitly). Alternatively, prefix the name with `_` to silence this warning:
2026-10-08T06:56:12.0097956Z   [apply] _dita82
2026-10-08T06:56:12.0097960Z 
2026-10-08T06:56:12.0098151Z Note: This linter can be disabled with `set_option linter.unusedVariables false`
2026-10-08T06:56:12.0098391Z warning: OIBridge/DitaTorusLocus.lean:4869:6: Variable name `P` is not explicitly referenced.
2026-10-08T06:56:12.0098394Z 
2026-10-08T06:56:12.0098745Z Hint: The binding can be removed (if unused) or named `_` (if used implicitly). Alternatively, prefix the name with `_` to silence this warning:
2026-10-08T06:56:12.0098894Z   [apply] _P
2026-10-08T06:56:12.0098897Z 
2026-10-08T06:56:12.0099084Z Note: This linter can be disabled with `set_option linter.unusedVariables false`
2026-10-08T06:56:12.0099339Z warning: OIBridge/DitaTorusLocus.lean:4872:6: Variable name `ditak1` is not explicitly referenced.
2026-10-08T06:56:12.0099342Z 
2026-10-08T06:56:12.0099694Z Hint: The binding can be removed (if unused) or named `_` (if used implicitly). Alternatively, prefix the name with `_` to silence this warning:
2026-10-08T06:56:12.0099781Z   [apply] _ditak1
2026-10-08T06:56:12.0099785Z 
2026-10-08T06:56:12.0099973Z Note: This linter can be disabled with `set_option linter.unusedVariables false`
2026-10-08T06:56:12.0100221Z warning: OIBridge/DitaTorusLocus.lean:4875:6: Variable name `ditak2` is not explicitly referenced.
2026-10-08T06:56:12.0100224Z 
2026-10-08T06:56:12.0100568Z Hint: The binding can be removed (if unused) or named `_` (if used implicitly). Alternatively, prefix the name with `_` to silence this warning:
2026-10-08T06:56:12.0100658Z   [apply] _ditak2
2026-10-08T06:56:12.0100662Z 
2026-10-08T06:56:12.0100856Z Note: This linter can be disabled with `set_option linter.unusedVariables false`
2026-10-08T06:56:12.0101166Z warning: OIBridge/DitaTorusLocus.lean:4878:6: Variable name `ditak3` is not explicitly referenced.
2026-10-08T06:56:12.0101170Z 
2026-10-08T06:56:12.0101527Z Hint: The binding can be removed (if unused) or named `_` (if used implicitly). Alternatively, prefix the name with `_` to silence this warning:
2026-10-08T06:56:12.0101614Z   [apply] _ditak3
2026-10-08T06:56:12.0101617Z 
2026-10-08T06:56:12.0101808Z Note: This linter can be disabled with `set_option linter.unusedVariables false`
2026-10-08T06:56:12.0102056Z warning: OIBridge/DitaTorusLocus.lean:4881:6: Variable name `ditak4` is not explicitly referenced.
2026-10-08T06:56:12.0102060Z 
2026-10-08T06:56:12.0102412Z Hint: The binding can be removed (if unused) or named `_` (if used implicitly). Alternatively, prefix the name with `_` to silence this warning:
2026-10-08T06:56:12.0102493Z   [apply] _ditak4
2026-10-08T06:56:12.0102502Z 
2026-10-08T06:56:12.0102855Z Note: This linter can be disabled with `set_option linter.unusedVariables false`
2026-10-08T06:56:12.0103115Z warning: OIBridge/DitaTorusLocus.lean:4884:6: Variable name `ditae1` is not explicitly referenced.
2026-10-08T06:56:12.0103119Z 
2026-10-08T06:56:12.0103475Z Hint: The binding can be removed (if unused) or named `_` (if used implicitly). Alternatively, prefix the name with `_` to silence this warning:
2026-10-08T06:56:12.0103557Z   [apply] _ditae1
2026-10-08T06:56:12.0103564Z 
2026-10-08T06:56:12.0103755Z Note: This linter can be disabled with `set_option linter.unusedVariables false`
2026-10-08T06:56:12.0104003Z warning: OIBridge/DitaTorusLocus.lean:4887:6: Variable name `ditae2` is not explicitly referenced.
2026-10-08T06:56:12.0104007Z 
2026-10-08T06:56:12.0104350Z Hint: The binding can be removed (if unused) or named `_` (if used implicitly). Alternatively, prefix the name with `_` to silence this warning:
2026-10-08T06:56:12.0104433Z   [apply] _ditae2
2026-10-08T06:56:12.0104437Z 
2026-10-08T06:56:12.0104627Z Note: This linter can be disabled with `set_option linter.unusedVariables false`
2026-10-08T06:56:12.0104876Z warning: OIBridge/DitaTorusLocus.lean:4890:6: Variable name `ditat2` is not explicitly referenced.
2026-10-08T06:56:12.0104880Z 
2026-10-08T06:56:12.0105306Z Hint: The binding can be removed (if unused) or named `_` (if used implicitly). Alternatively, prefix the name with `_` to silence this warning:
2026-10-08T06:56:12.0105393Z   [apply] _ditat2
2026-10-08T06:56:12.0105396Z 
2026-10-08T06:56:12.0105582Z Note: This linter can be disabled with `set_option linter.unusedVariables false`
2026-10-08T06:56:12.0105832Z warning: OIBridge/DitaTorusLocus.lean:4895:6: Variable name `Hu` is not explicitly referenced.
2026-10-08T06:56:12.0105836Z 
2026-10-08T06:56:12.0106261Z Hint: The binding can be removed (if unused) or named `_` (if used implicitly). Alternatively, prefix the name with `_` to silence this warning:
2026-10-08T06:56:12.0106343Z   [apply] _Hu
2026-10-08T06:56:12.0106346Z 
2026-10-08T06:56:12.0106545Z Note: This linter can be disabled with `set_option linter.unusedVariables false`
2026-10-08T06:56:12.0106805Z warning: OIBridge/DitaTorusLocus.lean:4902:6: Variable name `ditamc` is not explicitly referenced.
2026-10-08T06:56:12.0106808Z 
2026-10-08T06:56:12.0107156Z Hint: The binding can be removed (if unused) or named `_` (if used implicitly). Alternatively, prefix the name with `_` to silence this warning:
2026-10-08T06:56:12.0107243Z   [apply] _ditamc
2026-10-08T06:56:12.0107247Z 
2026-10-08T06:56:12.0107445Z Note: This linter can be disabled with `set_option linter.unusedVariables false`
2026-10-08T06:56:12.0107709Z warning: OIBridge/DitaTorusLocus.lean:4905:6: Variable name `ditamr` is not explicitly referenced.
2026-10-08T06:56:12.0107712Z 
2026-10-08T06:56:12.0108079Z Hint: The binding can be removed (if unused) or named `_` (if used implicitly). Alternatively, prefix the name with `_` to silence this warning:
2026-10-08T06:56:12.0108167Z   [apply] _ditamr
2026-10-08T06:56:12.0108170Z 
2026-10-08T06:56:12.0108354Z Note: This linter can be disabled with `set_option linter.unusedVariables false`
2026-10-08T06:56:12.0108859Z info: OIBridge/DitaTorusLocus.lean:4912:0: 'OIBridge.DitaTorusLocus.a40_shared_excl_t3_r' depends on axioms: [propext, Classical.choice, Quot.sound]
2026-10-08T06:56:12.0109118Z warning: OIBridge/DitaTorusLocus.lean:4920:6: Variable name `pt` is not explicitly referenced.
2026-10-08T06:56:12.0109122Z 
2026-10-08T06:56:12.0109471Z Hint: The binding can be removed (if unused) or named `_` (if used implicitly). Alternatively, prefix the name with `_` to silence this warning:
2026-10-08T06:56:12.0109556Z   [apply] _pt
2026-10-08T06:56:12.0109560Z 
2026-10-08T06:56:12.0109747Z Note: This linter can be disabled with `set_option linter.unusedVariables false`
2026-10-08T06:56:12.0109989Z warning: OIBridge/DitaTorusLocus.lean:4924:6: Variable name `S` is not explicitly referenced.
2026-10-08T06:56:12.0109998Z 
2026-10-08T06:56:12.0110400Z Hint: The binding can be removed (if unused) or named `_` (if used implicitly). Alternatively, prefix the name with `_` to silence this warning:
2026-10-08T06:56:12.0110489Z   [apply] _S
2026-10-08T06:56:12.0110492Z 
2026-10-08T06:56:12.0110689Z Note: This linter can be disabled with `set_option linter.unusedVariables false`
2026-10-08T06:56:12.0110940Z warning: OIBridge/DitaTorusLocus.lean:4925:6: Variable name `tor` is not explicitly referenced.
2026-10-08T06:56:12.0110944Z 
2026-10-08T06:56:12.0111300Z Hint: The binding can be removed (if unused) or named `_` (if used implicitly). Alternatively, prefix the name with `_` to silence this warning:
2026-10-08T06:56:12.0111384Z   [apply] _tor
2026-10-08T06:56:12.0111388Z 
2026-10-08T06:56:12.0111577Z Note: This linter can be disabled with `set_option linter.unusedVariables false`
2026-10-08T06:56:12.0111826Z warning: OIBridge/DitaTorusLocus.lean:4926:6: Variable name `adj` is not explicitly referenced.
2026-10-08T06:56:12.0111830Z 
2026-10-08T06:56:12.0112186Z Hint: The binding can be removed (if unused) or named `_` (if used implicitly). Alternatively, prefix the name with `_` to silence this warning:
2026-10-08T06:56:12.0112266Z   [apply] _adj
2026-10-08T06:56:12.0112269Z 
2026-10-08T06:56:12.0112458Z Note: This linter can be disabled with `set_option linter.unusedVariables false`
2026-10-08T06:56:12.0112930Z warning: OIBridge/DitaTorusLocus.lean:4927:6: Variable name `μ` is not explicitly referenced.
2026-10-08T06:56:12.0112934Z 
2026-10-08T06:56:12.0113290Z Hint: The binding can be removed (if unused) or named `_` (if used implicitly). Alternatively, prefix the name with `_` to silence this warning:
2026-10-08T06:56:12.0113394Z   [apply] _μ
2026-10-08T06:56:12.0113397Z 
2026-10-08T06:56:12.0113591Z Note: This linter can be disabled with `set_option linter.unusedVariables false`
2026-10-08T06:56:12.0113900Z warning: OIBridge/DitaTorusLocus.lean:4929:6: Variable name `N` is not explicitly referenced.
2026-10-08T06:56:12.0113905Z 
2026-10-08T06:56:12.0114263Z Hint: The binding can be removed (if unused) or named `_` (if used implicitly). Alternatively, prefix the name with `_` to silence this warning:
2026-10-08T06:56:12.0114352Z   [apply] _N
2026-10-08T06:56:12.0114356Z 
2026-10-08T06:56:12.0114543Z Note: This linter can be disabled with `set_option linter.unusedVariables false`
2026-10-08T06:56:12.0114861Z warning: OIBridge/DitaTorusLocus.lean:4934:6: Variable name `Δc` is not explicitly referenced.
2026-10-08T06:56:12.0114870Z 
2026-10-08T06:56:12.0115224Z Hint: The binding can be removed (if unused) or named `_` (if used implicitly). Alternatively, prefix the name with `_` to silence this warning:
2026-10-08T06:56:12.0115329Z   [apply] _Δc
2026-10-08T06:56:12.0115333Z 
2026-10-08T06:56:12.0115525Z Note: This linter can be disabled with `set_option linter.unusedVariables false`
2026-10-08T06:56:12.0115841Z warning: OIBridge/DitaTorusLocus.lean:4935:6: Variable name `Δr` is not explicitly referenced.
2026-10-08T06:56:12.0115846Z 
2026-10-08T06:56:12.0116200Z Hint: The binding can be removed (if unused) or named `_` (if used implicitly). Alternatively, prefix the name with `_` to silence this warning:
2026-10-08T06:56:12.0116367Z   [apply] _Δr
2026-10-08T06:56:12.0116371Z 
2026-10-08T06:56:12.0116563Z Note: This linter can be disabled with `set_option linter.unusedVariables false`
2026-10-08T06:56:12.0116802Z warning: OIBridge/DitaTorusLocus.lean:4938:6: Variable name `dgT` is not explicitly referenced.
2026-10-08T06:56:12.0116810Z 
2026-10-08T06:56:12.0117158Z Hint: The binding can be removed (if unused) or named `_` (if used implicitly). Alternatively, prefix the name with `_` to silence this warning:
2026-10-08T06:56:12.0117244Z   [apply] _dgT
2026-10-08T06:56:12.0117248Z 
2026-10-08T06:56:12.0117430Z Note: This linter can be disabled with `set_option linter.unusedVariables false`
2026-10-08T06:56:12.0117685Z warning: OIBridge/DitaTorusLocus.lean:4942:6: Variable name `dita28` is not explicitly referenced.
2026-10-08T06:56:12.0117689Z 
2026-10-08T06:56:12.0118100Z Hint: The binding can be removed (if unused) or named `_` (if used implicitly). Alternatively, prefix the name with `_` to silence this warning:
2026-10-08T06:56:12.0118188Z   [apply] _dita28
2026-10-08T06:56:12.0118197Z 
2026-10-08T06:56:12.0118386Z Note: This linter can be disabled with `set_option linter.unusedVariables false`
2026-10-08T06:56:12.0118644Z warning: OIBridge/DitaTorusLocus.lean:4945:6: Variable name `dita82` is not explicitly referenced.
2026-10-08T06:56:12.0118647Z 
2026-10-08T06:56:12.0119002Z Hint: The binding can be removed (if unused) or named `_` (if used implicitly). Alternatively, prefix the name with `_` to silence this warning:
2026-10-08T06:56:12.0119083Z   [apply] _dita82
2026-10-08T06:56:12.0119087Z 
2026-10-08T06:56:12.0119278Z Note: This linter can be disabled with `set_option linter.unusedVariables false`
2026-10-08T06:56:12.0119516Z warning: OIBridge/DitaTorusLocus.lean:4952:6: Variable name `P` is not explicitly referenced.
2026-10-08T06:56:12.0119520Z 
2026-10-08T06:56:12.0119866Z Hint: The binding can be removed (if unused) or named `_` (if used implicitly). Alternatively, prefix the name with `_` to silence this warning:
2026-10-08T06:56:12.0119961Z   [apply] _P
2026-10-08T06:56:12.0119965Z 
2026-10-08T06:56:12.0120153Z Note: This linter can be disabled with `set_option linter.unusedVariables false`
2026-10-08T06:56:12.0120443Z warning: OIBridge/DitaTorusLocus.lean:4955:6: Variable name `ditak1` is not explicitly referenced.
2026-10-08T06:56:12.0120447Z 
2026-10-08T06:56:12.0120811Z Hint: The binding can be removed (if unused) or named `_` (if used implicitly). Alternatively, prefix the name with `_` to silence this warning:
2026-10-08T06:56:12.0120898Z   [apply] _ditak1
2026-10-08T06:56:12.0120902Z 
2026-10-08T06:56:12.0121088Z Note: This linter can be disabled with `set_option linter.unusedVariables false`
2026-10-08T06:56:12.0121393Z warning: OIBridge/DitaTorusLocus.lean:4958:6: Variable name `ditak2` is not explicitly referenced.
2026-10-08T06:56:12.0121396Z 
2026-10-08T06:56:12.0121756Z Hint: The binding can be removed (if unused) or named `_` (if used implicitly). Alternatively, prefix the name with `_` to silence this warning:
2026-10-08T06:56:12.0121837Z   [apply] _ditak2
2026-10-08T06:56:12.0121840Z 
2026-10-08T06:56:12.0122030Z Note: This linter can be disabled with `set_option linter.unusedVariables false`
2026-10-08T06:56:12.0122276Z warning: OIBridge/DitaTorusLocus.lean:4961:6: Variable name `ditak3` is not explicitly referenced.
2026-10-08T06:56:12.0122279Z 
2026-10-08T06:56:12.0122721Z Hint: The binding can be removed (if unused) or named `_` (if used implicitly). Alternatively, prefix the name with `_` to silence this warning:
2026-10-08T06:56:12.0122807Z   [apply] _ditak3
2026-10-08T06:56:12.0122811Z 
2026-10-08T06:56:12.0123005Z Note: This linter can be disabled with `set_option linter.unusedVariables false`
2026-10-08T06:56:12.0123251Z warning: OIBridge/DitaTorusLocus.lean:4964:6: Variable name `ditak4` is not explicitly referenced.
2026-10-08T06:56:12.0123254Z 
2026-10-08T06:56:12.0123611Z Hint: The binding can be removed (if unused) or named `_` (if used implicitly). Alternatively, prefix the name with `_` to silence this warning:
2026-10-08T06:56:12.0123765Z   [apply] _ditak4
2026-10-08T06:56:12.0123768Z 
2026-10-08T06:56:12.0123954Z Note: This linter can be disabled with `set_option linter.unusedVariables false`
2026-10-08T06:56:12.0124207Z warning: OIBridge/DitaTorusLocus.lean:4967:6: Variable name `ditae1` is not explicitly referenced.
2026-10-08T06:56:12.0124212Z 
2026-10-08T06:56:12.0124566Z Hint: The binding can be removed (if unused) or named `_` (if used implicitly). Alternatively, prefix the name with `_` to silence this warning:
2026-10-08T06:56:12.0124646Z   [apply] _ditae1
2026-10-08T06:56:12.0124650Z 
2026-10-08T06:56:12.0124844Z Note: This linter can be disabled with `set_option linter.unusedVariables false`
2026-10-08T06:56:12.0125112Z warning: OIBridge/DitaTorusLocus.lean:4970:6: Variable name `ditae2` is not explicitly referenced.
2026-10-08T06:56:12.0125116Z 
2026-10-08T06:56:12.0125540Z Hint: The binding can be removed (if unused) or named `_` (if used implicitly). Alternatively, prefix the name with `_` to silence this warning:
2026-10-08T06:56:12.0125643Z   [apply] _ditae2
2026-10-08T06:56:12.0125647Z 
2026-10-08T06:56:12.0125857Z Note: This linter can be disabled with `set_option linter.unusedVariables false`
2026-10-08T06:56:12.0126112Z warning: OIBridge/DitaTorusLocus.lean:4973:6: Variable name `ditat2` is not explicitly referenced.
2026-10-08T06:56:12.0126126Z 
2026-10-08T06:56:12.0126487Z Hint: The binding can be removed (if unused) or named `_` (if used implicitly). Alternatively, prefix the name with `_` to silence this warning:
2026-10-08T06:56:12.0126585Z   [apply] _ditat2
2026-10-08T06:56:12.0126588Z 
2026-10-08T06:56:12.0126794Z Note: This linter can be disabled with `set_option linter.unusedVariables false`
2026-10-08T06:56:12.0127051Z warning: OIBridge/DitaTorusLocus.lean:4976:6: Variable name `ditat3` is not explicitly referenced.
2026-10-08T06:56:12.0127055Z 
2026-10-08T06:56:12.0127426Z Hint: The binding can be removed (if unused) or named `_` (if used implicitly). Alternatively, prefix the name with `_` to silence this warning:
2026-10-08T06:56:12.0127527Z   [apply] _ditat3
2026-10-08T06:56:12.0127531Z 
2026-10-08T06:56:12.0127723Z Note: This linter can be disabled with `set_option linter.unusedVariables false`
2026-10-08T06:56:12.0128045Z warning: OIBridge/DitaTorusLocus.lean:4978:6: Variable name `Hu` is not explicitly referenced.
2026-10-08T06:56:12.0128050Z 
2026-10-08T06:56:12.0128429Z Hint: The binding can be removed (if unused) or named `_` (if used implicitly). Alternatively, prefix the name with `_` to silence this warning:
2026-10-08T06:56:12.0128515Z   [apply] _Hu
2026-10-08T06:56:12.0128519Z 
2026-10-08T06:56:12.0128727Z Note: This linter can be disabled with `set_option linter.unusedVariables false`
2026-10-08T06:56:12.0129073Z warning: OIBridge/DitaTorusLocus.lean:4988:6: Variable name `ditamr` is not explicitly referenced.
2026-10-08T06:56:12.0129078Z 
2026-10-08T06:56:12.0129449Z Hint: The binding can be removed (if unused) or named `_` (if used implicitly). Alternatively, prefix the name with `_` to silence this warning:
2026-10-08T06:56:12.0129551Z   [apply] _ditamr
2026-10-08T06:56:12.0129555Z 
2026-10-08T06:56:12.0129764Z Note: This linter can be disabled with `set_option linter.unusedVariables false`
2026-10-08T06:56:12.0130193Z info: OIBridge/DitaTorusLocus.lean:4995:0: 'OIBridge.DitaTorusLocus.a40_shared_excl_mc_c' depends on axioms: [propext, Classical.choice, Quot.sound]
2026-10-08T06:56:12.0130463Z warning: OIBridge/DitaTorusLocus.lean:5003:6: Variable name `pt` is not explicitly referenced.
2026-10-08T06:56:12.0130466Z 
2026-10-08T06:56:12.0130845Z Hint: The binding can be removed (if unused) or named `_` (if used implicitly). Alternatively, prefix the name with `_` to silence this warning:
2026-10-08T06:56:12.0130934Z   [apply] _pt
2026-10-08T06:56:12.0130937Z 
2026-10-08T06:56:12.0131152Z Note: This linter can be disabled with `set_option linter.unusedVariables false`
2026-10-08T06:56:12.0131417Z warning: OIBridge/DitaTorusLocus.lean:5007:6: Variable name `S` is not explicitly referenced.
2026-10-08T06:56:12.0131472Z 
2026-10-08T06:56:12.0131835Z Hint: The binding can be removed (if unused) or named `_` (if used implicitly). Alternatively, prefix the name with `_` to silence this warning:
2026-10-08T06:56:12.0131934Z   [apply] _S
2026-10-08T06:56:12.0131940Z 
2026-10-08T06:56:12.0132151Z Note: This linter can be disabled with `set_option linter.unusedVariables false`
2026-10-08T06:56:12.0132404Z warning: OIBridge/DitaTorusLocus.lean:5008:6: Variable name `tor` is not explicitly referenced.
2026-10-08T06:56:12.0132408Z 
2026-10-08T06:56:12.0132867Z Hint: The binding can be removed (if unused) or named `_` (if used implicitly). Alternatively, prefix the name with `_` to silence this warning:
2026-10-08T06:56:12.0132956Z   [apply] _tor
2026-10-08T06:56:12.0132960Z 
2026-10-08T06:56:12.0133148Z Note: This linter can be disabled with `set_option linter.unusedVariables false`
2026-10-08T06:56:12.0133456Z warning: OIBridge/DitaTorusLocus.lean:5009:6: Variable name `adj` is not explicitly referenced.
2026-10-08T06:56:12.0133464Z 
2026-10-08T06:56:12.0133826Z Hint: The binding can be removed (if unused) or named `_` (if used implicitly). Alternatively, prefix the name with `_` to silence this warning:
2026-10-08T06:56:12.0133905Z   [apply] _adj
2026-10-08T06:56:12.0133916Z 
2026-10-08T06:56:12.0134109Z Note: This linter can be disabled with `set_option linter.unusedVariables false`
2026-10-08T06:56:12.0134442Z warning: OIBridge/DitaTorusLocus.lean:5010:6: Variable name `μ` is not explicitly referenced.
2026-10-08T06:56:12.0134446Z 
2026-10-08T06:56:12.0134795Z Hint: The binding can be removed (if unused) or named `_` (if used implicitly). Alternatively, prefix the name with `_` to silence this warning:
2026-10-08T06:56:12.0134890Z   [apply] _μ
2026-10-08T06:56:12.0134893Z 
2026-10-08T06:56:12.0135085Z Note: This linter can be disabled with `set_option linter.unusedVariables false`
2026-10-08T06:56:12.0135325Z warning: OIBridge/DitaTorusLocus.lean:5012:6: Variable name `N` is not explicitly referenced.
2026-10-08T06:56:12.0135332Z 
2026-10-08T06:56:12.0135677Z Hint: The binding can be removed (if unused) or named `_` (if used implicitly). Alternatively, prefix the name with `_` to silence this warning:
2026-10-08T06:56:12.0135762Z   [apply] _N
2026-10-08T06:56:12.0135830Z 
2026-10-08T06:56:12.0136025Z Note: This linter can be disabled with `set_option linter.unusedVariables false`
2026-10-08T06:56:12.0136331Z warning: OIBridge/DitaTorusLocus.lean:5017:6: Variable name `Δc` is not explicitly referenced.
2026-10-08T06:56:12.0136336Z 
2026-10-08T06:56:12.0136692Z Hint: The binding can be removed (if unused) or named `_` (if used implicitly). Alternatively, prefix the name with `_` to silence this warning:
2026-10-08T06:56:12.0136865Z   [apply] _Δc
2026-10-08T06:56:12.0136869Z 
2026-10-08T06:56:12.0137064Z Note: This linter can be disabled with `set_option linter.unusedVariables false`
2026-10-08T06:56:12.0137386Z warning: OIBridge/DitaTorusLocus.lean:5018:6: Variable name `Δr` is not explicitly referenced.
2026-10-08T06:56:12.0137398Z 
2026-10-08T06:56:12.0137757Z Hint: The binding can be removed (if unused) or named `_` (if used implicitly). Alternatively, prefix the name with `_` to silence this warning:
2026-10-08T06:56:12.0137858Z   [apply] _Δr
2026-10-08T06:56:12.0137865Z 
2026-10-08T06:56:12.0138059Z Note: This linter can be disabled with `set_option linter.unusedVariables false`
2026-10-08T06:56:12.0138311Z warning: OIBridge/DitaTorusLocus.lean:5021:6: Variable name `dgT` is not explicitly referenced.
2026-10-08T06:56:12.0138315Z 
2026-10-08T06:56:12.0138664Z Hint: The binding can be removed (if unused) or named `_` (if used implicitly). Alternatively, prefix the name with `_` to silence this warning:
2026-10-08T06:56:12.0138755Z   [apply] _dgT
2026-10-08T06:56:12.0138758Z 
2026-10-08T06:56:12.0138947Z Note: This linter can be disabled with `set_option linter.unusedVariables false`
2026-10-08T06:56:12.0139200Z warning: OIBridge/DitaTorusLocus.lean:5025:6: Variable name `dita28` is not explicitly referenced.
2026-10-08T06:56:12.0139277Z 
2026-10-08T06:56:12.0139640Z Hint: The binding can be removed (if unused) or named `_` (if used implicitly). Alternatively, prefix the name with `_` to silence this warning:
2026-10-08T06:56:12.0139730Z   [apply] _dita28
2026-10-08T06:56:12.0139736Z 
2026-10-08T06:56:12.0139926Z Note: This linter can be disabled with `set_option linter.unusedVariables false`
2026-10-08T06:56:12.0140183Z warning: OIBridge/DitaTorusLocus.lean:5028:6: Variable name `dita82` is not explicitly referenced.
2026-10-08T06:56:12.0140186Z 
2026-10-08T06:56:12.0140542Z Hint: The binding can be removed (if unused) or named `_` (if used implicitly). Alternatively, prefix the name with `_` to silence this warning:
2026-10-08T06:56:12.0140631Z   [apply] _dita82
2026-10-08T06:56:12.0140634Z 
2026-10-08T06:56:12.0140831Z Note: This linter can be disabled with `set_option linter.unusedVariables false`
2026-10-08T06:56:12.0141142Z warning: OIBridge/DitaTorusLocus.lean:5035:6: Variable name `P` is not explicitly referenced.
2026-10-08T06:56:12.0141149Z 
2026-10-08T06:56:12.0141526Z Hint: The binding can be removed (if unused) or named `_` (if used implicitly). Alternatively, prefix the name with `_` to silence this warning:
2026-10-08T06:56:12.0141611Z   [apply] _P
2026-10-08T06:56:12.0141616Z 
2026-10-08T06:56:12.0141823Z Note: This linter can be disabled with `set_option linter.unusedVariables false`
2026-10-08T06:56:12.0142091Z warning: OIBridge/DitaTorusLocus.lean:5038:6: Variable name `ditak1` is not explicitly referenced.
2026-10-08T06:56:12.0142107Z 
2026-10-08T06:56:12.0142465Z Hint: The binding can be removed (if unused) or named `_` (if used implicitly). Alternatively, prefix the name with `_` to silence this warning:
2026-10-08T06:56:12.0142567Z   [apply] _ditak1
2026-10-08T06:56:12.0142570Z 
2026-10-08T06:56:12.0142871Z Note: This linter can be disabled with `set_option linter.unusedVariables false`
2026-10-08T06:56:12.0143122Z warning: OIBridge/DitaTorusLocus.lean:5041:6: Variable name `ditak2` is not explicitly referenced.
2026-10-08T06:56:12.0143130Z 
2026-10-08T06:56:12.0143490Z Hint: The binding can be removed (if unused) or named `_` (if used implicitly). Alternatively, prefix the name with `_` to silence this warning:
2026-10-08T06:56:12.0143576Z   [apply] _ditak2
2026-10-08T06:56:12.0143646Z 
2026-10-08T06:56:12.0143836Z Note: This linter can be disabled with `set_option linter.unusedVariables false`
2026-10-08T06:56:12.0144086Z warning: OIBridge/DitaTorusLocus.lean:5044:6: Variable name `ditak3` is not explicitly referenced.
2026-10-08T06:56:12.0144089Z 
2026-10-08T06:56:12.0144438Z Hint: The binding can be removed (if unused) or named `_` (if used implicitly). Alternatively, prefix the name with `_` to silence this warning:
2026-10-08T06:56:12.0144581Z   [apply] _ditak3
2026-10-08T06:56:12.0144585Z 
2026-10-08T06:56:12.0144784Z Note: This linter can be disabled with `set_option linter.unusedVariables false`
2026-10-08T06:56:12.0145040Z warning: OIBridge/DitaTorusLocus.lean:5047:6: Variable name `ditak4` is not explicitly referenced.
2026-10-08T06:56:12.0145043Z 
2026-10-08T06:56:12.0145397Z Hint: The binding can be removed (if unused) or named `_` (if used implicitly). Alternatively, prefix the name with `_` to silence this warning:
2026-10-08T06:56:12.0145486Z   [apply] _ditak4
2026-10-08T06:56:12.0145489Z 
2026-10-08T06:56:12.0145687Z Note: This linter can be disabled with `set_option linter.unusedVariables false`
2026-10-08T06:56:12.0145932Z warning: OIBridge/DitaTorusLocus.lean:5050:6: Variable name `ditae1` is not explicitly referenced.
2026-10-08T06:56:12.0145936Z 
2026-10-08T06:56:12.0146290Z Hint: The binding can be removed (if unused) or named `_` (if used implicitly). Alternatively, prefix the name with `_` to silence this warning:
2026-10-08T06:56:12.0146377Z   [apply] _ditae1
2026-10-08T06:56:12.0146380Z 
2026-10-08T06:56:12.0146566Z Note: This linter can be disabled with `set_option linter.unusedVariables false`
2026-10-08T06:56:12.0146883Z warning: OIBridge/DitaTorusLocus.lean:5053:6: Variable name `ditae2` is not explicitly referenced.
2026-10-08T06:56:12.0146888Z 
2026-10-08T06:56:12.0147243Z Hint: The binding can be removed (if unused) or named `_` (if used implicitly). Alternatively, prefix the name with `_` to silence this warning:
2026-10-08T06:56:12.0147326Z   [apply] _ditae2
2026-10-08T06:56:12.0147329Z 
2026-10-08T06:56:12.0147522Z Note: This linter can be disabled with `set_option linter.unusedVariables false`
2026-10-08T06:56:12.0147775Z warning: OIBridge/DitaTorusLocus.lean:5056:6: Variable name `ditat2` is not explicitly referenced.
2026-10-08T06:56:12.0147778Z 
2026-10-08T06:56:12.0148127Z Hint: The binding can be removed (if unused) or named `_` (if used implicitly). Alternatively, prefix the name with `_` to silence this warning:
2026-10-08T06:56:12.0148218Z   [apply] _ditat2
2026-10-08T06:56:12.0148221Z 
2026-10-08T06:56:12.0148471Z Note: This linter can be disabled with `set_option linter.unusedVariables false`
2026-10-08T06:56:12.0148734Z warning: OIBridge/DitaTorusLocus.lean:5059:6: Variable name `ditat3` is not explicitly referenced.
2026-10-08T06:56:12.0148743Z 
2026-10-08T06:56:12.0149097Z Hint: The binding can be removed (if unused) or named `_` (if used implicitly). Alternatively, prefix the name with `_` to silence this warning:
2026-10-08T06:56:12.0149186Z   [apply] _ditat3
2026-10-08T06:56:12.0149190Z 
2026-10-08T06:56:12.0149385Z Note: This linter can be disabled with `set_option linter.unusedVariables false`
2026-10-08T06:56:12.0149628Z warning: OIBridge/DitaTorusLocus.lean:5061:6: Variable name `Hu` is not explicitly referenced.
2026-10-08T06:56:12.0149632Z 
2026-10-08T06:56:12.0149989Z Hint: The binding can be removed (if unused) or named `_` (if used implicitly). Alternatively, prefix the name with `_` to silence this warning:
2026-10-08T06:56:12.0150076Z   [apply] _Hu
2026-10-08T06:56:12.0150079Z 
2026-10-08T06:56:12.0150267Z Note: This linter can be disabled with `set_option linter.unusedVariables false`
2026-10-08T06:56:12.0150522Z warning: OIBridge/DitaTorusLocus.lean:5068:6: Variable name `ditamc` is not explicitly referenced.
2026-10-08T06:56:12.0150525Z 
2026-10-08T06:56:12.0150881Z Hint: The binding can be removed (if unused) or named `_` (if used implicitly). Alternatively, prefix the name with `_` to silence this warning:
2026-10-08T06:56:12.0151074Z   [apply] _ditamc
2026-10-08T06:56:12.0151078Z 
2026-10-08T06:56:12.0151276Z Note: This linter can be disabled with `set_option linter.unusedVariables false`
2026-10-08T06:56:12.0151699Z info: OIBridge/DitaTorusLocus.lean:5078:0: 'OIBridge.DitaTorusLocus.a40_shared_excl_mr_r' depends on axioms: [propext, Classical.choice, Quot.sound]
2026-10-08T06:56:12.0152004Z warning: OIBridge/DitaTorusLocus.lean:5086:6: Variable name `pt` is not explicitly referenced.
2026-10-08T06:56:12.0152008Z 
2026-10-08T06:56:12.0152371Z Hint: The binding can be removed (if unused) or named `_` (if used implicitly). Alternatively, prefix the name with `_` to silence this warning:
2026-10-08T06:56:12.0152460Z   [apply] _pt
2026-10-08T06:56:12.0152465Z 
2026-10-08T06:56:12.0152751Z Note: This linter can be disabled with `set_option linter.unusedVariables false`
2026-10-08T06:56:12.0153002Z warning: OIBridge/DitaTorusLocus.lean:5090:6: Variable name `S` is not explicitly referenced.
2026-10-08T06:56:12.0153009Z 
2026-10-08T06:56:12.0153368Z Hint: The binding can be removed (if unused) or named `_` (if used implicitly). Alternatively, prefix the name with `_` to silence this warning:
2026-10-08T06:56:12.0153447Z   [apply] _S
2026-10-08T06:56:12.0153451Z 
2026-10-08T06:56:12.0153645Z Note: This linter can be disabled with `set_option linter.unusedVariables false`
2026-10-08T06:56:12.0153896Z warning: OIBridge/DitaTorusLocus.lean:5091:6: Variable name `tor` is not explicitly referenced.
2026-10-08T06:56:12.0153901Z 
2026-10-08T06:56:12.0154250Z Hint: The binding can be removed (if unused) or named `_` (if used implicitly). Alternatively, prefix the name with `_` to silence this warning:
2026-10-08T06:56:12.0154416Z   [apply] _tor
2026-10-08T06:56:12.0154419Z 
2026-10-08T06:56:12.0154612Z Note: This linter can be disabled with `set_option linter.unusedVariables false`
2026-10-08T06:56:12.0154849Z warning: OIBridge/DitaTorusLocus.lean:5092:6: Variable name `adj` is not explicitly referenced.
2026-10-08T06:56:12.0154856Z 
2026-10-08T06:56:12.0155210Z Hint: The binding can be removed (if unused) or named `_` (if used implicitly). Alternatively, prefix the name with `_` to silence this warning:
2026-10-08T06:56:12.0155297Z   [apply] _adj
2026-10-08T06:56:12.0155300Z 
2026-10-08T06:56:12.0155488Z Note: This linter can be disabled with `set_option linter.unusedVariables false`
2026-10-08T06:56:12.0155822Z warning: OIBridge/DitaTorusLocus.lean:5093:6: Variable name `μ` is not explicitly referenced.
2026-10-08T06:56:12.0155827Z 
2026-10-08T06:56:12.0156251Z Hint: The binding can be removed (if unused) or named `_` (if used implicitly). Alternatively, prefix the name with `_` to silence this warning:
2026-10-08T06:56:12.0156345Z   [apply] _μ
2026-10-08T06:56:12.0156353Z 
2026-10-08T06:56:12.0156543Z Note: This linter can be disabled with `set_option linter.unusedVariables false`
2026-10-08T06:56:12.0156785Z warning: OIBridge/DitaTorusLocus.lean:5095:6: Variable name `N` is not explicitly referenced.
2026-10-08T06:56:12.0156794Z 
2026-10-08T06:56:12.0157147Z Hint: The binding can be removed (if unused) or named `_` (if used implicitly). Alternatively, prefix the name with `_` to silence this warning:
2026-10-08T06:56:12.0157225Z   [apply] _N
2026-10-08T06:56:12.0157229Z 
2026-10-08T06:56:12.0157420Z Note: This linter can be disabled with `set_option linter.unusedVariables false`
2026-10-08T06:56:12.0157744Z warning: OIBridge/DitaTorusLocus.lean:5100:6: Variable name `Δc` is not explicitly referenced.
2026-10-08T06:56:12.0157749Z 
2026-10-08T06:56:12.0158104Z Hint: The binding can be removed (if unused) or named `_` (if used implicitly). Alternatively, prefix the name with `_` to silence this warning:
2026-10-08T06:56:12.0158216Z   [apply] _Δc
2026-10-08T06:56:12.0158219Z 
2026-10-08T06:56:12.0158410Z Note: This linter can be disabled with `set_option linter.unusedVariables false`
2026-10-08T06:56:12.0158712Z warning: OIBridge/DitaTorusLocus.lean:5101:6: Variable name `Δr` is not explicitly referenced.
2026-10-08T06:56:12.0158716Z 
2026-10-08T06:56:12.0159155Z Hint: The binding can be removed (if unused) or named `_` (if used implicitly). Alternatively, prefix the name with `_` to silence this warning:
2026-10-08T06:56:12.0159261Z   [apply] _Δr
2026-10-08T06:56:12.0159264Z 
2026-10-08T06:56:12.0159452Z Note: This linter can be disabled with `set_option linter.unusedVariables false`
2026-10-08T06:56:12.0159771Z warning: OIBridge/DitaTorusLocus.lean:5104:6: Variable name `dgT` is not explicitly referenced.
2026-10-08T06:56:12.0159775Z 
2026-10-08T06:56:12.0160137Z Hint: The binding can be removed (if unused) or named `_` (if used implicitly). Alternatively, prefix the name with `_` to silence this warning:
2026-10-08T06:56:12.0160223Z   [apply] _dgT
2026-10-08T06:56:12.0160226Z 
2026-10-08T06:56:12.0160415Z Note: This linter can be disabled with `set_option linter.unusedVariables false`
2026-10-08T06:56:12.0160666Z warning: OIBridge/DitaTorusLocus.lean:5111:6: Variable name `dita82` is not explicitly referenced.
2026-10-08T06:56:12.0160673Z 
2026-10-08T06:56:12.0161021Z Hint: The binding can be removed (if unused) or named `_` (if used implicitly). Alternatively, prefix the name with `_` to silence this warning:
2026-10-08T06:56:12.0161107Z   [apply] _dita82
2026-10-08T06:56:12.0161111Z 
2026-10-08T06:56:12.0161303Z Note: This linter can be disabled with `set_option linter.unusedVariables false`
2026-10-08T06:56:12.0161541Z warning: OIBridge/DitaTorusLocus.lean:5118:6: Variable name `P` is not explicitly referenced.
2026-10-08T06:56:12.0161544Z 
2026-10-08T06:56:12.0161898Z Hint: The binding can be removed (if unused) or named `_` (if used implicitly). Alternatively, prefix the name with `_` to silence this warning:
2026-10-08T06:56:12.0162049Z   [apply] _P
2026-10-08T06:56:12.0162053Z 
2026-10-08T06:56:12.0162241Z Note: This linter can be disabled with `set_option linter.unusedVariables false`
2026-10-08T06:56:12.0162482Z warning: OIBridge/DitaTorusLocus.lean:5144:6: Variable name `Hu` is not explicitly referenced.
2026-10-08T06:56:12.0162488Z 
2026-10-08T06:56:12.0162943Z Hint: The binding can be removed (if unused) or named `_` (if used implicitly). Alternatively, prefix the name with `_` to silence this warning:
2026-10-08T06:56:12.0163024Z   [apply] _Hu
2026-10-08T06:56:12.0163028Z 
2026-10-08T06:56:12.0163225Z Note: This linter can be disabled with `set_option linter.unusedVariables false`
2026-10-08T06:56:12.0163637Z info: OIBridge/DitaTorusLocus.lean:5232:0: 'OIBridge.DitaTorusLocus.a40_locus_kernel' depends on axioms: [propext, Classical.choice, Quot.sound]
2026-10-08T06:56:12.0163943Z warning: OIBridge/DitaTorusLocus.lean:5240:6: Variable name `pt` is not explicitly referenced.
2026-10-08T06:56:12.0163950Z 
2026-10-08T06:56:12.0164318Z Hint: The binding can be removed (if unused) or named `_` (if used implicitly). Alternatively, prefix the name with `_` to silence this warning:
2026-10-08T06:56:12.0164406Z   [apply] _pt
2026-10-08T06:56:12.0164410Z 
2026-10-08T06:56:12.0164602Z Note: This linter can be disabled with `set_option linter.unusedVariables false`
2026-10-08T06:56:12.0164851Z warning: OIBridge/DitaTorusLocus.lean:5244:6: Variable name `S` is not explicitly referenced.
2026-10-08T06:56:12.0164855Z 
2026-10-08T06:56:12.0165212Z Hint: The binding can be removed (if unused) or named `_` (if used implicitly). Alternatively, prefix the name with `_` to silence this warning:
2026-10-08T06:56:12.0165307Z   [apply] _S
2026-10-08T06:56:12.0165311Z 
2026-10-08T06:56:12.0165500Z Note: This linter can be disabled with `set_option linter.unusedVariables false`
2026-10-08T06:56:12.0165754Z warning: OIBridge/DitaTorusLocus.lean:5245:6: Variable name `tor` is not explicitly referenced.
2026-10-08T06:56:12.0165758Z 
2026-10-08T06:56:12.0166126Z Hint: The binding can be removed (if unused) or named `_` (if used implicitly). Alternatively, prefix the name with `_` to silence this warning:
2026-10-08T06:56:12.0166207Z   [apply] _tor
2026-10-08T06:56:12.0166210Z 
2026-10-08T06:56:12.0166469Z Note: This linter can be disabled with `set_option linter.unusedVariables false`
2026-10-08T06:56:12.0166739Z warning: OIBridge/DitaTorusLocus.lean:5246:6: Variable name `adj` is not explicitly referenced.
2026-10-08T06:56:12.0166743Z 
2026-10-08T06:56:12.0167102Z Hint: The binding can be removed (if unused) or named `_` (if used implicitly). Alternatively, prefix the name with `_` to silence this warning:
2026-10-08T06:56:12.0167256Z   [apply] _adj
2026-10-08T06:56:12.0167260Z 
2026-10-08T06:56:12.0167458Z Note: This linter can be disabled with `set_option linter.unusedVariables false`
2026-10-08T06:56:12.0167789Z warning: OIBridge/DitaTorusLocus.lean:5247:6: Variable name `μ` is not explicitly referenced.
2026-10-08T06:56:12.0167794Z 
2026-10-08T06:56:12.0168160Z Hint: The binding can be removed (if unused) or named `_` (if used implicitly). Alternatively, prefix the name with `_` to silence this warning:
2026-10-08T06:56:12.0168264Z   [apply] _μ
2026-10-08T06:56:12.0168267Z 
2026-10-08T06:56:12.0168460Z Note: This linter can be disabled with `set_option linter.unusedVariables false`
2026-10-08T06:56:12.0168706Z warning: OIBridge/DitaTorusLocus.lean:5249:6: Variable name `N` is not explicitly referenced.
2026-10-08T06:56:12.0168709Z 
2026-10-08T06:56:12.0169071Z Hint: The binding can be removed (if unused) or named `_` (if used implicitly). Alternatively, prefix the name with `_` to silence this warning:
2026-10-08T06:56:12.0169155Z   [apply] _N
2026-10-08T06:56:12.0169159Z 
2026-10-08T06:56:12.0169353Z Note: This linter can be disabled with `set_option linter.unusedVariables false`
2026-10-08T06:56:12.0169667Z warning: OIBridge/DitaTorusLocus.lean:5254:6: Variable name `Δc` is not explicitly referenced.
2026-10-08T06:56:12.0169674Z 
2026-10-08T06:56:12.0170111Z Hint: The binding can be removed (if unused) or named `_` (if used implicitly). Alternatively, prefix the name with `_` to silence this warning:
2026-10-08T06:56:12.0170237Z   [apply] _Δc
2026-10-08T06:56:12.0170241Z 
2026-10-08T06:56:12.0170452Z Note: This linter can be disabled with `set_option linter.unusedVariables false`
2026-10-08T06:56:12.0170763Z warning: OIBridge/DitaTorusLocus.lean:5255:6: Variable name `Δr` is not explicitly referenced.
2026-10-08T06:56:12.0170767Z 
2026-10-08T06:56:12.0171140Z Hint: The binding can be removed (if unused) or named `_` (if used implicitly). Alternatively, prefix the name with `_` to silence this warning:
2026-10-08T06:56:12.0171263Z   [apply] _Δr
2026-10-08T06:56:12.0171270Z 
2026-10-08T06:56:12.0171463Z Note: This linter can be disabled with `set_option linter.unusedVariables false`
2026-10-08T06:56:12.0171728Z warning: OIBridge/DitaTorusLocus.lean:5258:6: Variable name `dgT` is not explicitly referenced.
2026-10-08T06:56:12.0171787Z 
2026-10-08T06:56:12.0172173Z Hint: The binding can be removed (if unused) or named `_` (if used implicitly). Alternatively, prefix the name with `_` to silence this warning:
2026-10-08T06:56:12.0172263Z   [apply] _dgT
2026-10-08T06:56:12.0172267Z 
2026-10-08T06:56:12.0172481Z Note: This linter can be disabled with `set_option linter.unusedVariables false`
2026-10-08T06:56:12.0172867Z warning: OIBridge/DitaTorusLocus.lean:5265:6: Variable name `dita82` is not explicitly referenced.
2026-10-08T06:56:12.0172871Z 
2026-10-08T06:56:12.0173243Z Hint: The binding can be removed (if unused) or named `_` (if used implicitly). Alternatively, prefix the name with `_` to silence this warning:
2026-10-08T06:56:12.0173340Z   [apply] _dita82
2026-10-08T06:56:12.0173343Z 
2026-10-08T06:56:12.0173547Z Note: This linter can be disabled with `set_option linter.unusedVariables false`
2026-10-08T06:56:12.0173794Z warning: OIBridge/DitaTorusLocus.lean:5272:6: Variable name `P` is not explicitly referenced.
2026-10-08T06:56:12.0173807Z 
2026-10-08T06:56:12.0174170Z Hint: The binding can be removed (if unused) or named `_` (if used implicitly). Alternatively, prefix the name with `_` to silence this warning:
2026-10-08T06:56:12.0174269Z   [apply] _P
2026-10-08T06:56:12.0174273Z 
2026-10-08T06:56:12.0174550Z Note: This linter can be disabled with `set_option linter.unusedVariables false`
2026-10-08T06:56:12.0174801Z warning: OIBridge/DitaTorusLocus.lean:5298:6: Variable name `Hu` is not explicitly referenced.
2026-10-08T06:56:12.0174805Z 
2026-10-08T06:56:12.0175177Z Hint: The binding can be removed (if unused) or named `_` (if used implicitly). Alternatively, prefix the name with `_` to silence this warning:
2026-10-08T06:56:12.0175340Z   [apply] _Hu
2026-10-08T06:56:12.0175343Z 
2026-10-08T06:56:12.0175542Z Note: This linter can be disabled with `set_option linter.unusedVariables false`
2026-10-08T06:56:12.0175802Z warning: OIBridge/DitaTorusLocus.lean:5363:6: Variable name `pt` is not explicitly referenced.
2026-10-08T06:56:12.0175808Z 
2026-10-08T06:56:12.0176182Z Hint: The binding can be removed (if unused) or named `_` (if used implicitly). Alternatively, prefix the name with `_` to silence this warning:
2026-10-08T06:56:12.0176269Z   [apply] _pt
2026-10-08T06:56:12.0176272Z 
2026-10-08T06:56:12.0176480Z Note: This linter can be disabled with `set_option linter.unusedVariables false`
2026-10-08T06:56:12.0176735Z warning: OIBridge/DitaTorusLocus.lean:5367:6: Variable name `S` is not explicitly referenced.
2026-10-08T06:56:12.0176738Z 
2026-10-08T06:56:12.0177099Z Hint: The binding can be removed (if unused) or named `_` (if used implicitly). Alternatively, prefix the name with `_` to silence this warning:
2026-10-08T06:56:12.0177192Z   [apply] _S
2026-10-08T06:56:12.0177195Z 
2026-10-08T06:56:12.0177388Z Note: This linter can be disabled with `set_option linter.unusedVariables false`
2026-10-08T06:56:12.0177630Z warning: OIBridge/DitaTorusLocus.lean:5368:6: Variable name `tor` is not explicitly referenced.
2026-10-08T06:56:12.0177635Z 
2026-10-08T06:56:12.0178075Z Hint: The binding can be removed (if unused) or named `_` (if used implicitly). Alternatively, prefix the name with `_` to silence this warning:
2026-10-08T06:56:12.0178164Z   [apply] _tor
2026-10-08T06:56:12.0178167Z 
2026-10-08T06:56:12.0178361Z Note: This linter can be disabled with `set_option linter.unusedVariables false`
2026-10-08T06:56:12.0178617Z warning: OIBridge/DitaTorusLocus.lean:5369:6: Variable name `adj` is not explicitly referenced.
2026-10-08T06:56:12.0178621Z 
2026-10-08T06:56:12.0178981Z Hint: The binding can be removed (if unused) or named `_` (if used implicitly). Alternatively, prefix the name with `_` to silence this warning:
2026-10-08T06:56:12.0179065Z   [apply] _adj
2026-10-08T06:56:12.0179068Z 
2026-10-08T06:56:12.0179266Z Note: This linter can be disabled with `set_option linter.unusedVariables false`
2026-10-08T06:56:12.0179592Z warning: OIBridge/DitaTorusLocus.lean:5370:6: Variable name `μ` is not explicitly referenced.
2026-10-08T06:56:12.0179660Z 
2026-10-08T06:56:12.0180029Z Hint: The binding can be removed (if unused) or named `_` (if used implicitly). Alternatively, prefix the name with `_` to silence this warning:
2026-10-08T06:56:12.0180136Z   [apply] _μ
2026-10-08T06:56:12.0180139Z 
2026-10-08T06:56:12.0180345Z Note: This linter can be disabled with `set_option linter.unusedVariables false`
2026-10-08T06:56:12.0180585Z warning: OIBridge/DitaTorusLocus.lean:5372:6: Variable name `N` is not explicitly referenced.
2026-10-08T06:56:12.0180596Z 
2026-10-08T06:56:12.0180983Z Hint: The binding can be removed (if unused) or named `_` (if used implicitly). Alternatively, prefix the name with `_` to silence this warning:
2026-10-08T06:56:12.0181070Z   [apply] _N
2026-10-08T06:56:12.0181078Z 
2026-10-08T06:56:12.0181268Z Note: This linter can be disabled with `set_option linter.unusedVariables false`
2026-10-08T06:56:12.0181589Z warning: OIBridge/DitaTorusLocus.lean:5377:6: Variable name `Δc` is not explicitly referenced.
2026-10-08T06:56:12.0181597Z 
2026-10-08T06:56:12.0181965Z Hint: The binding can be removed (if unused) or named `_` (if used implicitly). Alternatively, prefix the name with `_` to silence this warning:
2026-10-08T06:56:12.0182076Z   [apply] _Δc
2026-10-08T06:56:12.0182079Z 
2026-10-08T06:56:12.0182477Z Note: This linter can be disabled with `set_option linter.unusedVariables false`
2026-10-08T06:56:12.0183088Z warning: OIBridge/DitaTorusLocus.lean:5378:6: Variable name `Δr` is not explicitly referenced.
2026-10-08T06:56:12.0183092Z 
2026-10-08T06:56:12.0183460Z Hint: The binding can be removed (if unused) or named `_` (if used implicitly). Alternatively, prefix the name with `_` to silence this warning:
2026-10-08T06:56:12.0183569Z   [apply] _Δr
2026-10-08T06:56:12.0183643Z 
2026-10-08T06:56:12.0183840Z Note: This linter can be disabled with `set_option linter.unusedVariables false`
2026-10-08T06:56:12.0184090Z warning: OIBridge/DitaTorusLocus.lean:5381:6: Variable name `dgT` is not explicitly referenced.
2026-10-08T06:56:12.0184100Z 
2026-10-08T06:56:12.0184460Z Hint: The binding can be removed (if unused) or named `_` (if used implicitly). Alternatively, prefix the name with `_` to silence this warning:
2026-10-08T06:56:12.0184550Z   [apply] _dgT
2026-10-08T06:56:12.0184553Z 
2026-10-08T06:56:12.0184750Z Note: This linter can be disabled with `set_option linter.unusedVariables false`
2026-10-08T06:56:12.0185004Z warning: OIBridge/DitaTorusLocus.lean:5388:6: Variable name `dita82` is not explicitly referenced.
2026-10-08T06:56:12.0185008Z 
2026-10-08T06:56:12.0185363Z Hint: The binding can be removed (if unused) or named `_` (if used implicitly). Alternatively, prefix the name with `_` to silence this warning:
2026-10-08T06:56:12.0185452Z   [apply] _dita82
2026-10-08T06:56:12.0185459Z 
2026-10-08T06:56:12.0185648Z Note: This linter can be disabled with `set_option linter.unusedVariables false`
2026-10-08T06:56:12.0185900Z warning: OIBridge/DitaTorusLocus.lean:5395:6: Variable name `P` is not explicitly referenced.
2026-10-08T06:56:12.0185906Z 
2026-10-08T06:56:12.0186343Z Hint: The binding can be removed (if unused) or named `_` (if used implicitly). Alternatively, prefix the name with `_` to silence this warning:
2026-10-08T06:56:12.0186421Z   [apply] _P
2026-10-08T06:56:12.0186425Z 
2026-10-08T06:56:12.0186638Z Note: This linter can be disabled with `set_option linter.unusedVariables false`
2026-10-08T06:56:12.0186889Z warning: OIBridge/DitaTorusLocus.lean:5421:6: Variable name `Hu` is not explicitly referenced.
2026-10-08T06:56:12.0186893Z 
2026-10-08T06:56:12.0187244Z Hint: The binding can be removed (if unused) or named `_` (if used implicitly). Alternatively, prefix the name with `_` to silence this warning:
2026-10-08T06:56:12.0187335Z   [apply] _Hu
2026-10-08T06:56:12.0187341Z 
2026-10-08T06:56:12.0187542Z Note: This linter can be disabled with `set_option linter.unusedVariables false`
2026-10-08T06:56:12.0188014Z info: OIBridge/DitaTorusLocus.lean:5512:0: 'OIBridge.DitaTorusLocus.a40_c_exclusive' depends on axioms: [propext, Classical.choice, Quot.sound]
2026-10-08T06:56:12.0188171Z ℹ [3642/3643] Replayed OIBridge
2026-10-08T06:56:12.0188555Z info: OIBridge.lean:853:0: 'OIBridge.LinkJoin.char_two_subset_ne_link' depends on axioms: [propext, Classical.choice, Quot.sound]
2026-10-08T06:56:12.0188919Z info: OIBridge.lean:854:0: 'OIBridge.LinkJoin.char_multiset_collision' depends on axioms: [propext, Classical.choice, Quot.sound]
2026-10-08T06:56:12.0189264Z info: OIBridge.lean:855:0: 'OIBridge.LinkJoin.sum_sq_collision' depends on axioms: [propext, Classical.choice, Quot.sound]
2026-10-08T06:56:12.0189607Z info: OIBridge.lean:856:0: 'OIBridge.LinkJoin.sum_cube_collision' depends on axioms: [propext, Classical.choice, Quot.sound]
2026-10-08T06:56:12.0189950Z info: OIBridge.lean:857:0: 'OIBridge.LinkJoin.faceEquivLink_op' depends on axioms: [propext, Classical.choice, Quot.sound]
2026-10-08T06:56:12.0190258Z info: OIBridge.lean:858:0: 'OIBridge.LinkJoin.act_op' depends on axioms: [propext, Classical.choice, Quot.sound]
2026-10-08T06:56:12.0190579Z info: OIBridge.lean:859:0: 'OIBridge.LinkJoin.sym_linkHom' depends on axioms: [propext, Classical.choice, Quot.sound]
2026-10-08T06:56:12.0190897Z info: OIBridge.lean:860:0: 'OIBridge.LinkJoin.act_injective' depends on axioms: [propext, Classical.choice, Quot.sound]
2026-10-08T06:56:12.0191304Z info: OIBridge.lean:861:0: 'OIBridge.LinkJoin.linkHom_injective' depends on axioms: [propext, Classical.choice, Quot.sound]
2026-10-08T06:56:12.0191661Z info: OIBridge.lean:862:0: 'OIBridge.LinkJoin.character_rhoLink' depends on axioms: [propext, Classical.choice, Quot.sound]
2026-10-08T06:56:12.0191991Z info: OIBridge.lean:863:0: 'OIBridge.LinkJoin.rhoLink_comm_PT' depends on axioms: [propext, Classical.choice, Quot.sound]
2026-10-08T06:56:12.0192410Z info: OIBridge.lean:864:0: 'OIBridge.LinkJoin.character_restrict_PT' depends on axioms: [propext, Classical.choice, Quot.sound]
2026-10-08T06:56:12.0192903Z info: OIBridge.lean:865:0: 'OIBridge.LinkJoin.character_PA_eq_one' depends on axioms: [propext, Classical.choice, Quot.sound]
2026-10-08T06:56:12.0193228Z info: OIBridge.lean:866:0: 'OIBridge.LinkJoin.character_sum' depends on axioms: [propext, Classical.choice, Quot.sound]
2026-10-08T06:56:12.0193559Z info: OIBridge.lean:867:0: 'OIBridge.LinkJoin.character_rhoT' depends on axioms: [propext, Classical.choice, Quot.sound]
2026-10-08T06:56:12.0193887Z info: OIBridge.lean:868:0: 'OIBridge.LinkJoin.character_rhoE' depends on axioms: [propext, Classical.choice, Quot.sound]
2026-10-08T06:56:12.0194206Z info: OIBridge.lean:869:0: 'OIBridge.LinkJoin.character_rhoA' depends on axioms: [propext, Classical.choice, Quot.sound]
2026-10-08T06:56:12.0194553Z info: OIBridge.lean:870:0: 'OIBridge.LinkJoin.character_rhoA_eq_one' depends on axioms: [propext, Classical.choice, Quot.sound]
2026-10-08T06:56:12.0194919Z info: OIBridge.lean:871:0: 'OIBridge.LinkJoin.character_rhoLink_eq_sum' depends on axioms: [propext, Classical.choice, Quot.sound]
2026-10-08T06:56:12.0195045Z Build completed successfully (3643 jobs).
2026-10-08T06:56:12.0195156Z TIMING lake-exe-cache-get 117s
2026-10-08T06:56:12.0195338Z TIMING lake-rehash-build 15s
2026-10-08T06:56:12.0241864Z ##[group]Run python3 tools/release_gate.py
2026-10-08T06:56:12.0242041Z [36;1mpython3 tools/release_gate.py[0m
2026-10-08T06:56:12.0352591Z shell: /usr/bin/bash -e {0}
2026-10-08T06:56:12.0352819Z ##[endgroup]
2026-10-08T06:57:00.9884100Z release gate
2026-10-08T06:57:00.9884504Z ====================================================================
2026-10-08T06:57:00.9885171Z   PASS  toolchain        toolchain_check: OK (build entry present, unicode-fix.tex co
2026-10-08T06:57:00.9885900Z   PASS  staleness        staleness_check: OK (13 matched, 0 unstamped)
2026-10-08T06:57:00.9886674Z   PASS  baseline-label   baseline_label_check: OK (no baseline archives named)
2026-10-08T06:57:00.9887199Z   PASS  voice            voice_check: OK (no manuscript-voice history narration; 40 m
2026-10-08T06:57:00.9887697Z   PASS  voice-scope      voice_scope_test: OK (6 scope case(s); the checker scans the
2026-10-08T06:57:00.9888292Z   PASS  ci-gate-presence ci_gate_presence_test: OK (CI runs the real release gate)
2026-10-08T06:57:00.9888820Z   PASS  artifact-placement artifact_placement_check: OK (no unaccounted root artifact; 
2026-10-08T06:57:00.9889365Z   PASS  manifest-drift   build_migration_manifest --check: OK (91 artifacts; both gen
2026-10-08T06:57:00.9889867Z   PASS  claims           claims_check: OK (no withdrawn result asserted unconditional
2026-10-08T06:57:00.9890348Z   PASS  duplicate        duplicate_check: OK (no paragraph repeated within a file)
2026-10-08T06:57:00.9890794Z   PASS  mirror           mirror_check: 0 chapter line(s) absent from FULL.md
2026-10-08T06:57:00.9891238Z   PASS  citation         citation_check: 112 citation(s), 0 broken, 0 duplicate bib n
2026-10-08T06:57:00.9891725Z   PASS  architecture     architecture_check: 259 invariant(s), 0 violation(s), 0 self
2026-10-08T06:57:00.9892247Z   PASS  dependency-label dependency_label_check: OK (no stale dependency label, 41 fi
2026-10-08T06:57:00.9892949Z   PASS  coverage         coverage_check: OK (129 canonical statements, 19 unattached 
2026-10-08T06:57:00.9893464Z   PASS  lean-axioms      lean_axiom_check: OK (5860 named result(s) reported, no sorr
2026-10-08T06:57:00.9893977Z   PASS  lean-manuscript  lean_manuscript_census: OK (every cited identifier and path 
2026-10-08T06:57:00.9894497Z   PASS  legacy-records   LEGACY  303 record(s) in 75 closed namespace(s), all intact
2026-10-08T06:57:00.9894929Z   PASS  v3-self-test     v3_verifier: self-test OK
2026-10-08T06:57:00.9895324Z   PASS  v3-corpus        CORPUS  140 vector(s), exact and as expected
2026-10-08T06:57:00.9895729Z   PASS  v3-receipts      RECEIPTS  42 receipt(s), all hold
2026-10-08T06:57:00.9896419Z ====================================================================
2026-10-08T06:57:00.9896899Z release gate: PASS  (note: --label bNNN not given, so the baseline check ran in relative mode only)
2026-10-08T06:57:01.3390779Z Post job cleanup.
2026-10-08T06:57:01.4546966Z Cache hit occurred on the primary key oibridge-Linux-324962b2357195e1544c06a1936656a7dafa7cf303e07c9c08c1e5a3b289622d-520eb2bf8d0dac51e7f68ec422e745c2206a6e57c8ed0ff0eb2c7a51fd2fbceb, not saving cache.
2026-10-08T06:57:01.4549063Z (node:24585) [DEP0040] DeprecationWarning: The `punycode` module is deprecated. Please use a userland alternative instead.
2026-10-08T06:57:01.4550098Z (Use `node --trace-deprecation ...` to show where the warning was created)
2026-10-08T06:57:01.4688224Z Post job cleanup.
2026-10-08T06:57:01.5583508Z [command]/usr/bin/git version
2026-10-08T06:57:01.5623347Z git version 2.55.0
2026-10-08T06:57:01.5664321Z Temporarily overriding HOME='/home/runner/work/_temp/670e89de-5415-43e0-9038-1a2f0974118b' before making global git config changes
2026-10-08T06:57:01.5665221Z Adding repository directory to the temporary git global config as a safe directory
2026-10-08T06:57:01.5669923Z [command]/usr/bin/git config --global --add safe.directory /home/runner/work/incompleteness/incompleteness
2026-10-08T06:57:01.5713798Z [command]/usr/bin/git config --local --name-only --get-regexp core\.sshCommand
2026-10-08T06:57:01.5750419Z [command]/usr/bin/git submodule foreach --recursive sh -c "git config --local --name-only --get-regexp 'core\.sshCommand' && git config --local --unset-all 'core.sshCommand' || :"
2026-10-08T06:57:01.6030249Z [command]/usr/bin/git config --local --name-only --get-regexp http\.https\:\/\/github\.com\/\.extraheader
2026-10-08T06:57:01.6061013Z http.https://github.com/.extraheader
2026-10-08T06:57:01.6072459Z [command]/usr/bin/git config --local --unset-all http.https://github.com/.extraheader
2026-10-08T06:57:01.6109819Z [command]/usr/bin/git submodule foreach --recursive sh -c "git config --local --name-only --get-regexp 'http\.https\:\/\/github\.com\/\.extraheader' && git config --local --unset-all 'http.https://github.com/.extraheader' || :"
2026-10-08T06:57:01.6381265Z [command]/usr/bin/git config --local --name-only --get-regexp ^includeIf\.gitdir:
2026-10-08T06:57:01.6420723Z [command]/usr/bin/git submodule foreach --recursive git config --local --show-origin --name-only --get-regexp remote.origin.url
2026-10-08T06:57:01.6888657Z Cleaning up orphan processes
2026-10-08T06:57:01.7214132Z ##[warning]Node.js 20 is deprecated. The following actions target Node.js 20 but are being forced to run on Node.js 24: actions/cache@v4, actions/checkout@v4. For more information see: https://github.blog/changelog/2025-09-19-deprecation-of-node-20-on-github-actions-runners/