{
  "m_reg": 0.2,
  "lambdas_used": [
    1,
    2,
    3
  ],
  "intercept_LO_per_N": {
    "6": -0.08452234255809273,
    "8": -0.056358085647196944,
    "10": -0.04968367448382089,
    "12": -0.047684597056968286
  },
  "slope_LO_per_N": {
    "6": 0.02183532986779937,
    "8": 0.01218036504628568,
    "10": 0.010381798499068652,
    "12": 0.010068727811575104
  },
  "intercept_LO_squared": {
    "6": 0.007144026391507572,
    "8": 0.003176233817816786,
    "10": 0.002468467510214275,
    "12": 0.0022738207964854286
  },
  "c2_raw": {
    "6": -0.0226858,
    "8": -0.0557772,
    "10": -0.0590725,
    "12": 0.053167549981364755
  },
  "c2_subtracted": {
    "6": -0.029829826391507573,
    "8": -0.058953433817816786,
    "10": -0.061540967510214276,
    "12": 0.050893729184879326
  },
  "c2_subtracted_div_cap2": {
    "6": -0.13140417735978796,
    "8": -0.3856621803034808,
    "10": -0.4653240521600685,
    "12": 0.40145613404510955
  }
}