{
  "m_reg": 0.2,
  "m_f_for_intercepts": 0.05,
  "capture_per_N": {
    "6": 0.4764537802266352,
    "8": 0.39097683535100786,
    "10": 0.36366743142429653,
    "12": 0.3560517201016092
  },
  "c2_raw": {
    "6": -0.0226858,
    "8": -0.0557772,
    "10": -0.0590725,
    "12": 0.053167549981364755
  },
  "c2_div_capture": {
    "6": -0.047613852468982455,
    "8": -0.1426611373278031,
    "10": -0.1624354970931647,
    "12": 0.14932535634483643
  },
  "c2_div_capture_squared": {
    "6": -0.09993383292359215,
    "8": -0.3648838612132251,
    "10": -0.4466594560227436,
    "12": 0.419392318346959
  },
  "C_2_target_per_CA2": -128.0
}