{
  "6": {
    "pi_s": 5.2258,
    "intercept": -0.0226858,
    "slope": 0.0066157
  },
  "8": {
    "pi_s": 1.8528,
    "intercept": -0.0557772,
    "slope": 0.0166675
  },
  "10": {
    "pi_s": 0.935,
    "intercept": -0.0590725,
    "slope": 0.0217178
  },
  "12": {
    "pi_s": 0.6072971295667536,
    "intercept": 0.053167549981364755,
    "slope": -0.021647296359226072
  }
}