{
  "N": 12,
  "m_reg": 0.2,
  "m_f": 0.05,
  "pi_s": 0.6072971295667536,
  "lambdas": [
    1,
    2,
    3
  ],
  "per_lambda": [
    {
      "lam": 1,
      "p2_lat": 0.26794919243112264,
      "Pi_T_PiS2": 0.051849106534172934,
      "per_top_PiT_std": {
        "T1c": -0.004388545569531793,
        "T1d": -0.1373182873169999,
        "T1e": 0.0,
        "G_d": 0.0,
        "G_a": -7.100062848659175e-05,
        "G_b": -0.005636058354937621,
        "G_c": -5.204051303502098e-05,
        "T1a": 0.004999697234800155,
        "T1b": 0.0984305694511203
      },
      "per_top_OI_contrib": {
        "T1c": -0.0322638135091923,
        "T1d": -1.0095398448534385,
        "T1e": 0.0,
        "G_d": 0.0,
        "G_a": -0.0008595201274026647,
        "G_b": -0.06822905231324353,
        "G_c": -0.0006299925697475813,
        "T1a": 0.060525385420239185,
        "T1b": 1.1915817845319605
      }
    },
    {
      "lam": 2,
      "p2_lat": 0.9999999999999998,
      "Pi_T_PiS2": 0.023757319455898852,
      "per_top_PiT_std": {
        "T1c": -0.002612864600510679,
        "T1d": -0.050710392875438215,
        "T1e": 0.0,
        "G_d": 0.0,
        "G_a": -4.9746360171060695e-05,
        "G_b": -0.002048552775496203,
        "G_c": -4.578658844751078e-05,
        "T1a": 0.003022222653666533,
        "T1b": 0.03682602062342125
      },
      "per_top_OI_contrib": {
        "T1c": -0.019209320003629522,
        "T1d": -0.37281387028768315,
        "T1e": 0.0,
        "G_d": 0.0,
        "G_a": -0.0006022199907726683,
        "G_b": -0.024799390936632276,
        "G_c": -0.0005542837461385263,
        "T1a": 0.03658645360877669,
        "T1b": 0.44580881342414747
      }
    },
    {
      "lam": 3,
      "p2_lat": 1.9999999999999996,
      "Pi_T_PiS2": 0.013153959298572616,
      "per_top_PiT_std": {
        "T1c": -0.0019031396386661476,
        "T1d": -0.025161624483598752,
        "T1e": 0.0,
        "G_d": 0.0,
        "G_a": -3.913054221157388e-05,
        "G_b": -0.0010055401218841738,
        "G_c": -4.248380003153042e-05,
        "T1a": 0.0019367589347452888,
        "T1b": 0.018532935211759343
      },
      "per_top_OI_contrib": {
        "T1c": -0.013991547179132322,
        "T1d": -0.18498382825583098,
        "T1e": 0.0,
        "G_d": 0.0,
        "G_a": -0.000473706914205399,
        "G_b": -0.012172877791266214,
        "G_c": -0.0005143008166828584,
        "T1a": 0.023446035927060703,
        "T1b": 0.22435619478164118
      }
    }
  ],
  "intercept_PiT_PiS2": 0.053167549981364755,
  "slope_PiT_PiS2": -0.021647296359226072,
  "stdQCD_intercept_LO": -0.047684597056968286,
  "stdQCD_slope_LO": 0.010068727811575104,
  "capture_lambda1": 0.3560517201016092,
  "Pi_T_textbook_LO": -0.12790045641619385
}