{
  "6": {
    "pi_s": 5.225804439691473,
    "std_intercept": -0.2737061400466952,
    "OI_intercept_times_pis2": -0.022685797387636982,
    "per_lam": [
      {
        "lam": 1,
        "p2_lat": 0.9999999999999998,
        "pi_T_std_per_top": {
          "T1a": 0.008579993390672695,
          "T1b": 0.3113494855681344,
          "G_a": -5.99309041395567e-05,
          "G_b": -0.01789138345710723,
          "G_c": -6.73782683234577e-05,
          "T1c": -0.011344590312899151,
          "T1d": -0.4839948437059113,
          "T1e": 0.0,
          "G_d": 0.0
        },
        "pi_T_std_total": -0.19342864768957357,
        "pi_T_OI_total": -0.0005867205668411456,
        "pi_T_OI_total_times_pis2": -0.016022770759506054
      },
      {
        "lam": 2,
        "p2_lat": 2.9999999999999996,
        "pi_T_std_per_top": {
          "T1a": 0.0020856338782769086,
          "T1b": 0.05824670065819986,
          "G_a": -3.729422398586834e-05,
          "G_b": -0.003286453923402778,
          "G_c": -6.289164604216241e-05,
          "T1c": -0.0033437022365186194,
          "T1d": -0.08894511224383,
          "T1e": 0.0,
          "G_d": 0.0
        },
        "pi_T_std_total": -0.03534311973730266,
        "pi_T_OI_total": -0.00010913599452757553,
        "pi_T_OI_total_times_pis2": -0.002980398371478086
      },
      {
        "lam": 3,
        "p2_lat": 4.0,
        "pi_T_std_per_top": {
          "T1a": -0.0003385703111574937,
          "T1b": -0.07706854759421378,
          "G_a": -3.606645629981752e-05,
          "G_b": 0.004370610867771843,
          "G_c": -7.851570725096752e-05,
          "T1c": -0.0020499943055499155,
          "T1d": 0.12178176063450069,
          "T1e": 0.0,
          "G_d": 0.0
        },
        "pi_T_std_total": 0.04658067712780056,
        "pi_T_OI_total": 0.00014177539612298166,
        "pi_T_OI_total_times_pis2": 0.003871748835475445
      }
    ]
  },
  "8": {
    "pi_s": 1.8527609103054097,
    "std_intercept": -0.10131043918321503,
    "OI_intercept_times_pis2": -0.05577723297382035,
    "per_lam": [
      {
        "lam": 1,
        "p2_lat": 0.585786437626905,
        "pi_T_std_per_top": {
          "T1a": 0.005699975546217994,
          "T1b": 0.18128288751549215,
          "G_a": -6.299079593839923e-05,
          "G_b": -0.010458826703758585,
          "G_c": -5.2932547990897106e-05,
          "T1c": -0.006412528955448074,
          "T1d": -0.2614495105986492,
          "T1e": 0.0,
          "G_d": 2.9613582093235063e-18
        },
        "pi_T_std_total": -0.09145392654007499,
        "pi_T_OI_total": -0.014651599396411988,
        "pi_T_OI_total_times_pis2": -0.05029488209940621
      },
      {
        "lam": 2,
        "p2_lat": 1.9999999999999996,
        "pi_T_std_per_top": {
          "T1a": 0.002395591714482804,
          "T1b": 0.050660794343742446,
          "G_a": -4.132927195895077e-05,
          "G_b": -0.002861675231199051,
          "G_c": -4.523180668577872e-05,
          "T1c": -0.0025648065187473105,
          "T1d": -0.07212614354635731,
          "T1e": 0.0,
          "G_d": 8.673617379884037e-19
        },
        "pi_T_std_total": -0.02458280031672315,
        "pi_T_OI_total": -0.004043405874101621,
        "pi_T_OI_total_times_pis2": -0.013879892304985405
      },
      {
        "lam": 3,
        "p2_lat": 3.414213562373095,
        "pi_T_std_per_top": {
          "T1a": 0.001064854338636953,
          "T1b": 0.01131754341031418,
          "G_a": -3.408130633001986e-05,
          "G_b": -0.0006232052172481881,
          "G_c": -5.12562291404769e-05,
          "T1c": -0.0017187217336096928,
          "T1d": -0.0154027149551405,
          "T1e": 0.0,
          "G_d": 5.080887426301078e-19
        },
        "pi_T_std_total": -0.005447581692517744,
        "pi_T_OI_total": -0.0009182813242071832,
        "pi_T_OI_total_times_pis2": -0.003152205413587614
      }
    ]
  },
  "10": {
    "pi_s": 0.9350090581388915,
    "std_intercept": -0.06052107437564431,
    "OI_intercept_times_pis2": -0.05907254470888922,
    "per_lam": [
      {
        "lam": 1,
        "p2_lat": 0.3819660112501051,
        "pi_T_std_per_top": {
          "T1a": 0.005074133168787871,
          "T1b": 0.12532564226533016,
          "G_a": -6.702390044108447e-05,
          "G_b": -0.007210746248161441,
          "G_c": -5.0561604762826026e-05,
          "T1c": -0.004946752458269835,
          "T1d": -0.1766571929011967,
          "T1e": 0.0,
          "G_d": 0.0
        },
        "pi_T_std_total": -0.05853250167871384,
        "pi_T_OI_total": -0.06539065229730628,
        "pi_T_OI_total_times_pis2": -0.057167250643909914
      },
      {
        "lam": 2,
        "p2_lat": 1.381966011250105,
        "pi_T_std_per_top": {
          "T1a": 0.002700827583469022,
          "T1b": 0.040852405517800644,
          "G_a": -4.568327404738521e-05,
          "G_b": -0.0022887885451692053,
          "G_c": -4.3606428303153396e-05,
          "T1c": -0.0025105017166775637,
          "T1d": -0.0568253831125185,
          "T1e": 0.0,
          "G_d": 0.0
        },
        "pi_T_std_total": -0.018160729975446144,
        "pi_T_OI_total": -0.020016660142107207,
        "pi_T_OI_total_times_pis2": -0.017499403770972057
      },
      {
        "lam": 3,
        "p2_lat": 2.618033988749895,
        "pi_T_std_per_top": {
          "T1a": 0.0015663256914459482,
          "T1b": 0.01768366687429113,
          "G_a": -3.623829142117163e-05,
          "G_b": -0.0009687256675692576,
          "G_c": -4.36870144319218e-05,
          "T1c": -0.0017584377424950423,
          "T1d": -0.02416380728457105,
          "T1e": 0.0,
          "G_d": 0.0
        },
        "pi_T_std_total": -0.007720903434751365,
        "pi_T_OI_total": -0.008446639848621443,
        "pi_T_OI_total_times_pis2": -0.007384406797619158
      }
    ]
  },
  "12": {
    "pi_s": 0.6072971295667536,
    "std_intercept": -0.04446909223511195,
    "OI_intercept_times_pis2": 0.053167549981364755,
    "per_lam": [
      {
        "lam": 1,
        "p2_lat": 0.26794919243112264,
        "pi_T_std_per_top": {
          "T1c": -0.004388545569531793,
          "T1d": -0.1373182873169999,
          "T1e": 0.0,
          "G_d": 0.0,
          "G_a": -7.100062848659175e-05,
          "G_b": -0.005636058354937621,
          "G_c": -5.204051303502098e-05,
          "T1a": 0.004999697234800155,
          "T1b": 0.0984305694511203
        },
        "pi_T_std_total": -0.04403566569707048,
        "pi_T_OI_total": 0.1405849465791751,
        "pi_T_OI_total_times_pis2": 0.051849106534172934
      },
      {
        "lam": 2,
        "p2_lat": 0.9999999999999998,
        "pi_T_std_per_top": {
          "T1c": -0.002612864600510679,
          "T1d": -0.050710392875438215,
          "T1e": 0.0,
          "G_d": 0.0,
          "G_a": -4.9746360171060695e-05,
          "G_b": -0.002048552775496203,
          "G_c": -4.578658844751078e-05,
          "T1a": 0.003022222653666533,
          "T1b": 0.03682602062342125
        },
        "pi_T_std_total": -0.015619099922975882,
        "pi_T_OI_total": 0.06441618206806801,
        "pi_T_OI_total_times_pis2": 0.023757319455898852
      },
      {
        "lam": 3,
        "p2_lat": 1.9999999999999996,
        "pi_T_std_per_top": {
          "T1c": -0.0019031396386661476,
          "T1d": -0.025161624483598752,
          "T1e": 0.0,
          "G_d": 0.0,
          "G_a": -3.913054221157388e-05,
          "G_b": -0.0010055401218841738,
          "G_c": -4.248380003153042e-05,
          "T1a": 0.0019367589347452888,
          "T1b": 0.018532935211759343
        },
        "pi_T_std_total": -0.007682224439887545,
        "pi_T_OI_total": 0.0356659697515841,
        "pi_T_OI_total_times_pis2": 0.013153959298572616
      }
    ]
  }
}