2026-09-26T10:27:37.0306981Z Note: This linter can be disabled with `set_option linter.unusedSectionVars false`
2026-09-26T10:27:37.0307457Z warning: OIBridge/TypedCompletion.lean:894:0: automatically included section variable(s) unused in theorem `OIBridge.TypedCompletion.preservesDiag_discardR`:
2026-09-26T10:27:37.0307542Z   [Fintype S]
2026-09-26T10:27:37.0307864Z consider restructuring your `variable` declarations so that the variables are not in scope or explicitly omit them:
2026-09-26T10:27:37.0307967Z   omit [Fintype S] in theorem ...
2026-09-26T10:27:37.0307977Z 
2026-09-26T10:27:37.0308183Z Note: This linter can be disabled with `set_option linter.unusedSectionVars false`
2026-09-26T10:27:37.0308661Z warning: OIBridge/TypedCompletion.lean:905:0: automatically included section variable(s) unused in theorem `OIBridge.TypedCompletion.preservesDiag_localLuders`:
2026-09-26T10:27:37.0308742Z   [Fintype R]
2026-09-26T10:27:37.0309054Z consider restructuring your `variable` declarations so that the variables are not in scope or explicitly omit them:
2026-09-26T10:27:37.0309153Z   omit [Fintype R] in theorem ...
2026-09-26T10:27:37.0309158Z 
2026-09-26T10:27:37.0309356Z Note: This linter can be disabled with `set_option linter.unusedSectionVars false`
2026-09-26T10:27:37.0309802Z info: OIBridge/TypedCompletion.lean:949:0: 'OIBridge.TypedCompletion.attachUniform_fin' depends on axioms: [propext, Classical.choice, Quot.sound]
2026-09-26T10:27:37.0310252Z info: OIBridge/TypedCompletion.lean:950:0: 'OIBridge.TypedCompletion.discardR_fin' depends on axioms: [propext, Classical.choice, Quot.sound]
2026-09-26T10:27:37.0310740Z info: OIBridge/TypedCompletion.lean:951:0: 'OIBridge.TypedCompletion.discardR_attachUniform' depends on axioms: [propext, Classical.choice, Quot.sound]
2026-09-26T10:27:37.0311184Z info: OIBridge/TypedCompletion.lean:952:0: 'OIBridge.TypedCompletion.embL_isometry' depends on axioms: [propext, Classical.choice, Quot.sound]
2026-09-26T10:27:37.0311598Z info: OIBridge/TypedCompletion.lean:953:0: 'OIBridge.TypedCompletion.embR_isometry' depends on axioms: [propext, Classical.choice, Quot.sound]
2026-09-26T10:27:37.0312006Z info: OIBridge/TypedCompletion.lean:954:0: 'OIBridge.TypedCompletion.sum_embL_proj' depends on axioms: [propext, Classical.choice, Quot.sound]
2026-09-26T10:27:37.0312405Z info: OIBridge/TypedCompletion.lean:955:0: 'OIBridge.TypedCompletion.sum_embR_proj' depends on axioms: [propext, Classical.choice, Quot.sound]
2026-09-26T10:27:37.0312824Z info: OIBridge/TypedCompletion.lean:956:0: 'OIBridge.TypedCompletion.embL_conj_apply' depends on axioms: [propext, Classical.choice, Quot.sound]
2026-09-26T10:27:37.0313424Z info: OIBridge/TypedCompletion.lean:957:0: 'OIBridge.TypedCompletion.embR_compress_apply' depends on axioms: [propext, Classical.choice, Quot.sound]
2026-09-26T10:27:37.0313855Z info: OIBridge/TypedCompletion.lean:958:0: 'OIBridge.TypedCompletion.discardR_embL_conj' depends on axioms: [propext, Classical.choice, Quot.sound]
2026-09-26T10:27:37.0314299Z info: OIBridge/TypedCompletion.lean:959:0: 'OIBridge.TypedCompletion.attachUniform_eq_sum' depends on axioms: [propext, Classical.choice, Quot.sound]
2026-09-26T10:27:37.0314752Z info: OIBridge/TypedCompletion.lean:960:0: 'OIBridge.TypedCompletion.isTypedKraus_of_family' depends on axioms: [propext, Classical.choice, Quot.sound]
2026-09-26T10:27:37.0315308Z info: OIBridge/TypedCompletion.lean:961:0: 'OIBridge.TypedCompletion.availT_of_krausFamily' depends on axioms: [propext, Classical.choice, Quot.sound]
2026-09-26T10:27:37.0315728Z info: OIBridge/TypedCompletion.lean:962:0: 'OIBridge.TypedCompletion.wrap_availT' depends on axioms: [propext, Classical.choice, Quot.sound]
2026-09-26T10:27:37.0316248Z info: OIBridge/TypedCompletion.lean:963:0: 'OIBridge.TypedCompletion.wrap_apply' depends on axioms: [propext, Classical.choice, Quot.sound]
2026-09-26T10:27:37.0316665Z info: OIBridge/TypedCompletion.lean:964:0: 'OIBridge.TypedCompletion.recover_of_wrap' depends on axioms: [propext, Classical.choice, Quot.sound]
2026-09-26T10:27:37.0317110Z info: OIBridge/TypedCompletion.lean:965:0: 'OIBridge.TypedCompletion.typedKraus_of_availT' depends on axioms: [propext, Classical.choice, Quot.sound]
2026-09-26T10:27:37.0317672Z info: OIBridge/TypedCompletion.lean:966:0: 'OIBridge.TypedCompletion.sum_emb2_proj' depends on axioms: [propext, Classical.choice, Quot.sound]
2026-09-26T10:27:37.0318088Z info: OIBridge/TypedCompletion.lean:967:0: 'OIBridge.TypedCompletion.emb2_compress' depends on axioms: [propext, Classical.choice, Quot.sound]
2026-09-26T10:27:37.0318520Z info: OIBridge/TypedCompletion.lean:968:0: 'OIBridge.TypedCompletion.regOp_normalized' depends on axioms: [propext, Classical.choice, Quot.sound]
2026-09-26T10:27:37.0318954Z info: OIBridge/TypedCompletion.lean:969:0: 'OIBridge.TypedCompletion.discardR_regOp_conj' depends on axioms: [propext, Classical.choice, Quot.sound]
2026-09-26T10:27:37.0319384Z info: OIBridge/TypedCompletion.lean:970:0: 'OIBridge.TypedCompletion.availT_of_typedKraus' depends on axioms: [propext, Classical.choice, Quot.sound]
2026-09-26T10:27:37.0319914Z info: OIBridge/TypedCompletion.lean:971:0: 'OIBridge.TypedCompletion.typed_determined' depends on axioms: [propext, Classical.choice, Quot.sound]
2026-09-26T10:27:37.0320365Z info: OIBridge/TypedCompletion.lean:972:0: 'OIBridge.TypedCompletion.conjT_eq_conjChannel' depends on axioms: [propext, Classical.choice, Quot.sound]
2026-09-26T10:27:37.0320845Z info: OIBridge/TypedCompletion.lean:973:0: 'OIBridge.TypedCompletion.typedKraus_iff_endomorphic' depends on axioms: [propext, Classical.choice, Quot.sound]
2026-09-26T10:27:37.0321420Z info: OIBridge/TypedCompletion.lean:974:0: 'OIBridge.TypedCompletion.shadowQuantum_of_typed' depends on axioms: [propext, Classical.choice, Quot.sound]
2026-09-26T10:27:37.0321855Z info: OIBridge/TypedCompletion.lean:975:0: 'OIBridge.TypedCompletion.typed_determined_iff' depends on axioms: [propext, Classical.choice, Quot.sound]
2026-09-26T10:27:37.0322331Z info: OIBridge/TypedCompletion.lean:976:0: 'OIBridge.TypedCompletion.typed_determined_of_oiPlusElem' depends on axioms: [propext, Classical.choice, Quot.sound]
2026-09-26T10:27:37.0322788Z info: OIBridge/TypedCompletion.lean:977:0: 'OIBridge.TypedCompletion.preservesDiag_transportT' depends on axioms: [propext, Classical.choice, Quot.sound]
2026-09-26T10:27:37.0323263Z info: OIBridge/TypedCompletion.lean:978:0: 'OIBridge.TypedCompletion.preservesDiag_attachUniform' depends on axioms: [propext, Classical.choice, Quot.sound]
2026-09-26T10:27:37.0323727Z info: OIBridge/TypedCompletion.lean:979:0: 'OIBridge.TypedCompletion.preservesDiag_discardR' depends on axioms: [propext, Classical.choice, Quot.sound]
2026-09-26T10:27:37.0324346Z info: OIBridge/TypedCompletion.lean:980:0: 'OIBridge.TypedCompletion.preservesDiag_localLuders' depends on axioms: [propext, Classical.choice, Quot.sound]
2026-09-26T10:27:37.0324811Z info: OIBridge/TypedCompletion.lean:981:0: 'OIBridge.TypedCompletion.typedDiag_shadow_not_control' depends on axioms: [propext, Classical.choice, Quot.sound]
2026-09-26T10:27:37.0325255Z info: OIBridge/TypedCompletion.lean:982:0: 'OIBridge.TypedCompletion.typedDiag_shadow_not_qm' depends on axioms: [propext, Classical.choice, Quot.sound]
2026-09-26T10:27:37.0325707Z info: OIBridge/TypedCompletion.lean:983:0: 'OIBridge.TypedCompletion.typed_interface_not_quantum' depends on axioms: [propext, Classical.choice, Quot.sound]
2026-09-26T10:27:37.0326035Z ⚠ [3461/3600] Replayed OIBridge.RegionLimit
2026-09-26T10:27:37.0326611Z warning: OIBridge/RegionLimit.lean:99:0: automatically included section variable(s) unused in theorem `OIBridge.RegionLimit.restrict_eq_discardR`:
2026-09-26T10:27:37.0326710Z   [Fintype S]
2026-09-26T10:27:37.0326795Z   [DecidableEq S]
2026-09-26T10:27:37.0327135Z consider restructuring your `variable` declarations so that the variables are not in scope or explicitly omit them:
2026-09-26T10:27:37.0327272Z   omit [Fintype S] [DecidableEq S] in theorem ...
2026-09-26T10:27:37.0327277Z 
2026-09-26T10:27:37.0327509Z Note: This linter can be disabled with `set_option linter.unusedSectionVars false`
2026-09-26T10:27:37.0327933Z warning: OIBridge/RegionLimit.lean:105:0: automatically included section variable(s) unused in theorem `OIBridge.RegionLimit.inclObs_apply`:
2026-09-26T10:27:37.0328019Z   [Fintype S]
2026-09-26T10:27:37.0328106Z   [DecidableEq S]
2026-09-26T10:27:37.0328433Z consider restructuring your `variable` declarations so that the variables are not in scope or explicitly omit them:
2026-09-26T10:27:37.0328557Z   omit [Fintype S] [DecidableEq S] in theorem ...
2026-09-26T10:27:37.0328571Z 
2026-09-26T10:27:37.0328777Z Note: This linter can be disabled with `set_option linter.unusedSectionVars false`
2026-09-26T10:27:37.0329188Z warning: OIBridge/RegionLimit.lean:110:0: automatically included section variable(s) unused in theorem `OIBridge.RegionLimit.trace_tensorOf`:
2026-09-26T10:27:37.0329273Z   [DecidableEq S]
2026-09-26T10:27:37.0329360Z   [DecidableEq R]
2026-09-26T10:27:37.0329672Z consider restructuring your `variable` declarations so that the variables are not in scope or explicitly omit them:
2026-09-26T10:27:37.0329808Z   omit [DecidableEq S] [DecidableEq R] in theorem ...
2026-09-26T10:27:37.0329813Z 
2026-09-26T10:27:37.0330022Z Note: This linter can be disabled with `set_option linter.unusedSectionVars false`
2026-09-26T10:27:37.0330426Z warning: OIBridge/RegionLimit.lean:116:0: automatically included section variable(s) unused in theorem `OIBridge.RegionLimit.tensorOf_mul`:
2026-09-26T10:27:37.0330513Z   [DecidableEq S]
2026-09-26T10:27:37.0330600Z   [DecidableEq R]
2026-09-26T10:27:37.0330914Z consider restructuring your `variable` declarations so that the variables are not in scope or explicitly omit them:
2026-09-26T10:27:37.0331038Z   omit [DecidableEq S] [DecidableEq R] in theorem ...
2026-09-26T10:27:37.0331043Z 
2026-09-26T10:27:37.0331252Z Note: This linter can be disabled with `set_option linter.unusedSectionVars false`
2026-09-26T10:27:37.0331454Z warning: OIBridge/RegionLimit.lean:128:59: This simp argument is unused:
2026-09-26T10:27:37.0331538Z   Finset.sum_mul
2026-09-26T10:27:37.0331543Z 
2026-09-26T10:27:37.0331661Z Hint: Omit it from the simp argument list.
2026-09-26T10:27:37.0331982Z   [apply] simp only [Matrix.trace, Matrix.diag_apply, Matrix.mul_apply, inclObs_apply, restrict, discardR_apply,
2026-09-26T10:27:37.0332090Z     Fintype.sum_prod_type, Finset.mul_sum]
2026-09-26T10:27:37.0332094Z 
2026-09-26T10:27:37.0332317Z Note: This linter can be disabled with `set_option linter.unusedSimpArgs false`
2026-09-26T10:27:37.0332768Z warning: OIBridge/RegionLimit.lean:160:0: automatically included section variable(s) unused in theorem `OIBridge.RegionLimit.pureProduct_consistent`:
2026-09-26T10:27:37.0333018Z   [Fintype S]
2026-09-26T10:27:37.0333107Z   [DecidableEq S]
2026-09-26T10:27:37.0333427Z consider restructuring your `variable` declarations so that the variables are not in scope or explicitly omit them:
2026-09-26T10:27:37.0333547Z   omit [Fintype S] [DecidableEq S] in theorem ...
2026-09-26T10:27:37.0333551Z 
2026-09-26T10:27:37.0333766Z Note: This linter can be disabled with `set_option linter.unusedSectionVars false`
2026-09-26T10:27:37.0333964Z warning: OIBridge/RegionLimit.lean:164:8: This simp argument is unused:
2026-09-26T10:27:37.0334052Z   Finset.sum_ite_eq'
2026-09-26T10:27:37.0334056Z 
2026-09-26T10:27:37.0334167Z Hint: Omit it from the simp argument list.
2026-09-26T10:27:37.0334253Z   [apply] simp
2026-09-26T10:27:37.0334257Z 
2026-09-26T10:27:37.0334542Z Note: This linter can be disabled with `set_option linter.unusedSimpArgs false`
2026-09-26T10:27:37.0334973Z info: OIBridge/RegionLimit.lean:335:0: 'OIBridge.RegionLimit.restrict_eq_discardR' depends on axioms: [propext, Classical.choice, Quot.sound]
2026-09-26T10:27:37.0335369Z info: OIBridge/RegionLimit.lean:336:0: 'OIBridge.RegionLimit.trace_tensorOf' depends on axioms: [propext, Classical.choice, Quot.sound]
2026-09-26T10:27:37.0335749Z info: OIBridge/RegionLimit.lean:337:0: 'OIBridge.RegionLimit.tensorOf_mul' depends on axioms: [propext, Classical.choice, Quot.sound]
2026-09-26T10:27:37.0336272Z info: OIBridge/RegionLimit.lean:338:0: 'OIBridge.RegionLimit.trace_inclObs_mul' depends on axioms: [propext, Classical.choice, Quot.sound]
2026-09-26T10:27:37.0336679Z info: OIBridge/RegionLimit.lean:339:0: 'OIBridge.RegionLimit.uniform_consistent' depends on axioms: [propext, Classical.choice, Quot.sound]
2026-09-26T10:27:37.0337103Z info: OIBridge/RegionLimit.lean:340:0: 'OIBridge.RegionLimit.pureProduct_consistent' depends on axioms: [propext, Classical.choice, Quot.sound]
2026-09-26T10:27:37.0337515Z info: OIBridge/RegionLimit.lean:341:0: 'OIBridge.RegionLimit.overlap_uniform_pure' depends on axioms: [propext, Classical.choice, Quot.sound]
2026-09-26T10:27:37.0337936Z info: OIBridge/RegionLimit.lean:342:0: 'OIBridge.RegionLimit.overlap_eventually_small' depends on axioms: [propext, Classical.choice, Quot.sound]
2026-09-26T10:27:37.0338329Z info: OIBridge/RegionLimit.lean:343:0: 'OIBridge.RegionLimit.genZero_hermitian' depends on axioms: [propext, Classical.choice, Quot.sound]
2026-09-26T10:27:37.0338727Z info: OIBridge/RegionLimit.lean:344:0: 'OIBridge.RegionLimit.genTwoPi_hermitian' depends on axioms: [propext, Classical.choice, Quot.sound]
2026-09-26T10:27:37.0339103Z info: OIBridge/RegionLimit.lean:345:0: 'OIBridge.RegionLimit.flow_genZero' depends on axioms: [propext, Classical.choice, Quot.sound]
2026-09-26T10:27:37.0339479Z info: OIBridge/RegionLimit.lean:346:0: 'OIBridge.RegionLimit.flow_genTwoPi' depends on axioms: [propext, Classical.choice, Quot.sound]
2026-09-26T10:27:37.0339879Z info: OIBridge/RegionLimit.lean:347:0: 'OIBridge.RegionLimit.flows_agree_integer' depends on axioms: [propext, Classical.choice, Quot.sound]
2026-09-26T10:27:37.0340268Z info: OIBridge/RegionLimit.lean:348:0: 'OIBridge.RegionLimit.flows_differ_half' depends on axioms: [propext, Classical.choice, Quot.sound]
2026-09-26T10:27:37.0340713Z info: OIBridge/RegionLimit.lean:349:0: 'OIBridge.RegionLimit.continuous_extension_not_unique' depends on axioms: [propext, Classical.choice, Quot.sound]
2026-09-26T10:27:37.0341127Z info: OIBridge/RegionLimit.lean:350:0: 'OIBridge.RegionLimit.continuum_audit_round1' depends on axioms: [propext, Classical.choice, Quot.sound]
2026-09-26T10:27:37.0341307Z ⚠ [3462/3600] Replayed OIBridge.RegionTower
2026-09-26T10:27:37.0341720Z warning: OIBridge/RegionTower.lean:99:0: automatically included section variable(s) unused in theorem `OIBridge.RegionTower.confRestrict_refl`:
2026-09-26T10:27:37.0341847Z   [DecidableEq ι]
2026-09-26T10:27:37.0341935Z   [Fintype Q]
2026-09-26T10:27:37.0342158Z   [DecidableEq Q]
2026-09-26T10:27:37.0342502Z consider restructuring your `variable` declarations so that the variables are not in scope or explicitly omit them:
2026-09-26T10:27:37.0342751Z   omit [DecidableEq ι] [Fintype Q] [DecidableEq Q] in theorem ...
2026-09-26T10:27:37.0342756Z 
2026-09-26T10:27:37.0342979Z Note: This linter can be disabled with `set_option linter.unusedSectionVars false`
2026-09-26T10:27:37.0343411Z warning: OIBridge/RegionTower.lean:102:0: automatically included section variable(s) unused in theorem `OIBridge.RegionTower.confRestrict_trans`:
2026-09-26T10:27:37.0343530Z   [DecidableEq ι]
2026-09-26T10:27:37.0343612Z   [Fintype Q]
2026-09-26T10:27:37.0343700Z   [DecidableEq Q]
2026-09-26T10:27:37.0344022Z consider restructuring your `variable` declarations so that the variables are not in scope or explicitly omit them:
2026-09-26T10:27:37.0344359Z   omit [DecidableEq ι] [Fintype Q] [DecidableEq Q] in theorem ...
2026-09-26T10:27:37.0344364Z 
2026-09-26T10:27:37.0344580Z Note: This linter can be disabled with `set_option linter.unusedSectionVars false`
2026-09-26T10:27:37.0344990Z warning: OIBridge/RegionTower.lean:105:0: automatically included section variable(s) unused in theorem `OIBridge.RegionTower.agreeOff_refl`:
2026-09-26T10:27:37.0345106Z   [DecidableEq ι]
2026-09-26T10:27:37.0345191Z   [Fintype Q]
2026-09-26T10:27:37.0345280Z   [DecidableEq Q]
2026-09-26T10:27:37.0345759Z consider restructuring your `variable` declarations so that the variables are not in scope or explicitly omit them:
2026-09-26T10:27:37.0346083Z   omit [DecidableEq ι] [Fintype Q] [DecidableEq Q] in theorem ...
2026-09-26T10:27:37.0346088Z 
2026-09-26T10:27:37.0346291Z Note: This linter can be disabled with `set_option linter.unusedSectionVars false`
2026-09-26T10:27:37.0346707Z warning: OIBridge/RegionTower.lean:110:0: automatically included section variable(s) unused in theorem `OIBridge.RegionTower.agreeOff_trans_iff`:
2026-09-26T10:27:37.0346803Z   [Fintype Q]
2026-09-26T10:27:37.0346888Z   [DecidableEq Q]
2026-09-26T10:27:37.0347207Z consider restructuring your `variable` declarations so that the variables are not in scope or explicitly omit them:
2026-09-26T10:27:37.0347333Z   omit [Fintype Q] [DecidableEq Q] in theorem ...
2026-09-26T10:27:37.0347339Z 
2026-09-26T10:27:37.0347538Z Note: This linter can be disabled with `set_option linter.unusedSectionVars false`
2026-09-26T10:27:37.0347949Z warning: OIBridge/RegionTower.lean:133:0: automatically included section variable(s) unused in theorem `OIBridge.RegionTower.inclObs_apply`:
2026-09-26T10:27:37.0348034Z   [Fintype Q]
2026-09-26T10:27:37.0348340Z consider restructuring your `variable` declarations so that the variables are not in scope or explicitly omit them:
2026-09-26T10:27:37.0348452Z   omit [Fintype Q] in theorem ...
2026-09-26T10:27:37.0348480Z 
2026-09-26T10:27:37.0348794Z Note: This linter can be disabled with `set_option linter.unusedSectionVars false`
2026-09-26T10:27:37.0349186Z warning: OIBridge/RegionTower.lean:404:0: automatically included section variable(s) unused in theorem `OIBridge.RegionTower.card_conf`:
2026-09-26T10:27:37.0349278Z   [DecidableEq Q]
2026-09-26T10:27:37.0349591Z consider restructuring your `variable` declarations so that the variables are not in scope or explicitly omit them:
2026-09-26T10:27:37.0349742Z   omit [DecidableEq Q] in theorem ...
2026-09-26T10:27:37.0349751Z 
2026-09-26T10:27:37.0350067Z Note: This linter can be disabled with `set_option linter.unusedSectionVars false`
2026-09-26T10:27:37.0350569Z info: OIBridge/RegionTower.lean:552:0: 'OIBridge.RegionTower.confRestrict_trans' depends on axioms: [propext, Classical.choice, Quot.sound]
2026-09-26T10:27:37.0350962Z info: OIBridge/RegionTower.lean:553:0: 'OIBridge.RegionTower.agreeOff_trans_iff' depends on axioms: [propext, Classical.choice, Quot.sound]
2026-09-26T10:27:37.0351348Z info: OIBridge/RegionTower.lean:554:0: 'OIBridge.RegionTower.inclObs_refl' depends on axioms: [propext, Classical.choice, Quot.sound]
2026-09-26T10:27:37.0351728Z info: OIBridge/RegionTower.lean:555:0: 'OIBridge.RegionTower.inclObs_trans' depends on axioms: [propext, Classical.choice, Quot.sound]
2026-09-26T10:27:37.0352261Z info: OIBridge/RegionTower.lean:556:0: 'OIBridge.RegionTower.restrict_refl' depends on axioms: [propext, Classical.choice, Quot.sound]
2026-09-26T10:27:37.0352634Z info: OIBridge/RegionTower.lean:557:0: 'OIBridge.RegionTower.sum4_comm' depends on axioms: [propext, Classical.choice, Quot.sound]
2026-09-26T10:27:37.0353064Z info: OIBridge/RegionTower.lean:558:0: 'OIBridge.RegionTower.trace_inclObs_mul_restrict' depends on axioms: [propext, Classical.choice, Quot.sound]
2026-09-26T10:27:37.0353453Z info: OIBridge/RegionTower.lean:559:0: 'OIBridge.RegionTower.eq_of_trace_pairing' depends on axioms: [propext, Classical.choice, Quot.sound]
2026-09-26T10:27:37.0353964Z info: OIBridge/RegionTower.lean:560:0: 'OIBridge.RegionTower.restrict_trans' depends on axioms: [propext, Classical.choice, Quot.sound]
2026-09-26T10:27:37.0354396Z info: OIBridge/RegionTower.lean:561:0: 'OIBridge.RegionTower.dependsOnlyOn_comp_step' depends on axioms: [propext, Classical.choice, Quot.sound]
2026-09-26T10:27:37.0354828Z info: OIBridge/RegionTower.lean:562:0: 'OIBridge.RegionTower.iterate_dependsOnlyOn_ball' depends on axioms: [propext, Classical.choice, Quot.sound]
2026-09-26T10:27:37.0355245Z info: OIBridge/RegionTower.lean:563:0: 'OIBridge.RegionTower.site_iterate_dependsOnlyOn' depends on axioms: [propext, Classical.choice, Quot.sound]
2026-09-26T10:27:37.0355691Z info: OIBridge/RegionTower.lean:564:0: 'OIBridge.RegionTower.readout_unaffected_outside_ball' depends on axioms: [propext, Classical.choice, Quot.sound]
2026-09-26T10:27:37.0356219Z info: OIBridge/RegionTower.lean:565:0: 'OIBridge.RegionTower.restrict_add' depends on axioms: [propext, Classical.choice, Quot.sound]
2026-09-26T10:27:37.0356611Z info: OIBridge/RegionTower.lean:566:0: 'OIBridge.RegionTower.restrict_smul' depends on axioms: [propext, Classical.choice, Quot.sound]
2026-09-26T10:27:37.0357045Z info: OIBridge/RegionTower.lean:567:0: 'OIBridge.RegionTower.consistent_mix' depends on axioms: [propext, Classical.choice, Quot.sound]
2026-09-26T10:27:37.0357575Z info: OIBridge/RegionTower.lean:568:0: 'OIBridge.RegionTower.card_extensions_agree' depends on axioms: [propext, Classical.choice, Quot.sound]
2026-09-26T10:27:37.0357944Z info: OIBridge/RegionTower.lean:569:0: 'OIBridge.RegionTower.card_fibre' depends on axioms: [propext, Classical.choice, Quot.sound]
2026-09-26T10:27:37.0358309Z info: OIBridge/RegionTower.lean:570:0: 'OIBridge.RegionTower.card_conf' depends on axioms: [propext, Classical.choice, Quot.sound]
2026-09-26T10:27:37.0358723Z info: OIBridge/RegionTower.lean:571:0: 'OIBridge.RegionTower.restrict_uniform_apply' depends on axioms: [propext, Classical.choice, Quot.sound]
2026-09-26T10:27:37.0359271Z info: OIBridge/RegionTower.lean:572:0: 'OIBridge.RegionTower.uniform_family_consistent' depends on axioms: [propext, Classical.choice, Quot.sound]
2026-09-26T10:27:37.0359690Z info: OIBridge/RegionTower.lean:573:0: 'OIBridge.RegionTower.phaseGate_conj_apply' depends on axioms: [propext, Classical.choice, Quot.sound]
2026-09-26T10:27:37.0360135Z info: OIBridge/RegionTower.lean:574:0: 'OIBridge.RegionTower.offDiag_zero_of_phase_invariant' depends on axioms: [propext, Classical.choice, Quot.sound]
2026-09-26T10:27:37.0360647Z info: OIBridge/RegionTower.lean:575:0: 'OIBridge.RegionTower.diag_eq_of_perm_invariant' depends on axioms: [propext, Classical.choice, Quot.sound]
2026-09-26T10:27:37.0361066Z info: OIBridge/RegionTower.lean:576:0: 'OIBridge.RegionTower.invariant_state_scalar' depends on axioms: [propext, Classical.choice, Quot.sound]
2026-09-26T10:27:37.0361506Z info: OIBridge/RegionTower.lean:577:0: 'OIBridge.RegionTower.invariant_normalized_eq_uniform' depends on axioms: [propext, Classical.choice, Quot.sound]
2026-09-26T10:27:37.0361912Z info: OIBridge/RegionTower.lean:578:0: 'OIBridge.RegionTower.uniform_invariant' depends on axioms: [propext, Classical.choice, Quot.sound]
2026-09-26T10:27:37.0362313Z info: OIBridge/RegionTower.lean:579:0: 'OIBridge.RegionTower.state_selection_audit' depends on axioms: [propext, Classical.choice, Quot.sound]
2026-09-26T10:27:37.0362658Z ℹ [3467/3600] Replayed OIBridge.QuasilocalAlgebra
2026-09-26T10:27:37.0363091Z info: OIBridge/QuasilocalAlgebra.lean:1372:0: 'OIBridge.QuasilocalAlgebra.glob_patch' depends on axioms: [propext, Classical.choice, Quot.sound]
2026-09-26T10:27:37.0363556Z info: OIBridge/QuasilocalAlgebra.lean:1373:0: 'OIBridge.QuasilocalAlgebra.patch_apply_of_not_mem' depends on axioms: [propext, Classical.choice, Quot.sound]
2026-09-26T10:27:37.0364000Z info: OIBridge/QuasilocalAlgebra.lean:1374:0: 'OIBridge.QuasilocalAlgebra.patch_apply_of_mem' depends on axioms: [propext, Classical.choice, Quot.sound]
2026-09-26T10:27:37.0364443Z info: OIBridge/QuasilocalAlgebra.lean:1375:0: 'OIBridge.QuasilocalAlgebra.agreeOffG_patch' depends on axioms: [propext, Classical.choice, Quot.sound]
2026-09-26T10:27:37.0364993Z info: OIBridge/QuasilocalAlgebra.lean:1376:0: 'OIBridge.QuasilocalAlgebra.agreeOffG_refl' depends on axioms: [propext, Classical.choice, Quot.sound]
2026-09-26T10:27:37.0365433Z info: OIBridge/QuasilocalAlgebra.lean:1377:0: 'OIBridge.QuasilocalAlgebra.agreeOffG_symm' depends on axioms: [propext, Classical.choice, Quot.sound]
2026-09-26T10:27:37.0366071Z info: OIBridge/QuasilocalAlgebra.lean:1378:0: 'OIBridge.QuasilocalAlgebra.agreeOffG_trans' depends on axioms: [propext, Classical.choice, Quot.sound]
2026-09-26T10:27:37.0366545Z info: OIBridge/QuasilocalAlgebra.lean:1379:0: 'OIBridge.QuasilocalAlgebra.eq_patch_of_agreeOffG' depends on axioms: [propext, Classical.choice, Quot.sound]
2026-09-26T10:27:37.0366967Z info: OIBridge/QuasilocalAlgebra.lean:1380:0: 'OIBridge.QuasilocalAlgebra.patch_glob' depends on axioms: [propext, Classical.choice, Quot.sound]
2026-09-26T10:27:37.0367393Z info: OIBridge/QuasilocalAlgebra.lean:1381:0: 'OIBridge.QuasilocalAlgebra.patch_eq_iff' depends on axioms: [propext, Classical.choice, Quot.sound]
2026-09-26T10:27:37.0367877Z info: OIBridge/QuasilocalAlgebra.lean:1382:0: 'OIBridge.QuasilocalAlgebra.agreeOffG_iff' depends on axioms: [propext, Classical.choice, Quot.sound]
2026-09-26T10:27:37.0368415Z info: OIBridge/QuasilocalAlgebra.lean:1383:0: 'OIBridge.QuasilocalAlgebra.confRestrict_glob' depends on axioms: [propext, Classical.choice, Quot.sound]
2026-09-26T10:27:37.0368846Z info: OIBridge/QuasilocalAlgebra.lean:1384:0: 'OIBridge.QuasilocalAlgebra.kern_of_agree' depends on axioms: [propext, Classical.choice, Quot.sound]
2026-09-26T10:27:37.0369306Z info: OIBridge/QuasilocalAlgebra.lean:1385:0: 'OIBridge.QuasilocalAlgebra.kern_of_not_agree' depends on axioms: [propext, Classical.choice, Quot.sound]
2026-09-26T10:27:37.0369837Z info: OIBridge/QuasilocalAlgebra.lean:1386:0: 'OIBridge.QuasilocalAlgebra.kern_patch' depends on axioms: [propext, Classical.choice, Quot.sound]
2026-09-26T10:27:37.0370270Z info: OIBridge/QuasilocalAlgebra.lean:1387:0: 'OIBridge.QuasilocalAlgebra.kern_inclObs' depends on axioms: [propext, Classical.choice, Quot.sound]
2026-09-26T10:27:37.0370685Z info: OIBridge/QuasilocalAlgebra.lean:1388:0: 'OIBridge.QuasilocalAlgebra.kern_add' depends on axioms: [propext, Classical.choice, Quot.sound]
2026-09-26T10:27:37.0371094Z info: OIBridge/QuasilocalAlgebra.lean:1389:0: 'OIBridge.QuasilocalAlgebra.kern_smul' depends on axioms: [propext, Classical.choice, Quot.sound]
2026-09-26T10:27:37.0371546Z info: OIBridge/QuasilocalAlgebra.lean:1390:0: 'OIBridge.QuasilocalAlgebra.kern_conjTranspose' depends on axioms: [propext, Classical.choice, Quot.sound]
2026-09-26T10:27:37.0371948Z info: OIBridge/QuasilocalAlgebra.lean:1391:0: 'OIBridge.QuasilocalAlgebra.kern_one' depends on axioms: [propext, Classical.choice, Quot.sound]
2026-09-26T10:27:37.0372363Z info: OIBridge/QuasilocalAlgebra.lean:1392:0: 'OIBridge.QuasilocalAlgebra.emb_single' depends on axioms: [propext, Classical.choice, Quot.sound]
2026-09-26T10:27:37.0372807Z info: OIBridge/QuasilocalAlgebra.lean:1393:0: 'OIBridge.QuasilocalAlgebra.emb_single_apply' depends on axioms: [propext, Classical.choice, Quot.sound]
2026-09-26T10:27:37.0373364Z info: OIBridge/QuasilocalAlgebra.lean:1394:0: 'OIBridge.QuasilocalAlgebra.kerOf_emb' depends on axioms: [propext, Classical.choice, Quot.sound]
2026-09-26T10:27:37.0373778Z info: OIBridge/QuasilocalAlgebra.lean:1395:0: 'OIBridge.QuasilocalAlgebra.ext_of_kerOf' depends on axioms: [propext, Classical.choice, Quot.sound]
2026-09-26T10:27:37.0374331Z info: OIBridge/QuasilocalAlgebra.lean:1396:0: 'OIBridge.QuasilocalAlgebra.kerOf_add' depends on axioms: [propext, Classical.choice, Quot.sound]
2026-09-26T10:27:37.0374751Z info: OIBridge/QuasilocalAlgebra.lean:1397:0: 'OIBridge.QuasilocalAlgebra.kerOf_smul' depends on axioms: [propext, Classical.choice, Quot.sound]
2026-09-26T10:27:37.0375158Z info: OIBridge/QuasilocalAlgebra.lean:1398:0: 'OIBridge.QuasilocalAlgebra.kerOf_one' depends on axioms: [propext, Classical.choice, Quot.sound]
2026-09-26T10:27:37.0375702Z info: OIBridge/QuasilocalAlgebra.lean:1399:0: 'OIBridge.QuasilocalAlgebra.emb_inclObs' depends on axioms: [propext, Classical.choice, Quot.sound]
2026-09-26T10:27:37.0376255Z info: OIBridge/QuasilocalAlgebra.lean:1400:0: 'OIBridge.QuasilocalAlgebra.emb_add' depends on axioms: [propext, Classical.choice, Quot.sound]
2026-09-26T10:27:37.0376814Z info: OIBridge/QuasilocalAlgebra.lean:1401:0: 'OIBridge.QuasilocalAlgebra.emb_smul' depends on axioms: [propext, Classical.choice, Quot.sound]
2026-09-26T10:27:37.0377329Z info: OIBridge/QuasilocalAlgebra.lean:1402:0: 'OIBridge.QuasilocalAlgebra.emb_zero' depends on axioms: [propext, Classical.choice, Quot.sound]
2026-09-26T10:27:37.0377871Z info: OIBridge/QuasilocalAlgebra.lean:1403:0: 'OIBridge.QuasilocalAlgebra.emb_one' depends on axioms: [propext, Classical.choice, Quot.sound]
2026-09-26T10:27:37.0378273Z info: OIBridge/QuasilocalAlgebra.lean:1404:0: 'OIBridge.QuasilocalAlgebra.emb_mul' depends on axioms: [propext, Classical.choice, Quot.sound]
2026-09-26T10:27:37.0378711Z info: OIBridge/QuasilocalAlgebra.lean:1405:0: 'OIBridge.QuasilocalAlgebra.emb_injective' depends on axioms: [propext, Classical.choice, Quot.sound]
2026-09-26T10:27:37.0379127Z info: OIBridge/QuasilocalAlgebra.lean:1406:0: 'OIBridge.QuasilocalAlgebra.emb_eq_iff' depends on axioms: [propext, Classical.choice, Quot.sound]
2026-09-26T10:27:37.0379550Z info: OIBridge/QuasilocalAlgebra.lean:1407:0: 'OIBridge.QuasilocalAlgebra.inclObs_mul' depends on axioms: [propext, Classical.choice, Quot.sound]
2026-09-26T10:27:37.0379963Z info: OIBridge/QuasilocalAlgebra.lean:1408:0: 'OIBridge.QuasilocalAlgebra.inclObs_one' depends on axioms: [propext, Classical.choice, Quot.sound]
2026-09-26T10:27:37.0380411Z info: OIBridge/QuasilocalAlgebra.lean:1409:0: 'OIBridge.QuasilocalAlgebra.inclObs_injective' depends on axioms: [propext, Classical.choice, Quot.sound]
2026-09-26T10:27:37.0380830Z info: OIBridge/QuasilocalAlgebra.lean:1410:0: 'OIBridge.QuasilocalAlgebra.inclObs_add' depends on axioms: [propext, Classical.choice, Quot.sound]
2026-09-26T10:27:37.0381252Z info: OIBridge/QuasilocalAlgebra.lean:1411:0: 'OIBridge.QuasilocalAlgebra.inclObs_smul' depends on axioms: [propext, Classical.choice, Quot.sound]
2026-09-26T10:27:37.0381721Z info: OIBridge/QuasilocalAlgebra.lean:1412:0: 'OIBridge.QuasilocalAlgebra.inclObs_conjTranspose' depends on axioms: [propext, Classical.choice, Quot.sound]
2026-09-26T10:27:37.0382121Z info: OIBridge/QuasilocalAlgebra.lean:1413:0: 'OIBridge.QuasilocalAlgebra.ofM_val' depends on axioms: [propext, Classical.choice, Quot.sound]
2026-09-26T10:27:37.0382533Z info: OIBridge/QuasilocalAlgebra.lean:1414:0: 'OIBridge.QuasilocalAlgebra.ofM_inclObs' depends on axioms: [propext, Classical.choice, Quot.sound]
2026-09-26T10:27:37.0382934Z info: OIBridge/QuasilocalAlgebra.lean:1415:0: 'OIBridge.QuasilocalAlgebra.ofM_add' depends on axioms: [propext, Classical.choice, Quot.sound]
2026-09-26T10:27:37.0383335Z info: OIBridge/QuasilocalAlgebra.lean:1416:0: 'OIBridge.QuasilocalAlgebra.ofM_mul' depends on axioms: [propext, Classical.choice, Quot.sound]
2026-09-26T10:27:37.0383735Z info: OIBridge/QuasilocalAlgebra.lean:1417:0: 'OIBridge.QuasilocalAlgebra.ofM_smul' depends on axioms: [propext, Classical.choice, Quot.sound]
2026-09-26T10:27:37.0384288Z info: OIBridge/QuasilocalAlgebra.lean:1418:0: 'OIBridge.QuasilocalAlgebra.ofM_one' depends on axioms: [propext, Classical.choice, Quot.sound]
2026-09-26T10:27:37.0384698Z info: OIBridge/QuasilocalAlgebra.lean:1419:0: 'OIBridge.QuasilocalAlgebra.ofM_zero' depends on axioms: [propext, Classical.choice, Quot.sound]
2026-09-26T10:27:37.0385097Z info: OIBridge/QuasilocalAlgebra.lean:1420:0: 'OIBridge.QuasilocalAlgebra.ofM_neg' depends on axioms: [propext, Classical.choice, Quot.sound]
2026-09-26T10:27:37.0385493Z info: OIBridge/QuasilocalAlgebra.lean:1421:0: 'OIBridge.QuasilocalAlgebra.ofM_sub' depends on axioms: [propext, Classical.choice, Quot.sound]
2026-09-26T10:27:37.0386145Z info: OIBridge/QuasilocalAlgebra.lean:1422:0: 'OIBridge.QuasilocalAlgebra.ofM_injective' depends on axioms: [propext, Classical.choice, Quot.sound]
2026-09-26T10:27:37.0386562Z info: OIBridge/QuasilocalAlgebra.lean:1423:0: 'OIBridge.QuasilocalAlgebra.ofM_eq_iff' depends on axioms: [propext, Classical.choice, Quot.sound]
2026-09-26T10:27:37.0386976Z info: OIBridge/QuasilocalAlgebra.lean:1424:0: 'OIBridge.QuasilocalAlgebra.exists_ofM' depends on axioms: [propext, Classical.choice, Quot.sound]
2026-09-26T10:27:37.0387600Z info: OIBridge/QuasilocalAlgebra.lean:1425:0: 'OIBridge.QuasilocalAlgebra.exists_ofM₂' depends on axioms: [propext, Classical.choice, Quot.sound]
2026-09-26T10:27:37.0388129Z info: OIBridge/QuasilocalAlgebra.lean:1426:0: 'OIBridge.QuasilocalAlgebra.exists_ofM₃' depends on axioms: [propext, Classical.choice, Quot.sound]
2026-09-26T10:27:37.0388681Z info: OIBridge/QuasilocalAlgebra.lean:1427:0: 'OIBridge.QuasilocalAlgebra.inclHom_apply' depends on axioms: [propext, Classical.choice, Quot.sound]
2026-09-26T10:27:37.0389129Z info: OIBridge/QuasilocalAlgebra.lean:1428:0: 'OIBridge.QuasilocalAlgebra.norm_inclObs' depends on axioms: [propext, Classical.choice, Quot.sound]
2026-09-26T10:27:37.0389541Z info: OIBridge/QuasilocalAlgebra.lean:1429:0: 'OIBridge.QuasilocalAlgebra.ofM_rep' depends on axioms: [propext, Classical.choice, Quot.sound]
2026-09-26T10:27:37.0389943Z info: OIBridge/QuasilocalAlgebra.lean:1430:0: 'OIBridge.QuasilocalAlgebra.star_ofM' depends on axioms: [propext, Classical.choice, Quot.sound]
2026-09-26T10:27:37.0390342Z info: OIBridge/QuasilocalAlgebra.lean:1431:0: 'OIBridge.QuasilocalAlgebra.nrm_ofM' depends on axioms: [propext, Classical.choice, Quot.sound]
2026-09-26T10:27:37.0390747Z info: OIBridge/QuasilocalAlgebra.lean:1432:0: 'OIBridge.QuasilocalAlgebra.norm_ofM' depends on axioms: [propext, Classical.choice, Quot.sound]
2026-09-26T10:27:37.0391200Z info: OIBridge/QuasilocalAlgebra.lean:1433:0: 'OIBridge.QuasilocalAlgebra.isometry_star_local' depends on axioms: [propext, Classical.choice, Quot.sound]
2026-09-26T10:27:37.0391604Z info: OIBridge/QuasilocalAlgebra.lean:1434:0: 'OIBridge.QuasilocalAlgebra.star_coe' depends on axioms: [propext, Classical.choice, Quot.sound]
2026-09-26T10:27:37.0392056Z info: OIBridge/QuasilocalAlgebra.lean:1435:0: 'OIBridge.QuasilocalAlgebra.continuous_star_q' depends on axioms: [propext, Classical.choice, Quot.sound]
2026-09-26T10:27:37.0392517Z info: OIBridge/QuasilocalAlgebra.lean:1436:0: 'OIBridge.QuasilocalAlgebra.instCStarRingLocal' depends on axioms: [propext, Classical.choice, Quot.sound]
2026-09-26T10:27:37.0393023Z info: OIBridge/QuasilocalAlgebra.lean:1437:0: 'OIBridge.QuasilocalAlgebra.instCStarAlgebraQuasilocal' depends on axioms: [propext, Classical.choice, Quot.sound]
2026-09-26T10:27:37.0393444Z info: OIBridge/QuasilocalAlgebra.lean:1438:0: 'OIBridge.QuasilocalAlgebra.stage_apply' depends on axioms: [propext, Classical.choice, Quot.sound]
2026-09-26T10:27:37.0393871Z info: OIBridge/QuasilocalAlgebra.lean:1439:0: 'OIBridge.QuasilocalAlgebra.stage_inclObs' depends on axioms: [propext, Classical.choice, Quot.sound]
2026-09-26T10:27:37.0394283Z info: OIBridge/QuasilocalAlgebra.lean:1440:0: 'OIBridge.QuasilocalAlgebra.norm_stage' depends on axioms: [propext, Classical.choice, Quot.sound]
2026-09-26T10:27:37.0394865Z info: OIBridge/QuasilocalAlgebra.lean:1441:0: 'OIBridge.QuasilocalAlgebra.stage_injective' depends on axioms: [propext, Classical.choice, Quot.sound]
2026-09-26T10:27:37.0395366Z info: OIBridge/QuasilocalAlgebra.lean:1442:0: 'OIBridge.QuasilocalAlgebra.closure_iUnion_stage' depends on axioms: [propext, Classical.choice, Quot.sound]
2026-09-26T10:27:37.0395924Z info: OIBridge/QuasilocalAlgebra.lean:1443:0: 'OIBridge.QuasilocalAlgebra.evalLocal_ofM' depends on axioms: [propext, Classical.choice, Quot.sound]
2026-09-26T10:27:37.0396353Z info: OIBridge/QuasilocalAlgebra.lean:1444:0: 'OIBridge.QuasilocalAlgebra.evalLocal_add' depends on axioms: [propext, Classical.choice, Quot.sound]
2026-09-26T10:27:37.0396786Z info: OIBridge/QuasilocalAlgebra.lean:1445:0: 'OIBridge.QuasilocalAlgebra.evalLocal_smul' depends on axioms: [propext, Classical.choice, Quot.sound]
2026-09-26T10:27:37.0397342Z info: OIBridge/QuasilocalAlgebra.lean:1446:0: 'OIBridge.QuasilocalAlgebra.evalLocal_one' depends on axioms: [propext, Classical.choice, Quot.sound]
2026-09-26T10:27:37.0397848Z info: OIBridge/QuasilocalAlgebra.lean:1447:0: 'OIBridge.QuasilocalAlgebra.trace_mul_nonneg_of_posSemidef' depends on axioms: [propext, Classical.choice, Quot.sound]
2026-09-26T10:27:37.0398292Z info: OIBridge/QuasilocalAlgebra.lean:1448:0: 'OIBridge.QuasilocalAlgebra.evalLocal_nonneg' depends on axioms: [propext, Classical.choice, Quot.sound]
2026-09-26T10:27:37.0398727Z info: OIBridge/QuasilocalAlgebra.lean:1449:0: 'OIBridge.QuasilocalAlgebra.norm_trace_mul_le' depends on axioms: [propext, Classical.choice, Quot.sound]
2026-09-26T10:27:37.0399165Z info: OIBridge/QuasilocalAlgebra.lean:1450:0: 'OIBridge.QuasilocalAlgebra.norm_evalLocal_le' depends on axioms: [propext, Classical.choice, Quot.sound]
2026-09-26T10:27:37.0399616Z info: OIBridge/QuasilocalAlgebra.lean:1451:0: 'OIBridge.QuasilocalAlgebra.localState_apply' depends on axioms: [propext, Classical.choice, Quot.sound]
2026-09-26T10:27:37.0400045Z info: OIBridge/QuasilocalAlgebra.lean:1452:0: 'OIBridge.QuasilocalAlgebra.quasiState_coe' depends on axioms: [propext, Classical.choice, Quot.sound]
2026-09-26T10:27:37.0400481Z info: OIBridge/QuasilocalAlgebra.lean:1453:0: 'OIBridge.QuasilocalAlgebra.quasiState_stage' depends on axioms: [propext, Classical.choice, Quot.sound]
2026-09-26T10:27:37.0400911Z info: OIBridge/QuasilocalAlgebra.lean:1454:0: 'OIBridge.QuasilocalAlgebra.quasiState_one' depends on axioms: [propext, Classical.choice, Quot.sound]
2026-09-26T10:27:37.0401353Z info: OIBridge/QuasilocalAlgebra.lean:1455:0: 'OIBridge.QuasilocalAlgebra.quasiState_nonneg' depends on axioms: [propext, Classical.choice, Quot.sound]
2026-09-26T10:27:37.0401786Z info: OIBridge/QuasilocalAlgebra.lean:1456:0: 'OIBridge.QuasilocalAlgebra.quasiState_unique' depends on axioms: [propext, Classical.choice, Quot.sound]
2026-09-26T10:27:37.0402293Z info: OIBridge/QuasilocalAlgebra.lean:1457:0: 'OIBridge.QuasilocalAlgebra.uniformFamily_isStateFamily' depends on axioms: [propext, Classical.choice, Quot.sound]
2026-09-26T10:27:37.0402760Z info: OIBridge/QuasilocalAlgebra.lean:1458:0: 'OIBridge.QuasilocalAlgebra.referenceState_stage' depends on axioms: [propext, Classical.choice, Quot.sound]
2026-09-26T10:27:37.0403173Z info: OIBridge/QuasilocalAlgebra.lean:1459:0: 'OIBridge.QuasilocalAlgebra.glob_map_eq' depends on axioms: [propext, Classical.choice, Quot.sound]
2026-09-26T10:27:37.0403601Z info: OIBridge/QuasilocalAlgebra.lean:1460:0: 'OIBridge.QuasilocalAlgebra.agreeOffG_map' depends on axioms: [propext, Classical.choice, Quot.sound]
2026-09-26T10:27:37.0404030Z info: OIBridge/QuasilocalAlgebra.lean:1461:0: 'OIBridge.QuasilocalAlgebra.agreeOffG_mono' depends on axioms: [propext, Classical.choice, Quot.sound]
2026-09-26T10:27:37.0404454Z info: OIBridge/QuasilocalAlgebra.lean:1462:0: 'OIBridge.QuasilocalAlgebra.permOp_single' depends on axioms: [propext, Classical.choice, Quot.sound]
2026-09-26T10:27:37.0404902Z info: OIBridge/QuasilocalAlgebra.lean:1463:0: 'OIBridge.QuasilocalAlgebra.permOpInv_single' depends on axioms: [propext, Classical.choice, Quot.sound]
2026-09-26T10:27:37.0405466Z info: OIBridge/QuasilocalAlgebra.lean:1464:0: 'OIBridge.QuasilocalAlgebra.permOpInv_apply' depends on axioms: [propext, Classical.choice, Quot.sound]
2026-09-26T10:27:37.0406214Z info: OIBridge/QuasilocalAlgebra.lean:1465:0: 'OIBridge.QuasilocalAlgebra.permOp_permOpInv' depends on axioms: [propext, Classical.choice, Quot.sound]
2026-09-26T10:27:37.0406911Z info: OIBridge/QuasilocalAlgebra.lean:1466:0: 'OIBridge.QuasilocalAlgebra.permOpInv_permOp' depends on axioms: [propext, Classical.choice, Quot.sound]
2026-09-26T10:27:37.0407618Z info: OIBridge/QuasilocalAlgebra.lean:1467:0: 'OIBridge.QuasilocalAlgebra.heis_mul' depends on axioms: [propext, Classical.choice, Quot.sound]
2026-09-26T10:27:37.0408515Z info: OIBridge/QuasilocalAlgebra.lean:1468:0: 'OIBridge.QuasilocalAlgebra.heis_one' depends on axioms: [propext, Classical.choice, Quot.sound]
2026-09-26T10:27:37.0409219Z info: OIBridge/QuasilocalAlgebra.lean:1469:0: 'OIBridge.QuasilocalAlgebra.heis_add' depends on axioms: [propext, Classical.choice, Quot.sound]
2026-09-26T10:27:37.0409932Z info: OIBridge/QuasilocalAlgebra.lean:1470:0: 'OIBridge.QuasilocalAlgebra.heis_smul' depends on axioms: [propext, Classical.choice, Quot.sound]
2026-09-26T10:27:37.0410659Z info: OIBridge/QuasilocalAlgebra.lean:1471:0: 'OIBridge.QuasilocalAlgebra.heis_inv_heis' depends on axioms: [propext, Classical.choice, Quot.sound]
2026-09-26T10:27:37.0411102Z info: OIBridge/QuasilocalAlgebra.lean:1472:0: 'OIBridge.QuasilocalAlgebra.heis_injective' depends on axioms: [propext, Classical.choice, Quot.sound]
2026-09-26T10:27:37.0411525Z info: OIBridge/QuasilocalAlgebra.lean:1473:0: 'OIBridge.QuasilocalAlgebra.kerOf_heis' depends on axioms: [propext, Classical.choice, Quot.sound]
2026-09-26T10:27:37.0411958Z info: OIBridge/QuasilocalAlgebra.lean:1474:0: 'OIBridge.QuasilocalAlgebra.fwd_subset_hat' depends on axioms: [propext, Classical.choice, Quot.sound]
2026-09-26T10:27:37.0412379Z info: OIBridge/QuasilocalAlgebra.lean:1475:0: 'OIBridge.QuasilocalAlgebra.bwd_subset_hat' depends on axioms: [propext, Classical.choice, Quot.sound]
2026-09-26T10:27:37.0412819Z info: OIBridge/QuasilocalAlgebra.lean:1476:0: 'OIBridge.QuasilocalAlgebra.bwd_bwd_subset_hat' depends on axioms: [propext, Classical.choice, Quot.sound]
2026-09-26T10:27:37.0413267Z info: OIBridge/QuasilocalAlgebra.lean:1477:0: 'OIBridge.QuasilocalAlgebra.symm_patch_eq_patch' depends on axioms: [propext, Classical.choice, Quot.sound]
2026-09-26T10:27:37.0413670Z info: OIBridge/QuasilocalAlgebra.lean:1478:0: 'OIBridge.QuasilocalAlgebra.glob_ext' depends on axioms: [propext, Classical.choice, Quot.sound]
2026-09-26T10:27:37.0414110Z info: OIBridge/QuasilocalAlgebra.lean:1479:0: 'OIBridge.QuasilocalAlgebra.glob_map_of_glob_eq' depends on axioms: [propext, Classical.choice, Quot.sound]
2026-09-26T10:27:37.0414567Z info: OIBridge/QuasilocalAlgebra.lean:1480:0: 'OIBridge.QuasilocalAlgebra.target_of_glob_eq' depends on axioms: [propext, Classical.choice, Quot.sound]
2026-09-26T10:27:37.0414995Z info: OIBridge/QuasilocalAlgebra.lean:1481:0: 'OIBridge.QuasilocalAlgebra.heis_emb_single' depends on axioms: [propext, Classical.choice, Quot.sound]
2026-09-26T10:27:37.0415399Z info: OIBridge/QuasilocalAlgebra.lean:1482:0: 'OIBridge.QuasilocalAlgebra.heis_emb' depends on axioms: [propext, Classical.choice, Quot.sound]
2026-09-26T10:27:37.0415957Z info: OIBridge/QuasilocalAlgebra.lean:1483:0: 'OIBridge.QuasilocalAlgebra.emb_transported' depends on axioms: [propext, Classical.choice, Quot.sound]
2026-09-26T10:27:37.0416390Z info: OIBridge/QuasilocalAlgebra.lean:1484:0: 'OIBridge.QuasilocalAlgebra.transported_add' depends on axioms: [propext, Classical.choice, Quot.sound]
2026-09-26T10:27:37.0416833Z info: OIBridge/QuasilocalAlgebra.lean:1485:0: 'OIBridge.QuasilocalAlgebra.transported_smul' depends on axioms: [propext, Classical.choice, Quot.sound]
2026-09-26T10:27:37.0417272Z info: OIBridge/QuasilocalAlgebra.lean:1486:0: 'OIBridge.QuasilocalAlgebra.transported_mul' depends on axioms: [propext, Classical.choice, Quot.sound]
2026-09-26T10:27:37.0417857Z info: OIBridge/QuasilocalAlgebra.lean:1487:0: 'OIBridge.QuasilocalAlgebra.transported_one' depends on axioms: [propext, Classical.choice, Quot.sound]
2026-09-26T10:27:37.0418350Z info: OIBridge/QuasilocalAlgebra.lean:1488:0: 'OIBridge.QuasilocalAlgebra.transported_conjTranspose' depends on axioms: [propext, Classical.choice, Quot.sound]
2026-09-26T10:27:37.0418822Z info: OIBridge/QuasilocalAlgebra.lean:1489:0: 'OIBridge.QuasilocalAlgebra.transported_injective' depends on axioms: [propext, Classical.choice, Quot.sound]
2026-09-26T10:27:37.0419257Z info: OIBridge/QuasilocalAlgebra.lean:1490:0: 'OIBridge.QuasilocalAlgebra.norm_transported' depends on axioms: [propext, Classical.choice, Quot.sound]
2026-09-26T10:27:37.0419781Z info: OIBridge/QuasilocalAlgebra.lean:1491:0: 'OIBridge.QuasilocalAlgebra.heis_mem' depends on axioms: [propext, Classical.choice, Quot.sound]
2026-09-26T10:27:37.0420223Z info: OIBridge/QuasilocalAlgebra.lean:1492:0: 'OIBridge.QuasilocalAlgebra.heisLoc_ofM' depends on axioms: [propext, Classical.choice, Quot.sound]
2026-09-26T10:27:37.0420640Z info: OIBridge/QuasilocalAlgebra.lean:1493:0: 'OIBridge.QuasilocalAlgebra.heisLoc_mul' depends on axioms: [propext, Classical.choice, Quot.sound]
2026-09-26T10:27:37.0421058Z info: OIBridge/QuasilocalAlgebra.lean:1494:0: 'OIBridge.QuasilocalAlgebra.heisLoc_add' depends on axioms: [propext, Classical.choice, Quot.sound]
2026-09-26T10:27:37.0421483Z info: OIBridge/QuasilocalAlgebra.lean:1495:0: 'OIBridge.QuasilocalAlgebra.heisLoc_smul' depends on axioms: [propext, Classical.choice, Quot.sound]
2026-09-26T10:27:37.0421905Z info: OIBridge/QuasilocalAlgebra.lean:1496:0: 'OIBridge.QuasilocalAlgebra.heisLoc_one' depends on axioms: [propext, Classical.choice, Quot.sound]
2026-09-26T10:27:37.0422324Z info: OIBridge/QuasilocalAlgebra.lean:1497:0: 'OIBridge.QuasilocalAlgebra.heisLoc_sub' depends on axioms: [propext, Classical.choice, Quot.sound]
2026-09-26T10:27:37.0422756Z info: OIBridge/QuasilocalAlgebra.lean:1498:0: 'OIBridge.QuasilocalAlgebra.heisLoc_star' depends on axioms: [propext, Classical.choice, Quot.sound]
2026-09-26T10:27:37.0423176Z info: OIBridge/QuasilocalAlgebra.lean:1499:0: 'OIBridge.QuasilocalAlgebra.norm_heisLoc' depends on axioms: [propext, Classical.choice, Quot.sound]
2026-09-26T10:27:37.0423625Z info: OIBridge/QuasilocalAlgebra.lean:1500:0: 'OIBridge.QuasilocalAlgebra.heisLoc_inv_heisLoc' depends on axioms: [propext, Classical.choice, Quot.sound]
2026-09-26T10:27:37.0424066Z info: OIBridge/QuasilocalAlgebra.lean:1501:0: 'OIBridge.QuasilocalAlgebra.heisLoc_heisLoc_inv' depends on axioms: [propext, Classical.choice, Quot.sound]
2026-09-26T10:27:37.0424513Z info: OIBridge/QuasilocalAlgebra.lean:1502:0: 'OIBridge.QuasilocalAlgebra.isometry_heisLoc' depends on axioms: [propext, Classical.choice, Quot.sound]
2026-09-26T10:27:37.0424935Z info: OIBridge/QuasilocalAlgebra.lean:1503:0: 'OIBridge.QuasilocalAlgebra.heisQ_coe' depends on axioms: [propext, Classical.choice, Quot.sound]
2026-09-26T10:27:37.0425380Z info: OIBridge/QuasilocalAlgebra.lean:1504:0: 'OIBridge.QuasilocalAlgebra.continuous_heisQ' depends on axioms: [propext, Classical.choice, Quot.sound]
2026-09-26T10:27:37.0425926Z info: OIBridge/QuasilocalAlgebra.lean:1505:0: 'OIBridge.QuasilocalAlgebra.heisQ_stage' depends on axioms: [propext, Classical.choice, Quot.sound]
2026-09-26T10:27:37.0426343Z info: OIBridge/QuasilocalAlgebra.lean:1506:0: 'OIBridge.QuasilocalAlgebra.norm_heisQ' depends on axioms: [propext, Classical.choice, Quot.sound]
2026-09-26T10:27:37.0426763Z info: OIBridge/QuasilocalAlgebra.lean:1507:0: 'OIBridge.QuasilocalAlgebra.heisQ_mul' depends on axioms: [propext, Classical.choice, Quot.sound]
2026-09-26T10:27:37.0427176Z info: OIBridge/QuasilocalAlgebra.lean:1508:0: 'OIBridge.QuasilocalAlgebra.heisQ_add' depends on axioms: [propext, Classical.choice, Quot.sound]
2026-09-26T10:27:37.0427592Z info: OIBridge/QuasilocalAlgebra.lean:1509:0: 'OIBridge.QuasilocalAlgebra.heisQ_star' depends on axioms: [propext, Classical.choice, Quot.sound]
2026-09-26T10:27:37.0428132Z info: OIBridge/QuasilocalAlgebra.lean:1510:0: 'OIBridge.QuasilocalAlgebra.heisQ_one' depends on axioms: [propext, Classical.choice, Quot.sound]
2026-09-26T10:27:37.0428564Z info: OIBridge/QuasilocalAlgebra.lean:1511:0: 'OIBridge.QuasilocalAlgebra.heisQ_inv_heisQ' depends on axioms: [propext, Classical.choice, Quot.sound]
2026-09-26T10:27:37.0428995Z info: OIBridge/QuasilocalAlgebra.lean:1512:0: 'OIBridge.QuasilocalAlgebra.heisQ_heisQ_inv' depends on axioms: [propext, Classical.choice, Quot.sound]
2026-09-26T10:27:37.0429423Z info: OIBridge/QuasilocalAlgebra.lean:1513:0: 'OIBridge.QuasilocalAlgebra.heis_iterate_emb' depends on axioms: [propext, Classical.choice, Quot.sound]
2026-09-26T10:27:37.0430018Z info: OIBridge/QuasilocalAlgebra.lean:1514:0: 'OIBridge.QuasilocalAlgebra.quasilocal_completion' depends on axioms: [propext, Classical.choice, Quot.sound]
2026-09-26T10:27:37.0430306Z ⚠ [3468/3600] Replayed OIBridge.SecondOrderCircuit
2026-09-26T10:27:37.0430773Z warning: OIBridge/SecondOrderCircuit.lean:53:8: automatically included section variable(s) unused in theorem `OIBridge.SecondOrderCircuit.prevOf_apply`:
2026-09-26T10:27:37.0430896Z   [DecidableEq ι]
2026-09-26T10:27:37.0430992Z   [AddCommGroup Q]
2026-09-26T10:27:37.0431325Z consider restructuring your `variable` declarations so that the variables are not in scope or explicitly omit them:
2026-09-26T10:27:37.0431522Z   omit [DecidableEq ι] [AddCommGroup Q] in theorem ...
2026-09-26T10:27:37.0431529Z 
2026-09-26T10:27:37.0431758Z Note: This linter can be disabled with `set_option linter.unusedSectionVars false`
2026-09-26T10:27:37.0432211Z warning: OIBridge/SecondOrderCircuit.lean:55:8: automatically included section variable(s) unused in theorem `OIBridge.SecondOrderCircuit.curOf_apply`:
2026-09-26T10:27:37.0432329Z   [DecidableEq ι]
2026-09-26T10:27:37.0432416Z   [AddCommGroup Q]
2026-09-26T10:27:37.0432750Z consider restructuring your `variable` declarations so that the variables are not in scope or explicitly omit them:
2026-09-26T10:27:37.0432940Z   omit [DecidableEq ι] [AddCommGroup Q] in theorem ...
2026-09-26T10:27:37.0432945Z 
2026-09-26T10:27:37.0433154Z Note: This linter can be disabled with `set_option linter.unusedSectionVars false`
2026-09-26T10:27:37.0433592Z warning: OIBridge/SecondOrderCircuit.lean:70:8: automatically included section variable(s) unused in theorem `OIBridge.SecondOrderCircuit.shear_apply`:
2026-09-26T10:27:37.0433710Z   [DecidableEq ι]
2026-09-26T10:27:37.0434018Z consider restructuring your `variable` declarations so that the variables are not in scope or explicitly omit them:
2026-09-26T10:27:37.0434172Z   omit [DecidableEq ι] in theorem ...
2026-09-26T10:27:37.0434177Z 
2026-09-26T10:27:37.0434383Z Note: This linter can be disabled with `set_option linter.unusedSectionVars false`
2026-09-26T10:27:37.0434847Z warning: OIBridge/SecondOrderCircuit.lean:73:8: automatically included section variable(s) unused in theorem `OIBridge.SecondOrderCircuit.swapLayer_apply`:
2026-09-26T10:27:37.0434965Z   [DecidableEq ι]
2026-09-26T10:27:37.0435055Z   [AddCommGroup Q]
2026-09-26T10:27:37.0435361Z consider restructuring your `variable` declarations so that the variables are not in scope or explicitly omit them:
2026-09-26T10:27:37.0435540Z   omit [DecidableEq ι] [AddCommGroup Q] in theorem ...
2026-09-26T10:27:37.0435544Z 
2026-09-26T10:27:37.0435748Z Note: This linter can be disabled with `set_option linter.unusedSectionVars false`
2026-09-26T10:27:37.0436309Z warning: OIBridge/SecondOrderCircuit.lean:76:8: automatically included section variable(s) unused in theorem `OIBridge.SecondOrderCircuit.leap_apply`:
2026-09-26T10:27:37.0436427Z   [DecidableEq ι]
2026-09-26T10:27:37.0436739Z consider restructuring your `variable` declarations so that the variables are not in scope or explicitly omit them:
2026-09-26T10:27:37.0436873Z   omit [DecidableEq ι] in theorem ...
2026-09-26T10:27:37.0436885Z 
2026-09-26T10:27:37.0437094Z Note: This linter can be disabled with `set_option linter.unusedSectionVars false`
2026-09-26T10:27:37.0437686Z warning: OIBridge/SecondOrderCircuit.lean:81:8: automatically included section variable(s) unused in theorem `OIBridge.SecondOrderCircuit.curOf_shear`:
2026-09-26T10:27:37.0437797Z   [DecidableEq ι]
2026-09-26T10:27:37.0438112Z consider restructuring your `variable` declarations so that the variables are not in scope or explicitly omit them:
2026-09-26T10:27:37.0438252Z   omit [DecidableEq ι] in theorem ...
2026-09-26T10:27:37.0438257Z 
2026-09-26T10:27:37.0438460Z Note: This linter can be disabled with `set_option linter.unusedSectionVars false`
2026-09-26T10:27:37.0438939Z warning: OIBridge/SecondOrderCircuit.lean:85:0: automatically included section variable(s) unused in theorem `OIBridge.SecondOrderCircuit.leap_eq_swap_shear`:
2026-09-26T10:27:37.0439054Z   [DecidableEq ι]
2026-09-26T10:27:37.0439504Z consider restructuring your `variable` declarations so that the variables are not in scope or explicitly omit them:
2026-09-26T10:27:37.0439649Z   omit [DecidableEq ι] in theorem ...
2026-09-26T10:27:37.0439653Z 
2026-09-26T10:27:37.0439862Z Note: This linter can be disabled with `set_option linter.unusedSectionVars false`
2026-09-26T10:27:37.0440315Z warning: OIBridge/SecondOrderCircuit.lean:89:8: automatically included section variable(s) unused in theorem `OIBridge.SecondOrderCircuit.shear_shear`:
2026-09-26T10:27:37.0440430Z   [DecidableEq ι]
2026-09-26T10:27:37.0440760Z consider restructuring your `variable` declarations so that the variables are not in scope or explicitly omit them:
2026-09-26T10:27:37.0440896Z   omit [DecidableEq ι] in theorem ...
2026-09-26T10:27:37.0440900Z 
2026-09-26T10:27:37.0441118Z Note: This linter can be disabled with `set_option linter.unusedSectionVars false`
2026-09-26T10:27:37.0441609Z warning: OIBridge/SecondOrderCircuit.lean:96:8: automatically included section variable(s) unused in theorem `OIBridge.SecondOrderCircuit.swapLayer_swapLayer`:
2026-09-26T10:27:37.0441719Z   [DecidableEq ι]
2026-09-26T10:27:37.0441818Z   [AddCommGroup Q]
2026-09-26T10:27:37.0442135Z consider restructuring your `variable` declarations so that the variables are not in scope or explicitly omit them:
2026-09-26T10:27:37.0442315Z   omit [DecidableEq ι] [AddCommGroup Q] in theorem ...
2026-09-26T10:27:37.0442321Z 
2026-09-26T10:27:37.0442533Z Note: This linter can be disabled with `set_option linter.unusedSectionVars false`
2026-09-26T10:27:37.0442997Z warning: OIBridge/SecondOrderCircuit.lean:157:8: automatically included section variable(s) unused in theorem `OIBridge.SecondOrderCircuit.swapGate_self`:
2026-09-26T10:27:37.0443083Z   [AddCommGroup Q]
2026-09-26T10:27:37.0443397Z consider restructuring your `variable` declarations so that the variables are not in scope or explicitly omit them:
2026-09-26T10:27:37.0443506Z   omit [AddCommGroup Q] in theorem ...
2026-09-26T10:27:37.0443510Z 
2026-09-26T10:27:37.0443718Z Note: This linter can be disabled with `set_option linter.unusedSectionVars false`
2026-09-26T10:27:37.0444188Z warning: OIBridge/SecondOrderCircuit.lean:161:8: automatically included section variable(s) unused in theorem `OIBridge.SecondOrderCircuit.swapGate_of_ne`:
2026-09-26T10:27:37.0444280Z   [AddCommGroup Q]
2026-09-26T10:27:37.0444589Z consider restructuring your `variable` declarations so that the variables are not in scope or explicitly omit them:
2026-09-26T10:27:37.0444696Z   omit [AddCommGroup Q] in theorem ...
2026-09-26T10:27:37.0444700Z 
2026-09-26T10:27:37.0444903Z Note: This linter can be disabled with `set_option linter.unusedSectionVars false`
2026-09-26T10:27:37.0445350Z warning: OIBridge/SecondOrderCircuit.lean:361:0: automatically included section variable(s) unused in theorem `OIBridge.SecondOrderCircuit.proj_mul_proj`:
2026-09-26T10:27:37.0445440Z   [StarRing A]
2026-09-26T10:27:37.0445562Z   [StarModule ℂ A]
2026-09-26T10:27:37.0446006Z consider restructuring your `variable` declarations so that the variables are not in scope or explicitly omit them:
2026-09-26T10:27:37.0446181Z   omit [StarRing A] [StarModule ℂ A] in theorem ...
2026-09-26T10:27:37.0446316Z 
2026-09-26T10:27:37.0446524Z Note: This linter can be disabled with `set_option linter.unusedSectionVars false`
2026-09-26T10:27:37.0446969Z warning: OIBridge/SecondOrderCircuit.lean:373:8: automatically included section variable(s) unused in theorem `OIBridge.SecondOrderCircuit.unit_zero`:
2026-09-26T10:27:37.0447058Z   [StarRing A]
2026-09-26T10:27:37.0447181Z   [StarModule ℂ A]
2026-09-26T10:27:37.0447490Z consider restructuring your `variable` declarations so that the variables are not in scope or explicitly omit them:
2026-09-26T10:27:37.0447659Z   omit [StarRing A] [StarModule ℂ A] in theorem ...
2026-09-26T10:27:37.0447664Z 
2026-09-26T10:27:37.0447865Z Note: This linter can be disabled with `set_option linter.unusedSectionVars false`
2026-09-26T10:27:37.0448422Z warning: OIBridge/SecondOrderCircuit.lean:377:0: automatically included section variable(s) unused in theorem `OIBridge.SecondOrderCircuit.unit_one`:
2026-09-26T10:27:37.0448517Z   [StarRing A]
2026-09-26T10:27:37.0448630Z   [StarModule ℂ A]
2026-09-26T10:27:37.0448942Z consider restructuring your `variable` declarations so that the variables are not in scope or explicitly omit them:
2026-09-26T10:27:37.0449104Z   omit [StarRing A] [StarModule ℂ A] in theorem ...
2026-09-26T10:27:37.0449109Z 
2026-09-26T10:27:37.0449309Z Note: This linter can be disabled with `set_option linter.unusedSectionVars false`
2026-09-26T10:27:37.0449595Z warning: OIBridge/SecondOrderCircuit.lean:377:18: Variable name `hg` is not explicitly referenced.
2026-09-26T10:27:37.0449599Z 
2026-09-26T10:27:37.0449999Z Hint: The binding can be removed (if unused) or named `_` (if used implicitly). Alternatively, prefix the name with `_` to silence this warning:
2026-09-26T10:27:37.0450083Z   [apply] _hg
2026-09-26T10:27:37.0450092Z 
2026-09-26T10:27:37.0450301Z Note: This linter can be disabled with `set_option linter.unusedVariables false`
2026-09-26T10:27:37.0450533Z warning: OIBridge/SecondOrderCircuit.lean:388:8: This simp argument is unused:
2026-09-26T10:27:37.0450626Z   Complex.ext_iff
2026-09-26T10:27:37.0450631Z 
2026-09-26T10:27:37.0450749Z Hint: Omit it from the simp argument list.
2026-09-26T10:27:37.0450838Z   [apply] simp
2026-09-26T10:27:37.0450842Z 
2026-09-26T10:27:37.0451046Z Note: This linter can be disabled with `set_option linter.unusedSimpArgs false`
2026-09-26T10:27:37.0451488Z warning: OIBridge/SecondOrderCircuit.lean:458:0: automatically included section variable(s) unused in theorem `OIBridge.SecondOrderCircuit.flow_star`:
2026-09-26T10:27:37.0451607Z   [StarModule ℂ A]
2026-09-26T10:27:37.0451919Z consider restructuring your `variable` declarations so that the variables are not in scope or explicitly omit them:
2026-09-26T10:27:37.0452060Z   omit [StarModule ℂ A] in theorem ...
2026-09-26T10:27:37.0452065Z 
2026-09-26T10:27:37.0452276Z Note: This linter can be disabled with `set_option linter.unusedSectionVars false`
2026-09-26T10:27:37.0452729Z warning: OIBridge/SecondOrderCircuit.lean:462:0: automatically included section variable(s) unused in theorem `OIBridge.SecondOrderCircuit.flow_add_map`:
2026-09-26T10:27:37.0452849Z   [StarModule ℂ A]
2026-09-26T10:27:37.0453165Z consider restructuring your `variable` declarations so that the variables are not in scope or explicitly omit them:
2026-09-26T10:27:37.0453298Z   omit [StarModule ℂ A] in theorem ...
2026-09-26T10:27:37.0453303Z 
2026-09-26T10:27:37.0453510Z Note: This linter can be disabled with `set_option linter.unusedSectionVars false`
2026-09-26T10:27:37.0453944Z warning: OIBridge/SecondOrderCircuit.lean:491:0: automatically included section variable(s) unused in theorem `OIBridge.SecondOrderCircuit.proj_comm`:
2026-09-26T10:27:37.0454028Z   [StarRing A]
2026-09-26T10:27:37.0454145Z   [StarModule ℂ A]
2026-09-26T10:27:37.0454458Z consider restructuring your `variable` declarations so that the variables are not in scope or explicitly omit them:
2026-09-26T10:27:37.0454623Z   omit [StarRing A] [StarModule ℂ A] in theorem ...
2026-09-26T10:27:37.0454728Z 
2026-09-26T10:27:37.0454933Z Note: This linter can be disabled with `set_option linter.unusedSectionVars false`
2026-09-26T10:27:37.0455154Z warning: OIBridge/SecondOrderCircuit.lean:499:86: This simp argument is unused:
2026-09-26T10:27:37.0455238Z   smul_smul
2026-09-26T10:27:37.0455242Z 
2026-09-26T10:27:37.0455354Z Hint: Omit it from the simp argument list.
2026-09-26T10:27:37.0455601Z   [apply] simp only [unit, add_mul, mul_add, one_mul, mul_one, smul_mul_assoc, mul_smul_comm, hp]
2026-09-26T10:27:37.0455607Z 
2026-09-26T10:27:37.0455949Z Note: This linter can be disabled with `set_option linter.unusedSimpArgs false`
2026-09-26T10:27:37.0456408Z warning: OIBridge/SecondOrderCircuit.lean:507:8: automatically included section variable(s) unused in theorem `OIBridge.SecondOrderCircuit.flowList_nil`:
2026-09-26T10:27:37.0456531Z   [StarModule ℂ A]
2026-09-26T10:27:37.0456962Z consider restructuring your `variable` declarations so that the variables are not in scope or explicitly omit them:
2026-09-26T10:27:37.0457107Z   omit [StarModule ℂ A] in theorem ...
2026-09-26T10:27:37.0457112Z 
2026-09-26T10:27:37.0457317Z Note: This linter can be disabled with `set_option linter.unusedSectionVars false`
2026-09-26T10:27:37.0457765Z warning: OIBridge/SecondOrderCircuit.lean:509:8: automatically included section variable(s) unused in theorem `OIBridge.SecondOrderCircuit.flowList_cons`:
2026-09-26T10:27:37.0457882Z   [StarModule ℂ A]
2026-09-26T10:27:37.0458206Z consider restructuring your `variable` declarations so that the variables are not in scope or explicitly omit them:
2026-09-26T10:27:37.0458338Z   omit [StarModule ℂ A] in theorem ...
2026-09-26T10:27:37.0458342Z 
2026-09-26T10:27:37.0458547Z Note: This linter can be disabled with `set_option linter.unusedSectionVars false`
2026-09-26T10:27:37.0459032Z warning: OIBridge/SecondOrderCircuit.lean:523:0: automatically included section variable(s) unused in theorem `OIBridge.SecondOrderCircuit.IsGateList.tail`:
2026-09-26T10:27:37.0459140Z   [Algebra ℂ A]
2026-09-26T10:27:37.0459259Z   [StarModule ℂ A]
2026-09-26T10:27:37.0459571Z consider restructuring your `variable` declarations so that the variables are not in scope or explicitly omit them:
2026-09-26T10:27:37.0459852Z   omit [Algebra ℂ A] [StarModule ℂ A] in theorem ...
2026-09-26T10:27:37.0459859Z 
2026-09-26T10:27:37.0460122Z Note: This linter can be disabled with `set_option linter.unusedSectionVars false`
2026-09-26T10:27:37.0460583Z warning: OIBridge/SecondOrderCircuit.lean:529:0: automatically included section variable(s) unused in theorem `OIBridge.SecondOrderCircuit.mul_prod_comm`:
2026-09-26T10:27:37.0460701Z   [Algebra ℂ A]
2026-09-26T10:27:37.0460786Z   [StarRing A]
2026-09-26T10:27:37.0460893Z   [StarModule ℂ A]
2026-09-26T10:27:37.0461220Z consider restructuring your `variable` declarations so that the variables are not in scope or explicitly omit them:
2026-09-26T10:27:37.0461452Z   omit [Algebra ℂ A] [StarRing A] [StarModule ℂ A] in theorem ...
2026-09-26T10:27:37.0461457Z 
2026-09-26T10:27:37.0461676Z Note: This linter can be disabled with `set_option linter.unusedSectionVars false`
2026-09-26T10:27:37.0462148Z warning: OIBridge/SecondOrderCircuit.lean:641:0: automatically included section variable(s) unused in theorem `OIBridge.SecondOrderCircuit.drive_of_le_one`:
2026-09-26T10:27:37.0462263Z   [StarModule ℂ A]
2026-09-26T10:27:37.0462576Z consider restructuring your `variable` declarations so that the variables are not in scope or explicitly omit them:
2026-09-26T10:27:37.0462718Z   omit [StarModule ℂ A] in theorem ...
2026-09-26T10:27:37.0462723Z 
2026-09-26T10:27:37.0462932Z Note: This linter can be disabled with `set_option linter.unusedSectionVars false`
2026-09-26T10:27:37.0463375Z warning: OIBridge/SecondOrderCircuit.lean:652:0: automatically included section variable(s) unused in theorem `OIBridge.SecondOrderCircuit.drive_one`:
2026-09-26T10:27:37.0463493Z   [StarModule ℂ A]
2026-09-26T10:27:37.0463815Z consider restructuring your `variable` declarations so that the variables are not in scope or explicitly omit them:
2026-09-26T10:27:37.0464091Z   omit [StarModule ℂ A] in theorem ...
2026-09-26T10:27:37.0464095Z 
2026-09-26T10:27:37.0464302Z Note: This linter can be disabled with `set_option linter.unusedSectionVars false`
2026-09-26T10:27:37.0464694Z info: OIBridge/SecondOrderCircuit.lean:815:0: 'OIBridge.SecondOrderCircuit.shear_shear' depends on axioms: [propext, Quot.sound]
2026-09-26T10:27:37.0465072Z info: OIBridge/SecondOrderCircuit.lean:816:0: 'OIBridge.SecondOrderCircuit.swapLayer_swapLayer' does not depend on any axioms
2026-09-26T10:27:37.0465438Z info: OIBridge/SecondOrderCircuit.lean:817:0: 'OIBridge.SecondOrderCircuit.leap_eq_swap_shear' does not depend on any axioms
2026-09-26T10:27:37.0465950Z info: OIBridge/SecondOrderCircuit.lean:818:0: 'OIBridge.SecondOrderCircuit.leapEquiv' depends on axioms: [propext, Quot.sound]
2026-09-26T10:27:37.0466465Z info: OIBridge/SecondOrderCircuit.lean:819:0: 'OIBridge.SecondOrderCircuit.leap_leap_symm' depends on axioms: [propext, Quot.sound]
2026-09-26T10:27:37.0466855Z info: OIBridge/SecondOrderCircuit.lean:820:0: 'OIBridge.SecondOrderCircuit.leap_symm_leap' depends on axioms: [propext, Quot.sound]
2026-09-26T10:27:37.0467199Z info: OIBridge/SecondOrderCircuit.lean:821:0: 'OIBridge.SecondOrderCircuit.curOf_shear' does not depend on any axioms
2026-09-26T10:27:37.0467576Z info: OIBridge/SecondOrderCircuit.lean:822:0: 'OIBridge.SecondOrderCircuit.curOf_gate' depends on axioms: [propext, Quot.sound]
2026-09-26T10:27:37.0467935Z info: OIBridge/SecondOrderCircuit.lean:823:0: 'OIBridge.SecondOrderCircuit.gate_gate' depends on axioms: [propext, Quot.sound]
2026-09-26T10:27:37.0468342Z info: OIBridge/SecondOrderCircuit.lean:824:0: 'OIBridge.SecondOrderCircuit.swapGate_swapGate' depends on axioms: [propext, Quot.sound]
2026-09-26T10:27:37.0468703Z info: OIBridge/SecondOrderCircuit.lean:825:0: 'OIBridge.SecondOrderCircuit.gate_comm' depends on axioms: [propext, Quot.sound]
2026-09-26T10:27:37.0469086Z info: OIBridge/SecondOrderCircuit.lean:826:0: 'OIBridge.SecondOrderCircuit.swapGate_comm' depends on axioms: [propext, Quot.sound]
2026-09-26T10:27:37.0469540Z info: OIBridge/SecondOrderCircuit.lean:827:0: 'OIBridge.SecondOrderCircuit.shearOn_insert' depends on axioms: [propext, Classical.choice, Quot.sound]
2026-09-26T10:27:37.0470001Z info: OIBridge/SecondOrderCircuit.lean:828:0: 'OIBridge.SecondOrderCircuit.gateList_eq_shearOn' depends on axioms: [propext, Classical.choice, Quot.sound]
2026-09-26T10:27:37.0470469Z info: OIBridge/SecondOrderCircuit.lean:829:0: 'OIBridge.SecondOrderCircuit.gateList_eq_shear_of_mem' depends on axioms: [propext, Classical.choice, Quot.sound]
2026-09-26T10:27:37.0470946Z info: OIBridge/SecondOrderCircuit.lean:830:0: 'OIBridge.SecondOrderCircuit.gateList_eq_self_of_notMem' depends on axioms: [propext, Classical.choice, Quot.sound]
2026-09-26T10:27:37.0471393Z info: OIBridge/SecondOrderCircuit.lean:831:0: 'OIBridge.SecondOrderCircuit.shearOn_shearOn' depends on axioms: [propext, Classical.choice, Quot.sound]
2026-09-26T10:27:37.0471839Z info: OIBridge/SecondOrderCircuit.lean:832:0: 'OIBridge.SecondOrderCircuit.depth_two_circuit' depends on axioms: [propext, Classical.choice, Quot.sound]
2026-09-26T10:27:37.0472270Z info: OIBridge/SecondOrderCircuit.lean:833:0: 'OIBridge.SecondOrderCircuit.proj_mul_proj' depends on axioms: [propext, Classical.choice, Quot.sound]
2026-09-26T10:27:37.0472694Z info: OIBridge/SecondOrderCircuit.lean:834:0: 'OIBridge.SecondOrderCircuit.star_proj' depends on axioms: [propext, Classical.choice, Quot.sound]
2026-09-26T10:27:37.0473107Z info: OIBridge/SecondOrderCircuit.lean:835:0: 'OIBridge.SecondOrderCircuit.unit_zero' depends on axioms: [propext, Classical.choice, Quot.sound]
2026-09-26T10:27:37.0473527Z info: OIBridge/SecondOrderCircuit.lean:836:0: 'OIBridge.SecondOrderCircuit.unit_one' depends on axioms: [propext, Classical.choice, Quot.sound]
2026-09-26T10:27:37.0473957Z info: OIBridge/SecondOrderCircuit.lean:837:0: 'OIBridge.SecondOrderCircuit.unit_mul_unit' depends on axioms: [propext, Classical.choice, Quot.sound]
2026-09-26T10:27:37.0474531Z info: OIBridge/SecondOrderCircuit.lean:838:0: 'OIBridge.SecondOrderCircuit.star_unit' depends on axioms: [propext, Classical.choice, Quot.sound]
2026-09-26T10:27:37.0474982Z info: OIBridge/SecondOrderCircuit.lean:839:0: 'OIBridge.SecondOrderCircuit.star_unit_mul_unit' depends on axioms: [propext, Classical.choice, Quot.sound]
2026-09-26T10:27:37.0475423Z info: OIBridge/SecondOrderCircuit.lean:840:0: 'OIBridge.SecondOrderCircuit.unit_mul_star_unit' depends on axioms: [propext, Classical.choice, Quot.sound]
2026-09-26T10:27:37.0475953Z info: OIBridge/SecondOrderCircuit.lean:841:0: 'OIBridge.SecondOrderCircuit.flow_zero' depends on axioms: [propext, Classical.choice, Quot.sound]
2026-09-26T10:27:37.0476367Z info: OIBridge/SecondOrderCircuit.lean:842:0: 'OIBridge.SecondOrderCircuit.flow_one' depends on axioms: [propext, Classical.choice, Quot.sound]
2026-09-26T10:27:37.0476894Z info: OIBridge/SecondOrderCircuit.lean:843:0: 'OIBridge.SecondOrderCircuit.flow_add' depends on axioms: [propext, Classical.choice, Quot.sound]
2026-09-26T10:27:37.0477313Z info: OIBridge/SecondOrderCircuit.lean:844:0: 'OIBridge.SecondOrderCircuit.flow_mul' depends on axioms: [propext, Classical.choice, Quot.sound]
2026-09-26T10:27:37.0477723Z info: OIBridge/SecondOrderCircuit.lean:845:0: 'OIBridge.SecondOrderCircuit.flow_star' depends on axioms: [propext, Classical.choice, Quot.sound]
2026-09-26T10:27:37.0478155Z info: OIBridge/SecondOrderCircuit.lean:846:0: 'OIBridge.SecondOrderCircuit.flow_one_eq_one' depends on axioms: [propext, Classical.choice, Quot.sound]
2026-09-26T10:27:37.0478578Z info: OIBridge/SecondOrderCircuit.lean:847:0: 'OIBridge.SecondOrderCircuit.gate_drive' depends on axioms: [propext, Classical.choice, Quot.sound]
2026-09-26T10:27:37.0478987Z info: OIBridge/SecondOrderCircuit.lean:848:0: 'OIBridge.SecondOrderCircuit.proj_comm' depends on axioms: [propext, Classical.choice, Quot.sound]
2026-09-26T10:27:37.0479404Z info: OIBridge/SecondOrderCircuit.lean:849:0: 'OIBridge.SecondOrderCircuit.unit_comm' depends on axioms: [propext, Classical.choice, Quot.sound]
2026-09-26T10:27:37.0479835Z info: OIBridge/SecondOrderCircuit.lean:850:0: 'OIBridge.SecondOrderCircuit.mul_prod_comm' depends on axioms: [propext, Classical.choice, Quot.sound]
2026-09-26T10:27:37.0480272Z info: OIBridge/SecondOrderCircuit.lean:851:0: 'OIBridge.SecondOrderCircuit.isGateList_prod' depends on axioms: [propext, Classical.choice, Quot.sound]
2026-09-26T10:27:37.0480704Z info: OIBridge/SecondOrderCircuit.lean:852:0: 'OIBridge.SecondOrderCircuit.flowList_zero' depends on axioms: [propext, Classical.choice, Quot.sound]
2026-09-26T10:27:37.0481142Z info: OIBridge/SecondOrderCircuit.lean:853:0: 'OIBridge.SecondOrderCircuit.flowList_one' depends on axioms: [propext, Classical.choice, Quot.sound]
2026-09-26T10:27:37.0481579Z info: OIBridge/SecondOrderCircuit.lean:854:0: 'OIBridge.SecondOrderCircuit.flow_flow_comm' depends on axioms: [propext, Classical.choice, Quot.sound]
2026-09-26T10:27:37.0482025Z info: OIBridge/SecondOrderCircuit.lean:855:0: 'OIBridge.SecondOrderCircuit.flowList_flow_comm' depends on axioms: [propext, Classical.choice, Quot.sound]
2026-09-26T10:27:37.0482458Z info: OIBridge/SecondOrderCircuit.lean:856:0: 'OIBridge.SecondOrderCircuit.flowList_add' depends on axioms: [propext, Classical.choice, Quot.sound]
2026-09-26T10:27:37.0482885Z info: OIBridge/SecondOrderCircuit.lean:857:0: 'OIBridge.SecondOrderCircuit.layer_drive' depends on axioms: [propext, Classical.choice, Quot.sound]
2026-09-26T10:27:37.0483302Z info: OIBridge/SecondOrderCircuit.lean:858:0: 'OIBridge.SecondOrderCircuit.drive_zero' depends on axioms: [propext, Classical.choice, Quot.sound]
2026-09-26T10:27:37.0483713Z info: OIBridge/SecondOrderCircuit.lean:859:0: 'OIBridge.SecondOrderCircuit.drive_one' depends on axioms: [propext, Classical.choice, Quot.sound]
2026-09-26T10:27:37.0484129Z info: OIBridge/SecondOrderCircuit.lean:860:0: 'OIBridge.SecondOrderCircuit.drive_two' depends on axioms: [propext, Classical.choice, Quot.sound]
2026-09-26T10:27:37.0484686Z info: OIBridge/SecondOrderCircuit.lean:861:0: 'OIBridge.SecondOrderCircuit.two_layer_drive' depends on axioms: [propext, Classical.choice, Quot.sound]
2026-09-26T10:27:37.0485121Z info: OIBridge/SecondOrderCircuit.lean:862:0: 'OIBridge.SecondOrderCircuit.permMat_refl' depends on axioms: [propext, Classical.choice, Quot.sound]
2026-09-26T10:27:37.0485546Z info: OIBridge/SecondOrderCircuit.lean:863:0: 'OIBridge.SecondOrderCircuit.permMat_mul' depends on axioms: [propext, Classical.choice, Quot.sound]
2026-09-26T10:27:37.0486141Z info: OIBridge/SecondOrderCircuit.lean:864:0: 'OIBridge.SecondOrderCircuit.permMat_conjTranspose' depends on axioms: [propext, Classical.choice, Quot.sound]
2026-09-26T10:27:37.0486612Z info: OIBridge/SecondOrderCircuit.lean:865:0: 'OIBridge.SecondOrderCircuit.permMat_involutive' depends on axioms: [propext, Classical.choice, Quot.sound]
2026-09-26T10:27:37.0487236Z info: OIBridge/SecondOrderCircuit.lean:866:0: 'OIBridge.SecondOrderCircuit.localGate_isGate' depends on axioms: [propext, Classical.choice, Quot.sound]
2026-09-26T10:27:37.0487715Z info: OIBridge/SecondOrderCircuit.lean:867:0: 'OIBridge.SecondOrderCircuit.proj_localGate_mem_stage' depends on axioms: [propext, Classical.choice, Quot.sound]
2026-09-26T10:27:37.0488182Z info: OIBridge/SecondOrderCircuit.lean:868:0: 'OIBridge.SecondOrderCircuit.unit_localGate_mem_stage' depends on axioms: [propext, Classical.choice, Quot.sound]
2026-09-26T10:27:37.0488630Z info: OIBridge/SecondOrderCircuit.lean:869:0: 'OIBridge.SecondOrderCircuit.quasilocal_drive' depends on axioms: [propext, Classical.choice, Quot.sound]
2026-09-26T10:27:37.0488867Z ℹ [3469/3600] Replayed OIBridge.QuasilocalCharacterization
2026-09-26T10:27:37.0489408Z info: OIBridge/QuasilocalCharacterization.lean:877:0: 'OIBridge.QuasilocalCharacterization.kerOf_emb_mul_emb' depends on axioms: [propext, Classical.choice, Quot.sound]
2026-09-26T10:27:37.0489897Z info: OIBridge/QuasilocalCharacterization.lean:878:0: 'OIBridge.QuasilocalCharacterization.agreeOffG_patch_iff_of_disjoint' depends on axioms: [propext,
2026-09-26T10:27:37.0489991Z  Classical.choice,
2026-09-26T10:27:37.0490082Z  Quot.sound]
2026-09-26T10:27:37.0490630Z info: OIBridge/QuasilocalCharacterization.lean:879:0: 'OIBridge.QuasilocalCharacterization.glob_patch_of_disjoint' depends on axioms: [propext, Classical.choice, Quot.sound]
2026-09-26T10:27:37.0491085Z info: OIBridge/QuasilocalCharacterization.lean:880:0: 'OIBridge.QuasilocalCharacterization.kerOf_emb_mul_emb_of_disjoint' depends on axioms: [propext,
2026-09-26T10:27:37.0491178Z  Classical.choice,
2026-09-26T10:27:37.0491265Z  Quot.sound]
2026-09-26T10:27:37.0491788Z info: OIBridge/QuasilocalCharacterization.lean:881:0: 'OIBridge.QuasilocalCharacterization.emb_comm_of_disjoint' depends on axioms: [propext, Classical.choice, Quot.sound]
2026-09-26T10:27:37.0492310Z info: OIBridge/QuasilocalCharacterization.lean:882:0: 'OIBridge.QuasilocalCharacterization.ofM_comm_of_disjoint' depends on axioms: [propext, Classical.choice, Quot.sound]
2026-09-26T10:27:37.0492842Z info: OIBridge/QuasilocalCharacterization.lean:883:0: 'OIBridge.QuasilocalCharacterization.stage_comm_of_disjoint' depends on axioms: [propext, Classical.choice, Quot.sound]
2026-09-26T10:27:37.0493374Z info: OIBridge/QuasilocalCharacterization.lean:884:0: 'OIBridge.QuasilocalCharacterization.quasiState_isState' depends on axioms: [propext, Classical.choice, Quot.sound]
2026-09-26T10:27:37.0493899Z info: OIBridge/QuasilocalCharacterization.lean:885:0: 'OIBridge.QuasilocalCharacterization.localMap_ofM' depends on axioms: [propext, Classical.choice, Quot.sound]
2026-09-26T10:27:37.0494402Z info: OIBridge/QuasilocalCharacterization.lean:886:0: 'OIBridge.QuasilocalCharacterization.localHom_ofM' depends on axioms: [propext, Classical.choice, Quot.sound]
2026-09-26T10:27:37.0494924Z info: OIBridge/QuasilocalCharacterization.lean:887:0: 'OIBridge.QuasilocalCharacterization.localHom_unique' depends on axioms: [propext, Classical.choice, Quot.sound]
2026-09-26T10:27:37.0495475Z info: OIBridge/QuasilocalCharacterization.lean:888:0: 'OIBridge.QuasilocalCharacterization.norm_localHom' depends on axioms: [propext, Classical.choice, Quot.sound]
2026-09-26T10:27:37.0496244Z info: OIBridge/QuasilocalCharacterization.lean:889:0: 'OIBridge.QuasilocalCharacterization.isometry_localHom' depends on axioms: [propext, Classical.choice, Quot.sound]
2026-09-26T10:27:37.0496745Z info: OIBridge/QuasilocalCharacterization.lean:890:0: 'OIBridge.QuasilocalCharacterization.canon_coe' depends on axioms: [propext, Classical.choice, Quot.sound]
2026-09-26T10:27:37.0497264Z info: OIBridge/QuasilocalCharacterization.lean:891:0: 'OIBridge.QuasilocalCharacterization.continuous_canon' depends on axioms: [propext, Classical.choice, Quot.sound]
2026-09-26T10:27:37.0497766Z info: OIBridge/QuasilocalCharacterization.lean:892:0: 'OIBridge.QuasilocalCharacterization.canon_stage' depends on axioms: [propext, Classical.choice, Quot.sound]
2026-09-26T10:27:37.0498369Z info: OIBridge/QuasilocalCharacterization.lean:893:0: 'OIBridge.QuasilocalCharacterization.canon_mul' depends on axioms: [propext, Classical.choice, Quot.sound]
2026-09-26T10:27:37.0498856Z info: OIBridge/QuasilocalCharacterization.lean:894:0: 'OIBridge.QuasilocalCharacterization.canon_add' depends on axioms: [propext, Classical.choice, Quot.sound]
2026-09-26T10:27:37.0499349Z info: OIBridge/QuasilocalCharacterization.lean:895:0: 'OIBridge.QuasilocalCharacterization.canon_smul' depends on axioms: [propext, Classical.choice, Quot.sound]
2026-09-26T10:27:37.0499835Z info: OIBridge/QuasilocalCharacterization.lean:896:0: 'OIBridge.QuasilocalCharacterization.canon_star' depends on axioms: [propext, Classical.choice, Quot.sound]
2026-09-26T10:27:37.0500318Z info: OIBridge/QuasilocalCharacterization.lean:897:0: 'OIBridge.QuasilocalCharacterization.canon_one' depends on axioms: [propext, Classical.choice, Quot.sound]
2026-09-26T10:27:37.0500801Z info: OIBridge/QuasilocalCharacterization.lean:898:0: 'OIBridge.QuasilocalCharacterization.canon_zero' depends on axioms: [propext, Classical.choice, Quot.sound]
2026-09-26T10:27:37.0501290Z info: OIBridge/QuasilocalCharacterization.lean:899:0: 'OIBridge.QuasilocalCharacterization.norm_canon' depends on axioms: [propext, Classical.choice, Quot.sound]
2026-09-26T10:27:37.0501801Z info: OIBridge/QuasilocalCharacterization.lean:900:0: 'OIBridge.QuasilocalCharacterization.canonHom_apply' depends on axioms: [propext, Classical.choice, Quot.sound]
2026-09-26T10:27:37.0502316Z info: OIBridge/QuasilocalCharacterization.lean:901:0: 'OIBridge.QuasilocalCharacterization.isometry_canonHom' depends on axioms: [propext, Classical.choice, Quot.sound]
2026-09-26T10:27:37.0502841Z info: OIBridge/QuasilocalCharacterization.lean:902:0: 'OIBridge.QuasilocalCharacterization.canonHom_injective' depends on axioms: [propext, Classical.choice, Quot.sound]
2026-09-26T10:27:37.0503373Z info: OIBridge/QuasilocalCharacterization.lean:903:0: 'OIBridge.QuasilocalCharacterization.canonHom_surjective' depends on axioms: [propext, Classical.choice, Quot.sound]
2026-09-26T10:27:37.0503887Z info: OIBridge/QuasilocalCharacterization.lean:904:0: 'OIBridge.QuasilocalCharacterization.canonHom_bijective' depends on axioms: [propext, Classical.choice, Quot.sound]
2026-09-26T10:27:37.0504408Z info: OIBridge/QuasilocalCharacterization.lean:905:0: 'OIBridge.QuasilocalCharacterization.canonEquiv_apply' depends on axioms: [propext, Classical.choice, Quot.sound]
2026-09-26T10:27:37.0504922Z info: OIBridge/QuasilocalCharacterization.lean:906:0: 'OIBridge.QuasilocalCharacterization.canonEquiv_stage' depends on axioms: [propext, Classical.choice, Quot.sound]
2026-09-26T10:27:37.0505423Z info: OIBridge/QuasilocalCharacterization.lean:907:0: 'OIBridge.QuasilocalCharacterization.canon_unique' depends on axioms: [propext, Classical.choice, Quot.sound]
2026-09-26T10:27:37.0506090Z info: OIBridge/QuasilocalCharacterization.lean:908:0: 'OIBridge.QuasilocalCharacterization.systemEquiv_apply' depends on axioms: [propext, Classical.choice, Quot.sound]
2026-09-26T10:27:37.0506617Z info: OIBridge/QuasilocalCharacterization.lean:909:0: 'OIBridge.QuasilocalCharacterization.systemEquiv_stage' depends on axioms: [propext, Classical.choice, Quot.sound]
2026-09-26T10:27:37.0507288Z info: OIBridge/QuasilocalCharacterization.lean:910:0: 'OIBridge.QuasilocalCharacterization.systemEquiv_canon' depends on axioms: [propext, Classical.choice, Quot.sound]
2026-09-26T10:27:37.0507813Z info: OIBridge/QuasilocalCharacterization.lean:911:0: 'OIBridge.QuasilocalCharacterization.systemEquiv_unique' depends on axioms: [propext, Classical.choice, Quot.sound]
2026-09-26T10:27:37.0508335Z info: OIBridge/QuasilocalCharacterization.lean:912:0: 'OIBridge.QuasilocalCharacterization.canonInvL_apply' depends on axioms: [propext, Classical.choice, Quot.sound]
2026-09-26T10:27:37.0508850Z info: OIBridge/QuasilocalCharacterization.lean:913:0: 'OIBridge.QuasilocalCharacterization.systemState_apply' depends on axioms: [propext, Classical.choice, Quot.sound]
2026-09-26T10:27:37.0509483Z info: OIBridge/QuasilocalCharacterization.lean:914:0: 'OIBridge.QuasilocalCharacterization.systemState_stage' depends on axioms: [propext, Classical.choice, Quot.sound]
2026-09-26T10:27:37.0510026Z info: OIBridge/QuasilocalCharacterization.lean:915:0: 'OIBridge.QuasilocalCharacterization.systemState_isState' depends on axioms: [propext, Classical.choice, Quot.sound]
2026-09-26T10:27:37.0510527Z info: OIBridge/QuasilocalCharacterization.lean:916:0: 'OIBridge.QuasilocalCharacterization.heisQ_smul' depends on axioms: [propext, Classical.choice, Quot.sound]
2026-09-26T10:27:37.0511033Z info: OIBridge/QuasilocalCharacterization.lean:917:0: 'OIBridge.QuasilocalCharacterization.heisEquiv_apply' depends on axioms: [propext, Classical.choice, Quot.sound]
2026-09-26T10:27:37.0511575Z info: OIBridge/QuasilocalCharacterization.lean:918:0: 'OIBridge.QuasilocalCharacterization.oi_localityPreserving' depends on axioms: [propext, Classical.choice, Quot.sound]
2026-09-26T10:27:37.0512126Z info: OIBridge/QuasilocalCharacterization.lean:919:0: 'OIBridge.QuasilocalCharacterization.continuous_starAlgEquiv' depends on axioms: [propext, Classical.choice, Quot.sound]
2026-09-26T10:27:37.0512627Z info: OIBridge/QuasilocalCharacterization.lean:920:0: 'OIBridge.QuasilocalCharacterization.canon_dyn' depends on axioms: [propext, Classical.choice, Quot.sound]
2026-09-26T10:27:37.0513133Z info: OIBridge/QuasilocalCharacterization.lean:921:0: 'OIBridge.QuasilocalCharacterization.systemEquiv_dyn' depends on axioms: [propext, Classical.choice, Quot.sound]
2026-09-26T10:27:37.0513663Z info: OIBridge/QuasilocalCharacterization.lean:922:0: 'OIBridge.QuasilocalCharacterization.phaseWt_mul_star_self' depends on axioms: [propext, Classical.choice, Quot.sound]
2026-09-26T10:27:37.0514187Z info: OIBridge/QuasilocalCharacterization.lean:923:0: 'OIBridge.QuasilocalCharacterization.star_mul_self_phaseWt' depends on axioms: [propext, Classical.choice, Quot.sound]
2026-09-26T10:27:37.0514706Z info: OIBridge/QuasilocalCharacterization.lean:924:0: 'OIBridge.QuasilocalCharacterization.phaseWt_pow_four' depends on axioms: [propext, Classical.choice, Quot.sound]
2026-09-26T10:27:37.0515243Z info: OIBridge/QuasilocalCharacterization.lean:925:0: 'OIBridge.QuasilocalCharacterization.phaseWt_confRestrict' depends on axioms: [propext, Classical.choice, Quot.sound]
2026-09-26T10:27:37.0515761Z info: OIBridge/QuasilocalCharacterization.lean:926:0: 'OIBridge.QuasilocalCharacterization.phaseWt_of_not_mem' depends on axioms: [propext, Classical.choice, Quot.sound]
2026-09-26T10:27:37.0516400Z info: OIBridge/QuasilocalCharacterization.lean:927:0: 'OIBridge.QuasilocalCharacterization.phaseWt_eq_of_agree' depends on axioms: [propext, Classical.choice, Quot.sound]
2026-09-26T10:27:37.0516926Z info: OIBridge/QuasilocalCharacterization.lean:928:0: 'OIBridge.QuasilocalCharacterization.phaseConj_apply' depends on axioms: [propext, Classical.choice, Quot.sound]
2026-09-26T10:27:37.0517452Z info: OIBridge/QuasilocalCharacterization.lean:929:0: 'OIBridge.QuasilocalCharacterization.inclObs_phaseConj' depends on axioms: [propext, Classical.choice, Quot.sound]
2026-09-26T10:27:37.0518033Z info: OIBridge/QuasilocalCharacterization.lean:930:0: 'OIBridge.QuasilocalCharacterization.phaseU_mul_conjTranspose' depends on axioms: [propext,
2026-09-26T10:27:37.0518123Z  Classical.choice,
2026-09-26T10:27:37.0518209Z  Quot.sound]
2026-09-26T10:27:37.0518663Z info: OIBridge/QuasilocalCharacterization.lean:931:0: 'OIBridge.QuasilocalCharacterization.conjTranspose_mul_phaseU' depends on axioms: [propext,
2026-09-26T10:27:37.0518752Z  Classical.choice,
2026-09-26T10:27:37.0518836Z  Quot.sound]
2026-09-26T10:27:37.0519348Z info: OIBridge/QuasilocalCharacterization.lean:932:0: 'OIBridge.QuasilocalCharacterization.phaseConj_mul' depends on axioms: [propext, Classical.choice, Quot.sound]
2026-09-26T10:27:37.0519851Z info: OIBridge/QuasilocalCharacterization.lean:933:0: 'OIBridge.QuasilocalCharacterization.phaseConj_one' depends on axioms: [propext, Classical.choice, Quot.sound]
2026-09-26T10:27:37.0520474Z info: OIBridge/QuasilocalCharacterization.lean:934:0: 'OIBridge.QuasilocalCharacterization.phaseConj_add' depends on axioms: [propext, Classical.choice, Quot.sound]
2026-09-26T10:27:37.0520991Z info: OIBridge/QuasilocalCharacterization.lean:935:0: 'OIBridge.QuasilocalCharacterization.phaseConj_smul' depends on axioms: [propext, Classical.choice, Quot.sound]
2026-09-26T10:27:37.0521544Z info: OIBridge/QuasilocalCharacterization.lean:936:0: 'OIBridge.QuasilocalCharacterization.phaseConj_conjTranspose' depends on axioms: [propext, Classical.choice, Quot.sound]
2026-09-26T10:27:37.0522077Z info: OIBridge/QuasilocalCharacterization.lean:937:0: 'OIBridge.QuasilocalCharacterization.phaseConj_injective' depends on axioms: [propext, Classical.choice, Quot.sound]
2026-09-26T10:27:37.0522580Z info: OIBridge/QuasilocalCharacterization.lean:938:0: 'OIBridge.QuasilocalCharacterization.norm_phaseConj' depends on axioms: [propext, Classical.choice, Quot.sound]
2026-09-26T10:27:37.0523084Z info: OIBridge/QuasilocalCharacterization.lean:939:0: 'OIBridge.QuasilocalCharacterization.phaseConj_four' depends on axioms: [propext, Classical.choice, Quot.sound]
2026-09-26T10:27:37.0523593Z info: OIBridge/QuasilocalCharacterization.lean:940:0: 'OIBridge.QuasilocalCharacterization.phaseLoc_ofM' depends on axioms: [propext, Classical.choice, Quot.sound]
2026-09-26T10:27:37.0524090Z info: OIBridge/QuasilocalCharacterization.lean:941:0: 'OIBridge.QuasilocalCharacterization.phaseLoc_mul' depends on axioms: [propext, Classical.choice, Quot.sound]
2026-09-26T10:27:37.0524590Z info: OIBridge/QuasilocalCharacterization.lean:942:0: 'OIBridge.QuasilocalCharacterization.phaseLoc_add' depends on axioms: [propext, Classical.choice, Quot.sound]
2026-09-26T10:27:37.0525094Z info: OIBridge/QuasilocalCharacterization.lean:943:0: 'OIBridge.QuasilocalCharacterization.phaseLoc_smul' depends on axioms: [propext, Classical.choice, Quot.sound]
2026-09-26T10:27:37.0525597Z info: OIBridge/QuasilocalCharacterization.lean:944:0: 'OIBridge.QuasilocalCharacterization.phaseLoc_star' depends on axioms: [propext, Classical.choice, Quot.sound]
2026-09-26T10:27:37.0526227Z info: OIBridge/QuasilocalCharacterization.lean:945:0: 'OIBridge.QuasilocalCharacterization.phaseLoc_sub' depends on axioms: [propext, Classical.choice, Quot.sound]
2026-09-26T10:27:37.0526736Z info: OIBridge/QuasilocalCharacterization.lean:946:0: 'OIBridge.QuasilocalCharacterization.norm_phaseLoc' depends on axioms: [propext, Classical.choice, Quot.sound]
2026-09-26T10:27:37.0527238Z info: OIBridge/QuasilocalCharacterization.lean:947:0: 'OIBridge.QuasilocalCharacterization.phaseLoc_four' depends on axioms: [propext, Classical.choice, Quot.sound]
2026-09-26T10:27:37.0527758Z info: OIBridge/QuasilocalCharacterization.lean:948:0: 'OIBridge.QuasilocalCharacterization.isometry_phaseLoc' depends on axioms: [propext, Classical.choice, Quot.sound]
2026-09-26T10:27:37.0528251Z info: OIBridge/QuasilocalCharacterization.lean:949:0: 'OIBridge.QuasilocalCharacterization.phaseQ_coe' depends on axioms: [propext, Classical.choice, Quot.sound]
2026-09-26T10:27:37.0528770Z info: OIBridge/QuasilocalCharacterization.lean:950:0: 'OIBridge.QuasilocalCharacterization.continuous_phaseQ' depends on axioms: [propext, Classical.choice, Quot.sound]
2026-09-26T10:27:37.0529436Z info: OIBridge/QuasilocalCharacterization.lean:951:0: 'OIBridge.QuasilocalCharacterization.phaseQ_stage' depends on axioms: [propext, Classical.choice, Quot.sound]
2026-09-26T10:27:37.0529924Z info: OIBridge/QuasilocalCharacterization.lean:952:0: 'OIBridge.QuasilocalCharacterization.phaseQ_mul' depends on axioms: [propext, Classical.choice, Quot.sound]
2026-09-26T10:27:37.0530413Z info: OIBridge/QuasilocalCharacterization.lean:953:0: 'OIBridge.QuasilocalCharacterization.phaseQ_add' depends on axioms: [propext, Classical.choice, Quot.sound]
2026-09-26T10:27:37.0530910Z info: OIBridge/QuasilocalCharacterization.lean:954:0: 'OIBridge.QuasilocalCharacterization.phaseQ_smul' depends on axioms: [propext, Classical.choice, Quot.sound]
2026-09-26T10:27:37.0531512Z info: OIBridge/QuasilocalCharacterization.lean:955:0: 'OIBridge.QuasilocalCharacterization.phaseQ_star' depends on axioms: [propext, Classical.choice, Quot.sound]
2026-09-26T10:27:37.0532019Z info: OIBridge/QuasilocalCharacterization.lean:956:0: 'OIBridge.QuasilocalCharacterization.norm_phaseQ' depends on axioms: [propext, Classical.choice, Quot.sound]
2026-09-26T10:27:37.0532512Z info: OIBridge/QuasilocalCharacterization.lean:957:0: 'OIBridge.QuasilocalCharacterization.phaseQ_four' depends on axioms: [propext, Classical.choice, Quot.sound]
2026-09-26T10:27:37.0533028Z info: OIBridge/QuasilocalCharacterization.lean:958:0: 'OIBridge.QuasilocalCharacterization.phaseEquiv_apply' depends on axioms: [propext, Classical.choice, Quot.sound]
2026-09-26T10:27:37.0533486Z info: OIBridge/QuasilocalCharacterization.lean:959:0: 'OIBridge.QuasilocalCharacterization.phase_localityPreserving' depends on axioms: [propext,
2026-09-26T10:27:37.0533577Z  Classical.choice,
2026-09-26T10:27:37.0533657Z  Quot.sound]
2026-09-26T10:27:37.0534196Z info: OIBridge/QuasilocalCharacterization.lean:960:0: 'OIBridge.QuasilocalCharacterization.transported_im_zero' depends on axioms: [propext, Classical.choice, Quot.sound]
2026-09-26T10:27:37.0534706Z info: OIBridge/QuasilocalCharacterization.lean:961:0: 'OIBridge.QuasilocalCharacterization.inclObs_im_zero' depends on axioms: [propext, Classical.choice, Quot.sound]
2026-09-26T10:27:37.0535205Z info: OIBridge/QuasilocalCharacterization.lean:962:0: 'OIBridge.QuasilocalCharacterization.phaseQ_ne_heisQ' depends on axioms: [propext, Classical.choice, Quot.sound]
2026-09-26T10:27:37.0535677Z info: OIBridge/QuasilocalCharacterization.lean:963:0: 'OIBridge.QuasilocalCharacterization.quasilocal_characterization' depends on axioms: [propext,
2026-09-26T10:27:37.0535766Z  Classical.choice,
2026-09-26T10:27:37.0535959Z  Quot.sound]
2026-09-26T10:27:37.0536155Z ⚠ [3470/3600] Replayed OIBridge.SecondOrderLayer
2026-09-26T10:27:37.0536618Z warning: OIBridge/SecondOrderLayer.lean:53:0: automatically included section variable(s) unused in theorem `OIBridge.SecondOrderLayer.extConf_apply`:
2026-09-26T10:27:37.0536706Z   [Fintype Q]
2026-09-26T10:27:37.0536794Z   [DecidableEq Q]
2026-09-26T10:27:37.0536881Z   [Nonempty Q]
2026-09-26T10:27:37.0537218Z consider restructuring your `variable` declarations so that the variables are not in scope or explicitly omit them:
2026-09-26T10:27:37.0537387Z   omit [Fintype Q] [DecidableEq Q] [Nonempty Q] in theorem ...
2026-09-26T10:27:37.0537392Z 
2026-09-26T10:27:37.0537619Z Note: This linter can be disabled with `set_option linter.unusedSectionVars false`
2026-09-26T10:27:37.0538093Z warning: OIBridge/SecondOrderLayer.lean:210:0: automatically included section variable(s) unused in theorem `OIBridge.SecondOrderLayer.self_mem_gateRegion`:
2026-09-26T10:27:37.0538181Z   [Fintype V]
2026-09-26T10:27:37.0538267Z   [DecidableEq V]
2026-09-26T10:27:37.0538350Z   [Nonempty V]
2026-09-26T10:27:37.0538441Z   [AddCommGroup V]
2026-09-26T10:27:37.0538772Z consider restructuring your `variable` declarations so that the variables are not in scope or explicitly omit them:
2026-09-26T10:27:37.0539109Z   omit [Fintype V] [DecidableEq V] [Nonempty V] [AddCommGroup V] in theorem ...
2026-09-26T10:27:37.0539113Z 
2026-09-26T10:27:37.0539331Z Note: This linter can be disabled with `set_option linter.unusedSectionVars false`
2026-09-26T10:27:37.0539807Z warning: OIBridge/SecondOrderLayer.lean:212:0: automatically included section variable(s) unused in theorem `OIBridge.SecondOrderLayer.nbhd_subset_gateRegion`:
2026-09-26T10:27:37.0539894Z   [Fintype V]
2026-09-26T10:27:37.0539987Z   [DecidableEq V]
2026-09-26T10:27:37.0540072Z   [Nonempty V]
2026-09-26T10:27:37.0540165Z   [AddCommGroup V]
2026-09-26T10:27:37.0540497Z consider restructuring your `variable` declarations so that the variables are not in scope or explicitly omit them:
2026-09-26T10:27:37.0540699Z   omit [Fintype V] [DecidableEq V] [Nonempty V] [AddCommGroup V] in theorem ...
2026-09-26T10:27:37.0540703Z 
2026-09-26T10:27:37.0541034Z Note: This linter can be disabled with `set_option linter.unusedSectionVars false`
2026-09-26T10:27:37.0541486Z warning: OIBridge/SecondOrderLayer.lean:230:0: automatically included section variable(s) unused in theorem `OIBridge.SecondOrderLayer.gateOn_apply`:
2026-09-26T10:27:37.0541570Z   [Fintype V]
2026-09-26T10:27:37.0541659Z   [DecidableEq V]
2026-09-26T10:27:37.0541974Z consider restructuring your `variable` declarations so that the variables are not in scope or explicitly omit them:
2026-09-26T10:27:37.0542099Z   omit [Fintype V] [DecidableEq V] in theorem ...
2026-09-26T10:27:37.0542104Z 
2026-09-26T10:27:37.0542313Z Note: This linter can be disabled with `set_option linter.unusedSectionVars false`
2026-09-26T10:27:37.0542764Z warning: OIBridge/SecondOrderLayer.lean:333:0: automatically included section variable(s) unused in theorem `OIBridge.SecondOrderLayer.subset_affected`:
2026-09-26T10:27:37.0542846Z   [Fintype V]
2026-09-26T10:27:37.0542935Z   [DecidableEq V]
2026-09-26T10:27:37.0543021Z   [Nonempty V]
2026-09-26T10:27:37.0543111Z   [AddCommGroup V]
2026-09-26T10:27:37.0543424Z consider restructuring your `variable` declarations so that the variables are not in scope or explicitly omit them:
2026-09-26T10:27:37.0543622Z   omit [Fintype V] [DecidableEq V] [Nonempty V] [AddCommGroup V] in theorem ...
2026-09-26T10:27:37.0543626Z 
2026-09-26T10:27:37.0543828Z Note: This linter can be disabled with `set_option linter.unusedSectionVars false`
2026-09-26T10:27:37.0544278Z warning: OIBridge/SecondOrderLayer.lean:335:0: automatically included section variable(s) unused in theorem `OIBridge.SecondOrderLayer.affected_mono`:
2026-09-26T10:27:37.0544366Z   [Fintype V]
2026-09-26T10:27:37.0544451Z   [DecidableEq V]
2026-09-26T10:27:37.0544542Z   [Nonempty V]
2026-09-26T10:27:37.0544631Z   [AddCommGroup V]
2026-09-26T10:27:37.0544962Z consider restructuring your `variable` declarations so that the variables are not in scope or explicitly omit them:
2026-09-26T10:27:37.0545168Z   omit [Fintype V] [DecidableEq V] [Nonempty V] [AddCommGroup V] in theorem ...
2026-09-26T10:27:37.0545172Z 
2026-09-26T10:27:37.0545387Z Note: This linter can be disabled with `set_option linter.unusedSectionVars false`
2026-09-26T10:27:37.0546055Z warning: OIBridge/SecondOrderLayer.lean:344:0: automatically included section variable(s) unused in theorem `OIBridge.SecondOrderLayer.disjoint_gateRegion_of_notMem_affected`:
2026-09-26T10:27:37.0546144Z   [Fintype V]
2026-09-26T10:27:37.0546229Z   [DecidableEq V]
2026-09-26T10:27:37.0546317Z   [Nonempty V]
2026-09-26T10:27:37.0546407Z   [AddCommGroup V]
2026-09-26T10:27:37.0546725Z consider restructuring your `variable` declarations so that the variables are not in scope or explicitly omit them:
2026-09-26T10:27:37.0546927Z   omit [Fintype V] [DecidableEq V] [Nonempty V] [AddCommGroup V] in theorem ...
2026-09-26T10:27:37.0546932Z 
2026-09-26T10:27:37.0547145Z Note: This linter can be disabled with `set_option linter.unusedSectionVars false`
2026-09-26T10:27:37.0547609Z warning: OIBridge/SecondOrderLayer.lean:826:0: automatically included section variable(s) unused in theorem `OIBridge.SecondOrderLayer.mem_range_stage_le`:
2026-09-26T10:27:37.0547830Z   [AddCommGroup V]
2026-09-26T10:27:37.0548143Z consider restructuring your `variable` declarations so that the variables are not in scope or explicitly omit them:
2026-09-26T10:27:37.0548249Z   omit [AddCommGroup V] in theorem ...
2026-09-26T10:27:37.0548254Z 
2026-09-26T10:27:37.0548464Z Note: This linter can be disabled with `set_option linter.unusedSectionVars false`
2026-09-26T10:27:37.0548924Z warning: OIBridge/SecondOrderLayer.lean:831:0: automatically included section variable(s) unused in theorem `OIBridge.SecondOrderLayer.mem_range_stage_one`:
2026-09-26T10:27:37.0549009Z   [AddCommGroup V]
2026-09-26T10:27:37.0549319Z consider restructuring your `variable` declarations so that the variables are not in scope or explicitly omit them:
2026-09-26T10:27:37.0549423Z   omit [AddCommGroup V] in theorem ...
2026-09-26T10:27:37.0549427Z 
2026-09-26T10:27:37.0549739Z Note: This linter can be disabled with `set_option linter.unusedSectionVars false`
2026-09-26T10:27:37.0550200Z warning: OIBridge/SecondOrderLayer.lean:834:0: automatically included section variable(s) unused in theorem `OIBridge.SecondOrderLayer.mem_range_stage_mul`:
2026-09-26T10:27:37.0550292Z   [AddCommGroup V]
2026-09-26T10:27:37.0550597Z consider restructuring your `variable` declarations so that the variables are not in scope or explicitly omit them:
2026-09-26T10:27:37.0550702Z   omit [AddCommGroup V] in theorem ...
2026-09-26T10:27:37.0550706Z 
2026-09-26T10:27:37.0550911Z Note: This linter can be disabled with `set_option linter.unusedSectionVars false`
2026-09-26T10:27:37.0551401Z warning: OIBridge/SecondOrderLayer.lean:840:0: automatically included section variable(s) unused in theorem `OIBridge.SecondOrderLayer.mem_range_stage_sub`:
2026-09-26T10:27:37.0551492Z   [AddCommGroup V]
2026-09-26T10:27:37.0551848Z consider restructuring your `variable` declarations so that the variables are not in scope or explicitly omit them:
2026-09-26T10:27:37.0551953Z   omit [AddCommGroup V] in theorem ...
2026-09-26T10:27:37.0551961Z 
2026-09-26T10:27:37.0552184Z Note: This linter can be disabled with `set_option linter.unusedSectionVars false`
2026-09-26T10:27:37.0552644Z warning: OIBridge/SecondOrderLayer.lean:846:0: automatically included section variable(s) unused in theorem `OIBridge.SecondOrderLayer.mem_range_stage_add`:
2026-09-26T10:27:37.0552730Z   [AddCommGroup V]
2026-09-26T10:27:37.0553051Z consider restructuring your `variable` declarations so that the variables are not in scope or explicitly omit them:
2026-09-26T10:27:37.0553158Z   omit [AddCommGroup V] in theorem ...
2026-09-26T10:27:37.0553162Z 
2026-09-26T10:27:37.0553369Z Note: This linter can be disabled with `set_option linter.unusedSectionVars false`
2026-09-26T10:27:37.0553832Z warning: OIBridge/SecondOrderLayer.lean:852:0: automatically included section variable(s) unused in theorem `OIBridge.SecondOrderLayer.mem_range_stage_smul`:
2026-09-26T10:27:37.0553928Z   [AddCommGroup V]
2026-09-26T10:27:37.0554241Z consider restructuring your `variable` declarations so that the variables are not in scope or explicitly omit them:
2026-09-26T10:27:37.0554352Z   omit [AddCommGroup V] in theorem ...
2026-09-26T10:27:37.0554355Z 
2026-09-26T10:27:37.0554560Z Note: This linter can be disabled with `set_option linter.unusedSectionVars false`
2026-09-26T10:27:37.0555008Z warning: OIBridge/SecondOrderLayer.lean:857:0: automatically included section variable(s) unused in theorem `OIBridge.SecondOrderLayer.mem_range_stage_star`:
2026-09-26T10:27:37.0555097Z   [AddCommGroup V]
2026-09-26T10:27:37.0555408Z consider restructuring your `variable` declarations so that the variables are not in scope or explicitly omit them:
2026-09-26T10:27:37.0555506Z   omit [AddCommGroup V] in theorem ...
2026-09-26T10:27:37.0555509Z 
2026-09-26T10:27:37.0555713Z Note: This linter can be disabled with `set_option linter.unusedSectionVars false`
2026-09-26T10:27:37.0556344Z warning: OIBridge/SecondOrderLayer.lean:872:0: automatically included section variable(s) unused in theorem `OIBridge.SecondOrderLayer.gateRegion_subset_gateSpan`:
2026-09-26T10:27:37.0556553Z   [Fintype V]
2026-09-26T10:27:37.0556640Z   [DecidableEq V]
2026-09-26T10:27:37.0556723Z   [Nonempty V]
2026-09-26T10:27:37.0556813Z   [AddCommGroup V]
2026-09-26T10:27:37.0557142Z consider restructuring your `variable` declarations so that the variables are not in scope or explicitly omit them:
2026-09-26T10:27:37.0557344Z   omit [Fintype V] [DecidableEq V] [Nonempty V] [AddCommGroup V] in theorem ...
2026-09-26T10:27:37.0557348Z 
2026-09-26T10:27:37.0557567Z Note: This linter can be disabled with `set_option linter.unusedSectionVars false`
2026-09-26T10:27:37.0558006Z info: OIBridge/SecondOrderLayer.lean:994:0: 'OIBridge.SecondOrderLayer.extConf_comp' depends on axioms: [propext, Classical.choice, Quot.sound]
2026-09-26T10:27:37.0558535Z info: OIBridge/SecondOrderLayer.lean:995:0: 'OIBridge.SecondOrderLayer.extConf_refl' depends on axioms: [propext, Classical.choice, Quot.sound]
2026-09-26T10:27:37.0558987Z info: OIBridge/SecondOrderLayer.lean:996:0: 'OIBridge.SecondOrderLayer.extPerm_involutive' depends on axioms: [propext, Classical.choice, Quot.sound]
2026-09-26T10:27:37.0559426Z info: OIBridge/SecondOrderLayer.lean:997:0: 'OIBridge.SecondOrderLayer.inclObs_permMat' depends on axioms: [propext, Classical.choice, Quot.sound]
2026-09-26T10:27:37.0559845Z info: OIBridge/SecondOrderLayer.lean:998:0: 'OIBridge.SecondOrderLayer.qGate_extPerm' depends on axioms: [propext, Classical.choice, Quot.sound]
2026-09-26T10:27:37.0560291Z info: OIBridge/SecondOrderLayer.lean:999:0: 'OIBridge.SecondOrderLayer.qGate_comm_of_extComm' depends on axioms: [propext, Classical.choice, Quot.sound]
2026-09-26T10:27:37.0560710Z info: OIBridge/SecondOrderLayer.lean:1000:0: 'OIBridge.SecondOrderLayer.qGate_isGate' depends on axioms: [propext, Classical.choice, Quot.sound]
2026-09-26T10:27:37.0561187Z info: OIBridge/SecondOrderLayer.lean:1001:0: 'OIBridge.SecondOrderLayer.qGate_comm_stage_of_disjoint' depends on axioms: [propext, Classical.choice, Quot.sound]
2026-09-26T10:27:37.0561676Z info: OIBridge/SecondOrderLayer.lean:1002:0: 'OIBridge.SecondOrderLayer.unit_qGate_comm_stage_of_disjoint' depends on axioms: [propext, Classical.choice, Quot.sound]
2026-09-26T10:27:37.0562088Z info: OIBridge/SecondOrderLayer.lean:1003:0: 'OIBridge.SecondOrderLayer.curOn_gateOn' depends on axioms: [propext, Classical.choice, Quot.sound]
2026-09-26T10:27:37.0562500Z info: OIBridge/SecondOrderLayer.lean:1004:0: 'OIBridge.SecondOrderLayer.rhs_gateOn' depends on axioms: [propext, Classical.choice, Quot.sound]
2026-09-26T10:27:37.0562934Z info: OIBridge/SecondOrderLayer.lean:1005:0: 'OIBridge.SecondOrderLayer.gateOn_involutive' depends on axioms: [propext, Classical.choice, Quot.sound]
2026-09-26T10:27:37.0563351Z info: OIBridge/SecondOrderLayer.lean:1006:0: 'OIBridge.SecondOrderLayer.gateOn_comm' depends on axioms: [propext, Classical.choice, Quot.sound]
2026-09-26T10:27:37.0563768Z info: OIBridge/SecondOrderLayer.lean:1007:0: 'OIBridge.SecondOrderLayer.rhs_restrict' depends on axioms: [propext, Classical.choice, Quot.sound]
2026-09-26T10:27:37.0564203Z info: OIBridge/SecondOrderLayer.lean:1008:0: 'OIBridge.SecondOrderLayer.extPerm_gateEquiv' depends on axioms: [propext, Classical.choice, Quot.sound]
2026-09-26T10:27:37.0564625Z info: OIBridge/SecondOrderLayer.lean:1009:0: 'OIBridge.SecondOrderLayer.disjoint_gateRegion_of_notMem_affected' depends on axioms: [propext,
2026-09-26T10:27:37.0564716Z  Classical.choice,
2026-09-26T10:27:37.0564799Z  Quot.sound]
2026-09-26T10:27:37.0565236Z info: OIBridge/SecondOrderLayer.lean:1010:0: 'OIBridge.SecondOrderLayer.shearGate_isGate' depends on axioms: [propext, Classical.choice, Quot.sound]
2026-09-26T10:27:37.0565662Z info: OIBridge/SecondOrderLayer.lean:1011:0: 'OIBridge.SecondOrderLayer.shearGate_comm' depends on axioms: [propext, Classical.choice, Quot.sound]
2026-09-26T10:27:37.0566276Z info: OIBridge/SecondOrderLayer.lean:1012:0: 'OIBridge.SecondOrderLayer.unit_shearGate_comm_stage' depends on axioms: [propext, Classical.choice, Quot.sound]
2026-09-26T10:27:37.0566926Z info: OIBridge/SecondOrderLayer.lean:1013:0: 'OIBridge.SecondOrderLayer.isGateList_shearGateList' depends on axioms: [propext, Classical.choice, Quot.sound]
2026-09-26T10:27:37.0567352Z info: OIBridge/SecondOrderLayer.lean:1014:0: 'OIBridge.SecondOrderLayer.layerU_union' depends on axioms: [propext, Classical.choice, Quot.sound]
2026-09-26T10:27:37.0567721Z info: OIBridge/SecondOrderLayer.lean:1015:0: 'OIBridge.SecondOrderLayer.conj_eq_self_of_commute' does not depend on any axioms
2026-09-26T10:27:37.0568136Z info: OIBridge/SecondOrderLayer.lean:1016:0: 'OIBridge.SecondOrderLayer.layerU_star' depends on axioms: [propext, Classical.choice, Quot.sound]
2026-09-26T10:27:37.0568587Z info: OIBridge/SecondOrderLayer.lean:1017:0: 'OIBridge.SecondOrderLayer.layerAct_stabilizes' depends on axioms: [propext, Classical.choice, Quot.sound]
2026-09-26T10:27:37.0569122Z info: OIBridge/SecondOrderLayer.lean:1018:0: 'OIBridge.SecondOrderLayer.star_layerU_mul' depends on axioms: [propext, Classical.choice, Quot.sound]
2026-09-26T10:27:37.0569540Z info: OIBridge/SecondOrderLayer.lean:1019:0: 'OIBridge.SecondOrderLayer.layerU_zero' depends on axioms: [propext, Classical.choice, Quot.sound]
2026-09-26T10:27:37.0569999Z info: OIBridge/SecondOrderLayer.lean:1020:0: 'OIBridge.SecondOrderLayer.layerAct_eq_of_stage_eq' depends on axioms: [propext, Classical.choice, Quot.sound]
2026-09-26T10:27:37.0570413Z info: OIBridge/SecondOrderLayer.lean:1021:0: 'OIBridge.SecondOrderLayer.layerLoc_ofM' depends on axioms: [propext, Classical.choice, Quot.sound]
2026-09-26T10:27:37.0570824Z info: OIBridge/SecondOrderLayer.lean:1022:0: 'OIBridge.SecondOrderLayer.layerLoc_mul' depends on axioms: [propext, Classical.choice, Quot.sound]
2026-09-26T10:27:37.0571234Z info: OIBridge/SecondOrderLayer.lean:1023:0: 'OIBridge.SecondOrderLayer.layerLoc_add' depends on axioms: [propext, Classical.choice, Quot.sound]
2026-09-26T10:27:37.0571648Z info: OIBridge/SecondOrderLayer.lean:1024:0: 'OIBridge.SecondOrderLayer.layerLoc_one' depends on axioms: [propext, Classical.choice, Quot.sound]
2026-09-26T10:27:37.0572073Z info: OIBridge/SecondOrderLayer.lean:1025:0: 'OIBridge.SecondOrderLayer.layerLoc_star' depends on axioms: [propext, Classical.choice, Quot.sound]
2026-09-26T10:27:37.0572492Z info: OIBridge/SecondOrderLayer.lean:1026:0: 'OIBridge.SecondOrderLayer.layerLoc_zero' depends on axioms: [propext, Classical.choice, Quot.sound]
2026-09-26T10:27:37.0572909Z info: OIBridge/SecondOrderLayer.lean:1027:0: 'OIBridge.SecondOrderLayer.layerLoc_smul' depends on axioms: [propext, Classical.choice, Quot.sound]
2026-09-26T10:27:37.0573317Z info: OIBridge/SecondOrderLayer.lean:1028:0: 'OIBridge.SecondOrderLayer.layerLoc_sub' depends on axioms: [propext, Classical.choice, Quot.sound]
2026-09-26T10:27:37.0573754Z info: OIBridge/SecondOrderLayer.lean:1029:0: 'OIBridge.SecondOrderLayer.layerU_mem_unitary' depends on axioms: [propext, Classical.choice, Quot.sound]
2026-09-26T10:27:37.0574173Z info: OIBridge/SecondOrderLayer.lean:1030:0: 'OIBridge.SecondOrderLayer.norm_layerLoc' depends on axioms: [propext, Classical.choice, Quot.sound]
2026-09-26T10:27:37.0574606Z info: OIBridge/SecondOrderLayer.lean:1031:0: 'OIBridge.SecondOrderLayer.isometry_layerLoc' depends on axioms: [propext, Classical.choice, Quot.sound]
2026-09-26T10:27:37.0575019Z info: OIBridge/SecondOrderLayer.lean:1032:0: 'OIBridge.SecondOrderLayer.layerQ_coe' depends on axioms: [propext, Classical.choice, Quot.sound]
2026-09-26T10:27:37.0575431Z info: OIBridge/SecondOrderLayer.lean:1033:0: 'OIBridge.SecondOrderLayer.layerQ_stage' depends on axioms: [propext, Classical.choice, Quot.sound]
2026-09-26T10:27:37.0575935Z info: OIBridge/SecondOrderLayer.lean:1034:0: 'OIBridge.SecondOrderLayer.norm_layerQ' depends on axioms: [propext, Classical.choice, Quot.sound]
2026-09-26T10:27:37.0576352Z info: OIBridge/SecondOrderLayer.lean:1035:0: 'OIBridge.SecondOrderLayer.layerQ_mul' depends on axioms: [propext, Classical.choice, Quot.sound]
2026-09-26T10:27:37.0576759Z info: OIBridge/SecondOrderLayer.lean:1036:0: 'OIBridge.SecondOrderLayer.layerQ_add' depends on axioms: [propext, Classical.choice, Quot.sound]
2026-09-26T10:27:37.0577284Z info: OIBridge/SecondOrderLayer.lean:1037:0: 'OIBridge.SecondOrderLayer.layerQ_one' depends on axioms: [propext, Classical.choice, Quot.sound]
2026-09-26T10:27:37.0577707Z info: OIBridge/SecondOrderLayer.lean:1038:0: 'OIBridge.SecondOrderLayer.layerQ_zero_time' depends on axioms: [propext, Classical.choice, Quot.sound]
2026-09-26T10:27:37.0578181Z info: OIBridge/SecondOrderLayer.lean:1039:0: 'OIBridge.SecondOrderLayer.continuous_unit_shearGate' depends on axioms: [propext, Classical.choice, Quot.sound]
2026-09-26T10:27:37.0578613Z info: OIBridge/SecondOrderLayer.lean:1040:0: 'OIBridge.SecondOrderLayer.continuous_layerU' depends on axioms: [propext, Classical.choice, Quot.sound]
2026-09-26T10:27:37.0579164Z info: OIBridge/SecondOrderLayer.lean:1041:0: 'OIBridge.SecondOrderLayer.continuous_layerLoc' depends on axioms: [propext, Classical.choice, Quot.sound]
2026-09-26T10:27:37.0579589Z info: OIBridge/SecondOrderLayer.lean:1042:0: 'OIBridge.SecondOrderLayer.layerQ_smul' depends on axioms: [propext, Classical.choice, Quot.sound]
2026-09-26T10:27:37.0579996Z info: OIBridge/SecondOrderLayer.lean:1043:0: 'OIBridge.SecondOrderLayer.layerQ_star' depends on axioms: [propext, Classical.choice, Quot.sound]
2026-09-26T10:27:37.0580396Z info: OIBridge/SecondOrderLayer.lean:1044:0: 'OIBridge.SecondOrderLayer.layerQ_sub' depends on axioms: [propext, Classical.choice, Quot.sound]
2026-09-26T10:27:37.0580827Z info: OIBridge/SecondOrderLayer.lean:1045:0: 'OIBridge.SecondOrderLayer.dist_layerQ' depends on axioms: [propext, Classical.choice, Quot.sound]
2026-09-26T10:27:37.0581284Z info: OIBridge/SecondOrderLayer.lean:1046:0: 'OIBridge.SecondOrderLayer.continuous_layerQ_time' depends on axioms: [propext, Classical.choice, Quot.sound]
2026-09-26T10:27:37.0581713Z info: OIBridge/SecondOrderLayer.lean:1047:0: 'OIBridge.SecondOrderLayer.mem_range_stage_le' depends on axioms: [propext, Classical.choice, Quot.sound]
2026-09-26T10:27:37.0582176Z info: OIBridge/SecondOrderLayer.lean:1048:0: 'OIBridge.SecondOrderLayer.unit_shearGate_mem_range' depends on axioms: [propext, Classical.choice, Quot.sound]
2026-09-26T10:27:37.0582607Z info: OIBridge/SecondOrderLayer.lean:1049:0: 'OIBridge.SecondOrderLayer.layerU_mem_range' depends on axioms: [propext, Classical.choice, Quot.sound]
2026-09-26T10:27:37.0583040Z info: OIBridge/SecondOrderLayer.lean:1050:0: 'OIBridge.SecondOrderLayer.layerAct_mem_range' depends on axioms: [propext, Classical.choice, Quot.sound]
2026-09-26T10:27:37.0583446Z info: OIBridge/SecondOrderLayer.lean:1051:0: 'OIBridge.SecondOrderLayer.layerU_add' depends on axioms: [propext, Classical.choice, Quot.sound]
2026-09-26T10:27:37.0583892Z info: OIBridge/SecondOrderLayer.lean:1052:0: 'OIBridge.SecondOrderLayer.layerQ_add_time_stage' depends on axioms: [propext, Classical.choice, Quot.sound]
2026-09-26T10:27:37.0584319Z info: OIBridge/SecondOrderLayer.lean:1053:0: 'OIBridge.SecondOrderLayer.layerQ_add_time' depends on axioms: [propext, Classical.choice, Quot.sound]
2026-09-26T10:27:37.0584755Z info: OIBridge/SecondOrderLayer.lean:1054:0: 'OIBridge.SecondOrderLayer.layerQ_left_inverse' depends on axioms: [propext, Classical.choice, Quot.sound]
2026-09-26T10:27:37.0585199Z info: OIBridge/SecondOrderLayer.lean:1055:0: 'OIBridge.SecondOrderLayer.layerQ_bijective' depends on axioms: [propext, Classical.choice, Quot.sound]
2026-09-26T10:27:37.0585378Z ⚠ [3471/3600] Replayed OIBridge.SwapLayer
2026-09-26T10:27:37.0585911Z warning: OIBridge/SwapLayer.lean:40:0: automatically included section variable(s) unused in theorem `OIBridge.SwapLayer.swapConf_involutive`:
2026-09-26T10:27:37.0586031Z   [DecidableEq ι]
2026-09-26T10:27:37.0586113Z   [Fintype V]
2026-09-26T10:27:37.0586202Z   [DecidableEq V]
2026-09-26T10:27:37.0586290Z   [Nonempty V]
2026-09-26T10:27:37.0586632Z consider restructuring your `variable` declarations so that the variables are not in scope or explicitly omit them:
2026-09-26T10:27:37.0587025Z   omit [DecidableEq ι] [Fintype V] [DecidableEq V] [Nonempty V] in theorem ...
2026-09-26T10:27:37.0587030Z 
2026-09-26T10:27:37.0587252Z Note: This linter can be disabled with `set_option linter.unusedSectionVars false`
2026-09-26T10:27:37.0587654Z warning: OIBridge/SwapLayer.lean:63:0: automatically included section variable(s) unused in theorem `OIBridge.SwapLayer.swapGate_isGate`:
2026-09-26T10:27:37.0587748Z   [AddCommGroup V]
2026-09-26T10:27:37.0588073Z consider restructuring your `variable` declarations so that the variables are not in scope or explicitly omit them:
2026-09-26T10:27:37.0588177Z   omit [AddCommGroup V] in theorem ...
2026-09-26T10:27:37.0588181Z 
2026-09-26T10:27:37.0588393Z Note: This linter can be disabled with `set_option linter.unusedSectionVars false`
2026-09-26T10:27:37.0588901Z warning: OIBridge/SwapLayer.lean:68:0: automatically included section variable(s) unused in theorem `OIBridge.SwapLayer.swapGate_comm`:
2026-09-26T10:27:37.0589000Z   [AddCommGroup V]
2026-09-26T10:27:37.0589322Z consider restructuring your `variable` declarations so that the variables are not in scope or explicitly omit them:
2026-09-26T10:27:37.0589424Z   omit [AddCommGroup V] in theorem ...
2026-09-26T10:27:37.0589429Z 
2026-09-26T10:27:37.0589631Z Note: This linter can be disabled with `set_option linter.unusedSectionVars false`
2026-09-26T10:27:37.0590049Z warning: OIBridge/SwapLayer.lean:80:0: automatically included section variable(s) unused in theorem `OIBridge.SwapLayer.unit_swapGate_comm_stage`:
2026-09-26T10:27:37.0590138Z   [AddCommGroup V]
2026-09-26T10:27:37.0590444Z consider restructuring your `variable` declarations so that the variables are not in scope or explicitly omit them:
2026-09-26T10:27:37.0590549Z   omit [AddCommGroup V] in theorem ...
2026-09-26T10:27:37.0590553Z 
2026-09-26T10:27:37.0590760Z Note: This linter can be disabled with `set_option linter.unusedSectionVars false`
2026-09-26T10:27:37.0590955Z warning: OIBridge/SwapLayer.lean:191:52: try 'simp' instead of 'simpa'
2026-09-26T10:27:37.0590962Z 
2026-09-26T10:27:37.0591384Z Note: This linter can be disabled with `set_option linter.unnecessarySimpa false`
2026-09-26T10:27:37.0591909Z warning: OIBridge/SwapLayer.lean:198:0: automatically included section variable(s) unused in theorem `OIBridge.SwapLayer.continuous_unit_swapGate`:
2026-09-26T10:27:37.0592001Z   [AddCommGroup V]
2026-09-26T10:27:37.0592330Z consider restructuring your `variable` declarations so that the variables are not in scope or explicitly omit them:
2026-09-26T10:27:37.0592438Z   omit [AddCommGroup V] in theorem ...
2026-09-26T10:27:37.0592443Z 
2026-09-26T10:27:37.0592654Z Note: This linter can be disabled with `set_option linter.unusedSectionVars false`
2026-09-26T10:27:37.0593057Z info: OIBridge/SwapLayer.lean:520:0: 'OIBridge.SwapLayer.swapConf_involutive' depends on axioms: [propext, Classical.choice, Quot.sound]
2026-09-26T10:27:37.0593444Z info: OIBridge/SwapLayer.lean:521:0: 'OIBridge.SwapLayer.swapGate_isGate' depends on axioms: [propext, Classical.choice, Quot.sound]
2026-09-26T10:27:37.0593811Z info: OIBridge/SwapLayer.lean:522:0: 'OIBridge.SwapLayer.swapGate_comm' depends on axioms: [propext, Classical.choice, Quot.sound]
2026-09-26T10:27:37.0594194Z info: OIBridge/SwapLayer.lean:523:0: 'OIBridge.SwapLayer.unit_swapGate_comm' depends on axioms: [propext, Classical.choice, Quot.sound]
2026-09-26T10:27:37.0594595Z info: OIBridge/SwapLayer.lean:524:0: 'OIBridge.SwapLayer.unit_swapGate_comm_stage' depends on axioms: [propext, Classical.choice, Quot.sound]
2026-09-26T10:27:37.0594980Z info: OIBridge/SwapLayer.lean:525:0: 'OIBridge.SwapLayer.unit_swapGate_mem_range' depends on axioms: [propext, Classical.choice, Quot.sound]
2026-09-26T10:27:37.0595384Z info: OIBridge/SwapLayer.lean:526:0: 'OIBridge.SwapLayer.swapU_union' depends on axioms: [propext, Classical.choice, Quot.sound]
2026-09-26T10:27:37.0595763Z info: OIBridge/SwapLayer.lean:527:0: 'OIBridge.SwapLayer.swapU_singleton' depends on axioms: [propext, Classical.choice, Quot.sound]
2026-09-26T10:27:37.0596368Z info: OIBridge/SwapLayer.lean:528:0: 'OIBridge.SwapLayer.swapU_star' depends on axioms: [propext, Classical.choice, Quot.sound]
2026-09-26T10:27:37.0596741Z info: OIBridge/SwapLayer.lean:529:0: 'OIBridge.SwapLayer.star_swapU_mul' depends on axioms: [propext, Classical.choice, Quot.sound]
2026-09-26T10:27:37.0597119Z info: OIBridge/SwapLayer.lean:530:0: 'OIBridge.SwapLayer.swapU_mem_unitary' depends on axioms: [propext, Classical.choice, Quot.sound]
2026-09-26T10:27:37.0597464Z info: OIBridge/SwapLayer.lean:531:0: 'OIBridge.SwapLayer.swapU_zero' depends on axioms: [propext, Classical.choice, Quot.sound]
2026-09-26T10:27:37.0597932Z info: OIBridge/SwapLayer.lean:532:0: 'OIBridge.SwapLayer.swapU_add' depends on axioms: [propext, Classical.choice, Quot.sound]
2026-09-26T10:27:37.0598400Z info: OIBridge/SwapLayer.lean:533:0: 'OIBridge.SwapLayer.swapU_mem_range' depends on axioms: [propext, Classical.choice, Quot.sound]
2026-09-26T10:27:37.0598917Z info: OIBridge/SwapLayer.lean:534:0: 'OIBridge.SwapLayer.continuous_swapU' depends on axioms: [propext, Classical.choice, Quot.sound]
2026-09-26T10:27:37.0599317Z info: OIBridge/SwapLayer.lean:535:0: 'OIBridge.SwapLayer.swapAct_stabilizes' depends on axioms: [propext, Classical.choice, Quot.sound]
2026-09-26T10:27:37.0599698Z info: OIBridge/SwapLayer.lean:536:0: 'OIBridge.SwapLayer.swapAct_mem_range' depends on axioms: [propext, Classical.choice, Quot.sound]
2026-09-26T10:27:37.0600095Z info: OIBridge/SwapLayer.lean:537:0: 'OIBridge.SwapLayer.swapAct_mem_range_self' depends on axioms: [propext, Classical.choice, Quot.sound]
2026-09-26T10:27:37.0600449Z info: OIBridge/SwapLayer.lean:538:0: 'OIBridge.SwapLayer.swapLoc_ofM' depends on axioms: [propext, Classical.choice, Quot.sound]
2026-09-26T10:27:37.0600797Z info: OIBridge/SwapLayer.lean:539:0: 'OIBridge.SwapLayer.swapLoc_mul' depends on axioms: [propext, Classical.choice, Quot.sound]
2026-09-26T10:27:37.0601148Z info: OIBridge/SwapLayer.lean:540:0: 'OIBridge.SwapLayer.swapLoc_add' depends on axioms: [propext, Classical.choice, Quot.sound]
2026-09-26T10:27:37.0601509Z info: OIBridge/SwapLayer.lean:541:0: 'OIBridge.SwapLayer.swapLoc_smul' depends on axioms: [propext, Classical.choice, Quot.sound]
2026-09-26T10:27:37.0601856Z info: OIBridge/SwapLayer.lean:542:0: 'OIBridge.SwapLayer.swapLoc_one' depends on axioms: [propext, Classical.choice, Quot.sound]
2026-09-26T10:27:37.0602755Z info: OIBridge/SwapLayer.lean:543:0: 'OIBridge.SwapLayer.swapLoc_star' depends on axioms: [propext, Classical.choice, Quot.sound]
2026-09-26T10:27:37.0603133Z info: OIBridge/SwapLayer.lean:544:0: 'OIBridge.SwapLayer.swapLoc_zero' depends on axioms: [propext, Classical.choice, Quot.sound]
2026-09-26T10:27:37.0603491Z info: OIBridge/SwapLayer.lean:545:0: 'OIBridge.SwapLayer.norm_swapLoc' depends on axioms: [propext, Classical.choice, Quot.sound]
2026-09-26T10:27:37.0603875Z info: OIBridge/SwapLayer.lean:546:0: 'OIBridge.SwapLayer.isometry_swapLoc' depends on axioms: [propext, Classical.choice, Quot.sound]
2026-09-26T10:27:37.0604258Z info: OIBridge/SwapLayer.lean:547:0: 'OIBridge.SwapLayer.continuous_swapLoc' depends on axioms: [propext, Classical.choice, Quot.sound]
2026-09-26T10:27:37.0604612Z info: OIBridge/SwapLayer.lean:548:0: 'OIBridge.SwapLayer.swapQ_coe' depends on axioms: [propext, Classical.choice, Quot.sound]
2026-09-26T10:27:37.0604966Z info: OIBridge/SwapLayer.lean:549:0: 'OIBridge.SwapLayer.swapQ_stage' depends on axioms: [propext, Classical.choice, Quot.sound]
2026-09-26T10:27:37.0605310Z info: OIBridge/SwapLayer.lean:550:0: 'OIBridge.SwapLayer.norm_swapQ' depends on axioms: [propext, Classical.choice, Quot.sound]
2026-09-26T10:27:37.0605666Z info: OIBridge/SwapLayer.lean:551:0: 'OIBridge.SwapLayer.swapQ_mul' depends on axioms: [propext, Classical.choice, Quot.sound]
2026-09-26T10:27:37.0606155Z info: OIBridge/SwapLayer.lean:552:0: 'OIBridge.SwapLayer.swapQ_add' depends on axioms: [propext, Classical.choice, Quot.sound]
2026-09-26T10:27:37.0606507Z info: OIBridge/SwapLayer.lean:553:0: 'OIBridge.SwapLayer.swapQ_smul' depends on axioms: [propext, Classical.choice, Quot.sound]
2026-09-26T10:27:37.0606999Z info: OIBridge/SwapLayer.lean:554:0: 'OIBridge.SwapLayer.swapQ_star' depends on axioms: [propext, Classical.choice, Quot.sound]
2026-09-26T10:27:37.0607345Z info: OIBridge/SwapLayer.lean:555:0: 'OIBridge.SwapLayer.swapQ_one' depends on axioms: [propext, Classical.choice, Quot.sound]
2026-09-26T10:27:37.0607702Z info: OIBridge/SwapLayer.lean:556:0: 'OIBridge.SwapLayer.swapQ_zero_time' depends on axioms: [propext, Classical.choice, Quot.sound]
2026-09-26T10:27:37.0608102Z info: OIBridge/SwapLayer.lean:557:0: 'OIBridge.SwapLayer.continuous_swapQ_time' depends on axioms: [propext, Classical.choice, Quot.sound]
2026-09-26T10:27:37.0608465Z info: OIBridge/SwapLayer.lean:558:0: 'OIBridge.SwapLayer.swapQ_add_time' depends on axioms: [propext, Classical.choice, Quot.sound]
2026-09-26T10:27:37.0608937Z info: OIBridge/SwapLayer.lean:559:0: 'OIBridge.SwapLayer.swapQ_bijective' depends on axioms: [propext, Classical.choice, Quot.sound]
2026-09-26T10:27:37.0609170Z ⚠ [3472/3600] Replayed OIBridge.SecondOrderDrive
2026-09-26T10:27:37.0609675Z warning: OIBridge/SecondOrderDrive.lean:369:0: automatically included section variable(s) unused in theorem `OIBridge.SecondOrderDrive.localConf_apply_of_mem`:
2026-09-26T10:27:37.0609761Z   [Nonempty Q]
2026-09-26T10:27:37.0610097Z consider restructuring your `variable` declarations so that the variables are not in scope or explicitly omit them:
2026-09-26T10:27:37.0610203Z   omit [Nonempty Q] in theorem ...
2026-09-26T10:27:37.0610209Z 
2026-09-26T10:27:37.0610425Z Note: This linter can be disabled with `set_option linter.unusedSectionVars false`
2026-09-26T10:27:37.0610923Z warning: OIBridge/SecondOrderDrive.lean:372:0: automatically included section variable(s) unused in theorem `OIBridge.SecondOrderDrive.localConf_apply_of_not_mem`:
2026-09-26T10:27:37.0611014Z   [Nonempty Q]
2026-09-26T10:27:37.0611333Z consider restructuring your `variable` declarations so that the variables are not in scope or explicitly omit them:
2026-09-26T10:27:37.0611448Z   omit [Nonempty Q] in theorem ...
2026-09-26T10:27:37.0611452Z 
2026-09-26T10:27:37.0611662Z Note: This linter can be disabled with `set_option linter.unusedSectionVars false`
2026-09-26T10:27:37.0612109Z warning: OIBridge/SecondOrderDrive.lean:376:0: automatically included section variable(s) unused in theorem `OIBridge.SecondOrderDrive.glob_localConf`:
2026-09-26T10:27:37.0612197Z   [Nonempty Q]
2026-09-26T10:27:37.0612508Z consider restructuring your `variable` declarations so that the variables are not in scope or explicitly omit them:
2026-09-26T10:27:37.0612603Z   omit [Nonempty Q] in theorem ...
2026-09-26T10:27:37.0612607Z 
2026-09-26T10:27:37.0612814Z Note: This linter can be disabled with `set_option linter.unusedSectionVars false`
2026-09-26T10:27:37.0613258Z warning: OIBridge/SecondOrderDrive.lean:379:0: automatically included section variable(s) unused in theorem `OIBridge.SecondOrderDrive.patch_patch`:
2026-09-26T10:27:37.0613343Z   [Nonempty Q]
2026-09-26T10:27:37.0613661Z consider restructuring your `variable` declarations so that the variables are not in scope or explicitly omit them:
2026-09-26T10:27:37.0613760Z   omit [Nonempty Q] in theorem ...
2026-09-26T10:27:37.0613765Z 
2026-09-26T10:27:37.0613964Z Note: This linter can be disabled with `set_option linter.unusedSectionVars false`
2026-09-26T10:27:37.0614439Z warning: OIBridge/SecondOrderDrive.lean:509:0: automatically included section variable(s) unused in theorem `OIBridge.SecondOrderDrive.regionSwap_involutive`:
2026-09-26T10:27:37.0614564Z   [DecidableEq ι]
2026-09-26T10:27:37.0614872Z consider restructuring your `variable` declarations so that the variables are not in scope or explicitly omit them:
2026-09-26T10:27:37.0615021Z   omit [DecidableEq ι] in theorem ...
2026-09-26T10:27:37.0615025Z 
2026-09-26T10:27:37.0615231Z Note: This linter can be disabled with `set_option linter.unusedSectionVars false`
2026-09-26T10:27:37.0615684Z warning: OIBridge/SecondOrderDrive.lean:512:0: automatically included section variable(s) unused in theorem `OIBridge.SecondOrderDrive.regionSwap_symm`:
2026-09-26T10:27:37.0616005Z   [DecidableEq ι]
2026-09-26T10:27:37.0616322Z consider restructuring your `variable` declarations so that the variables are not in scope or explicitly omit them:
2026-09-26T10:27:37.0616454Z   omit [DecidableEq ι] in theorem ...
2026-09-26T10:27:37.0616458Z 
2026-09-26T10:27:37.0616662Z Note: This linter can be disabled with `set_option linter.unusedSectionVars false`
2026-09-26T10:27:37.0617101Z warning: OIBridge/SecondOrderDrive.lean:560:0: automatically included section variable(s) unused in theorem `OIBridge.SecondOrderDrive.glob_swapLayer`:
2026-09-26T10:27:37.0617208Z   [DecidableEq ι]
2026-09-26T10:27:37.0617530Z consider restructuring your `variable` declarations so that the variables are not in scope or explicitly omit them:
2026-09-26T10:27:37.0617672Z   omit [DecidableEq ι] in theorem ...
2026-09-26T10:27:37.0617677Z 
2026-09-26T10:27:37.0618006Z Note: This linter can be disabled with `set_option linter.unusedSectionVars false`
2026-09-26T10:27:37.0618486Z warning: OIBridge/SecondOrderDrive.lean:563:0: automatically included section variable(s) unused in theorem `OIBridge.SecondOrderDrive.agreeOffG_swapLayer`:
2026-09-26T10:27:37.0618573Z   [Fintype V]
2026-09-26T10:27:37.0618657Z   [DecidableEq V]
2026-09-26T10:27:37.0618746Z   [Nonempty V]
2026-09-26T10:27:37.0619055Z consider restructuring your `variable` declarations so that the variables are not in scope or explicitly omit them:
2026-09-26T10:27:37.0619215Z   omit [Fintype V] [DecidableEq V] [Nonempty V] in theorem ...
2026-09-26T10:27:37.0619220Z 
2026-09-26T10:27:37.0619428Z Note: This linter can be disabled with `set_option linter.unusedSectionVars false`
2026-09-26T10:27:37.0619890Z warning: OIBridge/SecondOrderDrive.lean:625:0: automatically included section variable(s) unused in theorem `OIBridge.SecondOrderDrive.shearOnRegion_apply`:
2026-09-26T10:27:37.0619976Z   [Fintype V]
2026-09-26T10:27:37.0620063Z   [DecidableEq V]
2026-09-26T10:27:37.0620389Z consider restructuring your `variable` declarations so that the variables are not in scope or explicitly omit them:
2026-09-26T10:27:37.0620515Z   omit [Fintype V] [DecidableEq V] in theorem ...
2026-09-26T10:27:37.0620519Z 
2026-09-26T10:27:37.0628844Z Note: This linter can be disabled with `set_option linter.unusedSectionVars false`
2026-09-26T10:27:37.0629387Z info: OIBridge/SecondOrderDrive.lean:839:0: 'OIBridge.SecondOrderDrive.permOp_of_comp' depends on axioms: [propext, Classical.choice, Quot.sound]
2026-09-26T10:27:37.0629861Z info: OIBridge/SecondOrderDrive.lean:840:0: 'OIBridge.SecondOrderDrive.permOpInv_of_comp' depends on axioms: [propext, Classical.choice, Quot.sound]
2026-09-26T10:27:37.0630293Z info: OIBridge/SecondOrderDrive.lean:841:0: 'OIBridge.SecondOrderDrive.heis_of_comp' depends on axioms: [propext, Classical.choice, Quot.sound]
2026-09-26T10:27:37.0630733Z info: OIBridge/SecondOrderDrive.lean:842:0: 'OIBridge.SecondOrderDrive.heisLoc_of_comp' depends on axioms: [propext, Classical.choice, Quot.sound]
2026-09-26T10:27:37.0631161Z info: OIBridge/SecondOrderDrive.lean:843:0: 'OIBridge.SecondOrderDrive.heisQ_of_comp' depends on axioms: [propext, Classical.choice, Quot.sound]
2026-09-26T10:27:37.0631581Z info: OIBridge/SecondOrderDrive.lean:844:0: 'OIBridge.SecondOrderDrive.driveQ_apply' depends on axioms: [propext, Classical.choice, Quot.sound]
2026-09-26T10:27:37.0632012Z info: OIBridge/SecondOrderDrive.lean:845:0: 'OIBridge.SecondOrderDrive.driveQ_zero_time' depends on axioms: [propext, Classical.choice, Quot.sound]
2026-09-26T10:27:37.0632423Z info: OIBridge/SecondOrderDrive.lean:846:0: 'OIBridge.SecondOrderDrive.driveQ_mul' depends on axioms: [propext, Classical.choice, Quot.sound]
2026-09-26T10:27:37.0632828Z info: OIBridge/SecondOrderDrive.lean:847:0: 'OIBridge.SecondOrderDrive.driveQ_add' depends on axioms: [propext, Classical.choice, Quot.sound]
2026-09-26T10:27:37.0633243Z info: OIBridge/SecondOrderDrive.lean:848:0: 'OIBridge.SecondOrderDrive.driveQ_smul' depends on axioms: [propext, Classical.choice, Quot.sound]
2026-09-26T10:27:37.0633829Z info: OIBridge/SecondOrderDrive.lean:849:0: 'OIBridge.SecondOrderDrive.driveQ_star' depends on axioms: [propext, Classical.choice, Quot.sound]
2026-09-26T10:27:37.0634234Z info: OIBridge/SecondOrderDrive.lean:850:0: 'OIBridge.SecondOrderDrive.driveQ_sub' depends on axioms: [propext, Classical.choice, Quot.sound]
2026-09-26T10:27:37.0634638Z info: OIBridge/SecondOrderDrive.lean:851:0: 'OIBridge.SecondOrderDrive.driveQ_one' depends on axioms: [propext, Classical.choice, Quot.sound]
2026-09-26T10:27:37.0635039Z info: OIBridge/SecondOrderDrive.lean:852:0: 'OIBridge.SecondOrderDrive.norm_driveQ' depends on axioms: [propext, Classical.choice, Quot.sound]
2026-09-26T10:27:37.0635443Z info: OIBridge/SecondOrderDrive.lean:853:0: 'OIBridge.SecondOrderDrive.dist_driveQ' depends on axioms: [propext, Classical.choice, Quot.sound]
2026-09-26T10:27:37.0636179Z info: OIBridge/SecondOrderDrive.lean:854:0: 'OIBridge.SecondOrderDrive.continuous_driveQ' depends on axioms: [propext, Classical.choice, Quot.sound]
2026-09-26T10:27:37.0636627Z info: OIBridge/SecondOrderDrive.lean:855:0: 'OIBridge.SecondOrderDrive.driveQ_left_inverse' depends on axioms: [propext, Classical.choice, Quot.sound]
2026-09-26T10:27:37.0637080Z info: OIBridge/SecondOrderDrive.lean:856:0: 'OIBridge.SecondOrderDrive.driveQ_right_inverse' depends on axioms: [propext, Classical.choice, Quot.sound]
2026-09-26T10:27:37.0637519Z info: OIBridge/SecondOrderDrive.lean:857:0: 'OIBridge.SecondOrderDrive.driveQ_bijective' depends on axioms: [propext, Classical.choice, Quot.sound]
2026-09-26T10:27:37.0637973Z info: OIBridge/SecondOrderDrive.lean:858:0: 'OIBridge.SecondOrderDrive.continuous_driveQ_time' depends on axioms: [propext, Classical.choice, Quot.sound]
2026-09-26T10:27:37.0638440Z info: OIBridge/SecondOrderDrive.lean:859:0: 'OIBridge.SecondOrderDrive.driveQ_isContinuousPath' depends on axioms: [propext, Classical.choice, Quot.sound]
2026-09-26T10:27:37.0638926Z info: OIBridge/SecondOrderDrive.lean:860:0: 'OIBridge.SecondOrderDrive.mem_stepInfl_of_mem_gateRegion' depends on axioms: [propext, Classical.choice, Quot.sound]
2026-09-26T10:27:37.0639370Z info: OIBridge/SecondOrderDrive.lean:861:0: 'OIBridge.SecondOrderDrive.ruleDynamics_comp' depends on axioms: [propext, Classical.choice, Quot.sound]
2026-09-26T10:27:37.0639802Z info: OIBridge/SecondOrderDrive.lean:862:0: 'OIBridge.SecondOrderDrive.heisQ_ruleDynamics' depends on axioms: [propext, Classical.choice, Quot.sound]
2026-09-26T10:27:37.0640214Z info: OIBridge/SecondOrderDrive.lean:863:0: 'OIBridge.SecondOrderDrive.patch_patch' depends on axioms: [propext, Classical.choice, Quot.sound]
2026-09-26T10:27:37.0640640Z info: OIBridge/SecondOrderDrive.lean:864:0: 'OIBridge.SecondOrderDrive.glob_localConf' depends on axioms: [propext, Classical.choice, Quot.sound]
2026-09-26T10:27:37.0641079Z info: OIBridge/SecondOrderDrive.lean:865:0: 'OIBridge.SecondOrderDrive.localConf_localConf' depends on axioms: [propext, Classical.choice, Quot.sound]
2026-09-26T10:27:37.0641508Z info: OIBridge/SecondOrderDrive.lean:866:0: 'OIBridge.SecondOrderDrive.permOp_localDyn' depends on axioms: [propext, Classical.choice, Quot.sound]
2026-09-26T10:27:37.0641944Z info: OIBridge/SecondOrderDrive.lean:867:0: 'OIBridge.SecondOrderDrive.permOpInv_localDyn' depends on axioms: [propext, Classical.choice, Quot.sound]
2026-09-26T10:27:37.0642355Z info: OIBridge/SecondOrderDrive.lean:868:0: 'OIBridge.SecondOrderDrive.heis_localDyn' depends on axioms: [propext, Classical.choice, Quot.sound]
2026-09-26T10:27:37.0642784Z info: OIBridge/SecondOrderDrive.lean:869:0: 'OIBridge.SecondOrderDrive.heisLoc_localDyn' depends on axioms: [propext, Classical.choice, Quot.sound]
2026-09-26T10:27:37.0643210Z info: OIBridge/SecondOrderDrive.lean:870:0: 'OIBridge.SecondOrderDrive.heisQ_localDyn' depends on axioms: [propext, Classical.choice, Quot.sound]
2026-09-26T10:27:37.0643626Z info: OIBridge/SecondOrderDrive.lean:871:0: 'OIBridge.SecondOrderDrive.heis_eq_of_agree' depends on axioms: [propext, Classical.choice, Quot.sound]
2026-09-26T10:27:37.0644207Z info: OIBridge/SecondOrderDrive.lean:872:0: 'OIBridge.SecondOrderDrive.regionSwap_involutive' depends on axioms: [propext, Classical.choice, Quot.sound]
2026-09-26T10:27:37.0644682Z info: OIBridge/SecondOrderDrive.lean:873:0: 'OIBridge.SecondOrderDrive.swapEquivAt_eq_regionSwap' depends on axioms: [propext, Classical.choice, Quot.sound]
2026-09-26T10:27:37.0645128Z info: OIBridge/SecondOrderDrive.lean:874:0: 'OIBridge.SecondOrderDrive.qGate_regionSwap_union' depends on axioms: [propext, Classical.choice, Quot.sound]
2026-09-26T10:27:37.0645562Z info: OIBridge/SecondOrderDrive.lean:875:0: 'OIBridge.SecondOrderDrive.swapU_one_eq_qGate' depends on axioms: [propext, Classical.choice, Quot.sound]
2026-09-26T10:27:37.0646133Z info: OIBridge/SecondOrderDrive.lean:876:0: 'OIBridge.SecondOrderDrive.agreeOffG_swapLayer' depends on axioms: [propext, Classical.choice, Quot.sound]
2026-09-26T10:27:37.0646679Z info: OIBridge/SecondOrderDrive.lean:877:0: 'OIBridge.SecondOrderDrive.heis_swapDyn_emb' depends on axioms: [propext, Classical.choice, Quot.sound]
2026-09-26T10:27:37.0647111Z info: OIBridge/SecondOrderDrive.lean:878:0: 'OIBridge.SecondOrderDrive.swapQ_one_eq_heisQ' depends on axioms: [propext, Classical.choice, Quot.sound]
2026-09-26T10:27:37.0647554Z info: OIBridge/SecondOrderDrive.lean:879:0: 'OIBridge.SecondOrderDrive.shearOnRegion_apply' depends on axioms: [propext, Classical.choice, Quot.sound]
2026-09-26T10:27:37.0647991Z info: OIBridge/SecondOrderDrive.lean:880:0: 'OIBridge.SecondOrderDrive.curOn_shearOnRegion' depends on axioms: [propext, Classical.choice, Quot.sound]
2026-09-26T10:27:37.0648416Z info: OIBridge/SecondOrderDrive.lean:881:0: 'OIBridge.SecondOrderDrive.rhs_shearOnRegion' depends on axioms: [propext, Classical.choice, Quot.sound]
2026-09-26T10:27:37.0648891Z info: OIBridge/SecondOrderDrive.lean:882:0: 'OIBridge.SecondOrderDrive.shearOnRegion_involutive' depends on axioms: [propext, Classical.choice, Quot.sound]
2026-09-26T10:27:37.0649318Z info: OIBridge/SecondOrderDrive.lean:883:0: 'OIBridge.SecondOrderDrive.shearPerm_symm' depends on axioms: [propext, Classical.choice, Quot.sound]
2026-09-26T10:27:37.0649747Z info: OIBridge/SecondOrderDrive.lean:884:0: 'OIBridge.SecondOrderDrive.shearPerm_empty' depends on axioms: [propext, Classical.choice, Quot.sound]
2026-09-26T10:27:37.0650194Z info: OIBridge/SecondOrderDrive.lean:885:0: 'OIBridge.SecondOrderDrive.gateOn_shearOnRegion' depends on axioms: [propext, Classical.choice, Quot.sound]
2026-09-26T10:27:37.0650660Z info: OIBridge/SecondOrderDrive.lean:886:0: 'OIBridge.SecondOrderDrive.gateEquiv_trans_shearPerm' depends on axioms: [propext, Classical.choice, Quot.sound]
2026-09-26T10:27:37.0651086Z info: OIBridge/SecondOrderDrive.lean:887:0: 'OIBridge.SecondOrderDrive.layerU_one_eq_qGate' depends on axioms: [propext, Classical.choice, Quot.sound]
2026-09-26T10:27:37.0651499Z info: OIBridge/SecondOrderDrive.lean:888:0: 'OIBridge.SecondOrderDrive.rhs_glob' depends on axioms: [propext, Classical.choice, Quot.sound]
2026-09-26T10:27:37.0651967Z info: OIBridge/SecondOrderDrive.lean:889:0: 'OIBridge.SecondOrderDrive.localConf_shearPerm_of_mem' depends on axioms: [propext, Classical.choice, Quot.sound]
2026-09-26T10:27:37.0652446Z info: OIBridge/SecondOrderDrive.lean:890:0: 'OIBridge.SecondOrderDrive.localConf_shearPerm_of_not_mem' depends on axioms: [propext, Classical.choice, Quot.sound]
2026-09-26T10:27:37.0652870Z info: OIBridge/SecondOrderDrive.lean:891:0: 'OIBridge.SecondOrderDrive.heis_shearDyn_emb' depends on axioms: [propext, Classical.choice, Quot.sound]
2026-09-26T10:27:37.0653301Z info: OIBridge/SecondOrderDrive.lean:892:0: 'OIBridge.SecondOrderDrive.layerQ_one_eq_heisQ' depends on axioms: [propext, Classical.choice, Quot.sound]
2026-09-26T10:27:37.0653728Z info: OIBridge/SecondOrderDrive.lean:893:0: 'OIBridge.SecondOrderDrive.driveQ_one_eq_heisQ' depends on axioms: [propext, Classical.choice, Quot.sound]
2026-09-26T10:27:37.0653948Z ⚠ [3473/3600] Replayed OIBridge.LiftAudit
2026-09-26T10:27:37.0654308Z warning: OIBridge/LiftAudit.lean:404:28: This simp argument is unused:
2026-09-26T10:27:37.0654400Z   zero_mul
2026-09-26T10:27:37.0654406Z 
2026-09-26T10:27:37.0654518Z Hint: Omit it from the simp argument list.
2026-09-26T10:27:37.0654976Z   [apply] simp only [hy, hz, hzτ, ne_eq, not_false_eq_true, true_and, and_false, if_true, if_false, zero_add, add_zero,
2026-09-26T10:27:37.0655062Z     mul_zero]
2026-09-26T10:27:37.0655073Z 
2026-09-26T10:27:37.0655291Z Note: This linter can be disabled with `set_option linter.unusedSimpArgs false`
2026-09-26T10:27:37.0655486Z warning: OIBridge/LiftAudit.lean:404:38: This simp argument is unused:
2026-09-26T10:27:37.0655572Z   mul_zero
2026-09-26T10:27:37.0655581Z 
2026-09-26T10:27:37.0655688Z Hint: Omit it from the simp argument list.
2026-09-26T10:27:37.0656176Z   [apply] simp only [hy, hz, hzτ, ne_eq, not_false_eq_true, true_and, and_false, if_true, if_false, zero_add, add_zero,
2026-09-26T10:27:37.0656384Z     zero_mul]
2026-09-26T10:27:37.0656389Z 
2026-09-26T10:27:37.0656597Z Note: This linter can be disabled with `set_option linter.unusedSimpArgs false`
2026-09-26T10:27:37.0656781Z warning: OIBridge/LiftAudit.lean:406:19: This simp argument is unused:
2026-09-26T10:27:37.0656865Z   hy
2026-09-26T10:27:37.0656870Z 
2026-09-26T10:27:37.0656973Z Hint: Omit it from the simp argument list.
2026-09-26T10:27:37.0657362Z   [apply] simp only [hyτ, hz, hzτ, ne_eq, not_false_eq_true, true_and, and_false, if_true, if_false, zero_add, add_zero,
2026-09-26T10:27:37.0657457Z     zero_mul, mul_zero]
2026-09-26T10:27:37.0657461Z 
2026-09-26T10:27:37.0657654Z Note: This linter can be disabled with `set_option linter.unusedSimpArgs false`
2026-09-26T10:27:37.0657834Z warning: OIBridge/LiftAudit.lean:407:40: This simp argument is unused:
2026-09-26T10:27:37.0657920Z   zero_mul
2026-09-26T10:27:37.0657924Z 
2026-09-26T10:27:37.0658026Z Hint: Omit it from the simp argument list.
2026-09-26T10:27:37.0658388Z   [apply] simp only [hy, hyτ, hz, hzτ, ne_eq, not_false_eq_true, true_and, and_false, if_true, if_false, zero_add,
2026-09-26T10:27:37.0658494Z     add_zero, mul_zero]
2026-09-26T10:27:37.0658498Z 
2026-09-26T10:27:37.0658689Z Note: This linter can be disabled with `set_option linter.unusedSimpArgs false`
2026-09-26T10:27:37.0658866Z warning: OIBridge/LiftAudit.lean:407:50: This simp argument is unused:
2026-09-26T10:27:37.0658944Z   mul_zero
2026-09-26T10:27:37.0658952Z 
2026-09-26T10:27:37.0659061Z Hint: Omit it from the simp argument list.
2026-09-26T10:27:37.0659412Z   [apply] simp only [hy, hyτ, hz, hzτ, ne_eq, not_false_eq_true, true_and, and_false, if_true, if_false, zero_add,
2026-09-26T10:27:37.0659503Z     add_zero, zero_mul]
2026-09-26T10:27:37.0659512Z 
2026-09-26T10:27:37.0659719Z Note: This linter can be disabled with `set_option linter.unusedSimpArgs false`
2026-09-26T10:27:37.0659906Z warning: OIBridge/LiftAudit.lean:408:63: This simp argument is unused:
2026-09-26T10:27:37.0659986Z   true_and
2026-09-26T10:27:37.0659997Z 
2026-09-26T10:27:37.0660109Z Hint: Omit it from the simp argument list.
2026-09-26T10:27:37.0660455Z   [apply] simp only [hy, hyτ, hz, hzτ, ne_eq, not_false_eq_true, and_false, if_true, if_false, zero_add, add_zero,
2026-09-26T10:27:37.0660541Z     zero_mul, mul_zero]
2026-09-26T10:27:37.0660544Z 
2026-09-26T10:27:37.0660745Z Note: This linter can be disabled with `set_option linter.unusedSimpArgs false`
2026-09-26T10:27:37.0660931Z warning: OIBridge/LiftAudit.lean:409:20: This simp argument is unused:
2026-09-26T10:27:37.0661010Z   zero_add
2026-09-26T10:27:37.0661014Z 
2026-09-26T10:27:37.0661127Z Hint: Omit it from the simp argument list.
2026-09-26T10:27:37.0661474Z   [apply] simp only [hy, hyτ, hz, hzτ, ne_eq, not_false_eq_true, true_and, and_false, if_true, if_false, add_zero,
2026-09-26T10:27:37.0661562Z     zero_mul, mul_zero]
2026-09-26T10:27:37.0661566Z 
2026-09-26T10:27:37.0661773Z Note: This linter can be disabled with `set_option linter.unusedSimpArgs false`
2026-09-26T10:27:37.0661963Z warning: OIBridge/LiftAudit.lean:409:50: This simp argument is unused:
2026-09-26T10:27:37.0662175Z   mul_zero
2026-09-26T10:27:37.0662179Z 
2026-09-26T10:27:37.0662288Z Hint: Omit it from the simp argument list.
2026-09-26T10:27:37.0662626Z   [apply] simp only [hy, hyτ, hz, hzτ, ne_eq, not_false_eq_true, true_and, and_false, if_true, if_false, zero_add,
2026-09-26T10:27:37.0662712Z     add_zero, zero_mul]
2026-09-26T10:27:37.0662715Z 
2026-09-26T10:27:37.0662912Z Note: This linter can be disabled with `set_option linter.unusedSimpArgs false`
2026-09-26T10:27:37.0663090Z warning: OIBridge/LiftAudit.lean:693:80: This simp argument is unused:
2026-09-26T10:27:37.0663170Z   false_and
2026-09-26T10:27:37.0663174Z 
2026-09-26T10:27:37.0663281Z Hint: Omit it from the simp argument list.
2026-09-26T10:27:37.0663562Z   [apply] simp only [phaseFun, hz, hc, if_true, if_false, ne_eq, not_true_eq_false, and_false, add_zero, one_mul,
2026-09-26T10:27:37.0663643Z     mul_one]
2026-09-26T10:27:37.0663647Z 
2026-09-26T10:27:37.0663997Z Note: This linter can be disabled with `set_option linter.unusedSimpArgs false`
2026-09-26T10:27:37.0664184Z warning: OIBridge/LiftAudit.lean:693:91: This simp argument is unused:
2026-09-26T10:27:37.0664265Z   and_false
2026-09-26T10:27:37.0664269Z 
2026-09-26T10:27:37.0664376Z Hint: Omit it from the simp argument list.
2026-09-26T10:27:37.0664645Z   [apply] simp only [phaseFun, hz, hc, if_true, if_false, ne_eq, not_true_eq_false, false_and, add_zero, one_mul,
2026-09-26T10:27:37.0664724Z     mul_one]
2026-09-26T10:27:37.0664729Z 
2026-09-26T10:27:37.0664924Z Note: This linter can be disabled with `set_option linter.unusedSimpArgs false`
2026-09-26T10:27:37.0665095Z warning: OIBridge/LiftAudit.lean:705:33: This simp argument is unused:
2026-09-26T10:27:37.0665181Z   hz'
2026-09-26T10:27:37.0665185Z 
2026-09-26T10:27:37.0665289Z Hint: Omit it from the simp argument list.
2026-09-26T10:27:37.0665622Z   [apply] simp only [phaseFun, hz, hz2, hτz, if_true, if_false, hτ, ne_eq, not_false_eq_true]
2026-09-26T10:27:37.0665634Z 
2026-09-26T10:27:37.0665963Z Note: This linter can be disabled with `set_option linter.unusedSimpArgs false`
2026-09-26T10:27:37.0666153Z warning: OIBridge/LiftAudit.lean:705:38: This simp argument is unused:
2026-09-26T10:27:37.0666230Z   hz2
2026-09-26T10:27:37.0666234Z 
2026-09-26T10:27:37.0666343Z Hint: Omit it from the simp argument list.
2026-09-26T10:27:37.0666645Z   [apply] simp only [phaseFun, hz, hz', hτz, if_true, if_false, hτ, ne_eq, not_false_eq_true]
2026-09-26T10:27:37.0666649Z 
2026-09-26T10:27:37.0666840Z Note: This linter can be disabled with `set_option linter.unusedSimpArgs false`
2026-09-26T10:27:37.0667019Z warning: OIBridge/LiftAudit.lean:705:43: This simp argument is unused:
2026-09-26T10:27:37.0667124Z   hτz
2026-09-26T10:27:37.0667129Z 
2026-09-26T10:27:37.0667231Z Hint: Omit it from the simp argument list.
2026-09-26T10:27:37.0667512Z   [apply] simp only [phaseFun, hz, hz', hz2, if_true, if_false, hτ, ne_eq, not_false_eq_true]
2026-09-26T10:27:37.0667524Z 
2026-09-26T10:27:37.0667718Z Note: This linter can be disabled with `set_option linter.unusedSimpArgs false`
2026-09-26T10:27:37.0667897Z warning: OIBridge/LiftAudit.lean:711:33: This simp argument is unused:
2026-09-26T10:27:37.0667980Z   hz'
2026-09-26T10:27:37.0667983Z 
2026-09-26T10:27:37.0668090Z Hint: Omit it from the simp argument list.
2026-09-26T10:27:37.0668366Z   [apply] simp only [phaseFun, hz, hz2, hτz, if_true, if_false, hτ, ne_eq, not_false_eq_true]
2026-09-26T10:27:37.0668370Z 
2026-09-26T10:27:37.0668564Z Note: This linter can be disabled with `set_option linter.unusedSimpArgs false`
2026-09-26T10:27:37.0668742Z warning: OIBridge/LiftAudit.lean:711:38: This simp argument is unused:
2026-09-26T10:27:37.0668818Z   hz2
2026-09-26T10:27:37.0668822Z 
2026-09-26T10:27:37.0668931Z Hint: Omit it from the simp argument list.
2026-09-26T10:27:37.0669207Z   [apply] simp only [phaseFun, hz, hz', hτz, if_true, if_false, hτ, ne_eq, not_false_eq_true]
2026-09-26T10:27:37.0669211Z 
2026-09-26T10:27:37.0669408Z Note: This linter can be disabled with `set_option linter.unusedSimpArgs false`
2026-09-26T10:27:37.0669718Z warning: OIBridge/LiftAudit.lean:711:43: This simp argument is unused:
2026-09-26T10:27:37.0669818Z   hτz
2026-09-26T10:27:37.0669822Z 
2026-09-26T10:27:37.0669924Z Hint: Omit it from the simp argument list.
2026-09-26T10:27:37.0670202Z   [apply] simp only [phaseFun, hz, hz', hz2, if_true, if_false, hτ, ne_eq, not_false_eq_true]
2026-09-26T10:27:37.0670206Z 
2026-09-26T10:27:37.0670399Z Note: This linter can be disabled with `set_option linter.unusedSimpArgs false`
2026-09-26T10:27:37.0670571Z warning: OIBridge/LiftAudit.lean:725:32: This simp argument is unused:
2026-09-26T10:27:37.0670656Z   hz
2026-09-26T10:27:37.0670660Z 
2026-09-26T10:27:37.0670767Z Hint: Omit it from the simp argument list.
2026-09-26T10:27:37.0671058Z   [apply] simp only [phaseFun, hzz, hz2, hτz, if_true, if_false, hτ, ne_eq, not_false_eq_true]
2026-09-26T10:27:37.0671062Z 
2026-09-26T10:27:37.0671391Z Note: This linter can be disabled with `set_option linter.unusedSimpArgs false`
2026-09-26T10:27:37.0671579Z warning: OIBridge/LiftAudit.lean:725:41: This simp argument is unused:
2026-09-26T10:27:37.0671675Z   hτz
2026-09-26T10:27:37.0671680Z 
2026-09-26T10:27:37.0671789Z Hint: Omit it from the simp argument list.
2026-09-26T10:27:37.0672072Z   [apply] simp only [phaseFun, hzz, hz, hz2, if_true, if_false, hτ, ne_eq, not_false_eq_true]
2026-09-26T10:27:37.0672077Z 
2026-09-26T10:27:37.0672265Z Note: This linter can be disabled with `set_option linter.unusedSimpArgs false`
2026-09-26T10:27:37.0672442Z warning: OIBridge/LiftAudit.lean:725:46: This simp argument is unused:
2026-09-26T10:27:37.0672525Z   if_true
2026-09-26T10:27:37.0672531Z 
2026-09-26T10:27:37.0672632Z Hint: Omit it from the simp argument list.
2026-09-26T10:27:37.0672918Z   [apply] simp only [phaseFun, hzz, hz, hz2, hτz, if_false, hτ, ne_eq, not_false_eq_true]
2026-09-26T10:27:37.0672924Z 
2026-09-26T10:27:37.0673127Z Note: This linter can be disabled with `set_option linter.unusedSimpArgs false`
2026-09-26T10:27:37.0673305Z warning: OIBridge/LiftAudit.lean:725:69: This simp argument is unused:
2026-09-26T10:27:37.0673390Z   ne_eq
2026-09-26T10:27:37.0673395Z 
2026-09-26T10:27:37.0673503Z Hint: Omit it from the simp argument list.
2026-09-26T10:27:37.0673785Z   [apply] simp only [phaseFun, hzz, hz, hz2, hτz, if_true, if_false, hτ, not_false_eq_true]
2026-09-26T10:27:37.0673790Z 
2026-09-26T10:27:37.0673985Z Note: This linter can be disabled with `set_option linter.unusedSimpArgs false`
2026-09-26T10:27:37.0674161Z warning: OIBridge/LiftAudit.lean:725:76: This simp argument is unused:
2026-09-26T10:27:37.0674249Z   not_false_eq_true
2026-09-26T10:27:37.0674253Z 
2026-09-26T10:27:37.0674358Z Hint: Omit it from the simp argument list.
2026-09-26T10:27:37.0674600Z   [apply] simp only [phaseFun, hzz, hz, hz2, hτz, if_true, if_false, hτ, ne_eq]
2026-09-26T10:27:37.0674611Z 
2026-09-26T10:27:37.0674806Z Note: This linter can be disabled with `set_option linter.unusedSimpArgs false`
2026-09-26T10:27:37.0674984Z warning: OIBridge/LiftAudit.lean:731:32: This simp argument is unused:
2026-09-26T10:27:37.0675068Z   hz
2026-09-26T10:27:37.0675072Z 
2026-09-26T10:27:37.0675179Z Hint: Omit it from the simp argument list.
2026-09-26T10:27:37.0675470Z   [apply] simp only [phaseFun, hzz, hz2, hτz, if_true, if_false, hτ, ne_eq, not_false_eq_true]
2026-09-26T10:27:37.0675474Z 
2026-09-26T10:27:37.0675664Z Note: This linter can be disabled with `set_option linter.unusedSimpArgs false`
2026-09-26T10:27:37.0675959Z warning: OIBridge/LiftAudit.lean:731:41: This simp argument is unused:
2026-09-26T10:27:37.0676058Z   hτz
2026-09-26T10:27:37.0676063Z 
2026-09-26T10:27:37.0676166Z Hint: Omit it from the simp argument list.
2026-09-26T10:27:37.0676447Z   [apply] simp only [phaseFun, hzz, hz, hz2, if_true, if_false, hτ, ne_eq, not_false_eq_true]
2026-09-26T10:27:37.0676451Z 
2026-09-26T10:27:37.0676646Z Note: This linter can be disabled with `set_option linter.unusedSimpArgs false`
2026-09-26T10:27:37.0676825Z warning: OIBridge/LiftAudit.lean:731:46: This simp argument is unused:
2026-09-26T10:27:37.0677057Z   if_true
2026-09-26T10:27:37.0677062Z 
2026-09-26T10:27:37.0677168Z Hint: Omit it from the simp argument list.
2026-09-26T10:27:37.0677434Z   [apply] simp only [phaseFun, hzz, hz, hz2, hτz, if_false, hτ, ne_eq, not_false_eq_true]
2026-09-26T10:27:37.0677439Z 
2026-09-26T10:27:37.0677632Z Note: This linter can be disabled with `set_option linter.unusedSimpArgs false`
2026-09-26T10:27:37.0677807Z warning: OIBridge/LiftAudit.lean:731:69: This simp argument is unused:
2026-09-26T10:27:37.0677887Z   ne_eq
2026-09-26T10:27:37.0677891Z 
2026-09-26T10:27:37.0677998Z Hint: Omit it from the simp argument list.
2026-09-26T10:27:37.0678273Z   [apply] simp only [phaseFun, hzz, hz, hz2, hτz, if_true, if_false, hτ, not_false_eq_true]
2026-09-26T10:27:37.0678277Z 
2026-09-26T10:27:37.0678465Z Note: This linter can be disabled with `set_option linter.unusedSimpArgs false`
2026-09-26T10:27:37.0678759Z warning: OIBridge/LiftAudit.lean:731:76: This simp argument is unused:
2026-09-26T10:27:37.0678857Z   not_false_eq_true
2026-09-26T10:27:37.0678861Z 
2026-09-26T10:27:37.0678964Z Hint: Omit it from the simp argument list.
2026-09-26T10:27:37.0679208Z   [apply] simp only [phaseFun, hzz, hz, hz2, hτz, if_true, if_false, hτ, ne_eq]
2026-09-26T10:27:37.0679211Z 
2026-09-26T10:27:37.0679407Z Note: This linter can be disabled with `set_option linter.unusedSimpArgs false`
2026-09-26T10:27:37.0679740Z info: OIBridge/LiftAudit.lean:870:0: 'OIBridge.LiftAudit.levelPerm_apply' depends on axioms: [propext, Quot.sound]
2026-09-26T10:27:37.0680091Z info: OIBridge/LiftAudit.lean:871:0: 'OIBridge.LiftAudit.levelPerm_involutive' depends on axioms: [propext, Quot.sound]
2026-09-26T10:27:37.0680470Z info: OIBridge/LiftAudit.lean:872:0: 'OIBridge.LiftAudit.permMat_star' depends on axioms: [propext, Classical.choice, Quot.sound]
2026-09-26T10:27:37.0680868Z info: OIBridge/LiftAudit.lean:873:0: 'OIBridge.LiftAudit.gateFlow_unitary' depends on axioms: [propext, Classical.choice, Quot.sound]
2026-09-26T10:27:37.0681253Z info: OIBridge/LiftAudit.lean:874:0: 'OIBridge.LiftAudit.gateFlow_group' depends on axioms: [propext, Classical.choice, Quot.sound]
2026-09-26T10:27:37.0681618Z info: OIBridge/LiftAudit.lean:875:0: 'OIBridge.LiftAudit.gateFlow_zero' depends on axioms: [propext, Classical.choice, Quot.sound]
2026-09-26T10:27:37.0681971Z info: OIBridge/LiftAudit.lean:876:0: 'OIBridge.LiftAudit.gateFlow_one' depends on axioms: [propext, Classical.choice, Quot.sound]
2026-09-26T10:27:37.0682333Z info: OIBridge/LiftAudit.lean:877:0: 'OIBridge.LiftAudit.gateFlow_trace' depends on axioms: [propext, Classical.choice, Quot.sound]
2026-09-26T10:27:37.0682694Z info: OIBridge/LiftAudit.lean:878:0: 'OIBridge.LiftAudit.gateFlow_stage' depends on axioms: [propext, Classical.choice, Quot.sound]
2026-09-26T10:27:37.0683137Z info: OIBridge/LiftAudit.lean:879:0: 'OIBridge.LiftAudit.layerFlowExecutable_of_control' depends on axioms: [propext, Classical.choice, Quot.sound]
2026-09-26T10:27:37.0683495Z info: OIBridge/LiftAudit.lean:880:0: 'OIBridge.LiftAudit.exp_pi_I_half' depends on axioms: [propext, Classical.choice, Quot.sound]
2026-09-26T10:27:37.0683885Z info: OIBridge/LiftAudit.lean:881:0: 'OIBridge.LiftAudit.permMat_apply_self' depends on axioms: [propext, Classical.choice, Quot.sound]
2026-09-26T10:27:37.0684266Z info: OIBridge/LiftAudit.lean:882:0: 'OIBridge.LiftAudit.permMat_apply_moved' depends on axioms: [propext, Classical.choice, Quot.sound]
2026-09-26T10:27:37.0684659Z info: OIBridge/LiftAudit.lean:883:0: 'OIBridge.LiftAudit.gateFlow_half_entries' depends on axioms: [propext, Classical.choice, Quot.sound]
2026-09-26T10:27:37.0685092Z info: OIBridge/LiftAudit.lean:884:0: 'OIBridge.LiftAudit.gateFlow_half_not_preservesDiag' depends on axioms: [propext, Classical.choice, Quot.sound]
2026-09-26T10:27:37.0685475Z info: OIBridge/LiftAudit.lean:885:0: 'OIBridge.LiftAudit.configurationLevel_not_layerFlowExecutable' depends on axioms: [propext,
2026-09-26T10:27:37.0685570Z  Classical.choice,
2026-09-26T10:27:37.0685659Z  Quot.sound]
2026-09-26T10:27:37.0686361Z info: OIBridge/LiftAudit.lean:886:0: 'OIBridge.LiftAudit.substratumTheory_not_layerFlowExecutable' depends on axioms: [propext, Classical.choice, Quot.sound]
2026-09-26T10:27:37.0686751Z info: OIBridge/LiftAudit.lean:887:0: 'OIBridge.LiftAudit.exp_smul_idempotent' depends on axioms: [propext, Classical.choice, Quot.sound]
2026-09-26T10:27:37.0687163Z info: OIBridge/LiftAudit.lean:888:0: 'OIBridge.LiftAudit.transition_mul_transition' depends on axioms: [propext, Classical.choice, Quot.sound]
2026-09-26T10:27:37.0687565Z info: OIBridge/LiftAudit.lean:889:0: 'OIBridge.LiftAudit.pairProj_mul_transition' depends on axioms: [propext, Classical.choice, Quot.sound]
2026-09-26T10:27:37.0687953Z info: OIBridge/LiftAudit.lean:890:0: 'OIBridge.LiftAudit.transition_mul_pairProj' depends on axioms: [propext, Classical.choice, Quot.sound]
2026-09-26T10:27:37.0688470Z info: OIBridge/LiftAudit.lean:891:0: 'OIBridge.LiftAudit.pairProj_mul_pairProj' depends on axioms: [propext, Classical.choice, Quot.sound]
2026-09-26T10:27:37.0688891Z info: OIBridge/LiftAudit.lean:892:0: 'OIBridge.LiftAudit.flow_transition_closedForm' depends on axioms: [propext, Classical.choice, Quot.sound]
2026-09-26T10:27:37.0689241Z info: OIBridge/LiftAudit.lean:893:0: 'OIBridge.LiftAudit.orb_apply' depends on axioms: [propext, Classical.choice, Quot.sound]
2026-09-26T10:27:37.0689583Z info: OIBridge/LiftAudit.lean:894:0: 'OIBridge.LiftAudit.orb_ext' depends on axioms: [propext, Classical.choice, Quot.sound]
2026-09-26T10:27:37.0689946Z info: OIBridge/LiftAudit.lean:895:0: 'OIBridge.LiftAudit.sum_mul_ite_eq' depends on axioms: [propext, Classical.choice, Quot.sound]
2026-09-26T10:27:37.0690310Z info: OIBridge/LiftAudit.lean:896:0: 'OIBridge.LiftAudit.sum_mul_ite_and_eq' depends on axioms: [propext, Classical.choice, Quot.sound]
2026-09-26T10:27:37.0690650Z info: OIBridge/LiftAudit.lean:897:0: 'OIBridge.LiftAudit.orb_mul' depends on axioms: [propext, Classical.choice, Quot.sound]
2026-09-26T10:27:37.0691002Z info: OIBridge/LiftAudit.lean:898:0: 'OIBridge.LiftAudit.one_eq_orb' depends on axioms: [propext, Classical.choice, Quot.sound]
2026-09-26T10:27:37.0691372Z info: OIBridge/LiftAudit.lean:899:0: 'OIBridge.LiftAudit.diagonal_eq_orb' depends on axioms: [propext, Classical.choice, Quot.sound]
2026-09-26T10:27:37.0691732Z info: OIBridge/LiftAudit.lean:900:0: 'OIBridge.LiftAudit.permMat_eq_orb' depends on axioms: [propext, Classical.choice, Quot.sound]
2026-09-26T10:27:37.0692065Z info: OIBridge/LiftAudit.lean:901:0: 'OIBridge.LiftAudit.orb_add' depends on axioms: [propext, Classical.choice, Quot.sound]
2026-09-26T10:27:37.0692390Z info: OIBridge/LiftAudit.lean:902:0: 'OIBridge.LiftAudit.orb_sub' depends on axioms: [propext, Classical.choice, Quot.sound]
2026-09-26T10:27:37.0692731Z info: OIBridge/LiftAudit.lean:903:0: 'OIBridge.LiftAudit.orb_smul' depends on axioms: [propext, Classical.choice, Quot.sound]
2026-09-26T10:27:37.0693097Z info: OIBridge/LiftAudit.lean:904:0: 'OIBridge.LiftAudit.gateFlow_eq_orb' depends on axioms: [propext, Classical.choice, Quot.sound]
2026-09-26T10:27:37.0693512Z info: OIBridge/LiftAudit.lean:905:0: 'OIBridge.LiftAudit.diagonal_mul_orb_mul_diagonal' depends on axioms: [propext, Classical.choice, Quot.sound]
2026-09-26T10:27:37.0693879Z info: OIBridge/LiftAudit.lean:906:0: 'OIBridge.LiftAudit.diagonal_mul_orb' depends on axioms: [propext, Classical.choice, Quot.sound]
2026-09-26T10:27:37.0694240Z info: OIBridge/LiftAudit.lean:907:0: 'OIBridge.LiftAudit.pairProj_eq_orb' depends on axioms: [propext, Classical.choice, Quot.sound]
2026-09-26T10:27:37.0694608Z info: OIBridge/LiftAudit.lean:908:0: 'OIBridge.LiftAudit.transition_eq_orb' depends on axioms: [propext, Classical.choice, Quot.sound]
2026-09-26T10:27:37.0695001Z info: OIBridge/LiftAudit.lean:909:0: 'OIBridge.LiftAudit.flow_transition_eq_orb' depends on axioms: [propext, Classical.choice, Quot.sound]
2026-09-26T10:27:37.0695402Z info: OIBridge/LiftAudit.lean:910:0: 'OIBridge.LiftAudit.signFun_sq' depends on axioms: [propext, Classical.choice, Quot.sound]
2026-09-26T10:27:37.0696014Z info: OIBridge/LiftAudit.lean:911:0: 'OIBridge.LiftAudit.signFun_star' depends on axioms: [propext, Classical.choice, Quot.sound]
2026-09-26T10:27:37.0696379Z info: OIBridge/LiftAudit.lean:912:0: 'OIBridge.LiftAudit.signFun_mul' depends on axioms: [propext, Classical.choice, Quot.sound]
2026-09-26T10:27:37.0696748Z info: OIBridge/LiftAudit.lean:913:0: 'OIBridge.LiftAudit.phaseFun_star' depends on axioms: [propext, Classical.choice, Quot.sound]
2026-09-26T10:27:37.0697131Z info: OIBridge/LiftAudit.lean:914:0: 'OIBridge.LiftAudit.gateFlow_isolation' depends on axioms: [propext, Classical.choice, Quot.sound]
2026-09-26T10:27:37.0697575Z info: OIBridge/LiftAudit.lean:915:0: 'OIBridge.LiftAudit.substratumTheory_substratumAvail' depends on axioms: [propext, Classical.choice, Quot.sound]
2026-09-26T10:27:37.0698057Z info: OIBridge/LiftAudit.lean:916:0: 'OIBridge.LiftAudit.diagonal_avail' depends on axioms: [propext, Classical.choice, Quot.sound]
2026-09-26T10:27:37.0698485Z info: OIBridge/LiftAudit.lean:917:0: 'OIBridge.LiftAudit.conjChannel_comp_conjChannel' depends on axioms: [propext, Classical.choice, Quot.sound]
2026-09-26T10:27:37.0699049Z info: OIBridge/LiftAudit.lean:918:0: 'OIBridge.LiftAudit.avail_conj_mul' depends on axioms: [propext, Classical.choice, Quot.sound]
2026-09-26T10:27:37.0699495Z info: OIBridge/LiftAudit.lean:919:0: 'OIBridge.LiftAudit.phaseFree_of_layerFlowExecutable' depends on axioms: [propext, Classical.choice, Quot.sound]
2026-09-26T10:27:37.0699943Z info: OIBridge/LiftAudit.lean:920:0: 'OIBridge.LiftAudit.derivedOI_qm_iff_layerFlowExecutable' depends on axioms: [propext, Classical.choice, Quot.sound]
2026-09-26T10:27:37.0700340Z info: OIBridge/LiftAudit.lean:921:0: 'OIBridge.LiftAudit.regionSwap_involutive'' depends on axioms: [propext, Classical.choice, Quot.sound]
2026-09-26T10:27:37.0700720Z info: OIBridge/LiftAudit.lean:922:0: 'OIBridge.LiftAudit.regionSwap_moves' depends on axioms: [propext, Classical.choice, Quot.sound]
2026-09-26T10:27:37.0701110Z info: OIBridge/LiftAudit.lean:923:0: 'OIBridge.LiftAudit.substratumTheory_not_layerFlowExecutable_swap' depends on axioms: [propext,
2026-09-26T10:27:37.0701204Z  Classical.choice,
2026-09-26T10:27:37.0701294Z  Quot.sound]
2026-09-26T10:27:37.0701751Z info: OIBridge/LiftAudit.lean:924:0: 'OIBridge.LiftAudit.phaseFree_of_layerFlowExecutable_swap' depends on axioms: [propext, Classical.choice, Quot.sound]
2026-09-26T10:27:37.0702113Z info: OIBridge/LiftAudit.lean:925:0: 'OIBridge.LiftAudit.derivedOI_qm_iff_layerFlowExecutable_swap' depends on axioms: [propext,
2026-09-26T10:27:37.0702205Z  Classical.choice,
2026-09-26T10:27:37.0702290Z  Quot.sound]
2026-09-26T10:27:37.0702524Z ℹ [3474/3600] Replayed OIBridge.SubstratumInterfaceAudit
2026-09-26T10:27:37.0703004Z info: OIBridge/SubstratumInterfaceAudit.lean:870:0: 'OIBridge.SubstratumInterfaceAudit.Substratum.a2_every_substratum' depends on axioms: [propext,
2026-09-26T10:27:37.0703104Z  Classical.choice,
2026-09-26T10:27:37.0703187Z  Quot.sound]
2026-09-26T10:27:37.0703731Z info: OIBridge/SubstratumInterfaceAudit.lean:871:0: 'OIBridge.SubstratumInterfaceAudit.Substratum.a1_of_finite' depends on axioms: [propext, Classical.choice, Quot.sound]
2026-09-26T10:27:37.0704260Z info: OIBridge/SubstratumInterfaceAudit.lean:872:0: 'OIBridge.SubstratumInterfaceAudit.Substratum.a3_of_fintype' depends on axioms: [propext, Classical.choice, Quot.sound]
2026-09-26T10:27:37.0704788Z info: OIBridge/SubstratumInterfaceAudit.lean:873:0: 'OIBridge.SubstratumInterfaceAudit.Substratum.a4_of_exact' depends on axioms: [propext, Classical.choice, Quot.sound]
2026-09-26T10:27:37.0705210Z info: OIBridge/SubstratumInterfaceAudit.lean:874:0: 'OIBridge.SubstratumInterfaceAudit.dir_flip' depends on axioms: [propext, Quot.sound]
2026-09-26T10:27:37.0705703Z info: OIBridge/SubstratumInterfaceAudit.lean:875:0: 'OIBridge.SubstratumInterfaceAudit.mem_nbrs_symm' depends on axioms: [propext, Classical.choice, Quot.sound]
2026-09-26T10:27:37.0706344Z info: OIBridge/SubstratumInterfaceAudit.lean:876:0: 'OIBridge.SubstratumInterfaceAudit.waveSubstratum_A1' depends on axioms: [propext, Classical.choice, Quot.sound]
2026-09-26T10:27:37.0706997Z info: OIBridge/SubstratumInterfaceAudit.lean:877:0: 'OIBridge.SubstratumInterfaceAudit.waveSubstratum_A2' depends on axioms: [propext, Classical.choice, Quot.sound]
2026-09-26T10:27:37.0707501Z info: OIBridge/SubstratumInterfaceAudit.lean:878:0: 'OIBridge.SubstratumInterfaceAudit.waveSubstratum_A3' depends on axioms: [propext, Classical.choice, Quot.sound]
2026-09-26T10:27:37.0708022Z info: OIBridge/SubstratumInterfaceAudit.lean:879:0: 'OIBridge.SubstratumInterfaceAudit.waveSubstratum_A4Exact' depends on axioms: [propext, Classical.choice, Quot.sound]
2026-09-26T10:27:37.0708523Z info: OIBridge/SubstratumInterfaceAudit.lean:880:0: 'OIBridge.SubstratumInterfaceAudit.waveSubstratum_A5' depends on axioms: [propext, Classical.choice, Quot.sound]
2026-09-26T10:27:37.0709184Z info: OIBridge/SubstratumInterfaceAudit.lean:881:0: 'OIBridge.SubstratumInterfaceAudit.scaledPartialPerm_iff' depends on axioms: [propext, Classical.choice, Quot.sound]
2026-09-26T10:27:37.0709690Z info: OIBridge/SubstratumInterfaceAudit.lean:882:0: 'OIBridge.SubstratumInterfaceAudit.scaled_one_aux' depends on axioms: [propext, Classical.choice, Quot.sound]
2026-09-26T10:27:37.0710176Z info: OIBridge/SubstratumInterfaceAudit.lean:883:0: 'OIBridge.SubstratumInterfaceAudit.scaled_mul' depends on axioms: [propext, Classical.choice, Quot.sound]
2026-09-26T10:27:37.0710656Z info: OIBridge/SubstratumInterfaceAudit.lean:884:0: 'OIBridge.SubstratumInterfaceAudit.scaled_smul' depends on axioms: [propext, Classical.choice, Quot.sound]
2026-09-26T10:27:37.0711197Z info: OIBridge/SubstratumInterfaceAudit.lean:885:0: 'OIBridge.SubstratumInterfaceAudit.scaled_diagonal_indicator' depends on axioms: [propext, Classical.choice, Quot.sound]
2026-09-26T10:27:37.0711683Z info: OIBridge/SubstratumInterfaceAudit.lean:886:0: 'OIBridge.SubstratumInterfaceAudit.scaled_block' depends on axioms: [propext, Classical.choice, Quot.sound]
2026-09-26T10:27:37.0712191Z info: OIBridge/SubstratumInterfaceAudit.lean:887:0: 'OIBridge.SubstratumInterfaceAudit.scaled_tensor_one' depends on axioms: [propext, Classical.choice, Quot.sound]
2026-09-26T10:27:37.0712677Z info: OIBridge/SubstratumInterfaceAudit.lean:888:0: 'OIBridge.SubstratumInterfaceAudit.scaled_reindex' depends on axioms: [propext, Classical.choice, Quot.sound]
2026-09-26T10:27:37.0713193Z info: OIBridge/SubstratumInterfaceAudit.lean:889:0: 'OIBridge.SubstratumInterfaceAudit.scaled_conjTranspose' depends on axioms: [propext, Classical.choice, Quot.sound]
2026-09-26T10:27:37.0713686Z info: OIBridge/SubstratumInterfaceAudit.lean:890:0: 'OIBridge.SubstratumInterfaceAudit.permClass_arch' depends on axioms: [propext, Classical.choice, Quot.sound]
2026-09-26T10:27:37.0714220Z info: OIBridge/SubstratumInterfaceAudit.lean:891:0: 'OIBridge.SubstratumInterfaceAudit.permClass_contextStable' depends on axioms: [propext, Classical.choice, Quot.sound]
2026-09-26T10:27:37.0714749Z info: OIBridge/SubstratumInterfaceAudit.lean:892:0: 'OIBridge.SubstratumInterfaceAudit.permClass_labelInvariant' depends on axioms: [propext, Classical.choice, Quot.sound]
2026-09-26T10:27:37.0715277Z info: OIBridge/SubstratumInterfaceAudit.lean:893:0: 'OIBridge.SubstratumInterfaceAudit.permClass_daggerStable' depends on axioms: [propext, Classical.choice, Quot.sound]
2026-09-26T10:27:37.0715742Z info: OIBridge/SubstratumInterfaceAudit.lean:894:0: 'OIBridge.SubstratumInterfaceAudit.permClass_unitaryRaySaturated' depends on axioms: [propext,
2026-09-26T10:27:37.0715946Z  Classical.choice,
2026-09-26T10:27:37.0716034Z  Quot.sound]
2026-09-26T10:27:37.0716565Z info: OIBridge/SubstratumInterfaceAudit.lean:895:0: 'OIBridge.SubstratumInterfaceAudit.permClass_permMatrix' depends on axioms: [propext, Classical.choice, Quot.sound]
2026-09-26T10:27:37.0717081Z info: OIBridge/SubstratumInterfaceAudit.lean:896:0: 'OIBridge.SubstratumInterfaceAudit.permClass_readWrite' depends on axioms: [propext, Classical.choice, Quot.sound]
2026-09-26T10:27:37.0717725Z info: OIBridge/SubstratumInterfaceAudit.lean:897:0: 'OIBridge.SubstratumInterfaceAudit.permClass_le_substratum' depends on axioms: [propext, Classical.choice, Quot.sound]
2026-09-26T10:27:37.0718227Z info: OIBridge/SubstratumInterfaceAudit.lean:898:0: 'OIBridge.SubstratumInterfaceAudit.ancBlock_flipOn' depends on axioms: [propext, Classical.choice, Quot.sound]
2026-09-26T10:27:37.0718754Z info: OIBridge/SubstratumInterfaceAudit.lean:899:0: 'OIBridge.SubstratumInterfaceAudit.permClass_le_of_exchanges' depends on axioms: [propext, Classical.choice, Quot.sound]
2026-09-26T10:27:37.0719283Z info: OIBridge/SubstratumInterfaceAudit.lean:900:0: 'OIBridge.SubstratumInterfaceAudit.permClass_bijectionLevel' depends on axioms: [propext, Classical.choice, Quot.sound]
2026-09-26T10:27:37.0719767Z info: OIBridge/SubstratumInterfaceAudit.lean:901:0: 'OIBridge.SubstratumInterfaceAudit.bijectionLevel_configurationLevel' depends on axioms: [propext,
2026-09-26T10:27:37.0720009Z  Classical.choice,
2026-09-26T10:27:37.0720096Z  Quot.sound]
2026-09-26T10:27:37.0720567Z info: OIBridge/SubstratumInterfaceAudit.lean:902:0: 'OIBridge.SubstratumInterfaceAudit.preservesNonneg_conj_of_scaled' depends on axioms: [propext,
2026-09-26T10:27:37.0720655Z  Classical.choice,
2026-09-26T10:27:37.0720741Z  Quot.sound]
2026-09-26T10:27:37.0721263Z info: OIBridge/SubstratumInterfaceAudit.lean:903:0: 'OIBridge.SubstratumInterfaceAudit.preservesNonneg_sum' depends on axioms: [propext, Classical.choice, Quot.sound]
2026-09-26T10:27:37.0721714Z info: OIBridge/SubstratumInterfaceAudit.lean:904:0: 'OIBridge.SubstratumInterfaceAudit.preservesNonneg_of_realized' depends on axioms: [propext,
2026-09-26T10:27:37.0721804Z  Classical.choice,
2026-09-26T10:27:37.0721888Z  Quot.sound]
2026-09-26T10:27:37.0722362Z info: OIBridge/SubstratumInterfaceAudit.lean:905:0: 'OIBridge.SubstratumInterfaceAudit.diagonal_nonneg_of_preservesNonneg' depends on axioms: [propext,
2026-09-26T10:27:37.0722456Z  Classical.choice,
2026-09-26T10:27:37.0722539Z  Quot.sound]
2026-09-26T10:27:37.0722990Z info: OIBridge/SubstratumInterfaceAudit.lean:906:0: 'OIBridge.SubstratumInterfaceAudit.phaseGate_not_preservesNonneg' depends on axioms: [propext,
2026-09-26T10:27:37.0723081Z  Classical.choice,
2026-09-26T10:27:37.0723165Z  Quot.sound]
2026-09-26T10:27:37.0723683Z info: OIBridge/SubstratumInterfaceAudit.lean:907:0: 'OIBridge.SubstratumInterfaceAudit.sign_not_preservesNonneg' depends on axioms: [propext, Classical.choice, Quot.sound]
2026-09-26T10:27:37.0724158Z info: OIBridge/SubstratumInterfaceAudit.lean:908:0: 'OIBridge.SubstratumInterfaceAudit.bijectionLevel_not_phasesAvailable' depends on axioms: [propext,
2026-09-26T10:27:37.0724246Z  Classical.choice,
2026-09-26T10:27:37.0724327Z  Quot.sound]
2026-09-26T10:27:37.0724810Z info: OIBridge/SubstratumInterfaceAudit.lean:909:0: 'OIBridge.SubstratumInterfaceAudit.bijectionLevel_diagonal_only_scalar' depends on axioms: [propext,
2026-09-26T10:27:37.0724903Z  Classical.choice,
2026-09-26T10:27:37.0724982Z  Quot.sound]
2026-09-26T10:27:37.0725506Z info: OIBridge/SubstratumInterfaceAudit.lean:910:0: 'OIBridge.SubstratumInterfaceAudit.permTheory_avail_conj' depends on axioms: [propext, Classical.choice, Quot.sound]
2026-09-26T10:27:37.0726067Z info: OIBridge/SubstratumInterfaceAudit.lean:911:0: 'OIBridge.SubstratumInterfaceAudit.derivedOI_iff_sourcedOI_phases' depends on axioms: [propext,
2026-09-26T10:27:37.0726153Z  Classical.choice,
2026-09-26T10:27:37.0726236Z  Quot.sound]
2026-09-26T10:27:37.0726753Z info: OIBridge/SubstratumInterfaceAudit.lean:912:0: 'OIBridge.SubstratumInterfaceAudit.sourcedOI_of_derivedOI' depends on axioms: [propext, Classical.choice, Quot.sound]
2026-09-26T10:27:37.0727262Z info: OIBridge/SubstratumInterfaceAudit.lean:913:0: 'OIBridge.SubstratumInterfaceAudit.sourcedOI_of_qm' depends on axioms: [propext, Classical.choice, Quot.sound]
2026-09-26T10:27:37.0727786Z info: OIBridge/SubstratumInterfaceAudit.lean:914:0: 'OIBridge.SubstratumInterfaceAudit.exchanges_of_readWrite' depends on axioms: [propext, Classical.choice, Quot.sound]
2026-09-26T10:27:37.0728367Z info: OIBridge/SubstratumInterfaceAudit.lean:915:0: 'OIBridge.SubstratumInterfaceAudit.sourcedOI_qm_iff_phaseFree' depends on axioms: [propext,
2026-09-26T10:27:37.0728453Z  Classical.choice,
2026-09-26T10:27:37.0728539Z  Quot.sound]
2026-09-26T10:27:37.0729053Z info: OIBridge/SubstratumInterfaceAudit.lean:916:0: 'OIBridge.SubstratumInterfaceAudit.permTheory_sourcedOI' depends on axioms: [propext, Classical.choice, Quot.sound]
2026-09-26T10:27:37.0729510Z info: OIBridge/SubstratumInterfaceAudit.lean:917:0: 'OIBridge.SubstratumInterfaceAudit.permTheory_not_phasesAvailable' depends on axioms: [propext,
2026-09-26T10:27:37.0729601Z  Classical.choice,
2026-09-26T10:27:37.0729681Z  Quot.sound]
2026-09-26T10:27:37.0730138Z info: OIBridge/SubstratumInterfaceAudit.lean:918:0: 'OIBridge.SubstratumInterfaceAudit.permTheory_diagonal_only_scalar' depends on axioms: [propext,
2026-09-26T10:27:37.0730339Z  Classical.choice,
2026-09-26T10:27:37.0730422Z  Quot.sound]
2026-09-26T10:27:37.0730935Z info: OIBridge/SubstratumInterfaceAudit.lean:919:0: 'OIBridge.SubstratumInterfaceAudit.permTheory_no_sign' depends on axioms: [propext, Classical.choice, Quot.sound]
2026-09-26T10:27:37.0731463Z info: OIBridge/SubstratumInterfaceAudit.lean:920:0: 'OIBridge.SubstratumInterfaceAudit.permTheory_not_derivedOI' depends on axioms: [propext, Classical.choice, Quot.sound]
2026-09-26T10:27:37.0731922Z info: OIBridge/SubstratumInterfaceAudit.lean:921:0: 'OIBridge.SubstratumInterfaceAudit.substratumAvail_phasesAvailable' depends on axioms: [propext,
2026-09-26T10:27:37.0732013Z  Classical.choice,
2026-09-26T10:27:37.0732098Z  Quot.sound]
2026-09-26T10:27:37.0732546Z info: OIBridge/SubstratumInterfaceAudit.lean:922:0: 'OIBridge.SubstratumInterfaceAudit.permTheory_not_substratumAvail' depends on axioms: [propext,
2026-09-26T10:27:37.0732635Z  Classical.choice,
2026-09-26T10:27:37.0732719Z  Quot.sound]
2026-09-26T10:27:37.0733183Z info: OIBridge/SubstratumInterfaceAudit.lean:923:0: 'OIBridge.SubstratumInterfaceAudit.permTheory_availExt_le_substratum' depends on axioms: [propext,
2026-09-26T10:27:37.0733277Z  Classical.choice,
2026-09-26T10:27:37.0733360Z  Quot.sound]
2026-09-26T10:27:37.0733874Z info: OIBridge/SubstratumInterfaceAudit.lean:924:0: 'OIBridge.SubstratumInterfaceAudit.permTheory_not_control' depends on axioms: [propext, Classical.choice, Quot.sound]
2026-09-26T10:27:37.0734399Z info: OIBridge/SubstratumInterfaceAudit.lean:925:0: 'OIBridge.SubstratumInterfaceAudit.permTheory_not_phaseFree' depends on axioms: [propext, Classical.choice, Quot.sound]
2026-09-26T10:27:37.0734899Z info: OIBridge/SubstratumInterfaceAudit.lean:926:0: 'OIBridge.SubstratumInterfaceAudit.permTheory_not_qm' depends on axioms: [propext, Classical.choice, Quot.sound]
2026-09-26T10:27:37.0735396Z info: OIBridge/SubstratumInterfaceAudit.lean:927:0: 'OIBridge.SubstratumInterfaceAudit.permTheory_relabel' depends on axioms: [propext, Classical.choice, Quot.sound]
2026-09-26T10:27:37.0735963Z info: OIBridge/SubstratumInterfaceAudit.lean:928:0: 'OIBridge.SubstratumInterfaceAudit.permTheory_realizesSealedOICore' depends on axioms: [propext,
2026-09-26T10:27:37.0736057Z  Classical.choice,
2026-09-26T10:27:37.0736137Z  Quot.sound]
2026-09-26T10:27:37.0736595Z info: OIBridge/SubstratumInterfaceAudit.lean:929:0: 'OIBridge.SubstratumInterfaceAudit.permTheory_falsifierUnavailable' depends on axioms: [propext,
2026-09-26T10:27:37.0736686Z  Classical.choice,
2026-09-26T10:27:37.0736765Z  Quot.sound]
2026-09-26T10:27:37.0737277Z info: OIBridge/SubstratumInterfaceAudit.lean:930:0: 'OIBridge.SubstratumInterfaceAudit.permTheory_twoState' depends on axioms: [propext, Classical.choice, Quot.sound]
2026-09-26T10:27:37.0737800Z info: OIBridge/SubstratumInterfaceAudit.lean:931:0: 'OIBridge.SubstratumInterfaceAudit.obsTheory_eq_permTheory' depends on axioms: [propext, Classical.choice, Quot.sound]
2026-09-26T10:27:37.0738239Z info: OIBridge/SubstratumInterfaceAudit.lean:932:0: 'OIBridge.SubstratumInterfaceAudit.obsTheory_rule_independent' depends on axioms: [propext,
2026-09-26T10:27:37.0738460Z  Classical.choice,
2026-09-26T10:27:37.0738543Z  Quot.sound]
2026-09-26T10:27:37.0739009Z info: OIBridge/SubstratumInterfaceAudit.lean:933:0: 'OIBridge.SubstratumInterfaceAudit.obs_a1' depends on axioms: [propext, Classical.choice, Quot.sound]
2026-09-26T10:27:37.0739507Z info: OIBridge/SubstratumInterfaceAudit.lean:934:0: 'OIBridge.SubstratumInterfaceAudit.obs_dynamics_avail' depends on axioms: [propext, Classical.choice, Quot.sound]
2026-09-26T10:27:37.0740016Z info: OIBridge/SubstratumInterfaceAudit.lean:935:0: 'OIBridge.SubstratumInterfaceAudit.obs_dynamics_inv_avail' depends on axioms: [propext, Classical.choice, Quot.sound]
2026-09-26T10:27:37.0740501Z info: OIBridge/SubstratumInterfaceAudit.lean:936:0: 'OIBridge.SubstratumInterfaceAudit.obs_shear_avail' depends on axioms: [propext, Classical.choice, Quot.sound]
2026-09-26T10:27:37.0741101Z info: OIBridge/SubstratumInterfaceAudit.lean:937:0: 'OIBridge.SubstratumInterfaceAudit.obs_swap_avail' depends on axioms: [propext, Classical.choice, Quot.sound]
2026-09-26T10:27:37.0741636Z info: OIBridge/SubstratumInterfaceAudit.lean:938:0: 'OIBridge.SubstratumInterfaceAudit.obs_readWriteAvailable' depends on axioms: [propext, Classical.choice, Quot.sound]
2026-09-26T10:27:37.0742151Z info: OIBridge/SubstratumInterfaceAudit.lean:939:0: 'OIBridge.SubstratumInterfaceAudit.obs_exchangesAvailable' depends on axioms: [propext, Classical.choice, Quot.sound]
2026-09-26T10:27:37.0742676Z info: OIBridge/SubstratumInterfaceAudit.lean:940:0: 'OIBridge.SubstratumInterfaceAudit.obs_embeddedObservation' depends on axioms: [propext, Classical.choice, Quot.sound]
2026-09-26T10:27:37.0743163Z info: OIBridge/SubstratumInterfaceAudit.lean:941:0: 'OIBridge.SubstratumInterfaceAudit.obs_reversibleImplementationLocality' depends on axioms: [propext,
2026-09-26T10:27:37.0743249Z  Classical.choice,
2026-09-26T10:27:37.0743336Z  Quot.sound]
2026-09-26T10:27:37.0743829Z info: OIBridge/SubstratumInterfaceAudit.lean:942:0: 'OIBridge.SubstratumInterfaceAudit.obs_sourcedOI' depends on axioms: [propext, Classical.choice, Quot.sound]
2026-09-26T10:27:37.0744349Z info: OIBridge/SubstratumInterfaceAudit.lean:943:0: 'OIBridge.SubstratumInterfaceAudit.obs_not_phasesAvailable' depends on axioms: [propext, Classical.choice, Quot.sound]
2026-09-26T10:27:37.0744805Z info: OIBridge/SubstratumInterfaceAudit.lean:944:0: 'OIBridge.SubstratumInterfaceAudit.obs_diagonal_avail_only_scalar' depends on axioms: [propext,
2026-09-26T10:27:37.0744894Z  Classical.choice,
2026-09-26T10:27:37.0744974Z  Quot.sound]
2026-09-26T10:27:37.0745472Z info: OIBridge/SubstratumInterfaceAudit.lean:945:0: 'OIBridge.SubstratumInterfaceAudit.obs_not_derivedOI' depends on axioms: [propext, Classical.choice, Quot.sound]
2026-09-26T10:27:37.0746095Z info: OIBridge/SubstratumInterfaceAudit.lean:946:0: 'OIBridge.SubstratumInterfaceAudit.obs_not_substratumAvail' depends on axioms: [propext, Classical.choice, Quot.sound]
2026-09-26T10:27:37.0746544Z info: OIBridge/SubstratumInterfaceAudit.lean:947:0: 'OIBridge.SubstratumInterfaceAudit.obs_availExt_le_substratum' depends on axioms: [propext,
2026-09-26T10:27:37.0746639Z  Classical.choice,
2026-09-26T10:27:37.0746724Z  Quot.sound]
2026-09-26T10:27:37.0747208Z info: OIBridge/SubstratumInterfaceAudit.lean:948:0: 'OIBridge.SubstratumInterfaceAudit.obs_not_control' depends on axioms: [propext, Classical.choice, Quot.sound]
2026-09-26T10:27:37.0747702Z info: OIBridge/SubstratumInterfaceAudit.lean:949:0: 'OIBridge.SubstratumInterfaceAudit.obs_not_phaseFree' depends on axioms: [propext, Classical.choice, Quot.sound]
2026-09-26T10:27:37.0748176Z info: OIBridge/SubstratumInterfaceAudit.lean:950:0: 'OIBridge.SubstratumInterfaceAudit.obs_not_qm' depends on axioms: [propext, Classical.choice, Quot.sound]
2026-09-26T10:27:37.0748683Z info: OIBridge/SubstratumInterfaceAudit.lean:951:0: 'OIBridge.SubstratumInterfaceAudit.obs_qm_iff_phaseFree' depends on axioms: [propext, Classical.choice, Quot.sound]
2026-09-26T10:27:37.0748891Z ℹ [3475/3600] Replayed OIBridge.HydroSourceAudit
2026-09-26T10:27:37.0749348Z info: OIBridge/HydroSourceAudit.lean:905:0: 'OIBridge.HydroSourceAudit.curOf_add' does not depend on any axioms
2026-09-26T10:27:37.0749670Z info: OIBridge/HydroSourceAudit.lean:906:0: 'OIBridge.HydroSourceAudit.prevOf_add' does not depend on any axioms
2026-09-26T10:27:37.0749984Z info: OIBridge/HydroSourceAudit.lean:907:0: 'OIBridge.HydroSourceAudit.curOf_leap' does not depend on any axioms
2026-09-26T10:27:37.0750376Z info: OIBridge/HydroSourceAudit.lean:908:0: 'OIBridge.HydroSourceAudit.map_zero_of_additive' depends on axioms: [propext, Quot.sound]
2026-09-26T10:27:37.0750847Z info: OIBridge/HydroSourceAudit.lean:909:0: 'OIBridge.HydroSourceAudit.coarse_evolution_additive' depends on axioms: [propext, Classical.choice, Quot.sound]
2026-09-26T10:27:37.0751330Z info: OIBridge/HydroSourceAudit.lean:910:0: 'OIBridge.HydroSourceAudit.coarseCloses_additive_on_range' depends on axioms: [propext, Classical.choice, Quot.sound]
2026-09-26T10:27:37.0751893Z info: OIBridge/HydroSourceAudit.lean:911:0: 'OIBridge.HydroSourceAudit.coarseCloses_nsmul' depends on axioms: [propext, Classical.choice, Quot.sound]
2026-09-26T10:27:37.0752347Z info: OIBridge/HydroSourceAudit.lean:912:0: 'OIBridge.HydroSourceAudit.waveSubstratum_F' depends on axioms: [propext, Classical.choice, Quot.sound]
2026-09-26T10:27:37.0752817Z info: OIBridge/HydroSourceAudit.lean:913:0: 'OIBridge.HydroSourceAudit.wave_coarse_evolution_additive' depends on axioms: [propext, Classical.choice, Quot.sound]
2026-09-26T10:27:37.0753226Z info: OIBridge/HydroSourceAudit.lean:914:0: 'OIBridge.HydroSourceAudit.wave_coarseCloses_additive_on_range' depends on axioms: [propext,
2026-09-26T10:27:37.0753315Z  Classical.choice,
2026-09-26T10:27:37.0753394Z  Quot.sound]
2026-09-26T10:27:37.0753824Z info: OIBridge/HydroSourceAudit.lean:915:0: 'OIBridge.HydroSourceAudit.totalSum_apply' depends on axioms: [propext, Classical.choice, Quot.sound]
2026-09-26T10:27:37.0754248Z info: OIBridge/HydroSourceAudit.lean:916:0: 'OIBridge.HydroSourceAudit.totalSum_waveF' depends on axioms: [propext, Classical.choice, Quot.sound]
2026-09-26T10:27:37.0754666Z info: OIBridge/HydroSourceAudit.lean:917:0: 'OIBridge.HydroSourceAudit.totalSum_leap' depends on axioms: [propext, Classical.choice, Quot.sound]
2026-09-26T10:27:37.0755134Z info: OIBridge/HydroSourceAudit.lean:918:0: 'OIBridge.HydroSourceAudit.totalSum_second_difference' depends on axioms: [propext, Classical.choice, Quot.sound]
2026-09-26T10:27:37.0755559Z info: OIBridge/HydroSourceAudit.lean:919:0: 'OIBridge.HydroSourceAudit.totalSum_single' depends on axioms: [propext, Classical.choice, Quot.sound]
2026-09-26T10:27:37.0756121Z info: OIBridge/HydroSourceAudit.lean:920:0: 'OIBridge.HydroSourceAudit.deltaS_conserved_iff' depends on axioms: [propext, Classical.choice, Quot.sound]
2026-09-26T10:27:37.0756622Z info: OIBridge/HydroSourceAudit.lean:921:0: 'OIBridge.HydroSourceAudit.combination_conserved_iff' depends on axioms: [propext, Classical.choice, Quot.sound]
2026-09-26T10:27:37.0757102Z info: OIBridge/HydroSourceAudit.lean:922:0: 'OIBridge.HydroSourceAudit.deltaS_conserved_iff_dvd_four' depends on axioms: [propext, Classical.choice, Quot.sound]
2026-09-26T10:27:37.0757585Z info: OIBridge/HydroSourceAudit.lean:923:0: 'OIBridge.HydroSourceAudit.deltaS_conserved_iff_two_or_four' depends on axioms: [propext, Classical.choice, Quot.sound]
2026-09-26T10:27:37.0758020Z info: OIBridge/HydroSourceAudit.lean:924:0: 'OIBridge.HydroSourceAudit.quartic_form_diag' depends on axioms: [propext, Classical.choice, Quot.sound]
2026-09-26T10:27:37.0758447Z info: OIBridge/HydroSourceAudit.lean:925:0: 'OIBridge.HydroSourceAudit.quartic_form_pair' depends on axioms: [propext, Classical.choice, Quot.sound]
2026-09-26T10:27:37.0758863Z info: OIBridge/HydroSourceAudit.lean:926:0: 'OIBridge.HydroSourceAudit.quartic_form_span' depends on axioms: [propext, Classical.choice, Quot.sound]
2026-09-26T10:27:37.0759345Z info: OIBridge/HydroSourceAudit.lean:927:0: 'OIBridge.HydroSourceAudit.symInvariant_eq_zero_of_single' depends on axioms: [propext, Classical.choice, Quot.sound]
2026-09-26T10:27:37.0759918Z info: OIBridge/HydroSourceAudit.lean:928:0: 'OIBridge.HydroSourceAudit.exists_perm_zero_one' depends on axioms: [propext, Classical.choice, Quot.sound]
2026-09-26T10:27:37.0760385Z info: OIBridge/HydroSourceAudit.lean:929:0: 'OIBridge.HydroSourceAudit.symInvariant_closed_form' depends on axioms: [propext, Classical.choice, Quot.sound]
2026-09-26T10:27:37.0760859Z info: OIBridge/HydroSourceAudit.lean:930:0: 'OIBridge.HydroSourceAudit.symInvariantQuartic_span' depends on axioms: [propext, Classical.choice, Quot.sound]
2026-09-26T10:27:37.0761326Z info: OIBridge/HydroSourceAudit.lean:931:0: 'OIBridge.HydroSourceAudit.symInvariantQuartic_iff' depends on axioms: [propext, Classical.choice, Quot.sound]
2026-09-26T10:27:37.0761798Z info: OIBridge/HydroSourceAudit.lean:932:0: 'OIBridge.HydroSourceAudit.symInvariant_isotropic_iff' depends on axioms: [propext, Classical.choice, Quot.sound]
2026-09-26T10:27:37.0762280Z info: OIBridge/HydroSourceAudit.lean:933:0: 'OIBridge.HydroSourceAudit.dir_eq_intCast' depends on axioms: [propext, Quot.sound]
2026-09-26T10:27:37.0762724Z info: OIBridge/HydroSourceAudit.lean:934:0: 'OIBridge.HydroSourceAudit.axisMoment4_eq' depends on axioms: [propext, Classical.choice, Quot.sound]
2026-09-26T10:27:37.0763176Z info: OIBridge/HydroSourceAudit.lean:935:0: 'OIBridge.HydroSourceAudit.axisMoment4_quartic' depends on axioms: [propext, Classical.choice, Quot.sound]
2026-09-26T10:27:37.0763615Z info: OIBridge/HydroSourceAudit.lean:936:0: 'OIBridge.HydroSourceAudit.axisMoment4_three_eq' depends on axioms: [propext, Classical.choice, Quot.sound]
2026-09-26T10:27:37.0764077Z info: OIBridge/HydroSourceAudit.lean:937:0: 'OIBridge.HydroSourceAudit.axisMoment4_symInvariant' depends on axioms: [propext, Classical.choice, Quot.sound]
2026-09-26T10:27:37.0764567Z info: OIBridge/HydroSourceAudit.lean:938:0: 'OIBridge.HydroSourceAudit.axisMoment4_form_not_isotropic' depends on axioms: [propext, Classical.choice, Quot.sound]
2026-09-26T10:27:37.0765028Z info: OIBridge/HydroSourceAudit.lean:939:0: 'OIBridge.HydroSourceAudit.axisMoment4_not_isotropic' depends on axioms: [propext, Classical.choice, Quot.sound]
2026-09-26T10:27:37.0765460Z info: OIBridge/HydroSourceAudit.lean:940:0: 'OIBridge.HydroSourceAudit.blockSum_apply' depends on axioms: [propext, Classical.choice, Quot.sound]
2026-09-26T10:27:37.0766016Z info: OIBridge/HydroSourceAudit.lean:941:0: 'OIBridge.HydroSourceAudit.sum_fin_one_fun' depends on axioms: [propext, Classical.choice, Quot.sound]
2026-09-26T10:27:37.0766437Z info: OIBridge/HydroSourceAudit.lean:942:0: 'OIBridge.HydroSourceAudit.waveF_one_dim' depends on axioms: [propext, Classical.choice, Quot.sound]
2026-09-26T10:27:37.0766860Z info: OIBridge/HydroSourceAudit.lean:943:0: 'OIBridge.HydroSourceAudit.blockSum_one_dim' depends on axioms: [propext, Classical.choice, Quot.sound]
2026-09-26T10:27:37.0767277Z info: OIBridge/HydroSourceAudit.lean:944:0: 'OIBridge.HydroSourceAudit.sum_zmod_six' depends on axioms: [propext, Classical.choice, Quot.sound]
2026-09-26T10:27:37.0767693Z info: OIBridge/HydroSourceAudit.lean:945:0: 'OIBridge.HydroSourceAudit.sum_zmod_four' depends on axioms: [propext, Classical.choice, Quot.sound]
2026-09-26T10:27:37.0768144Z info: OIBridge/HydroSourceAudit.lean:946:0: 'OIBridge.HydroSourceAudit.h3a_block_state_not_closed' depends on axioms: [propext, Classical.choice, Quot.sound]
2026-09-26T10:27:37.0768558Z info: OIBridge/HydroSourceAudit.lean:947:0: 'OIBridge.HydroSourceAudit.h3a_no_closure' depends on axioms: [propext, Classical.choice, Quot.sound]
2026-09-26T10:27:37.0769008Z info: OIBridge/HydroSourceAudit.lean:948:0: 'OIBridge.HydroSourceAudit.h3a_control_L4_closes' depends on axioms: [propext, Classical.choice, Quot.sound]
2026-09-26T10:27:37.0769195Z ℹ [3476/3600] Replayed OIBridge.HexLatticeGas
2026-09-26T10:27:37.0769528Z info: OIBridge/HexLatticeGas.lean:1143:0: 'OIBridge.HexLatticeGas.hexDir_add_three' depends on axioms: [propext]
2026-09-26T10:27:37.0769912Z info: OIBridge/HexLatticeGas.lean:1144:0: 'OIBridge.HexLatticeGas.hexDir_cast_add_three' depends on axioms: [propext, Quot.sound]
2026-09-26T10:27:37.0770350Z info: OIBridge/HexLatticeGas.lean:1145:0: 'OIBridge.HexLatticeGas.hexDir_add_one' depends on axioms: [propext]
2026-09-26T10:27:37.0770653Z info: OIBridge/HexLatticeGas.lean:1146:0: 'OIBridge.HexLatticeGas.hexDir_sub_one' depends on axioms: [propext]
2026-09-26T10:27:37.0770975Z info: OIBridge/HexLatticeGas.lean:1147:0: 'OIBridge.HexLatticeGas.hexDir_conditions' depends on axioms: [propext]
2026-09-26T10:27:37.0771391Z info: OIBridge/HexLatticeGas.lean:1148:0: 'OIBridge.HexLatticeGas.hexCollide_apply' depends on axioms: [propext, Classical.choice, Quot.sound]
2026-09-26T10:27:37.0771796Z info: OIBridge/HexLatticeGas.lean:1149:0: 'OIBridge.HexLatticeGas.hexCollide_moved' depends on axioms: [propext, Classical.choice, Quot.sound]
2026-09-26T10:27:37.0772308Z info: OIBridge/HexLatticeGas.lean:1150:0: 'OIBridge.HexLatticeGas.hexCollide_of_ne' depends on axioms: [propext, Classical.choice, Quot.sound]
2026-09-26T10:27:37.0772739Z info: OIBridge/HexLatticeGas.lean:1151:0: 'OIBridge.HexLatticeGas.hexCollide_symm_of_ne' depends on axioms: [propext, Classical.choice, Quot.sound]
2026-09-26T10:27:37.0773135Z info: OIBridge/HexLatticeGas.lean:1152:0: 'OIBridge.HexLatticeGas.hexCollide_moved_support' depends on axioms: [propext, Quot.sound]
2026-09-26T10:27:37.0773557Z info: OIBridge/HexLatticeGas.lean:1153:0: 'OIBridge.HexLatticeGas.hexCollide_of_single' depends on axioms: [propext, Classical.choice, Quot.sound]
2026-09-26T10:27:37.0773989Z info: OIBridge/HexLatticeGas.lean:1154:0: 'OIBridge.HexLatticeGas.hexCollide_symm_of_single' depends on axioms: [propext, Classical.choice, Quot.sound]
2026-09-26T10:27:37.0774396Z info: OIBridge/HexLatticeGas.lean:1155:0: 'OIBridge.HexLatticeGas.hexCollide_zero' depends on axioms: [propext, Classical.choice, Quot.sound]
2026-09-26T10:27:37.0774829Z info: OIBridge/HexLatticeGas.lean:1156:0: 'OIBridge.HexLatticeGas.hexCollide_channel_rot' depends on axioms: [propext, Classical.choice, Quot.sound]
2026-09-26T10:27:37.0775260Z info: OIBridge/HexLatticeGas.lean:1157:0: 'OIBridge.HexLatticeGas.hexCollide_not_reflection' depends on axioms: [propext, Classical.choice, Quot.sound]
2026-09-26T10:27:37.0775622Z info: OIBridge/HexLatticeGas.lean:1158:0: 'OIBridge.HexLatticeGas.hexStream_apply' depends on axioms: [propext, Quot.sound]
2026-09-26T10:27:37.0776122Z info: OIBridge/HexLatticeGas.lean:1159:0: 'OIBridge.HexLatticeGas.hexGas_eq' depends on axioms: [propext, Classical.choice, Quot.sound]
2026-09-26T10:27:37.0776541Z info: OIBridge/HexLatticeGas.lean:1160:0: 'OIBridge.HexLatticeGas.hexGas_apply' depends on axioms: [propext, Classical.choice, Quot.sound]
2026-09-26T10:27:37.0776952Z info: OIBridge/HexLatticeGas.lean:1161:0: 'OIBridge.HexLatticeGas.hexGas_symm_apply' depends on axioms: [propext, Classical.choice, Quot.sound]
2026-09-26T10:27:37.0777372Z info: OIBridge/HexLatticeGas.lean:1162:0: 'OIBridge.HexLatticeGas.hexSubstratum_F' depends on axioms: [propext, Classical.choice, Quot.sound]
2026-09-26T10:27:37.0777781Z info: OIBridge/HexLatticeGas.lean:1163:0: 'OIBridge.HexLatticeGas.hexSubstratum_N' depends on axioms: [propext, Classical.choice, Quot.sound]
2026-09-26T10:27:37.0778183Z info: OIBridge/HexLatticeGas.lean:1164:0: 'OIBridge.HexLatticeGas.hexSubstratum_A1' depends on axioms: [propext, Classical.choice, Quot.sound]
2026-09-26T10:27:37.0778588Z info: OIBridge/HexLatticeGas.lean:1165:0: 'OIBridge.HexLatticeGas.hexSubstratum_A2' depends on axioms: [propext, Classical.choice, Quot.sound]
2026-09-26T10:27:37.0778993Z info: OIBridge/HexLatticeGas.lean:1166:0: 'OIBridge.HexLatticeGas.hexSubstratum_A3' depends on axioms: [propext, Classical.choice, Quot.sound]
2026-09-26T10:27:37.0779419Z info: OIBridge/HexLatticeGas.lean:1167:0: 'OIBridge.HexLatticeGas.hexSubstratum_A4Exact' depends on axioms: [propext, Classical.choice, Quot.sound]
2026-09-26T10:27:37.0779826Z info: OIBridge/HexLatticeGas.lean:1168:0: 'OIBridge.HexLatticeGas.hexSubstratum_A4' depends on axioms: [propext, Classical.choice, Quot.sound]
2026-09-26T10:27:37.0780345Z info: OIBridge/HexLatticeGas.lean:1169:0: 'OIBridge.HexLatticeGas.hexSum_apply' depends on axioms: [propext, Classical.choice, Quot.sound]
2026-09-26T10:27:37.0780743Z info: OIBridge/HexLatticeGas.lean:1170:0: 'OIBridge.HexLatticeGas.hexSum_single' depends on axioms: [propext, Classical.choice, Quot.sound]
2026-09-26T10:27:37.0781156Z info: OIBridge/HexLatticeGas.lean:1171:0: 'OIBridge.HexLatticeGas.hexSum_single_site' depends on axioms: [propext, Classical.choice, Quot.sound]
2026-09-26T10:27:37.0781554Z info: OIBridge/HexLatticeGas.lean:1172:0: 'OIBridge.HexLatticeGas.hexSum_two_sites' depends on axioms: [propext, Classical.choice, Quot.sound]
2026-09-26T10:27:37.0781957Z info: OIBridge/HexLatticeGas.lean:1173:0: 'OIBridge.HexLatticeGas.hexSum_neg_weight' depends on axioms: [propext, Classical.choice, Quot.sound]
2026-09-26T10:27:37.0782469Z info: OIBridge/HexLatticeGas.lean:1174:0: 'OIBridge.HexLatticeGas.hexSum_add_weight' depends on axioms: [propext, Classical.choice, Quot.sound]
2026-09-26T10:27:37.0782888Z info: OIBridge/HexLatticeGas.lean:1175:0: 'OIBridge.HexLatticeGas.hexSum_intCast_two' depends on axioms: [propext, Classical.choice, Quot.sound]
2026-09-26T10:27:37.0783303Z info: OIBridge/HexLatticeGas.lean:1176:0: 'OIBridge.HexLatticeGas.hexSum_add_intCast_two' depends on axioms: [propext, Classical.choice, Quot.sound]
2026-09-26T10:27:37.0783709Z info: OIBridge/HexLatticeGas.lean:1177:0: 'OIBridge.HexLatticeGas.hexSum_hexStream' depends on axioms: [propext, Classical.choice, Quot.sound]
2026-09-26T10:27:37.0784158Z info: OIBridge/HexLatticeGas.lean:1178:0: 'OIBridge.HexLatticeGas.hexCollide_conserved_iff' depends on axioms: [propext, Classical.choice, Quot.sound]
2026-09-26T10:27:37.0784570Z info: OIBridge/HexLatticeGas.lean:1179:0: 'OIBridge.HexLatticeGas.collide_single' depends on axioms: [propext, Classical.choice, Quot.sound]
2026-09-26T10:27:37.0784987Z info: OIBridge/HexLatticeGas.lean:1180:0: 'OIBridge.HexLatticeGas.hexSum_collide_iff' depends on axioms: [propext, Classical.choice, Quot.sound]
2026-09-26T10:27:37.0785454Z info: OIBridge/HexLatticeGas.lean:1181:0: 'OIBridge.HexLatticeGas.hexCollide_conditions_iff_span' depends on axioms: [propext, Classical.choice, Quot.sound]
2026-09-26T10:27:37.0785958Z info: OIBridge/HexLatticeGas.lean:1182:0: 'OIBridge.HexLatticeGas.hexSum_hexGas' depends on axioms: [propext, Classical.choice, Quot.sound]
2026-09-26T10:27:37.0786369Z info: OIBridge/HexLatticeGas.lean:1183:0: 'OIBridge.HexLatticeGas.hexSum_hexGas_iff' depends on axioms: [propext, Classical.choice, Quot.sound]
2026-09-26T10:27:37.0786795Z info: OIBridge/HexLatticeGas.lean:1184:0: 'OIBridge.HexLatticeGas.hexSum_hexGas_iff_span' depends on axioms: [propext, Classical.choice, Quot.sound]
2026-09-26T10:27:37.0787205Z info: OIBridge/HexLatticeGas.lean:1185:0: 'OIBridge.HexLatticeGas.hexSum_mass_hexGas' depends on axioms: [propext, Classical.choice, Quot.sound]
2026-09-26T10:27:37.0787629Z info: OIBridge/HexLatticeGas.lean:1186:0: 'OIBridge.HexLatticeGas.hexSum_momentum_hexGas' depends on axioms: [propext, Classical.choice, Quot.sound]
2026-09-26T10:27:37.0788034Z info: OIBridge/HexLatticeGas.lean:1187:0: 'OIBridge.HexLatticeGas.hexSum_shiftBy' depends on axioms: [propext, Classical.choice, Quot.sound]
2026-09-26T10:27:37.0788408Z info: OIBridge/HexLatticeGas.lean:1188:0: 'OIBridge.HexLatticeGas.single_channel_zero' depends on axioms: [propext, Quot.sound]
2026-09-26T10:27:37.0788829Z info: OIBridge/HexLatticeGas.lean:1189:0: 'OIBridge.HexLatticeGas.hexGas_single_channel' depends on axioms: [propext, Classical.choice, Quot.sound]
2026-09-26T10:27:37.0789271Z info: OIBridge/HexLatticeGas.lean:1190:0: 'OIBridge.HexLatticeGas.hexGas_symm_single_channel' depends on axioms: [propext, Classical.choice, Quot.sound]
2026-09-26T10:27:37.0789719Z info: OIBridge/HexLatticeGas.lean:1191:0: 'OIBridge.HexLatticeGas.hexCollide_symm_channel_one' depends on axioms: [propext, Classical.choice, Quot.sound]
2026-09-26T10:27:37.0790155Z info: OIBridge/HexLatticeGas.lean:1192:0: 'OIBridge.HexLatticeGas.hexSubstratum_A5_witness' depends on axioms: [propext, Classical.choice, Quot.sound]
2026-09-26T10:27:37.0790707Z info: OIBridge/HexLatticeGas.lean:1193:0: 'OIBridge.HexLatticeGas.hexSubstratum_not_A5' depends on axioms: [propext, Classical.choice, Quot.sound]
2026-09-26T10:27:37.0791130Z info: OIBridge/HexLatticeGas.lean:1194:0: 'OIBridge.HexLatticeGas.hexSubstratum_sector' depends on axioms: [propext, Classical.choice, Quot.sound]
2026-09-26T10:27:37.0791536Z info: OIBridge/HexLatticeGas.lean:1195:0: 'OIBridge.HexLatticeGas.hexSum_leap_sector' depends on axioms: [propext, Classical.choice, Quot.sound]
2026-09-26T10:27:37.0791943Z info: OIBridge/HexLatticeGas.lean:1196:0: 'OIBridge.HexLatticeGas.hexSubstratum_mass_not_conserved_off_sector' depends on axioms: [propext,
2026-09-26T10:27:37.0792037Z  Classical.choice,
2026-09-26T10:27:37.0792119Z  Quot.sound]
2026-09-26T10:27:37.0792631Z info: OIBridge/HexLatticeGas.lean:1197:0: 'OIBridge.HexLatticeGas.hexMoment2_eq' depends on axioms: [propext, Classical.choice, Quot.sound]
2026-09-26T10:27:37.0793033Z info: OIBridge/HexLatticeGas.lean:1198:0: 'OIBridge.HexLatticeGas.hexMoment4_eq' depends on axioms: [propext, Classical.choice, Quot.sound]
2026-09-26T10:27:37.0793442Z info: OIBridge/HexLatticeGas.lean:1199:0: 'OIBridge.HexLatticeGas.hexMoment4_quartic' depends on axioms: [propext, Classical.choice, Quot.sound]
2026-09-26T10:27:37.0793863Z info: OIBridge/HexLatticeGas.lean:1200:0: 'OIBridge.HexLatticeGas.hexMoment4_isotropic' depends on axioms: [propext, Classical.choice, Quot.sound]
2026-09-26T10:27:37.0794325Z info: OIBridge/HexLatticeGas.lean:1201:0: 'OIBridge.HexLatticeGas.axisMoment4_two_not_isotropic' depends on axioms: [propext, Classical.choice, Quot.sound]
2026-09-26T10:27:37.0794761Z info: OIBridge/HexLatticeGas.lean:1202:0: 'OIBridge.HexLatticeGas.hexMoment6_not_isotropic' depends on axioms: [propext, Classical.choice, Quot.sound]
2026-09-26T10:27:37.0795198Z info: OIBridge/HexLatticeGas.lean:1203:0: 'OIBridge.HexLatticeGas.hb3a_gas_values' depends on axioms: [propext, Classical.choice, Quot.sound]
2026-09-26T10:27:37.0795587Z info: OIBridge/HexLatticeGas.lean:1204:0: 'OIBridge.HexLatticeGas.hb3a_mem' depends on axioms: [propext, Classical.choice, Quot.sound]
2026-09-26T10:27:37.0796157Z info: OIBridge/HexLatticeGas.lean:1205:0: 'OIBridge.HexLatticeGas.hb3a_block_state_not_closed' depends on axioms: [propext, Classical.choice, Quot.sound]
2026-09-26T10:27:37.0796553Z info: OIBridge/HexLatticeGas.lean:1206:0: 'OIBridge.HexLatticeGas.hb3a_no_closure' depends on axioms: [propext, Classical.choice, Quot.sound]
2026-09-26T10:27:37.0796972Z info: OIBridge/HexLatticeGas.lean:1207:0: 'OIBridge.HexLatticeGas.hexGas_bijOn_sector' depends on axioms: [propext, Classical.choice, Quot.sound]
2026-09-26T10:27:37.0797371Z info: OIBridge/HexLatticeGas.lean:1208:0: 'OIBridge.HexLatticeGas.hexRot_apply' depends on axioms: [propext, Classical.choice, Quot.sound]
2026-09-26T10:27:37.0797765Z info: OIBridge/HexLatticeGas.lean:1209:0: 'OIBridge.HexLatticeGas.hexRot_apply'' depends on axioms: [propext, Classical.choice, Quot.sound]
2026-09-26T10:27:37.0798163Z info: OIBridge/HexLatticeGas.lean:1210:0: 'OIBridge.HexLatticeGas.hexRot_site' depends on axioms: [propext, Classical.choice, Quot.sound]
2026-09-26T10:27:37.0798553Z info: OIBridge/HexLatticeGas.lean:1211:0: 'OIBridge.HexLatticeGas.hexGas_hexRot' depends on axioms: [propext, Classical.choice, Quot.sound]
2026-09-26T10:27:37.0798939Z info: OIBridge/HexLatticeGas.lean:1212:0: 'OIBridge.HexLatticeGas.hexSum_hexRot' depends on axioms: [propext, Classical.choice, Quot.sound]
2026-09-26T10:27:37.0799336Z info: OIBridge/HexLatticeGas.lean:1213:0: 'OIBridge.HexLatticeGas.hexRot_charges' depends on axioms: [propext, Classical.choice, Quot.sound]
2026-09-26T10:27:37.0799531Z ℹ [3477/3600] Replayed OIBridge.FactorUniqueness
2026-09-26T10:27:37.0800006Z info: OIBridge/FactorUniqueness.lean:258:0: 'OIBridge.FactorUniqueness.range_eq_of_comp_adjoint_eq' depends on axioms: [propext, Classical.choice, Quot.sound]
2026-09-26T10:27:37.0800641Z info: OIBridge/FactorUniqueness.lean:259:0: 'OIBridge.FactorUniqueness.surjective_adjoint_of_injective' depends on axioms: [propext, Classical.choice, Quot.sound]
2026-09-26T10:27:37.0801061Z info: OIBridge/FactorUniqueness.lean:260:0: 'OIBridge.FactorUniqueness.comp_factor' depends on axioms: [propext, Classical.choice, Quot.sound]
2026-09-26T10:27:37.0801476Z info: OIBridge/FactorUniqueness.lean:261:0: 'OIBridge.FactorUniqueness.factor_unique' depends on axioms: [propext, Classical.choice, Quot.sound]
2026-09-26T10:27:37.0801914Z info: OIBridge/FactorUniqueness.lean:262:0: 'OIBridge.FactorUniqueness.factor_comp_adjoint' depends on axioms: [propext, Classical.choice, Quot.sound]
2026-09-26T10:27:37.0802350Z info: OIBridge/FactorUniqueness.lean:263:0: 'OIBridge.FactorUniqueness.adjoint_comp_factor' depends on axioms: [propext, Classical.choice, Quot.sound]
2026-09-26T10:27:37.0802970Z info: OIBridge/FactorUniqueness.lean:264:0: 'OIBridge.FactorUniqueness.existsUnique_unitary_factor' depends on axioms: [propext, Classical.choice, Quot.sound]
2026-09-26T10:27:37.0803386Z info: OIBridge/FactorUniqueness.lean:265:0: 'OIBridge.FactorUniqueness.finrank_eq' depends on axioms: [propext, Classical.choice, Quot.sound]
2026-09-26T10:27:37.0803787Z info: OIBridge/FactorUniqueness.lean:266:0: 'OIBridge.FactorUniqueness.factor_not_unique_of_not_injective' depends on axioms: [propext,
2026-09-26T10:27:37.0803880Z  Classical.choice,
2026-09-26T10:27:37.0803963Z  Quot.sound]
2026-09-26T10:27:37.0804366Z info: OIBridge/FactorUniqueness.lean:267:0: 'OIBridge.FactorUniqueness.factor_not_injective_of_not_injective' depends on axioms: [propext,
2026-09-26T10:27:37.0804458Z  Classical.choice,
2026-09-26T10:27:37.0804541Z  Quot.sound]
2026-09-26T10:27:37.0804989Z info: OIBridge/FactorUniqueness.lean:268:0: 'OIBridge.FactorUniqueness.range_eq_insufficient' depends on axioms: [propext, Classical.choice, Quot.sound]
2026-09-26T10:27:37.0805169Z ℹ [3478/3600] Replayed OIBridge.IdempotentTrace
2026-09-26T10:27:37.0805623Z info: OIBridge/IdempotentTrace.lean:174:0: 'OIBridge.IdempotentTrace.apply_eq_self_of_mem_range' depends on axioms: [propext, Classical.choice, Quot.sound]
2026-09-26T10:27:37.0806162Z info: OIBridge/IdempotentTrace.lean:175:0: 'OIBridge.IdempotentTrace.mapsTo_range' depends on axioms: [propext, Classical.choice, Quot.sound]
2026-09-26T10:27:37.0806520Z info: OIBridge/IdempotentTrace.lean:176:0: 'OIBridge.IdempotentTrace.mapsTo_ker' depends on axioms: [propext, Quot.sound]
2026-09-26T10:27:37.0806954Z info: OIBridge/IdempotentTrace.lean:177:0: 'OIBridge.IdempotentTrace.isCompl_range_ker' depends on axioms: [propext, Classical.choice, Quot.sound]
2026-09-26T10:27:37.0807385Z info: OIBridge/IdempotentTrace.lean:178:0: 'OIBridge.IdempotentTrace.comp_eq_conj_prodMap' depends on axioms: [propext, Classical.choice, Quot.sound]
2026-09-26T10:27:37.0807822Z info: OIBridge/IdempotentTrace.lean:179:0: 'OIBridge.IdempotentTrace.trace_restrict_range' depends on axioms: [propext, Classical.choice, Quot.sound]
2026-09-26T10:27:37.0808292Z info: OIBridge/IdempotentTrace.lean:180:0: 'OIBridge.IdempotentTrace.trace_restrict_range_of_mapsTo' depends on axioms: [propext, Classical.choice, Quot.sound]
2026-09-26T10:27:37.0808731Z info: OIBridge/IdempotentTrace.lean:181:0: 'OIBridge.IdempotentTrace.trace_eq_finrank_range' depends on axioms: [propext, Classical.choice, Quot.sound]
2026-09-26T10:27:37.0808903Z ℹ [3481/3600] Replayed OIBridge.Irreducibility
2026-09-26T10:27:37.0809342Z info: OIBridge/Irreducibility.lean:175:0: 'OIBridge.Irreducibility.complementedLattice' depends on axioms: [propext, Classical.choice, Quot.sound]
2026-09-26T10:27:37.0809764Z info: OIBridge/Irreducibility.lean:176:0: 'OIBridge.Irreducibility.isCompl_toSubmodule' depends on axioms: [propext, Classical.choice, Quot.sound]
2026-09-26T10:27:37.0810181Z info: OIBridge/Irreducibility.lean:177:0: 'OIBridge.Irreducibility.projMap_equivariant' depends on axioms: [propext, Classical.choice, Quot.sound]
2026-09-26T10:27:37.0810618Z info: OIBridge/Irreducibility.lean:178:0: 'OIBridge.Irreducibility.one_ne_zero_intertwiners' depends on axioms: [propext, Classical.choice, Quot.sound]
2026-09-26T10:27:37.0811191Z info: OIBridge/Irreducibility.lean:179:0: 'OIBridge.Irreducibility.isIrreducible_of_finrank_intertwiners_eq_one' depends on axioms: [propext,
2026-09-26T10:27:37.0811283Z  Classical.choice,
2026-09-26T10:27:37.0811363Z  Quot.sound]
2026-09-26T10:27:37.0811529Z ℹ [3482/3600] Replayed OIBridge.KrausUniqueness
2026-09-26T10:27:37.0811944Z info: OIBridge/KrausUniqueness.lean:268:0: 'OIBridge.KrausUniqueness.adjoint_synth' depends on axioms: [propext, Classical.choice, Quot.sound]
2026-09-26T10:27:37.0812341Z info: OIBridge/KrausUniqueness.lean:269:0: 'OIBridge.KrausUniqueness.gram_entry' depends on axioms: [propext, Classical.choice, Quot.sound]
2026-09-26T10:27:37.0812880Z info: OIBridge/KrausUniqueness.lean:270:0: 'OIBridge.KrausUniqueness.krausMap_single' depends on axioms: [propext, Classical.choice, Quot.sound]
2026-09-26T10:27:37.0813345Z info: OIBridge/KrausUniqueness.lean:271:0: 'OIBridge.KrausUniqueness.synth_gram_eq_of_krausMap_eq' depends on axioms: [propext, Classical.choice, Quot.sound]
2026-09-26T10:27:37.0813752Z info: OIBridge/KrausUniqueness.lean:272:0: 'OIBridge.KrausUniqueness.synth_injective_of_linearIndependent' depends on axioms: [propext,
2026-09-26T10:27:37.0813842Z  Classical.choice,
2026-09-26T10:27:37.0813930Z  Quot.sound]
2026-09-26T10:27:37.0814346Z info: OIBridge/KrausUniqueness.lean:273:0: 'OIBridge.KrausUniqueness.kraus_uniqueness' depends on axioms: [propext, Classical.choice, Quot.sound]
2026-09-26T10:27:37.0814737Z info: OIBridge/KrausUniqueness.lean:274:0: 'OIBridge.KrausUniqueness.card_eq' depends on axioms: [propext, Classical.choice, Quot.sound]
2026-09-26T10:27:37.0815192Z info: OIBridge/KrausUniqueness.lean:275:0: 'OIBridge.KrausUniqueness.krausMatrix_eq_transpose' depends on axioms: [propext, Classical.choice, Quot.sound]
2026-09-26T10:27:37.0815610Z info: OIBridge/KrausUniqueness.lean:276:0: 'OIBridge.KrausUniqueness.kraus_relation' depends on axioms: [propext, Classical.choice, Quot.sound]
2026-09-26T10:27:37.0816202Z info: OIBridge/KrausUniqueness.lean:277:0: 'OIBridge.KrausUniqueness.krausMatrix_mul_conjTranspose' depends on axioms: [propext, Classical.choice, Quot.sound]
2026-09-26T10:27:37.0816628Z info: OIBridge/KrausUniqueness.lean:278:0: 'OIBridge.KrausUniqueness.proposition_9_7a' depends on axioms: [propext, Classical.choice, Quot.sound]
2026-09-26T10:27:37.0816824Z ℹ [3483/3600] Replayed OIBridge.StinespringUniqueness
2026-09-26T10:27:37.0817278Z info: OIBridge/StinespringUniqueness.lean:496:0: 'OIBridge.StinespringUniqueness.apply_eq'' depends on axioms: [propext, Classical.choice, Quot.sound]
2026-09-26T10:27:37.0817767Z info: OIBridge/StinespringUniqueness.lean:497:0: 'OIBridge.StinespringUniqueness.channel_eq_krausMap' depends on axioms: [propext, Classical.choice, Quot.sound]
2026-09-26T10:27:37.0818235Z info: OIBridge/StinespringUniqueness.lean:498:0: 'OIBridge.StinespringUniqueness.inner_ampl_eq' depends on axioms: [propext, Classical.choice, Quot.sound]
2026-09-26T10:27:37.0818714Z info: OIBridge/StinespringUniqueness.lean:499:0: 'OIBridge.StinespringUniqueness.orthogonal_iff' depends on axioms: [propext, Classical.choice, Quot.sound]
2026-09-26T10:27:37.0819147Z info: OIBridge/StinespringUniqueness.lean:500:0: 'OIBridge.StinespringUniqueness.minimal_iff_linearIndependent' depends on axioms: [propext,
2026-09-26T10:27:37.0819231Z  Classical.choice,
2026-09-26T10:27:37.0819316Z  Quot.sound]
2026-09-26T10:27:37.0819819Z info: OIBridge/StinespringUniqueness.lean:501:0: 'OIBridge.StinespringUniqueness.hiddenUnitary_matrix' depends on axioms: [propext, Classical.choice, Quot.sound]
2026-09-26T10:27:37.0820318Z info: OIBridge/StinespringUniqueness.lean:502:0: 'OIBridge.StinespringUniqueness.V2_eq_hiddenUnitary_V1' depends on axioms: [propext, Classical.choice, Quot.sound]
2026-09-26T10:27:37.0820815Z info: OIBridge/StinespringUniqueness.lean:503:0: 'OIBridge.StinespringUniqueness.hiddenUnitary_inner' depends on axioms: [propext, Classical.choice, Quot.sound]
2026-09-26T10:27:37.0821403Z info: OIBridge/StinespringUniqueness.lean:504:0: 'OIBridge.StinespringUniqueness.amplR_ext' depends on axioms: [propext, Classical.choice, Quot.sound]
2026-09-26T10:27:37.0821876Z info: OIBridge/StinespringUniqueness.lean:505:0: 'OIBridge.StinespringUniqueness.proposition_9_7b' depends on axioms: [propext, Classical.choice, Quot.sound]
2026-09-26T10:27:37.0822043Z ℹ [3484/3600] Replayed OIBridge.Separability
2026-09-26T10:27:37.0822429Z info: OIBridge/Separability.lean:402:0: 'OIBridge.Separability.mul_star_self' depends on axioms: [propext, Classical.choice, Quot.sound]
2026-09-26T10:27:37.0822822Z info: OIBridge/Separability.lean:403:0: 'OIBridge.Separability.qform_prodProj' depends on axioms: [propext, Classical.choice, Quot.sound]
2026-09-26T10:27:37.0823364Z info: OIBridge/Separability.lean:404:0: 'OIBridge.Separability.prodProj_posSemidefOn' depends on axioms: [propext, Classical.choice, Quot.sound]
2026-09-26T10:27:37.0823761Z info: OIBridge/Separability.lean:405:0: 'OIBridge.Separability.prodProj_smul' depends on axioms: [propext, Classical.choice, Quot.sound]
2026-09-26T10:27:37.0824178Z info: OIBridge/Separability.lean:406:0: 'OIBridge.Separability.separable_of_conic' depends on axioms: [propext, Classical.choice, Quot.sound]
2026-09-26T10:27:37.0824606Z info: OIBridge/Separability.lean:407:0: 'OIBridge.Separability.Separable.posSemidefOn' depends on axioms: [propext, Classical.choice, Quot.sound]
2026-09-26T10:27:37.0825019Z info: OIBridge/Separability.lean:408:0: 'OIBridge.Separability.ptranspose_prodProj' depends on axioms: [propext, Classical.choice, Quot.sound]
2026-09-26T10:27:37.0825420Z info: OIBridge/Separability.lean:409:0: 'OIBridge.Separability.separable_imp_ppt' depends on axioms: [propext, Classical.choice, Quot.sound]
2026-09-26T10:27:37.0825943Z info: OIBridge/Separability.lean:410:0: 'OIBridge.Separability.not_separable_of_neg' depends on axioms: [propext, Classical.choice, Quot.sound]
2026-09-26T10:27:37.0826352Z info: OIBridge/Separability.lean:411:0: 'OIBridge.Separability.not_eb_of_neg_witness' depends on axioms: [propext, Classical.choice, Quot.sound]
2026-09-26T10:27:37.0826764Z info: OIBridge/Separability.lean:412:0: 'OIBridge.Separability.separable_of_fintype' depends on axioms: [propext, Classical.choice, Quot.sound]
2026-09-26T10:27:37.0827136Z info: OIBridge/Separability.lean:413:0: 'OIBridge.Separability.choi_sum' depends on axioms: [propext, Classical.choice, Quot.sound]
2026-09-26T10:27:37.0827531Z info: OIBridge/Separability.lean:414:0: 'OIBridge.Separability.choi_conj_of_factor' depends on axioms: [propext, Classical.choice, Quot.sound]
2026-09-26T10:27:37.0827927Z info: OIBridge/Separability.lean:415:0: 'OIBridge.Separability.vecMulVec_eq_sum' depends on axioms: [propext, Classical.choice, Quot.sound]
2026-09-26T10:27:37.0828336Z info: OIBridge/Separability.lean:416:0: 'OIBridge.Separability.qform_ptranspose_choi' depends on axioms: [propext, Classical.choice, Quot.sound]
2026-09-26T10:27:37.0828734Z info: OIBridge/Separability.lean:417:0: 'OIBridge.Separability.not_eb_of_fixed_plane' depends on axioms: [propext, Classical.choice, Quot.sound]
2026-09-26T10:27:37.0828892Z ℹ [3485/3600] Replayed OIBridge.WeylTwirl
2026-09-26T10:27:37.0829233Z info: OIBridge/WeylTwirl.lean:651:0: 'OIBridge.WeylTwirl.W_mul' depends on axioms: [propext, Classical.choice, Quot.sound]
2026-09-26T10:27:37.0829611Z info: OIBridge/WeylTwirl.lean:652:0: 'OIBridge.WeylTwirl.W_conjTranspose' depends on axioms: [propext, Classical.choice, Quot.sound]
2026-09-26T10:27:37.0829953Z info: OIBridge/WeylTwirl.lean:653:0: 'OIBridge.WeylTwirl.W_conj' depends on axioms: [propext, Classical.choice, Quot.sound]
2026-09-26T10:27:37.0830310Z info: OIBridge/WeylTwirl.lean:654:0: 'OIBridge.WeylTwirl.W_commute_iff' depends on axioms: [propext, Classical.choice, Quot.sound]
2026-09-26T10:27:37.0830714Z info: OIBridge/WeylTwirl.lean:655:0: 'OIBridge.WeylTwirl.isotropic_iff_commute' depends on axioms: [propext, Classical.choice, Quot.sound]
2026-09-26T10:27:37.0831061Z info: OIBridge/WeylTwirl.lean:656:0: 'OIBridge.WeylTwirl.char_sum' depends on axioms: [propext, Classical.choice, Quot.sound]
2026-09-26T10:27:37.0831541Z info: OIBridge/WeylTwirl.lean:657:0: 'OIBridge.WeylTwirl.twirl_W' depends on axioms: [propext, Classical.choice, Quot.sound]
2026-09-26T10:27:37.0831888Z info: OIBridge/WeylTwirl.lean:658:0: 'OIBridge.WeylTwirl.twirl_add' depends on axioms: [propext, Classical.choice, Quot.sound]
2026-09-26T10:27:37.0832241Z info: OIBridge/WeylTwirl.lean:659:0: 'OIBridge.WeylTwirl.twirl_smul' depends on axioms: [propext, Classical.choice, Quot.sound]
2026-09-26T10:27:37.0832607Z info: OIBridge/WeylTwirl.lean:660:0: 'OIBridge.WeylTwirl.H_conjTranspose' depends on axioms: [propext, Classical.choice, Quot.sound]
2026-09-26T10:27:37.0832948Z info: OIBridge/WeylTwirl.lean:661:0: 'OIBridge.WeylTwirl.H_mul_self' depends on axioms: [propext, Classical.choice, Quot.sound]
2026-09-26T10:27:37.0833399Z info: OIBridge/WeylTwirl.lean:662:0: 'OIBridge.WeylTwirl.H_commute' depends on axioms: [propext, Classical.choice, Quot.sound]
2026-09-26T10:27:37.0833766Z info: OIBridge/WeylTwirl.lean:663:0: 'OIBridge.WeylTwirl.sum_chi_dotF' depends on axioms: [propext, Classical.choice, Quot.sound]
2026-09-26T10:27:37.0834112Z info: OIBridge/WeylTwirl.lean:664:0: 'OIBridge.WeylTwirl.trace_W' depends on axioms: [propext, Classical.choice, Quot.sound]
2026-09-26T10:27:37.0834490Z info: OIBridge/WeylTwirl.lean:665:0: 'OIBridge.WeylTwirl.card_mul_card_perp' depends on axioms: [propext, Classical.choice, Quot.sound]
2026-09-26T10:27:37.0834841Z info: OIBridge/WeylTwirl.lean:666:0: 'OIBridge.WeylTwirl.perp_perp' depends on axioms: [propext, Classical.choice, Quot.sound]
2026-09-26T10:27:37.0835218Z info: OIBridge/WeylTwirl.lean:667:0: 'OIBridge.WeylTwirl.card_le_of_isotropic' depends on axioms: [propext, Classical.choice, Quot.sound]
2026-09-26T10:27:37.0835594Z info: OIBridge/WeylTwirl.lean:668:0: 'OIBridge.WeylTwirl.perp_eq_self_of_card' depends on axioms: [propext, Classical.choice, Quot.sound]
2026-09-26T10:27:37.0836040Z info: OIBridge/WeylTwirl.lean:669:0: 'OIBridge.WeylTwirl.H_mul' depends on axioms: [propext, Classical.choice, Quot.sound]
2026-09-26T10:27:37.0836418Z info: OIBridge/WeylTwirl.lean:670:0: 'OIBridge.WeylTwirl.H_not_multiplicative' depends on axioms: [propext, Classical.choice, Quot.sound]
2026-09-26T10:27:37.0836573Z ℹ [3486/3600] Replayed OIBridge.WeylLift
2026-09-26T10:27:37.0836907Z info: OIBridge/WeylLift.lean:848:0: 'OIBridge.WeylLift.fac_mul' depends on axioms: [propext, Classical.choice, Quot.sound]
2026-09-26T10:27:37.0837241Z info: OIBridge/WeylLift.lean:849:0: 'OIBridge.WeylLift.lift_mul' depends on axioms: [propext, Classical.choice, Quot.sound]
2026-09-26T10:27:37.0837620Z info: OIBridge/WeylLift.lean:850:0: 'OIBridge.WeylLift.lift_conjTranspose' depends on axioms: [propext, Classical.choice, Quot.sound]
2026-09-26T10:27:37.0837984Z info: OIBridge/WeylLift.lean:851:0: 'OIBridge.WeylLift.lift_eq_smul_W' depends on axioms: [propext, Classical.choice, Quot.sound]
2026-09-26T10:27:37.0838396Z info: OIBridge/WeylLift.lean:852:0: 'OIBridge.WeylLift.P_conjTranspose' depends on axioms: [propext, Classical.choice, Quot.sound]
2026-09-26T10:27:37.0838736Z info: OIBridge/WeylLift.lean:853:0: 'OIBridge.WeylLift.P_mul_self' depends on axioms: [propext, Classical.choice, Quot.sound]
2026-09-26T10:27:37.0839066Z info: OIBridge/WeylLift.lean:854:0: 'OIBridge.WeylLift.P_mul_of_ne' depends on axioms: [propext, Classical.choice, Quot.sound]
2026-09-26T10:27:37.0839398Z info: OIBridge/WeylLift.lean:855:0: 'OIBridge.WeylLift.sum_P' depends on axioms: [propext, Classical.choice, Quot.sound]
2026-09-26T10:27:37.0839728Z info: OIBridge/WeylLift.lean:856:0: 'OIBridge.WeylLift.trace_P' depends on axioms: [propext, Classical.choice, Quot.sound]
2026-09-26T10:27:37.0840072Z info: OIBridge/WeylLift.lean:857:0: 'OIBridge.WeylLift.trace_P_eq_one' depends on axioms: [propext, Classical.choice, Quot.sound]
2026-09-26T10:27:37.0840417Z info: OIBridge/WeylLift.lean:858:0: 'OIBridge.WeylLift.lift_conj' depends on axioms: [propext, Classical.choice, Quot.sound]
2026-09-26T10:27:37.0840947Z info: OIBridge/WeylLift.lean:859:0: 'OIBridge.WeylLift.exists_lagrangian_tuple' depends on axioms: [propext, Classical.choice, Quot.sound]
2026-09-26T10:27:37.0841282Z info: OIBridge/WeylLift.lean:860:0: 'OIBridge.WeylLift.sum_P_conj' depends on axioms: [propext, Classical.choice, Quot.sound]
2026-09-26T10:27:37.0841650Z info: OIBridge/WeylLift.lean:861:0: 'OIBridge.WeylLift.sum_P_conj_eq_twirl' depends on axioms: [propext, Classical.choice, Quot.sound]
2026-09-26T10:27:37.0842084Z info: OIBridge/WeylLift.lean:862:0: 'OIBridge.WeylLift.exists_factor_of_finrank_range_eq_one' depends on axioms: [propext, Classical.choice, Quot.sound]
2026-09-26T10:27:37.0842443Z info: OIBridge/WeylLift.lean:863:0: 'OIBridge.WeylLift.finrank_range_P' depends on axioms: [propext, Classical.choice, Quot.sound]
2026-09-26T10:27:37.0842963Z info: OIBridge/WeylLift.lean:864:0: 'OIBridge.WeylLift.entanglementBreaking_twirl' depends on axioms: [propext, Classical.choice, Quot.sound]
2026-09-26T10:27:37.0843377Z info: OIBridge/WeylLift.lean:865:0: 'OIBridge.WeylLift.exists_minor_ne_of_idem_trace' depends on axioms: [propext, Classical.choice, Quot.sound]
2026-09-26T10:27:37.0843747Z info: OIBridge/WeylLift.lean:866:0: 'OIBridge.WeylLift.trace_P_nonmaximal' depends on axioms: [propext, Classical.choice, Quot.sound]
2026-09-26T10:27:37.0844104Z info: OIBridge/WeylLift.lean:867:0: 'OIBridge.WeylLift.twirl_fixes_plane' depends on axioms: [propext, Classical.choice, Quot.sound]
2026-09-26T10:27:37.0844520Z info: OIBridge/WeylLift.lean:868:0: 'OIBridge.WeylLift.not_entanglementBreaking_twirl' depends on axioms: [propext, Classical.choice, Quot.sound]
2026-09-26T10:27:37.0844925Z info: OIBridge/WeylLift.lean:869:0: 'OIBridge.WeylLift.entanglementBreaking_iff' depends on axioms: [propext, Classical.choice, Quot.sound]
2026-09-26T10:27:37.0845339Z info: OIBridge/WeylLift.lean:870:0: 'OIBridge.WeylLift.entanglementBreaking_iff_dim' depends on axioms: [propext, Classical.choice, Quot.sound]
2026-09-26T10:27:37.0845513Z ℹ [3487/3600] Replayed OIBridge.BoundaryRank
2026-09-26T10:27:37.0846055Z info: OIBridge/BoundaryRank.lean:388:0: 'OIBridge.BoundaryRank.eq_extend_mul_restrict' depends on axioms: [propext, Classical.choice, Quot.sound]
2026-09-26T10:27:37.0846486Z info: OIBridge/BoundaryRank.lean:389:0: 'OIBridge.BoundaryRank.rank_le_card_of_rowSupport' depends on axioms: [propext, Classical.choice, Quot.sound]
2026-09-26T10:27:37.0846867Z info: OIBridge/BoundaryRank.lean:390:0: 'OIBridge.BoundaryRank.rowsHV_card' depends on axioms: [propext, Classical.choice, Quot.sound]
2026-09-26T10:27:37.0847240Z info: OIBridge/BoundaryRank.lean:391:0: 'OIBridge.BoundaryRank.rowsVH_card' depends on axioms: [propext, Classical.choice, Quot.sound]
2026-09-26T10:27:37.0847631Z info: OIBridge/BoundaryRank.lean:392:0: 'OIBridge.BoundaryRank.rowSupport_MHV' depends on axioms: [propext, Classical.choice, Quot.sound]
2026-09-26T10:27:37.0848024Z info: OIBridge/BoundaryRank.lean:393:0: 'OIBridge.BoundaryRank.rowSupport_MVH' depends on axioms: [propext, Classical.choice, Quot.sound]
2026-09-26T10:27:37.0848398Z info: OIBridge/BoundaryRank.lean:394:0: 'OIBridge.BoundaryRank.rank_MHV_le' depends on axioms: [propext, Classical.choice, Quot.sound]
2026-09-26T10:27:37.0848758Z info: OIBridge/BoundaryRank.lean:395:0: 'OIBridge.BoundaryRank.rank_MVH_le' depends on axioms: [propext, Classical.choice, Quot.sound]
2026-09-26T10:27:37.0849167Z info: OIBridge/BoundaryRank.lean:396:0: 'OIBridge.BoundaryRank.lemma_1_boundary_bound' depends on axioms: [propext, Classical.choice, Quot.sound]
2026-09-26T10:27:37.0849591Z info: OIBridge/BoundaryRank.lean:397:0: 'OIBridge.BoundaryRank.rank_le_card_of_colSupport' depends on axioms: [propext, Classical.choice, Quot.sound]
2026-09-26T10:27:37.0849970Z info: OIBridge/BoundaryRank.lean:398:0: 'OIBridge.BoundaryRank.colSupport_MHV' depends on axioms: [propext, Classical.choice, Quot.sound]
2026-09-26T10:27:37.0850360Z info: OIBridge/BoundaryRank.lean:399:0: 'OIBridge.BoundaryRank.colSupport_MVH' depends on axioms: [propext, Classical.choice, Quot.sound]
2026-09-26T10:27:37.0850879Z info: OIBridge/BoundaryRank.lean:400:0: 'OIBridge.BoundaryRank.rank_MHV_le_inner' depends on axioms: [propext, Classical.choice, Quot.sound]
2026-09-26T10:27:37.0851264Z info: OIBridge/BoundaryRank.lean:401:0: 'OIBridge.BoundaryRank.rank_MVH_le_outer' depends on axioms: [propext, Classical.choice, Quot.sound]
2026-09-26T10:27:37.0851652Z info: OIBridge/BoundaryRank.lean:402:0: 'OIBridge.BoundaryRank.lemma_1_sharpened' depends on axioms: [propext, Classical.choice, Quot.sound]
2026-09-26T10:27:37.0851817Z ℹ [3488/3600] Replayed OIBridge.Reciprocity
2026-09-26T10:27:37.0852118Z info: OIBridge/Reciprocity.lean:149:0: 'OIBridge.Reciprocity.Tm_involutive' depends on axioms: [propext]
2026-09-26T10:27:37.0852414Z info: OIBridge/Reciprocity.lean:150:0: 'OIBridge.Reciprocity.key' depends on axioms: [propext, Quot.sound]
2026-09-26T10:27:37.0852926Z info: OIBridge/Reciprocity.lean:151:0: 'OIBridge.Reciprocity.count_reciprocity' depends on axioms: [propext, Classical.choice, Quot.sound]
2026-09-26T10:27:37.0853297Z info: OIBridge/Reciprocity.lean:152:0: 'OIBridge.Reciprocity.hT_pow' depends on axioms: [propext, Classical.choice, Quot.sound]
2026-09-26T10:27:37.0853669Z info: OIBridge/Reciprocity.lean:153:0: 'OIBridge.Reciprocity.theorem_19' depends on axioms: [propext, Classical.choice, Quot.sound]
2026-09-26T10:27:37.0854057Z info: OIBridge/Reciprocity.lean:154:0: 'OIBridge.Reciprocity.detailed_balance' depends on axioms: [propext, Classical.choice, Quot.sound]
2026-09-26T10:27:37.0854227Z ℹ [3489/3600] Replayed OIBridge.GaugeDimension
2026-09-26T10:27:37.0854652Z info: OIBridge/GaugeDimension.lean:91:0: 'OIBridge.GaugeDimension.coupling_dim_general' depends on axioms: [propext, Classical.choice, Quot.sound]
2026-09-26T10:27:37.0855048Z info: OIBridge/GaugeDimension.lean:92:0: 'OIBridge.GaugeDimension.theorem_16' depends on axioms: [propext, Classical.choice, Quot.sound]
2026-09-26T10:27:37.0855427Z info: OIBridge/GaugeDimension.lean:93:0: 'OIBridge.GaugeDimension.off_by_one' depends on axioms: [propext, Classical.choice, Quot.sound]
2026-09-26T10:27:37.0855957Z info: OIBridge/GaugeDimension.lean:94:0: 'OIBridge.GaugeDimension.off_by_one_never_agrees' depends on axioms: [propext, Classical.choice, Quot.sound]
2026-09-26T10:27:37.0856390Z info: OIBridge/GaugeDimension.lean:95:0: 'OIBridge.GaugeDimension.dimensionless_at_three' depends on axioms: [propext, Classical.choice, Quot.sound]
2026-09-26T10:27:37.0856830Z info: OIBridge/GaugeDimension.lean:96:0: 'OIBridge.GaugeDimension.not_dimensionless_at_four' depends on axioms: [propext, Classical.choice, Quot.sound]
2026-09-26T10:27:37.0856988Z ℹ [3490/3600] Replayed OIBridge.PiccardBridge
2026-09-26T10:27:37.0857399Z info: OIBridge/PiccardBridge.lean:162:0: 'OIBridge.HomometricSix.piccard_mu_bridge' depends on axioms: [propext, Classical.choice, Quot.sound]
2026-09-26T10:27:37.0857821Z info: OIBridge/PiccardBridge.lean:163:0: 'OIBridge.HomometricSix.piccard_realizes_mu' depends on axioms: [propext, Classical.choice, Quot.sound]
2026-09-26T10:27:37.0858154Z info: OIBridge/PiccardBridge.lean:164:0: 'OIBridge.HomometricSix.piccardX_at_printed' depends on axioms: [propext]
2026-09-26T10:27:37.0858474Z info: OIBridge/PiccardBridge.lean:165:0: 'OIBridge.HomometricSix.piccardY_at_printed' depends on axioms: [propext]
2026-09-26T10:27:37.0858833Z info: OIBridge/PiccardBridge.lean:166:0: 'OIBridge.HomometricSix.piccard_factor_r' depends on axioms: [propext, Quot.sound]
2026-09-26T10:27:37.0859173Z info: OIBridge/PiccardBridge.lean:167:0: 'OIBridge.HomometricSix.piccard_factor_s' depends on axioms: [propext, Quot.sound]
2026-09-26T10:27:37.0859684Z info: OIBridge/PiccardBridge.lean:168:0: 'OIBridge.HomometricSix.piccardX_marks' depends on axioms: [propext, Classical.choice, Quot.sound]
2026-09-26T10:27:37.0860282Z info: OIBridge/PiccardBridge.lean:169:0: 'OIBridge.HomometricSix.piccardY_marks' depends on axioms: [propext, Classical.choice, Quot.sound]
2026-09-26T10:27:37.0860538Z ℹ [3491/3600] Replayed OIBridge.LinkDecomposition
2026-09-26T10:27:37.0861397Z info: OIBridge/LinkDecomposition.lean:576:0: 'OIBridge.LinkDecomposition.trace_permOp' depends on axioms: [propext, Classical.choice, Quot.sound]
2026-09-26T10:27:37.0862089Z info: OIBridge/LinkDecomposition.lean:577:0: 'OIBridge.LinkDecomposition.permOp_mul' depends on axioms: [propext, Classical.choice, Quot.sound]
2026-09-26T10:27:37.0862718Z info: OIBridge/LinkDecomposition.lean:578:0: 'OIBridge.LinkDecomposition.PT_idem' depends on axioms: [propext, Classical.choice, Quot.sound]
2026-09-26T10:27:37.0863370Z info: OIBridge/LinkDecomposition.lean:579:0: 'OIBridge.LinkDecomposition.PE_idem' depends on axioms: [propext, Classical.choice, Quot.sound]
2026-09-26T10:27:37.0864029Z info: OIBridge/LinkDecomposition.lean:580:0: 'OIBridge.LinkDecomposition.sum_proj' depends on axioms: [propext, Classical.choice, Quot.sound]
2026-09-26T10:27:37.0864874Z info: OIBridge/LinkDecomposition.lean:581:0: 'OIBridge.LinkDecomposition.finrank_PT' depends on axioms: [propext, Classical.choice, Quot.sound]
2026-09-26T10:27:37.0865578Z info: OIBridge/LinkDecomposition.lean:582:0: 'OIBridge.LinkDecomposition.finrank_PE' depends on axioms: [propext, Classical.choice, Quot.sound]
2026-09-26T10:27:37.0866367Z info: OIBridge/LinkDecomposition.lean:583:0: 'OIBridge.LinkDecomposition.finrank_PA' depends on axioms: [propext, Classical.choice, Quot.sound]
2026-09-26T10:27:37.0866808Z info: OIBridge/LinkDecomposition.lean:584:0: 'OIBridge.LinkDecomposition.permOp_comp_PT' depends on axioms: [propext, Classical.choice, Quot.sound]
2026-09-26T10:27:37.0867240Z info: OIBridge/LinkDecomposition.lean:585:0: 'OIBridge.LinkDecomposition.permOp_comp_C_eq' depends on axioms: [propext, Classical.choice, Quot.sound]
2026-09-26T10:27:37.0867652Z info: OIBridge/LinkDecomposition.lean:586:0: 'OIBridge.LinkDecomposition.charOn_PA' depends on axioms: [propext, Classical.choice, Quot.sound]
2026-09-26T10:27:37.0868069Z info: OIBridge/LinkDecomposition.lean:587:0: 'OIBridge.LinkDecomposition.charOn_PT' depends on axioms: [propext, Classical.choice, Quot.sound]
2026-09-26T10:27:37.0868482Z info: OIBridge/LinkDecomposition.lean:588:0: 'OIBridge.LinkDecomposition.charOn_sum' depends on axioms: [propext, Classical.choice, Quot.sound]
2026-09-26T10:27:37.0868897Z info: OIBridge/LinkDecomposition.lean:589:0: 'OIBridge.LinkDecomposition.char_c4_odd' depends on axioms: [propext, Classical.choice, Quot.sound]
2026-09-26T10:27:37.0869301Z info: OIBridge/LinkDecomposition.lean:590:0: 'OIBridge.LinkDecomposition.char_c4_E' depends on axioms: [propext, Classical.choice, Quot.sound]
2026-09-26T10:27:37.0869720Z info: OIBridge/LinkDecomposition.lean:591:0: 'OIBridge.LinkDecomposition.theorem_7' depends on axioms: [propext, Classical.choice, Quot.sound]
2026-09-26T10:27:37.0870157Z info: OIBridge/LinkDecomposition.lean:592:0: 'OIBridge.LinkDecomposition.hlink_transport' depends on axioms: [propext, Classical.choice, Quot.sound]
2026-09-26T10:27:37.0870344Z ℹ [3492/3600] Replayed OIBridge.QuarterTurn
2026-09-26T10:27:37.0870709Z info: OIBridge/QuarterTurn.lean:686:0: 'OIBridge.QuarterTurn.card_QT' depends on axioms: [propext, Classical.choice, Quot.sound]
2026-09-26T10:27:37.0871068Z info: OIBridge/QuarterTurn.lean:687:0: 'OIBridge.QuarterTurn.conjHom' depends on axioms: [propext, Classical.choice, Quot.sound]
2026-09-26T10:27:37.0871463Z info: OIBridge/QuarterTurn.lean:688:0: 'OIBridge.QuarterTurn.qtEquivLink_inv' depends on axioms: [propext, Classical.choice, Quot.sound]
2026-09-26T10:27:37.0871835Z info: OIBridge/QuarterTurn.lean:689:0: 'OIBridge.QuarterTurn.sym_linkAct' depends on axioms: [propext, Classical.choice, Quot.sound]
2026-09-26T10:27:37.0872232Z info: OIBridge/QuarterTurn.lean:690:0: 'OIBridge.QuarterTurn.linkAct_injective' depends on axioms: [propext, Classical.choice, Quot.sound]
2026-09-26T10:27:37.0872614Z info: OIBridge/QuarterTurn.lean:691:0: 'OIBridge.QuarterTurn.detLink_eq_det' depends on axioms: [propext, Classical.choice, Quot.sound]
2026-09-26T10:27:37.0872976Z info: OIBridge/QuarterTurn.lean:692:0: 'OIBridge.QuarterTurn.card_sym' depends on axioms: [propext, Classical.choice, Quot.sound]
2026-09-26T10:27:37.0873487Z info: OIBridge/QuarterTurn.lean:693:0: 'OIBridge.QuarterTurn.card_rot' depends on axioms: [propext, Classical.choice, Quot.sound]
2026-09-26T10:27:37.0873843Z info: OIBridge/QuarterTurn.lean:694:0: 'OIBridge.QuarterTurn.antiPerm_not_isRot' depends on axioms: [propext, Quot.sound]
2026-09-26T10:27:37.0874201Z info: OIBridge/QuarterTurn.lean:695:0: 'OIBridge.QuarterTurn.isRot_iff' depends on axioms: [propext, Classical.choice, Quot.sound]
2026-09-26T10:27:37.0874584Z info: OIBridge/QuarterTurn.lean:696:0: 'OIBridge.QuarterTurn.character_gate' depends on axioms: [propext, Classical.choice, Quot.sound]
2026-09-26T10:27:37.0874976Z info: OIBridge/QuarterTurn.lean:697:0: 'OIBridge.QuarterTurn.character_values' depends on axioms: [propext, Classical.choice, Quot.sound]
2026-09-26T10:27:37.0875498Z info: OIBridge/QuarterTurn.lean:698:0: 'OIBridge.QuarterTurn.character_rhoLinkQT' depends on axioms: [propext, Classical.choice, Quot.sound]
2026-09-26T10:27:37.0876030Z info: OIBridge/QuarterTurn.lean:699:0: 'OIBridge.QuarterTurn.character_rhoT_eq' depends on axioms: [propext, Classical.choice, Quot.sound]
2026-09-26T10:27:37.0876417Z info: OIBridge/QuarterTurn.lean:700:0: 'OIBridge.QuarterTurn.character_rhoE_eq' depends on axioms: [propext, Classical.choice, Quot.sound]
2026-09-26T10:27:37.0876798Z info: OIBridge/QuarterTurn.lean:701:0: 'OIBridge.QuarterTurn.character_rhoA_eq' depends on axioms: [propext, Classical.choice, Quot.sound]
2026-09-26T10:27:37.0877177Z info: OIBridge/QuarterTurn.lean:702:0: 'OIBridge.QuarterTurn.irr_orthonormal' depends on axioms: [propext, Classical.choice, Quot.sound]
2026-09-26T10:27:37.0877539Z info: OIBridge/QuarterTurn.lean:703:0: 'OIBridge.QuarterTurn.mult_link' depends on axioms: [propext, Classical.choice, Quot.sound]
2026-09-26T10:27:37.0877925Z info: OIBridge/QuarterTurn.lean:704:0: 'OIBridge.QuarterTurn.finrank_end_rhoT' depends on axioms: [propext, Classical.choice, Quot.sound]
2026-09-26T10:27:37.0878302Z info: OIBridge/QuarterTurn.lean:705:0: 'OIBridge.QuarterTurn.finrank_end_rhoE' depends on axioms: [propext, Classical.choice, Quot.sound]
2026-09-26T10:27:37.0878689Z info: OIBridge/QuarterTurn.lean:706:0: 'OIBridge.QuarterTurn.irreducible_rhoT' depends on axioms: [propext, Classical.choice, Quot.sound]
2026-09-26T10:27:37.0879071Z info: OIBridge/QuarterTurn.lean:707:0: 'OIBridge.QuarterTurn.irreducible_rhoE' depends on axioms: [propext, Classical.choice, Quot.sound]
2026-09-26T10:27:37.0879447Z info: OIBridge/QuarterTurn.lean:708:0: 'OIBridge.QuarterTurn.irreducible_rhoA' depends on axioms: [propext, Classical.choice, Quot.sound]
2026-09-26T10:27:37.0879866Z info: OIBridge/QuarterTurn.lean:709:0: 'OIBridge.QuarterTurn.decompEquiv_equivariant' depends on axioms: [propext, Classical.choice, Quot.sound]
2026-09-26T10:27:37.0880221Z info: OIBridge/QuarterTurn.lean:710:0: 'OIBridge.QuarterTurn.chiT_c4' depends on axioms: [propext, Classical.choice, Quot.sound]
2026-09-26T10:27:37.0880611Z info: OIBridge/QuarterTurn.lean:711:0: 'OIBridge.QuarterTurn.finrank_end_rhoA' depends on axioms: [propext, Classical.choice, Quot.sound]
2026-09-26T10:27:37.0880998Z info: OIBridge/QuarterTurn.lean:712:0: 'OIBridge.QuarterTurn.theorem_7_link' depends on axioms: [propext, Classical.choice, Quot.sound]
2026-09-26T10:27:37.0881175Z ℹ [3493/3600] Replayed OIBridge.TasteBranching
2026-09-26T10:27:37.0881568Z info: OIBridge/TasteBranching.lean:244:0: 'OIBridge.TasteBranching.axisAct_mul' depends on axioms: [propext, Classical.choice, Quot.sound]
2026-09-26T10:27:37.0881977Z info: OIBridge/TasteBranching.lean:245:0: 'OIBridge.TasteBranching.cornerAct_mate' depends on axioms: [propext, Classical.choice, Quot.sound]
2026-09-26T10:27:37.0882380Z info: OIBridge/TasteBranching.lean:246:0: 'OIBridge.TasteBranching.singlet_fixed' depends on axioms: [propext, Classical.choice, Quot.sound]
2026-09-26T10:27:37.0882817Z info: OIBridge/TasteBranching.lean:247:0: 'OIBridge.TasteBranching.cornerAct_axisCorner' depends on axioms: [propext, Classical.choice, Quot.sound]
2026-09-26T10:27:37.0883399Z info: OIBridge/TasteBranching.lean:248:0: 'OIBridge.TasteBranching.axis_transitive' depends on axioms: [propext, Classical.choice, Quot.sound]
2026-09-26T10:27:37.0883821Z info: OIBridge/TasteBranching.lean:249:0: 'OIBridge.TasteBranching.corners_exhausted' depends on axioms: [propext, Classical.choice, Quot.sound]
2026-09-26T10:27:37.0884252Z info: OIBridge/TasteBranching.lean:250:0: 'OIBridge.TasteBranching.axisRep_fixes_allOnes' depends on axioms: [propext, Classical.choice, Quot.sound]
2026-09-26T10:27:37.0884673Z info: OIBridge/TasteBranching.lean:251:0: 'OIBridge.TasteBranching.axis_rep_reducible' depends on axioms: [propext, Classical.choice, Quot.sound]
2026-09-26T10:27:37.0885067Z info: OIBridge/TasteBranching.lean:252:0: 'OIBridge.TasteBranching.theorem_8' depends on axioms: [propext, Classical.choice, Quot.sound]
2026-09-26T10:27:37.0885378Z ℹ [3494/3600] Replayed OIBridge.TurnpikeScopeTransfer
2026-09-26T10:27:37.0885938Z info: OIBridge/TurnpikeScopeTransfer.lean:847:0: 'OIBridge.ScopeTransfer.rational_point' depends on axioms: [propext, Classical.choice, Quot.sound]
2026-09-26T10:27:37.0886403Z info: OIBridge/TurnpikeScopeTransfer.lean:848:0: 'OIBridge.ScopeTransfer.rational_solutions' depends on axioms: [propext, Classical.choice, Quot.sound]
2026-09-26T10:27:37.0886843Z info: OIBridge/TurnpikeScopeTransfer.lean:849:0: 'OIBridge.ScopeTransfer.exists_int_scaling' depends on axioms: [propext, Classical.choice, Quot.sound]
2026-09-26T10:27:37.0887266Z info: OIBridge/TurnpikeScopeTransfer.lean:850:0: 'OIBridge.ScopeTransfer.integer_realization_of_real_realization' depends on axioms: [propext,
2026-09-26T10:27:37.0887360Z  Classical.choice,
2026-09-26T10:27:37.0887448Z  Quot.sound]
2026-09-26T10:27:37.0887937Z info: OIBridge/TurnpikeScopeTransfer.lean:851:0: 'OIBridge.ScopeTransfer.spectral_classification_of_BG' depends on axioms: [propext, Classical.choice, Quot.sound]
2026-09-26T10:27:37.0888428Z info: OIBridge/TurnpikeScopeTransfer.lean:852:0: 'OIBridge.ScopeTransfer.gaps_eq_of_equal_probabilities' depends on axioms: [propext, Classical.choice, Quot.sound]
2026-09-26T10:27:37.0888916Z info: OIBridge/TurnpikeScopeTransfer.lean:853:0: 'OIBridge.ScopeTransfer.twoBranch_of_BGClassification' depends on axioms: [propext, Classical.choice, Quot.sound]
2026-09-26T10:27:37.0889077Z ℹ [3495/3600] Replayed OIBridge.TwoByTwoNoGo
2026-09-26T10:27:37.0889515Z info: OIBridge/TwoByTwoNoGo.lean:800:0: 'OIBridge.TwoByTwoNoGo.twoByTwo_affine_rigidity' depends on axioms: [propext, Classical.choice, Quot.sound]
2026-09-26T10:27:37.0889916Z info: OIBridge/TwoByTwoNoGo.lean:801:0: 'OIBridge.TwoByTwoNoGo.twoByTwo_nonCP' depends on axioms: [propext, Classical.choice, Quot.sound]
2026-09-26T10:27:37.0890333Z info: OIBridge/TwoByTwoNoGo.lean:802:0: 'OIBridge.TwoByTwoNoGo.twoByTwo_no_local_lift' depends on axioms: [propext, Classical.choice, Quot.sound]
2026-09-26T10:27:37.0890528Z ℹ [3496/3600] Replayed OIBridge.JordanClassification
2026-09-26T10:27:37.0891024Z info: OIBridge/JordanClassification.lean:1134:0: 'OIBridge.JordanClassification.psd_iff_trace_nonneg' depends on axioms: [propext, Classical.choice, Quot.sound]
2026-09-26T10:27:37.0891499Z info: OIBridge/JordanClassification.lean:1135:0: 'OIBridge.JordanClassification.jordan_complexify' depends on axioms: [propext, Classical.choice, Quot.sound]
2026-09-26T10:27:37.0891936Z info: OIBridge/JordanClassification.lean:1136:0: 'OIBridge.JordanClassification.orthogonal_resolution_rank_one' depends on axioms: [propext,
2026-09-26T10:27:37.0892028Z  Classical.choice,
2026-09-26T10:27:37.0892109Z  Quot.sound]
2026-09-26T10:27:37.0892564Z info: OIBridge/JordanClassification.lean:1137:0: 'OIBridge.JordanClassification.corner_form' depends on axioms: [propext, Classical.choice, Quot.sound]
2026-09-26T10:27:37.0893040Z info: OIBridge/JordanClassification.lean:1138:0: 'OIBridge.JordanClassification.corner_nilpotent' depends on axioms: [propext, Classical.choice, Quot.sound]
2026-09-26T10:27:37.0893502Z info: OIBridge/JordanClassification.lean:1139:0: 'OIBridge.JordanClassification.corner_unimodular' depends on axioms: [propext, Classical.choice, Quot.sound]
2026-09-26T10:27:37.0894095Z info: OIBridge/JordanClassification.lean:1140:0: 'OIBridge.JordanClassification.corner_cocycle' depends on axioms: [propext, Classical.choice, Quot.sound]
2026-09-26T10:27:37.0894590Z info: OIBridge/JordanClassification.lean:1141:0: 'OIBridge.JordanClassification.orientation_dichotomy' depends on axioms: [propext, Classical.choice, Quot.sound]
2026-09-26T10:27:37.0895027Z info: OIBridge/JordanClassification.lean:1142:0: 'OIBridge.JordanClassification.matrixJordan_unitary_or_transpose' depends on axioms: [propext,
2026-09-26T10:27:37.0895118Z  Classical.choice,
2026-09-26T10:27:37.0895241Z  Quot.sound]
2026-09-26T10:27:37.0895914Z info: OIBridge/JordanClassification.lean:1143:0: 'OIBridge.JordanClassification.sameData_orderIso' depends on axioms: [propext, Classical.choice, Quot.sound]
2026-09-26T10:27:37.0896446Z info: OIBridge/JordanClassification.lean:1144:0: 'OIBridge.JordanClassification.sameData_unitary_or_transpose' depends on axioms: [propext, Classical.choice, Quot.sound]
2026-09-26T10:27:37.0896637Z ℹ [3497/3600] Replayed OIBridge.OrientationSelection
2026-09-26T10:27:37.0897106Z info: OIBridge/OrientationSelection.lean:403:0: 'OIBridge.OrientationSelection.transpose_data_eq' depends on axioms: [propext, Classical.choice, Quot.sound]
2026-09-26T10:27:37.0897537Z info: OIBridge/OrientationSelection.lean:404:0: 'OIBridge.OrientationSelection.selector_factorization_invariant' does not depend on any axioms
2026-09-26T10:27:37.0898055Z info: OIBridge/OrientationSelection.lean:405:0: 'OIBridge.OrientationSelection.operational_orientation_noGo' depends on axioms: [propext, Classical.choice, Quot.sound]
2026-09-26T10:27:37.0898518Z info: OIBridge/OrientationSelection.lean:406:0: 'OIBridge.OrientationSelection.transpose_span' depends on axioms: [propext, Classical.choice, Quot.sound]
2026-09-26T10:27:37.0898973Z info: OIBridge/OrientationSelection.lean:407:0: 'OIBridge.OrientationSelection.transpose_sep' depends on axioms: [propext, Classical.choice, Quot.sound]
2026-09-26T10:27:37.0899432Z info: OIBridge/OrientationSelection.lean:408:0: 'OIBridge.OrientationSelection.transpose_cone' depends on axioms: [propext, Classical.choice, Quot.sound]
2026-09-26T10:27:37.0899850Z info: OIBridge/OrientationSelection.lean:409:0: 'OIBridge.OrientationSelection.transpose_completion_admissible' depends on axioms: [propext,
2026-09-26T10:27:37.0899942Z  Classical.choice,
2026-09-26T10:27:37.0900028Z  Quot.sound]
2026-09-26T10:27:37.0900446Z info: OIBridge/OrientationSelection.lean:410:0: 'OIBridge.OrientationSelection.transpose_realizes_second_branch' depends on axioms: [propext,
2026-09-26T10:27:37.0900534Z  Classical.choice,
2026-09-26T10:27:37.0900617Z  Quot.sound]
2026-09-26T10:27:37.0901090Z info: OIBridge/OrientationSelection.lean:411:0: 'OIBridge.OrientationSelection.transpose_not_inner' depends on axioms: [propext, Classical.choice, Quot.sound]
2026-09-26T10:27:37.0901549Z info: OIBridge/OrientationSelection.lean:412:0: 'OIBridge.OrientationSelection.orientedReference_excludes_transpose' depends on axioms: [propext,
2026-09-26T10:27:37.0901639Z  Classical.choice,
2026-09-26T10:27:37.0901719Z  Quot.sound]
2026-09-26T10:27:37.0902168Z info: OIBridge/OrientationSelection.lean:413:0: 'OIBridge.OrientationSelection.oriented_functional_not_data_definable' depends on axioms: [propext,
2026-09-26T10:27:37.0902256Z  Classical.choice,
2026-09-26T10:27:37.0902336Z  Quot.sound]
2026-09-26T10:27:37.0902778Z info: OIBridge/OrientationSelection.lean:414:0: 'OIBridge.OrientationSelection.sameData_unitary_of_orientedReference' depends on axioms: [propext,
2026-09-26T10:27:37.0902865Z  Classical.choice,
2026-09-26T10:27:37.0902945Z  Quot.sound]
2026-09-26T10:27:37.0903402Z info: OIBridge/OrientationSelection.lean:415:0: 'OIBridge.OrientationSelection.shellRepresentation_stationary_profile' depends on axioms: [propext,
2026-09-26T10:27:37.0903492Z  Classical.choice,
2026-09-26T10:27:37.0903717Z  Quot.sound]
2026-09-26T10:27:37.0904197Z info: OIBridge/OrientationSelection.lean:416:0: 'OIBridge.OrientationSelection.sameData_unitary_of_transitionIdentification' depends on axioms: [propext,
2026-09-26T10:27:37.0904283Z  Classical.choice,
2026-09-26T10:27:37.0904369Z  Quot.sound]
2026-09-26T10:27:37.0904823Z info: OIBridge/OrientationSelection.lean:417:0: 'OIBridge.OrientationSelection.sameData_unitary_of_shellRepresentation' depends on axioms: [propext,
2026-09-26T10:27:37.0904908Z  Classical.choice,
2026-09-26T10:27:37.0904994Z  Quot.sound]
2026-09-26T10:27:37.0905185Z ℹ [3498/3600] Replayed OIBridge.OrientationClosure
2026-09-26T10:27:37.0905620Z info: OIBridge/OrientationClosure.lean:290:0: 'OIBridge.OrientationClosure.conjM_conjM' depends on axioms: [propext, Classical.choice, Quot.sound]
2026-09-26T10:27:37.0906333Z info: OIBridge/OrientationClosure.lean:291:0: 'OIBridge.OrientationClosure.conjM_sandwich_transpose' depends on axioms: [propext, Classical.choice, Quot.sound]
2026-09-26T10:27:37.0906795Z info: OIBridge/OrientationClosure.lean:292:0: 'OIBridge.OrientationClosure.umat_reflect_conjM' depends on axioms: [propext, Classical.choice, Quot.sound]
2026-09-26T10:27:37.0907236Z info: OIBridge/OrientationClosure.lean:293:0: 'OIBridge.OrientationClosure.shellRepresentation_transpose_stable' depends on axioms: [propext,
2026-09-26T10:27:37.0907325Z  Classical.choice,
2026-09-26T10:27:37.0907411Z  Quot.sound]
2026-09-26T10:27:37.0907885Z info: OIBridge/OrientationClosure.lean:294:0: 'OIBridge.OrientationClosure.transitionIdentification_orientation_sensitive' depends on axioms: [propext,
2026-09-26T10:27:37.0907975Z  Classical.choice,
2026-09-26T10:27:37.0908060Z  Quot.sound]
2026-09-26T10:27:37.0908508Z info: OIBridge/OrientationClosure.lean:295:0: 'OIBridge.OrientationClosure.stationary_readout' depends on axioms: [propext, Classical.choice, Quot.sound]
2026-09-26T10:27:37.0909002Z info: OIBridge/OrientationClosure.lean:296:0: 'OIBridge.OrientationClosure.orientedShellRepresentation_orientation_sensitive' depends on axioms: [propext,
2026-09-26T10:27:37.0909098Z  Classical.choice,
2026-09-26T10:27:37.0909185Z  Quot.sound]
2026-09-26T10:27:37.0909596Z info: OIBridge/OrientationClosure.lean:297:0: 'OIBridge.OrientationClosure.no_universal_oriented_property' does not depend on any axioms
2026-09-26T10:27:37.0910086Z info: OIBridge/OrientationClosure.lean:298:0: 'OIBridge.OrientationClosure.no_symmetric_condition_forces_transitionIdentification' depends on axioms: [propext,
2026-09-26T10:27:37.0910172Z  Classical.choice,
2026-09-26T10:27:37.0910257Z  Quot.sound]
2026-09-26T10:27:37.0910694Z info: OIBridge/OrientationClosure.lean:299:0: 'OIBridge.OrientationClosure.no_symmetric_condition_forces_orientedShell' depends on axioms: [propext,
2026-09-26T10:27:37.0910783Z  Classical.choice,
2026-09-26T10:27:37.0910867Z  Quot.sound]
2026-09-26T10:27:37.0911055Z ℹ [3499/3600] Replayed OIBridge.InstrumentCompletion
2026-09-26T10:27:37.0911513Z info: OIBridge/InstrumentCompletion.lean:604:0: 'OIBridge.InstrumentCompletion.qBranch_add' depends on axioms: [propext, Classical.choice, Quot.sound]
2026-09-26T10:27:37.0911969Z info: OIBridge/InstrumentCompletion.lean:605:0: 'OIBridge.InstrumentCompletion.qBranch_smul' depends on axioms: [propext, Classical.choice, Quot.sound]
2026-09-26T10:27:37.0912408Z info: OIBridge/InstrumentCompletion.lean:606:0: 'OIBridge.InstrumentCompletion.qBranch_zero' depends on axioms: [propext, Classical.choice, Quot.sound]
2026-09-26T10:27:37.0912886Z info: OIBridge/InstrumentCompletion.lean:607:0: 'OIBridge.InstrumentCompletion.qBranch_star_mul_self' depends on axioms: [propext, Classical.choice, Quot.sound]
2026-09-26T10:27:37.0913325Z info: OIBridge/InstrumentCompletion.lean:608:0: 'OIBridge.InstrumentCompletion.sum_qBranch' depends on axioms: [propext, Classical.choice, Quot.sound]
2026-09-26T10:27:37.0913789Z info: OIBridge/InstrumentCompletion.lean:609:0: 'OIBridge.InstrumentCompletion.qBranch_sum_one' depends on axioms: [propext, Classical.choice, Quot.sound]
2026-09-26T10:27:37.0914352Z info: OIBridge/InstrumentCompletion.lean:610:0: 'OIBridge.InstrumentCompletion.qTotal_one' depends on axioms: [propext, Classical.choice, Quot.sound]
2026-09-26T10:27:37.0914832Z info: OIBridge/InstrumentCompletion.lean:611:0: 'OIBridge.InstrumentCompletion.qInstrument_of_kraus' depends on axioms: [propext, Classical.choice, Quot.sound]
2026-09-26T10:27:37.0915319Z info: OIBridge/InstrumentCompletion.lean:612:0: 'OIBridge.InstrumentCompletion.kraus_of_finiteSupport' depends on axioms: [propext, Classical.choice, Quot.sound]
2026-09-26T10:27:37.0915917Z info: OIBridge/InstrumentCompletion.lean:613:0: 'OIBridge.InstrumentCompletion.finiteSupport_iff_kraus' depends on axioms: [propext, Classical.choice, Quot.sound]
2026-09-26T10:27:37.0916405Z info: OIBridge/InstrumentCompletion.lean:614:0: 'OIBridge.InstrumentCompletion.qBranch_stage_inclObs' depends on axioms: [propext, Classical.choice, Quot.sound]
2026-09-26T10:27:37.0917018Z info: OIBridge/InstrumentCompletion.lean:615:0: 'OIBridge.InstrumentCompletion.qTotal_stage_of_disjoint' depends on axioms: [propext, Classical.choice, Quot.sound]
2026-09-26T10:27:37.0917461Z info: OIBridge/InstrumentCompletion.lean:616:0: 'OIBridge.InstrumentCompletion.star_wt_mul' depends on axioms: [propext, Classical.choice, Quot.sound]
2026-09-26T10:27:37.0917907Z info: OIBridge/InstrumentCompletion.lean:617:0: 'OIBridge.InstrumentCompletion.wtConj_apply' depends on axioms: [propext, Classical.choice, Quot.sound]
2026-09-26T10:27:37.0918382Z info: OIBridge/InstrumentCompletion.lean:618:0: 'OIBridge.InstrumentCompletion.wtU_mul_conjTranspose' depends on axioms: [propext, Classical.choice, Quot.sound]
2026-09-26T10:27:37.0918856Z info: OIBridge/InstrumentCompletion.lean:619:0: 'OIBridge.InstrumentCompletion.conjTranspose_mul_wtU' depends on axioms: [propext, Classical.choice, Quot.sound]
2026-09-26T10:27:37.0919299Z info: OIBridge/InstrumentCompletion.lean:620:0: 'OIBridge.InstrumentCompletion.wtConj_mul' depends on axioms: [propext, Classical.choice, Quot.sound]
2026-09-26T10:27:37.0919740Z info: OIBridge/InstrumentCompletion.lean:621:0: 'OIBridge.InstrumentCompletion.wtConj_one' depends on axioms: [propext, Classical.choice, Quot.sound]
2026-09-26T10:27:37.0920172Z info: OIBridge/InstrumentCompletion.lean:622:0: 'OIBridge.InstrumentCompletion.wtConj_add' depends on axioms: [propext, Classical.choice, Quot.sound]
2026-09-26T10:27:37.0920614Z info: OIBridge/InstrumentCompletion.lean:623:0: 'OIBridge.InstrumentCompletion.wtConj_smul' depends on axioms: [propext, Classical.choice, Quot.sound]
2026-09-26T10:27:37.0921090Z info: OIBridge/InstrumentCompletion.lean:624:0: 'OIBridge.InstrumentCompletion.wtConj_conjTranspose' depends on axioms: [propext, Classical.choice, Quot.sound]
2026-09-26T10:27:37.0921557Z info: OIBridge/InstrumentCompletion.lean:625:0: 'OIBridge.InstrumentCompletion.wtConj_injective' depends on axioms: [propext, Classical.choice, Quot.sound]
2026-09-26T10:27:37.0922013Z info: OIBridge/InstrumentCompletion.lean:626:0: 'OIBridge.InstrumentCompletion.inclObs_wtConj' depends on axioms: [propext, Classical.choice, Quot.sound]
2026-09-26T10:27:37.0922454Z info: OIBridge/InstrumentCompletion.lean:627:0: 'OIBridge.InstrumentCompletion.norm_wtConj' depends on axioms: [propext, Classical.choice, Quot.sound]
2026-09-26T10:27:37.0922886Z info: OIBridge/InstrumentCompletion.lean:628:0: 'OIBridge.InstrumentCompletion.wtLoc_ofM' depends on axioms: [propext, Classical.choice, Quot.sound]
2026-09-26T10:27:37.0923312Z info: OIBridge/InstrumentCompletion.lean:629:0: 'OIBridge.InstrumentCompletion.wtLoc_mul' depends on axioms: [propext, Classical.choice, Quot.sound]
2026-09-26T10:27:37.0923742Z info: OIBridge/InstrumentCompletion.lean:630:0: 'OIBridge.InstrumentCompletion.wtLoc_add' depends on axioms: [propext, Classical.choice, Quot.sound]
2026-09-26T10:27:37.0924182Z info: OIBridge/InstrumentCompletion.lean:631:0: 'OIBridge.InstrumentCompletion.wtLoc_smul' depends on axioms: [propext, Classical.choice, Quot.sound]
2026-09-26T10:27:37.0924612Z info: OIBridge/InstrumentCompletion.lean:632:0: 'OIBridge.InstrumentCompletion.wtLoc_star' depends on axioms: [propext, Classical.choice, Quot.sound]
2026-09-26T10:27:37.0925187Z info: OIBridge/InstrumentCompletion.lean:633:0: 'OIBridge.InstrumentCompletion.wtLoc_sub' depends on axioms: [propext, Classical.choice, Quot.sound]
2026-09-26T10:27:37.0925628Z info: OIBridge/InstrumentCompletion.lean:634:0: 'OIBridge.InstrumentCompletion.norm_wtLoc' depends on axioms: [propext, Classical.choice, Quot.sound]
2026-09-26T10:27:37.0926193Z info: OIBridge/InstrumentCompletion.lean:635:0: 'OIBridge.InstrumentCompletion.isometry_wtLoc' depends on axioms: [propext, Classical.choice, Quot.sound]
2026-09-26T10:27:37.0926631Z info: OIBridge/InstrumentCompletion.lean:636:0: 'OIBridge.InstrumentCompletion.wtQ_coe' depends on axioms: [propext, Classical.choice, Quot.sound]
2026-09-26T10:27:37.0927205Z info: OIBridge/InstrumentCompletion.lean:637:0: 'OIBridge.InstrumentCompletion.continuous_wtQ' depends on axioms: [propext, Classical.choice, Quot.sound]
2026-09-26T10:27:37.0927646Z info: OIBridge/InstrumentCompletion.lean:638:0: 'OIBridge.InstrumentCompletion.wtQ_stage' depends on axioms: [propext, Classical.choice, Quot.sound]
2026-09-26T10:27:37.0928073Z info: OIBridge/InstrumentCompletion.lean:639:0: 'OIBridge.InstrumentCompletion.wtQ_mul' depends on axioms: [propext, Classical.choice, Quot.sound]
2026-09-26T10:27:37.0928495Z info: OIBridge/InstrumentCompletion.lean:640:0: 'OIBridge.InstrumentCompletion.wtQ_add' depends on axioms: [propext, Classical.choice, Quot.sound]
2026-09-26T10:27:37.0928929Z info: OIBridge/InstrumentCompletion.lean:641:0: 'OIBridge.InstrumentCompletion.wtQ_smul' depends on axioms: [propext, Classical.choice, Quot.sound]
2026-09-26T10:27:37.0929354Z info: OIBridge/InstrumentCompletion.lean:642:0: 'OIBridge.InstrumentCompletion.wtQ_star' depends on axioms: [propext, Classical.choice, Quot.sound]
2026-09-26T10:27:37.0929784Z info: OIBridge/InstrumentCompletion.lean:643:0: 'OIBridge.InstrumentCompletion.norm_wtQ' depends on axioms: [propext, Classical.choice, Quot.sound]
2026-09-26T10:27:37.0930211Z info: OIBridge/InstrumentCompletion.lean:644:0: 'OIBridge.InstrumentCompletion.wtQ_one' depends on axioms: [propext, Classical.choice, Quot.sound]
2026-09-26T10:27:37.0930679Z info: OIBridge/InstrumentCompletion.lean:645:0: 'OIBridge.InstrumentCompletion.siteWt_unimodular' depends on axioms: [propext, Classical.choice, Quot.sound]
2026-09-26T10:27:37.0931171Z info: OIBridge/InstrumentCompletion.lean:646:0: 'OIBridge.InstrumentCompletion.phaseAllWt_unimodular' depends on axioms: [propext, Classical.choice, Quot.sound]
2026-09-26T10:27:37.0931616Z info: OIBridge/InstrumentCompletion.lean:647:0: 'OIBridge.InstrumentCompletion.ext_eq_of_mem' depends on axioms: [propext, Classical.choice, Quot.sound]
2026-09-26T10:27:37.0932079Z info: OIBridge/InstrumentCompletion.lean:648:0: 'OIBridge.InstrumentCompletion.ext_confRestrict' depends on axioms: [propext, Classical.choice, Quot.sound]
2026-09-26T10:27:37.0932552Z info: OIBridge/InstrumentCompletion.lean:649:0: 'OIBridge.InstrumentCompletion.phaseAllWt_compat' depends on axioms: [propext, Classical.choice, Quot.sound]
2026-09-26T10:27:37.0933009Z info: OIBridge/InstrumentCompletion.lean:650:0: 'OIBridge.InstrumentCompletion.phaseAllQ_mul' depends on axioms: [propext, Classical.choice, Quot.sound]
2026-09-26T10:27:37.0933461Z info: OIBridge/InstrumentCompletion.lean:651:0: 'OIBridge.InstrumentCompletion.phaseAllQ_star' depends on axioms: [propext, Classical.choice, Quot.sound]
2026-09-26T10:27:37.0933913Z info: OIBridge/InstrumentCompletion.lean:652:0: 'OIBridge.InstrumentCompletion.norm_phaseAllQ' depends on axioms: [propext, Classical.choice, Quot.sound]
2026-09-26T10:27:37.0934375Z info: OIBridge/InstrumentCompletion.lean:653:0: 'OIBridge.InstrumentCompletion.phaseAllQ_stage' depends on axioms: [propext, Classical.choice, Quot.sound]
2026-09-26T10:27:37.0934856Z info: OIBridge/InstrumentCompletion.lean:654:0: 'OIBridge.InstrumentCompletion.phaseAllWt_singleton' depends on axioms: [propext, Classical.choice, Quot.sound]
2026-09-26T10:27:37.0935491Z info: OIBridge/InstrumentCompletion.lean:655:0: 'OIBridge.InstrumentCompletion.phaseAll_not_finiteSupport' depends on axioms: [propext, Classical.choice, Quot.sound]
2026-09-26T10:27:37.0936081Z info: OIBridge/InstrumentCompletion.lean:656:0: 'OIBridge.InstrumentCompletion.instrument_audit_entry_one' depends on axioms: [propext, Classical.choice, Quot.sound]
2026-09-26T10:27:37.0936278Z ℹ [3500/3600] Replayed OIBridge.InstrumentAvailability
2026-09-26T10:27:37.0936752Z info: OIBridge/InstrumentAvailability.lean:378:0: 'OIBridge.InstrumentAvailability.isQInstrJ_fin' depends on axioms: [propext, Classical.choice, Quot.sound]
2026-09-26T10:27:37.0937205Z info: OIBridge/InstrumentAvailability.lean:379:0: 'OIBridge.InstrumentAvailability.isFSJ_fin' depends on axioms: [propext, Classical.choice, Quot.sound]
2026-09-26T10:27:37.0938041Z info: OIBridge/InstrumentAvailability.lean:380:0: 'OIBridge.InstrumentAvailability.qTotalJ_fin' depends on axioms: [propext, Classical.choice, Quot.sound]
2026-09-26T10:27:37.0938684Z info: OIBridge/InstrumentAvailability.lean:381:0: 'OIBridge.InstrumentAvailability.qTotalJ_equiv' depends on axioms: [propext, Classical.choice, Quot.sound]
2026-09-26T10:27:37.0939192Z info: OIBridge/InstrumentAvailability.lean:382:0: 'OIBridge.InstrumentAvailability.isQInstrJ_equiv' depends on axioms: [propext, Classical.choice, Quot.sound]
2026-09-26T10:27:37.0939677Z info: OIBridge/InstrumentAvailability.lean:383:0: 'OIBridge.InstrumentAvailability.qBranchJ_coarse' depends on axioms: [propext, Classical.choice, Quot.sound]
2026-09-26T10:27:37.0940144Z info: OIBridge/InstrumentAvailability.lean:384:0: 'OIBridge.InstrumentAvailability.sum_qBranchJ' depends on axioms: [propext, Classical.choice, Quot.sound]
2026-09-26T10:27:37.0940609Z info: OIBridge/InstrumentAvailability.lean:385:0: 'OIBridge.InstrumentAvailability.availFS_id' depends on axioms: [propext, Classical.choice, Quot.sound]
2026-09-26T10:27:37.0941115Z info: OIBridge/InstrumentAvailability.lean:386:0: 'OIBridge.InstrumentAvailability.mem_range_stage_mono' depends on axioms: [propext, Classical.choice, Quot.sound]
2026-09-26T10:27:37.0941579Z info: OIBridge/InstrumentAvailability.lean:387:0: 'OIBridge.InstrumentAvailability.availFS_comp' depends on axioms: [propext, Classical.choice, Quot.sound]
2026-09-26T10:27:37.0942060Z info: OIBridge/InstrumentAvailability.lean:388:0: 'OIBridge.InstrumentAvailability.availFS_relabel' depends on axioms: [propext, Classical.choice, Quot.sound]
2026-09-26T10:27:37.0942524Z info: OIBridge/InstrumentAvailability.lean:389:0: 'OIBridge.InstrumentAvailability.availFS_dyn' depends on axioms: [propext, Classical.choice, Quot.sound]
2026-09-26T10:27:37.0943002Z info: OIBridge/InstrumentAvailability.lean:390:0: 'OIBridge.InstrumentAvailability.availFS_of_kraus' depends on axioms: [propext, Classical.choice, Quot.sound]
2026-09-26T10:27:37.0943474Z info: OIBridge/InstrumentAvailability.lean:391:0: 'OIBridge.InstrumentAvailability.kraus_of_availFS' depends on axioms: [propext, Classical.choice, Quot.sound]
2026-09-26T10:27:37.0943994Z info: OIBridge/InstrumentAvailability.lean:392:0: 'OIBridge.InstrumentAvailability.qTotalJ_stage_of_disjoint' depends on axioms: [propext, Classical.choice, Quot.sound]
2026-09-26T10:27:37.0944494Z info: OIBridge/InstrumentAvailability.lean:393:0: 'OIBridge.InstrumentAvailability.phaseAll_not_availFS' depends on axioms: [propext, Classical.choice, Quot.sound]
2026-09-26T10:27:37.0944968Z info: OIBridge/InstrumentAvailability.lean:394:0: 'OIBridge.InstrumentAvailability.q3_countermodel' depends on axioms: [propext, Classical.choice, Quot.sound]
2026-09-26T10:27:37.0945465Z info: OIBridge/InstrumentAvailability.lean:395:0: 'OIBridge.InstrumentAvailability.states_untouched' depends on axioms: [propext, Classical.choice, Quot.sound]
2026-09-26T10:27:37.0946097Z info: OIBridge/InstrumentAvailability.lean:396:0: 'OIBridge.InstrumentAvailability.dynamics_untouched' depends on axioms: [propext, Classical.choice, Quot.sound]
2026-09-26T10:27:37.0946315Z ⚠ [3501/3600] Replayed OIBridge.PassiveObservation
2026-09-26T10:27:37.0946681Z warning: OIBridge/PassiveObservation.lean:62:80: This simp argument is unused:
2026-09-26T10:27:37.0946770Z   mul_assoc
2026-09-26T10:27:37.0946776Z 
2026-09-26T10:27:37.0946891Z Hint: Omit it from the simp argument list.
2026-09-26T10:27:37.0947130Z   [apply] simp [mulVec, dotProduct, vecMulVec, Finset.mul_sum, mul_comm, mul_left_comm]
2026-09-26T10:27:37.0947135Z 
2026-09-26T10:27:37.0947360Z Note: This linter can be disabled with `set_option linter.unusedSimpArgs false`
2026-09-26T10:27:37.0947875Z warning: OIBridge/PassiveObservation.lean:65:0: automatically included section variable(s) unused in theorem `OIBridge.PassiveObservation.vecMulVec_star_mulVec_orth`:
2026-09-26T10:27:37.0947967Z   [DecidableEq n]
2026-09-26T10:27:37.0948308Z consider restructuring your `variable` declarations so that the variables are not in scope or explicitly omit them:
2026-09-26T10:27:37.0948527Z   omit [DecidableEq n] in theorem ...
2026-09-26T10:27:37.0948532Z 
2026-09-26T10:27:37.0948764Z Note: This linter can be disabled with `set_option linter.unusedSectionVars false`
2026-09-26T10:27:37.0949260Z warning: OIBridge/PassiveObservation.lean:70:0: automatically included section variable(s) unused in theorem `OIBridge.PassiveObservation.star_dotProduct_comm_zero`:
2026-09-26T10:27:37.0949346Z   [DecidableEq n]
2026-09-26T10:27:37.0949663Z consider restructuring your `variable` declarations so that the variables are not in scope or explicitly omit them:
2026-09-26T10:27:37.0949766Z   omit [DecidableEq n] in theorem ...
2026-09-26T10:27:37.0949770Z 
2026-09-26T10:27:37.0949975Z Note: This linter can be disabled with `set_option linter.unusedSectionVars false`
2026-09-26T10:27:37.0950453Z warning: OIBridge/PassiveObservation.lean:241:0: automatically included section variable(s) unused in theorem `OIBridge.PassiveObservation.pureState_apply`:
2026-09-26T10:27:37.0950539Z   [Fintype S]
2026-09-26T10:27:37.0950852Z consider restructuring your `variable` declarations so that the variables are not in scope or explicitly omit them:
2026-09-26T10:27:37.0950959Z   omit [Fintype S] in theorem ...
2026-09-26T10:27:37.0950963Z 
2026-09-26T10:27:37.0951167Z Note: This linter can be disabled with `set_option linter.unusedSectionVars false`
2026-09-26T10:27:37.0951386Z warning: OIBridge/PassiveObservation.lean:294:62: This simp argument is unused:
2026-09-26T10:27:37.0951481Z   Finset.sum_ite_eq'
2026-09-26T10:27:37.0951485Z 
2026-09-26T10:27:37.0951604Z Hint: Omit it from the simp argument list.
2026-09-26T10:27:37.0951806Z   [apply] simp [Matrix.mul_apply, Matrix.single, Finset.sum_ite_eq, hi, hj]
2026-09-26T10:27:37.0951810Z 
2026-09-26T10:27:37.0952026Z Note: This linter can be disabled with `set_option linter.unusedSimpArgs false`
2026-09-26T10:27:37.0952521Z info: OIBridge/PassiveObservation.lean:353:0: 'OIBridge.PassiveObservation.psd_summand_of_rankOne' depends on axioms: [propext, Classical.choice, Quot.sound]
2026-09-26T10:27:37.0952973Z info: OIBridge/PassiveObservation.lean:354:0: 'OIBridge.PassiveObservation.choiMatrix_id' depends on axioms: [propext, Classical.choice, Quot.sound]
2026-09-26T10:27:37.0953446Z info: OIBridge/PassiveObservation.lean:355:0: 'OIBridge.PassiveObservation.passive_branch_scalar' depends on axioms: [propext, Classical.choice, Quot.sound]
2026-09-26T10:27:37.0953870Z info: OIBridge/PassiveObservation.lean:356:0: 'OIBridge.PassiveObservation.passive_outcome_state_independent' depends on axioms: [propext,
2026-09-26T10:27:37.0953960Z  Classical.choice,
2026-09-26T10:27:37.0954047Z  Quot.sound]
2026-09-26T10:27:37.0954551Z info: OIBridge/PassiveObservation.lean:357:0: 'OIBridge.PassiveObservation.no_complete_passive_observation' depends on axioms: [propext, Classical.choice, Quot.sound]
2026-09-26T10:27:37.0954987Z info: OIBridge/PassiveObservation.lean:358:0: 'OIBridge.PassiveObservation.pinching_cp' depends on axioms: [propext, Classical.choice, Quot.sound]
2026-09-26T10:27:37.0955483Z info: OIBridge/PassiveObservation.lean:359:0: 'OIBridge.PassiveObservation.pinching_passive_on_diagonal' depends on axioms: [propext, Classical.choice, Quot.sound]
2026-09-26T10:27:37.0956183Z info: OIBridge/PassiveObservation.lean:360:0: 'OIBridge.PassiveObservation.pinching_separates_diagonal' depends on axioms: [propext, Classical.choice, Quot.sound]
2026-09-26T10:27:37.0956656Z info: OIBridge/PassiveObservation.lean:361:0: 'OIBridge.PassiveObservation.pinching_sum_apply' depends on axioms: [propext, Classical.choice, Quot.sound]
2026-09-26T10:27:37.0957128Z info: OIBridge/PassiveObservation.lean:362:0: 'OIBridge.PassiveObservation.pinching_not_passive' depends on axioms: [propext, Classical.choice, Quot.sound]
2026-09-26T10:27:37.0957325Z ℹ [3502/3600] Replayed OIBridge.CentralObservation
2026-09-26T10:27:37.0957764Z info: OIBridge/CentralObservation.lean:628:0: 'OIBridge.CentralObservation.exists_kraus' depends on axioms: [propext, Classical.choice, Quot.sound]
2026-09-26T10:27:37.0958340Z info: OIBridge/CentralObservation.lean:629:0: 'OIBridge.CentralObservation.kraus_block_vanish' depends on axioms: [propext, Classical.choice, Quot.sound]
2026-09-26T10:27:37.0958822Z info: OIBridge/CentralObservation.lean:630:0: 'OIBridge.CentralObservation.branch_preserves_block' depends on axioms: [propext, Classical.choice, Quot.sound]
2026-09-26T10:27:37.0959293Z info: OIBridge/CentralObservation.lean:631:0: 'OIBridge.CentralObservation.choiMatrix_restrictMap' depends on axioms: [propext, Classical.choice, Quot.sound]
2026-09-26T10:27:37.0959746Z info: OIBridge/CentralObservation.lean:632:0: 'OIBridge.CentralObservation.restricted_passive' depends on axioms: [propext, Classical.choice, Quot.sound]
2026-09-26T10:27:37.0960200Z info: OIBridge/CentralObservation.lean:633:0: 'OIBridge.CentralObservation.branch_scalar_on_block' depends on axioms: [propext, Classical.choice, Quot.sound]
2026-09-26T10:27:37.0960668Z info: OIBridge/CentralObservation.lean:634:0: 'OIBridge.CentralObservation.central_classification' depends on axioms: [propext, Classical.choice, Quot.sound]
2026-09-26T10:27:37.0961118Z info: OIBridge/CentralObservation.lean:635:0: 'OIBridge.CentralObservation.blockPinch_passive' depends on axioms: [propext, Classical.choice, Quot.sound]
2026-09-26T10:27:37.0961603Z info: OIBridge/CentralObservation.lean:636:0: 'OIBridge.CentralObservation.no_complete_passive_of_block' depends on axioms: [propext, Classical.choice, Quot.sound]
2026-09-26T10:27:37.0962066Z info: OIBridge/CentralObservation.lean:637:0: 'OIBridge.CentralObservation.blockPinch_separates' depends on axioms: [propext, Classical.choice, Quot.sound]
2026-09-26T10:27:37.0962559Z info: OIBridge/CentralObservation.lean:638:0: 'OIBridge.CentralObservation.complete_passive_iff_injective' depends on axioms: [propext, Classical.choice, Quot.sound]
2026-09-26T10:27:37.0963041Z info: OIBridge/CentralObservation.lean:639:0: 'OIBridge.CentralObservation.injective_iff_commutative' depends on axioms: [propext, Classical.choice, Quot.sound]
2026-09-26T10:27:37.0963458Z info: OIBridge/CentralObservation.lean:640:0: 'OIBridge.CentralObservation.complete_passive_iff_commutative' depends on axioms: [propext,
2026-09-26T10:27:37.0963549Z  Classical.choice,
2026-09-26T10:27:37.0963635Z  Quot.sound]
2026-09-26T10:27:37.0963828Z ℹ [3503/3600] Replayed OIBridge.PassiveIndependence
2026-09-26T10:27:37.0964334Z info: OIBridge/PassiveIndependence.lean:345:0: 'OIBridge.PassiveIndependence.passivelyIncomplete_of_card' depends on axioms: [propext, Classical.choice, Quot.sound]
2026-09-26T10:27:37.0964839Z info: OIBridge/PassiveIndependence.lean:346:0: 'OIBridge.PassiveIndependence.passivelyIncomplete_qubit' depends on axioms: [propext, Classical.choice, Quot.sound]
2026-09-26T10:27:37.0965326Z info: OIBridge/PassiveIndependence.lean:347:0: 'OIBridge.PassiveIndependence.keepsLabels_localLuders' depends on axioms: [propext, Classical.choice, Quot.sound]
2026-09-26T10:27:37.0965880Z info: OIBridge/PassiveIndependence.lean:348:0: 'OIBridge.PassiveIndependence.tau_moves_label' depends on axioms: [propext, Classical.choice, Quot.sound]
2026-09-26T10:27:37.0966345Z info: OIBridge/PassiveIndependence.lean:349:0: 'OIBridge.PassiveIndependence.label_not_oiCore' depends on axioms: [propext, Classical.choice, Quot.sound]
2026-09-26T10:27:37.0966993Z info: OIBridge/PassiveIndependence.lean:350:0: 'OIBridge.PassiveIndependence.oiCore_to_passive_vacuous' depends on axioms: [propext, Classical.choice, Quot.sound]
2026-09-26T10:27:37.0967437Z info: OIBridge/PassiveIndependence.lean:351:0: 'OIBridge.PassiveIndependence.passivelyIncomplete_without_oiCore' depends on axioms: [propext,
2026-09-26T10:27:37.0967528Z  Classical.choice,
2026-09-26T10:27:37.0967628Z  Quot.sound]
2026-09-26T10:27:37.0968119Z info: OIBridge/PassiveIndependence.lean:352:0: 'OIBridge.PassiveIndependence.passive_not_implies_oiCore' depends on axioms: [propext, Classical.choice, Quot.sound]
2026-09-26T10:27:37.0968723Z info: OIBridge/PassiveIndependence.lean:353:0: 'OIBridge.PassiveIndependence.passive_nondiscriminating' depends on axioms: [propext, Classical.choice, Quot.sound]
2026-09-26T10:27:37.0969216Z info: OIBridge/PassiveIndependence.lean:354:0: 'OIBridge.PassiveIndependence.pinching_isKrausFamily' depends on axioms: [propext, Classical.choice, Quot.sound]
2026-09-26T10:27:37.0969693Z info: OIBridge/PassiveIndependence.lean:355:0: 'OIBridge.PassiveIndependence.pinching_preservesDiag' depends on axioms: [propext, Classical.choice, Quot.sound]
2026-09-26T10:27:37.0970124Z info: OIBridge/PassiveIndependence.lean:356:0: 'OIBridge.PassiveIndependence.diag_passivelyCompleteOnDiagonal' depends on axioms: [propext,
2026-09-26T10:27:37.0970212Z  Classical.choice,
2026-09-26T10:27:37.0970292Z  Quot.sound]
2026-09-26T10:27:37.0970719Z info: OIBridge/PassiveIndependence.lean:357:0: 'OIBridge.PassiveIndependence.label_passivelyCompleteOnDiagonal' depends on axioms: [propext,
2026-09-26T10:27:37.0970807Z  Classical.choice,
2026-09-26T10:27:37.0970885Z  Quot.sound]
2026-09-26T10:27:37.0971345Z info: OIBridge/PassiveIndependence.lean:358:0: 'OIBridge.PassiveIndependence.sector_diagram' depends on axioms: [propext, Classical.choice, Quot.sound]
2026-09-26T10:27:37.0971531Z ℹ [3504/3600] Replayed OIBridge.InternalObserver
2026-09-26T10:27:37.0971991Z info: OIBridge/InternalObserver.lean:321:0: 'OIBridge.InternalObserver.no_full_passive_self_record' depends on axioms: [propext, Classical.choice, Quot.sound]
2026-09-26T10:27:37.0972447Z info: OIBridge/InternalObserver.lean:322:0: 'OIBridge.InternalObserver.branch_kills_other_block' depends on axioms: [propext, Classical.choice, Quot.sound]
2026-09-26T10:27:37.0972889Z info: OIBridge/InternalObserver.lean:323:0: 'OIBridge.InternalObserver.branch_fixes_own_block' depends on axioms: [propext, Classical.choice, Quot.sound]
2026-09-26T10:27:37.0973351Z info: OIBridge/InternalObserver.lean:324:0: 'OIBridge.InternalObserver.internal_branch_eq_blockPart' depends on axioms: [propext, Classical.choice, Quot.sound]
2026-09-26T10:27:37.0973800Z info: OIBridge/InternalObserver.lean:325:0: 'OIBridge.InternalObserver.internal_outcome_law' depends on axioms: [propext, Classical.choice, Quot.sound]
2026-09-26T10:27:37.0974256Z info: OIBridge/InternalObserver.lean:326:0: 'OIBridge.InternalObserver.blockPinch_internal' depends on axioms: [propext, Classical.choice, Quot.sound]
2026-09-26T10:27:37.0974696Z info: OIBridge/InternalObserver.lean:327:0: 'OIBridge.InternalObserver.internal_complete_iff' depends on axioms: [propext, Classical.choice, Quot.sound]
2026-09-26T10:27:37.0975167Z info: OIBridge/InternalObserver.lean:328:0: 'OIBridge.InternalObserver.no_complete_internal_observer' depends on axioms: [propext, Classical.choice, Quot.sound]
2026-09-26T10:27:37.0975605Z info: OIBridge/InternalObserver.lean:329:0: 'OIBridge.InternalObserver.classical_control' depends on axioms: [propext, Classical.choice, Quot.sound]
2026-09-26T10:27:37.0976146Z info: OIBridge/InternalObserver.lean:330:0: 'OIBridge.InternalObserver.recordInstr_cp' depends on axioms: [propext, Classical.choice, Quot.sound]
2026-09-26T10:27:37.0976593Z info: OIBridge/InternalObserver.lean:331:0: 'OIBridge.InternalObserver.recordInstr_records' depends on axioms: [propext, Classical.choice, Quot.sound]
2026-09-26T10:27:37.0977172Z info: OIBridge/InternalObserver.lean:332:0: 'OIBridge.InternalObserver.recordInstr_writes' depends on axioms: [propext, Classical.choice, Quot.sound]
2026-09-26T10:27:37.0977627Z info: OIBridge/InternalObserver.lean:333:0: 'OIBridge.InternalObserver.recordInstr_not_passive' depends on axioms: [propext, Classical.choice, Quot.sound]
2026-09-26T10:27:37.0978079Z info: OIBridge/InternalObserver.lean:334:0: 'OIBridge.InternalObserver.recordInstr_not_internal' depends on axioms: [propext, Classical.choice, Quot.sound]
2026-09-26T10:27:37.0978265Z ℹ [3505/3600] Replayed OIBridge.LevelOneRecursion
2026-09-26T10:27:37.0978757Z info: OIBridge/LevelOneRecursion.lean:63:0: 'OIBridge.LevelOneRecursion.systemLoose_observerRecursion' depends on axioms: [propext, Classical.choice, Quot.sound]
2026-09-26T10:27:37.0979280Z info: OIBridge/LevelOneRecursion.lean:64:0: 'OIBridge.LevelOneRecursion.levelOne_independent_of_recursion' depends on axioms: [propext,
2026-09-26T10:27:37.0979379Z  Classical.choice,
2026-09-26T10:27:37.0979463Z  Quot.sound]
2026-09-26T10:27:37.0979884Z info: OIBridge/LevelOneRecursion.lean:65:0: 'OIBridge.LevelOneRecursion.levelOne_row' depends on axioms: [propext, Classical.choice, Quot.sound]
2026-09-26T10:27:37.0980051Z ℹ [3506/3600] Replayed OIBridge.TypedPositive
2026-09-26T10:27:37.0980501Z info: OIBridge/TypedPositive.lean:33:0: 'OIBridge.TypedPositive.typed_determined_of_oiPlusPos' depends on axioms: [propext, Classical.choice, Quot.sound]
2026-09-26T10:27:37.0980934Z info: OIBridge/TypedPositive.lean:45:0: 'OIBridge.TypedPositive.typed_determined_of_oiPlusMin' depends on axioms: [propext, Classical.choice, Quot.sound]
2026-09-26T10:27:37.0981122Z ℹ [3507/3600] Replayed OIBridge.BackgroundIndependence
2026-09-26T10:27:37.0981540Z info: OIBridge/BackgroundIndependence.lean:403:0: 'OIBridge.BackgroundIndependence.a6glob_of_a6inv' depends on axioms: [Quot.sound]
2026-09-26T10:27:37.0982007Z info: OIBridge/BackgroundIndependence.lean:404:0: 'OIBridge.BackgroundIndependence.leap_siteAct' depends on axioms: [propext, Classical.choice, Quot.sound]
2026-09-26T10:27:37.0982423Z info: OIBridge/BackgroundIndependence.lean:405:0: 'OIBridge.BackgroundIndependence.a6cov_all' depends on axioms: [propext, Quot.sound]
2026-09-26T10:27:37.0982883Z info: OIBridge/BackgroundIndependence.lean:406:0: 'OIBridge.BackgroundIndependence.d3b_witness' depends on axioms: [propext, Classical.choice, Quot.sound]
2026-09-26T10:27:37.0983343Z info: OIBridge/BackgroundIndependence.lean:407:0: 'OIBridge.BackgroundIndependence.d3b_not_a6inv' depends on axioms: [propext, Classical.choice, Quot.sound]
2026-09-26T10:27:37.0983816Z info: OIBridge/BackgroundIndependence.lean:408:0: 'OIBridge.BackgroundIndependence.d4a_single_edge' depends on axioms: [propext, Classical.choice, Quot.sound]
2026-09-26T10:27:37.0984298Z info: OIBridge/BackgroundIndependence.lean:409:0: 'OIBridge.BackgroundIndependence.d4b_edge_rigidity' depends on axioms: [propext, Classical.choice, Quot.sound]
2026-09-26T10:27:37.0984720Z info: OIBridge/BackgroundIndependence.lean:410:0: 'OIBridge.BackgroundIndependence.d4b_not_a6inv_of_nonconstant' depends on axioms: [propext,
2026-09-26T10:27:37.0984811Z  Classical.choice,
2026-09-26T10:27:37.0984897Z  Quot.sound]
2026-09-26T10:27:37.0985376Z info: OIBridge/BackgroundIndependence.lean:411:0: 'OIBridge.BackgroundIndependence.a6glob_constLink' depends on axioms: [propext, Classical.choice, Quot.sound]
2026-09-26T10:27:37.0985973Z info: OIBridge/BackgroundIndependence.lean:412:0: 'OIBridge.BackgroundIndependence.d4b_symmetric_point' depends on axioms: [propext, Classical.choice, Quot.sound]
2026-09-26T10:27:37.0986436Z info: OIBridge/BackgroundIndependence.lean:413:0: 'OIBridge.BackgroundIndependence.addAut_nontrivial_of_ne_neg' depends on axioms: [propext, Quot.sound]
2026-09-26T10:27:37.0986857Z info: OIBridge/BackgroundIndependence.lean:414:0: 'OIBridge.BackgroundIndependence.addAut_zmod_smul' depends on axioms: [propext, Quot.sound]
2026-09-26T10:27:37.0987523Z info: OIBridge/BackgroundIndependence.lean:415:0: 'OIBridge.BackgroundIndependence.d4b_mu_id' depends on axioms: [propext, Classical.choice, Quot.sound]
2026-09-26T10:27:37.0988004Z info: OIBridge/BackgroundIndependence.lean:416:0: 'OIBridge.BackgroundIndependence.d2i_wave_witness' depends on axioms: [propext, Classical.choice, Quot.sound]
2026-09-26T10:27:37.0988476Z info: OIBridge/BackgroundIndependence.lean:417:0: 'OIBridge.BackgroundIndependence.d2i_wave_not_a6inv' depends on axioms: [propext, Classical.choice, Quot.sound]
2026-09-26T10:27:37.0988949Z info: OIBridge/BackgroundIndependence.lean:418:0: 'OIBridge.BackgroundIndependence.d2ii_wave_a6glob' depends on axioms: [propext, Classical.choice, Quot.sound]
2026-09-26T10:27:37.0989128Z ℹ [3508/3600] Replayed OIBridge.A6Instantiation
2026-09-26T10:27:37.0989686Z info: OIBridge/A6Instantiation.lean:579:0: 'OIBridge.A6Instantiation.linkSubstratum_bridge' depends on axioms: [propext, Classical.choice, Quot.sound]
2026-09-26T10:27:37.0990126Z info: OIBridge/A6Instantiation.lean:580:0: 'OIBridge.A6Instantiation.linkSubstratum_A2' depends on axioms: [propext, Classical.choice, Quot.sound]
2026-09-26T10:27:37.0990548Z info: OIBridge/A6Instantiation.lean:581:0: 'OIBridge.A6Instantiation.linkSubstratum_A5' depends on axioms: [propext, Classical.choice, Quot.sound]
2026-09-26T10:27:37.0990970Z info: OIBridge/A6Instantiation.lean:582:0: 'OIBridge.A6Instantiation.linkSubstratum_A3' depends on axioms: [propext, Classical.choice, Quot.sound]
2026-09-26T10:27:37.0991362Z info: OIBridge/A6Instantiation.lean:583:0: 'OIBridge.A6Instantiation.nbrs_sub' depends on axioms: [propext, Classical.choice, Quot.sound]
2026-09-26T10:27:37.0991812Z info: OIBridge/A6Instantiation.lean:584:0: 'OIBridge.A6Instantiation.linkSubstratum_A4Exact' depends on axioms: [propext, Classical.choice, Quot.sound]
2026-09-26T10:27:37.0992235Z info: OIBridge/A6Instantiation.lean:585:0: 'OIBridge.A6Instantiation.pk1_packaging' depends on axioms: [propext, Classical.choice, Quot.sound]
2026-09-26T10:27:37.0992643Z info: OIBridge/A6Instantiation.lean:586:0: 'OIBridge.A6Instantiation.pk2a_bridge' depends on axioms: [propext, Classical.choice, Quot.sound]
2026-09-26T10:27:37.0993060Z info: OIBridge/A6Instantiation.lean:587:0: 'OIBridge.A6Instantiation.pk2b_covariance' depends on axioms: [propext, Classical.choice, Quot.sound]
2026-09-26T10:27:37.0993448Z info: OIBridge/A6Instantiation.lean:588:0: 'OIBridge.A6Instantiation.pk3a_A1' depends on axioms: [propext, Classical.choice, Quot.sound]
2026-09-26T10:27:37.0993822Z info: OIBridge/A6Instantiation.lean:589:0: 'OIBridge.A6Instantiation.pk3b_A2' depends on axioms: [propext, Classical.choice, Quot.sound]
2026-09-26T10:27:37.0994199Z info: OIBridge/A6Instantiation.lean:590:0: 'OIBridge.A6Instantiation.pk3c_A3' depends on axioms: [propext, Classical.choice, Quot.sound]
2026-09-26T10:27:37.0994601Z info: OIBridge/A6Instantiation.lean:591:0: 'OIBridge.A6Instantiation.pk3d_A4Exact' depends on axioms: [propext, Classical.choice, Quot.sound]
2026-09-26T10:27:37.0994973Z info: OIBridge/A6Instantiation.lean:592:0: 'OIBridge.A6Instantiation.pk3e_A5' depends on axioms: [propext, Classical.choice, Quot.sound]
2026-09-26T10:27:37.0995392Z info: OIBridge/A6Instantiation.lean:593:0: 'OIBridge.A6Instantiation.pk4_shift_not_scalar' depends on axioms: [propext, Quot.sound]
2026-09-26T10:27:37.0995925Z info: OIBridge/A6Instantiation.lean:594:0: 'OIBridge.A6Instantiation.pk5_symmetric_point' depends on axioms: [propext, Classical.choice, Quot.sound]
2026-09-26T10:27:37.0996360Z info: OIBridge/A6Instantiation.lean:595:0: 'OIBridge.A6Instantiation.cx1_complex_covariance' depends on axioms: [propext, Classical.choice, Quot.sound]
2026-09-26T10:27:37.0996779Z info: OIBridge/A6Instantiation.lean:596:0: 'OIBridge.A6Instantiation.cx2_clinear_forgets' depends on axioms: [propext, Classical.choice, Quot.sound]
2026-09-26T10:27:37.0997212Z info: OIBridge/A6Instantiation.lean:597:0: 'OIBridge.A6Instantiation.cx2_manuscript_law' depends on axioms: [propext, Classical.choice, Quot.sound]
2026-09-26T10:27:37.0997782Z info: OIBridge/A6Instantiation.lean:598:0: 'OIBridge.A6Instantiation.cx2_unitary_gaugeLink' depends on axioms: [propext, Classical.choice, Quot.sound]
2026-09-26T10:27:37.0998209Z info: OIBridge/A6Instantiation.lean:599:0: 'OIBridge.A6Instantiation.cx3a_complex_axioms' depends on axioms: [propext, Classical.choice, Quot.sound]
2026-09-26T10:27:37.0998629Z info: OIBridge/A6Instantiation.lean:600:0: 'OIBridge.A6Instantiation.cx3b_complex_not_A1' depends on axioms: [propext, Classical.choice, Quot.sound]
2026-09-26T10:27:37.0999055Z info: OIBridge/A6Instantiation.lean:601:0: 'OIBridge.A6Instantiation.as1_leap_covariant' depends on axioms: [propext, Classical.choice, Quot.sound]
2026-09-26T10:27:37.0999455Z info: OIBridge/A6Instantiation.lean:602:0: 'OIBridge.A6Instantiation.as1_finite' depends on axioms: [propext, Classical.choice, Quot.sound]
2026-09-26T10:27:37.0999974Z info: OIBridge/A6Instantiation.lean:603:0: 'OIBridge.A6Instantiation.as1_complex' depends on axioms: [propext, Classical.choice, Quot.sound]
2026-09-26T10:27:37.1000146Z ℹ [3509/3600] Replayed OIBridge.ScalarClosure
2026-09-26T10:27:37.1000572Z info: OIBridge/ScalarClosure.lean:215:0: 'OIBridge.ScalarClosure.genTheory_availExt_eq' depends on axioms: [propext, Classical.choice, Quot.sound]
2026-09-26T10:27:37.1000987Z info: OIBridge/ScalarClosure.lean:216:0: 'OIBridge.ScalarClosure.mem_scalarHull_self' depends on axioms: [propext, Classical.choice, Quot.sound]
2026-09-26T10:27:37.1001390Z info: OIBridge/ScalarClosure.lean:217:0: 'OIBridge.ScalarClosure.realized_mono' depends on axioms: [propext, Classical.choice, Quot.sound]
2026-09-26T10:27:37.1001787Z info: OIBridge/ScalarClosure.lean:218:0: 'OIBridge.ScalarClosure.realized_nsmul' depends on axioms: [propext, Classical.choice, Quot.sound]
2026-09-26T10:27:37.1002204Z info: OIBridge/ScalarClosure.lean:219:0: 'OIBridge.ScalarClosure.realized_real_smul' depends on axioms: [propext, Classical.choice, Quot.sound]
2026-09-26T10:27:37.1002631Z info: OIBridge/ScalarClosure.lean:220:0: 'OIBridge.ScalarClosure.realized_scalarHull_iff' depends on axioms: [propext, Classical.choice, Quot.sound]
2026-09-26T10:27:37.1003023Z info: OIBridge/ScalarClosure.lean:221:0: 'OIBridge.ScalarClosure.ancBlock_smul' depends on axioms: [propext, Classical.choice, Quot.sound]
2026-09-26T10:27:37.1003539Z info: OIBridge/ScalarClosure.lean:222:0: 'OIBridge.ScalarClosure.scalarHull_arch' depends on axioms: [propext, Classical.choice, Quot.sound]
2026-09-26T10:27:37.1004158Z info: OIBridge/ScalarClosure.lean:223:0: 'OIBridge.ScalarClosure.scalarHull_permClass_iff' depends on axioms: [propext, Classical.choice, Quot.sound]
2026-09-26T10:27:37.1004860Z info: OIBridge/ScalarClosure.lean:224:0: 'OIBridge.ScalarClosure.permClass_of_scalarHull_isometry' depends on axioms: [propext, Classical.choice, Quot.sound]
2026-09-26T10:27:37.1005498Z info: OIBridge/ScalarClosure.lean:225:0: 'OIBridge.ScalarClosure.instAvail_scalarHull_permClass' depends on axioms: [propext, Classical.choice, Quot.sound]
2026-09-26T10:27:37.1006275Z info: OIBridge/ScalarClosure.lean:226:0: 'OIBridge.ScalarClosure.permTheory_hull_availExt_iff' depends on axioms: [propext, Classical.choice, Quot.sound]
2026-09-26T10:27:37.1006572Z ℹ [3511/3600] Replayed OIBridge.InstrumentRealization
2026-09-26T10:27:37.1007342Z info: OIBridge/InstrumentRealization.lean:1218:0: 'OIBridge.InstrumentRealization.isGenInstrument_of_instAvail' depends on axioms: [propext, Classical.choice, Quot.sound]
2026-09-26T10:27:37.1008048Z info: OIBridge/InstrumentRealization.lean:1219:0: 'OIBridge.InstrumentRealization.genTheory_le_branchTheory' depends on axioms: [propext, Classical.choice, Quot.sound]
2026-09-26T10:27:37.1008738Z info: OIBridge/InstrumentRealization.lean:1220:0: 'OIBridge.InstrumentRealization.ones_apply' depends on axioms: [propext, Classical.choice, Quot.sound]
2026-09-26T10:27:37.1009448Z info: OIBridge/InstrumentRealization.lean:1221:0: 'OIBridge.InstrumentRealization.ones_prod' depends on axioms: [propext, Classical.choice, Quot.sound]
2026-09-26T10:27:37.1010453Z info: OIBridge/InstrumentRealization.lean:1222:0: 'OIBridge.InstrumentRealization.ones_sum' depends on axioms: [propext, Classical.choice, Quot.sound]
2026-09-26T10:27:37.1011209Z info: OIBridge/InstrumentRealization.lean:1223:0: 'OIBridge.InstrumentRealization.mulVec_sum'' depends on axioms: [propext, Classical.choice, Quot.sound]
2026-09-26T10:27:37.1012047Z info: OIBridge/InstrumentRealization.lean:1224:0: 'OIBridge.InstrumentRealization.star_ones_dotProduct_ones' depends on axioms: [propext, Classical.choice, Quot.sound]
2026-09-26T10:27:37.1012878Z info: OIBridge/InstrumentRealization.lean:1225:0: 'OIBridge.InstrumentRealization.unitary_eigen_ones' depends on axioms: [propext, Classical.choice, Quot.sound]
2026-09-26T10:27:37.1013606Z info: OIBridge/InstrumentRealization.lean:1226:0: 'OIBridge.InstrumentRealization.conjTranspose_mulVec_ones_of_eigen' depends on axioms: [propext,
2026-09-26T10:27:37.1014118Z  Classical.choice,
2026-09-26T10:27:37.1014258Z  Quot.sound]
2026-09-26T10:27:37.1015019Z info: OIBridge/InstrumentRealization.lean:1227:0: 'OIBridge.InstrumentRealization.readProj_sum' depends on axioms: [propext, Classical.choice, Quot.sound]
2026-09-26T10:27:37.1015748Z info: OIBridge/InstrumentRealization.lean:1228:0: 'OIBridge.InstrumentRealization.reindex_sum' depends on axioms: [propext, Classical.choice, Quot.sound]
2026-09-26T10:27:37.1016732Z info: OIBridge/InstrumentRealization.lean:1229:0: 'OIBridge.InstrumentRealization.reindex_one' depends on axioms: [propext, Classical.choice, Quot.sound]
2026-09-26T10:27:37.1017493Z info: OIBridge/InstrumentRealization.lean:1230:0: 'OIBridge.InstrumentRealization.sum_filter_comp' depends on axioms: [propext, Classical.choice, Quot.sound]
2026-09-26T10:27:37.1018284Z info: OIBridge/InstrumentRealization.lean:1231:0: 'OIBridge.InstrumentRealization.onesNormal_uniform' depends on axioms: [propext, Classical.choice, Quot.sound]
2026-09-26T10:27:37.1019062Z info: OIBridge/InstrumentRealization.lean:1232:0: 'OIBridge.InstrumentRealization.ancBlock_conjTranspose_mulVec_ones' depends on axioms: [propext,
2026-09-26T10:27:37.1019209Z  Classical.choice,
2026-09-26T10:27:37.1019335Z  Quot.sound]
2026-09-26T10:27:37.1020185Z info: OIBridge/InstrumentRealization.lean:1233:0: 'OIBridge.InstrumentRealization.splitWeight_sum_star' depends on axioms: [propext, Classical.choice, Quot.sound]
2026-09-26T10:27:37.1021076Z info: OIBridge/InstrumentRealization.lean:1234:0: 'OIBridge.InstrumentRealization.splitWeight_sum_normSq' depends on axioms: [propext, Classical.choice, Quot.sound]
2026-09-26T10:27:37.1021898Z info: OIBridge/InstrumentRealization.lean:1235:0: 'OIBridge.InstrumentRealization.instAvail_onesNormal' depends on axioms: [propext, Classical.choice, Quot.sound]
2026-09-26T10:27:37.1022815Z info: OIBridge/InstrumentRealization.lean:1236:0: 'OIBridge.InstrumentRealization.instAvail_unitary_fixes_ones' depends on axioms: [propext, Classical.choice, Quot.sound]
2026-09-26T10:27:37.1023682Z info: OIBridge/InstrumentRealization.lean:1237:0: 'OIBridge.InstrumentRealization.onesCompatible_one' depends on axioms: [propext, Classical.choice, Quot.sound]
2026-09-26T10:27:37.1024520Z info: OIBridge/InstrumentRealization.lean:1238:0: 'OIBridge.InstrumentRealization.onesCompatible_mul' depends on axioms: [propext, Classical.choice, Quot.sound]
2026-09-26T10:27:37.1025426Z info: OIBridge/InstrumentRealization.lean:1239:0: 'OIBridge.InstrumentRealization.unitary_conjTranspose_ones' depends on axioms: [propext, Classical.choice, Quot.sound]
2026-09-26T10:27:37.1026465Z info: OIBridge/InstrumentRealization.lean:1240:0: 'OIBridge.InstrumentRealization.onesClass_of_unitary_ones' depends on axioms: [propext, Classical.choice, Quot.sound]
2026-09-26T10:27:37.1027302Z info: OIBridge/InstrumentRealization.lean:1241:0: 'OIBridge.InstrumentRealization.permMatrix_mulVec_ones' depends on axioms: [propext, Classical.choice, Quot.sound]
2026-09-26T10:27:37.1028158Z info: OIBridge/InstrumentRealization.lean:1242:0: 'OIBridge.InstrumentRealization.onesClass_permMatrix' depends on axioms: [propext, Classical.choice, Quot.sound]
2026-09-26T10:27:37.1029318Z info: OIBridge/InstrumentRealization.lean:1243:0: 'OIBridge.InstrumentRealization.gateFlow_mulVec_ones' depends on axioms: [propext, Classical.choice, Quot.sound]
2026-09-26T10:27:37.1030104Z info: OIBridge/InstrumentRealization.lean:1244:0: 'OIBridge.InstrumentRealization.onesClass_gateFlow' depends on axioms: [propext, Classical.choice, Quot.sound]
2026-09-26T10:27:37.1030943Z info: OIBridge/InstrumentRealization.lean:1245:0: 'OIBridge.InstrumentRealization.onesCompatible_secEmb' depends on axioms: [propext, Classical.choice, Quot.sound]
2026-09-26T10:27:37.1031764Z info: OIBridge/InstrumentRealization.lean:1246:0: 'OIBridge.InstrumentRealization.ancBlock_eq_secEmb' depends on axioms: [propext, Classical.choice, Quot.sound]
2026-09-26T10:27:37.1032469Z info: OIBridge/InstrumentRealization.lean:1247:0: 'OIBridge.InstrumentRealization.readProj_conjTranspose' depends on axioms: [propext, Classical.choice, Quot.sound]
2026-09-26T10:27:37.1032965Z info: OIBridge/InstrumentRealization.lean:1248:0: 'OIBridge.InstrumentRealization.readProj_mul_self' depends on axioms: [propext, Classical.choice, Quot.sound]
2026-09-26T10:27:37.1033474Z info: OIBridge/InstrumentRealization.lean:1249:0: 'OIBridge.InstrumentRealization.fromBlocks_diag_unitary' depends on axioms: [propext, Classical.choice, Quot.sound]
2026-09-26T10:27:37.1033992Z info: OIBridge/InstrumentRealization.lean:1250:0: 'OIBridge.InstrumentRealization.fromBlocks_diag_mulVec_ones' depends on axioms: [propext, Classical.choice, Quot.sound]
2026-09-26T10:27:37.1034520Z info: OIBridge/InstrumentRealization.lean:1251:0: 'OIBridge.InstrumentRealization.onesCompatible_fromRows_left' depends on axioms: [propext, Classical.choice, Quot.sound]
2026-09-26T10:27:37.1034967Z info: OIBridge/InstrumentRealization.lean:1252:0: 'OIBridge.InstrumentRealization.onesCompatible_fromRows_right' depends on axioms: [propext,
2026-09-26T10:27:37.1035069Z  Classical.choice,
2026-09-26T10:27:37.1035154Z  Quot.sound]
2026-09-26T10:27:37.1035634Z info: OIBridge/InstrumentRealization.lean:1253:0: 'OIBridge.InstrumentRealization.onesClass_arch' depends on axioms: [propext, Classical.choice, Quot.sound]
2026-09-26T10:27:37.1036302Z info: OIBridge/InstrumentRealization.lean:1254:0: 'OIBridge.InstrumentRealization.tensorOf_eq_tensorRect' depends on axioms: [propext, Classical.choice, Quot.sound]
2026-09-26T10:27:37.1036776Z info: OIBridge/InstrumentRealization.lean:1255:0: 'OIBridge.InstrumentRealization.tensorRect_mul' depends on axioms: [propext, Classical.choice, Quot.sound]
2026-09-26T10:27:37.1037281Z info: OIBridge/InstrumentRealization.lean:1256:0: 'OIBridge.InstrumentRealization.tensorRect_conjTranspose' depends on axioms: [propext, Classical.choice, Quot.sound]
2026-09-26T10:27:37.1037756Z info: OIBridge/InstrumentRealization.lean:1257:0: 'OIBridge.InstrumentRealization.tensorRect_smul' depends on axioms: [propext, Classical.choice, Quot.sound]
2026-09-26T10:27:37.1038256Z info: OIBridge/InstrumentRealization.lean:1258:0: 'OIBridge.InstrumentRealization.tensorRect_mulVec_ones' depends on axioms: [propext, Classical.choice, Quot.sound]
2026-09-26T10:27:37.1038692Z info: OIBridge/InstrumentRealization.lean:1259:0: 'OIBridge.InstrumentRealization.onesCompatible_tensorRect_one' depends on axioms: [propext,
2026-09-26T10:27:37.1038783Z  Classical.choice,
2026-09-26T10:27:37.1038869Z  Quot.sound]
2026-09-26T10:27:37.1039364Z info: OIBridge/InstrumentRealization.lean:1260:0: 'OIBridge.InstrumentRealization.onesClass_contextStable' depends on axioms: [propext, Classical.choice, Quot.sound]
2026-09-26T10:27:37.1039811Z info: OIBridge/InstrumentRealization.lean:1261:0: 'OIBridge.InstrumentRealization.reindex_left_conjTranspose_mulVec' depends on axioms: [propext,
2026-09-26T10:27:37.1039909Z  Classical.choice,
2026-09-26T10:27:37.1039992Z  Quot.sound]
2026-09-26T10:27:37.1040530Z info: OIBridge/InstrumentRealization.lean:1262:0: 'OIBridge.InstrumentRealization.onesCompatible_reindex_left' depends on axioms: [propext, Classical.choice, Quot.sound]
2026-09-26T10:27:37.1041210Z info: OIBridge/InstrumentRealization.lean:1263:0: 'OIBridge.InstrumentRealization.onesClass_labelInvariant' depends on axioms: [propext, Classical.choice, Quot.sound]
2026-09-26T10:27:37.1041711Z info: OIBridge/InstrumentRealization.lean:1264:0: 'OIBridge.InstrumentRealization.onesClass_daggerStable' depends on axioms: [propext, Classical.choice, Quot.sound]
2026-09-26T10:27:37.1042202Z info: OIBridge/InstrumentRealization.lean:1265:0: 'OIBridge.InstrumentRealization.isometry_fixes_ones' depends on axioms: [propext, Classical.choice, Quot.sound]
2026-09-26T10:27:37.1042706Z info: OIBridge/InstrumentRealization.lean:1266:0: 'OIBridge.InstrumentRealization.pairProj_eq_diagonal' depends on axioms: [propext, Classical.choice, Quot.sound]
2026-09-26T10:27:37.1043320Z info: OIBridge/InstrumentRealization.lean:1267:0: 'OIBridge.InstrumentRealization.pairProj_mulVec_ones' depends on axioms: [propext, Classical.choice, Quot.sound]
2026-09-26T10:27:37.1043822Z info: OIBridge/InstrumentRealization.lean:1268:0: 'OIBridge.InstrumentRealization.transition_mulVec_ones' depends on axioms: [propext, Classical.choice, Quot.sound]
2026-09-26T10:27:37.1044324Z info: OIBridge/InstrumentRealization.lean:1269:0: 'OIBridge.InstrumentRealization.pairProj_conjTranspose' depends on axioms: [propext, Classical.choice, Quot.sound]
2026-09-26T10:27:37.1044822Z info: OIBridge/InstrumentRealization.lean:1270:0: 'OIBridge.InstrumentRealization.flow_mul_one_sub_pairProj' depends on axioms: [propext, Classical.choice, Quot.sound]
2026-09-26T10:27:37.1045302Z info: OIBridge/InstrumentRealization.lean:1271:0: 'OIBridge.InstrumentRealization.flow_mul_pairProj' depends on axioms: [propext, Classical.choice, Quot.sound]
2026-09-26T10:27:37.1045767Z info: OIBridge/InstrumentRealization.lean:1272:0: 'OIBridge.InstrumentRealization.exp_star_mul_self' depends on axioms: [propext, Classical.choice, Quot.sound]
2026-09-26T10:27:37.1046357Z info: OIBridge/InstrumentRealization.lean:1273:0: 'OIBridge.InstrumentRealization.exp_ofReal_mul_I_eq' depends on axioms: [propext, Classical.choice, Quot.sound]
2026-09-26T10:27:37.1046857Z info: OIBridge/InstrumentRealization.lean:1274:0: 'OIBridge.InstrumentRealization.star_exp_ofReal_mul_I' depends on axioms: [propext, Classical.choice, Quot.sound]
2026-09-26T10:27:37.1047352Z info: OIBridge/InstrumentRealization.lean:1275:0: 'OIBridge.InstrumentRealization.pairPhase_isometry' depends on axioms: [propext, Classical.choice, Quot.sound]
2026-09-26T10:27:37.1047843Z info: OIBridge/InstrumentRealization.lean:1276:0: 'OIBridge.InstrumentRealization.pairPhase_mulVec_ones' depends on axioms: [propext, Classical.choice, Quot.sound]
2026-09-26T10:27:37.1048347Z info: OIBridge/InstrumentRealization.lean:1277:0: 'OIBridge.InstrumentRealization.pairPhaseOf_star_mul_self' depends on axioms: [propext, Classical.choice, Quot.sound]
2026-09-26T10:27:37.1048834Z info: OIBridge/InstrumentRealization.lean:1278:0: 'OIBridge.InstrumentRealization.levelGate_isometry' depends on axioms: [propext, Classical.choice, Quot.sound]
2026-09-26T10:27:37.1049326Z info: OIBridge/InstrumentRealization.lean:1279:0: 'OIBridge.InstrumentRealization.levelGate_mulVec_ones' depends on axioms: [propext, Classical.choice, Quot.sound]
2026-09-26T10:27:37.1049816Z info: OIBridge/InstrumentRealization.lean:1280:0: 'OIBridge.InstrumentRealization.levelGate_ancBlock' depends on axioms: [propext, Classical.choice, Quot.sound]
2026-09-26T10:27:37.1050288Z info: OIBridge/InstrumentRealization.lean:1281:0: 'OIBridge.InstrumentRealization.secEmb_conjTranspose_mul_tensorOf' depends on axioms: [propext,
2026-09-26T10:27:37.1050385Z  Classical.choice,
2026-09-26T10:27:37.1050473Z  Quot.sound]
2026-09-26T10:27:37.1050997Z info: OIBridge/InstrumentRealization.lean:1282:0: 'OIBridge.InstrumentRealization.diagonal_pairPhase_eq' depends on axioms: [propext, Classical.choice, Quot.sound]
2026-09-26T10:27:37.1051476Z info: OIBridge/InstrumentRealization.lean:1283:0: 'OIBridge.InstrumentRealization.gadget_block' depends on axioms: [propext, Classical.choice, Quot.sound]
2026-09-26T10:27:37.1052082Z info: OIBridge/InstrumentRealization.lean:1284:0: 'OIBridge.InstrumentRealization.transition_scaled_mem_onesClass' depends on axioms: [propext,
2026-09-26T10:27:37.1052174Z  Classical.choice,
2026-09-26T10:27:37.1052261Z  Quot.sound]
2026-09-26T10:27:37.1052758Z info: OIBridge/InstrumentRealization.lean:1285:0: 'OIBridge.InstrumentRealization.flow_mulVec_ones_apply' depends on axioms: [propext, Classical.choice, Quot.sound]
2026-09-26T10:27:37.1053218Z info: OIBridge/InstrumentRealization.lean:1286:0: 'OIBridge.InstrumentRealization.flow_realized_not_instrumentRealized' depends on axioms: [propext,
2026-09-26T10:27:37.1053308Z  Classical.choice,
2026-09-26T10:27:37.1053391Z  Quot.sound]
2026-09-26T10:27:37.1053639Z ℹ [3512/3600] Replayed OIBridge.FlowEndpoint
2026-09-26T10:27:37.1054253Z info: OIBridge/FlowEndpoint.lean:210:0: 'OIBridge.FlowEndpoint.onesTheory_avail_conj' depends on axioms: [propext, Classical.choice, Quot.sound]
2026-09-26T10:27:37.1054688Z info: OIBridge/FlowEndpoint.lean:211:0: 'OIBridge.FlowEndpoint.onesTheory_sourcedOI' depends on axioms: [propext, Classical.choice, Quot.sound]
2026-09-26T10:27:37.1055074Z info: OIBridge/FlowEndpoint.lean:212:0: 'OIBridge.FlowEndpoint.levelPerm_involutive' depends on axioms: [propext, Quot.sound]
2026-09-26T10:27:37.1055540Z info: OIBridge/FlowEndpoint.lean:213:0: 'OIBridge.FlowEndpoint.onesTheory_layerFlowExecutable' depends on axioms: [propext, Classical.choice, Quot.sound]
2026-09-26T10:27:37.1056038Z info: OIBridge/FlowEndpoint.lean:214:0: 'OIBridge.FlowEndpoint.exists_third' depends on axioms: [propext, Classical.choice, Quot.sound]
2026-09-26T10:27:37.1056472Z info: OIBridge/FlowEndpoint.lean:215:0: 'OIBridge.FlowEndpoint.onesTheory_no_quarter_flow' depends on axioms: [propext, Classical.choice, Quot.sound]
2026-09-26T10:27:37.1056939Z info: OIBridge/FlowEndpoint.lean:216:0: 'OIBridge.FlowEndpoint.onesTheory_not_phaseFree_general' depends on axioms: [propext, Classical.choice, Quot.sound]
2026-09-26T10:27:37.1057367Z info: OIBridge/FlowEndpoint.lean:217:0: 'OIBridge.FlowEndpoint.onesTheory_not_phaseFree' depends on axioms: [propext, Classical.choice, Quot.sound]
2026-09-26T10:27:37.1057789Z info: OIBridge/FlowEndpoint.lean:218:0: 'OIBridge.FlowEndpoint.flow_endpoint_refuted' depends on axioms: [propext, Classical.choice, Quot.sound]
2026-09-26T10:27:37.1058231Z info: OIBridge/FlowEndpoint.lean:219:0: 'OIBridge.FlowEndpoint.flow_endpoint_refuted_general' depends on axioms: [propext, Classical.choice, Quot.sound]
2026-09-26T10:27:37.1058638Z info: OIBridge/FlowEndpoint.lean:220:0: 'OIBridge.FlowEndpoint.phaseGate_mulVec_ones' depends on axioms: [propext, Classical.choice, Quot.sound]
2026-09-26T10:27:37.1059090Z info: OIBridge/FlowEndpoint.lean:221:0: 'OIBridge.FlowEndpoint.onesTheory_not_phasesAvailable' depends on axioms: [propext, Classical.choice, Quot.sound]
2026-09-26T10:27:37.1059516Z info: OIBridge/FlowEndpoint.lean:222:0: 'OIBridge.FlowEndpoint.onesTheory_not_derivedOI' depends on axioms: [propext, Classical.choice, Quot.sound]
2026-09-26T10:27:37.1059960Z info: OIBridge/FlowEndpoint.lean:223:0: 'OIBridge.FlowEndpoint.onesTheory_not_substratumAvail' depends on axioms: [propext, Classical.choice, Quot.sound]
2026-09-26T10:27:37.1060369Z info: OIBridge/FlowEndpoint.lean:224:0: 'OIBridge.FlowEndpoint.onesTheory_not_qm' depends on axioms: [propext, Classical.choice, Quot.sound]
2026-09-26T10:27:37.1060545Z ℹ [3513/3600] Replayed OIBridge.PhaseSource
2026-09-26T10:27:37.1060991Z info: OIBridge/PhaseSource.lean:203:0: 'OIBridge.PhaseSource.onesFixing_not_phasesAvailable' depends on axioms: [propext, Classical.choice, Quot.sound]
2026-09-26T10:27:37.1061404Z info: OIBridge/PhaseSource.lean:204:0: 'OIBridge.PhaseSource.permClass_onesFixing' depends on axioms: [propext, Classical.choice, Quot.sound]
2026-09-26T10:27:37.1061804Z info: OIBridge/PhaseSource.lean:205:0: 'OIBridge.PhaseSource.permTheory_not_phasesAvailable_onesFixing' depends on axioms: [propext,
2026-09-26T10:27:37.1061896Z  Classical.choice,
2026-09-26T10:27:37.1062113Z  Quot.sound]
2026-09-26T10:27:37.1062560Z info: OIBridge/PhaseSource.lean:206:0: 'OIBridge.PhaseSource.bijectiveOperator_mulVec_ones' depends on axioms: [propext, Classical.choice, Quot.sound]
2026-09-26T10:27:37.1062992Z info: OIBridge/PhaseSource.lean:207:0: 'OIBridge.PhaseSource.readWriteOperator_mulVec_ones' depends on axioms: [propext, Classical.choice, Quot.sound]
2026-09-26T10:27:37.1063394Z info: OIBridge/PhaseSource.lean:208:0: 'OIBridge.PhaseSource.phaseGate_not_scalar' depends on axioms: [propext, Classical.choice, Quot.sound]
2026-09-26T10:27:37.1063824Z info: OIBridge/PhaseSource.lean:209:0: 'OIBridge.PhaseSource.conjChannel_phaseGate_ne_id' depends on axioms: [propext, Classical.choice, Quot.sound]
2026-09-26T10:27:37.1064238Z info: OIBridge/PhaseSource.lean:210:0: 'OIBridge.PhaseSource.diagonal_conj_phaseGate' depends on axioms: [propext, Classical.choice, Quot.sound]
2026-09-26T10:27:37.1064750Z info: OIBridge/PhaseSource.lean:211:0: 'OIBridge.PhaseSource.phaseGate_moves_ones' depends on axioms: [propext, Classical.choice, Quot.sound]
2026-09-26T10:27:37.1065209Z info: OIBridge/PhaseSource.lean:212:0: 'OIBridge.PhaseSource.substratumClass_not_onesFixing' depends on axioms: [propext, Classical.choice, Quot.sound]
2026-09-26T10:27:37.1065375Z ℹ [3514/3600] Replayed OIBridge.DerivedQ3
2026-09-26T10:27:37.1065735Z info: OIBridge/DerivedQ3.lean:302:0: 'OIBridge.DerivedQ3.flipAt_self' depends on axioms: [propext, Classical.choice, Quot.sound]
2026-09-26T10:27:37.1066203Z info: OIBridge/DerivedQ3.lean:303:0: 'OIBridge.DerivedQ3.flipAt_of_ne' depends on axioms: [propext, Classical.choice, Quot.sound]
2026-09-26T10:27:37.1066591Z info: OIBridge/DerivedQ3.lean:304:0: 'OIBridge.DerivedQ3.phaseGate_mul_self' depends on axioms: [propext, Classical.choice, Quot.sound]
2026-09-26T10:27:37.1066990Z info: OIBridge/DerivedQ3.lean:305:0: 'OIBridge.DerivedQ3.gateFlow_isolation_flip' depends on axioms: [propext, Classical.choice, Quot.sound]
2026-09-26T10:27:37.1067352Z info: OIBridge/DerivedQ3.lean:306:0: 'OIBridge.DerivedQ3.flip_avail' depends on axioms: [propext, Classical.choice, Quot.sound]
2026-09-26T10:27:37.1067880Z info: OIBridge/DerivedQ3.lean:307:0: 'OIBridge.DerivedQ3.phaseFree_of_phases_layerFlowExecutable' depends on axioms: [propext, Classical.choice, Quot.sound]
2026-09-26T10:27:37.1068320Z info: OIBridge/DerivedQ3.lean:308:0: 'OIBridge.DerivedQ3.phaseFree_of_derivedOI_layerFlowExecutable' depends on axioms: [propext,
2026-09-26T10:27:37.1068442Z  Classical.choice,
2026-09-26T10:27:37.1068559Z  Quot.sound]
2026-09-26T10:27:37.1069097Z info: OIBridge/DerivedQ3.lean:309:0: 'OIBridge.DerivedQ3.qm_of_derivedOI_layerFlowExecutable' depends on axioms: [propext, Classical.choice, Quot.sound]
2026-09-26T10:27:37.1069684Z info: OIBridge/DerivedQ3.lean:310:0: 'OIBridge.DerivedQ3.derivedOI_qm_iff_layerFlowExecutable'' depends on axioms: [propext, Classical.choice, Quot.sound]
2026-09-26T10:27:37.1070239Z info: OIBridge/DerivedQ3.lean:311:0: 'OIBridge.DerivedQ3.derivedOI_layerFlowExecutable_of_qm' depends on axioms: [propext, Classical.choice, Quot.sound]
2026-09-26T10:27:37.1070648Z info: OIBridge/DerivedQ3.lean:312:0: 'OIBridge.DerivedQ3.phaseFree_of_derivedOI_layerFlowExecutable_swap' depends on axioms: [propext,
2026-09-26T10:27:37.1070740Z  Classical.choice,
2026-09-26T10:27:37.1070825Z  Quot.sound]
2026-09-26T10:27:37.1071188Z info: OIBridge/DerivedQ3.lean:313:0: 'OIBridge.DerivedQ3.derivedOI_qm_iff_layerFlowExecutable_swap'' depends on axioms: [propext,
2026-09-26T10:27:37.1071277Z  Classical.choice,
2026-09-26T10:27:37.1071358Z  Quot.sound]
2026-09-26T10:27:37.1071744Z info: OIBridge/DerivedQ3.lean:314:0: 'OIBridge.DerivedQ3.gateFlow_one_eq_one' depends on axioms: [propext, Classical.choice, Quot.sound]
2026-09-26T10:27:37.1072064Z info: OIBridge/DerivedQ3.lean:315:0: 'OIBridge.DerivedQ3.levelPerm_one' depends on axioms: [propext, Quot.sound]
2026-09-26T10:27:37.1072473Z info: OIBridge/DerivedQ3.lean:316:0: 'OIBridge.DerivedQ3.layerFlowExecutable_one' depends on axioms: [propext, Classical.choice, Quot.sound]
2026-09-26T10:27:37.1082228Z info: OIBridge/DerivedQ3.lean:317:0: 'OIBridge.DerivedQ3.substratumTheory_layerFlowExecutable_one' depends on axioms: [propext, Classical.choice, Quot.sound]
2026-09-26T10:27:37.1082757Z info: OIBridge/DerivedQ3.lean:318:0: 'OIBridge.DerivedQ3.derivedOI_layerFlowExecutable_one_not_phaseFree' depends on axioms: [propext,
2026-09-26T10:27:37.1082850Z  Classical.choice,
2026-09-26T10:27:37.1082942Z  Quot.sound]
2026-09-26T10:27:37.1083177Z ℹ [3515/3600] Replayed OIBridge.ExecSource
2026-09-26T10:27:37.1083589Z info: OIBridge/ExecSource.lean:208:0: 'OIBridge.ExecSource.exists_nonMonomial_of_layerFlowExecutable' depends on axioms: [propext,
2026-09-26T10:27:37.1083689Z  Classical.choice,
2026-09-26T10:27:37.1083776Z  Quot.sound]
2026-09-26T10:27:37.1084180Z info: OIBridge/ExecSource.lean:209:0: 'OIBridge.ExecSource.not_configurationLevel_of_layerFlowExecutable' depends on axioms: [propext,
2026-09-26T10:27:37.1084489Z  Classical.choice,
2026-09-26T10:27:37.1084576Z  Quot.sound]
2026-09-26T10:27:37.1085077Z info: OIBridge/ExecSource.lean:210:0: 'OIBridge.ExecSource.bijectionLevel_not_layerFlowExecutable' depends on axioms: [propext, Classical.choice, Quot.sound]
2026-09-26T10:27:37.1085484Z info: OIBridge/ExecSource.lean:211:0: 'OIBridge.ExecSource.configurationLevel_not_avail_gateFlow_half' depends on axioms: [propext,
2026-09-26T10:27:37.1085579Z  Classical.choice,
2026-09-26T10:27:37.1085660Z  Quot.sound]
2026-09-26T10:27:37.1086327Z info: OIBridge/ExecSource.lean:212:0: 'OIBridge.ExecSource.substratumTheory_not_avail_gateFlow_half' depends on axioms: [propext,
2026-09-26T10:27:37.1086425Z  Classical.choice,
2026-09-26T10:27:37.1086512Z  Quot.sound]
2026-09-26T10:27:37.1086955Z info: OIBridge/ExecSource.lean:213:0: 'OIBridge.ExecSource.obs_not_layerFlowExecutable' depends on axioms: [propext, Classical.choice, Quot.sound]
2026-09-26T10:27:37.1087407Z info: OIBridge/ExecSource.lean:214:0: 'OIBridge.ExecSource.obs_not_layerFlowExecutable_shear' depends on axioms: [propext, Classical.choice, Quot.sound]
2026-09-26T10:27:37.1087855Z info: OIBridge/ExecSource.lean:215:0: 'OIBridge.ExecSource.obs_not_layerFlowExecutable_swap' depends on axioms: [propext, Classical.choice, Quot.sound]
2026-09-26T10:27:37.1088276Z info: OIBridge/ExecSource.lean:216:0: 'OIBridge.ExecSource.waveSubstratum_swap_moves' depends on axioms: [propext, Classical.choice, Quot.sound]
2026-09-26T10:27:37.1088671Z info: OIBridge/ExecSource.lean:217:0: 'OIBridge.ExecSource.waveSubstratum_not_layerFlowExecutable_swap' depends on axioms: [propext,
2026-09-26T10:27:37.1088759Z  Classical.choice,
2026-09-26T10:27:37.1088846Z  Quot.sound]
2026-09-26T10:27:37.1089257Z info: OIBridge/ExecSource.lean:218:0: 'OIBridge.ExecSource.gateFlow_half_not_monomial' depends on axioms: [propext, Classical.choice, Quot.sound]
2026-09-26T10:27:37.1089699Z info: OIBridge/ExecSource.lean:219:0: 'OIBridge.ExecSource.onesClass_not_configurationLevel' depends on axioms: [propext, Classical.choice, Quot.sound]
2026-09-26T10:27:37.1089871Z ℹ [3516/3600] Replayed OIBridge.LiftSource
2026-09-26T10:27:37.1090250Z info: OIBridge/LiftSource.lean:313:0: 'OIBridge.LiftSource.not_layerFlowExecutable_of_preservesDiag' depends on axioms: [propext,
2026-09-26T10:27:37.1090340Z  Classical.choice,
2026-09-26T10:27:37.1090425Z  Quot.sound]
2026-09-26T10:27:37.1090839Z info: OIBridge/LiftSource.lean:314:0: 'OIBridge.LiftSource.coherentLift_isMonomial' depends on axioms: [propext, Classical.choice, Quot.sound]
2026-09-26T10:27:37.1091301Z info: OIBridge/LiftSource.lean:315:0: 'OIBridge.LiftSource.reversibleExtension_conj_monomial' depends on axioms: [propext, Classical.choice, Quot.sound]
2026-09-26T10:27:37.1091775Z info: OIBridge/LiftSource.lean:316:0: 'OIBridge.LiftSource.correlationExtension_preservesDiag' depends on axioms: [propext, Classical.choice, Quot.sound]
2026-09-26T10:27:37.1092219Z info: OIBridge/LiftSource.lean:317:0: 'OIBridge.LiftSource.coherentLiftClass_contains_lift' depends on axioms: [propext, Classical.choice, Quot.sound]
2026-09-26T10:27:37.1092851Z info: OIBridge/LiftSource.lean:318:0: 'OIBridge.LiftSource.coherentLiftClass_configurationLevel' depends on axioms: [propext, Classical.choice, Quot.sound]
2026-09-26T10:27:37.1093313Z info: OIBridge/LiftSource.lean:319:0: 'OIBridge.LiftSource.coherentLiftClass_eq_substratumClass' depends on axioms: [propext, Classical.choice, Quot.sound]
2026-09-26T10:27:37.1093735Z info: OIBridge/LiftSource.lean:320:0: 'OIBridge.LiftSource.coherentLiftClass_arch' depends on axioms: [propext, Classical.choice, Quot.sound]
2026-09-26T10:27:37.1094205Z info: OIBridge/LiftSource.lean:321:0: 'OIBridge.LiftSource.coherentLiftTheory_eq_substratumTheory' depends on axioms: [propext, Classical.choice, Quot.sound]
2026-09-26T10:27:37.1094596Z info: OIBridge/LiftSource.lean:322:0: 'OIBridge.LiftSource.coherentLiftClass_not_layerFlowExecutable' depends on axioms: [propext,
2026-09-26T10:27:37.1094694Z  Classical.choice,
2026-09-26T10:27:37.1094892Z  Quot.sound]
2026-09-26T10:27:37.1095373Z info: OIBridge/LiftSource.lean:323:0: 'OIBridge.LiftSource.obs_availExt_le_coherentLift' depends on axioms: [propext, Classical.choice, Quot.sound]
2026-09-26T10:27:37.1095989Z info: OIBridge/LiftSource.lean:324:0: 'OIBridge.LiftSource.waveSubstratum_coherentLift_not_layerFlowExecutable_swap' depends on axioms: [propext,
2026-09-26T10:27:37.1096077Z  Classical.choice,
2026-09-26T10:27:37.1096165Z  Quot.sound]
2026-09-26T10:27:37.1096586Z info: OIBridge/LiftSource.lean:325:0: 'OIBridge.LiftSource.single_isMonomial' depends on axioms: [propext, Classical.choice, Quot.sound]
2026-09-26T10:27:37.1097059Z info: OIBridge/LiftSource.lean:326:0: 'OIBridge.LiftSource.stochasticChannel_kraus_monomial' depends on axioms: [propext, Classical.choice, Quot.sound]
2026-09-26T10:27:37.1097514Z info: OIBridge/LiftSource.lean:327:0: 'OIBridge.LiftSource.stochasticChannel_preservesDiag' depends on axioms: [propext, Classical.choice, Quot.sound]
2026-09-26T10:27:37.1097974Z info: OIBridge/LiftSource.lean:328:0: 'OIBridge.LiftSource.stochastic_not_layerFlowExecutable' depends on axioms: [propext, Classical.choice, Quot.sound]
2026-09-26T10:27:37.1098414Z info: OIBridge/LiftSource.lean:329:0: 'OIBridge.LiftSource.avail_one_not_layerFlowExecutable' depends on axioms: [propext, Classical.choice, Quot.sound]
2026-09-26T10:27:37.1098797Z info: OIBridge/LiftSource.lean:330:0: 'OIBridge.LiftSource.obs_swap_avail_one_not_layerFlowExecutable' depends on axioms: [propext,
2026-09-26T10:27:37.1098888Z  Classical.choice,
2026-09-26T10:27:37.1098971Z  Quot.sound]
2026-09-26T10:27:37.1099150Z ℹ [3517/3600] Replayed OIBridge.C5Discovery
2026-09-26T10:27:37.1099596Z info: OIBridge/C5Discovery.lean:339:0: 'OIBridge.C5Discovery.obligations_independent' depends on axioms: [propext, Classical.choice, Quot.sound]
2026-09-26T10:27:37.1100019Z info: OIBridge/C5Discovery.lean:340:0: 'OIBridge.C5Discovery.killBattery_substratum' depends on axioms: [propext, Classical.choice, Quot.sound]
2026-09-26T10:27:37.1100421Z info: OIBridge/C5Discovery.lean:341:0: 'OIBridge.C5Discovery.killBattery_ones' depends on axioms: [propext, Classical.choice, Quot.sound]
2026-09-26T10:27:37.1100804Z info: OIBridge/C5Discovery.lean:342:0: 'OIBridge.C5Discovery.killBattery_perm' depends on axioms: [propext, Classical.choice, Quot.sound]
2026-09-26T10:27:37.1101205Z info: OIBridge/C5Discovery.lean:343:0: 'OIBridge.C5Discovery.killBattery_not_qm' depends on axioms: [propext, Classical.choice, Quot.sound]
2026-09-26T10:27:37.1101635Z info: OIBridge/C5Discovery.lean:344:0: 'OIBridge.C5Discovery.obligations_outside_battery' depends on axioms: [propext, Classical.choice, Quot.sound]
2026-09-26T10:27:37.1102087Z info: OIBridge/C5Discovery.lean:345:0: 'OIBridge.C5Discovery.bijectionLevel_fails_obligations' depends on axioms: [propext, Classical.choice, Quot.sound]
2026-09-26T10:27:37.1102513Z info: OIBridge/C5Discovery.lean:346:0: 'OIBridge.C5Discovery.updateLevel_symplectic_inert' depends on axioms: [propext, Classical.choice, Quot.sound]
2026-09-26T10:27:37.1102924Z info: OIBridge/C5Discovery.lean:347:0: 'OIBridge.C5Discovery.hadamard_not_monomial' depends on axioms: [propext, Classical.choice, Quot.sound]
2026-09-26T10:27:37.1103498Z info: OIBridge/C5Discovery.lean:348:0: 'OIBridge.C5Discovery.hadamard_not_preservesDiag' depends on axioms: [propext, Classical.choice, Quot.sound]
2026-09-26T10:27:37.1103914Z info: OIBridge/C5Discovery.lean:349:0: 'OIBridge.C5Discovery.siteSwapImage_not_monomial' depends on axioms: [propext, Classical.choice, Quot.sound]
2026-09-26T10:27:37.1104291Z info: OIBridge/C5Discovery.lean:350:0: 'OIBridge.C5Discovery.polGen_arch' depends on axioms: [propext, Classical.choice, Quot.sound]
2026-09-26T10:27:37.1104731Z info: OIBridge/C5Discovery.lean:351:0: 'OIBridge.C5Discovery.polGen_not_configurationLevel' depends on axioms: [propext, Classical.choice, Quot.sound]
2026-09-26T10:27:37.1105300Z info: OIBridge/C5Discovery.lean:352:0: 'OIBridge.C5Discovery.siteShearImage_one_eq_phaseGate' depends on axioms: [propext, Classical.choice, Quot.sound]
2026-09-26T10:27:37.1105738Z info: OIBridge/C5Discovery.lean:353:0: 'OIBridge.C5Discovery.polarizedTheory_phase_level_one' depends on axioms: [propext, Classical.choice, Quot.sound]
2026-09-26T10:27:37.1106318Z info: OIBridge/C5Discovery.lean:354:0: 'OIBridge.C5Discovery.gateFlow_half_eq_hsh' depends on axioms: [propext, Classical.choice, Quot.sound]
2026-09-26T10:27:37.1106784Z info: OIBridge/C5Discovery.lean:355:0: 'OIBridge.C5Discovery.polarizedTheory_swap_half_level_one' depends on axioms: [propext, Classical.choice, Quot.sound]
2026-09-26T10:27:37.1106985Z ℹ [3518/3600] Replayed OIBridge.PolarizationClosure
2026-09-26T10:27:37.1107484Z info: OIBridge/PolarizationClosure.lean:737:0: 'OIBridge.PolarizationClosure.gateFlow_entries' depends on axioms: [propext, Classical.choice, Quot.sound]
2026-09-26T10:27:37.1107992Z info: OIBridge/PolarizationClosure.lean:738:0: 'OIBridge.PolarizationClosure.gateFlow_not_proportional' depends on axioms: [propext, Classical.choice, Quot.sound]
2026-09-26T10:27:37.1108433Z info: OIBridge/PolarizationClosure.lean:739:0: 'OIBridge.PolarizationClosure.countable_not_layerFlowExecutable' depends on axioms: [propext,
2026-09-26T10:27:37.1108532Z  Classical.choice,
2026-09-26T10:27:37.1108617Z  Quot.sound]
2026-09-26T10:27:37.1109047Z info: OIBridge/PolarizationClosure.lean:740:0: 'OIBridge.PolarizationClosure.uncountable_of_layerFlowExecutable' depends on axioms: [propext,
2026-09-26T10:27:37.1109135Z  Classical.choice,
2026-09-26T10:27:37.1109218Z  Quot.sound]
2026-09-26T10:27:37.1109650Z info: OIBridge/PolarizationClosure.lean:741:0: 'OIBridge.PolarizationClosure.polC_arch' depends on axioms: [propext, Classical.choice, Quot.sound]
2026-09-26T10:27:37.1110119Z info: OIBridge/PolarizationClosure.lean:742:0: 'OIBridge.PolarizationClosure.polC_labelInvariant' depends on axioms: [propext, Classical.choice, Quot.sound]
2026-09-26T10:27:37.1110579Z info: OIBridge/PolarizationClosure.lean:743:0: 'OIBridge.PolarizationClosure.polGen_le_polC' depends on axioms: [propext, Classical.choice, Quot.sound]
2026-09-26T10:27:37.1111022Z info: OIBridge/PolarizationClosure.lean:744:0: 'OIBridge.PolarizationClosure.gen_countable' depends on axioms: [propext, Classical.choice, Quot.sound]
2026-09-26T10:27:37.1111468Z info: OIBridge/PolarizationClosure.lean:745:0: 'OIBridge.PolarizationClosure.gen_reindex' depends on axioms: [propext, Classical.choice, Quot.sound]
2026-09-26T10:27:37.1111905Z info: OIBridge/PolarizationClosure.lean:746:0: 'OIBridge.PolarizationClosure.polC_mem_gen' depends on axioms: [propext, Classical.choice, Quot.sound]
2026-09-26T10:27:37.1112389Z info: OIBridge/PolarizationClosure.lean:747:0: 'OIBridge.PolarizationClosure.polC_countable_upToScalar' depends on axioms: [propext, Classical.choice, Quot.sound]
2026-09-26T10:27:37.1112891Z info: OIBridge/PolarizationClosure.lean:748:0: 'OIBridge.PolarizationClosure.polGen_countable_upToScalar' depends on axioms: [propext, Classical.choice, Quot.sound]
2026-09-26T10:27:37.1113357Z info: OIBridge/PolarizationClosure.lean:749:0: 'OIBridge.PolarizationClosure.polarizedTheoryC_not_layerFlowExecutable' depends on axioms: [propext,
2026-09-26T10:27:37.1113584Z  Classical.choice,
2026-09-26T10:27:37.1113670Z  Quot.sound]
2026-09-26T10:27:37.1114138Z info: OIBridge/PolarizationClosure.lean:750:0: 'OIBridge.PolarizationClosure.polarizedTheory_not_layerFlowExecutable' depends on axioms: [propext,
2026-09-26T10:27:37.1114224Z  Classical.choice,
2026-09-26T10:27:37.1114309Z  Quot.sound]
2026-09-26T10:27:37.1114793Z info: OIBridge/PolarizationClosure.lean:751:0: 'OIBridge.PolarizationClosure.phaseRelabel_block' depends on axioms: [propext, Classical.choice, Quot.sound]
2026-09-26T10:27:37.1115243Z info: OIBridge/PolarizationClosure.lean:752:0: 'OIBridge.PolarizationClosure.polC_phaseGate' depends on axioms: [propext, Classical.choice, Quot.sound]
2026-09-26T10:27:37.1115681Z info: OIBridge/PolarizationClosure.lean:753:0: 'OIBridge.PolarizationClosure.polarizedTheoryC_phasesAvailable' depends on axioms: [propext,
2026-09-26T10:27:37.1116068Z  Classical.choice,
2026-09-26T10:27:37.1116183Z  Quot.sound]
2026-09-26T10:27:37.1116675Z info: OIBridge/PolarizationClosure.lean:754:0: 'OIBridge.PolarizationClosure.polC_daggerStable' depends on axioms: [propext, Classical.choice, Quot.sound]
2026-09-26T10:27:37.1117138Z info: OIBridge/PolarizationClosure.lean:755:0: 'OIBridge.PolarizationClosure.polC_contextStable' depends on axioms: [propext, Classical.choice, Quot.sound]
2026-09-26T10:27:37.1117641Z info: OIBridge/PolarizationClosure.lean:756:0: 'OIBridge.PolarizationClosure.polarizedTheoryC_derivedOI' depends on axioms: [propext, Classical.choice, Quot.sound]
2026-09-26T10:27:37.1118133Z info: OIBridge/PolarizationClosure.lean:757:0: 'OIBridge.PolarizationClosure.polarizedTheoryC_not_qm' depends on axioms: [propext, Classical.choice, Quot.sound]
2026-09-26T10:27:37.1118599Z info: OIBridge/PolarizationClosure.lean:758:0: 'OIBridge.PolarizationClosure.killBattery'_not_qm' depends on axioms: [propext, Classical.choice, Quot.sound]
2026-09-26T10:27:37.1119066Z info: OIBridge/PolarizationClosure.lean:759:0: 'OIBridge.PolarizationClosure.levelThreeWord_mem' depends on axioms: [propext, Classical.choice, Quot.sound]
2026-09-26T10:27:37.1119546Z info: OIBridge/PolarizationClosure.lean:760:0: 'OIBridge.PolarizationClosure.levelThree_word_block' depends on axioms: [propext, Classical.choice, Quot.sound]
2026-09-26T10:27:37.1120050Z info: OIBridge/PolarizationClosure.lean:761:0: 'OIBridge.PolarizationClosure.levelThree_block_not_clifford' depends on axioms: [propext, Classical.choice, Quot.sound]
2026-09-26T10:27:37.1120511Z info: OIBridge/PolarizationClosure.lean:762:0: 'OIBridge.PolarizationClosure.polC_levelThree_block' depends on axioms: [propext, Classical.choice, Quot.sound]
2026-09-26T10:27:37.1120736Z ℹ [3519/3600] Replayed OIBridge.CoherentContinuumSource
2026-09-26T10:27:37.1121245Z info: OIBridge/CoherentContinuumSource.lean:349:0: 'OIBridge.CoherentContinuumSource.gateFlow_entries_im' depends on axioms: [propext, Classical.choice, Quot.sound]
2026-09-26T10:27:37.1121751Z info: OIBridge/CoherentContinuumSource.lean:350:0: 'OIBridge.CoherentContinuumSource.gateFlow_not_monomial' depends on axioms: [propext, Classical.choice, Quot.sound]
2026-09-26T10:27:37.1122251Z info: OIBridge/CoherentContinuumSource.lean:351:0: 'OIBridge.CoherentContinuumSource.isMonomial_of_smul' depends on axioms: [propext, Classical.choice, Quot.sound]
2026-09-26T10:27:37.1122698Z info: OIBridge/CoherentContinuumSource.lean:352:0: 'OIBridge.CoherentContinuumSource.gateFlow_not_countablyCovered' depends on axioms: [propext,
2026-09-26T10:27:37.1122783Z  Classical.choice,
2026-09-26T10:27:37.1122868Z  Quot.sound]
2026-09-26T10:27:37.1123370Z info: OIBridge/CoherentContinuumSource.lean:353:0: 'OIBridge.CoherentContinuumSource.nonMonomialCountablyCovered_of_countable' depends on axioms: [propext,
2026-09-26T10:27:37.1123457Z  Classical.choice,
2026-09-26T10:27:37.1123542Z  Quot.sound]
2026-09-26T10:27:37.1124074Z info: OIBridge/CoherentContinuumSource.lean:354:0: 'OIBridge.CoherentContinuumSource.uncountableNonMonomialRays_of_layerFlowExecutable' depends on axioms: [propext,
2026-09-26T10:27:37.1124284Z  Classical.choice,
2026-09-26T10:27:37.1124367Z  Quot.sound]
2026-09-26T10:27:37.1124911Z info: OIBridge/CoherentContinuumSource.lean:355:0: 'OIBridge.CoherentContinuumSource.not_layerFlowExecutable_of_nonMonomialCountablyCovered' depends on axioms: [propext,
2026-09-26T10:27:37.1124993Z  Classical.choice,
2026-09-26T10:27:37.1125078Z  Quot.sound]
2026-09-26T10:27:37.1125552Z info: OIBridge/CoherentContinuumSource.lean:356:0: 'OIBridge.CoherentContinuumSource.uncountableNonMonomialRays_of_qm' depends on axioms: [propext,
2026-09-26T10:27:37.1125635Z  Classical.choice,
2026-09-26T10:27:37.1125718Z  Quot.sound]
2026-09-26T10:27:37.1126485Z info: OIBridge/CoherentContinuumSource.lean:357:0: 'OIBridge.CoherentContinuumSource.substratumClass_monomial' depends on axioms: [propext, Classical.choice, Quot.sound]
2026-09-26T10:27:37.1127067Z info: OIBridge/CoherentContinuumSource.lean:358:0: 'OIBridge.CoherentContinuumSource.weightGate_not_proportional' depends on axioms: [propext,
2026-09-26T10:27:37.1127162Z  Classical.choice,
2026-09-26T10:27:37.1127242Z  Quot.sound]
2026-09-26T10:27:37.1127732Z info: OIBridge/CoherentContinuumSource.lean:359:0: 'OIBridge.CoherentContinuumSource.substratumClass_not_countablyCovered' depends on axioms: [propext,
2026-09-26T10:27:37.1127819Z  Classical.choice,
2026-09-26T10:27:37.1127898Z  Quot.sound]
2026-09-26T10:27:37.1128360Z info: OIBridge/CoherentContinuumSource.lean:360:0: 'OIBridge.CoherentContinuumSource.polC_nonMonomialCountablyCovered' depends on axioms: [propext,
2026-09-26T10:27:37.1128446Z  Classical.choice,
2026-09-26T10:27:37.1128523Z  Quot.sound]
2026-09-26T10:27:37.1129051Z info: OIBridge/CoherentContinuumSource.lean:361:0: 'OIBridge.CoherentContinuumSource.known_failures_orthogonal' depends on axioms: [propext, Classical.choice, Quot.sound]
2026-09-26T10:27:37.1129517Z info: OIBridge/CoherentContinuumSource.lean:362:0: 'OIBridge.CoherentContinuumSource.readWriteOperator_range_finite' depends on axioms: [propext,
2026-09-26T10:27:37.1129604Z  Classical.choice,
2026-09-26T10:27:37.1129686Z  Quot.sound]
2026-09-26T10:27:37.1130194Z info: OIBridge/CoherentContinuumSource.lean:363:0: 'OIBridge.CoherentContinuumSource.readWrite_parameter_uncountable_image_finite' depends on axioms: [propext,
2026-09-26T10:27:37.1130279Z  Classical.choice,
2026-09-26T10:27:37.1130361Z  Quot.sound]
2026-09-26T10:27:37.1130810Z info: OIBridge/CoherentContinuumSource.lean:364:0: 'OIBridge.CoherentContinuumSource.gateFlow_path_coherent_continuum' depends on axioms: [propext,
2026-09-26T10:27:37.1130892Z  Classical.choice,
2026-09-26T10:27:37.1130973Z  Quot.sound]
2026-09-26T10:27:37.1131415Z info: OIBridge/CoherentContinuumSource.lean:365:0: 'OIBridge.CoherentContinuumSource.coherent_continuum_not_sourced' depends on axioms: [propext,
2026-09-26T10:27:37.1131496Z  Classical.choice,
2026-09-26T10:27:37.1131578Z  Quot.sound]
2026-09-26T10:27:37.1131779Z ℹ [3520/3600] Replayed OIBridge.StateMixingCoupling
2026-09-26T10:27:37.1132228Z info: OIBridge/StateMixingCoupling.lean:707:0: 'OIBridge.StateMixingCoupling.mixR_arch' depends on axioms: [propext, Classical.choice, Quot.sound]
2026-09-26T10:27:37.1132690Z info: OIBridge/StateMixingCoupling.lean:708:0: 'OIBridge.StateMixingCoupling.mixR_le_mixC' depends on axioms: [propext, Classical.choice, Quot.sound]
2026-09-26T10:27:37.1133127Z info: OIBridge/StateMixingCoupling.lean:709:0: 'OIBridge.StateMixingCoupling.mixImage_mul' depends on axioms: [propext, Classical.choice, Quot.sound]
2026-09-26T10:27:37.1133598Z info: OIBridge/StateMixingCoupling.lean:710:0: 'OIBridge.StateMixingCoupling.mixImage_unitary' depends on axioms: [propext, Classical.choice, Quot.sound]
2026-09-26T10:27:37.1134078Z info: OIBridge/StateMixingCoupling.lean:711:0: 'OIBridge.StateMixingCoupling.mixImage_not_monomial' depends on axioms: [propext, Classical.choice, Quot.sound]
2026-09-26T10:27:37.1134575Z info: OIBridge/StateMixingCoupling.lean:712:0: 'OIBridge.StateMixingCoupling.mixImage_not_proportional' depends on axioms: [propext, Classical.choice, Quot.sound]
2026-09-26T10:27:37.1135130Z info: OIBridge/StateMixingCoupling.lean:713:0: 'OIBridge.StateMixingCoupling.mixC_uncountableNonMonomialRays' depends on axioms: [propext,
2026-09-26T10:27:37.1135220Z  Classical.choice,
2026-09-26T10:27:37.1135304Z  Quot.sound]
2026-09-26T10:27:37.1135937Z info: OIBridge/StateMixingCoupling.lean:714:0: 'OIBridge.StateMixingCoupling.phaseIndicator_mem' depends on axioms: [propext, Classical.choice, Quot.sound]
2026-09-26T10:27:37.1136421Z info: OIBridge/StateMixingCoupling.lean:715:0: 'OIBridge.StateMixingCoupling.siteShear_mem' depends on axioms: [propext, Classical.choice, Quot.sound]
2026-09-26T10:27:37.1136893Z info: OIBridge/StateMixingCoupling.lean:716:0: 'OIBridge.StateMixingCoupling.gateFlow_eq_shear_mix' depends on axioms: [propext, Classical.choice, Quot.sound]
2026-09-26T10:27:37.1137448Z info: OIBridge/StateMixingCoupling.lean:717:0: 'OIBridge.StateMixingCoupling.layerFlowExecutable_of_mixSourced' depends on axioms: [propext,
2026-09-26T10:27:37.1137539Z  Classical.choice,
2026-09-26T10:27:37.1137625Z  Quot.sound]
2026-09-26T10:27:37.1138134Z info: OIBridge/StateMixingCoupling.lean:718:0: 'OIBridge.StateMixingCoupling.mixTheory_layerFlowExecutable' depends on axioms: [propext, Classical.choice, Quot.sound]
2026-09-26T10:27:37.1138596Z info: OIBridge/StateMixingCoupling.lean:719:0: 'OIBridge.StateMixingCoupling.mixC_daggerStable' depends on axioms: [propext, Classical.choice, Quot.sound]
2026-09-26T10:27:37.1139054Z info: OIBridge/StateMixingCoupling.lean:720:0: 'OIBridge.StateMixingCoupling.mixC_contextStable' depends on axioms: [propext, Classical.choice, Quot.sound]
2026-09-26T10:27:37.1139514Z info: OIBridge/StateMixingCoupling.lean:721:0: 'OIBridge.StateMixingCoupling.derivedOI_of_stated' depends on axioms: [propext, Classical.choice, Quot.sound]
2026-09-26T10:27:37.1139978Z info: OIBridge/StateMixingCoupling.lean:722:0: 'OIBridge.StateMixingCoupling.mixTheory_derivedOI' depends on axioms: [propext, Classical.choice, Quot.sound]
2026-09-26T10:27:37.1140436Z info: OIBridge/StateMixingCoupling.lean:723:0: 'OIBridge.StateMixingCoupling.qm_of_mixSourced' depends on axioms: [propext, Classical.choice, Quot.sound]
2026-09-26T10:27:37.1140891Z info: OIBridge/StateMixingCoupling.lean:724:0: 'OIBridge.StateMixingCoupling.mixTheory_phaseFree' depends on axioms: [propext, Classical.choice, Quot.sound]
2026-09-26T10:27:37.1141352Z info: OIBridge/StateMixingCoupling.lean:725:0: 'OIBridge.StateMixingCoupling.mixTheory_endpoint' depends on axioms: [propext, Classical.choice, Quot.sound]
2026-09-26T10:27:37.1141793Z info: OIBridge/StateMixingCoupling.lean:726:0: 'OIBridge.StateMixingCoupling.mixTheory_qm' depends on axioms: [propext, Classical.choice, Quot.sound]
2026-09-26T10:27:37.1142271Z info: OIBridge/StateMixingCoupling.lean:727:0: 'OIBridge.StateMixingCoupling.mixR_countable_upToScalar' depends on axioms: [propext, Classical.choice, Quot.sound]
2026-09-26T10:27:37.1142706Z info: OIBridge/StateMixingCoupling.lean:728:0: 'OIBridge.StateMixingCoupling.mixTheoryR_not_layerFlowExecutable' depends on axioms: [propext,
2026-09-26T10:27:37.1142797Z  Classical.choice,
2026-09-26T10:27:37.1142874Z  Quot.sound]
2026-09-26T10:27:37.1143334Z info: OIBridge/StateMixingCoupling.lean:729:0: 'OIBridge.StateMixingCoupling.mixTheoryR_not_qm' depends on axioms: [propext, Classical.choice, Quot.sound]
2026-09-26T10:27:37.1143815Z info: OIBridge/StateMixingCoupling.lean:730:0: 'OIBridge.StateMixingCoupling.mixTheory_empty_not_qm' depends on axioms: [propext, Classical.choice, Quot.sound]
2026-09-26T10:27:37.1144255Z info: OIBridge/StateMixingCoupling.lean:731:0: 'OIBridge.StateMixingCoupling.comparison' depends on axioms: [propext, Classical.choice, Quot.sound]
2026-09-26T10:27:37.1144464Z ℹ [3551/3600] Replayed OIBridge.QuantumRepresentation
2026-09-26T10:27:37.1144985Z info: OIBridge/QuantumRepresentation.lean:446:0: 'OIBridge.QuantumRepresentation.QfbData.rootMass_nonneg' depends on axioms: [propext, Classical.choice, Quot.sound]
2026-09-26T10:27:37.1145474Z info: OIBridge/QuantumRepresentation.lean:447:0: 'OIBridge.QuantumRepresentation.QfbData.condReal_Bas' depends on axioms: [propext, Classical.choice, Quot.sound]
2026-09-26T10:27:37.1146275Z info: OIBridge/QuantumRepresentation.lean:448:0: 'OIBridge.QuantumRepresentation.QfbData.condReal_U' depends on axioms: [propext, Classical.choice, Quot.sound]
2026-09-26T10:27:37.1146783Z info: OIBridge/QuantumRepresentation.lean:449:0: 'OIBridge.QuantumRepresentation.QfbData.condReal_read' depends on axioms: [propext, Classical.choice, Quot.sound]
2026-09-26T10:27:37.1147268Z info: OIBridge/QuantumRepresentation.lean:450:0: 'OIBridge.QuantumRepresentation.QfbData.condReal_born' depends on axioms: [propext, Classical.choice, Quot.sound]
2026-09-26T10:27:37.1147772Z info: OIBridge/QuantumRepresentation.lean:451:0: 'OIBridge.QuantumRepresentation.QfbData.condReal_chain' depends on axioms: [propext, Classical.choice, Quot.sound]
2026-09-26T10:27:37.1148439Z info: OIBridge/QuantumRepresentation.lean:452:0: 'OIBridge.QuantumRepresentation.QfbData.condReal_isLaw' depends on axioms: [propext, Classical.choice, Quot.sound]
2026-09-26T10:27:37.1148932Z info: OIBridge/QuantumRepresentation.lean:453:0: 'OIBridge.QuantumRepresentation.QfbData.condReal_law' depends on axioms: [propext, Classical.choice, Quot.sound]
2026-09-26T10:27:37.1149424Z info: OIBridge/QuantumRepresentation.lean:454:0: 'OIBridge.QuantumRepresentation.qfbRealizable_rootTraj' depends on axioms: [propext, Classical.choice, Quot.sound]
2026-09-26T10:27:37.1149901Z info: OIBridge/QuantumRepresentation.lean:455:0: 'OIBridge.QuantumRepresentation.QfbData.sum_path' depends on axioms: [propext, Classical.choice, Quot.sound]
2026-09-26T10:27:37.1150370Z info: OIBridge/QuantumRepresentation.lean:456:0: 'OIBridge.QuantumRepresentation.sum_marg_mul' depends on axioms: [propext, Classical.choice, Quot.sound]
2026-09-26T10:27:37.1150873Z info: OIBridge/QuantumRepresentation.lean:457:0: 'OIBridge.QuantumRepresentation.QfbData.rootTraj_eq' depends on axioms: [propext, Classical.choice, Quot.sound]
2026-09-26T10:27:37.1151390Z info: OIBridge/QuantumRepresentation.lean:458:0: 'OIBridge.QuantumRepresentation.QfbData.rootTraj_marginal' depends on axioms: [propext, Classical.choice, Quot.sound]
2026-09-26T10:27:37.1151856Z info: OIBridge/QuantumRepresentation.lean:459:0: 'OIBridge.QuantumRepresentation.QfbData.sum_born' depends on axioms: [propext, Classical.choice, Quot.sound]
2026-09-26T10:27:37.1152328Z info: OIBridge/QuantumRepresentation.lean:460:0: 'OIBridge.QuantumRepresentation.QfbData.sum_bornPow' depends on axioms: [propext, Classical.choice, Quot.sound]
2026-09-26T10:27:37.1152814Z info: OIBridge/QuantumRepresentation.lean:461:0: 'OIBridge.QuantumRepresentation.QfbData.bornPow_of_det' depends on axioms: [propext, Classical.choice, Quot.sound]
2026-09-26T10:27:37.1153006Z ℹ [3552/3600] Replayed OIBridge.SemigroupTransfer
2026-09-26T10:27:37.1153449Z info: OIBridge/SemigroupTransfer.lean:1115:0: 'OIBridge.SemigroupTransfer.enlarge_apply' depends on axioms: [propext, Classical.choice, Quot.sound]
2026-09-26T10:27:37.1153912Z info: OIBridge/SemigroupTransfer.lean:1116:0: 'OIBridge.SemigroupTransfer.visibleBlock_apply' depends on axioms: [propext, Classical.choice, Quot.sound]
2026-09-26T10:27:37.1154372Z info: OIBridge/SemigroupTransfer.lean:1117:0: 'OIBridge.SemigroupTransfer.visibleBlock_enlarge' depends on axioms: [propext, Classical.choice, Quot.sound]
2026-09-26T10:27:37.1154812Z info: OIBridge/SemigroupTransfer.lean:1118:0: 'OIBridge.SemigroupTransfer.familyAt_single' depends on axioms: [propext, Classical.choice, Quot.sound]
2026-09-26T10:27:37.1155259Z info: OIBridge/SemigroupTransfer.lean:1119:0: 'OIBridge.SemigroupTransfer.amplitude_gram_entry' depends on axioms: [propext, Classical.choice, Quot.sound]
2026-09-26T10:27:37.1155724Z info: OIBridge/SemigroupTransfer.lean:1120:0: 'OIBridge.SemigroupTransfer.krausOf_toEuclideanLin' depends on axioms: [propext, Classical.choice, Quot.sound]
2026-09-26T10:27:37.1156457Z info: OIBridge/SemigroupTransfer.lean:1121:0: 'OIBridge.SemigroupTransfer.krausMap_smul' depends on axioms: [propext, Classical.choice, Quot.sound]
2026-09-26T10:27:37.1157054Z info: OIBridge/SemigroupTransfer.lean:1122:0: 'OIBridge.SemigroupTransfer.sqrt_scalar_sq' depends on axioms: [propext, Classical.choice, Quot.sound]
2026-09-26T10:27:37.1157542Z info: OIBridge/SemigroupTransfer.lean:1123:0: 'OIBridge.SemigroupTransfer.purifiedIsometry_apply' depends on axioms: [propext, Classical.choice, Quot.sound]
2026-09-26T10:27:37.1158048Z info: OIBridge/SemigroupTransfer.lean:1124:0: 'OIBridge.SemigroupTransfer.familyAt_eq_stinespringChannel' depends on axioms: [propext, Classical.choice, Quot.sound]
2026-09-26T10:27:37.1158486Z info: OIBridge/SemigroupTransfer.lean:1125:0: 'OIBridge.SemigroupTransfer.readingA_perTime' depends on axioms: [propext, Classical.choice, Quot.sound]
2026-09-26T10:27:37.1159019Z info: OIBridge/SemigroupTransfer.lean:1126:0: 'OIBridge.SemigroupTransfer.conj_pow' depends on axioms: [propext, Classical.choice, Quot.sound]
2026-09-26T10:27:37.1159480Z info: OIBridge/SemigroupTransfer.lean:1127:0: 'OIBridge.SemigroupTransfer.hiddenKron_unitary' depends on axioms: [propext, Classical.choice, Quot.sound]
2026-09-26T10:27:37.1159920Z info: OIBridge/SemigroupTransfer.lean:1128:0: 'OIBridge.SemigroupTransfer.krausMap_mix' depends on axioms: [propext, Classical.choice, Quot.sound]
2026-09-26T10:27:37.1160362Z info: OIBridge/SemigroupTransfer.lean:1129:0: 'OIBridge.SemigroupTransfer.mixing_unitary' depends on axioms: [propext, Classical.choice, Quot.sound]
2026-09-26T10:27:37.1160828Z info: OIBridge/SemigroupTransfer.lean:1130:0: 'OIBridge.SemigroupTransfer.hiddenKron_mul_apply' depends on axioms: [propext, Classical.choice, Quot.sound]
2026-09-26T10:27:37.1161241Z info: OIBridge/SemigroupTransfer.lean:1131:0: 'OIBridge.SemigroupTransfer.mul_hiddenKron_conjTranspose_apply' depends on axioms: [propext,
2026-09-26T10:27:37.1161333Z  Classical.choice,
2026-09-26T10:27:37.1161419Z  Quot.sound]
2026-09-26T10:27:37.1162232Z info: OIBridge/SemigroupTransfer.lean:1132:0: 'OIBridge.SemigroupTransfer.kraus_hiddenConjugate' depends on axioms: [propext, Classical.choice, Quot.sound]
2026-09-26T10:27:37.1162722Z info: OIBridge/SemigroupTransfer.lean:1133:0: 'OIBridge.SemigroupTransfer.familyAt_hiddenConjugate' depends on axioms: [propext, Classical.choice, Quot.sound]
2026-09-26T10:27:37.1163192Z info: OIBridge/SemigroupTransfer.lean:1134:0: 'OIBridge.SemigroupTransfer.hiddenConjugate_family' depends on axioms: [propext, Classical.choice, Quot.sound]
2026-09-26T10:27:37.1163706Z info: OIBridge/SemigroupTransfer.lean:1135:0: 'OIBridge.SemigroupTransfer.permMatrix_entry' depends on axioms: [propext, Classical.choice, Quot.sound]
2026-09-26T10:27:37.1164445Z info: OIBridge/SemigroupTransfer.lean:1136:0: 'OIBridge.SemigroupTransfer.visibleBlock_conj' depends on axioms: [propext, Classical.choice, Quot.sound]
2026-09-26T10:27:37.1165185Z info: OIBridge/SemigroupTransfer.lean:1137:0: 'OIBridge.SemigroupTransfer.sandwich_mul' depends on axioms: [propext, Classical.choice, Quot.sound]
2026-09-26T10:27:37.1166109Z info: OIBridge/SemigroupTransfer.lean:1138:0: 'OIBridge.SemigroupTransfer.wordEval_conj' depends on axioms: [propext, Classical.choice, Quot.sound]
2026-09-26T10:27:37.1166930Z info: OIBridge/SemigroupTransfer.lean:1139:0: 'OIBridge.SemigroupTransfer.trace_wordEval_conj' depends on axioms: [propext, Classical.choice, Quot.sound]
2026-09-26T10:27:37.1167740Z info: OIBridge/SemigroupTransfer.lean:1140:0: 'OIBridge.SemigroupTransfer.wordEval_enlarge' depends on axioms: [propext, Classical.choice, Quot.sound]
2026-09-26T10:27:37.1168579Z info: OIBridge/SemigroupTransfer.lean:1141:0: 'OIBridge.SemigroupTransfer.deltaWord_balanced' depends on axioms: [propext, Classical.choice, Quot.sound]
2026-09-26T10:27:37.1169408Z info: OIBridge/SemigroupTransfer.lean:1142:0: 'OIBridge.SemigroupTransfer.trace_wordEval_enlarge' depends on axioms: [propext, Classical.choice, Quot.sound]
2026-09-26T10:27:37.1170302Z info: OIBridge/SemigroupTransfer.lean:1143:0: 'OIBridge.SemigroupTransfer.trace_wordEval_hiddenConjugate' depends on axioms: [propext, Classical.choice, Quot.sound]
2026-09-26T10:27:37.1171267Z info: OIBridge/SemigroupTransfer.lean:1144:0: 'OIBridge.SemigroupTransfer.pow_involution' depends on axioms: [propext, Classical.choice, Quot.sound]
2026-09-26T10:27:37.1172077Z info: OIBridge/SemigroupTransfer.lean:1145:0: 'OIBridge.SemigroupTransfer.familyAt_involution_eq' depends on axioms: [propext, Classical.choice, Quot.sound]
2026-09-26T10:27:37.1172769Z info: OIBridge/SemigroupTransfer.lean:1146:0: 'OIBridge.SemigroupTransfer.permMatrix_mul_self' depends on axioms: [propext, Classical.choice, Quot.sound]
2026-09-26T10:27:37.1173595Z info: OIBridge/SemigroupTransfer.lean:1147:0: 'OIBridge.SemigroupTransfer.permMatrix_conjTranspose_self' depends on axioms: [propext, Classical.choice, Quot.sound]
2026-09-26T10:27:37.1174528Z info: OIBridge/SemigroupTransfer.lean:1148:0: 'OIBridge.SemigroupTransfer.krausMap_expand' depends on axioms: [propext, Classical.choice, Quot.sound]
2026-09-26T10:27:37.1175271Z info: OIBridge/SemigroupTransfer.lean:1149:0: 'OIBridge.SemigroupTransfer.familyAt_expand' depends on axioms: [propext, Classical.choice, Quot.sound]
2026-09-26T10:27:37.1176220Z info: OIBridge/SemigroupTransfer.lean:1150:0: 'OIBridge.SemigroupTransfer.familyAt_eq_of_blockTraces' depends on axioms: [propext, Classical.choice, Quot.sound]
2026-09-26T10:27:37.1177071Z info: OIBridge/SemigroupTransfer.lean:1151:0: 'OIBridge.SemigroupTransfer.hiddenKron_mul_permMatrix' depends on axioms: [propext, Classical.choice, Quot.sound]
2026-09-26T10:27:37.1177886Z info: OIBridge/SemigroupTransfer.lean:1152:0: 'OIBridge.SemigroupTransfer.permMatrix_mul_hiddenKron' depends on axioms: [propext, Classical.choice, Quot.sound]
2026-09-26T10:27:37.1178603Z info: OIBridge/SemigroupTransfer.lean:1153:0: 'OIBridge.SemigroupTransfer.trace_visibleBlock_hiddenConjugate' depends on axioms: [propext,
2026-09-26T10:27:37.1178749Z  Classical.choice,
2026-09-26T10:27:37.1178879Z  Quot.sound]
2026-09-26T10:27:37.1179660Z info: OIBridge/SemigroupTransfer.lean:1154:0: 'OIBridge.SemigroupTransfer.pairA_blocks' depends on axioms: [propext, Classical.choice, Quot.sound]
2026-09-26T10:27:37.1180434Z info: OIBridge/SemigroupTransfer.lean:1155:0: 'OIBridge.SemigroupTransfer.pairC_blocks' depends on axioms: [propext, Classical.choice, Quot.sound]
2026-09-26T10:27:37.1181165Z info: OIBridge/SemigroupTransfer.lean:1156:0: 'OIBridge.SemigroupTransfer.adj_literals' depends on axioms: [propext, Classical.choice, Quot.sound]
2026-09-26T10:27:37.1181642Z info: OIBridge/SemigroupTransfer.lean:1157:0: 'OIBridge.SemigroupTransfer.ST2_pairA' depends on axioms: [propext, Classical.choice, Quot.sound]
2026-09-26T10:27:37.1182061Z info: OIBridge/SemigroupTransfer.lean:1158:0: 'OIBridge.SemigroupTransfer.pairC_hct' depends on axioms: [propext, Classical.choice, Quot.sound]
2026-09-26T10:27:37.1182671Z info: OIBridge/SemigroupTransfer.lean:1159:0: 'OIBridge.SemigroupTransfer.pairC'_hct' depends on axioms: [propext, Classical.choice, Quot.sound]
2026-09-26T10:27:37.1183436Z info: OIBridge/SemigroupTransfer.lean:1160:0: 'OIBridge.SemigroupTransfer.pairC_family' depends on axioms: [propext, Classical.choice, Quot.sound]
2026-09-26T10:27:37.1184030Z info: OIBridge/SemigroupTransfer.lean:1161:0: 'OIBridge.SemigroupTransfer.ST3_pairC' depends on axioms: [propext, Classical.choice, Quot.sound]
2026-09-26T10:27:37.1184541Z info: OIBridge/SemigroupTransfer.lean:1162:0: 'OIBridge.SemigroupTransfer.pairC_wordTraces' depends on axioms: [propext, Classical.choice, Quot.sound]
2026-09-26T10:27:37.1185030Z info: OIBridge/SemigroupTransfer.lean:1163:0: 'OIBridge.SemigroupTransfer.ST4_pairC' depends on axioms: [propext, Classical.choice, Quot.sound]
2026-09-26T10:27:37.1185914Z info: OIBridge/SemigroupTransfer.lean:1164:0: 'OIBridge.SemigroupTransfer.mul_hiddenKron_apply' depends on axioms: [propext, Classical.choice, Quot.sound]
2026-09-26T10:27:37.1186755Z info: OIBridge/SemigroupTransfer.lean:1165:0: 'OIBridge.SemigroupTransfer.mul_singleKron_apply' depends on axioms: [propext, Classical.choice, Quot.sound]
2026-09-26T10:27:37.1187771Z info: OIBridge/SemigroupTransfer.lean:1166:0: 'OIBridge.SemigroupTransfer.singleKron_mul_apply' depends on axioms: [propext, Classical.choice, Quot.sound]
2026-09-26T10:27:37.1188532Z info: OIBridge/SemigroupTransfer.lean:1167:0: 'OIBridge.SemigroupTransfer.eq_oneKron_of_comm' depends on axioms: [propext, Classical.choice, Quot.sound]
2026-09-26T10:27:37.1189237Z info: OIBridge/SemigroupTransfer.lean:1168:0: 'OIBridge.SemigroupTransfer.slice_comm' depends on axioms: [propext, Classical.choice, Quot.sound]
2026-09-26T10:27:37.1190058Z info: OIBridge/SemigroupTransfer.lean:1169:0: 'OIBridge.SemigroupTransfer.hiddenKron_comm_enlarge' depends on axioms: [propext, Classical.choice, Quot.sound]
2026-09-26T10:27:37.1190816Z info: OIBridge/SemigroupTransfer.lean:1170:0: 'OIBridge.SemigroupTransfer.enlarge_unitary' depends on axioms: [propext, Classical.choice, Quot.sound]
2026-09-26T10:27:37.1191751Z info: OIBridge/SemigroupTransfer.lean:1171:0: 'OIBridge.SemigroupTransfer.separating_of_hct' depends on axioms: [propext, Classical.choice, Quot.sound]
2026-09-26T10:27:37.1192525Z info: OIBridge/SemigroupTransfer.lean:1172:0: 'OIBridge.SemigroupTransfer.one_kronecker_sub' depends on axioms: [propext, Classical.choice, Quot.sound]
2026-09-26T10:27:37.1193284Z info: OIBridge/SemigroupTransfer.lean:1173:0: 'OIBridge.SemigroupTransfer.hct_of_separating' depends on axioms: [propext, Classical.choice, Quot.sound]
2026-09-26T10:27:37.1194099Z info: OIBridge/SemigroupTransfer.lean:1174:0: 'OIBridge.SemigroupTransfer.starProjection_comm' depends on axioms: [propext, Classical.choice, Quot.sound]
2026-09-26T10:27:37.1194854Z info: OIBridge/SemigroupTransfer.lean:1175:0: 'OIBridge.SemigroupTransfer.ST0c_cyclic_iff' depends on axioms: [propext, Classical.choice, Quot.sound]
2026-09-26T10:27:37.1195314Z ℹ [3553/3600] Replayed OIBridge.WordTraceSufficiency
2026-09-26T10:27:37.1196278Z info: OIBridge/WordTraceSufficiency.lean:712:0: 'OIBridge.WordTraceSufficiency.wordEval_nil' depends on axioms: [propext, Classical.choice, Quot.sound]
2026-09-26T10:27:37.1197087Z info: OIBridge/WordTraceSufficiency.lean:713:0: 'OIBridge.WordTraceSufficiency.wordEval_append' depends on axioms: [propext, Classical.choice, Quot.sound]
2026-09-26T10:27:37.1197961Z info: OIBridge/WordTraceSufficiency.lean:714:0: 'OIBridge.WordTraceSufficiency.visibleBlock_eq_wordEval' depends on axioms: [propext, Classical.choice, Quot.sound]
2026-09-26T10:27:37.1198744Z info: OIBridge/WordTraceSufficiency.lean:715:0: 'OIBridge.WordTraceSufficiency.wordStar_cons' depends on axioms: [propext, Classical.choice, Quot.sound]
2026-09-26T10:27:37.1199561Z info: OIBridge/WordTraceSufficiency.lean:716:0: 'OIBridge.WordTraceSufficiency.wordEval_wordStar' depends on axioms: [propext, Classical.choice, Quot.sound]
2026-09-26T10:27:37.1200384Z info: OIBridge/WordTraceSufficiency.lean:717:0: 'OIBridge.WordTraceSufficiency.wordEval_mem_wordSpan' depends on axioms: [propext, Classical.choice, Quot.sound]
2026-09-26T10:27:37.1201176Z info: OIBridge/WordTraceSufficiency.lean:718:0: 'OIBridge.WordTraceSufficiency.one_mem_wordSpan' depends on axioms: [propext, Classical.choice, Quot.sound]
2026-09-26T10:27:37.1202031Z info: OIBridge/WordTraceSufficiency.lean:719:0: 'OIBridge.WordTraceSufficiency.visibleBlock_mem_wordSpan' depends on axioms: [propext, Classical.choice, Quot.sound]
2026-09-26T10:27:37.1202927Z info: OIBridge/WordTraceSufficiency.lean:720:0: 'OIBridge.WordTraceSufficiency.wordEval_mul_mem_wordSpan' depends on axioms: [propext, Classical.choice, Quot.sound]
2026-09-26T10:27:37.1203723Z info: OIBridge/WordTraceSufficiency.lean:721:0: 'OIBridge.WordTraceSufficiency.mul_mem_wordSpan' depends on axioms: [propext, Classical.choice, Quot.sound]
2026-09-26T10:27:37.1204758Z info: OIBridge/WordTraceSufficiency.lean:722:0: 'OIBridge.WordTraceSufficiency.conjTranspose_mem_wordSpan' depends on axioms: [propext, Classical.choice, Quot.sound]
2026-09-26T10:27:37.1205655Z info: OIBridge/WordTraceSufficiency.lean:723:0: 'OIBridge.WordTraceSufficiency.exists_linearCombination' depends on axioms: [propext, Classical.choice, Quot.sound]
2026-09-26T10:27:37.1206859Z info: OIBridge/WordTraceSufficiency.lean:724:0: 'OIBridge.WordTraceSufficiency.linearCombination_mem_wordSpan' depends on axioms: [propext,
2026-09-26T10:27:37.1207006Z  Classical.choice,
2026-09-26T10:27:37.1207131Z  Quot.sound]
2026-09-26T10:27:37.1208018Z info: OIBridge/WordTraceSufficiency.lean:725:0: 'OIBridge.WordTraceSufficiency.trace_linearCombination_gram' depends on axioms: [propext, Classical.choice, Quot.sound]
2026-09-26T10:27:37.1208923Z info: OIBridge/WordTraceSufficiency.lean:726:0: 'OIBridge.WordTraceSufficiency.gram_eq_of_wordTracesEqual' depends on axioms: [propext, Classical.choice, Quot.sound]
2026-09-26T10:27:37.1209825Z info: OIBridge/WordTraceSufficiency.lean:727:0: 'OIBridge.WordTraceSufficiency.linearCombination_eq_zero_of_wordTracesEqual' depends on axioms: [propext,
2026-09-26T10:27:37.1209988Z  Classical.choice,
2026-09-26T10:27:37.1210351Z  Quot.sound]
2026-09-26T10:27:37.1211291Z info: OIBridge/WordTraceSufficiency.lean:728:0: 'OIBridge.WordTraceSufficiency.ker_linearCombination_le' depends on axioms: [propext, Classical.choice, Quot.sound]
2026-09-26T10:27:37.1212312Z info: OIBridge/WordTraceSufficiency.lean:729:0: 'OIBridge.WordTraceSufficiency.transferMap_linearCombination' depends on axioms: [propext, Classical.choice, Quot.sound]
2026-09-26T10:27:37.1213272Z info: OIBridge/WordTraceSufficiency.lean:730:0: 'OIBridge.WordTraceSufficiency.transferMap_apply_of_eq' depends on axioms: [propext, Classical.choice, Quot.sound]
2026-09-26T10:27:37.1214214Z info: OIBridge/WordTraceSufficiency.lean:731:0: 'OIBridge.WordTraceSufficiency.transferMap_wordEval' depends on axioms: [propext, Classical.choice, Quot.sound]
2026-09-26T10:27:37.1215137Z info: OIBridge/WordTraceSufficiency.lean:732:0: 'OIBridge.WordTraceSufficiency.transferMap_range' depends on axioms: [propext, Classical.choice, Quot.sound]
2026-09-26T10:27:37.1217036Z info: OIBridge/WordTraceSufficiency.lean:733:0: 'OIBridge.WordTraceSufficiency.transferMap_one' depends on axioms: [propext, Classical.choice, Quot.sound]
2026-09-26T10:27:37.1217959Z info: OIBridge/WordTraceSufficiency.lean:734:0: 'OIBridge.WordTraceSufficiency.transferMap_trace' depends on axioms: [propext, Classical.choice, Quot.sound]
2026-09-26T10:27:37.1218917Z info: OIBridge/WordTraceSufficiency.lean:735:0: 'OIBridge.WordTraceSufficiency.transferMap_wordEval_mul' depends on axioms: [propext, Classical.choice, Quot.sound]
2026-09-26T10:27:37.1219797Z info: OIBridge/WordTraceSufficiency.lean:736:0: 'OIBridge.WordTraceSufficiency.transferMap_mul' depends on axioms: [propext, Classical.choice, Quot.sound]
2026-09-26T10:27:37.1220705Z info: OIBridge/WordTraceSufficiency.lean:737:0: 'OIBridge.WordTraceSufficiency.transferMap_conjTranspose' depends on axioms: [propext, Classical.choice, Quot.sound]
2026-09-26T10:27:37.1221593Z info: OIBridge/WordTraceSufficiency.lean:738:0: 'OIBridge.WordTraceSufficiency.transferMap_injective' depends on axioms: [propext, Classical.choice, Quot.sound]
2026-09-26T10:27:37.1222404Z info: OIBridge/WordTraceSufficiency.lean:739:0: 'OIBridge.WordTraceSufficiency.WT1_transfer' depends on axioms: [propext, Classical.choice, Quot.sound]
2026-09-26T10:27:37.1223246Z info: OIBridge/WordTraceSufficiency.lean:740:0: 'OIBridge.WordTraceSufficiency.single_mul_single_ite' depends on axioms: [propext, Classical.choice, Quot.sound]
2026-09-26T10:27:37.1224131Z info: OIBridge/WordTraceSufficiency.lean:741:0: 'OIBridge.WordTraceSufficiency.conjTranspose_single_one' depends on axioms: [propext, Classical.choice, Quot.sound]
2026-09-26T10:27:37.1225012Z info: OIBridge/WordTraceSufficiency.lean:742:0: 'OIBridge.WordTraceSufficiency.exists_unitary_of_starMul' depends on axioms: [propext, Classical.choice, Quot.sound]
2026-09-26T10:27:37.1225986Z info: OIBridge/WordTraceSufficiency.lean:743:0: 'OIBridge.WordTraceSufficiency.WT2gen_oneSided' depends on axioms: [propext, Classical.choice, Quot.sound]
2026-09-26T10:27:37.1226866Z info: OIBridge/WordTraceSufficiency.lean:744:0: 'OIBridge.WordTraceSufficiency.WT2gen_hiddenConjugate' depends on axioms: [propext, Classical.choice, Quot.sound]
2026-09-26T10:27:37.1227827Z info: OIBridge/WordTraceSufficiency.lean:745:0: 'OIBridge.WordTraceSufficiency.blockSpanning_of_wordTracesEqual' depends on axioms: [propext,
2026-09-26T10:27:37.1227965Z  Classical.choice,
2026-09-26T10:27:37.1228090Z  Quot.sound]
2026-09-26T10:27:37.1228890Z info: OIBridge/WordTraceSufficiency.lean:746:0: 'OIBridge.WordTraceSufficiency.WT3_spanning' depends on axioms: [propext, Classical.choice, Quot.sound]
2026-09-26T10:27:37.1229710Z info: OIBridge/WordTraceSufficiency.lean:747:0: 'OIBridge.WordTraceSufficiency.WT3_spanning_iff' depends on axioms: [propext, Classical.choice, Quot.sound]
2026-09-26T10:27:37.1230583Z info: OIBridge/WordTraceSufficiency.lean:748:0: 'OIBridge.WordTraceSufficiency.WT4_finite_spanning_family' depends on axioms: [propext, Classical.choice, Quot.sound]
2026-09-26T10:27:37.1231475Z info: OIBridge/WordTraceSufficiency.lean:749:0: 'OIBridge.WordTraceSufficiency.WT0b_pairC_not_wordTracesEqual' depends on axioms: [propext,
2026-09-26T10:27:37.1231619Z  Classical.choice,
2026-09-26T10:27:37.1231742Z  Quot.sound]
2026-09-26T10:27:37.1232567Z info: OIBridge/WordTraceSufficiency.lean:750:0: 'OIBridge.WordTraceSufficiency.tau_permMatrix' depends on axioms: [propext, Classical.choice, Quot.sound]
2026-09-26T10:27:37.1233425Z info: OIBridge/WordTraceSufficiency.lean:751:0: 'OIBridge.WordTraceSufficiency.WT0c_positive_control' depends on axioms: [propext, Classical.choice, Quot.sound]
2026-09-26T10:27:37.1233779Z ℹ [3554/3600] Replayed OIBridge.HydroClosureBridge
2026-09-26T10:27:37.1234585Z info: OIBridge/HydroClosureBridge.lean:549:0: 'OIBridge.HydroClosureBridge.hexFugacity_pos' depends on axioms: [propext, Classical.choice, Quot.sound]
2026-09-26T10:27:37.1235428Z info: OIBridge/HydroClosureBridge.lean:550:0: 'OIBridge.HydroClosureBridge.hexLocalWeight_zero' depends on axioms: [propext, Classical.choice, Quot.sound]
2026-09-26T10:27:37.1236421Z info: OIBridge/HydroClosureBridge.lean:551:0: 'OIBridge.HydroClosureBridge.hexLocalWeight_hexFugacity' depends on axioms: [propext, Classical.choice, Quot.sound]
2026-09-26T10:27:37.1237250Z info: OIBridge/HydroClosureBridge.lean:552:0: 'OIBridge.HydroClosureBridge.hexCollide_charges' depends on axioms: [propext, Classical.choice, Quot.sound]
2026-09-26T10:27:37.1238176Z info: OIBridge/HydroClosureBridge.lean:553:0: 'OIBridge.HydroClosureBridge.hexLocalWeight_hexCollide' depends on axioms: [propext, Classical.choice, Quot.sound]
2026-09-26T10:27:37.1239063Z info: OIBridge/HydroClosureBridge.lean:554:0: 'OIBridge.HydroClosureBridge.hexConfWeight_hexStream' depends on axioms: [propext, Classical.choice, Quot.sound]
2026-09-26T10:27:37.1239901Z info: OIBridge/HydroClosureBridge.lean:555:0: 'OIBridge.HydroClosureBridge.hexConfWeight_hexGas' depends on axioms: [propext, Classical.choice, Quot.sound]
2026-09-26T10:27:37.1240746Z info: OIBridge/HydroClosureBridge.lean:556:0: 'OIBridge.HydroClosureBridge.hexFamilyFlux_apply' depends on axioms: [propext, Classical.choice, Quot.sound]
2026-09-26T10:27:37.1241595Z info: OIBridge/HydroClosureBridge.lean:557:0: 'OIBridge.HydroClosureBridge.hexFamilyFlux_isotropic' depends on axioms: [propext, Classical.choice, Quot.sound]
2026-09-26T10:27:37.1242417Z info: OIBridge/HydroClosureBridge.lean:558:0: 'OIBridge.HydroClosureBridge.hexMeanCharge_apply' depends on axioms: [propext, Classical.choice, Quot.sound]
2026-09-26T10:27:37.1243231Z info: OIBridge/HydroClosureBridge.lean:559:0: 'OIBridge.HydroClosureBridge.hexSigma_strictMono' depends on axioms: [propext, Classical.choice, Quot.sound]
2026-09-26T10:27:37.1244035Z info: OIBridge/HydroClosureBridge.lean:560:0: 'OIBridge.HydroClosureBridge.hexSigma_mul_nonneg' depends on axioms: [propext, Classical.choice, Quot.sound]
2026-09-26T10:27:37.1244842Z info: OIBridge/HydroClosureBridge.lean:561:0: 'OIBridge.HydroClosureBridge.hexSigma_mul_eq_zero' depends on axioms: [propext, Classical.choice, Quot.sound]
2026-09-26T10:27:37.1245634Z info: OIBridge/HydroClosureBridge.lean:562:0: 'OIBridge.HydroClosureBridge.hexSpan_sum_zero' depends on axioms: [propext, Classical.choice, Quot.sound]
2026-09-26T10:27:37.1246895Z info: OIBridge/HydroClosureBridge.lean:563:0: 'OIBridge.HydroClosureBridge.hexMeanCharge_injective' depends on axioms: [propext, Classical.choice, Quot.sound]
2026-09-26T10:27:37.1247643Z info: OIBridge/HydroClosureBridge.lean:564:0: 'OIBridge.HydroClosureBridge.hexStream_clauses_and_six_invariants' depends on axioms: [propext,
2026-09-26T10:27:37.1247784Z  Classical.choice,
2026-09-26T10:27:37.1247918Z  Quot.sound]
2026-09-26T10:27:37.1248720Z info: OIBridge/HydroClosureBridge.lean:565:0: 'OIBridge.HydroClosureBridge.hexGas_single_zero' depends on axioms: [propext, Classical.choice, Quot.sound]
2026-09-26T10:27:37.1249519Z info: OIBridge/HydroClosureBridge.lean:566:0: 'OIBridge.HydroClosureBridge.hexConfWeight_site_dependent_not_invariant' depends on axioms: [propext,
2026-09-26T10:27:37.1249812Z  Classical.choice,
2026-09-26T10:27:37.1249940Z  Quot.sound]
2026-09-26T10:27:37.1250662Z ℹ [3555/3600] Replayed OIBridge.RealPairFlow
2026-09-26T10:27:37.1251359Z info: OIBridge/RealPairFlow.lean:647:0: 'OIBridge.RealPairFlow.rotR_inj_small' depends on axioms: [propext, Classical.choice, Quot.sound]
2026-09-26T10:27:37.1252044Z info: OIBridge/RealPairFlow.lean:648:0: 'OIBridge.RealPairFlow.transport_rotR' depends on axioms: [propext, Classical.choice, Quot.sound]
2026-09-26T10:27:37.1252818Z info: OIBridge/RealPairFlow.lean:649:0: 'OIBridge.RealPairFlow.PairFlow.pairFlow_det_one' depends on axioms: [propext, Classical.choice, Quot.sound]
2026-09-26T10:27:37.1253570Z info: OIBridge/RealPairFlow.lean:650:0: 'OIBridge.RealPairFlow.PairFlow.pairFlow_form' depends on axioms: [propext, Classical.choice, Quot.sound]
2026-09-26T10:27:37.1254361Z info: OIBridge/RealPairFlow.lean:651:0: 'OIBridge.RealPairFlow.PairFlow.pairFlow_eq_rotR_ang' depends on axioms: [propext, Classical.choice, Quot.sound]
2026-09-26T10:27:37.1255157Z info: OIBridge/RealPairFlow.lean:652:0: 'OIBridge.RealPairFlow.PairFlow.pairFlow_exists_eps' depends on axioms: [propext, Classical.choice, Quot.sound]
2026-09-26T10:27:37.1256070Z info: OIBridge/RealPairFlow.lean:653:0: 'OIBridge.RealPairFlow.PairFlow.pairFlow_ang_add' depends on axioms: [propext, Classical.choice, Quot.sound]
2026-09-26T10:27:37.1256853Z info: OIBridge/RealPairFlow.lean:654:0: 'OIBridge.RealPairFlow.PairFlow.pairFlow_ang_linear' depends on axioms: [propext, Classical.choice, Quot.sound]
2026-09-26T10:27:37.1257597Z info: OIBridge/RealPairFlow.lean:655:0: 'OIBridge.RealPairFlow.PairFlow.pairFlow_rate' depends on axioms: [propext, Classical.choice, Quot.sound]
2026-09-26T10:27:37.1258437Z info: OIBridge/RealPairFlow.lean:656:0: 'OIBridge.RealPairFlow.PairFlow.pairFlow_supplies_mixImage' depends on axioms: [propext, Classical.choice, Quot.sound]
2026-09-26T10:27:37.1259178Z info: OIBridge/RealPairFlow.lean:657:0: 'OIBridge.RealPairFlow.qm_of_pairFlowSourced' depends on axioms: [propext, Classical.choice, Quot.sound]
2026-09-26T10:27:37.1259854Z info: OIBridge/RealPairFlow.lean:658:0: 'OIBridge.RealPairFlow.flowR_eq_mixC' depends on axioms: [propext, Classical.choice, Quot.sound]
2026-09-26T10:27:37.1260603Z info: OIBridge/RealPairFlow.lean:659:0: 'OIBridge.RealPairFlow.pairFlowTheory_endpoint' depends on axioms: [propext, Classical.choice, Quot.sound]
2026-09-26T10:27:37.1261335Z info: OIBridge/RealPairFlow.lean:660:0: 'OIBridge.RealPairFlow.pairFlowTheory_qm' depends on axioms: [propext, Classical.choice, Quot.sound]
2026-09-26T10:27:37.1262061Z info: OIBridge/RealPairFlow.lean:661:0: 'OIBridge.RealPairFlow.shearFlow_all_but_orth' depends on axioms: [propext, Classical.choice, Quot.sound]
2026-09-26T10:27:37.1262765Z info: OIBridge/RealPairFlow.lean:662:0: 'OIBridge.RealPairFlow.shearFlow_ne_rotR' depends on axioms: [propext, Classical.choice, Quot.sound]
2026-09-26T10:27:37.1263512Z info: OIBridge/RealPairFlow.lean:663:0: 'OIBridge.RealPairFlow.boostFlow_all_but_orth' depends on axioms: [propext, Classical.choice, Quot.sound]
2026-09-26T10:27:37.1264389Z info: OIBridge/RealPairFlow.lean:664:0: 'OIBridge.RealPairFlow.boostFlow_ne_rotR' depends on axioms: [propext, Classical.choice, Quot.sound]
2026-09-26T10:27:37.1265166Z info: OIBridge/RealPairFlow.lean:665:0: 'OIBridge.RealPairFlow.constFlow_all_but_nontrivial' depends on axioms: [propext, Classical.choice, Quot.sound]
2026-09-26T10:27:37.1266028Z info: OIBridge/RealPairFlow.lean:666:0: 'OIBridge.RealPairFlow.constFlow_transport' depends on axioms: [propext, Classical.choice, Quot.sound]
2026-09-26T10:27:37.1266339Z ℹ [3556/3600] Replayed OIBridge.PairFlowEquivalence
2026-09-26T10:27:37.1267109Z info: OIBridge/PairFlowEquivalence.lean:258:0: 'OIBridge.PairFlowEquivalence.rotR_orth' depends on axioms: [propext, Classical.choice, Quot.sound]
2026-09-26T10:27:37.1267915Z info: OIBridge/PairFlowEquivalence.lean:259:0: 'OIBridge.PairFlowEquivalence.rotR_continuous' depends on axioms: [propext, Classical.choice, Quot.sound]
2026-09-26T10:27:37.1268849Z info: OIBridge/PairFlowEquivalence.lean:260:0: 'OIBridge.PairFlowEquivalence.rotFlow_A' depends on axioms: [propext, Classical.choice, Quot.sound]
2026-09-26T10:27:37.1269716Z info: OIBridge/PairFlowEquivalence.lean:261:0: 'OIBridge.PairFlowEquivalence.pairFlowSourced_of_qm' depends on axioms: [propext, Classical.choice, Quot.sound]
2026-09-26T10:27:37.1270465Z info: OIBridge/PairFlowEquivalence.lean:262:0: 'OIBridge.PairFlowEquivalence.derivedOI_pairFlowSourced_of_qm' depends on axioms: [propext,
2026-09-26T10:27:37.1270604Z  Classical.choice,
2026-09-26T10:27:37.1270731Z  Quot.sound]
2026-09-26T10:27:37.1271631Z info: OIBridge/PairFlowEquivalence.lean:263:0: 'OIBridge.PairFlowEquivalence.mixAvail_of_pairFlowSourced' depends on axioms: [propext, Classical.choice, Quot.sound]
2026-09-26T10:27:37.1272378Z info: OIBridge/PairFlowEquivalence.lean:264:0: 'OIBridge.PairFlowEquivalence.identity_avail_of_pairFlowSourced' depends on axioms: [propext,
2026-09-26T10:27:37.1272511Z  Classical.choice,
2026-09-26T10:27:37.1272647Z  Quot.sound]
2026-09-26T10:27:37.1273496Z info: OIBridge/PairFlowEquivalence.lean:265:0: 'OIBridge.PairFlowEquivalence.phaseIndicator_avail' depends on axioms: [propext, Classical.choice, Quot.sound]
2026-09-26T10:27:37.1274309Z info: OIBridge/PairFlowEquivalence.lean:266:0: 'OIBridge.PairFlowEquivalence.siteShear_avail' depends on axioms: [propext, Classical.choice, Quot.sound]
2026-09-26T10:27:37.1275153Z info: OIBridge/PairFlowEquivalence.lean:267:0: 'OIBridge.PairFlowEquivalence.conjChannel_unit_smul' depends on axioms: [propext, Classical.choice, Quot.sound]
2026-09-26T10:27:37.1276169Z info: OIBridge/PairFlowEquivalence.lean:268:0: 'OIBridge.PairFlowEquivalence.layerFlowExecutable_of_derivedOI_pairFlowSourced' depends on axioms: [propext,
2026-09-26T10:27:37.1276304Z  Classical.choice,
2026-09-26T10:27:37.1276436Z  Quot.sound]
2026-09-26T10:27:37.1277178Z info: OIBridge/PairFlowEquivalence.lean:269:0: 'OIBridge.PairFlowEquivalence.qm_of_derivedOI_pairFlowSourced' depends on axioms: [propext,
2026-09-26T10:27:37.1277318Z  Classical.choice,
2026-09-26T10:27:37.1277452Z  Quot.sound]
2026-09-26T10:27:37.1278184Z info: OIBridge/PairFlowEquivalence.lean:270:0: 'OIBridge.PairFlowEquivalence.qm_iff_derivedOI_pairFlowSourced' depends on axioms: [propext,
2026-09-26T10:27:37.1278321Z  Classical.choice,
2026-09-26T10:27:37.1278448Z  Quot.sound]
2026-09-26T10:27:37.1279234Z info: OIBridge/PairFlowEquivalence.lean:271:0: 'OIBridge.PairFlowEquivalence.polarizedTheoryC_not_pairFlowSourced' depends on axioms: [propext,
2026-09-26T10:27:37.1279370Z  Classical.choice,
2026-09-26T10:27:37.1279497Z  Quot.sound]
2026-09-26T10:27:37.1280407Z info: OIBridge/PairFlowEquivalence.lean:272:0: 'OIBridge.PairFlowEquivalence.countable_not_pairFlowSourced' depends on axioms: [propext, Classical.choice, Quot.sound]
2026-09-26T10:27:37.1280718Z ℹ [3557/3600] Replayed OIBridge.DiscreteCompletion
2026-09-26T10:27:37.1281507Z info: OIBridge/DiscreteCompletion.lean:1960:0: 'OIBridge.DiscreteCompletion.conj_within' depends on axioms: [propext, Classical.choice, Quot.sound]
2026-09-26T10:27:37.1282562Z info: OIBridge/DiscreteCompletion.lean:1961:0: 'OIBridge.DiscreteCompletion.norm_mul_sub_mul_le' depends on axioms: [propext, Classical.choice, Quot.sound]
2026-09-26T10:27:37.1283334Z info: OIBridge/DiscreteCompletion.lean:1962:0: 'OIBridge.DiscreteCompletion.blockOf_mul' depends on axioms: [propext, Classical.choice, Quot.sound]
2026-09-26T10:27:37.1284135Z info: OIBridge/DiscreteCompletion.lean:1963:0: 'OIBridge.DiscreteCompletion.blockOf_unitary' depends on axioms: [propext, Classical.choice, Quot.sound]
2026-09-26T10:27:37.1285006Z info: OIBridge/DiscreteCompletion.lean:1964:0: 'OIBridge.DiscreteCompletion.blockOnly_rot_sub_one_norm_le' depends on axioms: [propext, Classical.choice, Quot.sound]
2026-09-26T10:27:37.1286080Z info: OIBridge/DiscreteCompletion.lean:1965:0: 'OIBridge.DiscreteCompletion.blockOf_rot_dist_le' depends on axioms: [propext, Classical.choice, Quot.sound]
2026-09-26T10:27:37.1287010Z info: OIBridge/DiscreteCompletion.lean:1966:0: 'OIBridge.DiscreteCompletion.rx_eq_conj' depends on axioms: [propext, Classical.choice, Quot.sound]
2026-09-26T10:27:37.1287775Z info: OIBridge/DiscreteCompletion.lean:1967:0: 'OIBridge.DiscreteCompletion.rot_rx_rot' depends on axioms: [propext, Classical.choice, Quot.sound]
2026-09-26T10:27:37.1288524Z info: OIBridge/DiscreteCompletion.lean:1968:0: 'OIBridge.DiscreteCompletion.su2_form' depends on axioms: [propext, Classical.choice, Quot.sound]
2026-09-26T10:27:37.1289361Z info: OIBridge/DiscreteCompletion.lean:1969:0: 'OIBridge.DiscreteCompletion.exists_unit_scalar_su2' depends on axioms: [propext, Classical.choice, Quot.sound]
2026-09-26T10:27:37.1290128Z info: OIBridge/DiscreteCompletion.lean:1970:0: 'OIBridge.DiscreteCompletion.euler_of_su2' depends on axioms: [propext, Classical.choice, Quot.sound]
2026-09-26T10:27:37.1290933Z info: OIBridge/DiscreteCompletion.lean:1971:0: 'OIBridge.DiscreteCompletion.euler_of_unitary' depends on axioms: [propext, Classical.choice, Quot.sound]
2026-09-26T10:27:37.1291707Z info: OIBridge/DiscreteCompletion.lean:1972:0: 'OIBridge.DiscreteCompletion.dense_angles' depends on axioms: [propext, Classical.choice, Quot.sound]
2026-09-26T10:27:37.1292605Z info: OIBridge/DiscreteCompletion.lean:1973:0: 'OIBridge.DiscreteCompletion.BlockRepertoire.rot_approx' depends on axioms: [propext, Classical.choice, Quot.sound]
2026-09-26T10:27:37.1293480Z info: OIBridge/DiscreteCompletion.lean:1974:0: 'OIBridge.DiscreteCompletion.BlockRepertoire.rx_approx' depends on axioms: [propext, Classical.choice, Quot.sound]
2026-09-26T10:27:37.1294400Z info: OIBridge/DiscreteCompletion.lean:1975:0: 'OIBridge.DiscreteCompletion.BlockRepertoire.dense_block_su2' depends on axioms: [propext, Classical.choice, Quot.sound]
2026-09-26T10:27:37.1295347Z info: OIBridge/DiscreteCompletion.lean:1976:0: 'OIBridge.DiscreteCompletion.blockRepertoire_levelOne' depends on axioms: [propext, Classical.choice, Quot.sound]
2026-09-26T10:27:37.1296303Z info: OIBridge/DiscreteCompletion.lean:1977:0: 'OIBridge.DiscreteCompletion.levelOne_dense' depends on axioms: [propext, Classical.choice, Quot.sound]
2026-09-26T10:27:37.1297110Z info: OIBridge/DiscreteCompletion.lean:1978:0: 'OIBridge.DiscreteCompletion.flipSet_avail' depends on axioms: [propext, Classical.choice, Quot.sound]
2026-09-26T10:27:37.1297889Z info: OIBridge/DiscreteCompletion.lean:1979:0: 'OIBridge.DiscreteCompletion.echo_identity' depends on axioms: [propext, Classical.choice, Quot.sound]
2026-09-26T10:27:37.1298740Z info: OIBridge/DiscreteCompletion.lean:1980:0: 'OIBridge.DiscreteCompletion.isolated_mem_availSet' depends on axioms: [propext, Classical.choice, Quot.sound]
2026-09-26T10:27:37.1299586Z info: OIBridge/DiscreteCompletion.lean:1981:0: 'OIBridge.DiscreteCompletion.blockRepertoire_level' depends on axioms: [propext, Classical.choice, Quot.sound]
2026-09-26T10:27:37.1300406Z info: OIBridge/DiscreteCompletion.lean:1982:0: 'OIBridge.DiscreteCompletion.exists_perm_pair_map' depends on axioms: [propext, Classical.choice, Quot.sound]
2026-09-26T10:27:37.1301207Z info: OIBridge/DiscreteCompletion.lean:1983:0: 'OIBridge.DiscreteCompletion.relocated_dense' depends on axioms: [propext, Classical.choice, Quot.sound]
2026-09-26T10:27:37.1302160Z info: OIBridge/DiscreteCompletion.lean:1984:0: 'OIBridge.DiscreteCompletion.twoLevel_mul' depends on axioms: [propext, Classical.choice, Quot.sound]
2026-09-26T10:27:37.1302931Z info: OIBridge/DiscreteCompletion.lean:1985:0: 'OIBridge.DiscreteCompletion.det_twoLevel' depends on axioms: [propext, Classical.choice, Quot.sound]
2026-09-26T10:27:37.1303748Z info: OIBridge/DiscreteCompletion.lean:1986:0: 'OIBridge.DiscreteCompletion.twoLevel_mul_apply' depends on axioms: [propext, Classical.choice, Quot.sound]
2026-09-26T10:27:37.1304526Z info: OIBridge/DiscreteCompletion.lean:1987:0: 'OIBridge.DiscreteCompletion.givens_unitary' depends on axioms: [propext, Classical.choice, Quot.sound]
2026-09-26T10:27:37.1305419Z info: OIBridge/DiscreteCompletion.lean:1988:0: 'OIBridge.DiscreteCompletion.det_givens' depends on axioms: [propext, Classical.choice, Quot.sound]
2026-09-26T10:27:37.1306362Z info: OIBridge/DiscreteCompletion.lean:1989:0: 'OIBridge.DiscreteCompletion.row_zero_of_col_zero' depends on axioms: [propext, Classical.choice, Quot.sound]
2026-09-26T10:27:37.1307194Z info: OIBridge/DiscreteCompletion.lean:1990:0: 'OIBridge.DiscreteCompletion.su_mem_closure_of_suppOn' depends on axioms: [propext, Classical.choice, Quot.sound]
2026-09-26T10:27:37.1308026Z info: OIBridge/DiscreteCompletion.lean:1991:0: 'OIBridge.DiscreteCompletion.su_mem_closure_twoLevel' depends on axioms: [propext, Classical.choice, Quot.sound]
2026-09-26T10:27:37.1308859Z info: OIBridge/DiscreteCompletion.lean:1992:0: 'OIBridge.DiscreteCompletion.relocated_eq_twoLevel' depends on axioms: [propext, Classical.choice, Quot.sound]
2026-09-26T10:27:37.1309670Z info: OIBridge/DiscreteCompletion.lean:1993:0: 'OIBridge.DiscreteCompletion.twoLevelSU_approx' depends on axioms: [propext, Classical.choice, Quot.sound]
2026-09-26T10:27:37.1310463Z info: OIBridge/DiscreteCompletion.lean:1994:0: 'OIBridge.DiscreteCompletion.closure_approx' depends on axioms: [propext, Classical.choice, Quot.sound]
2026-09-26T10:27:37.1311213Z info: OIBridge/DiscreteCompletion.lean:1995:0: 'OIBridge.DiscreteCompletion.su_dense' depends on axioms: [propext, Classical.choice, Quot.sound]
2026-09-26T10:27:37.1312035Z info: OIBridge/DiscreteCompletion.lean:1996:0: 'OIBridge.DiscreteCompletion.exists_unit_scalar_su'' depends on axioms: [propext, Classical.choice, Quot.sound]
2026-09-26T10:27:37.1312792Z info: OIBridge/DiscreteCompletion.lean:1997:0: 'OIBridge.DiscreteCompletion.denseUnitaryControl_of_fixedGate' depends on axioms: [propext,
2026-09-26T10:27:37.1312932Z  Classical.choice,
2026-09-26T10:27:37.1313055Z  Quot.sound]
2026-09-26T10:27:37.1313858Z info: OIBridge/DiscreteCompletion.lean:1998:0: 'OIBridge.DiscreteCompletion.Gen2.pauli_conj' depends on axioms: [propext, Classical.choice, Quot.sound]
2026-09-26T10:27:37.1314659Z info: OIBridge/DiscreteCompletion.lean:1999:0: 'OIBridge.DiscreteCompletion.scalar_of_comm_XZ' depends on axioms: [propext, Classical.choice, Quot.sound]
2026-09-26T10:27:37.1315524Z info: OIBridge/DiscreteCompletion.lean:2000:0: 'OIBridge.DiscreteCompletion.proportional_of_same_conj' depends on axioms: [propext, Classical.choice, Quot.sound]
2026-09-26T10:27:37.1316412Z info: OIBridge/DiscreteCompletion.lean:2001:0: 'OIBridge.DiscreteCompletion.gen2_pi_div_four_finite_upToScalar' depends on axioms: [propext,
2026-09-26T10:27:37.1316561Z  Classical.choice,
2026-09-26T10:27:37.1316685Z  Quot.sound]
2026-09-26T10:27:37.1317605Z info: OIBridge/DiscreteCompletion.lean:2002:0: 'OIBridge.DiscreteCompletion.gen2_multiple_finite_upToScalar' depends on axioms: [propext, Classical.choice, Quot.sound]
2026-09-26T10:27:37.1318488Z info: OIBridge/DiscreteCompletion.lean:2003:0: 'OIBridge.DiscreteCompletion.mixR_singleton_daggerStable' depends on axioms: [propext, Classical.choice, Quot.sound]
2026-09-26T10:27:37.1319369Z info: OIBridge/DiscreteCompletion.lean:2004:0: 'OIBridge.DiscreteCompletion.mixR_singleton_contextStable' depends on axioms: [propext, Classical.choice, Quot.sound]
2026-09-26T10:27:37.1320449Z info: OIBridge/DiscreteCompletion.lean:2005:0: 'OIBridge.DiscreteCompletion.fixedGateTheory_derivedOI' depends on axioms: [propext, Classical.choice, Quot.sound]
2026-09-26T10:27:37.1321207Z info: OIBridge/DiscreteCompletion.lean:2006:0: 'OIBridge.DiscreteCompletion.fixedGateTheory_fixedGateSourced' depends on axioms: [propext,
2026-09-26T10:27:37.1321339Z  Classical.choice,
2026-09-26T10:27:37.1321469Z  Quot.sound]
2026-09-26T10:27:37.1322373Z info: OIBridge/DiscreteCompletion.lean:2007:0: 'OIBridge.DiscreteCompletion.fixedGateTheory_krausSoundExt' depends on axioms: [propext, Classical.choice, Quot.sound]
2026-09-26T10:27:37.1323138Z info: OIBridge/DiscreteCompletion.lean:2008:0: 'OIBridge.DiscreteCompletion.fixedGateTheory_denseUnitaryControl' depends on axioms: [propext,
2026-09-26T10:27:37.1323274Z  Classical.choice,
2026-09-26T10:27:37.1323402Z  Quot.sound]
2026-09-26T10:27:37.1324396Z info: OIBridge/DiscreteCompletion.lean:2009:0: 'OIBridge.DiscreteCompletion.fixedGateTheory_not_qm' depends on axioms: [propext, Classical.choice, Quot.sound]
2026-09-26T10:27:37.1325214Z info: OIBridge/DiscreteCompletion.lean:2010:0: 'OIBridge.DiscreteCompletion.fixedGateTheory_one_denseUnitaryControl' depends on axioms: [propext,
2026-09-26T10:27:37.1325349Z  Classical.choice,
2026-09-26T10:27:37.1325471Z  Quot.sound]
2026-09-26T10:27:37.1325936Z ℹ [3558/3600] Replayed OIBridge.DenseInstrumentBridge
2026-09-26T10:27:37.1326789Z info: OIBridge/DenseInstrumentBridge.lean:534:0: 'OIBridge.DenseInstrumentBridge.chanWithin_mono' depends on axioms: [propext, Classical.choice, Quot.sound]
2026-09-26T10:27:37.1327624Z info: OIBridge/DenseInstrumentBridge.lean:535:0: 'OIBridge.DenseInstrumentBridge.chanWithin_sum' depends on axioms: [propext, Classical.choice, Quot.sound]
2026-09-26T10:27:37.1328478Z info: OIBridge/DenseInstrumentBridge.lean:536:0: 'OIBridge.DenseInstrumentBridge.unitary_unit_smul' depends on axioms: [propext, Classical.choice, Quot.sound]
2026-09-26T10:27:37.1329413Z info: OIBridge/DenseInstrumentBridge.lean:537:0: 'OIBridge.DenseInstrumentBridge.norm_eq_one_of_isometry' depends on axioms: [propext, Classical.choice, Quot.sound]
2026-09-26T10:27:37.1330346Z info: OIBridge/DenseInstrumentBridge.lean:538:0: 'OIBridge.DenseInstrumentBridge.norm_isometry_conj_le' depends on axioms: [propext, Classical.choice, Quot.sound]
2026-09-26T10:27:37.1331234Z info: OIBridge/DenseInstrumentBridge.lean:539:0: 'OIBridge.DenseInstrumentBridge.norm_isometry_compress_le' depends on axioms: [propext, Classical.choice, Quot.sound]
2026-09-26T10:27:37.1332026Z info: OIBridge/DenseInstrumentBridge.lean:540:0: 'OIBridge.DenseInstrumentBridge.esf_gram' depends on axioms: [propext, Classical.choice, Quot.sound]
2026-09-26T10:27:37.1332870Z info: OIBridge/DenseInstrumentBridge.lean:541:0: 'OIBridge.DenseInstrumentBridge.ptraceAnc_eq_sum' depends on axioms: [propext, Classical.choice, Quot.sound]
2026-09-26T10:27:37.1333722Z info: OIBridge/DenseInstrumentBridge.lean:542:0: 'OIBridge.DenseInstrumentBridge.norm_ptraceAnc_le' depends on axioms: [propext, Classical.choice, Quot.sound]
2026-09-26T10:27:37.1334543Z info: OIBridge/DenseInstrumentBridge.lean:543:0: 'OIBridge.DenseInstrumentBridge.norm_localLuders_le' depends on axioms: [propext, Classical.choice, Quot.sound]
2026-09-26T10:27:37.1335335Z info: OIBridge/DenseInstrumentBridge.lean:544:0: 'OIBridge.DenseInstrumentBridge.norm_pureAttach_le' depends on axioms: [propext, Classical.choice, Quot.sound]
2026-09-26T10:27:37.1336248Z info: OIBridge/DenseInstrumentBridge.lean:545:0: 'OIBridge.DenseInstrumentBridge.branch_within' depends on axioms: [propext, Classical.choice, Quot.sound]
2026-09-26T10:27:37.1337059Z info: OIBridge/DenseInstrumentBridge.lean:546:0: 'OIBridge.DenseInstrumentBridge.shiftId_avail_iff' depends on axioms: [propext, Classical.choice, Quot.sound]
2026-09-26T10:27:37.1337913Z info: OIBridge/DenseInstrumentBridge.lean:547:0: 'OIBridge.DenseInstrumentBridge.shiftId_availExt_conj_iff' depends on axioms: [propext, Classical.choice, Quot.sound]
2026-09-26T10:27:37.1338950Z info: OIBridge/DenseInstrumentBridge.lean:548:0: 'OIBridge.DenseInstrumentBridge.circuit_available_of_avail' depends on axioms: [propext, Classical.choice, Quot.sound]
2026-09-26T10:27:37.1339827Z info: OIBridge/DenseInstrumentBridge.lean:549:0: 'OIBridge.DenseInstrumentBridge.reindex_permMatrix' depends on axioms: [propext, Classical.choice, Quot.sound]
2026-09-26T10:27:37.1340678Z info: OIBridge/DenseInstrumentBridge.lean:550:0: 'OIBridge.DenseInstrumentBridge.eqvMatrix_apply' depends on axioms: [propext, Classical.choice, Quot.sound]
2026-09-26T10:27:37.1341510Z info: OIBridge/DenseInstrumentBridge.lean:551:0: 'OIBridge.DenseInstrumentBridge.eqvMatrix_mul' depends on axioms: [propext, Classical.choice, Quot.sound]
2026-09-26T10:27:37.1342613Z info: OIBridge/DenseInstrumentBridge.lean:552:0: 'OIBridge.DenseInstrumentBridge.mul_eqvMatrix_conjTranspose' depends on axioms: [propext, Classical.choice, Quot.sound]
2026-09-26T10:27:37.1343470Z info: OIBridge/DenseInstrumentBridge.lean:553:0: 'OIBridge.DenseInstrumentBridge.eqvMatrix_gram' depends on axioms: [propext, Classical.choice, Quot.sound]
2026-09-26T10:27:37.1344380Z info: OIBridge/DenseInstrumentBridge.lean:554:0: 'OIBridge.DenseInstrumentBridge.reindex_eq_eqvMatrix_conj' depends on axioms: [propext, Classical.choice, Quot.sound]
2026-09-26T10:27:37.1345231Z info: OIBridge/DenseInstrumentBridge.lean:555:0: 'OIBridge.DenseInstrumentBridge.norm_reindex_le' depends on axioms: [propext, Classical.choice, Quot.sound]
2026-09-26T10:27:37.1346263Z info: OIBridge/DenseInstrumentBridge.lean:556:0: 'OIBridge.DenseInstrumentBridge.id_avail_of_derivedOI' depends on axioms: [propext, Classical.choice, Quot.sound]
2026-09-26T10:27:37.1347132Z info: OIBridge/DenseInstrumentBridge.lean:557:0: 'OIBridge.DenseInstrumentBridge.inert_of_derivedOI' depends on axioms: [propext, Classical.choice, Quot.sound]
2026-09-26T10:27:37.1347992Z info: OIBridge/DenseInstrumentBridge.lean:558:0: 'OIBridge.DenseInstrumentBridge.shiftId_swap_avail' depends on axioms: [propext, Classical.choice, Quot.sound]
2026-09-26T10:27:37.1348848Z info: OIBridge/DenseInstrumentBridge.lean:559:0: 'OIBridge.DenseInstrumentBridge.shiftId_approx' depends on axioms: [propext, Classical.choice, Quot.sound]
2026-09-26T10:27:37.1349779Z info: OIBridge/DenseInstrumentBridge.lean:560:0: 'OIBridge.DenseInstrumentBridge.krausDense_of_denseControl' depends on axioms: [propext, Classical.choice, Quot.sound]
2026-09-26T10:27:37.1350555Z info: OIBridge/DenseInstrumentBridge.lean:561:0: 'OIBridge.DenseInstrumentBridge.denseFiniteQM_of_denseControl' depends on axioms: [propext,
2026-09-26T10:27:37.1350703Z  Classical.choice,
2026-09-26T10:27:37.1350838Z  Quot.sound]
2026-09-26T10:27:37.1351743Z info: OIBridge/DenseInstrumentBridge.lean:562:0: 'OIBridge.DenseInstrumentBridge.krausDense_of_fixedGate' depends on axioms: [propext, Classical.choice, Quot.sound]
2026-09-26T10:27:37.1352685Z info: OIBridge/DenseInstrumentBridge.lean:563:0: 'OIBridge.DenseInstrumentBridge.fixedGateTheory_krausDense' depends on axioms: [propext, Classical.choice, Quot.sound]
2026-09-26T10:27:37.1353477Z info: OIBridge/DenseInstrumentBridge.lean:564:0: 'OIBridge.DenseInstrumentBridge.fixedGateTheory_denseFiniteQM' depends on axioms: [propext,
2026-09-26T10:27:37.1353614Z  Classical.choice,
2026-09-26T10:27:37.1353746Z  Quot.sound]
2026-09-26T10:27:37.1354556Z info: OIBridge/DenseInstrumentBridge.lean:565:0: 'OIBridge.DenseInstrumentBridge.fixedGateTheory_one_denseFiniteQM' depends on axioms: [propext,
2026-09-26T10:27:37.1354690Z  Classical.choice,
2026-09-26T10:27:37.1354820Z  Quot.sound]
2026-09-26T10:27:37.1355123Z ℹ [3559/3600] Replayed OIBridge.FrozenSourcing
2026-09-26T10:27:37.1356042Z info: OIBridge/FrozenSourcing.lean:345:0: 'OIBridge.FrozenSourcing.norm_entry_le_l2_opNorm' depends on axioms: [propext, Classical.choice, Quot.sound]
2026-09-26T10:27:37.1356828Z info: OIBridge/FrozenSourcing.lean:346:0: 'OIBridge.FrozenSourcing.le_zero_of_forall_pos' depends on axioms: [propext, Classical.choice, Quot.sound]
2026-09-26T10:27:37.1357764Z info: OIBridge/FrozenSourcing.lean:347:0: 'OIBridge.FrozenSourcing.nonneg_of_forall_pos' depends on axioms: [propext, Classical.choice, Quot.sound]
2026-09-26T10:27:37.1358610Z info: OIBridge/FrozenSourcing.lean:348:0: 'OIBridge.FrozenSourcing.nonnegBounded_of_bijectionLevel' depends on axioms: [propext, Classical.choice, Quot.sound]
2026-09-26T10:27:37.1359422Z info: OIBridge/FrozenSourcing.lean:349:0: 'OIBridge.FrozenSourcing.permTheory_nonnegBounded' depends on axioms: [propext, Classical.choice, Quot.sound]
2026-09-26T10:27:37.1360226Z info: OIBridge/FrozenSourcing.lean:350:0: 'OIBridge.FrozenSourcing.obsTheory_nonnegBounded' depends on axioms: [propext, Classical.choice, Quot.sound]
2026-09-26T10:27:37.1361096Z info: OIBridge/FrozenSourcing.lean:351:0: 'OIBridge.FrozenSourcing.nonnegBounded_not_phasesAvailable' depends on axioms: [propext, Classical.choice, Quot.sound]
2026-09-26T10:27:37.1362074Z info: OIBridge/FrozenSourcing.lean:352:0: 'OIBridge.FrozenSourcing.permTheory_phase_ceiling' depends on axioms: [propext, Classical.choice, Quot.sound]
2026-09-26T10:27:37.1362908Z info: OIBridge/FrozenSourcing.lean:353:0: 'OIBridge.FrozenSourcing.nonnegBounded_not_derivedOI' depends on axioms: [propext, Classical.choice, Quot.sound]
2026-09-26T10:27:37.1363710Z info: OIBridge/FrozenSourcing.lean:354:0: 'OIBridge.FrozenSourcing.preservesNonneg_of_approx' depends on axioms: [propext, Classical.choice, Quot.sound]
2026-09-26T10:27:37.1364438Z info: OIBridge/FrozenSourcing.lean:355:0: 'OIBridge.FrozenSourcing.nonnegBounded_not_denseUnitaryControl' depends on axioms: [propext,
2026-09-26T10:27:37.1364583Z  Classical.choice,
2026-09-26T10:27:37.1364711Z  Quot.sound]
2026-09-26T10:27:37.1365504Z info: OIBridge/FrozenSourcing.lean:356:0: 'OIBridge.FrozenSourcing.permTheory_dense_ceiling' depends on axioms: [propext, Classical.choice, Quot.sound]
2026-09-26T10:27:37.1366528Z info: OIBridge/FrozenSourcing.lean:357:0: 'OIBridge.FrozenSourcing.mixImage_not_preservesNonneg' depends on axioms: [propext, Classical.choice, Quot.sound]
2026-09-26T10:27:37.1367266Z info: OIBridge/FrozenSourcing.lean:358:0: 'OIBridge.FrozenSourcing.nonnegBounded_not_denseUnitaryControl_rot' depends on axioms: [propext,
2026-09-26T10:27:37.1367406Z  Classical.choice,
2026-09-26T10:27:37.1367535Z  Quot.sound]
2026-09-26T10:27:37.1368344Z info: OIBridge/FrozenSourcing.lean:359:0: 'OIBridge.FrozenSourcing.permMatrix_preservesNonneg' depends on axioms: [propext, Classical.choice, Quot.sound]
2026-09-26T10:27:37.1369143Z info: OIBridge/FrozenSourcing.lean:360:0: 'OIBridge.FrozenSourcing.readWrite_preservesNonneg' depends on axioms: [propext, Classical.choice, Quot.sound]
2026-09-26T10:27:37.1369951Z info: OIBridge/FrozenSourcing.lean:361:0: 'OIBridge.FrozenSourcing.obs_dynamics_preservesNonneg' depends on axioms: [propext, Classical.choice, Quot.sound]
2026-09-26T10:27:37.1370787Z info: OIBridge/FrozenSourcing.lean:362:0: 'OIBridge.FrozenSourcing.phaseOperator_outside_ceiling' depends on axioms: [propext, Classical.choice, Quot.sound]
2026-09-26T10:27:37.1371581Z info: OIBridge/FrozenSourcing.lean:363:0: 'OIBridge.FrozenSourcing.sourcing_rule_independent' depends on axioms: [propext, Classical.choice, Quot.sound]
2026-09-26T10:27:37.1372407Z info: OIBridge/FrozenSourcing.lean:364:0: 'OIBridge.FrozenSourcing.phase_ceiling_rule_independent' depends on axioms: [propext, Classical.choice, Quot.sound]
2026-09-26T10:27:37.1373191Z info: OIBridge/FrozenSourcing.lean:365:0: 'OIBridge.FrozenSourcing.frozen_sourcing_verdict' depends on axioms: [propext, Classical.choice, Quot.sound]
2026-09-26T10:27:37.1373971Z info: OIBridge/FrozenSourcing.lean:366:0: 'OIBridge.FrozenSourcing.nonnegBounded_verdict' depends on axioms: [propext, Classical.choice, Quot.sound]
2026-09-26T10:27:37.1374814Z info: OIBridge/FrozenSourcing.lean:367:0: 'OIBridge.FrozenSourcing.fixedGateTheory_outside_ceiling' depends on axioms: [propext, Classical.choice, Quot.sound]
2026-09-26T10:27:37.1375124Z ℹ [3560/3600] Replayed OIBridge.StochasticInterface
2026-09-26T10:27:37.1376228Z info: OIBridge/StochasticInterface.lean:206:0: 'OIBridge.StochasticInterface.ensembleDetermined_of_transitive' depends on axioms: [propext,
2026-09-26T10:27:37.1376373Z  Classical.choice,
2026-09-26T10:27:37.1376498Z  Quot.sound]
2026-09-26T10:27:37.1377269Z info: OIBridge/StochasticInterface.lean:207:0: 'OIBridge.StochasticInterface.not_ensembleDetermined_of_disjoint' depends on axioms: [propext,
2026-09-26T10:27:37.1377404Z  Classical.choice,
2026-09-26T10:27:37.1377528Z  Quot.sound]
2026-09-26T10:27:37.1378302Z info: OIBridge/StochasticInterface.lean:208:0: 'OIBridge.StochasticInterface.not_ensembleDetermined_of_fixedPoint' depends on axioms: [propext,
2026-09-26T10:27:37.1378443Z  Classical.choice,
2026-09-26T10:27:37.1378567Z  Quot.sound]
2026-09-26T10:27:37.1379533Z info: OIBridge/StochasticInterface.lean:209:0: 'OIBridge.StochasticInterface.phi_fixes_zero' depends on axioms: [propext, Classical.choice, Quot.sound]
2026-09-26T10:27:37.1380401Z info: OIBridge/StochasticInterface.lean:210:0: 'OIBridge.StochasticInterface.waveSubstratum_phi_fixes_zero' depends on axioms: [propext, Classical.choice, Quot.sound]
2026-09-26T10:27:37.1381286Z info: OIBridge/StochasticInterface.lean:211:0: 'OIBridge.StochasticInterface.ensemble_underdetermined' depends on axioms: [propext, Classical.choice, Quot.sound]
2026-09-26T10:27:37.1382086Z info: OIBridge/StochasticInterface.lean:212:0: 'OIBridge.StochasticInterface.waveSubstratum_ensemble_underdetermined' depends on axioms: [propext,
2026-09-26T10:27:37.1382224Z  Classical.choice,
2026-09-26T10:27:37.1382347Z  Quot.sound]
2026-09-26T10:27:37.1383229Z info: OIBridge/StochasticInterface.lean:213:0: 'OIBridge.StochasticInterface.not_transitive_of_fixedPoint' depends on axioms: [propext, Classical.choice, Quot.sound]
2026-09-26T10:27:37.1384099Z info: OIBridge/StochasticInterface.lean:214:0: 'OIBridge.StochasticInterface.readWriteFamily_exists' depends on axioms: [propext, Classical.choice, Quot.sound]
2026-09-26T10:27:37.1384987Z info: OIBridge/StochasticInterface.lean:215:0: 'OIBridge.StochasticInterface.readWriteFamily_exists_two' depends on axioms: [propext, Classical.choice, Quot.sound]
2026-09-26T10:27:37.1386003Z info: OIBridge/StochasticInterface.lean:216:0: 'OIBridge.StochasticInterface.stochastic_interface_gap' depends on axioms: [propext, Classical.choice, Quot.sound]
2026-09-26T10:27:37.1386806Z info: OIBridge/StochasticInterface.lean:217:0: 'OIBridge.StochasticInterface.waveSubstratum_stochastic_interface_gap' depends on axioms: [propext,
2026-09-26T10:27:37.1386941Z  Classical.choice,
2026-09-26T10:27:37.1387070Z  Quot.sound]
2026-09-26T10:27:37.1387356Z ℹ [3561/3600] Replayed OIBridge.CausalReadback
2026-09-26T10:27:37.1388061Z info: OIBridge/CausalReadback.lean:324:0: 'OIBridge.CausalReadback.tv_nonneg' depends on axioms: [propext, Classical.choice, Quot.sound]
2026-09-26T10:27:37.1388796Z info: OIBridge/CausalReadback.lean:325:0: 'OIBridge.CausalReadback.tv_eq_zero_iff' depends on axioms: [propext, Classical.choice, Quot.sound]
2026-09-26T10:27:37.1389492Z info: OIBridge/CausalReadback.lean:326:0: 'OIBridge.CausalReadback.tv_pos_of_ne' depends on axioms: [propext, Classical.choice, Quot.sound]
2026-09-26T10:27:37.1390169Z info: OIBridge/CausalReadback.lean:327:0: 'OIBridge.CausalReadback.tv_mul_le' depends on axioms: [propext, Classical.choice, Quot.sound]
2026-09-26T10:27:37.1390902Z info: OIBridge/CausalReadback.lean:328:0: 'OIBridge.CausalReadback.rows_eq_of_factor' depends on axioms: [propext, Classical.choice, Quot.sound]
2026-09-26T10:27:37.1391644Z info: OIBridge/CausalReadback.lean:329:0: 'OIBridge.CausalReadback.c4e_implies_c4r' depends on axioms: [propext, Classical.choice, Quot.sound]
2026-09-26T10:27:37.1392437Z info: OIBridge/CausalReadback.lean:330:0: 'OIBridge.CausalReadback.c4r_implies_pIndivisible' depends on axioms: [propext, Classical.choice, Quot.sound]
2026-09-26T10:27:37.1393222Z info: OIBridge/CausalReadback.lean:331:0: 'OIBridge.CausalReadback.c4e_implies_pIndivisible' depends on axioms: [propext, Classical.choice, Quot.sound]
2026-09-26T10:27:37.1394273Z info: OIBridge/CausalReadback.lean:332:0: 'OIBridge.CausalReadback.c4e_implies_pIndivisible_via_c4r' depends on axioms: [propext, Classical.choice, Quot.sound]
2026-09-26T10:27:37.1395058Z info: OIBridge/CausalReadback.lean:333:0: 'OIBridge.CausalReadback.not_c4e_and_not_c4r_of_pDivisible' depends on axioms: [propext, Classical.choice, Quot.sound]
2026-09-26T10:27:37.1396050Z info: OIBridge/CausalReadback.lean:334:0: 'OIBridge.CausalReadback.rootedMap_isRowStochastic' depends on axioms: [propext, Classical.choice, Quot.sound]
2026-09-26T10:27:37.1396789Z info: OIBridge/CausalReadback.lean:335:0: 'OIBridge.CausalReadback.j2_isRowStochastic' depends on axioms: [propext, Classical.choice, Quot.sound]
2026-09-26T10:27:37.1397517Z info: OIBridge/CausalReadback.lean:336:0: 'OIBridge.CausalReadback.one_isRowStochastic' depends on axioms: [propext, Classical.choice, Quot.sound]
2026-09-26T10:27:37.1398359Z info: OIBridge/CausalReadback.lean:337:0: 'OIBridge.CausalReadback.j2_rows_eq' depends on axioms: [propext, Classical.choice, Quot.sound]
2026-09-26T10:27:37.1399039Z info: OIBridge/CausalReadback.lean:338:0: 'OIBridge.CausalReadback.one_rows_ne' depends on axioms: [propext, Classical.choice, Quot.sound]
2026-09-26T10:27:37.1399790Z info: OIBridge/CausalReadback.lean:339:0: 'OIBridge.CausalReadback.pdFamily_pDivisible' depends on axioms: [propext, Classical.choice, Quot.sound]
2026-09-26T10:27:37.1400534Z info: OIBridge/CausalReadback.lean:340:0: 'OIBridge.CausalReadback.pdFamily_not_c4e_not_c4r' depends on axioms: [propext, Classical.choice, Quot.sound]
2026-09-26T10:27:37.1401218Z info: OIBridge/CausalReadback.lean:341:0: 'OIBridge.CausalReadback.peFamily_c4e' depends on axioms: [propext, Classical.choice, Quot.sound]
2026-09-26T10:27:37.1401963Z info: OIBridge/CausalReadback.lean:342:0: 'OIBridge.CausalReadback.peFamily_pIndivisible' depends on axioms: [propext, Classical.choice, Quot.sound]
2026-09-26T10:27:37.1402690Z info: OIBridge/CausalReadback.lean:343:0: 'OIBridge.CausalReadback.control_separation' depends on axioms: [propext, Classical.choice, Quot.sound]
2026-09-26T10:27:37.1403447Z info: OIBridge/CausalReadback.lean:344:0: 'OIBridge.CausalReadback.causal_readback_verdict' depends on axioms: [propext, Classical.choice, Quot.sound]
2026-09-26T10:27:37.1403746Z ℹ [3562/3600] Replayed OIBridge.TransposeBridge
2026-09-26T10:27:37.1404497Z info: OIBridge/TransposeBridge.lean:205:0: 'OIBridge.TransposeBridge.isRowStochastic_iff_transpose_isColStochastic' depends on axioms: [propext,
2026-09-26T10:27:37.1404639Z  Classical.choice,
2026-09-26T10:27:37.1404768Z  Quot.sound]
2026-09-26T10:27:37.1405498Z info: OIBridge/TransposeBridge.lean:206:0: 'OIBridge.TransposeBridge.isColStochastic_iff_transpose_isRowStochastic' depends on axioms: [propext,
2026-09-26T10:27:37.1405638Z  Classical.choice,
2026-09-26T10:27:37.1405763Z  Quot.sound]
2026-09-26T10:27:37.1406664Z info: OIBridge/TransposeBridge.lean:207:0: 'OIBridge.TransposeBridge.factor_transpose_iff' depends on axioms: [propext, Classical.choice, Quot.sound]
2026-09-26T10:27:37.1407369Z info: OIBridge/TransposeBridge.lean:208:0: 'OIBridge.TransposeBridge.pDivisible_iff_pDivisibleCol_transpose' depends on axioms: [propext,
2026-09-26T10:27:37.1407509Z  Classical.choice,
2026-09-26T10:27:37.1407634Z  Quot.sound]
2026-09-26T10:27:37.1408447Z info: OIBridge/TransposeBridge.lean:209:0: 'OIBridge.TransposeBridge.pIndivisibleWithin_iff_pIndivisibleColWithin_transpose' depends on axioms: [propext,
2026-09-26T10:27:37.1408607Z  Classical.choice,
2026-09-26T10:27:37.1408738Z  Quot.sound]
2026-09-26T10:27:37.1409486Z info: OIBridge/TransposeBridge.lean:210:0: 'OIBridge.TransposeBridge.root_factor_of_trivial' depends on axioms: [propext, Classical.choice, Quot.sound]
2026-09-26T10:27:37.1410194Z info: OIBridge/TransposeBridge.lean:211:0: 'OIBridge.TransposeBridge.rootedMap_zero' depends on axioms: [propext, Classical.choice, Quot.sound]
2026-09-26T10:27:37.1410951Z info: OIBridge/TransposeBridge.lean:212:0: 'OIBridge.TransposeBridge.rootedMap_root_factor' depends on axioms: [propext, Classical.choice, Quot.sound]
2026-09-26T10:27:37.1411446Z ⚠ [3563/3600] Replayed OIBridge.RootedClassification
2026-09-26T10:27:37.1413920Z warning: OIBridge/RootedClassification.lean:20:34: Ambiguous namespace `Equivalence`: it is interpreted as `_root_.OIBridge.Equivalence` because this `open` occurs inside `namespace OIBridge.RootedClassification`, while `_root_.Equivalence` is silently not opened. Specify the namespace unambiguously, e.g. `_root_.OIBridge.Equivalence`. The warning can sometimes also be addressed by moving the `open` outside of the surrounding `namespace`.
2026-09-26T10:27:37.1413934Z 
2026-09-26T10:27:37.1414285Z Note: This linter can be disabled with `set_option linter.ambiguousOpen false`
2026-09-26T10:27:37.1415168Z warning: OIBridge/RootedClassification.lean:46:0: automatically included section variable(s) unused in theorem `OIBridge.RootedClassification.responseWeight_nonneg`:
2026-09-26T10:27:37.1415472Z   [Fintype V]
2026-09-26T10:27:37.1415620Z   [DecidableEq V]
2026-09-26T10:27:37.1415751Z   [DecidableEq I]
2026-09-26T10:27:37.1416445Z consider restructuring your `variable` declarations so that the variables are not in scope or explicitly omit them:
2026-09-26T10:27:37.1416712Z   omit [Fintype V] [DecidableEq V] [DecidableEq I] in theorem ...
2026-09-26T10:27:37.1416720Z 
2026-09-26T10:27:37.1417076Z Note: This linter can be disabled with `set_option linter.unusedSectionVars false`
2026-09-26T10:27:37.1417918Z warning: OIBridge/RootedClassification.lean:54:0: automatically included section variable(s) unused in theorem `OIBridge.RootedClassification.responseWeight_sum`:
2026-09-26T10:27:37.1418059Z   [DecidableEq V]
2026-09-26T10:27:37.1418638Z consider restructuring your `variable` declarations so that the variables are not in scope or explicitly omit them:
2026-09-26T10:27:37.1418808Z   omit [DecidableEq V] in theorem ...
2026-09-26T10:27:37.1418816Z 
2026-09-26T10:27:37.1419195Z Note: This linter can be disabled with `set_option linter.unusedSectionVars false`
2026-09-26T10:27:37.1420108Z warning: OIBridge/RootedClassification.lean:123:0: automatically included section variable(s) unused in theorem `OIBridge.RootedClassification.rootedMap_zero`:
2026-09-26T10:27:37.1420244Z   [Fintype V]
2026-09-26T10:27:37.1420854Z consider restructuring your `variable` declarations so that the variables are not in scope or explicitly omit them:
2026-09-26T10:27:37.1421029Z   omit [Fintype V] in theorem ...
2026-09-26T10:27:37.1421036Z 
2026-09-26T10:27:37.1421409Z Note: This linter can be disabled with `set_option linter.unusedSectionVars false`
2026-09-26T10:27:37.1421828Z warning: OIBridge/RootedClassification.lean:130:21: This simp argument is unused:
2026-09-26T10:27:37.1421975Z   Matrix.one_apply
2026-09-26T10:27:37.1421982Z 
2026-09-26T10:27:37.1422160Z Hint: Omit it from the simp argument list.
2026-09-26T10:27:37.1422323Z   [apply] simp [rootedMap, h]
2026-09-26T10:27:37.1422329Z 
2026-09-26T10:27:37.1422693Z Note: This linter can be disabled with `set_option linter.unusedSimpArgs false`
2026-09-26T10:27:37.1423626Z warning: OIBridge/RootedClassification.lean:199:0: automatically included section variable(s) unused in theorem `OIBridge.RootedClassification.cycleState_val_zero`:
2026-09-26T10:27:37.1423769Z   [Fintype V]
2026-09-26T10:27:37.1423905Z   [DecidableEq V]
2026-09-26T10:27:37.1424487Z consider restructuring your `variable` declarations so that the variables are not in scope or explicitly omit them:
2026-09-26T10:27:37.1424697Z   omit [Fintype V] [DecidableEq V] in theorem ...
2026-09-26T10:27:37.1424704Z 
2026-09-26T10:27:37.1425090Z Note: This linter can be disabled with `set_option linter.unusedSectionVars false`
2026-09-26T10:27:37.1426169Z warning: OIBridge/RootedClassification.lean:205:0: automatically included section variable(s) unused in theorem `OIBridge.RootedClassification.cycleState_nonzero`:
2026-09-26T10:27:37.1426311Z   [Fintype V]
2026-09-26T10:27:37.1426458Z   [DecidableEq V]
2026-09-26T10:27:37.1427041Z consider restructuring your `variable` declarations so that the variables are not in scope or explicitly omit them:
2026-09-26T10:27:37.1427508Z   omit [Fintype V] [DecidableEq V] in theorem ...
2026-09-26T10:27:37.1427515Z 
2026-09-26T10:27:37.1427888Z Note: This linter can be disabled with `set_option linter.unusedSectionVars false`
2026-09-26T10:27:37.1428366Z warning: OIBridge/RootedClassification.lean:232:4: Try `simp at hs` instead of `simpa using hs`
2026-09-26T10:27:37.1428374Z 
2026-09-26T10:27:37.1428747Z Note: This linter can be disabled with `set_option linter.unnecessarySimpa false`
2026-09-26T10:27:37.1429227Z warning: OIBridge/RootedClassification.lean:235:4: Try `simp at hs` instead of `simpa using hs`
2026-09-26T10:27:37.1429236Z 
2026-09-26T10:27:37.1429596Z Note: This linter can be disabled with `set_option linter.unnecessarySimpa false`
2026-09-26T10:27:37.1430718Z warning: OIBridge/RootedClassification.lean:214:0: automatically included section variable(s) unused in theorem `OIBridge.RootedClassification.cycleState_injective`:
2026-09-26T10:27:37.1430873Z   [Fintype V]
2026-09-26T10:27:37.1431005Z   [DecidableEq V]
2026-09-26T10:27:37.1431595Z consider restructuring your `variable` declarations so that the variables are not in scope or explicitly omit them:
2026-09-26T10:27:37.1431806Z   omit [Fintype V] [DecidableEq V] in theorem ...
2026-09-26T10:27:37.1431813Z 
2026-09-26T10:27:37.1432187Z Note: This linter can be disabled with `set_option linter.unusedSectionVars false`
2026-09-26T10:27:37.1433098Z warning: OIBridge/RootedClassification.lean:260:8: automatically included section variable(s) unused in theorem `OIBridge.RootedClassification.cyclePerm_apply`:
2026-09-26T10:27:37.1433239Z   [Fintype V]
2026-09-26T10:27:37.1433370Z   [DecidableEq V]
2026-09-26T10:27:37.1433954Z consider restructuring your `variable` declarations so that the variables are not in scope or explicitly omit them:
2026-09-26T10:27:37.1434160Z   omit [Fintype V] [DecidableEq V] in theorem ...
2026-09-26T10:27:37.1434175Z 
2026-09-26T10:27:37.1434551Z Note: This linter can be disabled with `set_option linter.unusedSectionVars false`
2026-09-26T10:27:37.1434840Z warning: OIBridge/RootedClassification.lean:274:2: Try this: 
2026-09-26T10:27:37.1435062Z   letI̵
2026-09-26T10:27:37.1435069Z 
2026-09-26T10:27:37.1435332Z The goal is a proposition, so `let` is preferred over `letI`.
2026-09-26T10:27:37.1435732Z The difference between `let` and `letI` is that `letI` inlines the value.
2026-09-26T10:27:37.1436178Z But this is not relevant for proofs because of proof irrelevance.
2026-09-26T10:27:37.1436187Z 
2026-09-26T10:27:37.1436560Z Note: This linter can be disabled with `set_option linter.style.haveILetI false`
2026-09-26T10:27:37.1437502Z info: OIBridge/RootedClassification.lean:349:0: 'OIBridge.RootedClassification.responseWeight_nonneg' depends on axioms: [propext, Classical.choice, Quot.sound]
2026-09-26T10:27:37.1438421Z info: OIBridge/RootedClassification.lean:350:0: 'OIBridge.RootedClassification.responseWeight_sum' depends on axioms: [propext, Classical.choice, Quot.sound]
2026-09-26T10:27:37.1439365Z info: OIBridge/RootedClassification.lean:351:0: 'OIBridge.RootedClassification.responseWeight_marginal' depends on axioms: [propext, Classical.choice, Quot.sound]
2026-09-26T10:27:37.1440237Z info: OIBridge/RootedClassification.lean:352:0: 'OIBridge.RootedClassification.rootedMap_zero' depends on axioms: [propext, Classical.choice, Quot.sound]
2026-09-26T10:27:37.1441129Z info: OIBridge/RootedClassification.lean:353:0: 'OIBridge.RootedClassification.rootedMap_periodic' depends on axioms: [propext, Classical.choice, Quot.sound]
2026-09-26T10:27:37.1442006Z info: OIBridge/RootedClassification.lean:354:0: 'OIBridge.RootedClassification.rootedMap_mem_PPer' depends on axioms: [propext, Classical.choice, Quot.sound]
2026-09-26T10:27:37.1442912Z info: OIBridge/RootedClassification.lean:355:0: 'OIBridge.RootedClassification.cycleState_val_zero' depends on axioms: [propext, Classical.choice, Quot.sound]
2026-09-26T10:27:37.1443798Z info: OIBridge/RootedClassification.lean:356:0: 'OIBridge.RootedClassification.cycleState_nonzero' depends on axioms: [propext, Classical.choice, Quot.sound]
2026-09-26T10:27:37.1444858Z info: OIBridge/RootedClassification.lean:357:0: 'OIBridge.RootedClassification.cycleState_injective' depends on axioms: [propext, Classical.choice, Quot.sound]
2026-09-26T10:27:37.1445698Z info: OIBridge/RootedClassification.lean:358:0: 'OIBridge.RootedClassification.cyclePerm_apply' depends on axioms: [propext, Classical.choice, Quot.sound]
2026-09-26T10:27:37.1446726Z info: OIBridge/RootedClassification.lean:359:0: 'OIBridge.RootedClassification.responseStep_cycle' depends on axioms: [propext, Classical.choice, Quot.sound]
2026-09-26T10:27:37.1447595Z info: OIBridge/RootedClassification.lean:360:0: 'OIBridge.RootedClassification.tableWeight_nonneg' depends on axioms: [propext, Classical.choice, Quot.sound]
2026-09-26T10:27:37.1448592Z info: OIBridge/RootedClassification.lean:361:0: 'OIBridge.RootedClassification.tableWeight_sum' depends on axioms: [propext, Classical.choice, Quot.sound]
2026-09-26T10:27:37.1449481Z info: OIBridge/RootedClassification.lean:362:0: 'OIBridge.RootedClassification.responsePrior_nonneg' depends on axioms: [propext, Classical.choice, Quot.sound]
2026-09-26T10:27:37.1450331Z info: OIBridge/RootedClassification.lean:363:0: 'OIBridge.RootedClassification.responsePrior_sum' depends on axioms: [propext, Classical.choice, Quot.sound]
2026-09-26T10:27:37.1451096Z info: OIBridge/RootedClassification.lean:364:0: 'OIBridge.RootedClassification.pper_of_finiteRootedRealizable' depends on axioms: [propext,
2026-09-26T10:27:37.1451241Z  Classical.choice,
2026-09-26T10:27:37.1451370Z  Quot.sound]
2026-09-26T10:27:37.1451717Z ⚠ [3564/3600] Replayed OIBridge.RootedClassificationT2
2026-09-26T10:27:37.1454227Z warning: OIBridge/RootedClassificationT2.lean:14:34: Ambiguous namespace `Equivalence`: it is interpreted as `_root_.OIBridge.Equivalence` because this `open` occurs inside `namespace OIBridge.RootedClassification`, while `_root_.Equivalence` is silently not opened. Specify the namespace unambiguously, e.g. `_root_.OIBridge.Equivalence`. The warning can sometimes also be addressed by moving the `open` outside of the surrounding `namespace`.
2026-09-26T10:27:37.1454242Z 
2026-09-26T10:27:37.1454594Z Note: This linter can be disabled with `set_option linter.ambiguousOpen false`
2026-09-26T10:27:37.1455481Z warning: OIBridge/RootedClassificationT2.lean:21:0: automatically included section variable(s) unused in theorem `OIBridge.RootedClassification.cyclePerm_iterate`:
2026-09-26T10:27:37.1455617Z   [Fintype V]
2026-09-26T10:27:37.1455758Z   [DecidableEq V]
2026-09-26T10:27:37.1456468Z consider restructuring your `variable` declarations so that the variables are not in scope or explicitly omit them:
2026-09-26T10:27:37.1456669Z   omit [Fintype V] [DecidableEq V] in theorem ...
2026-09-26T10:27:37.1456676Z 
2026-09-26T10:27:37.1457050Z Note: This linter can be disabled with `set_option linter.unusedSectionVars false`
2026-09-26T10:27:37.1457327Z warning: OIBridge/RootedClassificationT2.lean:56:2: Try this: 
2026-09-26T10:27:37.1457498Z   letI̵
2026-09-26T10:27:37.1457506Z 
2026-09-26T10:27:37.1457776Z The goal is a proposition, so `let` is preferred over `letI`.
2026-09-26T10:27:37.1458104Z The difference between `let` and `letI` is that `letI` inlines the value.
2026-09-26T10:27:37.1458380Z But this is not relevant for proofs because of proof irrelevance.
2026-09-26T10:27:37.1458386Z 
2026-09-26T10:27:37.1458731Z Note: This linter can be disabled with `set_option linter.style.haveILetI false`
2026-09-26T10:27:37.1459603Z info: OIBridge/RootedClassificationT2.lean:91:0: 'OIBridge.RootedClassification.cyclePerm_iterate' depends on axioms: [propext, Classical.choice, Quot.sound]
2026-09-26T10:27:37.1460528Z info: OIBridge/RootedClassificationT2.lean:92:0: 'OIBridge.RootedClassification.responseStep_iterate_cycle' depends on axioms: [propext, Classical.choice, Quot.sound]
2026-09-26T10:27:37.1461220Z info: OIBridge/RootedClassificationT2.lean:93:0: 'OIBridge.RootedClassification.phaseZero_val' does not depend on any axioms
2026-09-26T10:27:37.1462277Z info: OIBridge/RootedClassificationT2.lean:94:0: 'OIBridge.RootedClassification.cycleState_phaseZero' depends on axioms: [propext, Classical.choice, Quot.sound]
2026-09-26T10:27:37.1463066Z info: OIBridge/RootedClassificationT2.lean:95:0: 'OIBridge.RootedClassification.finRotate_iterate_phaseZero_of_lt' depends on axioms: [propext,
2026-09-26T10:27:37.1463206Z  Classical.choice,
2026-09-26T10:27:37.1463334Z  Quot.sound]
2026-09-26T10:27:37.1464103Z info: OIBridge/RootedClassificationT2.lean:96:0: 'OIBridge.RootedClassification.cyclePerm_iterate_phaseZero_of_lt' depends on axioms: [propext,
2026-09-26T10:27:37.1464234Z  Classical.choice,
2026-09-26T10:27:37.1464364Z  Quot.sound]
2026-09-26T10:27:37.1465316Z info: OIBridge/RootedClassificationT2.lean:97:0: 'OIBridge.RootedClassification.responseStep_iterate_phaseZero_of_lt' depends on axioms: [propext,
2026-09-26T10:27:37.1465454Z  Classical.choice,
2026-09-26T10:27:37.1465592Z  Quot.sound]
2026-09-26T10:27:37.1466504Z info: OIBridge/RootedClassificationT2.lean:98:0: 'OIBridge.RootedClassification.responseStep_visible_of_pos_lt' depends on axioms: [propext,
2026-09-26T10:27:37.1466637Z  Classical.choice,
2026-09-26T10:27:37.1466767Z  Quot.sound]
2026-09-26T10:27:37.1467137Z ⚠ [3565/3600] Replayed OIBridge.RootedClassificationAllTime
2026-09-26T10:27:37.1469660Z warning: OIBridge/RootedClassificationAllTime.lean:14:34: Ambiguous namespace `Equivalence`: it is interpreted as `_root_.OIBridge.Equivalence` because this `open` occurs inside `namespace OIBridge.RootedClassification`, while `_root_.Equivalence` is silently not opened. Specify the namespace unambiguously, e.g. `_root_.OIBridge.Equivalence`. The warning can sometimes also be addressed by moving the `open` outside of the surrounding `namespace`.
2026-09-26T10:27:37.1469668Z 
2026-09-26T10:27:37.1470019Z Note: This linter can be disabled with `set_option linter.ambiguousOpen false`
2026-09-26T10:27:37.1471006Z warning: OIBridge/RootedClassificationAllTime.lean:49:0: automatically included section variable(s) unused in theorem `OIBridge.RootedClassification.responseLocalWeight_sum`:
2026-09-26T10:27:37.1471146Z   [DecidableEq V]
2026-09-26T10:27:37.1471715Z consider restructuring your `variable` declarations so that the variables are not in scope or explicitly omit them:
2026-09-26T10:27:37.1471879Z   omit [DecidableEq V] in theorem ...
2026-09-26T10:27:37.1471885Z 
2026-09-26T10:27:37.1472241Z Note: This linter can be disabled with `set_option linter.unusedSectionVars false`
2026-09-26T10:27:37.1472793Z warning: OIBridge/RootedClassificationAllTime.lean:163:15: Variable name `hM` is not explicitly referenced.
2026-09-26T10:27:37.1472799Z 
2026-09-26T10:27:37.1473475Z Hint: The binding can be removed (if unused) or named `_` (if used implicitly). Alternatively, prefix the name with `_` to silence this warning:
2026-09-26T10:27:37.1473606Z   [apply] _hM
2026-09-26T10:27:37.1473619Z 
2026-09-26T10:27:37.1473958Z Note: This linter can be disabled with `set_option linter.unusedVariables false`
2026-09-26T10:27:37.1474406Z warning: OIBridge/RootedClassificationAllTime.lean:224:22: This simp argument is unused:
2026-09-26T10:27:37.1474539Z   Matrix.one_apply
2026-09-26T10:27:37.1474552Z 
2026-09-26T10:27:37.1474722Z Hint: Omit it from the simp argument list.
2026-09-26T10:27:37.1474882Z   [apply] simp [pdFamily, J2] at h0
2026-09-26T10:27:37.1474888Z 
2026-09-26T10:27:37.1475225Z Note: This linter can be disabled with `set_option linter.unusedSimpArgs false`
2026-09-26T10:27:37.1475655Z warning: OIBridge/RootedClassificationAllTime.lean:232:22: This simp argument is unused:
2026-09-26T10:27:37.1475931Z   Matrix.one_apply
2026-09-26T10:27:37.1475938Z 
2026-09-26T10:27:37.1476107Z Hint: Omit it from the simp argument list.
2026-09-26T10:27:37.1476267Z   [apply] simp [peFamily, J2] at h0
2026-09-26T10:27:37.1476273Z 
2026-09-26T10:27:37.1476612Z Note: This linter can be disabled with `set_option linter.unusedSimpArgs false`
2026-09-26T10:27:37.1477611Z info: OIBridge/RootedClassificationAllTime.lean:252:0: 'OIBridge.RootedClassification.finRotate_iterate_phaseZero_period' depends on axioms: [propext,
2026-09-26T10:27:37.1477751Z  Classical.choice,
2026-09-26T10:27:37.1477882Z  Quot.sound]
2026-09-26T10:27:37.1478704Z info: OIBridge/RootedClassificationAllTime.lean:253:0: 'OIBridge.RootedClassification.cyclePerm_iterate_phaseZero_period' depends on axioms: [propext,
2026-09-26T10:27:37.1478841Z  Classical.choice,
2026-09-26T10:27:37.1478970Z  Quot.sound]
2026-09-26T10:27:37.1479825Z info: OIBridge/RootedClassificationAllTime.lean:254:0: 'OIBridge.RootedClassification.responseStep_iterate_phaseZero_period' depends on axioms: [propext,
2026-09-26T10:27:37.1479963Z  Classical.choice,
2026-09-26T10:27:37.1480092Z  Quot.sound]
2026-09-26T10:27:37.1481195Z info: OIBridge/RootedClassificationAllTime.lean:255:0: 'OIBridge.RootedClassification.responseLocalWeight_sum' depends on axioms: [propext, Classical.choice, Quot.sound]
2026-09-26T10:27:37.1482186Z info: OIBridge/RootedClassificationAllTime.lean:256:0: 'OIBridge.RootedClassification.responseRealization_pad_sum' depends on axioms: [propext, Classical.choice, Quot.sound]
2026-09-26T10:27:37.1483056Z info: OIBridge/RootedClassificationAllTime.lean:257:0: 'OIBridge.RootedClassification.rootedMap_responseRealization_of_pos_lt' depends on axioms: [propext,
2026-09-26T10:27:37.1483193Z  Classical.choice,
2026-09-26T10:27:37.1483321Z  Quot.sound]
2026-09-26T10:27:37.1484208Z info: OIBridge/RootedClassificationAllTime.lean:258:0: 'OIBridge.RootedClassification.rootedMap_responseRealization_first_period' depends on axioms: [propext,
2026-09-26T10:27:37.1484339Z  Classical.choice,
2026-09-26T10:27:37.1484466Z  Quot.sound]
2026-09-26T10:27:37.1485334Z info: OIBridge/RootedClassificationAllTime.lean:259:0: 'OIBridge.RootedClassification.rootedMap_responseRealization_add_period' depends on axioms: [propext,
2026-09-26T10:27:37.1485479Z  Classical.choice,
2026-09-26T10:27:37.1485608Z  Quot.sound]
2026-09-26T10:27:37.1486605Z info: OIBridge/RootedClassificationAllTime.lean:260:0: 'OIBridge.RootedClassification.responseRealization_agrees_all' depends on axioms: [propext,
2026-09-26T10:27:37.1486749Z  Classical.choice,
2026-09-26T10:27:37.1486877Z  Quot.sound]
2026-09-26T10:27:37.1487844Z info: OIBridge/RootedClassificationAllTime.lean:261:0: 'OIBridge.RootedClassification.pper_has_responseRealization' depends on axioms: [propext, Classical.choice, Quot.sound]
2026-09-26T10:27:37.1488690Z info: OIBridge/RootedClassificationAllTime.lean:262:0: 'OIBridge.RootedClassification.finiteRootedRealizable_iff_pper' depends on axioms: [propext,
2026-09-26T10:27:37.1488827Z  Classical.choice,
2026-09-26T10:27:37.1488950Z  Quot.sound]
2026-09-26T10:27:37.1489830Z info: OIBridge/RootedClassificationAllTime.lean:263:0: 'OIBridge.RootedClassification.finiteRootedRealizable_of_realization' depends on axioms: [propext,
2026-09-26T10:27:37.1489974Z  Classical.choice,
2026-09-26T10:27:37.1490096Z  Quot.sound]
2026-09-26T10:27:37.1491066Z info: OIBridge/RootedClassificationAllTime.lean:264:0: 'OIBridge.RootedClassification.pdFamily_not_periodicFamily' depends on axioms: [propext, Classical.choice, Quot.sound]
2026-09-26T10:27:37.1492018Z info: OIBridge/RootedClassificationAllTime.lean:265:0: 'OIBridge.RootedClassification.peFamily_not_periodicFamily' depends on axioms: [propext, Classical.choice, Quot.sound]
2026-09-26T10:27:37.1492852Z info: OIBridge/RootedClassificationAllTime.lean:266:0: 'OIBridge.RootedClassification.pdFamily_not_finiteRootedRealizable' depends on axioms: [propext,
2026-09-26T10:27:37.1492987Z  Classical.choice,
2026-09-26T10:27:37.1493116Z  Quot.sound]
2026-09-26T10:27:37.1493938Z info: OIBridge/RootedClassificationAllTime.lean:267:0: 'OIBridge.RootedClassification.peFamily_not_finiteRootedRealizable' depends on axioms: [propext,
2026-09-26T10:27:37.1494074Z  Classical.choice,
2026-09-26T10:27:37.1494202Z  Quot.sound]
2026-09-26T10:27:37.1494553Z ⚠ [3566/3600] Replayed OIBridge.QuantumRepresentationT2
2026-09-26T10:27:37.1495156Z warning: OIBridge/QuantumRepresentationT2.lean:78:52: This simp argument is unused:
2026-09-26T10:27:37.1495373Z   Matrix.conjTranspose_apply
2026-09-26T10:27:37.1495381Z 
2026-09-26T10:27:37.1495557Z Hint: Omit it from the simp argument list.
2026-09-26T10:27:37.1496111Z   [apply] simp [hadU, Matrix.mul_apply, Fin.sum_univ_two, Matrix.one_apply, hc, hadAmp_sq]
2026-09-26T10:27:37.1496119Z 
2026-09-26T10:27:37.1496466Z Note: This linter can be disabled with `set_option linter.unusedSimpArgs false`
2026-09-26T10:27:37.1496869Z warning: OIBridge/QuantumRepresentationT2.lean:79:6: This simp argument is unused:
2026-09-26T10:27:37.1497005Z   Matrix.one_apply
2026-09-26T10:27:37.1497011Z 
2026-09-26T10:27:37.1497176Z Hint: Omit it from the simp argument list.
2026-09-26T10:27:37.1497621Z   [apply] simp [hadU, Matrix.mul_apply, Fin.sum_univ_two, Matrix.conjTranspose_apply, hc, hadAmp_sq]
2026-09-26T10:27:37.1497627Z 
2026-09-26T10:27:37.1498117Z Note: This linter can be disabled with `set_option linter.unusedSimpArgs false`
2026-09-26T10:27:37.1498517Z warning: OIBridge/QuantumRepresentationT2.lean:80:4: this tactic is never executed
2026-09-26T10:27:37.1498530Z 
2026-09-26T10:27:37.1498879Z Note: This linter can be disabled with `set_option linter.unreachableTactic false`
2026-09-26T10:27:37.1499275Z warning: OIBridge/QuantumRepresentationT2.lean:80:25: this tactic is never executed
2026-09-26T10:27:37.1499281Z 
2026-09-26T10:27:37.1499621Z Note: This linter can be disabled with `set_option linter.unreachableTactic false`
2026-09-26T10:27:37.1500150Z warning: OIBridge/QuantumRepresentationT2.lean:80:4: Unused tactic linter: `simp [hadAmp_sq]` does nothing
2026-09-26T10:27:37.1500156Z 
2026-09-26T10:27:37.1500482Z Note: This linter can be disabled with `set_option linter.unusedTactic false`
2026-09-26T10:27:37.1500952Z warning: OIBridge/QuantumRepresentationT2.lean:80:25: Unused tactic linter: `ring` does nothing
2026-09-26T10:27:37.1500963Z 
2026-09-26T10:27:37.1501278Z Note: This linter can be disabled with `set_option linter.unusedTactic false`
2026-09-26T10:27:37.1501678Z warning: OIBridge/QuantumRepresentationT2.lean:92:61: This simp argument is unused:
2026-09-26T10:27:37.1501814Z   hadAmp_neg_normSq
2026-09-26T10:27:37.1501820Z 
2026-09-26T10:27:37.1501987Z Hint: Omit it from the simp argument list.
2026-09-26T10:27:37.1502147Z   [apply] simp [hadU, hadAmp_normSq]
2026-09-26T10:27:37.1502154Z 
2026-09-26T10:27:37.1502486Z Note: This linter can be disabled with `set_option linter.unusedSimpArgs false`
2026-09-26T10:27:37.1503312Z info: OIBridge/QuantumRepresentationT2.lean:177:0: 'OIBridge.QuantumRepresentation.hadAmp_sq' depends on axioms: [propext, Classical.choice, Quot.sound]
2026-09-26T10:27:37.1504161Z info: OIBridge/QuantumRepresentationT2.lean:178:0: 'OIBridge.QuantumRepresentation.hadAmp_normSq' depends on axioms: [propext, Classical.choice, Quot.sound]
2026-09-26T10:27:37.1505031Z info: OIBridge/QuantumRepresentationT2.lean:179:0: 'OIBridge.QuantumRepresentation.hadAmp_neg_normSq' depends on axioms: [propext, Classical.choice, Quot.sound]
2026-09-26T10:27:37.1506140Z info: OIBridge/QuantumRepresentationT2.lean:180:0: 'OIBridge.QuantumRepresentation.hadU_mem_unitaryGroup' depends on axioms: [propext, Classical.choice, Quot.sound]
2026-09-26T10:27:37.1506996Z info: OIBridge/QuantumRepresentationT2.lean:181:0: 'OIBridge.QuantumRepresentation.hadData_born' depends on axioms: [propext, Classical.choice, Quot.sound]
2026-09-26T10:27:37.1507837Z info: OIBridge/QuantumRepresentationT2.lean:182:0: 'OIBridge.QuantumRepresentation.hadData_isLaw' depends on axioms: [propext, Classical.choice, Quot.sound]
2026-09-26T10:27:37.1508659Z info: OIBridge/QuantumRepresentationT2.lean:183:0: 'OIBridge.QuantumRepresentation.hadU_normSq' depends on axioms: [propext, Classical.choice, Quot.sound]
2026-09-26T10:27:37.1509554Z info: OIBridge/QuantumRepresentationT2.lean:184:0: 'OIBridge.QuantumRepresentation.hadData_bornPow_succ' depends on axioms: [propext, Classical.choice, Quot.sound]
2026-09-26T10:27:37.1510440Z info: OIBridge/QuantumRepresentationT2.lean:185:0: 'OIBridge.QuantumRepresentation.hadData_bornPow_succ'' depends on axioms: [propext, Classical.choice, Quot.sound]
2026-09-26T10:27:37.1511493Z info: OIBridge/QuantumRepresentationT2.lean:186:0: 'OIBridge.QuantumRepresentation.hadData_bornPow_zero'' depends on axioms: [propext, Classical.choice, Quot.sound]
2026-09-26T10:27:37.1512360Z info: OIBridge/QuantumRepresentationT2.lean:187:0: 'OIBridge.QuantumRepresentation.hadData_rootMass' depends on axioms: [propext, Classical.choice, Quot.sound]
2026-09-26T10:27:37.1513283Z info: OIBridge/QuantumRepresentationT2.lean:188:0: 'OIBridge.QuantumRepresentation.hadData_positiveRootMass' depends on axioms: [propext, Classical.choice, Quot.sound]
2026-09-26T10:27:37.1514123Z info: OIBridge/QuantumRepresentationT2.lean:189:0: 'OIBridge.QuantumRepresentation.hadData_rooted' depends on axioms: [propext, Classical.choice, Quot.sound]
2026-09-26T10:27:37.1515212Z info: OIBridge/QuantumRepresentationT2.lean:190:0: 'OIBridge.QuantumRepresentation.hadData_rooted_eq_pdFamily' depends on axioms: [propext, Classical.choice, Quot.sound]
2026-09-26T10:27:37.1516223Z info: OIBridge/QuantumRepresentationT2.lean:191:0: 'OIBridge.QuantumRepresentation.qStar_pdFamily' depends on axioms: [propext, Classical.choice, Quot.sound]
2026-09-26T10:27:37.1517057Z info: OIBridge/QuantumRepresentationT2.lean:192:0: 'OIBridge.QuantumRepresentation.qStar_not_subset_finiteRootedRealizable' depends on axioms: [propext,
2026-09-26T10:27:37.1517192Z  Classical.choice,
2026-09-26T10:27:37.1517322Z  Quot.sound]
2026-09-26T10:27:37.1518201Z info: OIBridge/QuantumRepresentationT2.lean:193:0: 'OIBridge.QuantumRepresentation.qStar_not_subset_pper' depends on axioms: [propext, Classical.choice, Quot.sound]
2026-09-26T10:27:37.1518537Z ⚠ [3567/3600] Replayed OIBridge.QuantumRepresentationT3
2026-09-26T10:27:37.1518938Z warning: OIBridge/QuantumRepresentationT3.lean:92:10: This simp argument is unused:
2026-09-26T10:27:37.1519070Z   this
2026-09-26T10:27:37.1519084Z 
2026-09-26T10:27:37.1519258Z Hint: Omit it from the simp argument list.
2026-09-26T10:27:37.1519394Z   [apply] simp [h]
2026-09-26T10:27:37.1519400Z 
2026-09-26T10:27:37.1519735Z Note: This linter can be disabled with `set_option linter.unusedSimpArgs false`
2026-09-26T10:27:37.1520029Z warning: OIBridge/QuantumRepresentationT3.lean:195:2: Try this: 
2026-09-26T10:27:37.1520185Z   letI̵
2026-09-26T10:27:37.1520191Z 
2026-09-26T10:27:37.1520444Z The goal is a proposition, so `let` is preferred over `letI`.
2026-09-26T10:27:37.1520763Z The difference between `let` and `letI` is that `letI` inlines the value.
2026-09-26T10:27:37.1521040Z But this is not relevant for proofs because of proof irrelevance.
2026-09-26T10:27:37.1521045Z 
2026-09-26T10:27:37.1521390Z Note: This linter can be disabled with `set_option linter.style.haveILetI false`
2026-09-26T10:27:37.1521676Z warning: OIBridge/QuantumRepresentationT3.lean:196:2: Try this: 
2026-09-26T10:27:37.1521834Z   letI̵
2026-09-26T10:27:37.1521840Z 
2026-09-26T10:27:37.1522088Z The goal is a proposition, so `let` is preferred over `letI`.
2026-09-26T10:27:37.1522395Z The difference between `let` and `letI` is that `letI` inlines the value.
2026-09-26T10:27:37.1522660Z But this is not relevant for proofs because of proof irrelevance.
2026-09-26T10:27:37.1522666Z 
2026-09-26T10:27:37.1522997Z Note: This linter can be disabled with `set_option linter.style.haveILetI false`
2026-09-26T10:27:37.1523879Z info: OIBridge/QuantumRepresentationT3.lean:228:0: 'OIBridge.QuantumRepresentation.nonempty_of_qStar' depends on axioms: [propext, Classical.choice, Quot.sound]
2026-09-26T10:27:37.1524761Z info: OIBridge/QuantumRepresentationT3.lean:229:0: 'OIBridge.QuantumRepresentation.not_qStar_of_isEmpty' depends on axioms: [propext, Classical.choice, Quot.sound]
2026-09-26T10:27:37.1525631Z info: OIBridge/QuantumRepresentationT3.lean:230:0: 'OIBridge.QuantumRepresentation.permData_card_pos' depends on axioms: [propext, Classical.choice, Quot.sound]
2026-09-26T10:27:37.1526633Z info: OIBridge/QuantumRepresentationT3.lean:231:0: 'OIBridge.QuantumRepresentation.permData_born' depends on axioms: [propext, Classical.choice, Quot.sound]
2026-09-26T10:27:37.1527687Z info: OIBridge/QuantumRepresentationT3.lean:232:0: 'OIBridge.QuantumRepresentation.permData_bornPow' depends on axioms: [propext, Classical.choice, Quot.sound]
2026-09-26T10:27:37.1528548Z info: OIBridge/QuantumRepresentationT3.lean:233:0: 'OIBridge.QuantumRepresentation.permData_rootMass' depends on axioms: [propext, Classical.choice, Quot.sound]
2026-09-26T10:27:37.1529484Z info: OIBridge/QuantumRepresentationT3.lean:234:0: 'OIBridge.QuantumRepresentation.permData_positiveRootMass' depends on axioms: [propext, Classical.choice, Quot.sound]
2026-09-26T10:27:37.1530334Z info: OIBridge/QuantumRepresentationT3.lean:235:0: 'OIBridge.QuantumRepresentation.permData_isLaw' depends on axioms: [propext, Classical.choice, Quot.sound]
2026-09-26T10:27:37.1531357Z info: OIBridge/QuantumRepresentationT3.lean:236:0: 'OIBridge.QuantumRepresentation.permData_rooted' depends on axioms: [propext, Classical.choice, Quot.sound]
2026-09-26T10:27:37.1532292Z info: OIBridge/QuantumRepresentationT3.lean:237:0: 'OIBridge.QuantumRepresentation.qStar_of_rootedRealization' depends on axioms: [propext, Classical.choice, Quot.sound]
2026-09-26T10:27:37.1533082Z info: OIBridge/QuantumRepresentationT3.lean:238:0: 'OIBridge.QuantumRepresentation.qStar_of_finiteRootedRealizable' depends on axioms: [propext,
2026-09-26T10:27:37.1533222Z  Classical.choice,
2026-09-26T10:27:37.1533347Z  Quot.sound]
2026-09-26T10:27:37.1534182Z info: OIBridge/QuantumRepresentationT3.lean:239:0: 'OIBridge.QuantumRepresentation.qStar_of_pper' depends on axioms: [propext, Classical.choice, Quot.sound]
2026-09-26T10:27:37.1535119Z info: OIBridge/QuantumRepresentationT3.lean:240:0: 'OIBridge.QuantumRepresentation.qStar_inclusion_iff_nonempty' depends on axioms: [propext, Classical.choice, Quot.sound]
2026-09-26T10:27:37.1535430Z ⚠ [3568/3600] Replayed OIBridge.OperationalSourcing
2026-09-26T10:27:37.1536156Z warning: OIBridge/OperationalSourcing.lean:529:2: `push_neg` has been deprecated. Prefer using `push Not` instead.
2026-09-26T10:27:37.1536563Z If you'd rather continue using `push_neg` in your project, you can implement it as follows:
2026-09-26T10:27:37.1536682Z ```
2026-09-26T10:27:37.1536838Z open Lean.Parser.Tactic in
2026-09-26T10:27:37.1537073Z macro "push_neg" cfg:optConfig loc:(location)? : tactic =>
2026-09-26T10:27:37.1537257Z   `(tactic| push $cfg:optConfig Not $[$loc]?)
2026-09-26T10:27:37.1537379Z ```
2026-09-26T10:27:37.1538195Z info: OIBridge/OperationalSourcing.lean:949:0: 'OIBridge.OperationalSourcing.instAvail_congr' depends on axioms: [propext, Classical.choice, Quot.sound]
2026-09-26T10:27:37.1539001Z info: OIBridge/OperationalSourcing.lean:950:0: 'OIBridge.OperationalSourcing.availExt_congr' depends on axioms: [propext, Classical.choice, Quot.sound]
2026-09-26T10:27:37.1539885Z info: OIBridge/OperationalSourcing.lean:951:0: 'OIBridge.OperationalSourcing.availExt_stable_under_arcC' depends on axioms: [propext, Classical.choice, Quot.sound]
2026-09-26T10:27:37.1540668Z info: OIBridge/OperationalSourcing.lean:952:0: 'OIBridge.OperationalSourcing.availExt_unavailable_stable_under_arcC' depends on axioms: [propext,
2026-09-26T10:27:37.1540808Z  Classical.choice,
2026-09-26T10:27:37.1540939Z  Quot.sound]
2026-09-26T10:27:37.1541716Z info: OIBridge/OperationalSourcing.lean:953:0: 'OIBridge.OperationalSourcing.phasesUnavailable_stable_under_arcC' depends on axioms: [propext,
2026-09-26T10:27:37.1541853Z  Classical.choice,
2026-09-26T10:27:37.1541984Z  Quot.sound]
2026-09-26T10:27:37.1542865Z info: OIBridge/OperationalSourcing.lean:954:0: 'OIBridge.OperationalSourcing.permClass_unchanged_by_arcC' depends on axioms: [propext, Classical.choice, Quot.sound]
2026-09-26T10:27:37.1543730Z info: OIBridge/OperationalSourcing.lean:955:0: 'OIBridge.OperationalSourcing.permMatrix_eq_coherent' depends on axioms: [propext, Classical.choice, Quot.sound]
2026-09-26T10:27:37.1544583Z info: OIBridge/OperationalSourcing.lean:956:0: 'OIBridge.OperationalSourcing.permClass_permMatrix'' depends on axioms: [propext, Classical.choice, Quot.sound]
2026-09-26T10:27:37.1545639Z info: OIBridge/OperationalSourcing.lean:957:0: 'OIBridge.OperationalSourcing.permData_U_permClass' depends on axioms: [propext, Classical.choice, Quot.sound]
2026-09-26T10:27:37.1546565Z info: OIBridge/OperationalSourcing.lean:958:0: 'OIBridge.OperationalSourcing.padData_U' depends on axioms: [propext, Classical.choice, Quot.sound]
2026-09-26T10:27:37.1547366Z info: OIBridge/OperationalSourcing.lean:959:0: 'OIBridge.OperationalSourcing.padData_init' depends on axioms: [propext, Classical.choice, Quot.sound]
2026-09-26T10:27:37.1548144Z info: OIBridge/OperationalSourcing.lean:960:0: 'OIBridge.OperationalSourcing.padData_read' depends on axioms: [propext, Classical.choice, Quot.sound]
2026-09-26T10:27:37.1549223Z info: OIBridge/OperationalSourcing.lean:961:0: 'OIBridge.OperationalSourcing.kronecker_mem_unitaryGroup' depends on axioms: [propext, Classical.choice, Quot.sound]
2026-09-26T10:27:37.1550017Z info: OIBridge/OperationalSourcing.lean:962:0: 'OIBridge.OperationalSourcing.padData_born' depends on axioms: [propext, Classical.choice, Quot.sound]
2026-09-26T10:27:37.1550793Z info: OIBridge/OperationalSourcing.lean:963:0: 'OIBridge.OperationalSourcing.sum_ancBorn' depends on axioms: [propext, Classical.choice, Quot.sound]
2026-09-26T10:27:37.1551557Z info: OIBridge/OperationalSourcing.lean:964:0: 'OIBridge.OperationalSourcing.sum_ancPow' depends on axioms: [propext, Classical.choice, Quot.sound]
2026-09-26T10:27:37.1552368Z info: OIBridge/OperationalSourcing.lean:965:0: 'OIBridge.OperationalSourcing.padData_bornPow' depends on axioms: [propext, Classical.choice, Quot.sound]
2026-09-26T10:27:37.1553147Z info: OIBridge/OperationalSourcing.lean:966:0: 'OIBridge.OperationalSourcing.sum_fibre_one' depends on axioms: [propext, Classical.choice, Quot.sound]
2026-09-26T10:27:37.1553916Z info: OIBridge/OperationalSourcing.lean:967:0: 'OIBridge.OperationalSourcing.sum_fibre_two' depends on axioms: [propext, Classical.choice, Quot.sound]
2026-09-26T10:27:37.1554741Z info: OIBridge/OperationalSourcing.lean:968:0: 'OIBridge.OperationalSourcing.padData_rootMass' depends on axioms: [propext, Classical.choice, Quot.sound]
2026-09-26T10:27:37.1555574Z info: OIBridge/OperationalSourcing.lean:969:0: 'OIBridge.OperationalSourcing.padData_jointMass' depends on axioms: [propext, Classical.choice, Quot.sound]
2026-09-26T10:27:37.1556535Z info: OIBridge/OperationalSourcing.lean:970:0: 'OIBridge.OperationalSourcing.padData_rooted' depends on axioms: [propext, Classical.choice, Quot.sound]
2026-09-26T10:27:37.1557337Z info: OIBridge/OperationalSourcing.lean:971:0: 'OIBridge.OperationalSourcing.padData_isLaw' depends on axioms: [propext, Classical.choice, Quot.sound]
2026-09-26T10:27:37.1558220Z info: OIBridge/OperationalSourcing.lean:972:0: 'OIBridge.OperationalSourcing.padData_positiveRootMass' depends on axioms: [propext, Classical.choice, Quot.sound]
2026-09-26T10:27:37.1559066Z info: OIBridge/OperationalSourcing.lean:973:0: 'OIBridge.OperationalSourcing.nonempty_bas_of_isLaw' depends on axioms: [propext, Classical.choice, Quot.sound]
2026-09-26T10:27:37.1559917Z info: OIBridge/OperationalSourcing.lean:974:0: 'OIBridge.OperationalSourcing.exists_ne_zero_of_isLaw' depends on axioms: [propext, Classical.choice, Quot.sound]
2026-09-26T10:27:37.1560795Z info: OIBridge/OperationalSourcing.lean:975:0: 'OIBridge.OperationalSourcing.consequence_nonMonomial' depends on axioms: [propext, Classical.choice, Quot.sound]
2026-09-26T10:27:37.1561659Z info: OIBridge/OperationalSourcing.lean:976:0: 'OIBridge.OperationalSourcing.phaseU_mem_unitaryGroup' depends on axioms: [propext, Classical.choice, Quot.sound]
2026-09-26T10:27:37.1562459Z info: OIBridge/OperationalSourcing.lean:977:0: 'OIBridge.OperationalSourcing.phaseU_rowSum' depends on axioms: [propext, Classical.choice, Quot.sound]
2026-09-26T10:27:37.1563273Z info: OIBridge/OperationalSourcing.lean:978:0: 'OIBridge.OperationalSourcing.smul_ones_apply' depends on axioms: [propext, Classical.choice, Quot.sound]
2026-09-26T10:27:37.1564302Z info: OIBridge/OperationalSourcing.lean:979:0: 'OIBridge.OperationalSourcing.padData_U_mulVec_ones' depends on axioms: [propext, Classical.choice, Quot.sound]
2026-09-26T10:27:37.1565179Z info: OIBridge/OperationalSourcing.lean:980:0: 'OIBridge.OperationalSourcing.consequence_phaseContent' depends on axioms: [propext, Classical.choice, Quot.sound]
2026-09-26T10:27:37.1566142Z info: OIBridge/OperationalSourcing.lean:981:0: 'OIBridge.OperationalSourcing.unitData_isLaw' depends on axioms: [propext, Classical.choice, Quot.sound]
2026-09-26T10:27:37.1566974Z info: OIBridge/OperationalSourcing.lean:982:0: 'OIBridge.OperationalSourcing.unitData_bas_elim' depends on axioms: [propext, Classical.choice, Quot.sound]
2026-09-26T10:27:37.1567991Z info: OIBridge/OperationalSourcing.lean:983:0: 'OIBridge.OperationalSourcing.unitData_sum_collapse' depends on axioms: [propext, Classical.choice, Quot.sound]
2026-09-26T10:27:37.1568861Z info: OIBridge/OperationalSourcing.lean:984:0: 'OIBridge.OperationalSourcing.unitData_bornPow_eq_one' depends on axioms: [propext, Classical.choice, Quot.sound]
2026-09-26T10:27:37.1569686Z info: OIBridge/OperationalSourcing.lean:985:0: 'OIBridge.OperationalSourcing.unitData_rootMass' depends on axioms: [propext, Classical.choice, Quot.sound]
2026-09-26T10:27:37.1570565Z info: OIBridge/OperationalSourcing.lean:986:0: 'OIBridge.OperationalSourcing.unitData_positiveRootMass' depends on axioms: [propext, Classical.choice, Quot.sound]
2026-09-26T10:27:37.1571382Z info: OIBridge/OperationalSourcing.lean:987:0: 'OIBridge.OperationalSourcing.unitData_rooted' depends on axioms: [propext, Classical.choice, Quot.sound]
2026-09-26T10:27:37.1572245Z info: OIBridge/OperationalSourcing.lean:988:0: 'OIBridge.OperationalSourcing.unitFamily_realizable' depends on axioms: [propext, Classical.choice, Quot.sound]
2026-09-26T10:27:37.1573063Z info: OIBridge/OperationalSourcing.lean:989:0: 'OIBridge.OperationalSourcing.reindex_padUnit' depends on axioms: [propext, Classical.choice, Quot.sound]
2026-09-26T10:27:37.1573949Z info: OIBridge/OperationalSourcing.lean:990:0: 'OIBridge.OperationalSourcing.consequence_augmentedAll' depends on axioms: [propext, Classical.choice, Quot.sound]
2026-09-26T10:27:37.1574748Z info: OIBridge/OperationalSourcing.lean:991:0: 'OIBridge.OperationalSourcing.archGen_arch' depends on axioms: [propext, Classical.choice, Quot.sound]
2026-09-26T10:27:37.1575534Z info: OIBridge/OperationalSourcing.lean:992:0: 'OIBridge.OperationalSourcing.archGen_le' depends on axioms: [propext, Classical.choice, Quot.sound]
2026-09-26T10:27:37.1576516Z info: OIBridge/OperationalSourcing.lean:993:0: 'OIBridge.OperationalSourcing.repAugmented_arch' depends on axioms: [propext, Classical.choice, Quot.sound]
2026-09-26T10:27:37.1577428Z info: OIBridge/OperationalSourcing.lean:994:0: 'OIBridge.OperationalSourcing.permClass_le_repAugmented' depends on axioms: [propext, Classical.choice, Quot.sound]
2026-09-26T10:27:37.1578256Z info: OIBridge/OperationalSourcing.lean:995:0: 'OIBridge.OperationalSourcing.archGen_of_isEmpty' depends on axioms: [propext, Classical.choice, Quot.sound]
2026-09-26T10:27:37.1579031Z info: OIBridge/OperationalSourcing.lean:996:0: 'OIBridge.OperationalSourcing.repAugmented_allUnitaries_nonempty' depends on axioms: [propext,
2026-09-26T10:27:37.1579173Z  Classical.choice,
2026-09-26T10:27:37.1579305Z  Quot.sound]
2026-09-26T10:27:37.1580186Z info: OIBridge/OperationalSourcing.lean:997:0: 'OIBridge.OperationalSourcing.repAugmented_allUnitaries' depends on axioms: [propext, Classical.choice, Quot.sound]
2026-09-26T10:27:37.1581087Z info: OIBridge/OperationalSourcing.lean:998:0: 'OIBridge.OperationalSourcing.repAugmented_not_onesFixing' depends on axioms: [propext, Classical.choice, Quot.sound]
2026-09-26T10:27:37.1581983Z info: OIBridge/OperationalSourcing.lean:999:0: 'OIBridge.OperationalSourcing.repAugmented_phasesAvailable' depends on axioms: [propext, Classical.choice, Quot.sound]
2026-09-26T10:27:37.1582834Z info: OIBridge/OperationalSourcing.lean:1000:0: 'OIBridge.OperationalSourcing.repAugmented_everyUnitaryAvailable' depends on axioms: [propext,
2026-09-26T10:27:37.1582982Z  Classical.choice,
2026-09-26T10:27:37.1583114Z  Quot.sound]
2026-09-26T10:27:37.1583873Z info: OIBridge/OperationalSourcing.lean:1001:0: 'OIBridge.OperationalSourcing.arcCWitness_not_phasesAvailable' depends on axioms: [propext,
2026-09-26T10:27:37.1584023Z  Classical.choice,
2026-09-26T10:27:37.1584157Z  Quot.sound]
2026-09-26T10:27:37.1584460Z ⚠ [3569/3600] Replayed OIBridge.CandidateSelection
2026-09-26T10:27:37.1585219Z warning: OIBridge/CandidateSelection.lean:91:0: automatically included section variable(s) unused in theorem `OIBridge.CandidateSelection.bornPow_nonneg`:
2026-09-26T10:27:37.1585345Z   [Fintype V]
2026-09-26T10:27:37.1585467Z   [DecidableEq V]
2026-09-26T10:27:37.1586317Z consider restructuring your `variable` declarations so that the variables are not in scope or explicitly omit them:
2026-09-26T10:27:37.1586524Z   omit [Fintype V] [DecidableEq V] in theorem ...
2026-09-26T10:27:37.1586542Z 
2026-09-26T10:27:37.1586935Z Note: This linter can be disabled with `set_option linter.unusedSectionVars false`
2026-09-26T10:27:37.1587771Z warning: OIBridge/CandidateSelection.lean:104:0: automatically included section variable(s) unused in theorem `OIBridge.CandidateSelection.bornPow_one`:
2026-09-26T10:27:37.1587898Z   [Fintype V]
2026-09-26T10:27:37.1588458Z consider restructuring your `variable` declarations so that the variables are not in scope or explicitly omit them:
2026-09-26T10:27:37.1588617Z   omit [Fintype V] in theorem ...
2026-09-26T10:27:37.1588623Z 
2026-09-26T10:27:37.1588974Z Note: This linter can be disabled with `set_option linter.unusedSectionVars false`
2026-09-26T10:27:37.1589842Z warning: OIBridge/CandidateSelection.lean:153:0: automatically included section variable(s) unused in theorem `OIBridge.CandidateSelection.initWeight_admissible`:
2026-09-26T10:27:37.1589978Z   [Fintype V]
2026-09-26T10:27:37.1590526Z consider restructuring your `variable` declarations so that the variables are not in scope or explicitly omit them:
2026-09-26T10:27:37.1590679Z   omit [Fintype V] in theorem ...
2026-09-26T10:27:37.1590685Z 
2026-09-26T10:27:37.1591035Z Note: This linter can be disabled with `set_option linter.unusedSectionVars false`
2026-09-26T10:27:37.1591923Z warning: OIBridge/CandidateSelection.lean:168:0: automatically included section variable(s) unused in theorem `OIBridge.CandidateSelection.uniformWeight_admissible`:
2026-09-26T10:27:37.1592053Z   [Fintype V]
2026-09-26T10:27:37.1592598Z consider restructuring your `variable` declarations so that the variables are not in scope or explicitly omit them:
2026-09-26T10:27:37.1592742Z   omit [Fintype V] in theorem ...
2026-09-26T10:27:37.1592747Z 
2026-09-26T10:27:37.1593096Z Note: This linter can be disabled with `set_option linter.unusedSectionVars false`
2026-09-26T10:27:37.1593476Z warning: OIBridge/CandidateSelection.lean:261:52: This simp argument is unused:
2026-09-26T10:27:37.1593638Z   Matrix.conjTranspose_apply
2026-09-26T10:27:37.1593644Z 
2026-09-26T10:27:37.1593822Z Hint: Omit it from the simp argument list.
2026-09-26T10:27:37.1594122Z   [apply] simp [Matrix.mul_apply, Fin.sum_univ_three, Matrix.one_apply]
2026-09-26T10:27:37.1594129Z 
2026-09-26T10:27:37.1594462Z Note: This linter can be disabled with `set_option linter.unusedSimpArgs false`
2026-09-26T10:27:37.1594824Z warning: OIBridge/CandidateSelection.lean:261:80: This simp argument is unused:
2026-09-26T10:27:37.1594961Z   Matrix.one_apply
2026-09-26T10:27:37.1594968Z 
2026-09-26T10:27:37.1595132Z Hint: Omit it from the simp argument list.
2026-09-26T10:27:37.1595545Z   [apply] simp [Matrix.mul_apply, Fin.sum_univ_three, Matrix.conjTranspose_apply]
2026-09-26T10:27:37.1595551Z 
2026-09-26T10:27:37.1596015Z Note: This linter can be disabled with `set_option linter.unusedSimpArgs false`
2026-09-26T10:27:37.1596952Z warning: OIBridge/CandidateSelection.lean:320:0: automatically included section variable(s) unused in theorem `OIBridge.CandidateSelection.candidateOf_initWeight_eq_rooted`:
2026-09-26T10:27:37.1597250Z   [Fintype V]
2026-09-26T10:27:37.1597816Z consider restructuring your `variable` declarations so that the variables are not in scope or explicitly omit them:
2026-09-26T10:27:37.1597969Z   omit [Fintype V] in theorem ...
2026-09-26T10:27:37.1597975Z 
2026-09-26T10:27:37.1598334Z Note: This linter can be disabled with `set_option linter.unusedSectionVars false`
2026-09-26T10:27:37.1598794Z warning: OIBridge/CandidateSelection.lean:320:58: Variable name `hQ` is not explicitly referenced.
2026-09-26T10:27:37.1598801Z 
2026-09-26T10:27:37.1599424Z Hint: The binding can be removed (if unused) or named `_` (if used implicitly). Alternatively, prefix the name with `_` to silence this warning:
2026-09-26T10:27:37.1599553Z   [apply] _hQ
2026-09-26T10:27:37.1599558Z 
2026-09-26T10:27:37.1600056Z Note: This linter can be disabled with `set_option linter.unusedVariables false`
2026-09-26T10:27:37.1600504Z warning: OIBridge/CandidateSelection.lean:320:73: Variable name `hP` is not explicitly referenced.
2026-09-26T10:27:37.1600517Z 
2026-09-26T10:27:37.1601175Z Hint: The binding can be removed (if unused) or named `_` (if used implicitly). Alternatively, prefix the name with `_` to silence this warning:
2026-09-26T10:27:37.1601307Z   [apply] _hP
2026-09-26T10:27:37.1601313Z 
2026-09-26T10:27:37.1601649Z Note: This linter can be disabled with `set_option linter.unusedVariables false`
2026-09-26T10:27:37.1602197Z warning: OIBridge/CandidateSelection.lean:444:4: `push_neg` has been deprecated. Prefer using `push Not` instead.
2026-09-26T10:27:37.1602604Z If you'd rather continue using `push_neg` in your project, you can implement it as follows:
2026-09-26T10:27:37.1602721Z ```
2026-09-26T10:27:37.1602881Z open Lean.Parser.Tactic in
2026-09-26T10:27:37.1603124Z macro "push_neg" cfg:optConfig loc:(location)? : tactic =>
2026-09-26T10:27:37.1603308Z   `(tactic| push $cfg:optConfig Not $[$loc]?)
2026-09-26T10:27:37.1603438Z ```
2026-09-26T10:27:37.1604304Z info: OIBridge/CandidateSelection.lean:460:0: 'OIBridge.CandidateSelection.initWeight_admissible' depends on axioms: [propext, Classical.choice, Quot.sound]
2026-09-26T10:27:37.1605170Z info: OIBridge/CandidateSelection.lean:461:0: 'OIBridge.CandidateSelection.uniformWeight_admissible' depends on axioms: [propext, Classical.choice, Quot.sound]
2026-09-26T10:27:37.1606220Z info: OIBridge/CandidateSelection.lean:462:0: 'OIBridge.CandidateSelection.candidateOf_isRowStochastic' depends on axioms: [propext, Classical.choice, Quot.sound]
2026-09-26T10:27:37.1607083Z info: OIBridge/CandidateSelection.lean:463:0: 'OIBridge.CandidateSelection.candidate_rules_disagree' depends on axioms: [propext, Classical.choice, Quot.sound]
2026-09-26T10:27:37.1607821Z info: OIBridge/CandidateSelection.lean:464:0: 'OIBridge.CandidateSelection.candidateOf_initWeight_eq_rooted' depends on axioms: [propext,
2026-09-26T10:27:37.1607970Z  Classical.choice,
2026-09-26T10:27:37.1608101Z  Quot.sound]
2026-09-26T10:27:37.1608869Z info: OIBridge/CandidateSelection.lean:465:0: 'OIBridge.CandidateSelection.candidateOf_uniformWeight_padData_eq' depends on axioms: [propext,
2026-09-26T10:27:37.1609006Z  Classical.choice,
2026-09-26T10:27:37.1609134Z  Quot.sound]
2026-09-26T10:27:37.1609973Z info: OIBridge/CandidateSelection.lean:466:0: 'OIBridge.CandidateSelection.admissible_nonUnique' depends on axioms: [propext, Classical.choice, Quot.sound]
2026-09-26T10:27:37.1610267Z ℹ [3570/3600] Replayed OIBridge.BarandesTuple
2026-09-26T10:27:37.1611049Z info: OIBridge/BarandesTuple.lean:560:0: 'OIBridge.BarandesTupleRound.transpose_nonneg' depends on axioms: [propext, Classical.choice, Quot.sound]
2026-09-26T10:27:37.1611803Z info: OIBridge/BarandesTuple.lean:561:0: 'OIBridge.BarandesTupleRound.transpose_le_one' depends on axioms: [propext, Classical.choice, Quot.sound]
2026-09-26T10:27:37.1612644Z info: OIBridge/BarandesTuple.lean:562:0: 'OIBridge.BarandesTupleRound.transpose_isColStochastic' depends on axioms: [propext, Classical.choice, Quot.sound]
2026-09-26T10:27:37.1613591Z info: OIBridge/BarandesTuple.lean:563:0: 'OIBridge.BarandesTupleRound.transpose_zero' depends on axioms: [propext, Classical.choice, Quot.sound]
2026-09-26T10:27:37.1614318Z info: OIBridge/BarandesTuple.lean:564:0: 'OIBridge.BarandesTupleRound.tupleP_zero' depends on axioms: [propext, Classical.choice, Quot.sound]
2026-09-26T10:27:37.1615063Z info: OIBridge/BarandesTuple.lean:565:0: 'OIBridge.BarandesTupleRound.tupleP_nonneg' depends on axioms: [propext, Classical.choice, Quot.sound]
2026-09-26T10:27:37.1615924Z info: OIBridge/BarandesTuple.lean:566:0: 'OIBridge.BarandesTupleRound.tupleP_sum' depends on axioms: [propext, Classical.choice, Quot.sound]
2026-09-26T10:27:37.1616678Z info: OIBridge/BarandesTuple.lean:567:0: 'OIBridge.BarandesTupleRound.tupleP_le_one' depends on axioms: [propext, Classical.choice, Quot.sound]
2026-09-26T10:27:37.1617590Z info: OIBridge/BarandesTuple.lean:568:0: 'OIBridge.BarandesTupleRound.tupleP_init_sum' depends on axioms: [propext, Classical.choice, Quot.sound]
2026-09-26T10:27:37.1618338Z info: OIBridge/BarandesTuple.lean:569:0: 'OIBridge.BarandesTupleRound.tupleP_marg' depends on axioms: [propext, Classical.choice, Quot.sound]
2026-09-26T10:27:37.1619184Z info: OIBridge/BarandesTuple.lean:570:0: 'OIBridge.BarandesTupleRound.singletonDivisible_of_pper' depends on axioms: [propext, Classical.choice, Quot.sound]
2026-09-26T10:27:37.1619970Z info: OIBridge/BarandesTuple.lean:571:0: 'OIBridge.BarandesTupleRound.collapsing_witness' depends on axioms: [propext, Classical.choice, Quot.sound]
2026-09-26T10:27:37.1620758Z info: OIBridge/BarandesTuple.lean:572:0: 'OIBridge.BarandesTupleRound.singletonDivisible_independent_of_pdivisible' depends on axioms: [propext,
2026-09-26T10:27:37.1620889Z  Classical.choice,
2026-09-26T10:27:37.1621019Z  Quot.sound]
2026-09-26T10:27:37.1621834Z info: OIBridge/BarandesTuple.lean:573:0: 'OIBridge.BarandesTupleRound.barandesTupleOfPPer' depends on axioms: [propext, Classical.choice, Quot.sound]
2026-09-26T10:27:37.1622601Z info: OIBridge/BarandesTuple.lean:574:0: 'OIBridge.BarandesTupleRound.decl_carrier_finite' depends on axioms: [propext, Classical.choice, Quot.sound]
2026-09-26T10:27:37.1623356Z info: OIBridge/BarandesTuple.lean:575:0: 'OIBridge.BarandesTupleRound.decl_init_eq_zero' depends on axioms: [propext, Classical.choice, Quot.sound]
2026-09-26T10:27:37.1624042Z info: OIBridge/BarandesTuple.lean:576:0: 'OIBridge.BarandesTupleRound.decl_T0_singleton_containing_init' depends on axioms: [propext,
2026-09-26T10:27:37.1624173Z  Classical.choice,
2026-09-26T10:27:37.1624303Z  Quot.sound]
2026-09-26T10:27:37.1625055Z info: OIBridge/BarandesTuple.lean:577:0: 'OIBridge.BarandesTupleRound.decl_alg_maximal' depends on axioms: [propext, Classical.choice, Quot.sound]
2026-09-26T10:27:37.1626082Z info: OIBridge/BarandesTuple.lean:578:0: 'OIBridge.BarandesTupleRound.rootedRealization_instantiates' depends on axioms: [propext, Classical.choice, Quot.sound]
2026-09-26T10:27:37.1626901Z info: OIBridge/BarandesTuple.lean:579:0: 'OIBridge.BarandesTupleRound.unistochastic_isRowStochastic_and_isColStochastic' depends on axioms: [propext,
2026-09-26T10:27:37.1627043Z  Classical.choice,
2026-09-26T10:27:37.1627166Z  Quot.sound]
2026-09-26T10:27:37.1627861Z info: OIBridge/BarandesTuple.lean:580:0: 'OIBridge.BarandesTupleRound.collapsed_slice_not_unistochastic' depends on axioms: [propext,
2026-09-26T10:27:37.1627997Z  Classical.choice,
2026-09-26T10:27:37.1628120Z  Quot.sound]
2026-09-26T10:27:37.1628872Z info: OIBridge/BarandesTuple.lean:581:0: 'OIBridge.BarandesTupleRound.offDirectBranch' depends on axioms: [propext, Classical.choice, Quot.sound]
2026-09-26T10:27:37.1629615Z info: OIBridge/BarandesTuple.lean:582:0: 'OIBridge.BarandesTupleRound.not_directBranch' depends on axioms: [propext, Classical.choice, Quot.sound]
2026-09-26T10:27:37.1630445Z info: OIBridge/BarandesTuple.lean:583:0: 'OIBridge.BarandesTupleRound.offDirectBranch_realization' depends on axioms: [propext, Classical.choice, Quot.sound]
2026-09-26T10:27:37.1630902Z ℹ [3571/3600] Replayed OIBridge.ContinuousExtension
2026-09-26T10:27:37.1631705Z info: OIBridge/ContinuousExtension.lean:548:0: 'OIBridge.ContinuousExtension.restriction_of_extends' depends on axioms: [propext, Classical.choice, Quot.sound]
2026-09-26T10:27:37.1632506Z info: OIBridge/ContinuousExtension.lean:549:0: 'OIBridge.ContinuousExtension.extends_apply' depends on axioms: [propext, Classical.choice, Quot.sound]
2026-09-26T10:27:37.1633295Z info: OIBridge/ContinuousExtension.lean:550:0: 'OIBridge.ContinuousExtension.extends_root' depends on axioms: [propext, Classical.choice, Quot.sound]
2026-09-26T10:27:37.1634184Z info: OIBridge/ContinuousExtension.lean:551:0: 'OIBridge.ContinuousExtension.isRowStochastic_restrict' depends on axioms: [propext, Classical.choice, Quot.sound]
2026-09-26T10:27:37.1635180Z info: OIBridge/ContinuousExtension.lean:552:0: 'OIBridge.ContinuousExtension.isRowStochastic_one' depends on axioms: [propext, Classical.choice, Quot.sound]
2026-09-26T10:27:37.1636206Z info: OIBridge/ContinuousExtension.lean:553:0: 'OIBridge.ContinuousExtension.isRowStochastic_convex' depends on axioms: [propext, Classical.choice, Quot.sound]
2026-09-26T10:27:37.1637007Z info: OIBridge/ContinuousExtension.lean:554:0: 'OIBridge.ContinuousExtension.cos_nat_mul_pi' depends on axioms: [propext, Classical.choice, Quot.sound]
2026-09-26T10:27:37.1637836Z info: OIBridge/ContinuousExtension.lean:555:0: 'OIBridge.ContinuousExtension.weight_mem_unitInterval' depends on axioms: [propext, Classical.choice, Quot.sound]
2026-09-26T10:27:37.1638673Z info: OIBridge/ContinuousExtension.lean:556:0: 'OIBridge.ContinuousExtension.weight_continuous' depends on axioms: [propext, Classical.choice, Quot.sound]
2026-09-26T10:27:37.1639462Z info: OIBridge/ContinuousExtension.lean:557:0: 'OIBridge.ContinuousExtension.weight_pi_nat' depends on axioms: [propext, Classical.choice, Quot.sound]
2026-09-26T10:27:37.1640243Z info: OIBridge/ContinuousExtension.lean:558:0: 'OIBridge.ContinuousExtension.weight_twoPi_nat' depends on axioms: [propext, Classical.choice, Quot.sound]
2026-09-26T10:27:37.1640921Z info: OIBridge/ContinuousExtension.lean:559:0: 'OIBridge.ContinuousExtension.weight_twoPi_half' depends on axioms: [propext, Classical.choice, Quot.sound]
2026-09-26T10:27:37.1641766Z info: OIBridge/ContinuousExtension.lean:560:0: 'OIBridge.ContinuousExtension.interp_rowStochastic' depends on axioms: [propext, Classical.choice, Quot.sound]
2026-09-26T10:27:37.1642519Z info: OIBridge/ContinuousExtension.lean:561:0: 'OIBridge.ContinuousExtension.interp_continuous' depends on axioms: [propext, Classical.choice, Quot.sound]
2026-09-26T10:27:37.1643027Z info: OIBridge/ContinuousExtension.lean:562:0: 'OIBridge.ContinuousExtension.extension_not_unique_visible' depends on axioms: [propext, Classical.choice, Quot.sound]
2026-09-26T10:27:37.1643795Z info: OIBridge/ContinuousExtension.lean:563:0: 'OIBridge.ContinuousExtension.regionLimit_analogue_has_equal_visible_shadows' depends on axioms: [propext,
2026-09-26T10:27:37.1643907Z  Classical.choice,
2026-09-26T10:27:37.1643994Z  Quot.sound]
2026-09-26T10:27:37.1644438Z info: OIBridge/ContinuousExtension.lean:564:0: 'OIBridge.ContinuousExtension.collapsingSlice_isRowStochastic' depends on axioms: [propext,
2026-09-26T10:27:37.1644527Z  Classical.choice,
2026-09-26T10:27:37.1644608Z  Quot.sound]
2026-09-26T10:27:37.1645119Z info: OIBridge/ContinuousExtension.lean:565:0: 'OIBridge.ContinuousExtension.collapsingSlice_of_extends' depends on axioms: [propext, Classical.choice, Quot.sound]
2026-09-26T10:27:37.1645995Z info: OIBridge/ContinuousExtension.lean:566:0: 'OIBridge.ContinuousExtension.screening_continuous_extension' depends on axioms: [propext, Classical.choice, Quot.sound]
2026-09-26T10:27:37.1646478Z info: OIBridge/ContinuousExtension.lean:567:0: 'OIBridge.ContinuousExtension.screening_extension_nonunistochastic_slice' depends on axioms: [propext,
2026-09-26T10:27:37.1646571Z  Classical.choice,
2026-09-26T10:27:37.1646664Z  Quot.sound]
2026-09-26T10:27:37.1647187Z info: OIBridge/ContinuousExtension.lean:568:0: 'OIBridge.ContinuousExtension.sourceAAdmissible_of_extends' depends on axioms: [propext, Classical.choice, Quot.sound]
2026-09-26T10:27:37.1647865Z info: OIBridge/ContinuousExtension.lean:569:0: 'OIBridge.ContinuousExtension.fn11_output_unistochastic' depends on axioms: [propext, Classical.choice, Quot.sound]
2026-09-26T10:27:37.1648298Z info: OIBridge/ContinuousExtension.lean:570:0: 'OIBridge.ContinuousExtension.fn11_not_applicable_to_frozen_witness' depends on axioms: [propext,
2026-09-26T10:27:37.1648384Z  Classical.choice,
2026-09-26T10:27:37.1648470Z  Quot.sound]
2026-09-26T10:27:37.1648968Z info: OIBridge/ContinuousExtension.lean:571:0: 'OIBridge.ContinuousExtension.compatible_theta_nonunitary' depends on axioms: [propext, Classical.choice, Quot.sound]
2026-09-26T10:27:37.1649545Z info: OIBridge/ContinuousExtension.lean:572:0: 'OIBridge.ContinuousExtension.admissible_offDirect_continuous_extension' depends on axioms: [propext,
2026-09-26T10:27:37.1649636Z  Classical.choice,
2026-09-26T10:27:37.1649719Z  Quot.sound]
2026-09-26T10:27:37.1649938Z ℹ [3572/3600] Replayed OIBridge.DilationChoice
2026-09-26T10:27:37.1650404Z info: OIBridge/DilationChoice.lean:692:0: 'OIBridge.DilationChoice.readback_isColStochastic' depends on axioms: [propext, Classical.choice, Quot.sound]
2026-09-26T10:27:37.1650824Z info: OIBridge/DilationChoice.lean:693:0: 'OIBridge.DilationChoice.readback_relabel' depends on axioms: [propext, Classical.choice, Quot.sound]
2026-09-26T10:27:37.1651257Z info: OIBridge/DilationChoice.lean:694:0: 'OIBridge.DilationChoice.readback_of_admissible' depends on axioms: [propext, Classical.choice, Quot.sound]
2026-09-26T10:27:37.1651657Z info: OIBridge/DilationChoice.lean:695:0: 'OIBridge.DilationChoice.kronecker_admissible_isUnistochastic' depends on axioms: [propext,
2026-09-26T10:27:37.1651743Z  Classical.choice,
2026-09-26T10:27:37.1651830Z  Quot.sound]
2026-09-26T10:27:37.1652302Z info: OIBridge/DilationChoice.lean:696:0: 'OIBridge.DilationChoice.admissible_mul_of_fixes_anchor' depends on axioms: [propext, Classical.choice, Quot.sound]
2026-09-26T10:27:37.1652761Z info: OIBridge/DilationChoice.lean:697:0: 'OIBridge.DilationChoice.permMatrix_mem_unitaryGroup' depends on axioms: [propext, Classical.choice, Quot.sound]
2026-09-26T10:27:37.1653186Z info: OIBridge/DilationChoice.lean:698:0: 'OIBridge.DilationChoice.not_isUnistochastic_of_not_isColStochastic' depends on axioms: [propext,
2026-09-26T10:27:37.1653280Z  Classical.choice,
2026-09-26T10:27:37.1653363Z  Quot.sound]
2026-09-26T10:27:37.1653855Z info: OIBridge/DilationChoice.lean:699:0: 'OIBridge.DilationChoice.isUnistochastic_two_of_symmetric' depends on axioms: [propext, Classical.choice, Quot.sound]
2026-09-26T10:27:37.1654294Z info: OIBridge/DilationChoice.lean:700:0: 'OIBridge.DilationChoice.not_visibleInvariance' depends on axioms: [propext, Classical.choice, Quot.sound]
2026-09-26T10:27:37.1654725Z info: OIBridge/DilationChoice.lean:701:0: 'OIBridge.DilationChoice.permMatrix_apply_eq' depends on axioms: [propext, Classical.choice, Quot.sound]
2026-09-26T10:27:37.1655147Z info: OIBridge/DilationChoice.lean:702:0: 'OIBridge.DilationChoice.sum_indicator_perm' depends on axioms: [propext, Classical.choice, Quot.sound]
2026-09-26T10:27:37.1655581Z info: OIBridge/DilationChoice.lean:703:0: 'OIBridge.DilationChoice.admissible_permMatrix' depends on axioms: [propext, Classical.choice, Quot.sound]
2026-09-26T10:27:37.1656156Z info: OIBridge/DilationChoice.lean:704:0: 'OIBridge.DilationChoice.readback_permMatrix_apply' depends on axioms: [propext, Classical.choice, Quot.sound]
2026-09-26T10:27:37.1656567Z info: OIBridge/DilationChoice.lean:705:0: 'OIBridge.DilationChoice.witnessA_lawful' depends on axioms: [propext, Classical.choice, Quot.sound]
2026-09-26T10:27:37.1657034Z info: OIBridge/DilationChoice.lean:706:0: 'OIBridge.DilationChoice.witnessA_moves_visible_candidate' depends on axioms: [propext, Classical.choice, Quot.sound]
2026-09-26T10:27:37.1657446Z info: OIBridge/DilationChoice.lean:707:0: 'OIBridge.DilationChoice.not_isUnistochastic_of_not_isRowStochastic' depends on axioms: [propext,
2026-09-26T10:27:37.1657660Z  Classical.choice,
2026-09-26T10:27:37.1657745Z  Quot.sound]
2026-09-26T10:27:37.1658180Z info: OIBridge/DilationChoice.lean:708:0: 'OIBridge.DilationChoice.mul_permMatrix_apply' depends on axioms: [propext, Classical.choice, Quot.sound]
2026-09-26T10:27:37.1658653Z info: OIBridge/DilationChoice.lean:709:0: 'OIBridge.DilationChoice.witnessBSlice_isRowStochastic' depends on axioms: [propext, Classical.choice, Quot.sound]
2026-09-26T10:27:37.1659081Z info: OIBridge/DilationChoice.lean:710:0: 'OIBridge.DilationChoice.witnessBSlice_transpose_not_isUnistochastic' depends on axioms: [propext,
2026-09-26T10:27:37.1659171Z  Classical.choice,
2026-09-26T10:27:37.1659251Z  Quot.sound]
2026-09-26T10:27:37.1659667Z info: OIBridge/DilationChoice.lean:711:0: 'OIBridge.DilationChoice.witnessB_lawful' depends on axioms: [propext, Classical.choice, Quot.sound]
2026-09-26T10:27:37.1660200Z info: OIBridge/DilationChoice.lean:712:0: 'OIBridge.DilationChoice.witnessB_admissible_continuous_extension' depends on axioms: [propext,
2026-09-26T10:27:37.1660299Z  Classical.choice,
2026-09-26T10:27:37.1660383Z  Quot.sound]
2026-09-26T10:27:37.1660864Z info: OIBridge/DilationChoice.lean:713:0: 'OIBridge.DilationChoice.witnessB_moves_visible_candidate' depends on axioms: [propext, Classical.choice, Quot.sound]
2026-09-26T10:27:37.1661302Z info: OIBridge/DilationChoice.lean:714:0: 'OIBridge.DilationChoice.dc4_refuted_witnessA' depends on axioms: [propext, Classical.choice, Quot.sound]
2026-09-26T10:27:37.1661724Z info: OIBridge/DilationChoice.lean:715:0: 'OIBridge.DilationChoice.dc4_refuted_witnessB' depends on axioms: [propext, Classical.choice, Quot.sound]
2026-09-26T10:27:37.1662171Z info: OIBridge/DilationChoice.lean:716:0: 'OIBridge.DilationChoice.dc1_runs_on_act8_frozen_object' depends on axioms: [propext, Classical.choice, Quot.sound]
2026-09-26T10:27:37.1662376Z ℹ [3573/3600] Replayed OIBridge.ReadbackRobustness
2026-09-26T10:27:37.1662886Z info: OIBridge/ReadbackRobustness.lean:298:0: 'OIBridge.ReadbackRobustness.admissibleReadback_nonempty' depends on axioms: [propext, Classical.choice, Quot.sound]
2026-09-26T10:27:37.1663316Z info: OIBridge/ReadbackRobustness.lean:299:0: 'OIBridge.ReadbackRobustness.mul_conjTranspose_mem_unitaryGroup' depends on axioms: [propext,
2026-09-26T10:27:37.1663402Z  Classical.choice,
2026-09-26T10:27:37.1663487Z  Quot.sound]
2026-09-26T10:27:37.1663900Z info: OIBridge/ReadbackRobustness.lean:300:0: 'OIBridge.ReadbackRobustness.rb3_forced_on_modulusSquared_unitary' depends on axioms: [propext,
2026-09-26T10:27:37.1663990Z  Classical.choice,
2026-09-26T10:27:37.1664073Z  Quot.sound]
2026-09-26T10:27:37.1664517Z info: OIBridge/ReadbackRobustness.lean:301:0: 'OIBridge.ReadbackRobustness.rb3_of_admissible' depends on axioms: [propext, Classical.choice, Quot.sound]
2026-09-26T10:27:37.1664989Z info: OIBridge/ReadbackRobustness.lean:302:0: 'OIBridge.ReadbackRobustness.preservesDivergence_of_movesVisibleCandidate' depends on axioms: [propext,
2026-09-26T10:27:37.1665081Z  Classical.choice,
2026-09-26T10:27:37.1665161Z  Quot.sound]
2026-09-26T10:27:37.1665588Z info: OIBridge/ReadbackRobustness.lean:303:0: 'OIBridge.ReadbackRobustness.rb1_witnessA' depends on axioms: [propext, Classical.choice, Quot.sound]
2026-09-26T10:27:37.1666161Z info: OIBridge/ReadbackRobustness.lean:304:0: 'OIBridge.ReadbackRobustness.rb1_witnessB' depends on axioms: [propext, Classical.choice, Quot.sound]
2026-09-26T10:27:37.1666622Z info: OIBridge/ReadbackRobustness.lean:305:0: 'OIBridge.ReadbackRobustness.rb3_is_anchorwise' depends on axioms: [propext, Classical.choice, Quot.sound]
2026-09-26T10:27:37.1666807Z ℹ [3574/3600] Replayed OIBridge.AnchorRobustness
2026-09-26T10:27:37.1667228Z info: OIBridge/AnchorRobustness.lean:557:0: 'OIBridge.AnchorRobustness.ab2_iff_not_anchorInvariantDivergence' depends on axioms: [propext,
2026-09-26T10:27:37.1667315Z  Classical.choice,
2026-09-26T10:27:37.1667409Z  Quot.sound]
2026-09-26T10:27:37.1667893Z info: OIBridge/AnchorRobustness.lean:558:0: 'OIBridge.AnchorRobustness.admissible_permMatrix_apply' depends on axioms: [propext, Classical.choice, Quot.sound]
2026-09-26T10:27:37.1668502Z info: OIBridge/AnchorRobustness.lean:559:0: 'OIBridge.AnchorRobustness.one_admissible_at_every_anchor' depends on axioms: [propext, Classical.choice, Quot.sound]
2026-09-26T10:27:37.1668947Z info: OIBridge/AnchorRobustness.lean:560:0: 'OIBridge.AnchorRobustness.jointlyReproducing_iff_anchor_zero_witnessA' depends on axioms: [propext,
2026-09-26T10:27:37.1669037Z  Classical.choice,
2026-09-26T10:27:37.1669119Z  Quot.sound]
2026-09-26T10:27:37.1669555Z info: OIBridge/AnchorRobustness.lean:561:0: 'OIBridge.AnchorRobustness.no_second_jointlyReproducing_anchor_witnessA' depends on axioms: [propext,
2026-09-26T10:27:37.1669644Z  Classical.choice,
2026-09-26T10:27:37.1669724Z  Quot.sound]
2026-09-26T10:27:37.1670338Z info: OIBridge/AnchorRobustness.lean:562:0: 'OIBridge.AnchorRobustness.anchorInvariantDivergence_trivial_witnessA' depends on axioms: [propext,
2026-09-26T10:27:37.1670436Z  Classical.choice,
2026-09-26T10:27:37.1670517Z  Quot.sound]
2026-09-26T10:27:37.1670956Z info: OIBridge/AnchorRobustness.lean:563:0: 'OIBridge.AnchorRobustness.not_ab2_witnessA' depends on axioms: [propext, Classical.choice, Quot.sound]
2026-09-26T10:27:37.1671398Z info: OIBridge/AnchorRobustness.lean:564:0: 'OIBridge.AnchorRobustness.jointlyReproducing_iff_anchor_zero_witnessB' depends on axioms: [propext,
2026-09-26T10:27:37.1671493Z  Classical.choice,
2026-09-26T10:27:37.1671581Z  Quot.sound]
2026-09-26T10:27:37.1672011Z info: OIBridge/AnchorRobustness.lean:565:0: 'OIBridge.AnchorRobustness.no_second_jointlyReproducing_anchor_witnessB' depends on axioms: [propext,
2026-09-26T10:27:37.1672103Z  Classical.choice,
2026-09-26T10:27:37.1672189Z  Quot.sound]
2026-09-26T10:27:37.1672638Z info: OIBridge/AnchorRobustness.lean:566:0: 'OIBridge.AnchorRobustness.anchorInvariantDivergence_trivial_witnessB' depends on axioms: [propext,
2026-09-26T10:27:37.1672729Z  Classical.choice,
2026-09-26T10:27:37.1672819Z  Quot.sound]
2026-09-26T10:27:37.1673247Z info: OIBridge/AnchorRobustness.lean:567:0: 'OIBridge.AnchorRobustness.not_ab2_witnessB' depends on axioms: [propext, Classical.choice, Quot.sound]
2026-09-26T10:27:37.1673704Z info: OIBridge/AnchorRobustness.lean:568:0: 'OIBridge.AnchorRobustness.ab0_on_both_witnesses' depends on axioms: [propext, Classical.choice, Quot.sound]
2026-09-26T10:27:37.1673899Z ⚠ [3575/3600] Replayed OIBridge.CoherentLiftGauge
2026-09-26T10:27:37.1674361Z warning: OIBridge/CoherentLiftGauge.lean:205:0: automatically included section variable(s) unused in theorem `OIBridge.CoherentLiftGauge.card_offAnchor`:
2026-09-26T10:27:37.1674453Z   [DecidableEq V]
2026-09-26T10:27:37.1674794Z consider restructuring your `variable` declarations so that the variables are not in scope or explicitly omit them:
2026-09-26T10:27:37.1674901Z   omit [DecidableEq V] in theorem ...
2026-09-26T10:27:37.1674906Z 
2026-09-26T10:27:37.1675143Z Note: This linter can be disabled with `set_option linter.unusedSectionVars false`
2026-09-26T10:27:37.1675375Z warning: OIBridge/CoherentLiftGauge.lean:699:52: This simp argument is unused:
2026-09-26T10:27:37.1675469Z   Equiv.swap_apply_def
2026-09-26T10:27:37.1675474Z 
2026-09-26T10:27:37.1675590Z Hint: Omit it from the simp argument list.
2026-09-26T10:27:37.1675925Z   [apply] simp +decide [hσ, hρ, Matrix.transpose_apply]
2026-09-26T10:27:37.1675930Z 
2026-09-26T10:27:37.1676142Z Note: This linter can be disabled with `set_option linter.unusedSimpArgs false`
2026-09-26T10:27:37.1676593Z info: OIBridge/CoherentLiftGauge.lean:742:0: 'OIBridge.CoherentLiftGauge.strong_mem_weak' depends on axioms: [propext, Classical.choice, Quot.sound]
2026-09-26T10:27:37.1677071Z info: OIBridge/CoherentLiftGauge.lean:743:0: 'OIBridge.CoherentLiftGauge.weak_anchor_coeff_norm_one' depends on axioms: [propext, Classical.choice, Quot.sound]
2026-09-26T10:27:37.1677571Z info: OIBridge/CoherentLiftGauge.lean:744:0: 'OIBridge.CoherentLiftGauge.strong_column_offAnchor_eq_zero' depends on axioms: [propext, Classical.choice, Quot.sound]
2026-09-26T10:27:37.1678152Z info: OIBridge/CoherentLiftGauge.lean:745:0: 'OIBridge.CoherentLiftGauge.strong_eq_one_of_ancilla_subsingleton' depends on axioms: [propext,
2026-09-26T10:27:37.1678250Z  Classical.choice,
2026-09-26T10:27:37.1678333Z  Quot.sound]
2026-09-26T10:27:37.1678774Z info: OIBridge/CoherentLiftGauge.lean:746:0: 'OIBridge.CoherentLiftGauge.card_offAnchor' depends on axioms: [propext, Classical.choice, Quot.sound]
2026-09-26T10:27:37.1679197Z info: OIBridge/CoherentLiftGauge.lean:747:0: 'OIBridge.CoherentLiftGauge.conjTranspose_mul_mem_unitaryGroup' depends on axioms: [propext,
2026-09-26T10:27:37.1679283Z  Classical.choice,
2026-09-26T10:27:37.1679369Z  Quot.sound]
2026-09-26T10:27:37.1679801Z info: OIBridge/CoherentLiftGauge.lean:748:0: 'OIBridge.CoherentLiftGauge.gaugeRelated_strong_iff_agree_on_anchor' depends on axioms: [propext,
2026-09-26T10:27:37.1680014Z  Classical.choice,
2026-09-26T10:27:37.1680102Z  Quot.sound]
2026-09-26T10:27:37.1680580Z info: OIBridge/CoherentLiftGauge.lean:749:0: 'OIBridge.CoherentLiftGauge.weak_preserves_admissible' depends on axioms: [propext, Classical.choice, Quot.sound]
2026-09-26T10:27:37.1681041Z info: OIBridge/CoherentLiftGauge.lean:750:0: 'OIBridge.CoherentLiftGauge.permMatrix_mul_apply' depends on axioms: [propext, Classical.choice, Quot.sound]
2026-09-26T10:27:37.1681444Z info: OIBridge/CoherentLiftGauge.lean:751:0: 'OIBridge.CoherentLiftGauge.weak_of_preserves_every_admissible' depends on axioms: [propext,
2026-09-26T10:27:37.1681530Z  Classical.choice,
2026-09-26T10:27:37.1681619Z  Quot.sound]
2026-09-26T10:27:37.1682066Z info: OIBridge/CoherentLiftGauge.lean:752:0: 'OIBridge.CoherentLiftGauge.visible_marginal_eq_one_of_visible_subsingleton' depends on axioms: [propext,
2026-09-26T10:27:37.1682151Z  Classical.choice,
2026-09-26T10:27:37.1682237Z  Quot.sound]
2026-09-26T10:27:37.1682683Z info: OIBridge/CoherentLiftGauge.lean:753:0: 'OIBridge.CoherentLiftGauge.all_preserve_admissible_of_visible_subsingleton' depends on axioms: [propext,
2026-09-26T10:27:37.1682772Z  Classical.choice,
2026-09-26T10:27:37.1682856Z  Quot.sound]
2026-09-26T10:27:37.1683266Z info: OIBridge/CoherentLiftGauge.lean:754:0: 'OIBridge.CoherentLiftGauge.gl3_constant_gauge_preserves_relative' depends on axioms: [propext,
2026-09-26T10:27:37.1683349Z  Classical.choice,
2026-09-26T10:27:37.1683439Z  Quot.sound]
2026-09-26T10:27:37.1683897Z info: OIBridge/CoherentLiftGauge.lean:755:0: 'OIBridge.CoherentLiftGauge.forced_gauge_witnessB' depends on axioms: [propext, Classical.choice, Quot.sound]
2026-09-26T10:27:37.1684328Z info: OIBridge/CoherentLiftGauge.lean:756:0: 'OIBridge.CoherentLiftGauge.forced_gauge_perm' depends on axioms: [propext, Classical.choice, Quot.sound]
2026-09-26T10:27:37.1684819Z info: OIBridge/CoherentLiftGauge.lean:757:0: 'OIBridge.CoherentLiftGauge.forced_gauge_witnessA_is_strong' depends on axioms: [propext, Classical.choice, Quot.sound]
2026-09-26T10:27:37.1685245Z info: OIBridge/CoherentLiftGauge.lean:758:0: 'OIBridge.CoherentLiftGauge.gl2_strong_gauge_moves_relative_candidate' depends on axioms: [propext,
2026-09-26T10:27:37.1685333Z  Classical.choice,
2026-09-26T10:27:37.1685419Z  Quot.sound]
2026-09-26T10:27:37.1685921Z info: OIBridge/CoherentLiftGauge.lean:759:0: 'OIBridge.CoherentLiftGauge.gi2_lifts_not_weakly_gauge_related' depends on axioms: [propext,
2026-09-26T10:27:37.1686007Z  Classical.choice,
2026-09-26T10:27:37.1686092Z  Quot.sound]
2026-09-26T10:27:37.1686262Z ℹ [3576/3600] Replayed OIBridge.TwoSidedGauge
2026-09-26T10:27:37.1686686Z info: OIBridge/TwoSidedGauge.lean:1146:0: 'OIBridge.TwoSidedGauge.fibreGram_apply' depends on axioms: [propext, Classical.choice, Quot.sound]
2026-09-26T10:27:37.1687111Z info: OIBridge/TwoSidedGauge.lean:1147:0: 'OIBridge.TwoSidedGauge.star_mul_self_eq_norm_sq' depends on axioms: [propext, Classical.choice, Quot.sound]
2026-09-26T10:27:37.1687518Z info: OIBridge/TwoSidedGauge.lean:1148:0: 'OIBridge.TwoSidedGauge.fibreGram_diag' depends on axioms: [propext, Classical.choice, Quot.sound]
2026-09-26T10:27:37.1688090Z info: OIBridge/TwoSidedGauge.lean:1149:0: 'OIBridge.TwoSidedGauge.fibreGram_diag_of_admissible' depends on axioms: [propext, Classical.choice, Quot.sound]
2026-09-26T10:27:37.1688518Z info: OIBridge/TwoSidedGauge.lean:1150:0: 'OIBridge.TwoSidedGauge.fibreGram_posSemidef' depends on axioms: [propext, Classical.choice, Quot.sound]
2026-09-26T10:27:37.1688931Z info: OIBridge/TwoSidedGauge.lean:1151:0: 'OIBridge.TwoSidedGauge.fibreGram_rank_le' depends on axioms: [propext, Classical.choice, Quot.sound]
2026-09-26T10:27:37.1689330Z info: OIBridge/TwoSidedGauge.lean:1152:0: 'OIBridge.TwoSidedGauge.sum_fibreGram' depends on axioms: [propext, Classical.choice, Quot.sound]
2026-09-26T10:27:37.1689721Z info: OIBridge/TwoSidedGauge.lean:1153:0: 'OIBridge.TwoSidedGauge.sh1_necessity' depends on axioms: [propext, Classical.choice, Quot.sound]
2026-09-26T10:27:37.1690242Z info: OIBridge/TwoSidedGauge.lean:1154:0: 'OIBridge.TwoSidedGauge.left_mul_submatrix' depends on axioms: [propext, Classical.choice, Quot.sound]
2026-09-26T10:27:37.1690655Z info: OIBridge/TwoSidedGauge.lean:1155:0: 'OIBridge.TwoSidedGauge.left_block_unitary' depends on axioms: [propext, Classical.choice, Quot.sound]
2026-09-26T10:27:37.1691066Z info: OIBridge/TwoSidedGauge.lean:1156:0: 'OIBridge.TwoSidedGauge.fibreGram_left_mul' depends on axioms: [propext, Classical.choice, Quot.sound]
2026-09-26T10:27:37.1691509Z info: OIBridge/TwoSidedGauge.lean:1157:0: 'OIBridge.TwoSidedGauge.left_preserves_admissible' depends on axioms: [propext, Classical.choice, Quot.sound]
2026-09-26T10:27:37.1691915Z info: OIBridge/TwoSidedGauge.lean:1158:0: 'OIBridge.TwoSidedGauge.one_leftFibreGroup' depends on axioms: [propext, Classical.choice, Quot.sound]
2026-09-26T10:27:37.1692327Z info: OIBridge/TwoSidedGauge.lean:1159:0: 'OIBridge.TwoSidedGauge.mul_weak_anchor_col' depends on axioms: [propext, Classical.choice, Quot.sound]
2026-09-26T10:27:37.1692768Z info: OIBridge/TwoSidedGauge.lean:1160:0: 'OIBridge.TwoSidedGauge.fibreGram_mul_weak_apply' depends on axioms: [propext, Classical.choice, Quot.sound]
2026-09-26T10:27:37.1693154Z info: OIBridge/TwoSidedGauge.lean:1161:0: 'OIBridge.TwoSidedGauge.weak_mul' depends on axioms: [propext, Classical.choice, Quot.sound]
2026-09-26T10:27:37.1693606Z info: OIBridge/TwoSidedGauge.lean:1162:0: 'OIBridge.TwoSidedGauge.gramPhaseEquiv_of_twoSided' depends on axioms: [propext, Classical.choice, Quot.sound]
2026-09-26T10:27:37.1694098Z info: OIBridge/TwoSidedGauge.lean:1163:0: 'OIBridge.TwoSidedGauge.twoSidedRelated_of_gaugeRelated_weak' depends on axioms: [propext, Classical.choice, Quot.sound]
2026-09-26T10:27:37.1694490Z info: OIBridge/TwoSidedGauge.lean:1164:0: 'OIBridge.TwoSidedGauge.twoSidedRelated_of_gaugeRelated_strong' depends on axioms: [propext,
2026-09-26T10:27:37.1694587Z  Classical.choice,
2026-09-26T10:27:37.1694673Z  Quot.sound]
2026-09-26T10:27:37.1695140Z info: OIBridge/TwoSidedGauge.lean:1165:0: 'OIBridge.TwoSidedGauge.left_of_preserves_every_admissible' depends on axioms: [propext, Classical.choice, Quot.sound]
2026-09-26T10:27:37.1695563Z info: OIBridge/TwoSidedGauge.lean:1166:0: 'OIBridge.TwoSidedGauge.anchored_entry_eq_zero_of_visible_zero' depends on axioms: [propext,
2026-09-26T10:27:37.1695653Z  Classical.choice,
2026-09-26T10:27:37.1695735Z  Quot.sound]
2026-09-26T10:27:37.1696245Z info: OIBridge/TwoSidedGauge.lean:1167:0: 'OIBridge.TwoSidedGauge.sh1_c1_fibreGram' depends on axioms: [propext, Classical.choice, Quot.sound]
2026-09-26T10:27:37.1696645Z info: OIBridge/TwoSidedGauge.lean:1168:0: 'OIBridge.TwoSidedGauge.posSemidef_apply_eq_zero_of_diag_eq_zero' depends on axioms: [propext,
2026-09-26T10:27:37.1696731Z  Classical.choice,
2026-09-26T10:27:37.1696816Z  Quot.sound]
2026-09-26T10:27:37.1697189Z info: OIBridge/TwoSidedGauge.lean:1169:0: 'OIBridge.TwoSidedGauge.sh1_c1' depends on axioms: [propext, Classical.choice, Quot.sound]
2026-09-26T10:27:37.1697635Z info: OIBridge/TwoSidedGauge.lean:1170:0: 'OIBridge.TwoSidedGauge.fibreGram_of_deterministic' depends on axioms: [propext, Classical.choice, Quot.sound]
2026-09-26T10:27:37.1698173Z info: OIBridge/TwoSidedGauge.lean:1171:0: 'OIBridge.TwoSidedGauge.sh1_c2_at_most_one' depends on axioms: [propext, Classical.choice, Quot.sound]
2026-09-26T10:27:37.1698639Z info: OIBridge/TwoSidedGauge.lean:1172:0: 'OIBridge.TwoSidedGauge.inFibreSwap_leftFibreGroup' depends on axioms: [propext, Classical.choice, Quot.sound]
2026-09-26T10:27:37.1699066Z info: OIBridge/TwoSidedGauge.lean:1173:0: 'OIBridge.TwoSidedGauge.lg1_escape_right_orbit' depends on axioms: [propext, Classical.choice, Quot.sound]
2026-09-26T10:27:37.1699532Z info: OIBridge/TwoSidedGauge.lean:1174:0: 'OIBridge.TwoSidedGauge.ro1_right_only_insufficient' depends on axioms: [propext, Classical.choice, Quot.sound]
2026-09-26T10:27:37.1699971Z info: OIBridge/TwoSidedGauge.lean:1175:0: 'OIBridge.TwoSidedGauge.gi2_pair_twoSidedRelated' depends on axioms: [propext, Classical.choice, Quot.sound]
2026-09-26T10:27:37.1700522Z info: OIBridge/TwoSidedGauge.lean:1176:0: 'OIBridge.TwoSidedGauge.exists_unitary_of_gram_eq' depends on axioms: [propext, Classical.choice, Quot.sound]
2026-09-26T10:27:37.1700955Z info: OIBridge/TwoSidedGauge.lean:1177:0: 'OIBridge.TwoSidedGauge.weak_diagonal_phase' depends on axioms: [propext, Classical.choice, Quot.sound]
2026-09-26T10:27:37.1701403Z info: OIBridge/TwoSidedGauge.lean:1178:0: 'OIBridge.TwoSidedGauge.twoSided_of_gramPhaseEquiv' depends on axioms: [propext, Classical.choice, Quot.sound]
2026-09-26T10:27:37.1701823Z info: OIBridge/TwoSidedGauge.lean:1179:0: 'OIBridge.TwoSidedGauge.twoSided_slice_iff' depends on axioms: [propext, Classical.choice, Quot.sound]
2026-09-26T10:27:37.1702240Z info: OIBridge/TwoSidedGauge.lean:1180:0: 'OIBridge.TwoSidedGauge.twoSidedRelated_iff' depends on axioms: [propext, Classical.choice, Quot.sound]
2026-09-26T10:27:37.1702659Z info: OIBridge/TwoSidedGauge.lean:1181:0: 'OIBridge.TwoSidedGauge.sh1_c2_unique_orbit' depends on axioms: [propext, Classical.choice, Quot.sound]
2026-09-26T10:27:37.1703131Z info: OIBridge/TwoSidedGauge.lean:1182:0: 'OIBridge.TwoSidedGauge.gramPhaseEquiv_cross_invariant' depends on axioms: [propext, Classical.choice, Quot.sound]
2026-09-26T10:27:37.1703548Z info: OIBridge/TwoSidedGauge.lean:1183:0: 'OIBridge.TwoSidedGauge.hadamard_cross_ratio' depends on axioms: [propext, Classical.choice, Quot.sound]
2026-09-26T10:27:37.1704004Z info: OIBridge/TwoSidedGauge.lean:1184:0: 'OIBridge.TwoSidedGauge.hadamard_slices_not_twoSided' depends on axioms: [propext, Classical.choice, Quot.sound]
2026-09-26T10:27:37.1704447Z info: OIBridge/TwoSidedGauge.lean:1185:0: 'OIBridge.TwoSidedGauge.hadamard_lifts_not_twoSided' depends on axioms: [propext, Classical.choice, Quot.sound]
2026-09-26T10:27:37.1704884Z info: OIBridge/TwoSidedGauge.lean:1186:0: 'OIBridge.TwoSidedGauge.posSemidef_factor_of_rank_le' depends on axioms: [propext, Classical.choice, Quot.sound]
2026-09-26T10:27:37.1705298Z info: OIBridge/TwoSidedGauge.lean:1187:0: 'OIBridge.TwoSidedGauge.sh1_sufficiency' depends on axioms: [propext, Classical.choice, Quot.sound]
2026-09-26T10:27:37.1705692Z info: OIBridge/TwoSidedGauge.lean:1188:0: 'OIBridge.TwoSidedGauge.sh1_shape' depends on axioms: [propext, Classical.choice, Quot.sound]
2026-09-26T10:27:37.1706002Z ℹ [3577/3600] Replayed OIBridge.CrossTimeInvariants
2026-09-26T10:27:37.1706467Z info: OIBridge/CrossTimeInvariants.lean:1057:0: 'OIBridge.CrossTimeInvariants.crossGram_apply' depends on axioms: [propext, Classical.choice, Quot.sound]
2026-09-26T10:27:37.1706919Z info: OIBridge/CrossTimeInvariants.lean:1058:0: 'OIBridge.CrossTimeInvariants.crossGram_self' depends on axioms: [propext, Classical.choice, Quot.sound]
2026-09-26T10:27:37.1707397Z info: OIBridge/CrossTimeInvariants.lean:1059:0: 'OIBridge.CrossTimeInvariants.fibreCrossGram_apply' depends on axioms: [propext, Classical.choice, Quot.sound]
2026-09-26T10:27:37.1707840Z info: OIBridge/CrossTimeInvariants.lean:1060:0: 'OIBridge.CrossTimeInvariants.fibreCrossGram_apply_dotProduct' depends on axioms: [propext,
2026-09-26T10:27:37.1707935Z  Classical.choice,
2026-09-26T10:27:37.1708137Z  Quot.sound]
2026-09-26T10:27:37.1708616Z info: OIBridge/CrossTimeInvariants.lean:1061:0: 'OIBridge.CrossTimeInvariants.fibreCrossGram_diag' depends on axioms: [propext, Classical.choice, Quot.sound]
2026-09-26T10:27:37.1709085Z info: OIBridge/CrossTimeInvariants.lean:1062:0: 'OIBridge.CrossTimeInvariants.sum_fibreCrossGram' depends on axioms: [propext, Classical.choice, Quot.sound]
2026-09-26T10:27:37.1709545Z info: OIBridge/CrossTimeInvariants.lean:1063:0: 'OIBridge.CrossTimeInvariants.crossGram_two_sided' depends on axioms: [propext, Classical.choice, Quot.sound]
2026-09-26T10:27:37.1710008Z info: OIBridge/CrossTimeInvariants.lean:1064:0: 'OIBridge.CrossTimeInvariants.crossGram_left_mul' depends on axioms: [propext, Classical.choice, Quot.sound]
2026-09-26T10:27:37.1710588Z info: OIBridge/CrossTimeInvariants.lean:1065:0: 'OIBridge.CrossTimeInvariants.crossGram_mul_right' depends on axioms: [propext, Classical.choice, Quot.sound]
2026-09-26T10:27:37.1711061Z info: OIBridge/CrossTimeInvariants.lean:1066:0: 'OIBridge.CrossTimeInvariants.mul_strong_anchor_col' depends on axioms: [propext, Classical.choice, Quot.sound]
2026-09-26T10:27:37.1711536Z info: OIBridge/CrossTimeInvariants.lean:1067:0: 'OIBridge.CrossTimeInvariants.mul_strong_submatrix' depends on axioms: [propext, Classical.choice, Quot.sound]
2026-09-26T10:27:37.1712051Z info: OIBridge/CrossTimeInvariants.lean:1068:0: 'OIBridge.CrossTimeInvariants.fibreCrossGram_mul_weak_apply' depends on axioms: [propext, Classical.choice, Quot.sound]
2026-09-26T10:27:37.1712474Z info: OIBridge/CrossTimeInvariants.lean:1069:0: 'OIBridge.CrossTimeInvariants.ct3g_fibreCrossGram_strong_right' depends on axioms: [propext,
2026-09-26T10:27:37.1712561Z  Classical.choice,
2026-09-26T10:27:37.1712649Z  Quot.sound]
2026-09-26T10:27:37.1713156Z info: OIBridge/CrossTimeInvariants.lean:1070:0: 'OIBridge.CrossTimeInvariants.ct3g_fibreGram_strong_right' depends on axioms: [propext, Classical.choice, Quot.sound]
2026-09-26T10:27:37.1720821Z info: OIBridge/CrossTimeInvariants.lean:1071:0: 'OIBridge.CrossTimeInvariants.ct3g_anchored_block_strong_right' depends on axioms: [propext,
2026-09-26T10:27:37.1720957Z  Classical.choice,
2026-09-26T10:27:37.1721045Z  Quot.sound]
2026-09-26T10:27:37.1721571Z info: OIBridge/CrossTimeInvariants.lean:1072:0: 'OIBridge.CrossTimeInvariants.constRight_forced' depends on axioms: [propext, Classical.choice, Quot.sound]
2026-09-26T10:27:37.1722054Z info: OIBridge/CrossTimeInvariants.lean:1073:0: 'OIBridge.CrossTimeInvariants.constLeft_forced' depends on axioms: [propext, Classical.choice, Quot.sound]
2026-09-26T10:27:37.1722503Z info: OIBridge/CrossTimeInvariants.lean:1074:0: 'OIBridge.CrossTimeInvariants.ct1_forward' depends on axioms: [propext, Classical.choice, Quot.sound]
2026-09-26T10:27:37.1722948Z info: OIBridge/CrossTimeInvariants.lean:1075:0: 'OIBridge.CrossTimeInvariants.ct1_backward' depends on axioms: [propext, Classical.choice, Quot.sound]
2026-09-26T10:27:37.1723454Z info: OIBridge/CrossTimeInvariants.lean:1076:0: 'OIBridge.CrossTimeInvariants.ct1_relative_iff_constRight' depends on axioms: [propext, Classical.choice, Quot.sound]
2026-09-26T10:27:37.1723897Z info: OIBridge/CrossTimeInvariants.lean:1077:0: 'OIBridge.CrossTimeInvariants.ct2a_forward' depends on axioms: [propext, Classical.choice, Quot.sound]
2026-09-26T10:27:37.1724350Z info: OIBridge/CrossTimeInvariants.lean:1078:0: 'OIBridge.CrossTimeInvariants.ct2a_backward' depends on axioms: [propext, Classical.choice, Quot.sound]
2026-09-26T10:27:37.1724856Z info: OIBridge/CrossTimeInvariants.lean:1079:0: 'OIBridge.CrossTimeInvariants.ct2a_crossGram_iff_constLeft' depends on axioms: [propext, Classical.choice, Quot.sound]
2026-09-26T10:27:37.1725327Z info: OIBridge/CrossTimeInvariants.lean:1080:0: 'OIBridge.CrossTimeInvariants.ct2a_relative_conj' depends on axioms: [propext, Classical.choice, Quot.sound]
2026-09-26T10:27:37.1725766Z info: OIBridge/CrossTimeInvariants.lean:1081:0: 'OIBridge.CrossTimeInvariants.ct2b_backward' depends on axioms: [propext, Classical.choice, Quot.sound]
2026-09-26T10:27:37.1726599Z info: OIBridge/CrossTimeInvariants.lean:1082:0: 'OIBridge.CrossTimeInvariants.exists_unitary_of_inner_eq' depends on axioms: [propext, Classical.choice, Quot.sound]
2026-09-26T10:27:37.1727038Z info: OIBridge/CrossTimeInvariants.lean:1083:0: 'OIBridge.CrossTimeInvariants.ct2b_forward' depends on axioms: [propext, Classical.choice, Quot.sound]
2026-09-26T10:27:37.1727520Z info: OIBridge/CrossTimeInvariants.lean:1084:0: 'OIBridge.CrossTimeInvariants.ct2b_fibreCrossGram_iff' depends on axioms: [propext, Classical.choice, Quot.sound]
2026-09-26T10:27:37.1728000Z info: OIBridge/CrossTimeInvariants.lean:1085:0: 'OIBridge.CrossTimeInvariants.strong_anchored_row' depends on axioms: [propext, Classical.choice, Quot.sound]
2026-09-26T10:27:37.1728617Z info: OIBridge/CrossTimeInvariants.lean:1086:0: 'OIBridge.CrossTimeInvariants.strong_pair_anchored_col' depends on axioms: [propext, Classical.choice, Quot.sound]
2026-09-26T10:27:37.1729059Z info: OIBridge/CrossTimeInvariants.lean:1087:0: 'OIBridge.CrossTimeInvariants.ct3a_gl2_pair_separated_by_crossGram' depends on axioms: [propext,
2026-09-26T10:27:37.1729163Z  Classical.choice,
2026-09-26T10:27:37.1729252Z  Quot.sound]
2026-09-26T10:27:37.1729671Z info: OIBridge/CrossTimeInvariants.lean:1088:0: 'OIBridge.CrossTimeInvariants.ct3b_hadamard_trajectory_control' depends on axioms: [propext,
2026-09-26T10:27:37.1729764Z  Classical.choice,
2026-09-26T10:27:37.1729851Z  Quot.sound]
2026-09-26T10:27:37.1730340Z info: OIBridge/CrossTimeInvariants.lean:1089:0: 'OIBridge.CrossTimeInvariants.ct3c_constant_lift_variant' depends on axioms: [propext, Classical.choice, Quot.sound]
2026-09-26T10:27:37.1730845Z info: OIBridge/CrossTimeInvariants.lean:1090:0: 'OIBridge.CrossTimeInvariants.ct4_constant_left_obstruction' depends on axioms: [propext, Classical.choice, Quot.sound]
2026-09-26T10:27:37.1731304Z info: OIBridge/CrossTimeInvariants.lean:1091:0: 'OIBridge.CrossTimeInvariants.cl1_constant_left_moves_relative_candidate' depends on axioms: [propext,
2026-09-26T10:27:37.1731392Z  Classical.choice,
2026-09-26T10:27:37.1731478Z  Quot.sound]
2026-09-26T10:27:37.1731730Z ⚠ [3578/3600] Replayed OIBridge.ThreadingObservability
2026-09-26T10:27:37.1732273Z warning: OIBridge/ThreadingObservability.lean:191:0: automatically included section variable(s) unused in theorem `OIBridge.ThreadingObservability.crossFibreGram_apply`:
2026-09-26T10:27:37.1732364Z   [Fintype V]
2026-09-26T10:27:37.1732456Z   [DecidableEq V]
2026-09-26T10:27:37.1732539Z   [DecidableEq A]
2026-09-26T10:27:37.1732880Z consider restructuring your `variable` declarations so that the variables are not in scope or explicitly omit them:
2026-09-26T10:27:37.1733057Z   omit [Fintype V] [DecidableEq V] [DecidableEq A] in theorem ...
2026-09-26T10:27:37.1733063Z 
2026-09-26T10:27:37.1733291Z Note: This linter can be disabled with `set_option linter.unusedSectionVars false`
2026-09-26T10:27:37.1733832Z warning: OIBridge/ThreadingObservability.lean:197:0: automatically included section variable(s) unused in theorem `OIBridge.ThreadingObservability.crossFibreGram_diag`:
2026-09-26T10:27:37.1733925Z   [Fintype V]
2026-09-26T10:27:37.1734008Z   [DecidableEq V]
2026-09-26T10:27:37.1734096Z   [DecidableEq A]
2026-09-26T10:27:37.1734427Z consider restructuring your `variable` declarations so that the variables are not in scope or explicitly omit them:
2026-09-26T10:27:37.1734597Z   omit [Fintype V] [DecidableEq V] [DecidableEq A] in theorem ...
2026-09-26T10:27:37.1734602Z 
2026-09-26T10:27:37.1734823Z Note: This linter can be disabled with `set_option linter.unusedSectionVars false`
2026-09-26T10:27:37.1735353Z warning: OIBridge/ThreadingObservability.lean:201:0: automatically included section variable(s) unused in theorem `OIBridge.ThreadingObservability.anchoredChannel_apply`:
2026-09-26T10:27:37.1735444Z   [DecidableEq V]
2026-09-26T10:27:37.1735531Z   [DecidableEq A]
2026-09-26T10:27:37.1735977Z consider restructuring your `variable` declarations so that the variables are not in scope or explicitly omit them:
2026-09-26T10:27:37.1736258Z   omit [DecidableEq V] [DecidableEq A] in theorem ...
2026-09-26T10:27:37.1736263Z 
2026-09-26T10:27:37.1736478Z Note: This linter can be disabled with `set_option linter.unusedSectionVars false`
2026-09-26T10:27:37.1736992Z warning: OIBridge/ThreadingObservability.lean:211:0: automatically included section variable(s) unused in theorem `OIBridge.ThreadingObservability.anchoredChannel_block`:
2026-09-26T10:27:37.1737081Z   [DecidableEq V]
2026-09-26T10:27:37.1737168Z   [Fintype A]
2026-09-26T10:27:37.1737251Z   [DecidableEq A]
2026-09-26T10:27:37.1737570Z consider restructuring your `variable` declarations so that the variables are not in scope or explicitly omit them:
2026-09-26T10:27:37.1737743Z   omit [DecidableEq V] [Fintype A] [DecidableEq A] in theorem ...
2026-09-26T10:27:37.1737748Z 
2026-09-26T10:27:37.1737950Z Note: This linter can be disabled with `set_option linter.unusedSectionVars false`
2026-09-26T10:27:37.1738574Z warning: OIBridge/ThreadingObservability.lean:256:0: automatically included section variable(s) unused in theorem `OIBridge.ThreadingObservability.anchoredCol_gram`:
2026-09-26T10:27:37.1738671Z   [DecidableEq V]
2026-09-26T10:27:37.1738753Z   [DecidableEq A]
2026-09-26T10:27:37.1739079Z consider restructuring your `variable` declarations so that the variables are not in scope or explicitly omit them:
2026-09-26T10:27:37.1739213Z   omit [DecidableEq V] [DecidableEq A] in theorem ...
2026-09-26T10:27:37.1739218Z 
2026-09-26T10:27:37.1739427Z Note: This linter can be disabled with `set_option linter.unusedSectionVars false`
2026-09-26T10:27:37.1739735Z warning: OIBridge/ThreadingObservability.lean:381:47: Variable name `p` is not explicitly referenced.
2026-09-26T10:27:37.1739740Z 
2026-09-26T10:27:37.1740140Z Hint: The binding can be removed (if unused) or named `_` (if used implicitly). Alternatively, prefix the name with `_` to silence this warning:
2026-09-26T10:27:37.1740227Z   [apply] _p
2026-09-26T10:27:37.1740231Z 
2026-09-26T10:27:37.1740445Z Note: This linter can be disabled with `set_option linter.unusedVariables false`
2026-09-26T10:27:37.1740741Z warning: OIBridge/ThreadingObservability.lean:381:49: Variable name `j` is not explicitly referenced.
2026-09-26T10:27:37.1740745Z 
2026-09-26T10:27:37.1741118Z Hint: The binding can be removed (if unused) or named `_` (if used implicitly). Alternatively, prefix the name with `_` to silence this warning:
2026-09-26T10:27:37.1741201Z   [apply] _j
2026-09-26T10:27:37.1741205Z 
2026-09-26T10:27:37.1741404Z Note: This linter can be disabled with `set_option linter.unusedVariables false`
2026-09-26T10:27:37.1741698Z warning: OIBridge/ThreadingObservability.lean:382:8: Variable name `t` is not explicitly referenced.
2026-09-26T10:27:37.1741703Z 
2026-09-26T10:27:37.1742067Z Hint: The binding can be removed (if unused) or named `_` (if used implicitly). Alternatively, prefix the name with `_` to silence this warning:
2026-09-26T10:27:37.1742156Z   [apply] _t
2026-09-26T10:27:37.1742160Z 
2026-09-26T10:27:37.1742360Z Note: This linter can be disabled with `set_option linter.unusedVariables false`
2026-09-26T10:27:37.1742594Z warning: OIBridge/ThreadingObservability.lean:481:72: This simp argument is unused:
2026-09-26T10:27:37.1742691Z   permMatrix_apply_eq
2026-09-26T10:27:37.1742695Z 
2026-09-26T10:27:37.1742813Z Hint: Omit it from the simp argument list.
2026-09-26T10:27:37.1743178Z   [apply] simp +decide [hτ, Fin.sum_univ_two, Matrix.one_apply, Prod.ext_iff, Equiv.swap_apply_def]
2026-09-26T10:27:37.1743183Z 
2026-09-26T10:27:37.1743398Z Note: This linter can be disabled with `set_option linter.unusedSimpArgs false`
2026-09-26T10:27:37.1743635Z warning: OIBridge/ThreadingObservability.lean:490:74: This simp argument is unused:
2026-09-26T10:27:37.1743725Z   permMatrix_apply_eq
2026-09-26T10:27:37.1743729Z 
2026-09-26T10:27:37.1743840Z Hint: Omit it from the simp argument list.
2026-09-26T10:27:37.1744168Z   [apply] simp +decide [hτ, Fin.sum_univ_two, Matrix.one_apply, Prod.ext_iff, Equiv.swap_apply_def]
2026-09-26T10:27:37.1744290Z 
2026-09-26T10:27:37.1744486Z Note: This linter can be disabled with `set_option linter.unusedSimpArgs false`
2026-09-26T10:27:37.1744828Z warning: OIBridge/ThreadingObservability.lean:606:2: `push_neg` has been deprecated. Prefer using `push Not` instead.
2026-09-26T10:27:37.1745073Z If you'd rather continue using `push_neg` in your project, you can implement it as follows:
2026-09-26T10:27:37.1745152Z ```
2026-09-26T10:27:37.1745256Z open Lean.Parser.Tactic in
2026-09-26T10:27:37.1745407Z macro "push_neg" cfg:optConfig loc:(location)? : tactic =>
2026-09-26T10:27:37.1745529Z   `(tactic| push $cfg:optConfig Not $[$loc]?)
2026-09-26T10:27:37.1745610Z ```
2026-09-26T10:27:37.1746050Z warning: OIBridge/ThreadingObservability.lean:613:2: `push_neg` has been deprecated. Prefer using `push Not` instead.
2026-09-26T10:27:37.1746407Z If you'd rather continue using `push_neg` in your project, you can implement it as follows:
2026-09-26T10:27:37.1746491Z ```
2026-09-26T10:27:37.1746587Z open Lean.Parser.Tactic in
2026-09-26T10:27:37.1746735Z macro "push_neg" cfg:optConfig loc:(location)? : tactic =>
2026-09-26T10:27:37.1746847Z   `(tactic| push $cfg:optConfig Not $[$loc]?)
2026-09-26T10:27:37.1746923Z ```
2026-09-26T10:27:37.1747456Z info: OIBridge/ThreadingObservability.lean:929:0: 'OIBridge.ThreadingObservability.crossFibreGram_apply' depends on axioms: [propext, Classical.choice, Quot.sound]
2026-09-26T10:27:37.1747968Z info: OIBridge/ThreadingObservability.lean:930:0: 'OIBridge.ThreadingObservability.crossFibreGram_diag' depends on axioms: [propext, Classical.choice, Quot.sound]
2026-09-26T10:27:37.1748478Z info: OIBridge/ThreadingObservability.lean:931:0: 'OIBridge.ThreadingObservability.anchoredChannel_apply' depends on axioms: [propext, Classical.choice, Quot.sound]
2026-09-26T10:27:37.1748984Z info: OIBridge/ThreadingObservability.lean:932:0: 'OIBridge.ThreadingObservability.anchoredChannel_block' depends on axioms: [propext, Classical.choice, Quot.sound]
2026-09-26T10:27:37.1749504Z info: OIBridge/ThreadingObservability.lean:933:0: 'OIBridge.ThreadingObservability.anchoredChannel_eq_trace' depends on axioms: [propext, Classical.choice, Quot.sound]
2026-09-26T10:27:37.1749980Z info: OIBridge/ThreadingObservability.lean:934:0: 'OIBridge.ThreadingObservability.trace_unit_mul' depends on axioms: [propext, Classical.choice, Quot.sound]
2026-09-26T10:27:37.1750482Z info: OIBridge/ThreadingObservability.lean:935:0: 'OIBridge.ThreadingObservability.anchoredChannel_unit' depends on axioms: [propext, Classical.choice, Quot.sound]
2026-09-26T10:27:37.1750977Z info: OIBridge/ThreadingObservability.lean:936:0: 'OIBridge.ThreadingObservability.anchoredCol_gram' depends on axioms: [propext, Classical.choice, Quot.sound]
2026-09-26T10:27:37.1751467Z info: OIBridge/ThreadingObservability.lean:937:0: 'OIBridge.ThreadingObservability.anchoredCol_isometry' depends on axioms: [propext, Classical.choice, Quot.sound]
2026-09-26T10:27:37.1751926Z info: OIBridge/ThreadingObservability.lean:938:0: 'OIBridge.ThreadingObservability.pq0a_readback_is_diagonal_action' depends on axioms: [propext,
2026-09-26T10:27:37.1752024Z  Classical.choice,
2026-09-26T10:27:37.1752106Z  Quot.sound]
2026-09-26T10:27:37.1752584Z info: OIBridge/ThreadingObservability.lean:939:0: 'OIBridge.ThreadingObservability.pq0b_anchoredChannel_diagonal_is_visible' depends on axioms: [propext,
2026-09-26T10:27:37.1752674Z  Classical.choice,
2026-09-26T10:27:37.1752766Z  Quot.sound]
2026-09-26T10:27:37.1753290Z info: OIBridge/ThreadingObservability.lean:940:0: 'OIBridge.ThreadingObservability.pq0c_anchoredCol_mul_strong' depends on axioms: [propext, Classical.choice, Quot.sound]
2026-09-26T10:27:37.1753727Z info: OIBridge/ThreadingObservability.lean:941:0: 'OIBridge.ThreadingObservability.pq0c_anchoredChannel_mul_strong' depends on axioms: [propext,
2026-09-26T10:27:37.1753810Z  Classical.choice,
2026-09-26T10:27:37.1753900Z  Quot.sound]
2026-09-26T10:27:37.1754340Z info: OIBridge/ThreadingObservability.lean:942:0: 'OIBridge.ThreadingObservability.pq0c_crossFibreGram_mul_strong' depends on axioms: [propext,
2026-09-26T10:27:37.1754584Z  Classical.choice,
2026-09-26T10:27:37.1754668Z  Quot.sound]
2026-09-26T10:27:37.1755100Z info: OIBridge/ThreadingObservability.lean:943:0: 'OIBridge.ThreadingObservability.pq0c_crossFibreGram_left_mul' depends on axioms: [propext,
2026-09-26T10:27:37.1755185Z  Classical.choice,
2026-09-26T10:27:37.1755270Z  Quot.sound]
2026-09-26T10:27:37.1755709Z info: OIBridge/ThreadingObservability.lean:944:0: 'OIBridge.ThreadingObservability.pq0c_crossFibreGram_left_mul_diag' depends on axioms: [propext,
2026-09-26T10:27:37.1755901Z  Classical.choice,
2026-09-26T10:27:37.1755987Z  Quot.sound]
2026-09-26T10:27:37.1756451Z info: OIBridge/ThreadingObservability.lean:945:0: 'OIBridge.ThreadingObservability.pq0d_anchoredChannel_trace_preserving' depends on axioms: [propext,
2026-09-26T10:27:37.1756539Z  Classical.choice,
2026-09-26T10:27:37.1756624Z  Quot.sound]
2026-09-26T10:27:37.1757203Z info: OIBridge/ThreadingObservability.lean:946:0: 'OIBridge.ThreadingObservability.threadingRelated_iff_fibreCrossGram' depends on axioms: [propext,
2026-09-26T10:27:37.1757298Z  Classical.choice,
2026-09-26T10:27:37.1757382Z  Quot.sound]
2026-09-26T10:27:37.1757824Z info: OIBridge/ThreadingObservability.lean:947:0: 'OIBridge.ThreadingObservability.threadingRelated_of_constLeft' depends on axioms: [propext,
2026-09-26T10:27:37.1757914Z  Classical.choice,
2026-09-26T10:27:37.1757997Z  Quot.sound]
2026-09-26T10:27:37.1758437Z info: OIBridge/ThreadingObservability.lean:948:0: 'OIBridge.ThreadingObservability.threadingRelated_of_strongRight' depends on axioms: [propext,
2026-09-26T10:27:37.1758527Z  Classical.choice,
2026-09-26T10:27:37.1758606Z  Quot.sound]
2026-09-26T10:27:37.1759057Z info: OIBridge/ThreadingObservability.lean:949:0: 'OIBridge.ThreadingObservability.pq1a_constant_left_redundant_visible' depends on axioms: [propext,
2026-09-26T10:27:37.1759144Z  Classical.choice,
2026-09-26T10:27:37.1759230Z  Quot.sound]
2026-09-26T10:27:37.1759710Z info: OIBridge/ThreadingObservability.lean:950:0: 'OIBridge.ThreadingObservability.pq1b_constant_left_physical_anchoredChannel' depends on axioms: [propext,
2026-09-26T10:27:37.1759805Z  Classical.choice,
2026-09-26T10:27:37.1759885Z  Quot.sound]
2026-09-26T10:27:37.1760370Z info: OIBridge/ThreadingObservability.lean:951:0: 'OIBridge.ThreadingObservability.pq1c_constant_left_physical_relative_candidate' depends on axioms: [propext,
2026-09-26T10:27:37.1760457Z  Classical.choice,
2026-09-26T10:27:37.1760536Z  Quot.sound]
2026-09-26T10:27:37.1761029Z info: OIBridge/ThreadingObservability.lean:952:0: 'OIBridge.ThreadingObservability.uniformLeft_block' depends on axioms: [propext, Classical.choice, Quot.sound]
2026-09-26T10:27:37.1761520Z info: OIBridge/ThreadingObservability.lean:953:0: 'OIBridge.ThreadingObservability.pq1d_plus_uniform_left_redundant_anchoredChannel' depends on axioms: [propext,
2026-09-26T10:27:37.1761602Z  Classical.choice,
2026-09-26T10:27:37.1761689Z  Quot.sound]
2026-09-26T10:27:37.1762124Z info: OIBridge/ThreadingObservability.lean:954:0: 'OIBridge.ThreadingObservability.nonuniform_left_block_witness' depends on axioms: [propext,
2026-09-26T10:27:37.1762210Z  Classical.choice,
2026-09-26T10:27:37.1762293Z  Quot.sound]
2026-09-26T10:27:37.1762726Z info: OIBridge/ThreadingObservability.lean:955:0: 'OIBridge.ThreadingObservability.crossFibreGram_mul_permMatrix' depends on axioms: [propext,
2026-09-26T10:27:37.1762809Z  Classical.choice,
2026-09-26T10:27:37.1762892Z  Quot.sound]
2026-09-26T10:27:37.1763388Z info: OIBridge/ThreadingObservability.lean:956:0: 'OIBridge.ThreadingObservability.pq1d_minus_nonuniform_left_physical_anchoredChannel' depends on axioms: [propext,
2026-09-26T10:27:37.1763477Z  Classical.choice,
2026-09-26T10:27:37.1763560Z  Quot.sound]
2026-09-26T10:27:37.1764003Z info: OIBridge/ThreadingObservability.lean:957:0: 'OIBridge.ThreadingObservability.pq2a_strong_right_redundant_visible' depends on axioms: [propext,
2026-09-26T10:27:37.1764098Z  Classical.choice,
2026-09-26T10:27:37.1764183Z  Quot.sound]
2026-09-26T10:27:37.1764734Z info: OIBridge/ThreadingObservability.lean:958:0: 'OIBridge.ThreadingObservability.pq2b_anchored_column_identity' depends on axioms: [propext,
2026-09-26T10:27:37.1764826Z  Classical.choice,
2026-09-26T10:27:37.1764909Z  Quot.sound]
2026-09-26T10:27:37.1765368Z info: OIBridge/ThreadingObservability.lean:959:0: 'OIBridge.ThreadingObservability.pq2b_every_single_time_anchored_carrier' depends on axioms: [propext,
2026-09-26T10:27:37.1765457Z  Classical.choice,
2026-09-26T10:27:37.1765541Z  Quot.sound]
2026-09-26T10:27:37.1766121Z info: OIBridge/ThreadingObservability.lean:960:0: 'OIBridge.ThreadingObservability.pq2b_strong_right_redundant_anchoredChannel' depends on axioms: [propext,
2026-09-26T10:27:37.1766214Z  Classical.choice,
2026-09-26T10:27:37.1766294Z  Quot.sound]
2026-09-26T10:27:37.1766859Z info: OIBridge/ThreadingObservability.lean:961:0: 'OIBridge.ThreadingObservability.pq2b_strong_right_crossFibreGram' depends on axioms: [propext,
2026-09-26T10:27:37.1766952Z  Classical.choice,
2026-09-26T10:27:37.1767036Z  Quot.sound]
2026-09-26T10:27:37.1767515Z info: OIBridge/ThreadingObservability.lean:962:0: 'OIBridge.ThreadingObservability.pq2c_strong_right_physical_relative_candidate' depends on axioms: [propext,
2026-09-26T10:27:37.1767602Z  Classical.choice,
2026-09-26T10:27:37.1767681Z  Quot.sound]
2026-09-26T10:27:37.1768201Z info: OIBridge/ThreadingObservability.lean:963:0: 'OIBridge.ThreadingObservability.pq3a_pair_redundant_visible' depends on axioms: [propext, Classical.choice, Quot.sound]
2026-09-26T10:27:37.1768631Z info: OIBridge/ThreadingObservability.lean:964:0: 'OIBridge.ThreadingObservability.pq3b_pair_factors_through_left' depends on axioms: [propext,
2026-09-26T10:27:37.1768715Z  Classical.choice,
2026-09-26T10:27:37.1768799Z  Quot.sound]
2026-09-26T10:27:37.1769264Z info: OIBridge/ThreadingObservability.lean:965:0: 'OIBridge.ThreadingObservability.pq3b_no_cancellation_on_anchoredChannel' depends on axioms: [propext,
2026-09-26T10:27:37.1769348Z  Classical.choice,
2026-09-26T10:27:37.1769435Z  Quot.sound]
2026-09-26T10:27:37.1769891Z info: OIBridge/ThreadingObservability.lean:966:0: 'OIBridge.ThreadingObservability.pq3c_pair_physical_relative_candidate' depends on axioms: [propext,
2026-09-26T10:27:37.1769978Z  Classical.choice,
2026-09-26T10:27:37.1770063Z  Quot.sound]
2026-09-26T10:27:37.1770545Z info: OIBridge/ThreadingObservability.lean:967:0: 'OIBridge.ThreadingObservability.pq4b_within_fibre_carrier_blind_to_constant_left' depends on axioms: [propext,
2026-09-26T10:27:37.1770635Z  Classical.choice,
2026-09-26T10:27:37.1770720Z  Quot.sound]
2026-09-26T10:27:37.1770915Z ⚠ [3579/3600] Replayed OIBridge.CancellationFork
2026-09-26T10:27:37.1771246Z warning: OIBridge/CancellationFork.lean:301:4: `push_neg` has been deprecated. Prefer using `push Not` instead.
2026-09-26T10:27:37.1771492Z If you'd rather continue using `push_neg` in your project, you can implement it as follows:
2026-09-26T10:27:37.1771576Z ```
2026-09-26T10:27:37.1771679Z open Lean.Parser.Tactic in
2026-09-26T10:27:37.1771838Z macro "push_neg" cfg:optConfig loc:(location)? : tactic =>
2026-09-26T10:27:37.1771951Z   `(tactic| push $cfg:optConfig Not $[$loc]?)
2026-09-26T10:27:37.1772032Z ```
2026-09-26T10:27:37.1772346Z warning: OIBridge/CancellationFork.lean:309:6: `push_neg` has been deprecated. Prefer using `push Not` instead.
2026-09-26T10:27:37.1772570Z If you'd rather continue using `push_neg` in your project, you can implement it as follows:
2026-09-26T10:27:37.1772649Z ```
2026-09-26T10:27:37.1772743Z open Lean.Parser.Tactic in
2026-09-26T10:27:37.1772887Z macro "push_neg" cfg:optConfig loc:(location)? : tactic =>
2026-09-26T10:27:37.1772994Z   `(tactic| push $cfg:optConfig Not $[$loc]?)
2026-09-26T10:27:37.1773069Z ```
2026-09-26T10:27:37.1773554Z info: OIBridge/CancellationFork.lean:554:0: 'OIBridge.CancellationFork.relativeCandidate_apply' depends on axioms: [propext, Classical.choice, Quot.sound]
2026-09-26T10:27:37.1774019Z info: OIBridge/CancellationFork.lean:555:0: 'OIBridge.CancellationFork.relativeCandidate_congr' depends on axioms: [propext, Classical.choice, Quot.sound]
2026-09-26T10:27:37.1774605Z info: OIBridge/CancellationFork.lean:556:0: 'OIBridge.CancellationFork.cf1_composite_normal_form' depends on axioms: [propext, Classical.choice, Quot.sound]
2026-09-26T10:27:37.1775015Z info: OIBridge/CancellationFork.lean:557:0: 'OIBridge.CancellationFork.cf2_constant_strong_family_redundant' depends on axioms: [propext,
2026-09-26T10:27:37.1775107Z  Classical.choice,
2026-09-26T10:27:37.1775189Z  Quot.sound]
2026-09-26T10:27:37.1775639Z info: OIBridge/CancellationFork.lean:558:0: 'OIBridge.CancellationFork.relativeCandidate_eq_one_of_visible_subsingleton' depends on axioms: [propext,
2026-09-26T10:27:37.1775728Z  Classical.choice,
2026-09-26T10:27:37.1775917Z  Quot.sound]
2026-09-26T10:27:37.1776500Z info: OIBridge/CancellationFork.lean:559:0: 'OIBridge.CancellationFork.cf3_cardinality_scoping' depends on axioms: [propext, Classical.choice, Quot.sound]
2026-09-26T10:27:37.1776972Z info: OIBridge/CancellationFork.lean:560:0: 'OIBridge.CancellationFork.cf4_nontriviality_conjuncts' depends on axioms: [propext, Classical.choice, Quot.sound]
2026-09-26T10:27:37.1777468Z info: OIBridge/CancellationFork.lean:561:0: 'OIBridge.CancellationFork.relativeCandidate_of_permMatrix' depends on axioms: [propext, Classical.choice, Quot.sound]
2026-09-26T10:27:37.1777933Z info: OIBridge/CancellationFork.lean:562:0: 'OIBridge.CancellationFork.cf5_cancelling_triple_exists' depends on axioms: [propext, Classical.choice, Quot.sound]
2026-09-26T10:27:37.1778352Z info: OIBridge/CancellationFork.lean:563:0: 'OIBridge.CancellationFork.cf5_not_no_cancelling_on_relativeCandidate' depends on axioms: [propext,
2026-09-26T10:27:37.1778437Z  Classical.choice,
2026-09-26T10:27:37.1778524Z  Quot.sound]
2026-09-26T10:27:37.1778731Z ℹ [3580/3600] Replayed OIBridge.ReanchoredChannelScope
2026-09-26T10:27:37.1779273Z info: OIBridge/ReanchoredChannelScope.lean:645:0: 'OIBridge.ReanchoredChannelScope.reanchoredChannel_eq_trace' depends on axioms: [propext, Classical.choice, Quot.sound]
2026-09-26T10:27:37.1779748Z info: OIBridge/ReanchoredChannelScope.lean:646:0: 'OIBridge.ReanchoredChannelScope.anchoredChannel_congr_crossFibreGram' depends on axioms: [propext,
2026-09-26T10:27:37.1779837Z  Classical.choice,
2026-09-26T10:27:37.1779916Z  Quot.sound]
2026-09-26T10:27:37.1780355Z info: OIBridge/ReanchoredChannelScope.lean:647:0: 'OIBridge.ReanchoredChannelScope.rn1_reanchored_refines_relative' depends on axioms: [propext,
2026-09-26T10:27:37.1780444Z  Classical.choice,
2026-09-26T10:27:37.1780522Z  Quot.sound]
2026-09-26T10:27:37.1780981Z info: OIBridge/ReanchoredChannelScope.lean:648:0: 'OIBridge.ReanchoredChannelScope.rn1_reanchored_refines_relative_family' depends on axioms: [propext,
2026-09-26T10:27:37.1781064Z  Classical.choice,
2026-09-26T10:27:37.1781150Z  Quot.sound]
2026-09-26T10:27:37.1781669Z info: OIBridge/ReanchoredChannelScope.lean:649:0: 'OIBridge.ReanchoredChannelScope.rn2_nontriviality_transfer' depends on axioms: [propext, Classical.choice, Quot.sound]
2026-09-26T10:27:37.1782147Z info: OIBridge/ReanchoredChannelScope.lean:650:0: 'OIBridge.ReanchoredChannelScope.rn2c_act15_triple_nontrivial_on_reanchored' depends on axioms: [propext,
2026-09-26T10:27:37.1782237Z  Classical.choice,
2026-09-26T10:27:37.1782322Z  Quot.sound]
2026-09-26T10:27:37.1782841Z info: OIBridge/ReanchoredChannelScope.lean:651:0: 'OIBridge.ReanchoredChannelScope.relativeObject_permMatrix' depends on axioms: [propext, Classical.choice, Quot.sound]
2026-09-26T10:27:37.1783360Z info: OIBridge/ReanchoredChannelScope.lean:652:0: 'OIBridge.ReanchoredChannelScope.crossFibreGram_permMatrix' depends on axioms: [propext, Classical.choice, Quot.sound]
2026-09-26T10:27:37.1783843Z info: OIBridge/ReanchoredChannelScope.lean:653:0: 'OIBridge.ReanchoredChannelScope.rn3a_act15_triple_cancels_on_reanchoredChannel' depends on axioms: [propext,
2026-09-26T10:27:37.1783927Z  Classical.choice,
2026-09-26T10:27:37.1784016Z  Quot.sound]
2026-09-26T10:27:37.1784511Z info: OIBridge/ReanchoredChannelScope.lean:654:0: 'OIBridge.ReanchoredChannelScope.rn3_plus_cancelling_triple_on_reanchoredChannel' depends on axioms: [propext,
2026-09-26T10:27:37.1784720Z  Classical.choice,
2026-09-26T10:27:37.1784805Z  Quot.sound]
2026-09-26T10:27:37.1785278Z info: OIBridge/ReanchoredChannelScope.lean:655:0: 'OIBridge.ReanchoredChannelScope.rn3_not_no_cancelling_on_reanchoredChannel' depends on axioms: [propext,
2026-09-26T10:27:37.1785363Z  Classical.choice,
2026-09-26T10:27:37.1785449Z  Quot.sound]
2026-09-26T10:27:37.1786061Z info: OIBridge/ReanchoredChannelScope.lean:656:0: 'OIBridge.ReanchoredChannelScope.rn4_redundancy_does_not_factor_on_relativeCandidate' depends on axioms: [propext,
2026-09-26T10:27:37.1786146Z  Classical.choice,
2026-09-26T10:27:37.1786234Z  Quot.sound]
2026-09-26T10:27:37.1786446Z ℹ [3581/3600] Replayed OIBridge.GramTrajectorySelection
2026-09-26T10:27:37.1787075Z info: OIBridge/GramTrajectorySelection.lean:647:0: 'OIBridge.GramTrajectorySelection.gramPhaseEquiv_refl' depends on axioms: [propext, Classical.choice, Quot.sound]
2026-09-26T10:27:37.1787591Z info: OIBridge/GramTrajectorySelection.lean:648:0: 'OIBridge.GramTrajectorySelection.gramPhaseEquiv_symm' depends on axioms: [propext, Classical.choice, Quot.sound]
2026-09-26T10:27:37.1788101Z info: OIBridge/GramTrajectorySelection.lean:649:0: 'OIBridge.GramTrajectorySelection.gramPhaseEquiv_trans' depends on axioms: [propext, Classical.choice, Quot.sound]
2026-09-26T10:27:37.1788600Z info: OIBridge/GramTrajectorySelection.lean:650:0: 'OIBridge.GramTrajectorySelection.gramTrajEquiv_refl' depends on axioms: [propext, Classical.choice, Quot.sound]
2026-09-26T10:27:37.1789095Z info: OIBridge/GramTrajectorySelection.lean:651:0: 'OIBridge.GramTrajectorySelection.gramTrajEquiv_symm' depends on axioms: [propext, Classical.choice, Quot.sound]
2026-09-26T10:27:37.1789599Z info: OIBridge/GramTrajectorySelection.lean:652:0: 'OIBridge.GramTrajectorySelection.gramTrajEquiv_trans' depends on axioms: [propext, Classical.choice, Quot.sound]
2026-09-26T10:27:37.1790135Z info: OIBridge/GramTrajectorySelection.lean:653:0: 'OIBridge.GramTrajectorySelection.gramTrajEquiv_of_threading' depends on axioms: [propext, Classical.choice, Quot.sound]
2026-09-26T10:27:37.1790614Z info: OIBridge/GramTrajectorySelection.lean:654:0: 'OIBridge.GramTrajectorySelection.tj1_necessity' depends on axioms: [propext, Classical.choice, Quot.sound]
2026-09-26T10:27:37.1791096Z info: OIBridge/GramTrajectorySelection.lean:655:0: 'OIBridge.GramTrajectorySelection.tj1_sufficiency' depends on axioms: [propext, Classical.choice, Quot.sound]
2026-09-26T10:27:37.1791595Z info: OIBridge/GramTrajectorySelection.lean:656:0: 'OIBridge.GramTrajectorySelection.tj1_trajectory_set' depends on axioms: [propext, Classical.choice, Quot.sound]
2026-09-26T10:27:37.1792068Z info: OIBridge/GramTrajectorySelection.lean:657:0: 'OIBridge.GramTrajectorySelection.tj1_no_universal_cross_time_constraint' depends on axioms: [propext,
2026-09-26T10:27:37.1792166Z  Classical.choice,
2026-09-26T10:27:37.1792251Z  Quot.sound]
2026-09-26T10:27:37.1792726Z info: OIBridge/GramTrajectorySelection.lean:658:0: 'OIBridge.GramTrajectorySelection.tj2a_sp1l_add' depends on axioms: [propext, Classical.choice, Quot.sound]
2026-09-26T10:27:37.1793196Z info: OIBridge/GramTrajectorySelection.lean:659:0: 'OIBridge.GramTrajectorySelection.tj2c_sp2_add' depends on axioms: [propext, Classical.choice, Quot.sound]
2026-09-26T10:27:37.1793657Z info: OIBridge/GramTrajectorySelection.lean:660:0: 'OIBridge.GramTrajectorySelection.tj2b_sp1g_add' depends on axioms: [propext, Classical.choice, Quot.sound]
2026-09-26T10:27:37.1794122Z info: OIBridge/GramTrajectorySelection.lean:661:0: 'OIBridge.GramTrajectorySelection.tj2d_sp3_add' depends on axioms: [propext, Classical.choice, Quot.sound]
2026-09-26T10:27:37.1794587Z info: OIBridge/GramTrajectorySelection.lean:662:0: 'OIBridge.GramTrajectorySelection.tj2e_sp5_add' depends on axioms: [propext, Classical.choice, Quot.sound]
2026-09-26T10:27:37.1795102Z info: OIBridge/GramTrajectorySelection.lean:663:0: 'OIBridge.GramTrajectorySelection.hadamard_constant_lifts' depends on axioms: [propext, Classical.choice, Quot.sound]
2026-09-26T10:27:37.1795736Z info: OIBridge/GramTrajectorySelection.lean:664:0: 'OIBridge.GramTrajectorySelection.tj2a_sp1l_nosel' depends on axioms: [propext, Classical.choice, Quot.sound]
2026-09-26T10:27:37.1796325Z info: OIBridge/GramTrajectorySelection.lean:665:0: 'OIBridge.GramTrajectorySelection.tj2c_sp2_nosel' depends on axioms: [propext, Classical.choice, Quot.sound]
2026-09-26T10:27:37.1796828Z info: OIBridge/GramTrajectorySelection.lean:666:0: 'OIBridge.GramTrajectorySelection.tj2d_sp3_nosel' depends on axioms: [propext, Classical.choice, Quot.sound]
2026-09-26T10:27:37.1797318Z info: OIBridge/GramTrajectorySelection.lean:667:0: 'OIBridge.GramTrajectorySelection.tj2e_sp5_empty' depends on axioms: [propext, Classical.choice, Quot.sound]
2026-09-26T10:27:37.1797949Z info: OIBridge/GramTrajectorySelection.lean:668:0: 'OIBridge.GramTrajectorySelection.tj2f_sp4_containment' depends on axioms: [propext, Classical.choice, Quot.sound]
2026-09-26T10:27:37.1798450Z info: OIBridge/GramTrajectorySelection.lean:669:0: 'OIBridge.GramTrajectorySelection.tj3_imp_class_level_selection_impossibility' depends on axioms: [propext,
2026-09-26T10:27:37.1798542Z  Classical.choice,
2026-09-26T10:27:37.1798633Z  Quot.sound]
2026-09-26T10:27:37.1798872Z ⚠ [3582/3600] Replayed OIBridge.IntermediateCrossTimeStructure
2026-09-26T10:27:37.1799152Z warning: OIBridge/IntermediateCrossTimeStructure.lean:606:17: This simp argument is unused:
2026-09-26T10:27:37.1799240Z   if_pos rfl
2026-09-26T10:27:37.1799246Z 
2026-09-26T10:27:37.1799364Z Hint: Omit it from the simp argument list.
2026-09-26T10:27:37.1799459Z   [apply] simp only at hh
2026-09-26T10:27:37.1799463Z 
2026-09-26T10:27:37.1799683Z Note: This linter can be disabled with `set_option linter.unusedSimpArgs false`
2026-09-26T10:27:37.1799957Z warning: OIBridge/IntermediateCrossTimeStructure.lean:839:17: This simp argument is unused:
2026-09-26T10:27:37.1800044Z   if_pos rfl
2026-09-26T10:27:37.1800048Z 
2026-09-26T10:27:37.1800161Z Hint: Omit it from the simp argument list.
2026-09-26T10:27:37.1800251Z   [apply] simp only
2026-09-26T10:27:37.1800261Z 
2026-09-26T10:27:37.1800464Z Note: This linter can be disabled with `set_option linter.unusedSimpArgs false`
2026-09-26T10:27:37.1800726Z warning: OIBridge/IntermediateCrossTimeStructure.lean:1007:8: This simp argument is unused:
2026-09-26T10:27:37.1800809Z   zero_add
2026-09-26T10:27:37.1800818Z 
2026-09-26T10:27:37.1800924Z Hint: Omit it from the simp argument list.
2026-09-26T10:27:37.1801168Z   [apply] simp only [if_pos ht, if_neg ht1, hMa0, hNa1, mul_zero, zero_mul, star_zero, add_zero]
2026-09-26T10:27:37.1801172Z 
2026-09-26T10:27:37.1801370Z Note: This linter can be disabled with `set_option linter.unusedSimpArgs false`
2026-09-26T10:27:37.1801637Z warning: OIBridge/IntermediateCrossTimeStructure.lean:1011:8: This simp argument is unused:
2026-09-26T10:27:37.1801723Z   zero_add
2026-09-26T10:27:37.1801731Z 
2026-09-26T10:27:37.1801833Z Hint: Omit it from the simp argument list.
2026-09-26T10:27:37.1802071Z   [apply] simp only [if_neg ht0, if_pos ht1, hMa0, hNa1, mul_zero, zero_mul, star_zero, add_zero]
2026-09-26T10:27:37.1802075Z 
2026-09-26T10:27:37.1802272Z Note: This linter can be disabled with `set_option linter.unusedSimpArgs false`
2026-09-26T10:27:37.1802767Z info: OIBridge/IntermediateCrossTimeStructure.lean:1090:0: 'OIBridge.IntermediateCrossTimeStructure.xs1_pointwise_factors' depends on axioms: [propext,
2026-09-26T10:27:37.1802861Z  Classical.choice,
2026-09-26T10:27:37.1802948Z  Quot.sound]
2026-09-26T10:27:37.1803488Z info: OIBridge/IntermediateCrossTimeStructure.lean:1091:0: 'OIBridge.IntermediateCrossTimeStructure.xs1_splice' depends on axioms: [propext, Classical.choice, Quot.sound]
2026-09-26T10:27:37.1803998Z info: OIBridge/IntermediateCrossTimeStructure.lean:1092:0: 'OIBridge.IntermediateCrossTimeStructure.xs1_pointwise_not_propagates' depends on axioms: [propext,
2026-09-26T10:27:37.1804222Z  Classical.choice,
2026-09-26T10:27:37.1804304Z  Quot.sound]
2026-09-26T10:27:37.1804832Z info: OIBridge/IntermediateCrossTimeStructure.lean:1093:0: 'OIBridge.IntermediateCrossTimeStructure.xs2_readback_factors_through_level2' depends on axioms: [propext,
2026-09-26T10:27:37.1804926Z  Classical.choice,
2026-09-26T10:27:37.1805008Z  Quot.sound]
2026-09-26T10:27:37.1805508Z info: OIBridge/IntermediateCrossTimeStructure.lean:1094:0: 'OIBridge.IntermediateCrossTimeStructure.readback_of_coherentLift' depends on axioms: [propext,
2026-09-26T10:27:37.1805599Z  Classical.choice,
2026-09-26T10:27:37.1805681Z  Quot.sound]
2026-09-26T10:27:37.1806359Z info: OIBridge/IntermediateCrossTimeStructure.lean:1095:0: 'OIBridge.IntermediateCrossTimeStructure.df_bounded_above' depends on axioms: [propext, Classical.choice, Quot.sound]
2026-09-26T10:27:37.1807048Z info: OIBridge/IntermediateCrossTimeStructure.lean:1096:0: 'OIBridge.IntermediateCrossTimeStructure.df1_above_visible' depends on axioms: [propext, Classical.choice, Quot.sound]
2026-09-26T10:27:37.1807612Z info: OIBridge/IntermediateCrossTimeStructure.lean:1097:0: 'OIBridge.IntermediateCrossTimeStructure.df2_above_visible' depends on axioms: [propext, Classical.choice, Quot.sound]
2026-09-26T10:27:37.1808107Z info: OIBridge/IntermediateCrossTimeStructure.lean:1098:0: 'OIBridge.IntermediateCrossTimeStructure.df2_below_level2_and_resid' depends on axioms: [propext,
2026-09-26T10:27:37.1808202Z  Classical.choice,
2026-09-26T10:27:37.1808285Z  Quot.sound]
2026-09-26T10:27:37.1808834Z info: OIBridge/IntermediateCrossTimeStructure.lean:1099:0: 'OIBridge.IntermediateCrossTimeStructure.df3_above_visible' depends on axioms: [propext, Classical.choice, Quot.sound]
2026-09-26T10:27:37.1809383Z info: OIBridge/IntermediateCrossTimeStructure.lean:1100:0: 'OIBridge.IntermediateCrossTimeStructure.lc0_pointwise_law' depends on axioms: [propext, Classical.choice, Quot.sound]
2026-09-26T10:27:37.1809927Z info: OIBridge/IntermediateCrossTimeStructure.lean:1101:0: 'OIBridge.IntermediateCrossTimeStructure.lc3_generator_law' depends on axioms: [propext, Classical.choice, Quot.sound]
2026-09-26T10:27:37.1810480Z info: OIBridge/IntermediateCrossTimeStructure.lean:1102:0: 'OIBridge.IntermediateCrossTimeStructure.xs5_l_axis_prop' depends on axioms: [propext, Classical.choice, Quot.sound]
2026-09-26T10:27:37.1811039Z info: OIBridge/IntermediateCrossTimeStructure.lean:1103:0: 'OIBridge.IntermediateCrossTimeStructure.lc2_regularity_law' depends on axioms: [propext, Classical.choice, Quot.sound]
2026-09-26T10:27:37.1811516Z info: OIBridge/IntermediateCrossTimeStructure.lean:1104:0: 'OIBridge.IntermediateCrossTimeStructure.prod_mem_unitaryGroup' depends on axioms: [propext,
2026-09-26T10:27:37.1811609Z  Classical.choice,
2026-09-26T10:27:37.1811697Z  Quot.sound]
2026-09-26T10:27:37.1812245Z info: OIBridge/IntermediateCrossTimeStructure.lean:1105:0: 'OIBridge.IntermediateCrossTimeStructure.prod_admissible' depends on axioms: [propext, Classical.choice, Quot.sound]
2026-09-26T10:27:37.1812795Z info: OIBridge/IntermediateCrossTimeStructure.lean:1106:0: 'OIBridge.IntermediateCrossTimeStructure.df1_below_level2' depends on axioms: [propext, Classical.choice, Quot.sound]
2026-09-26T10:27:37.1813336Z info: OIBridge/IntermediateCrossTimeStructure.lean:1107:0: 'OIBridge.IntermediateCrossTimeStructure.xs4_d_axis_mid' depends on axioms: [propext, Classical.choice, Quot.sound]
2026-09-26T10:27:37.1813559Z ⚠ [3583/3600] Replayed OIBridge.RepresentativeNaturality
2026-09-26T10:27:37.1814107Z warning: OIBridge/RepresentativeNaturality.lean:226:0: automatically included section variable(s) unused in theorem `OIBridge.RepresentativeNaturality.rnt2_lifting_property`:
2026-09-26T10:27:37.1814196Z   [Fintype V]
2026-09-26T10:27:37.1814283Z   [DecidableEq V]
2026-09-26T10:27:37.1814372Z   [DecidableEq A]
2026-09-26T10:27:37.1814712Z consider restructuring your `variable` declarations so that the variables are not in scope or explicitly omit them:
2026-09-26T10:27:37.1814891Z   omit [Fintype V] [DecidableEq V] [DecidableEq A] in theorem ...
2026-09-26T10:27:37.1815017Z 
2026-09-26T10:27:37.1815248Z Note: This linter can be disabled with `set_option linter.unusedSectionVars false`
2026-09-26T10:27:37.1815929Z warning: OIBridge/RepresentativeNaturality.lean:291:0: automatically included section variable(s) unused in theorem `OIBridge.RepresentativeNaturality.relabelLift_apply`:
2026-09-26T10:27:37.1816022Z   [Fintype V]
2026-09-26T10:27:37.1816110Z   [DecidableEq V]
2026-09-26T10:27:37.1816193Z   [Fintype A]
2026-09-26T10:27:37.1816283Z   [DecidableEq A]
2026-09-26T10:27:37.1816615Z consider restructuring your `variable` declarations so that the variables are not in scope or explicitly omit them:
2026-09-26T10:27:37.1816814Z   omit [Fintype V] [DecidableEq V] [Fintype A] [DecidableEq A] in theorem ...
2026-09-26T10:27:37.1816818Z 
2026-09-26T10:27:37.1817039Z Note: This linter can be disabled with `set_option linter.unusedSectionVars false`
2026-09-26T10:27:37.1817706Z warning: OIBridge/RepresentativeNaturality.lean:295:0: automatically included section variable(s) unused in theorem `OIBridge.RepresentativeNaturality.relabelLift_eq_submatrix`:
2026-09-26T10:27:37.1817797Z   [Fintype V]
2026-09-26T10:27:37.1817887Z   [DecidableEq V]
2026-09-26T10:27:37.1817975Z   [Fintype A]
2026-09-26T10:27:37.1818061Z   [DecidableEq A]
2026-09-26T10:27:37.1818383Z consider restructuring your `variable` declarations so that the variables are not in scope or explicitly omit them:
2026-09-26T10:27:37.1818566Z   omit [Fintype V] [DecidableEq V] [Fintype A] [DecidableEq A] in theorem ...
2026-09-26T10:27:37.1818575Z 
2026-09-26T10:27:37.1818781Z Note: This linter can be disabled with `set_option linter.unusedSectionVars false`
2026-09-26T10:27:37.1819310Z info: OIBridge/RepresentativeNaturality.lean:726:0: 'OIBridge.RepresentativeNaturality.rnt1_strict_imp_twisted' depends on axioms: [propext, Classical.choice, Quot.sound]
2026-09-26T10:27:37.1819838Z info: OIBridge/RepresentativeNaturality.lean:727:0: 'OIBridge.RepresentativeNaturality.rnt1_twisted_imp_orbit' depends on axioms: [propext, Classical.choice, Quot.sound]
2026-09-26T10:27:37.1820355Z info: OIBridge/RepresentativeNaturality.lean:728:0: 'OIBridge.RepresentativeNaturality.rnt2_lifting_property' depends on axioms: [propext, Classical.choice, Quot.sound]
2026-09-26T10:27:37.1820857Z info: OIBridge/RepresentativeNaturality.lean:729:0: 'OIBridge.RepresentativeNaturality.rnt2_admissible' depends on axioms: [propext, Classical.choice, Quot.sound]
2026-09-26T10:27:37.1821372Z info: OIBridge/RepresentativeNaturality.lean:730:0: 'OIBridge.RepresentativeNaturality.relabelLift_apply' depends on axioms: [propext, Classical.choice, Quot.sound]
2026-09-26T10:27:37.1821898Z info: OIBridge/RepresentativeNaturality.lean:731:0: 'OIBridge.RepresentativeNaturality.relabelLift_eq_submatrix' depends on axioms: [propext, Classical.choice, Quot.sound]
2026-09-26T10:27:37.1822396Z info: OIBridge/RepresentativeNaturality.lean:732:0: 'OIBridge.RepresentativeNaturality.relabelLift_mul' depends on axioms: [propext, Classical.choice, Quot.sound]
2026-09-26T10:27:37.1822893Z info: OIBridge/RepresentativeNaturality.lean:733:0: 'OIBridge.RepresentativeNaturality.relabelLift_one' depends on axioms: [propext, Classical.choice, Quot.sound]
2026-09-26T10:27:37.1823405Z info: OIBridge/RepresentativeNaturality.lean:734:0: 'OIBridge.RepresentativeNaturality.relabelLift_unitary' depends on axioms: [propext, Classical.choice, Quot.sound]
2026-09-26T10:27:37.1823901Z info: OIBridge/RepresentativeNaturality.lean:735:0: 'OIBridge.RepresentativeNaturality.rnt3_left_closure' depends on axioms: [propext, Classical.choice, Quot.sound]
2026-09-26T10:27:37.1824388Z info: OIBridge/RepresentativeNaturality.lean:736:0: 'OIBridge.RepresentativeNaturality.rnt3_left_law' depends on axioms: [propext, Classical.choice, Quot.sound]
2026-09-26T10:27:37.1824888Z info: OIBridge/RepresentativeNaturality.lean:737:0: 'OIBridge.RepresentativeNaturality.rnt3_right_closure' depends on axioms: [propext, Classical.choice, Quot.sound]
2026-09-26T10:27:37.1825379Z info: OIBridge/RepresentativeNaturality.lean:738:0: 'OIBridge.RepresentativeNaturality.rnt3_right_law' depends on axioms: [propext, Classical.choice, Quot.sound]
2026-09-26T10:27:37.1826083Z info: OIBridge/RepresentativeNaturality.lean:739:0: 'OIBridge.RepresentativeNaturality.rnt3_law_exact' depends on axioms: [propext, Classical.choice, Quot.sound]
2026-09-26T10:27:37.1826568Z info: OIBridge/RepresentativeNaturality.lean:740:0: 'OIBridge.RepresentativeNaturality.rnt3_orbit' depends on axioms: [propext, Classical.choice, Quot.sound]
2026-09-26T10:27:37.1827045Z info: OIBridge/RepresentativeNaturality.lean:741:0: 'OIBridge.RepresentativeNaturality.diag_unit_mem' depends on axioms: [propext, Classical.choice, Quot.sound]
2026-09-26T10:27:37.1827564Z info: OIBridge/RepresentativeNaturality.lean:742:0: 'OIBridge.RepresentativeNaturality.rnt4a_left_nontrivial' depends on axioms: [propext, Classical.choice, Quot.sound]
2026-09-26T10:27:37.1828204Z info: OIBridge/RepresentativeNaturality.lean:743:0: 'OIBridge.RepresentativeNaturality.rnt4a_right_nontrivial' depends on axioms: [propext, Classical.choice, Quot.sound]
2026-09-26T10:27:37.1828724Z info: OIBridge/RepresentativeNaturality.lean:744:0: 'OIBridge.RepresentativeNaturality.rnt4b_strict_fails_left' depends on axioms: [propext, Classical.choice, Quot.sound]
2026-09-26T10:27:37.1829246Z info: OIBridge/RepresentativeNaturality.lean:745:0: 'OIBridge.RepresentativeNaturality.rnt4b_strict_fails_right' depends on axioms: [propext, Classical.choice, Quot.sound]
2026-09-26T10:27:37.1829767Z info: OIBridge/RepresentativeNaturality.lean:746:0: 'OIBridge.RepresentativeNaturality.rnt4b_not_strictNatural' depends on axioms: [propext, Classical.choice, Quot.sound]
2026-09-26T10:27:37.1830208Z info: OIBridge/RepresentativeNaturality.lean:747:0: 'OIBridge.RepresentativeNaturality.eq_zero_of_left_mul_eq_zero' depends on axioms: [propext,
2026-09-26T10:27:37.1830303Z  Classical.choice,
2026-09-26T10:27:37.1830397Z  Quot.sound]
2026-09-26T10:27:37.1830833Z info: OIBridge/RepresentativeNaturality.lean:748:0: 'OIBridge.RepresentativeNaturality.eq_zero_of_mul_right_eq_zero' depends on axioms: [propext,
2026-09-26T10:27:37.1830929Z  Classical.choice,
2026-09-26T10:27:37.1831015Z  Quot.sound]
2026-09-26T10:27:37.1831527Z info: OIBridge/RepresentativeNaturality.lean:749:0: 'OIBridge.RepresentativeNaturality.rnt5_left_separation' depends on axioms: [propext, Classical.choice, Quot.sound]
2026-09-26T10:27:37.1832038Z info: OIBridge/RepresentativeNaturality.lean:750:0: 'OIBridge.RepresentativeNaturality.rnt5_right_separation' depends on axioms: [propext, Classical.choice, Quot.sound]
2026-09-26T10:27:37.1832255Z ℹ [3584/3600] Replayed OIBridge.OrbitLawRigidityTwisted
2026-09-26T10:27:37.1832854Z info: OIBridge/OrbitLawRigidityTwisted.lean:1568:0: 'OIBridge.OrbitLawRigidityTwisted.composite_descends' depends on axioms: [propext, Classical.choice, Quot.sound]
2026-09-26T10:27:37.1833681Z info: OIBridge/OrbitLawRigidityTwisted.lean:1569:0: 'OIBridge.OrbitLawRigidityTwisted.solution_eq_composite' depends on axioms: [propext, Classical.choice, Quot.sound]
2026-09-26T10:27:37.1834369Z info: OIBridge/OrbitLawRigidityTwisted.lean:1570:0: 'OIBridge.OrbitLawRigidityTwisted.ol1a_descent' depends on axioms: [propext, Classical.choice, Quot.sound]
2026-09-26T10:27:37.1835210Z info: OIBridge/OrbitLawRigidityTwisted.lean:1571:0: 'OIBridge.OrbitLawRigidityTwisted.iterate_descends' depends on axioms: [propext, Classical.choice, Quot.sound]
2026-09-26T10:27:37.1836190Z info: OIBridge/OrbitLawRigidityTwisted.lean:1572:0: 'OIBridge.OrbitLawRigidityTwisted.ol1b_monoid_action' depends on axioms: [propext, Classical.choice, Quot.sound]
2026-09-26T10:27:37.1836909Z info: OIBridge/OrbitLawRigidityTwisted.lean:1573:0: 'OIBridge.OrbitLawRigidityTwisted.realizable_of_gramPhaseEquiv' depends on axioms: [propext,
2026-09-26T10:27:37.1837039Z  Classical.choice,
2026-09-26T10:27:37.1837160Z  Quot.sound]
2026-09-26T10:27:37.1837984Z info: OIBridge/OrbitLawRigidityTwisted.lean:1574:0: 'OIBridge.OrbitLawRigidityTwisted.realizable_relabel' depends on axioms: [propext, Classical.choice, Quot.sound]
2026-09-26T10:27:37.1839146Z info: OIBridge/OrbitLawRigidityTwisted.lean:1575:0: 'OIBridge.OrbitLawRigidityTwisted.relabel_gramPhaseEquiv' depends on axioms: [propext, Classical.choice, Quot.sound]
2026-09-26T10:27:37.1840006Z info: OIBridge/OrbitLawRigidityTwisted.lean:1576:0: 'OIBridge.OrbitLawRigidityTwisted.relabel_relabel_symm' depends on axioms: [propext, Classical.choice, Quot.sound]
2026-09-26T10:27:37.1840870Z info: OIBridge/OrbitLawRigidityTwisted.lean:1577:0: 'OIBridge.OrbitLawRigidityTwisted.relabel_symm_relabel' depends on axioms: [propext, Classical.choice, Quot.sound]
2026-09-26T10:27:37.1841773Z info: OIBridge/OrbitLawRigidityTwisted.lean:1578:0: 'OIBridge.OrbitLawRigidityTwisted.gramPhaseEquiv_of_relabel' depends on axioms: [propext, Classical.choice, Quot.sound]
2026-09-26T10:27:37.1842738Z info: OIBridge/OrbitLawRigidityTwisted.lean:1579:0: 'OIBridge.OrbitLawRigidityTwisted.witness_supply' depends on axioms: [propext, Classical.choice, Quot.sound]
2026-09-26T10:27:37.1843625Z info: OIBridge/OrbitLawRigidityTwisted.lean:1580:0: 'OIBridge.OrbitLawRigidityTwisted.factorizes_trivial' depends on axioms: [propext, Classical.choice, Quot.sound]
2026-09-26T10:27:37.1844426Z info: OIBridge/OrbitLawRigidityTwisted.lean:1581:0: 'OIBridge.OrbitLawRigidityTwisted.phiI_ladder' depends on axioms: [propext, Classical.choice, Quot.sound]
2026-09-26T10:27:37.1845225Z info: OIBridge/OrbitLawRigidityTwisted.lean:1582:0: 'OIBridge.OrbitLawRigidityTwisted.phiP_ladder' depends on axioms: [propext, Classical.choice, Quot.sound]
2026-09-26T10:27:37.1846201Z info: OIBridge/OrbitLawRigidityTwisted.lean:1583:0: 'OIBridge.OrbitLawRigidityTwisted.siop_yes' depends on axioms: [propext, Classical.choice, Quot.sound]
2026-09-26T10:27:37.1847025Z info: OIBridge/OrbitLawRigidityTwisted.lean:1584:0: 'OIBridge.OrbitLawRigidityTwisted.phiX_l0_restricts' depends on axioms: [propext, Classical.choice, Quot.sound]
2026-09-26T10:27:37.1847832Z info: OIBridge/OrbitLawRigidityTwisted.lean:1585:0: 'OIBridge.OrbitLawRigidityTwisted.phiC_census' depends on axioms: [propext, Classical.choice, Quot.sound]
2026-09-26T10:27:37.1848670Z info: OIBridge/OrbitLawRigidityTwisted.lean:1586:0: 'OIBridge.OrbitLawRigidityTwisted.phiT_l2_restricts' depends on axioms: [propext, Classical.choice, Quot.sound]
2026-09-26T10:27:37.1849528Z info: OIBridge/OrbitLawRigidityTwisted.lean:1587:0: 'OIBridge.OrbitLawRigidityTwisted.l1_free_on_shared_class' depends on axioms: [propext, Classical.choice, Quot.sound]
2026-09-26T10:27:37.1850362Z info: OIBridge/OrbitLawRigidityTwisted.lean:1588:0: 'OIBridge.OrbitLawRigidityTwisted.product_cross' depends on axioms: [propext, Classical.choice, Quot.sound]
2026-09-26T10:27:37.1851179Z info: OIBridge/OrbitLawRigidityTwisted.lean:1589:0: 'OIBridge.OrbitLawRigidityTwisted.relabel_product' depends on axioms: [propext, Classical.choice, Quot.sound]
2026-09-26T10:27:37.1852003Z info: OIBridge/OrbitLawRigidityTwisted.lean:1590:0: 'OIBridge.OrbitLawRigidityTwisted.relabel_one' depends on axioms: [propext, Classical.choice, Quot.sound]
2026-09-26T10:27:37.1852829Z info: OIBridge/OrbitLawRigidityTwisted.lean:1591:0: 'OIBridge.OrbitLawRigidityTwisted.vpart_unitary' depends on axioms: [propext, Classical.choice, Quot.sound]
2026-09-26T10:27:37.1853671Z info: OIBridge/OrbitLawRigidityTwisted.lean:1592:0: 'OIBridge.OrbitLawRigidityTwisted.product_realizable' depends on axioms: [propext, Classical.choice, Quot.sound]
2026-09-26T10:27:37.1854523Z info: OIBridge/OrbitLawRigidityTwisted.lean:1593:0: 'OIBridge.OrbitLawRigidityTwisted.hadamard_entries' depends on axioms: [propext, Classical.choice, Quot.sound]
2026-09-26T10:27:37.1855366Z info: OIBridge/OrbitLawRigidityTwisted.lean:1594:0: 'OIBridge.OrbitLawRigidityTwisted.product_separations' depends on axioms: [propext, Classical.choice, Quot.sound]
2026-09-26T10:27:37.1856340Z info: OIBridge/OrbitLawRigidityTwisted.lean:1595:0: 'OIBridge.OrbitLawRigidityTwisted.phiPP_ladder' depends on axioms: [propext, Classical.choice, Quot.sound]
2026-09-26T10:27:37.1857394Z info: OIBridge/OrbitLawRigidityTwisted.lean:1596:0: 'OIBridge.OrbitLawRigidityTwisted.phiCTRL_census' depends on axioms: [propext, Classical.choice, Quot.sound]
2026-09-26T10:27:37.1857831Z ℹ [3585/3600] Replayed OIBridge.OrbitLawNaturalityFactorization
2026-09-26T10:27:37.1858812Z info: OIBridge/OrbitLawNaturalityFactorization.lean:397:0: 'OIBridge.OrbitLawNaturalityFactorization.relabel_prodComm' depends on axioms: [propext, Classical.choice, Quot.sound]
2026-09-26T10:27:37.1859638Z info: OIBridge/OrbitLawNaturalityFactorization.lean:398:0: 'OIBridge.OrbitLawNaturalityFactorization.gramPhaseEquiv_diag' depends on axioms: [propext,
2026-09-26T10:27:37.1859778Z  Classical.choice,
2026-09-26T10:27:37.1859902Z  Quot.sound]
2026-09-26T10:27:37.1860713Z info: OIBridge/OrbitLawNaturalityFactorization.lean:399:0: 'OIBridge.OrbitLawNaturalityFactorization.phiCTRL_l4n_restricts' depends on axioms: [propext,
2026-09-26T10:27:37.1861022Z  Classical.choice,
2026-09-26T10:27:37.1861149Z  Quot.sound]
2026-09-26T10:27:37.1861976Z info: OIBridge/OrbitLawNaturalityFactorization.lean:400:0: 'OIBridge.OrbitLawNaturalityFactorization.phiSwap_l5_restricts' depends on axioms: [propext,
2026-09-26T10:27:37.1862115Z  Classical.choice,
2026-09-26T10:27:37.1862241Z  Quot.sound]
2026-09-26T10:27:37.1863073Z info: OIBridge/OrbitLawNaturalityFactorization.lean:401:0: 'OIBridge.OrbitLawNaturalityFactorization.prefix_not_implies_l5' depends on axioms: [propext,
2026-09-26T10:27:37.1863210Z  Classical.choice,
2026-09-26T10:27:37.1863331Z  Quot.sound]
2026-09-26T10:27:37.1863588Z ℹ [3586/3600] Replayed OIBridge.OrbitLawGaps
2026-09-26T10:27:37.1864355Z info: OIBridge/OrbitLawGaps.lean:1245:0: 'OIBridge.OrbitLawGaps.gramPhaseEquiv_fst_of_product' depends on axioms: [propext, Classical.choice, Quot.sound]
2026-09-26T10:27:37.1865100Z info: OIBridge/OrbitLawGaps.lean:1246:0: 'OIBridge.OrbitLawGaps.product_gramPhaseEquiv_fst' depends on axioms: [propext, Classical.choice, Quot.sound]
2026-09-26T10:27:37.1865961Z info: OIBridge/OrbitLawGaps.lean:1247:0: 'OIBridge.OrbitLawGaps.zero_not_realizable' depends on axioms: [propext, Classical.choice, Quot.sound]
2026-09-26T10:27:37.1866658Z info: OIBridge/OrbitLawGaps.lean:1248:0: 'OIBridge.OrbitLawGaps.hadamard_z_admissible' depends on axioms: [propext, Classical.choice, Quot.sound]
2026-09-26T10:27:37.1867368Z info: OIBridge/OrbitLawGaps.lean:1249:0: 'OIBridge.OrbitLawGaps.fibreGram_z_entries' depends on axioms: [propext, Classical.choice, Quot.sound]
2026-09-26T10:27:37.1868014Z info: OIBridge/OrbitLawGaps.lean:1250:0: 'OIBridge.OrbitLawGaps.zseq_facts' depends on axioms: [propext, Classical.choice, Quot.sound]
2026-09-26T10:27:37.1868709Z info: OIBridge/OrbitLawGaps.lean:1251:0: 'OIBridge.OrbitLawGaps.gap_separations' depends on axioms: [propext, Classical.choice, Quot.sound]
2026-09-26T10:27:37.1869402Z info: OIBridge/OrbitLawGaps.lean:1252:0: 'OIBridge.OrbitLawGaps.phiMD_l1_restricts' depends on axioms: [propext, Classical.choice, Quot.sound]
2026-09-26T10:27:37.1870103Z info: OIBridge/OrbitLawGaps.lean:1253:0: 'OIBridge.OrbitLawGaps.phiPC_l3i_restricts' depends on axioms: [propext, Classical.choice, Quot.sound]
2026-09-26T10:27:37.1870788Z info: OIBridge/OrbitLawGaps.lean:1254:0: 'OIBridge.OrbitLawGaps.phiHS_l3s_restricts' depends on axioms: [propext, Classical.choice, Quot.sound]
2026-09-26T10:27:37.1871448Z info: OIBridge/OrbitLawGaps.lean:1255:0: 'OIBridge.OrbitLawGaps.phiSC_corner' depends on axioms: [propext, Classical.choice, Quot.sound]
2026-09-26T10:27:37.1872114Z info: OIBridge/OrbitLawGaps.lean:1256:0: 'OIBridge.OrbitLawGaps.l5_not_implies_l4n' depends on axioms: [propext, Classical.choice, Quot.sound]
2026-09-26T10:27:37.1872433Z ℹ [3587/3600] Replayed OIBridge.OrbitGeometrySelector
2026-09-26T10:27:37.1873293Z info: OIBridge/OrbitGeometrySelector.lean:1886:0: 'OIBridge.OrbitGeometrySelector.mixedTriple_gauge' depends on axioms: [propext, Classical.choice, Quot.sound]
2026-09-26T10:27:37.1874125Z info: OIBridge/OrbitGeometrySelector.lean:1887:0: 'OIBridge.OrbitGeometrySelector.mixedTriple_cross' depends on axioms: [propext, Classical.choice, Quot.sound]
2026-09-26T10:27:37.1875133Z info: OIBridge/OrbitGeometrySelector.lean:1888:0: 'OIBridge.OrbitGeometrySelector.mixedTriple_star' depends on axioms: [propext, Classical.choice, Quot.sound]
2026-09-26T10:27:37.1876078Z info: OIBridge/OrbitGeometrySelector.lean:1889:0: 'OIBridge.OrbitGeometrySelector.coord_le_dist' depends on axioms: [propext, Classical.choice, Quot.sound]
2026-09-26T10:27:37.1876832Z info: OIBridge/OrbitGeometrySelector.lean:1890:0: 'OIBridge.OrbitGeometrySelector.zseq_dist' depends on axioms: [propext, Classical.choice, Quot.sound]
2026-09-26T10:27:37.1877668Z info: OIBridge/OrbitGeometrySelector.lean:1891:0: 'OIBridge.OrbitGeometrySelector.hadamard_i_cross_all' depends on axioms: [propext, Classical.choice, Quot.sound]
2026-09-26T10:27:37.1878696Z info: OIBridge/OrbitGeometrySelector.lean:1892:0: 'OIBridge.OrbitGeometrySelector.hadamard_one_cross_all' depends on axioms: [propext, Classical.choice, Quot.sound]
2026-09-26T10:27:37.1879521Z info: OIBridge/OrbitGeometrySelector.lean:1893:0: 'OIBridge.OrbitGeometrySelector.fibreGram_z_cross02' depends on axioms: [propext, Classical.choice, Quot.sound]
2026-09-26T10:27:37.1880344Z info: OIBridge/OrbitGeometrySelector.lean:1894:0: 'OIBridge.OrbitGeometrySelector.norm_one_of_star_mul' depends on axioms: [propext, Classical.choice, Quot.sound]
2026-09-26T10:27:37.1881132Z info: OIBridge/OrbitGeometrySelector.lean:1895:0: 'OIBridge.OrbitGeometrySelector.entry_bound_aux' depends on axioms: [propext, Classical.choice, Quot.sound]
2026-09-26T10:27:37.1881934Z info: OIBridge/OrbitGeometrySelector.lean:1896:0: 'OIBridge.OrbitGeometrySelector.fourier_entry_norm' depends on axioms: [propext, Classical.choice, Quot.sound]
2026-09-26T10:27:37.1882756Z info: OIBridge/OrbitGeometrySelector.lean:1897:0: 'OIBridge.OrbitGeometrySelector.fourier_entry_diff' depends on axioms: [propext, Classical.choice, Quot.sound]
2026-09-26T10:27:37.1883555Z info: OIBridge/OrbitGeometrySelector.lean:1898:0: 'OIBridge.OrbitGeometrySelector.fourier_coord_diff' depends on axioms: [propext, Classical.choice, Quot.sound]
2026-09-26T10:27:37.1884397Z info: OIBridge/OrbitGeometrySelector.lean:1899:0: 'OIBridge.OrbitGeometrySelector.fourier_feature_norm' depends on axioms: [propext, Classical.choice, Quot.sound]
2026-09-26T10:27:37.1885224Z info: OIBridge/OrbitGeometrySelector.lean:1900:0: 'OIBridge.OrbitGeometrySelector.geo1_separation_star' depends on axioms: [propext, Classical.choice, Quot.sound]
2026-09-26T10:27:37.1886214Z info: OIBridge/OrbitGeometrySelector.lean:1901:0: 'OIBridge.OrbitGeometrySelector.realizable_entry_ne_zero' depends on axioms: [propext, Classical.choice, Quot.sound]
2026-09-26T10:27:37.1887073Z info: OIBridge/OrbitGeometrySelector.lean:1902:0: 'OIBridge.OrbitGeometrySelector.geo1_separation_single' depends on axioms: [propext, Classical.choice, Quot.sound]
2026-09-26T10:27:37.1887911Z info: OIBridge/OrbitGeometrySelector.lean:1903:0: 'OIBridge.OrbitGeometrySelector.geo1_separation_product' depends on axioms: [propext, Classical.choice, Quot.sound]
2026-09-26T10:27:37.1888709Z info: OIBridge/OrbitGeometrySelector.lean:1904:0: 'OIBridge.OrbitGeometrySelector.dist_eq_norm_toLp' depends on axioms: [propext, Classical.choice, Quot.sound]
2026-09-26T10:27:37.1889506Z info: OIBridge/OrbitGeometrySelector.lean:1905:0: 'OIBridge.OrbitGeometrySelector.geo1_metric_props' depends on axioms: [propext, Classical.choice, Quot.sound]
2026-09-26T10:27:37.1890341Z info: OIBridge/OrbitGeometrySelector.lean:1906:0: 'OIBridge.OrbitGeometrySelector.geo1_class_invariant' depends on axioms: [propext, Classical.choice, Quot.sound]
2026-09-26T10:27:37.1891171Z info: OIBridge/OrbitGeometrySelector.lean:1907:0: 'OIBridge.OrbitGeometrySelector.geo1_zero_of_equiv' depends on axioms: [propext, Classical.choice, Quot.sound]
2026-09-26T10:27:37.1892016Z info: OIBridge/OrbitGeometrySelector.lean:1908:0: 'OIBridge.OrbitGeometrySelector.features_eq_of_dist_zero' depends on axioms: [propext, Classical.choice, Quot.sound]
2026-09-26T10:27:37.1893280Z info: OIBridge/OrbitGeometrySelector.lean:1909:0: 'OIBridge.OrbitGeometrySelector.geo1_equiv_of_zero_single' depends on axioms: [propext, Classical.choice, Quot.sound]
2026-09-26T10:27:37.1894142Z info: OIBridge/OrbitGeometrySelector.lean:1910:0: 'OIBridge.OrbitGeometrySelector.geo1_equiv_of_zero_product' depends on axioms: [propext, Classical.choice, Quot.sound]
2026-09-26T10:27:37.1894962Z info: OIBridge/OrbitGeometrySelector.lean:1911:0: 'OIBridge.OrbitGeometrySelector.geo1_triple_metric' depends on axioms: [propext, Classical.choice, Quot.sound]
2026-09-26T10:27:37.1896022Z info: OIBridge/OrbitGeometrySelector.lean:1912:0: 'OIBridge.OrbitGeometrySelector.mixedTriple_continuous' depends on axioms: [propext, Classical.choice, Quot.sound]
2026-09-26T10:27:37.1897065Z info: OIBridge/OrbitGeometrySelector.lean:1913:0: 'OIBridge.OrbitGeometrySelector.mixedTriple_relabel' depends on axioms: [propext, Classical.choice, Quot.sound]
2026-09-26T10:27:37.1897904Z info: OIBridge/OrbitGeometrySelector.lean:1914:0: 'OIBridge.OrbitGeometrySelector.geo2_relabel_isometry' depends on axioms: [propext, Classical.choice, Quot.sound]
2026-09-26T10:27:37.1898726Z info: OIBridge/OrbitGeometrySelector.lean:1915:0: 'OIBridge.OrbitGeometrySelector.geo2_twoSided_trivial' depends on axioms: [propext, Classical.choice, Quot.sound]
2026-09-26T10:27:37.1899571Z info: OIBridge/OrbitGeometrySelector.lean:1916:0: 'OIBridge.OrbitGeometrySelector.mixedTriple_product' depends on axioms: [propext, Classical.choice, Quot.sound]
2026-09-26T10:27:37.1900367Z info: OIBridge/OrbitGeometrySelector.lean:1917:0: 'OIBridge.OrbitGeometrySelector.geo2_product_tensor' depends on axioms: [propext, Classical.choice, Quot.sound]
2026-09-26T10:27:37.1901160Z info: OIBridge/OrbitGeometrySelector.lean:1918:0: 'OIBridge.OrbitGeometrySelector.geo2_controls' depends on axioms: [propext, Classical.choice, Quot.sound]
2026-09-26T10:27:37.1901965Z info: OIBridge/OrbitGeometrySelector.lean:1919:0: 'OIBridge.OrbitGeometrySelector.fourier_dist_le' depends on axioms: [propext, Classical.choice, Quot.sound]
2026-09-26T10:27:37.1902807Z info: OIBridge/OrbitGeometrySelector.lean:1920:0: 'OIBridge.OrbitGeometrySelector.realizable_prod_of_adm' depends on axioms: [propext, Classical.choice, Quot.sound]
2026-09-26T10:27:37.1903632Z info: OIBridge/OrbitGeometrySelector.lean:1921:0: 'OIBridge.OrbitGeometrySelector.coord_cross_product' depends on axioms: [propext, Classical.choice, Quot.sound]
2026-09-26T10:27:37.1904429Z info: OIBridge/OrbitGeometrySelector.lean:1922:0: 'OIBridge.OrbitGeometrySelector.one_le_norm_I_sub_one' depends on axioms: [propext, Classical.choice, Quot.sound]
2026-09-26T10:27:37.1905238Z info: OIBridge/OrbitGeometrySelector.lean:1923:0: 'OIBridge.OrbitGeometrySelector.geo3_phiI_isometry' depends on axioms: [propext, Classical.choice, Quot.sound]
2026-09-26T10:27:37.1906213Z info: OIBridge/OrbitGeometrySelector.lean:1924:0: 'OIBridge.OrbitGeometrySelector.geo3_phiP_isometry' depends on axioms: [propext, Classical.choice, Quot.sound]
2026-09-26T10:27:37.1907036Z info: OIBridge/OrbitGeometrySelector.lean:1925:0: 'OIBridge.OrbitGeometrySelector.geo3_phiC_not_isometry' depends on axioms: [propext, Classical.choice, Quot.sound]
2026-09-26T10:27:37.1907851Z info: OIBridge/OrbitGeometrySelector.lean:1926:0: 'OIBridge.OrbitGeometrySelector.geo3_phiT_isometry' depends on axioms: [propext, Classical.choice, Quot.sound]
2026-09-26T10:27:37.1908644Z info: OIBridge/OrbitGeometrySelector.lean:1927:0: 'OIBridge.OrbitGeometrySelector.geo3_phiPP_isometry' depends on axioms: [propext, Classical.choice, Quot.sound]
2026-09-26T10:27:37.1909475Z info: OIBridge/OrbitGeometrySelector.lean:1928:0: 'OIBridge.OrbitGeometrySelector.geo3_phiSwap_isometry' depends on axioms: [propext, Classical.choice, Quot.sound]
2026-09-26T10:27:37.1910285Z info: OIBridge/OrbitGeometrySelector.lean:1929:0: 'OIBridge.OrbitGeometrySelector.geo3_phiConj_isometry' depends on axioms: [propext, Classical.choice, Quot.sound]
2026-09-26T10:27:37.1911118Z info: OIBridge/OrbitGeometrySelector.lean:1930:0: 'OIBridge.OrbitGeometrySelector.geo3_phiPC_not_isometry' depends on axioms: [propext, Classical.choice, Quot.sound]
2026-09-26T10:27:37.1912149Z info: OIBridge/OrbitGeometrySelector.lean:1931:0: 'OIBridge.OrbitGeometrySelector.geo3_phiMD_not_isometry' depends on axioms: [propext, Classical.choice, Quot.sound]
2026-09-26T10:27:37.1912980Z info: OIBridge/OrbitGeometrySelector.lean:1932:0: 'OIBridge.OrbitGeometrySelector.geo3_phiCTRL_not_isometry' depends on axioms: [propext, Classical.choice, Quot.sound]
2026-09-26T10:27:37.1913813Z info: OIBridge/OrbitGeometrySelector.lean:1933:0: 'OIBridge.OrbitGeometrySelector.geo3_phiSC_not_isometry' depends on axioms: [propext, Classical.choice, Quot.sound]
2026-09-26T10:27:37.1914638Z info: OIBridge/OrbitGeometrySelector.lean:1934:0: 'OIBridge.OrbitGeometrySelector.geo3_phiHS_not_isometry' depends on axioms: [propext, Classical.choice, Quot.sound]
2026-09-26T10:27:37.1915583Z info: OIBridge/OrbitGeometrySelector.lean:1935:0: 'OIBridge.OrbitGeometrySelector.conj_eq_transpose' depends on axioms: [propext, Classical.choice, Quot.sound]
2026-09-26T10:27:37.1916608Z info: OIBridge/OrbitGeometrySelector.lean:1936:0: 'OIBridge.OrbitGeometrySelector.realizable_conj' depends on axioms: [propext, Classical.choice, Quot.sound]
2026-09-26T10:27:37.1917375Z info: OIBridge/OrbitGeometrySelector.lean:1937:0: 'OIBridge.OrbitGeometrySelector.conj_conj' depends on axioms: [propext, Classical.choice, Quot.sound]
2026-09-26T10:27:37.1918196Z info: OIBridge/OrbitGeometrySelector.lean:1938:0: 'OIBridge.OrbitGeometrySelector.conj_gramPhaseEquiv' depends on axioms: [propext, Classical.choice, Quot.sound]
2026-09-26T10:27:37.1918948Z info: OIBridge/OrbitGeometrySelector.lean:1939:0: 'OIBridge.OrbitGeometrySelector.conj_cross' depends on axioms: [propext, Classical.choice, Quot.sound]
2026-09-26T10:27:37.1919781Z info: OIBridge/OrbitGeometrySelector.lean:1940:0: 'OIBridge.OrbitGeometrySelector.relabel_product_cross' depends on axioms: [propext, Classical.choice, Quot.sound]
2026-09-26T10:27:37.1920603Z info: OIBridge/OrbitGeometrySelector.lean:1941:0: 'OIBridge.OrbitGeometrySelector.conj_fibreGram_one' depends on axioms: [propext, Classical.choice, Quot.sound]
2026-09-26T10:27:37.1921420Z info: OIBridge/OrbitGeometrySelector.lean:1942:0: 'OIBridge.OrbitGeometrySelector.conj_fibreGram_negOne' depends on axioms: [propext, Classical.choice, Quot.sound]
2026-09-26T10:27:37.1922203Z info: OIBridge/OrbitGeometrySelector.lean:1943:0: 'OIBridge.OrbitGeometrySelector.conj_product' depends on axioms: [propext, Classical.choice, Quot.sound]
2026-09-26T10:27:37.1923058Z info: OIBridge/OrbitGeometrySelector.lean:1944:0: 'OIBridge.OrbitGeometrySelector.geo4_a0_isometry_injective' depends on axioms: [propext, Classical.choice, Quot.sound]
2026-09-26T10:27:37.1923897Z info: OIBridge/OrbitGeometrySelector.lean:1945:0: 'OIBridge.OrbitGeometrySelector.geo4_a1_l5_not_implies_geo' depends on axioms: [propext, Classical.choice, Quot.sound]
2026-09-26T10:27:37.1924756Z info: OIBridge/OrbitGeometrySelector.lean:1946:0: 'OIBridge.OrbitGeometrySelector.geo4_a3_geo_not_implies_l5' depends on axioms: [propext, Classical.choice, Quot.sound]
2026-09-26T10:27:37.1925584Z info: OIBridge/OrbitGeometrySelector.lean:1947:0: 'OIBridge.OrbitGeometrySelector.geo4_b0_not_relabel_rigid' depends on axioms: [propext, Classical.choice, Quot.sound]
2026-09-26T10:27:37.1926226Z ⚠ [3588/3600] Replayed OIBridge.OrbitGeometryIsometries
2026-09-26T10:27:37.1926735Z warning: OIBridge/OrbitGeometryIsometries.lean:1178:5: Variable name `hw` is not explicitly referenced.
2026-09-26T10:27:37.1926743Z 
2026-09-26T10:27:37.1927406Z Hint: The binding can be removed (if unused) or named `_` (if used implicitly). Alternatively, prefix the name with `_` to silence this warning:
2026-09-26T10:27:37.1927535Z   [apply] _hw
2026-09-26T10:27:37.1927543Z 
2026-09-26T10:27:37.1927886Z Note: This linter can be disabled with `set_option linter.unusedVariables false`
2026-09-26T10:27:37.1928793Z info: OIBridge/OrbitGeometryIsometries.lean:1226:0: 'OIBridge.OrbitGeometryIsometries.mixedTriple_relabel2' depends on axioms: [propext, Classical.choice, Quot.sound]
2026-09-26T10:27:37.1929827Z info: OIBridge/OrbitGeometryIsometries.lean:1227:0: 'OIBridge.OrbitGeometryIsometries.fibreGram_unique' depends on axioms: [propext, Classical.choice, Quot.sound]
2026-09-26T10:27:37.1930698Z info: OIBridge/OrbitGeometryIsometries.lean:1228:0: 'OIBridge.OrbitGeometryIsometries.mixedTriple_transpose' depends on axioms: [propext, Classical.choice, Quot.sound]
2026-09-26T10:27:37.1931501Z info: OIBridge/OrbitGeometryIsometries.lean:1229:0: 'OIBridge.OrbitGeometryIsometries.rows_phase' depends on axioms: [propext, Classical.choice, Quot.sound]
2026-09-26T10:27:37.1932356Z info: OIBridge/OrbitGeometryIsometries.lean:1230:0: 'OIBridge.OrbitGeometryIsometries.transpose_admissible' depends on axioms: [propext, Classical.choice, Quot.sound]
2026-09-26T10:27:37.1933314Z info: OIBridge/OrbitGeometryIsometries.lean:1231:0: 'OIBridge.OrbitGeometryIsometries.antipodal' depends on axioms: [propext, Classical.choice, Quot.sound]
2026-09-26T10:27:37.1934117Z info: OIBridge/OrbitGeometryIsometries.lean:1232:0: 'OIBridge.OrbitGeometryIsometries.dephase' depends on axioms: [propext, Classical.choice, Quot.sound]
2026-09-26T10:27:37.1934973Z info: OIBridge/OrbitGeometryIsometries.lean:1233:0: 'OIBridge.OrbitGeometryIsometries.fourier_entry_monomial' depends on axioms: [propext, Classical.choice, Quot.sound]
2026-09-26T10:27:37.1935986Z info: OIBridge/OrbitGeometryIsometries.lean:1234:0: 'OIBridge.OrbitGeometryIsometries.relabel2_realizable' depends on axioms: [propext, Classical.choice, Quot.sound]
2026-09-26T10:27:37.1936871Z info: OIBridge/OrbitGeometryIsometries.lean:1235:0: 'OIBridge.OrbitGeometryIsometries.relabel2_gramPhaseEquiv' depends on axioms: [propext, Classical.choice, Quot.sound]
2026-09-26T10:27:37.1937719Z info: OIBridge/OrbitGeometryIsometries.lean:1236:0: 'OIBridge.OrbitGeometryIsometries.relabel2_isometry' depends on axioms: [propext, Classical.choice, Quot.sound]
2026-09-26T10:27:37.1938541Z info: OIBridge/OrbitGeometryIsometries.lean:1237:0: 'OIBridge.OrbitGeometryIsometries.conj_isometry' depends on axioms: [propext, Classical.choice, Quot.sound]
2026-09-26T10:27:37.1939411Z info: OIBridge/OrbitGeometryIsometries.lean:1238:0: 'OIBridge.OrbitGeometryIsometries.transpose_single_valued' depends on axioms: [propext, Classical.choice, Quot.sound]
2026-09-26T10:27:37.1940255Z info: OIBridge/OrbitGeometryIsometries.lean:1239:0: 'OIBridge.OrbitGeometryIsometries.transpose_unitary' depends on axioms: [propext, Classical.choice, Quot.sound]
2026-09-26T10:27:37.1941115Z info: OIBridge/OrbitGeometryIsometries.lean:1240:0: 'OIBridge.OrbitGeometryIsometries.transpose_descends' depends on axioms: [propext, Classical.choice, Quot.sound]
2026-09-26T10:27:37.1941946Z info: OIBridge/OrbitGeometryIsometries.lean:1241:0: 'OIBridge.OrbitGeometryIsometries.transpose_isometry' depends on axioms: [propext, Classical.choice, Quot.sound]
2026-09-26T10:27:37.1942806Z info: OIBridge/OrbitGeometryIsometries.lean:1242:0: 'OIBridge.OrbitGeometryIsometries.relabel2_dilation' depends on axioms: [propext, Classical.choice, Quot.sound]
2026-09-26T10:27:37.1943623Z info: OIBridge/OrbitGeometryIsometries.lean:1243:0: 'OIBridge.OrbitGeometryIsometries.conj_dilation' depends on axioms: [propext, Classical.choice, Quot.sound]
2026-09-26T10:27:37.1944438Z info: OIBridge/OrbitGeometryIsometries.lean:1244:0: 'OIBridge.OrbitGeometryIsometries.conj_relabel2' depends on axioms: [propext, Classical.choice, Quot.sound]
2026-09-26T10:27:37.1945289Z info: OIBridge/OrbitGeometryIsometries.lean:1245:0: 'OIBridge.OrbitGeometryIsometries.relabel2_relabel2' depends on axioms: [propext, Classical.choice, Quot.sound]
2026-09-26T10:27:37.1946288Z info: OIBridge/OrbitGeometryIsometries.lean:1246:0: 'OIBridge.OrbitGeometryIsometries.iso1_word_normal_form' depends on axioms: [propext, Classical.choice, Quot.sound]
2026-09-26T10:27:37.1947107Z info: OIBridge/OrbitGeometryIsometries.lean:1247:0: 'OIBridge.OrbitGeometryIsometries.iso1_family_acts' depends on axioms: [propext, Classical.choice, Quot.sound]
2026-09-26T10:27:37.1948156Z info: OIBridge/OrbitGeometryIsometries.lean:1248:0: 'OIBridge.OrbitGeometryIsometries.iso1_single_carrier' depends on axioms: [propext, Classical.choice, Quot.sound]
2026-09-26T10:27:37.1949001Z info: OIBridge/OrbitGeometryIsometries.lean:1249:0: 'OIBridge.OrbitGeometryIsometries.iso1_product_carrier' depends on axioms: [propext, Classical.choice, Quot.sound]
2026-09-26T10:27:37.1949782Z info: OIBridge/OrbitGeometryIsometries.lean:1250:0: 'OIBridge.OrbitGeometryIsometries.row_forms' depends on axioms: [propext, Classical.choice, Quot.sound]
2026-09-26T10:27:37.1950593Z info: OIBridge/OrbitGeometryIsometries.lean:1251:0: 'OIBridge.OrbitGeometryIsometries.core_row_norm' depends on axioms: [propext, Classical.choice, Quot.sound]
2026-09-26T10:27:37.1951536Z info: OIBridge/OrbitGeometryIsometries.lean:1252:0: 'OIBridge.OrbitGeometryIsometries.perm_of_rows' depends on axioms: [propext, Classical.choice, Quot.sound]
2026-09-26T10:27:37.1952351Z info: OIBridge/OrbitGeometryIsometries.lean:1253:0: 'OIBridge.OrbitGeometryIsometries.rows_injective' depends on axioms: [propext, Classical.choice, Quot.sound]
2026-09-26T10:27:37.1953175Z info: OIBridge/OrbitGeometryIsometries.lean:1254:0: 'OIBridge.OrbitGeometryIsometries.core_nonreal' depends on axioms: [propext, Classical.choice, Quot.sound]
2026-09-26T10:27:37.1953961Z info: OIBridge/OrbitGeometryIsometries.lean:1255:0: 'OIBridge.OrbitGeometryIsometries.core_real' depends on axioms: [propext, Classical.choice, Quot.sound]
2026-09-26T10:27:37.1954826Z info: OIBridge/OrbitGeometryIsometries.lean:1256:0: 'OIBridge.OrbitGeometryIsometries.classify_dephased' depends on axioms: [propext, Classical.choice, Quot.sound]
2026-09-26T10:27:37.1955654Z info: OIBridge/OrbitGeometryIsometries.lean:1257:0: 'OIBridge.OrbitGeometryIsometries.iso2_classes_single' depends on axioms: [propext, Classical.choice, Quot.sound]
2026-09-26T10:27:37.1956691Z info: OIBridge/OrbitGeometryIsometries.lean:1258:0: 'OIBridge.OrbitGeometryIsometries.fourier_entry_uniform' depends on axioms: [propext, Classical.choice, Quot.sound]
2026-09-26T10:27:37.1957573Z info: OIBridge/OrbitGeometryIsometries.lean:1259:0: 'OIBridge.OrbitGeometryIsometries.fourier_coord_uniform' depends on axioms: [propext, Classical.choice, Quot.sound]
2026-09-26T10:27:37.1958418Z info: OIBridge/OrbitGeometryIsometries.lean:1260:0: 'OIBridge.OrbitGeometryIsometries.fourier_coord_diff_norm' depends on axioms: [propext, Classical.choice, Quot.sound]
2026-09-26T10:27:37.1959281Z info: OIBridge/OrbitGeometryIsometries.lean:1261:0: 'OIBridge.OrbitGeometryIsometries.fourier_circle_metric' depends on axioms: [propext, Classical.choice, Quot.sound]
2026-09-26T10:27:37.1959614Z ℹ [3589/3600] Replayed OIBridge.OrbitGeometryRigidity
2026-09-26T10:27:37.1960430Z info: OIBridge/OrbitGeometryRigidity.lean:2329:0: 'OIBridge.OrbitGeometryRigidity.featureVec_ofLp' depends on axioms: [propext, Classical.choice, Quot.sound]
2026-09-26T10:27:37.1961225Z info: OIBridge/OrbitGeometryRigidity.lean:2330:0: 'OIBridge.OrbitGeometryRigidity.dist_featureVec' depends on axioms: [propext, Classical.choice, Quot.sound]
2026-09-26T10:27:37.1962045Z info: OIBridge/OrbitGeometryRigidity.lean:2331:0: 'OIBridge.OrbitGeometryRigidity.featureVec_gauge' depends on axioms: [propext, Classical.choice, Quot.sound]
2026-09-26T10:27:37.1962794Z info: OIBridge/OrbitGeometryRigidity.lean:2332:0: 'OIBridge.OrbitGeometryRigidity.gramPhaseEquiv_of_featureVec_eq' depends on axioms: [propext,
2026-09-26T10:27:37.1962940Z  Classical.choice,
2026-09-26T10:27:37.1963073Z  Quot.sound]
2026-09-26T10:27:37.1963936Z info: OIBridge/OrbitGeometryRigidity.lean:2333:0: 'OIBridge.OrbitGeometryRigidity.featureVec_mem_normalizedSet' depends on axioms: [propext, Classical.choice, Quot.sound]
2026-09-26T10:27:37.1964716Z info: OIBridge/OrbitGeometryRigidity.lean:2334:0: 'OIBridge.OrbitGeometryRigidity.relabelled_fourier_mem_normalizedSet' depends on axioms: [propext,
2026-09-26T10:27:37.1964861Z  Classical.choice,
2026-09-26T10:27:37.1964984Z  Quot.sound]
2026-09-26T10:27:37.1966193Z info: OIBridge/OrbitGeometryRigidity.lean:2335:0: 'OIBridge.OrbitGeometryRigidity.normalizedSet_eq_iUnion' depends on axioms: [propext, Classical.choice, Quot.sound]
2026-09-26T10:27:37.1967023Z info: OIBridge/OrbitGeometryRigidity.lean:2336:0: 'OIBridge.OrbitGeometryRigidity.featureVec_image_eq' depends on axioms: [propext, Classical.choice, Quot.sound]
2026-09-26T10:27:37.1967859Z info: OIBridge/OrbitGeometryRigidity.lean:2337:0: 'OIBridge.OrbitGeometryRigidity.bridge_of_tuple_isometry' depends on axioms: [propext, Classical.choice, Quot.sound]
2026-09-26T10:27:37.1968708Z info: OIBridge/OrbitGeometryRigidity.lean:2338:0: 'OIBridge.OrbitGeometryRigidity.tuple_isometry_of_bridge' depends on axioms: [propext, Classical.choice, Quot.sound]
2026-09-26T10:27:37.1969728Z info: OIBridge/OrbitGeometryRigidity.lean:2339:0: 'OIBridge.OrbitGeometryRigidity.inner_sub_eq_of_dist_eq' depends on axioms: [propext, Classical.choice, Quot.sound]
2026-09-26T10:27:37.1970515Z info: OIBridge/OrbitGeometryRigidity.lean:2340:0: 'OIBridge.OrbitGeometryRigidity.exists_linearIsometryEquiv_of_inner_eq' depends on axioms: [propext,
2026-09-26T10:27:37.1970659Z  Classical.choice,
2026-09-26T10:27:37.1970787Z  Quot.sound]
2026-09-26T10:27:37.1971570Z info: OIBridge/OrbitGeometryRigidity.lean:2341:0: 'OIBridge.OrbitGeometryRigidity.exists_affineIsometryEquiv_of_dist_eq' depends on axioms: [propext,
2026-09-26T10:27:37.1971704Z  Classical.choice,
2026-09-26T10:27:37.1971832Z  Quot.sound]
2026-09-26T10:27:37.1972682Z info: OIBridge/OrbitGeometryRigidity.lean:2342:0: 'OIBridge.OrbitGeometryRigidity.eqOn_affineSpan_of_agree' depends on axioms: [propext, Classical.choice, Quot.sound]
2026-09-26T10:27:37.1973513Z info: OIBridge/OrbitGeometryRigidity.lean:2343:0: 'OIBridge.OrbitGeometryRigidity.exists_affineIsometryEquiv_of_isSurjIsometryOn' depends on axioms: [propext,
2026-09-26T10:27:37.1973649Z  Classical.choice,
2026-09-26T10:27:37.1973780Z  Quot.sound]
2026-09-26T10:27:37.1974605Z info: OIBridge/OrbitGeometryRigidity.lean:2344:0: 'OIBridge.OrbitGeometryRigidity.a26_0_affine_extension' depends on axioms: [propext, Classical.choice, Quot.sound]
2026-09-26T10:27:37.1975428Z info: OIBridge/OrbitGeometryRigidity.lean:2345:0: 'OIBridge.OrbitGeometryRigidity.fourier_coord_002' depends on axioms: [propext, Classical.choice, Quot.sound]
2026-09-26T10:27:37.1976409Z info: OIBridge/OrbitGeometryRigidity.lean:2346:0: 'OIBridge.OrbitGeometryRigidity.relabelled_coord_002' depends on axioms: [propext, Classical.choice, Quot.sound]
2026-09-26T10:27:37.1977242Z info: OIBridge/OrbitGeometryRigidity.lean:2347:0: 'OIBridge.OrbitGeometryRigidity.a26_1_circle_census' depends on axioms: [propext, Classical.choice, Quot.sound]
2026-09-26T10:27:37.1978077Z info: OIBridge/OrbitGeometryRigidity.lean:2348:0: 'OIBridge.OrbitGeometryRigidity.circle_coincide_trans' depends on axioms: [propext, Classical.choice, Quot.sound]
2026-09-26T10:27:37.1978864Z info: OIBridge/OrbitGeometryRigidity.lean:2349:0: 'OIBridge.OrbitGeometryRigidity.stab_row_swap13' depends on axioms: [propext, Classical.choice, Quot.sound]
2026-09-26T10:27:37.1979659Z info: OIBridge/OrbitGeometryRigidity.lean:2350:0: 'OIBridge.OrbitGeometryRigidity.stab_col_swap13' depends on axioms: [propext, Classical.choice, Quot.sound]
2026-09-26T10:27:37.1980430Z info: OIBridge/OrbitGeometryRigidity.lean:2351:0: 'OIBridge.OrbitGeometryRigidity.stab_row_double' depends on axioms: [propext, Classical.choice, Quot.sound]
2026-09-26T10:27:37.1981220Z info: OIBridge/OrbitGeometryRigidity.lean:2352:0: 'OIBridge.OrbitGeometryRigidity.stab_col_double' depends on axioms: [propext, Classical.choice, Quot.sound]
2026-09-26T10:27:37.1981990Z info: OIBridge/OrbitGeometryRigidity.lean:2353:0: 'OIBridge.OrbitGeometryRigidity.perm_decomp' depends on axioms: [propext, Classical.choice, Quot.sound]
2026-09-26T10:27:37.1982768Z info: OIBridge/OrbitGeometryRigidity.lean:2354:0: 'OIBridge.OrbitGeometryRigidity.core_const_0' depends on axioms: [propext, Classical.choice, Quot.sound]
2026-09-26T10:27:37.1983746Z info: OIBridge/OrbitGeometryRigidity.lean:2355:0: 'OIBridge.OrbitGeometryRigidity.core_const_1' depends on axioms: [propext, Classical.choice, Quot.sound]
2026-09-26T10:27:37.1984502Z info: OIBridge/OrbitGeometryRigidity.lean:2356:0: 'OIBridge.OrbitGeometryRigidity.core_const_2' depends on axioms: [propext, Classical.choice, Quot.sound]
2026-09-26T10:27:37.1985276Z info: OIBridge/OrbitGeometryRigidity.lean:2357:0: 'OIBridge.OrbitGeometryRigidity.core_const_3' depends on axioms: [propext, Classical.choice, Quot.sound]
2026-09-26T10:27:37.1986546Z info: OIBridge/OrbitGeometryRigidity.lean:2358:0: 'OIBridge.OrbitGeometryRigidity.core_const_4' depends on axioms: [propext, Classical.choice, Quot.sound]
2026-09-26T10:27:37.1987127Z info: OIBridge/OrbitGeometryRigidity.lean:2359:0: 'OIBridge.OrbitGeometryRigidity.core_const_5' depends on axioms: [propext, Classical.choice, Quot.sound]
2026-09-26T10:27:37.1987868Z info: OIBridge/OrbitGeometryRigidity.lean:2360:0: 'OIBridge.OrbitGeometryRigidity.core_const_6' depends on axioms: [propext, Classical.choice, Quot.sound]
2026-09-26T10:27:37.1988348Z info: OIBridge/OrbitGeometryRigidity.lean:2361:0: 'OIBridge.OrbitGeometryRigidity.core_const_7' depends on axioms: [propext, Classical.choice, Quot.sound]
2026-09-26T10:27:37.1988810Z info: OIBridge/OrbitGeometryRigidity.lean:2362:0: 'OIBridge.OrbitGeometryRigidity.core_const_8' depends on axioms: [propext, Classical.choice, Quot.sound]
2026-09-26T10:27:37.1989276Z info: OIBridge/OrbitGeometryRigidity.lean:2363:0: 'OIBridge.OrbitGeometryRigidity.core_const_9' depends on axioms: [propext, Classical.choice, Quot.sound]
2026-09-26T10:27:37.1989746Z info: OIBridge/OrbitGeometryRigidity.lean:2364:0: 'OIBridge.OrbitGeometryRigidity.core_const_10' depends on axioms: [propext, Classical.choice, Quot.sound]
2026-09-26T10:27:37.1990202Z info: OIBridge/OrbitGeometryRigidity.lean:2365:0: 'OIBridge.OrbitGeometryRigidity.core_const_11' depends on axioms: [propext, Classical.choice, Quot.sound]
2026-09-26T10:27:37.1990674Z info: OIBridge/OrbitGeometryRigidity.lean:2366:0: 'OIBridge.OrbitGeometryRigidity.core_const_12' depends on axioms: [propext, Classical.choice, Quot.sound]
2026-09-26T10:27:37.1991131Z info: OIBridge/OrbitGeometryRigidity.lean:2367:0: 'OIBridge.OrbitGeometryRigidity.core_const_13' depends on axioms: [propext, Classical.choice, Quot.sound]
2026-09-26T10:27:37.1991575Z info: OIBridge/OrbitGeometryRigidity.lean:2368:0: 'OIBridge.OrbitGeometryRigidity.core_const_14' depends on axioms: [propext, Classical.choice, Quot.sound]
2026-09-26T10:27:37.1992022Z info: OIBridge/OrbitGeometryRigidity.lean:2369:0: 'OIBridge.OrbitGeometryRigidity.core_const_15' depends on axioms: [propext, Classical.choice, Quot.sound]
2026-09-26T10:27:37.1992470Z info: OIBridge/OrbitGeometryRigidity.lean:2370:0: 'OIBridge.OrbitGeometryRigidity.core_const_16' depends on axioms: [propext, Classical.choice, Quot.sound]
2026-09-26T10:27:37.1992916Z info: OIBridge/OrbitGeometryRigidity.lean:2371:0: 'OIBridge.OrbitGeometryRigidity.core_const_17' depends on axioms: [propext, Classical.choice, Quot.sound]
2026-09-26T10:27:37.1993369Z info: OIBridge/OrbitGeometryRigidity.lean:2372:0: 'OIBridge.OrbitGeometryRigidity.core_const_18' depends on axioms: [propext, Classical.choice, Quot.sound]
2026-09-26T10:27:37.1993823Z info: OIBridge/OrbitGeometryRigidity.lean:2373:0: 'OIBridge.OrbitGeometryRigidity.core_val_0' depends on axioms: [propext, Classical.choice, Quot.sound]
2026-09-26T10:27:37.1994267Z info: OIBridge/OrbitGeometryRigidity.lean:2374:0: 'OIBridge.OrbitGeometryRigidity.core_val_1' depends on axioms: [propext, Classical.choice, Quot.sound]
2026-09-26T10:27:37.1994703Z info: OIBridge/OrbitGeometryRigidity.lean:2375:0: 'OIBridge.OrbitGeometryRigidity.core_val_2' depends on axioms: [propext, Classical.choice, Quot.sound]
2026-09-26T10:27:37.1995143Z info: OIBridge/OrbitGeometryRigidity.lean:2376:0: 'OIBridge.OrbitGeometryRigidity.core_val_3' depends on axioms: [propext, Classical.choice, Quot.sound]
2026-09-26T10:27:37.1995584Z info: OIBridge/OrbitGeometryRigidity.lean:2377:0: 'OIBridge.OrbitGeometryRigidity.core_val_4' depends on axioms: [propext, Classical.choice, Quot.sound]
2026-09-26T10:27:37.1996451Z info: OIBridge/OrbitGeometryRigidity.lean:2378:0: 'OIBridge.OrbitGeometryRigidity.core_val_5' depends on axioms: [propext, Classical.choice, Quot.sound]
2026-09-26T10:27:37.1996950Z info: OIBridge/OrbitGeometryRigidity.lean:2379:0: 'OIBridge.OrbitGeometryRigidity.core_val_6' depends on axioms: [propext, Classical.choice, Quot.sound]
2026-09-26T10:27:37.1997401Z info: OIBridge/OrbitGeometryRigidity.lean:2380:0: 'OIBridge.OrbitGeometryRigidity.core_val_7' depends on axioms: [propext, Classical.choice, Quot.sound]
2026-09-26T10:27:37.1997836Z info: OIBridge/OrbitGeometryRigidity.lean:2381:0: 'OIBridge.OrbitGeometryRigidity.core_val_8' depends on axioms: [propext, Classical.choice, Quot.sound]
2026-09-26T10:27:37.1998414Z info: OIBridge/OrbitGeometryRigidity.lean:2382:0: 'OIBridge.OrbitGeometryRigidity.core_val_9' depends on axioms: [propext, Classical.choice, Quot.sound]
2026-09-26T10:27:37.1998903Z info: OIBridge/OrbitGeometryRigidity.lean:2383:0: 'OIBridge.OrbitGeometryRigidity.core_val_10' depends on axioms: [propext, Classical.choice, Quot.sound]
2026-09-26T10:27:37.1999351Z info: OIBridge/OrbitGeometryRigidity.lean:2384:0: 'OIBridge.OrbitGeometryRigidity.core_val_11' depends on axioms: [propext, Classical.choice, Quot.sound]
2026-09-26T10:27:37.1999808Z info: OIBridge/OrbitGeometryRigidity.lean:2385:0: 'OIBridge.OrbitGeometryRigidity.core_val_12' depends on axioms: [propext, Classical.choice, Quot.sound]
2026-09-26T10:27:37.2000257Z info: OIBridge/OrbitGeometryRigidity.lean:2386:0: 'OIBridge.OrbitGeometryRigidity.core_val_13' depends on axioms: [propext, Classical.choice, Quot.sound]
2026-09-26T10:27:37.2000694Z info: OIBridge/OrbitGeometryRigidity.lean:2387:0: 'OIBridge.OrbitGeometryRigidity.core_val_14' depends on axioms: [propext, Classical.choice, Quot.sound]
2026-09-26T10:27:37.2001167Z info: OIBridge/OrbitGeometryRigidity.lean:2388:0: 'OIBridge.OrbitGeometryRigidity.core_val_15' depends on axioms: [propext, Classical.choice, Quot.sound]
2026-09-26T10:27:37.2001616Z info: OIBridge/OrbitGeometryRigidity.lean:2389:0: 'OIBridge.OrbitGeometryRigidity.core_val_16' depends on axioms: [propext, Classical.choice, Quot.sound]
2026-09-26T10:27:37.2002056Z info: OIBridge/OrbitGeometryRigidity.lean:2390:0: 'OIBridge.OrbitGeometryRigidity.core_val_17' depends on axioms: [propext, Classical.choice, Quot.sound]
2026-09-26T10:27:37.2002492Z info: OIBridge/OrbitGeometryRigidity.lean:2391:0: 'OIBridge.OrbitGeometryRigidity.core_val_18' depends on axioms: [propext, Classical.choice, Quot.sound]
2026-09-26T10:27:37.2002933Z info: OIBridge/OrbitGeometryRigidity.lean:2392:0: 'OIBridge.OrbitGeometryRigidity.core_val_19' depends on axioms: [propext, Classical.choice, Quot.sound]
2026-09-26T10:27:37.2003378Z info: OIBridge/OrbitGeometryRigidity.lean:2393:0: 'OIBridge.OrbitGeometryRigidity.core_val_20' depends on axioms: [propext, Classical.choice, Quot.sound]
2026-09-26T10:27:37.2003814Z info: OIBridge/OrbitGeometryRigidity.lean:2394:0: 'OIBridge.OrbitGeometryRigidity.core_val_21' depends on axioms: [propext, Classical.choice, Quot.sound]
2026-09-26T10:27:37.2004263Z info: OIBridge/OrbitGeometryRigidity.lean:2395:0: 'OIBridge.OrbitGeometryRigidity.core_val_22' depends on axioms: [propext, Classical.choice, Quot.sound]
2026-09-26T10:27:37.2004704Z info: OIBridge/OrbitGeometryRigidity.lean:2396:0: 'OIBridge.OrbitGeometryRigidity.core_val_23' depends on axioms: [propext, Classical.choice, Quot.sound]
2026-09-26T10:27:37.2005142Z info: OIBridge/OrbitGeometryRigidity.lean:2397:0: 'OIBridge.OrbitGeometryRigidity.core_val_24' depends on axioms: [propext, Classical.choice, Quot.sound]
2026-09-26T10:27:37.2005580Z info: OIBridge/OrbitGeometryRigidity.lean:2398:0: 'OIBridge.OrbitGeometryRigidity.core_val_25' depends on axioms: [propext, Classical.choice, Quot.sound]
2026-09-26T10:27:37.2006292Z info: OIBridge/OrbitGeometryRigidity.lean:2399:0: 'OIBridge.OrbitGeometryRigidity.core_val_26' depends on axioms: [propext, Classical.choice, Quot.sound]
2026-09-26T10:27:37.2006868Z info: OIBridge/OrbitGeometryRigidity.lean:2400:0: 'OIBridge.OrbitGeometryRigidity.core_val_27' depends on axioms: [propext, Classical.choice, Quot.sound]
2026-09-26T10:27:37.2007316Z info: OIBridge/OrbitGeometryRigidity.lean:2401:0: 'OIBridge.OrbitGeometryRigidity.core_val_28' depends on axioms: [propext, Classical.choice, Quot.sound]
2026-09-26T10:27:37.2007766Z info: OIBridge/OrbitGeometryRigidity.lean:2402:0: 'OIBridge.OrbitGeometryRigidity.core_val_29' depends on axioms: [propext, Classical.choice, Quot.sound]
2026-09-26T10:27:37.2008216Z info: OIBridge/OrbitGeometryRigidity.lean:2403:0: 'OIBridge.OrbitGeometryRigidity.core_val_30' depends on axioms: [propext, Classical.choice, Quot.sound]
2026-09-26T10:27:37.2008653Z info: OIBridge/OrbitGeometryRigidity.lean:2404:0: 'OIBridge.OrbitGeometryRigidity.core_val_31' depends on axioms: [propext, Classical.choice, Quot.sound]
2026-09-26T10:27:37.2009214Z info: OIBridge/OrbitGeometryRigidity.lean:2405:0: 'OIBridge.OrbitGeometryRigidity.nc_0' depends on axioms: [propext, Classical.choice, Quot.sound]
2026-09-26T10:27:37.2009654Z info: OIBridge/OrbitGeometryRigidity.lean:2406:0: 'OIBridge.OrbitGeometryRigidity.nc_1' depends on axioms: [propext, Classical.choice, Quot.sound]
2026-09-26T10:27:37.2010073Z info: OIBridge/OrbitGeometryRigidity.lean:2407:0: 'OIBridge.OrbitGeometryRigidity.nc_2' depends on axioms: [propext, Classical.choice, Quot.sound]
2026-09-26T10:27:37.2010494Z info: OIBridge/OrbitGeometryRigidity.lean:2408:0: 'OIBridge.OrbitGeometryRigidity.nc_3' depends on axioms: [propext, Classical.choice, Quot.sound]
2026-09-26T10:27:37.2010911Z info: OIBridge/OrbitGeometryRigidity.lean:2409:0: 'OIBridge.OrbitGeometryRigidity.nc_4' depends on axioms: [propext, Classical.choice, Quot.sound]
2026-09-26T10:27:37.2011333Z info: OIBridge/OrbitGeometryRigidity.lean:2410:0: 'OIBridge.OrbitGeometryRigidity.nc_5' depends on axioms: [propext, Classical.choice, Quot.sound]
2026-09-26T10:27:37.2011774Z info: OIBridge/OrbitGeometryRigidity.lean:2411:0: 'OIBridge.OrbitGeometryRigidity.nc_6' depends on axioms: [propext, Classical.choice, Quot.sound]
2026-09-26T10:27:37.2012201Z info: OIBridge/OrbitGeometryRigidity.lean:2412:0: 'OIBridge.OrbitGeometryRigidity.nc_7' depends on axioms: [propext, Classical.choice, Quot.sound]
2026-09-26T10:27:37.2012614Z info: OIBridge/OrbitGeometryRigidity.lean:2413:0: 'OIBridge.OrbitGeometryRigidity.nc_8' depends on axioms: [propext, Classical.choice, Quot.sound]
2026-09-26T10:27:37.2013034Z info: OIBridge/OrbitGeometryRigidity.lean:2414:0: 'OIBridge.OrbitGeometryRigidity.nc_9' depends on axioms: [propext, Classical.choice, Quot.sound]
2026-09-26T10:27:37.2013470Z info: OIBridge/OrbitGeometryRigidity.lean:2415:0: 'OIBridge.OrbitGeometryRigidity.nc_10' depends on axioms: [propext, Classical.choice, Quot.sound]
2026-09-26T10:27:37.2013893Z info: OIBridge/OrbitGeometryRigidity.lean:2416:0: 'OIBridge.OrbitGeometryRigidity.nc_11' depends on axioms: [propext, Classical.choice, Quot.sound]
2026-09-26T10:27:37.2014321Z info: OIBridge/OrbitGeometryRigidity.lean:2417:0: 'OIBridge.OrbitGeometryRigidity.nc_12' depends on axioms: [propext, Classical.choice, Quot.sound]
2026-09-26T10:27:37.2014742Z info: OIBridge/OrbitGeometryRigidity.lean:2418:0: 'OIBridge.OrbitGeometryRigidity.nc_13' depends on axioms: [propext, Classical.choice, Quot.sound]
2026-09-26T10:27:37.2015165Z info: OIBridge/OrbitGeometryRigidity.lean:2419:0: 'OIBridge.OrbitGeometryRigidity.nc_14' depends on axioms: [propext, Classical.choice, Quot.sound]
2026-09-26T10:27:37.2015584Z info: OIBridge/OrbitGeometryRigidity.lean:2420:0: 'OIBridge.OrbitGeometryRigidity.nc_15' depends on axioms: [propext, Classical.choice, Quot.sound]
2026-09-26T10:27:37.2016148Z info: OIBridge/OrbitGeometryRigidity.lean:2421:0: 'OIBridge.OrbitGeometryRigidity.nc_16' depends on axioms: [propext, Classical.choice, Quot.sound]
2026-09-26T10:27:37.2016622Z info: OIBridge/OrbitGeometryRigidity.lean:2422:0: 'OIBridge.OrbitGeometryRigidity.nc_17' depends on axioms: [propext, Classical.choice, Quot.sound]
2026-09-26T10:27:37.2017189Z info: OIBridge/OrbitGeometryRigidity.lean:2423:0: 'OIBridge.OrbitGeometryRigidity.nc_18' depends on axioms: [propext, Classical.choice, Quot.sound]
2026-09-26T10:27:37.2017612Z info: OIBridge/OrbitGeometryRigidity.lean:2424:0: 'OIBridge.OrbitGeometryRigidity.nc_19' depends on axioms: [propext, Classical.choice, Quot.sound]
2026-09-26T10:27:37.2018034Z info: OIBridge/OrbitGeometryRigidity.lean:2425:0: 'OIBridge.OrbitGeometryRigidity.nc_20' depends on axioms: [propext, Classical.choice, Quot.sound]
2026-09-26T10:27:37.2018450Z info: OIBridge/OrbitGeometryRigidity.lean:2426:0: 'OIBridge.OrbitGeometryRigidity.nc_21' depends on axioms: [propext, Classical.choice, Quot.sound]
2026-09-26T10:27:37.2018875Z info: OIBridge/OrbitGeometryRigidity.lean:2427:0: 'OIBridge.OrbitGeometryRigidity.nc_22' depends on axioms: [propext, Classical.choice, Quot.sound]
2026-09-26T10:27:37.2019413Z info: OIBridge/OrbitGeometryRigidity.lean:2428:0: 'OIBridge.OrbitGeometryRigidity.nc_23' depends on axioms: [propext, Classical.choice, Quot.sound]
2026-09-26T10:27:37.2019837Z info: OIBridge/OrbitGeometryRigidity.lean:2429:0: 'OIBridge.OrbitGeometryRigidity.nc_24' depends on axioms: [propext, Classical.choice, Quot.sound]
2026-09-26T10:27:37.2020259Z info: OIBridge/OrbitGeometryRigidity.lean:2430:0: 'OIBridge.OrbitGeometryRigidity.nc_25' depends on axioms: [propext, Classical.choice, Quot.sound]
2026-09-26T10:27:37.2020681Z info: OIBridge/OrbitGeometryRigidity.lean:2431:0: 'OIBridge.OrbitGeometryRigidity.nc_26' depends on axioms: [propext, Classical.choice, Quot.sound]
2026-09-26T10:27:37.2021097Z info: OIBridge/OrbitGeometryRigidity.lean:2432:0: 'OIBridge.OrbitGeometryRigidity.nc_27' depends on axioms: [propext, Classical.choice, Quot.sound]
2026-09-26T10:27:37.2021523Z info: OIBridge/OrbitGeometryRigidity.lean:2433:0: 'OIBridge.OrbitGeometryRigidity.nc_28' depends on axioms: [propext, Classical.choice, Quot.sound]
2026-09-26T10:27:37.2021946Z info: OIBridge/OrbitGeometryRigidity.lean:2434:0: 'OIBridge.OrbitGeometryRigidity.nc_29' depends on axioms: [propext, Classical.choice, Quot.sound]
2026-09-26T10:27:37.2022368Z info: OIBridge/OrbitGeometryRigidity.lean:2435:0: 'OIBridge.OrbitGeometryRigidity.nc_30' depends on axioms: [propext, Classical.choice, Quot.sound]
2026-09-26T10:27:37.2022790Z info: OIBridge/OrbitGeometryRigidity.lean:2436:0: 'OIBridge.OrbitGeometryRigidity.nc_31' depends on axioms: [propext, Classical.choice, Quot.sound]
2026-09-26T10:27:37.2023224Z info: OIBridge/OrbitGeometryRigidity.lean:2437:0: 'OIBridge.OrbitGeometryRigidity.nc_32' depends on axioms: [propext, Classical.choice, Quot.sound]
2026-09-26T10:27:37.2023655Z info: OIBridge/OrbitGeometryRigidity.lean:2438:0: 'OIBridge.OrbitGeometryRigidity.nc_33' depends on axioms: [propext, Classical.choice, Quot.sound]
2026-09-26T10:27:37.2024098Z info: OIBridge/OrbitGeometryRigidity.lean:2439:0: 'OIBridge.OrbitGeometryRigidity.nc_34' depends on axioms: [propext, Classical.choice, Quot.sound]
2026-09-26T10:27:37.2024524Z info: OIBridge/OrbitGeometryRigidity.lean:2440:0: 'OIBridge.OrbitGeometryRigidity.nc_35' depends on axioms: [propext, Classical.choice, Quot.sound]
2026-09-26T10:27:37.2024948Z info: OIBridge/OrbitGeometryRigidity.lean:2441:0: 'OIBridge.OrbitGeometryRigidity.nc_36' depends on axioms: [propext, Classical.choice, Quot.sound]
2026-09-26T10:27:37.2025364Z info: OIBridge/OrbitGeometryRigidity.lean:2442:0: 'OIBridge.OrbitGeometryRigidity.nc_37' depends on axioms: [propext, Classical.choice, Quot.sound]
2026-09-26T10:27:37.2025893Z info: OIBridge/OrbitGeometryRigidity.lean:2443:0: 'OIBridge.OrbitGeometryRigidity.nc_38' depends on axioms: [propext, Classical.choice, Quot.sound]
2026-09-26T10:27:37.2026319Z info: OIBridge/OrbitGeometryRigidity.lean:2444:0: 'OIBridge.OrbitGeometryRigidity.nc_39' depends on axioms: [propext, Classical.choice, Quot.sound]
2026-09-26T10:27:37.2026739Z info: OIBridge/OrbitGeometryRigidity.lean:2445:0: 'OIBridge.OrbitGeometryRigidity.nc_40' depends on axioms: [propext, Classical.choice, Quot.sound]
2026-09-26T10:27:37.2027288Z info: OIBridge/OrbitGeometryRigidity.lean:2446:0: 'OIBridge.OrbitGeometryRigidity.nc_41' depends on axioms: [propext, Classical.choice, Quot.sound]
2026-09-26T10:27:37.2027712Z info: OIBridge/OrbitGeometryRigidity.lean:2447:0: 'OIBridge.OrbitGeometryRigidity.nc_42' depends on axioms: [propext, Classical.choice, Quot.sound]
2026-09-26T10:27:37.2028129Z info: OIBridge/OrbitGeometryRigidity.lean:2448:0: 'OIBridge.OrbitGeometryRigidity.nc_43' depends on axioms: [propext, Classical.choice, Quot.sound]
2026-09-26T10:27:37.2028553Z info: OIBridge/OrbitGeometryRigidity.lean:2449:0: 'OIBridge.OrbitGeometryRigidity.nc_44' depends on axioms: [propext, Classical.choice, Quot.sound]
2026-09-26T10:27:37.2028973Z info: OIBridge/OrbitGeometryRigidity.lean:2450:0: 'OIBridge.OrbitGeometryRigidity.nc_45' depends on axioms: [propext, Classical.choice, Quot.sound]
2026-09-26T10:27:37.2029506Z info: OIBridge/OrbitGeometryRigidity.lean:2451:0: 'OIBridge.OrbitGeometryRigidity.nc_46' depends on axioms: [propext, Classical.choice, Quot.sound]
2026-09-26T10:27:37.2029932Z info: OIBridge/OrbitGeometryRigidity.lean:2452:0: 'OIBridge.OrbitGeometryRigidity.nc_47' depends on axioms: [propext, Classical.choice, Quot.sound]
2026-09-26T10:27:37.2030351Z info: OIBridge/OrbitGeometryRigidity.lean:2453:0: 'OIBridge.OrbitGeometryRigidity.nc_48' depends on axioms: [propext, Classical.choice, Quot.sound]
2026-09-26T10:27:37.2030774Z info: OIBridge/OrbitGeometryRigidity.lean:2454:0: 'OIBridge.OrbitGeometryRigidity.nc_49' depends on axioms: [propext, Classical.choice, Quot.sound]
2026-09-26T10:27:37.2031191Z info: OIBridge/OrbitGeometryRigidity.lean:2455:0: 'OIBridge.OrbitGeometryRigidity.nc_50' depends on axioms: [propext, Classical.choice, Quot.sound]
2026-09-26T10:27:37.2031610Z info: OIBridge/OrbitGeometryRigidity.lean:2456:0: 'OIBridge.OrbitGeometryRigidity.nc_51' depends on axioms: [propext, Classical.choice, Quot.sound]
2026-09-26T10:27:37.2032035Z info: OIBridge/OrbitGeometryRigidity.lean:2457:0: 'OIBridge.OrbitGeometryRigidity.nc_52' depends on axioms: [propext, Classical.choice, Quot.sound]
2026-09-26T10:27:37.2032664Z info: OIBridge/OrbitGeometryRigidity.lean:2458:0: 'OIBridge.OrbitGeometryRigidity.nc_53' depends on axioms: [propext, Classical.choice, Quot.sound]
2026-09-26T10:27:37.2033245Z info: OIBridge/OrbitGeometryRigidity.lean:2459:0: 'OIBridge.OrbitGeometryRigidity.nc_54' depends on axioms: [propext, Classical.choice, Quot.sound]
2026-09-26T10:27:37.2033866Z info: OIBridge/OrbitGeometryRigidity.lean:2460:0: 'OIBridge.OrbitGeometryRigidity.nc_55' depends on axioms: [propext, Classical.choice, Quot.sound]
2026-09-26T10:27:37.2034503Z info: OIBridge/OrbitGeometryRigidity.lean:2461:0: 'OIBridge.OrbitGeometryRigidity.nc_56' depends on axioms: [propext, Classical.choice, Quot.sound]
2026-09-26T10:27:37.2035121Z info: OIBridge/OrbitGeometryRigidity.lean:2462:0: 'OIBridge.OrbitGeometryRigidity.nc_57' depends on axioms: [propext, Classical.choice, Quot.sound]
2026-09-26T10:27:37.2035740Z info: OIBridge/OrbitGeometryRigidity.lean:2463:0: 'OIBridge.OrbitGeometryRigidity.nc_58' depends on axioms: [propext, Classical.choice, Quot.sound]
2026-09-26T10:27:37.2036571Z info: OIBridge/OrbitGeometryRigidity.lean:2464:0: 'OIBridge.OrbitGeometryRigidity.nc_59' depends on axioms: [propext, Classical.choice, Quot.sound]
2026-09-26T10:27:37.2037201Z info: OIBridge/OrbitGeometryRigidity.lean:2465:0: 'OIBridge.OrbitGeometryRigidity.nc_60' depends on axioms: [propext, Classical.choice, Quot.sound]
2026-09-26T10:27:37.2037857Z info: OIBridge/OrbitGeometryRigidity.lean:2466:0: 'OIBridge.OrbitGeometryRigidity.nc_61' depends on axioms: [propext, Classical.choice, Quot.sound]
2026-09-26T10:27:37.2038504Z info: OIBridge/OrbitGeometryRigidity.lean:2467:0: 'OIBridge.OrbitGeometryRigidity.nc_62' depends on axioms: [propext, Classical.choice, Quot.sound]
2026-09-26T10:27:37.2039184Z info: OIBridge/OrbitGeometryRigidity.lean:2468:0: 'OIBridge.OrbitGeometryRigidity.nc_63' depends on axioms: [propext, Classical.choice, Quot.sound]
2026-09-26T10:27:37.2040117Z info: OIBridge/OrbitGeometryRigidity.lean:2469:0: 'OIBridge.OrbitGeometryRigidity.nc_64' depends on axioms: [propext, Classical.choice, Quot.sound]
2026-09-26T10:27:37.2040825Z info: OIBridge/OrbitGeometryRigidity.lean:2470:0: 'OIBridge.OrbitGeometryRigidity.nc_65' depends on axioms: [propext, Classical.choice, Quot.sound]
2026-09-26T10:27:37.2041532Z info: OIBridge/OrbitGeometryRigidity.lean:2471:0: 'OIBridge.OrbitGeometryRigidity.nc_66' depends on axioms: [propext, Classical.choice, Quot.sound]
2026-09-26T10:27:37.2042261Z info: OIBridge/OrbitGeometryRigidity.lean:2472:0: 'OIBridge.OrbitGeometryRigidity.nc_67' depends on axioms: [propext, Classical.choice, Quot.sound]
2026-09-26T10:27:37.2042964Z info: OIBridge/OrbitGeometryRigidity.lean:2473:0: 'OIBridge.OrbitGeometryRigidity.nc_68' depends on axioms: [propext, Classical.choice, Quot.sound]
2026-09-26T10:27:37.2043891Z info: OIBridge/OrbitGeometryRigidity.lean:2474:0: 'OIBridge.OrbitGeometryRigidity.nc_69' depends on axioms: [propext, Classical.choice, Quot.sound]
2026-09-26T10:27:37.2044621Z info: OIBridge/OrbitGeometryRigidity.lean:2475:0: 'OIBridge.OrbitGeometryRigidity.nc_70' depends on axioms: [propext, Classical.choice, Quot.sound]
2026-09-26T10:27:37.2045359Z info: OIBridge/OrbitGeometryRigidity.lean:2476:0: 'OIBridge.OrbitGeometryRigidity.nc_71' depends on axioms: [propext, Classical.choice, Quot.sound]
2026-09-26T10:27:37.2046394Z info: OIBridge/OrbitGeometryRigidity.lean:2477:0: 'OIBridge.OrbitGeometryRigidity.pred_row_swap13' depends on axioms: [propext, Classical.choice, Quot.sound]
2026-09-26T10:27:37.2047209Z info: OIBridge/OrbitGeometryRigidity.lean:2478:0: 'OIBridge.OrbitGeometryRigidity.pred_col_swap13' depends on axioms: [propext, Classical.choice, Quot.sound]
2026-09-26T10:27:37.2048024Z info: OIBridge/OrbitGeometryRigidity.lean:2479:0: 'OIBridge.OrbitGeometryRigidity.pred_row_double' depends on axioms: [propext, Classical.choice, Quot.sound]
2026-09-26T10:27:37.2048805Z info: OIBridge/OrbitGeometryRigidity.lean:2480:0: 'OIBridge.OrbitGeometryRigidity.pred_col_double' depends on axioms: [propext, Classical.choice, Quot.sound]
2026-09-26T10:27:37.2049516Z info: OIBridge/OrbitGeometryRigidity.lean:2481:0: 'OIBridge.OrbitGeometryRigidity.pred_one' depends on axioms: [propext, Classical.choice, Quot.sound]
2026-09-26T10:27:37.2050260Z info: OIBridge/OrbitGeometryRigidity.lean:2482:0: 'OIBridge.OrbitGeometryRigidity.pred_row' depends on axioms: [propext, Classical.choice, Quot.sound]
2026-09-26T10:27:37.2051010Z info: OIBridge/OrbitGeometryRigidity.lean:2483:0: 'OIBridge.OrbitGeometryRigidity.pred_col' depends on axioms: [propext, Classical.choice, Quot.sound]
2026-09-26T10:27:37.2051777Z info: OIBridge/OrbitGeometryRigidity.lean:2484:0: 'OIBridge.OrbitGeometryRigidity.pred_stab' depends on axioms: [propext, Classical.choice, Quot.sound]
2026-09-26T10:27:37.2052564Z info: OIBridge/OrbitGeometryRigidity.lean:2485:0: 'OIBridge.OrbitGeometryRigidity.a26_1_circle_count' depends on axioms: [propext, Classical.choice, Quot.sound]
2026-09-26T10:27:37.2053292Z info: OIBridge/OrbitGeometryRigidity.lean:2486:0: 'OIBridge.OrbitGeometryRigidity.rigid_motion_of_tuple_isometry' depends on axioms: [propext,
2026-09-26T10:27:37.2053435Z  Classical.choice,
2026-09-26T10:27:37.2053578Z  Quot.sound]
2026-09-26T10:27:37.2053939Z ℹ [3590/3600] Replayed OIBridge.StrictNaturalLift
2026-09-26T10:27:37.2054770Z info: OIBridge/StrictNaturalLift.lean:293:0: 'OIBridge.StrictNaturalLift.a27_shared_fibreGram_entry' depends on axioms: [propext, Classical.choice, Quot.sound]
2026-09-26T10:27:37.2055580Z info: OIBridge/StrictNaturalLift.lean:294:0: 'OIBridge.StrictNaturalLift.a27_shared_weak_diagonal' depends on axioms: [propext, Classical.choice, Quot.sound]
2026-09-26T10:27:37.2056568Z info: OIBridge/StrictNaturalLift.lean:295:0: 'OIBridge.StrictNaturalLift.a27_shared_weak_one' depends on axioms: [propext, Classical.choice, Quot.sound]
2026-09-26T10:27:37.2057372Z info: OIBridge/StrictNaturalLift.lean:296:0: 'OIBridge.StrictNaturalLift.a27_shared_left_diagonal' depends on axioms: [propext, Classical.choice, Quot.sound]
2026-09-26T10:27:37.2058422Z info: OIBridge/StrictNaturalLift.lean:297:0: 'OIBridge.StrictNaturalLift.a27_shared_weak_shape' depends on axioms: [propext, Classical.choice, Quot.sound]
2026-09-26T10:27:37.2059211Z info: OIBridge/StrictNaturalLift.lean:298:0: 'OIBridge.StrictNaturalLift.a27_shared_left_shape' depends on axioms: [propext, Classical.choice, Quot.sound]
2026-09-26T10:27:37.2059901Z info: OIBridge/StrictNaturalLift.lean:299:0: 'OIBridge.StrictNaturalLift.a27_shared_left_mul' depends on axioms: [propext, Classical.choice, Quot.sound]
2026-09-26T10:27:37.2060612Z info: OIBridge/StrictNaturalLift.lean:300:0: 'OIBridge.StrictNaturalLift.a27_shared_left_star' depends on axioms: [propext, Classical.choice, Quot.sound]
2026-09-26T10:27:37.2061678Z info: OIBridge/StrictNaturalLift.lean:301:0: 'OIBridge.StrictNaturalLift.a27_shared_weak_star' depends on axioms: [propext, Classical.choice, Quot.sound]
2026-09-26T10:27:37.2062502Z info: OIBridge/StrictNaturalLift.lean:302:0: 'OIBridge.StrictNaturalLift.a27_shared_left_admissible_iff' depends on axioms: [propext, Classical.choice, Quot.sound]
2026-09-26T10:27:37.2063291Z info: OIBridge/StrictNaturalLift.lean:303:0: 'OIBridge.StrictNaturalLift.a27_shared_right_admissible_iff' depends on axioms: [propext, Classical.choice, Quot.sound]
2026-09-26T10:27:37.2064927Z info: OIBridge/StrictNaturalLift.lean:304:0: 'OIBridge.StrictNaturalLift.a27_shared_admissible_shape' depends on axioms: [propext, Classical.choice, Quot.sound]
2026-09-26T10:27:37.2066520Z info: OIBridge/StrictNaturalLift.lean:305:0: 'OIBridge.StrictNaturalLift.a27_shared_admissible_entry_ne_zero' depends on axioms: [propext,
2026-09-26T10:27:37.2067523Z  Classical.choice,
2026-09-26T10:27:37.2067866Z  Quot.sound]
2026-09-26T10:27:37.2068814Z info: OIBridge/StrictNaturalLift.lean:306:0: 'OIBridge.StrictNaturalLift.a27_shared_same_gram' depends on axioms: [propext, Classical.choice, Quot.sound]
2026-09-26T10:27:37.2070562Z info: OIBridge/StrictNaturalLift.lean:307:0: 'OIBridge.StrictNaturalLift.a27_shared_realizable_of_equiv' depends on axioms: [propext, Classical.choice, Quot.sound]
2026-09-26T10:27:37.2072307Z info: OIBridge/StrictNaturalLift.lean:308:0: 'OIBridge.StrictNaturalLift.a27_shared_phase_coeff_eq' depends on axioms: [propext, Classical.choice, Quot.sound]
2026-09-26T10:27:37.2074018Z info: OIBridge/StrictNaturalLift.lean:309:0: 'OIBridge.StrictNaturalLift.a27_shared_transport_eq' depends on axioms: [propext, Classical.choice, Quot.sound]
2026-09-26T10:27:37.2075695Z info: OIBridge/StrictNaturalLift.lean:310:0: 'OIBridge.StrictNaturalLift.a27_shared_torsor' depends on axioms: [propext, Classical.choice, Quot.sound]
2026-09-26T10:27:37.2077456Z info: OIBridge/StrictNaturalLift.lean:470:0: 'OIBridge.StrictNaturalLift.a27_0_strict_lift' depends on axioms: [propext, Classical.choice, Quot.sound]
2026-09-26T10:27:37.2078646Z info: OIBridge/StrictNaturalLift.lean:624:0: 'OIBridge.StrictNaturalLift.a27_h_relabel_lift' depends on axioms: [propext, Classical.choice, Quot.sound]
2026-09-26T10:27:37.2079642Z info: OIBridge/StrictNaturalLift.lean:625:0: 'OIBridge.StrictNaturalLift.a27_h_conj_lift' depends on axioms: [propext, Classical.choice, Quot.sound]
2026-09-26T10:27:37.2080631Z info: OIBridge/StrictNaturalLift.lean:626:0: 'OIBridge.StrictNaturalLift.a27_h_transpose_class' depends on axioms: [propext, Classical.choice, Quot.sound]
2026-09-26T10:27:37.2081620Z info: OIBridge/StrictNaturalLift.lean:627:0: 'OIBridge.StrictNaturalLift.a27_h_transpose_lift' depends on axioms: [propext, Classical.choice, Quot.sound]
2026-09-26T10:27:37.2082619Z info: OIBridge/StrictNaturalLift.lean:628:0: 'OIBridge.StrictNaturalLift.a27_h_transpose_conj_lift' depends on axioms: [propext, Classical.choice, Quot.sound]
2026-09-26T10:27:37.2083645Z info: OIBridge/StrictNaturalLift.lean:671:0: 'OIBridge.StrictNaturalLift.a27_t_relabel_no_strict_lift' depends on axioms: [propext, Classical.choice, Quot.sound]
2026-09-26T10:27:37.2084668Z info: OIBridge/StrictNaturalLift.lean:943:0: 'OIBridge.StrictNaturalLift.a27_1_reversible_lift' depends on axioms: [propext, Classical.choice, Quot.sound]
2026-09-26T10:27:37.2085650Z ℹ [3592/3600] Replayed OIBridge.ProductAdmission
2026-09-26T10:27:37.2086689Z info: OIBridge/ProductAdmission.lean:327:0: 'OIBridge.ProductAdmission.a29_shared_product_separated' depends on axioms: [propext, Classical.choice, Quot.sound]
2026-09-26T10:27:37.2087752Z info: OIBridge/ProductAdmission.lean:328:0: 'OIBridge.ProductAdmission.a29_shared_not_trajEquiv_of_index' depends on axioms: [propext, Classical.choice, Quot.sound]
2026-09-26T10:27:37.2088809Z info: OIBridge/ProductAdmission.lean:329:0: 'OIBridge.ProductAdmission.a29_shared_separated_solutions' depends on axioms: [propext, Classical.choice, Quot.sound]
2026-09-26T10:27:37.2089800Z info: OIBridge/ProductAdmission.lean:330:0: 'OIBridge.ProductAdmission.a29_shared_splice' depends on axioms: [propext, Classical.choice, Quot.sound]
2026-09-26T10:27:37.2090876Z info: OIBridge/ProductAdmission.lean:331:0: 'OIBridge.ProductAdmission.a29_p_hold' depends on axioms: [propext, Classical.choice, Quot.sound]
2026-09-26T10:27:37.2091855Z info: OIBridge/ProductAdmission.lean:332:0: 'OIBridge.ProductAdmission.a29_n_relabel_instance' depends on axioms: [propext, Classical.choice, Quot.sound]
2026-09-26T10:27:37.2092595Z ⚠ [3593/3600] Replayed OIBridge.ProductStrictLift
2026-09-26T10:27:37.2093032Z warning: OIBridge/ProductStrictLift.lean:271:6: This simp argument is unused:
2026-09-26T10:27:37.2093497Z   mul_inv_cancel₀ hn
2026-09-26T10:27:37.2093647Z 
2026-09-26T10:27:37.2093771Z Hint: Omit it from the simp argument list.
2026-09-26T10:27:37.2094296Z   [apply] simp only [Matrix.smul_mul, Matrix.mul_smul, smul_smul, inv_mul_cancel₀ hn, one_smul]
2026-09-26T10:27:37.2094648Z 
2026-09-26T10:27:37.2094869Z Note: This linter can be disabled with `set_option linter.unusedSimpArgs false`
2026-09-26T10:27:37.2095402Z warning: OIBridge/ProductStrictLift.lean:287:4: This simp argument is unused:
2026-09-26T10:27:37.2096062Z   mul_inv_cancel₀ hn
2026-09-26T10:27:37.2096209Z 
2026-09-26T10:27:37.2096324Z Hint: Omit it from the simp argument list.
2026-09-26T10:27:37.2096852Z   [apply] simp only [Matrix.smul_mul, Matrix.mul_smul, smul_smul, inv_mul_cancel₀ hn, one_smul]
2026-09-26T10:27:37.2097188Z 
2026-09-26T10:27:37.2097400Z Note: This linter can be disabled with `set_option linter.unusedSimpArgs false`
2026-09-26T10:27:37.2098161Z info: OIBridge/ProductStrictLift.lean:427:0: 'OIBridge.ProductStrictLift.a30_shared_sum_single' depends on axioms: [propext, Classical.choice, Quot.sound]
2026-09-26T10:27:37.2099198Z info: OIBridge/ProductStrictLift.lean:428:0: 'OIBridge.ProductStrictLift.a30_shared_star_mul_self' depends on axioms: [propext, Classical.choice, Quot.sound]
2026-09-26T10:27:37.2100221Z info: OIBridge/ProductStrictLift.lean:429:0: 'OIBridge.ProductStrictLift.a30_shared_fibreGram_entry' depends on axioms: [propext, Classical.choice, Quot.sound]
2026-09-26T10:27:37.2101249Z info: OIBridge/ProductStrictLift.lean:430:0: 'OIBridge.ProductStrictLift.a30_shared_weak_diagonal' depends on axioms: [propext, Classical.choice, Quot.sound]
2026-09-26T10:27:37.2102251Z info: OIBridge/ProductStrictLift.lean:431:0: 'OIBridge.ProductStrictLift.a30_shared_left_diagonal' depends on axioms: [propext, Classical.choice, Quot.sound]
2026-09-26T10:27:37.2103237Z info: OIBridge/ProductStrictLift.lean:432:0: 'OIBridge.ProductStrictLift.a30_shared_weak_shape' depends on axioms: [propext, Classical.choice, Quot.sound]
2026-09-26T10:27:37.2104226Z info: OIBridge/ProductStrictLift.lean:433:0: 'OIBridge.ProductStrictLift.a30_shared_left_shape' depends on axioms: [propext, Classical.choice, Quot.sound]
2026-09-26T10:27:37.2105211Z info: OIBridge/ProductStrictLift.lean:434:0: 'OIBridge.ProductStrictLift.a30_shared_left_mul' depends on axioms: [propext, Classical.choice, Quot.sound]
2026-09-26T10:27:37.2106306Z info: OIBridge/ProductStrictLift.lean:435:0: 'OIBridge.ProductStrictLift.a30_shared_left_star' depends on axioms: [propext, Classical.choice, Quot.sound]
2026-09-26T10:27:37.2107461Z info: OIBridge/ProductStrictLift.lean:436:0: 'OIBridge.ProductStrictLift.a30_shared_weak_star' depends on axioms: [propext, Classical.choice, Quot.sound]
2026-09-26T10:27:37.2108478Z info: OIBridge/ProductStrictLift.lean:437:0: 'OIBridge.ProductStrictLift.a30_shared_left_admissible_iff' depends on axioms: [propext, Classical.choice, Quot.sound]
2026-09-26T10:27:37.2109537Z info: OIBridge/ProductStrictLift.lean:438:0: 'OIBridge.ProductStrictLift.a30_shared_right_admissible_iff' depends on axioms: [propext, Classical.choice, Quot.sound]
2026-09-26T10:27:37.2110573Z info: OIBridge/ProductStrictLift.lean:439:0: 'OIBridge.ProductStrictLift.a30_shared_entry_ne_zero' depends on axioms: [propext, Classical.choice, Quot.sound]
2026-09-26T10:27:37.2111568Z info: OIBridge/ProductStrictLift.lean:440:0: 'OIBridge.ProductStrictLift.a30_shared_rows_phase' depends on axioms: [propext, Classical.choice, Quot.sound]
2026-09-26T10:27:37.2112669Z info: OIBridge/ProductStrictLift.lean:441:0: 'OIBridge.ProductStrictLift.a30_shared_same_gram' depends on axioms: [propext, Classical.choice, Quot.sound]
2026-09-26T10:27:37.2113688Z info: OIBridge/ProductStrictLift.lean:442:0: 'OIBridge.ProductStrictLift.a30_shared_phase_coeff_eq' depends on axioms: [propext, Classical.choice, Quot.sound]
2026-09-26T10:27:37.2114673Z info: OIBridge/ProductStrictLift.lean:443:0: 'OIBridge.ProductStrictLift.a30_shared_torsor' depends on axioms: [propext, Classical.choice, Quot.sound]
2026-09-26T10:27:37.2115646Z info: OIBridge/ProductStrictLift.lean:444:0: 'OIBridge.ProductStrictLift.a30_shared_transport_eq' depends on axioms: [propext, Classical.choice, Quot.sound]
2026-09-26T10:27:37.2116775Z info: OIBridge/ProductStrictLift.lean:445:0: 'OIBridge.ProductStrictLift.a30_shared_strictify' depends on axioms: [propext, Classical.choice, Quot.sound]
2026-09-26T10:27:37.2117747Z info: OIBridge/ProductStrictLift.lean:475:0: 'OIBridge.ProductStrictLift.a30_s_strictify' depends on axioms: [propext, Classical.choice, Quot.sound]
2026-09-26T10:27:37.2118694Z info: OIBridge/ProductStrictLift.lean:557:0: 'OIBridge.ProductStrictLift.a30_t_transfer' depends on axioms: [propext, Classical.choice, Quot.sound]
2026-09-26T10:27:37.2119634Z info: OIBridge/ProductStrictLift.lean:678:0: 'OIBridge.ProductStrictLift.a30_c_lift' depends on axioms: [propext, Classical.choice, Quot.sound]
2026-09-26T10:27:37.2120553Z info: OIBridge/ProductStrictLift.lean:769:0: 'OIBridge.ProductStrictLift.a30_c_admit' depends on axioms: [propext, Classical.choice, Quot.sound]
2026-09-26T10:27:37.2121496Z info: OIBridge/ProductStrictLift.lean:859:0: 'OIBridge.ProductStrictLift.a30_c_restrict' depends on axioms: [propext, Classical.choice, Quot.sound]
2026-09-26T10:27:37.2122412Z info: OIBridge/ProductStrictLift.lean:902:0: 'OIBridge.ProductStrictLift.a30_n_lifts' depends on axioms: [propext, Classical.choice, Quot.sound]
2026-09-26T10:27:37.2123328Z info: OIBridge/ProductStrictLift.lean:951:0: 'OIBridge.ProductStrictLift.a30_0_admits' depends on axioms: [propext, Classical.choice, Quot.sound]
2026-09-26T10:27:37.2124043Z ℹ [3594/3600] Replayed OIBridge.RecurrenceHorizon
2026-09-26T10:27:37.2124705Z info: OIBridge/RecurrenceHorizon.lean:183:0: 'OIBridge.RecurrenceHorizon.tv_eq_one_sub_sum_min' depends on axioms: [propext, Classical.choice, Quot.sound]
2026-09-26T10:27:37.2125659Z info: OIBridge/RecurrenceHorizon.lean:184:0: 'OIBridge.RecurrenceHorizon.tv_le_one_sub_min' depends on axioms: [propext, Classical.choice, Quot.sound]
2026-09-26T10:27:37.2126777Z info: OIBridge/RecurrenceHorizon.lean:185:0: 'OIBridge.RecurrenceHorizon.tv_lt_one_of_overlap' depends on axioms: [propext, Classical.choice, Quot.sound]
2026-09-26T10:27:37.2127726Z info: OIBridge/RecurrenceHorizon.lean:186:0: 'OIBridge.RecurrenceHorizon.tv_one_rows' depends on axioms: [propext, Classical.choice, Quot.sound]
2026-09-26T10:27:37.2128640Z info: OIBridge/RecurrenceHorizon.lean:187:0: 'OIBridge.RecurrenceHorizon.c4r_of_identity_return_of_overlap' depends on axioms: [propext,
2026-09-26T10:27:37.2129221Z  Classical.choice,
2026-09-26T10:27:37.2129605Z  Quot.sound]
2026-09-26T10:27:37.2130183Z info: OIBridge/RecurrenceHorizon.lean:188:0: 'OIBridge.RecurrenceHorizon.pIndivisible_of_identity_return_of_overlap' depends on axioms: [propext,
2026-09-26T10:27:37.2130803Z  Classical.choice,
2026-09-26T10:27:37.2131026Z  Quot.sound]
2026-09-26T10:27:37.2131580Z info: OIBridge/RecurrenceHorizon.lean:189:0: 'OIBridge.RecurrenceHorizon.c4r_of_rooted_identity_return_of_overlap' depends on axioms: [propext,
2026-09-26T10:27:37.2132183Z  Classical.choice,
2026-09-26T10:27:37.2132389Z  Quot.sound]
2026-09-26T10:27:37.2132968Z info: OIBridge/RecurrenceHorizon.lean:190:0: 'OIBridge.RecurrenceHorizon.pIndivisible_of_rooted_identity_return_of_overlap' depends on axioms: [propext,
2026-09-26T10:27:37.2133613Z  Classical.choice,
2026-09-26T10:27:37.2133823Z  Quot.sound]
2026-09-26T10:27:37.2134500Z info: OIBridge/RecurrenceHorizon.lean:191:0: 'OIBridge.RecurrenceHorizon.horizon_verdict' depends on axioms: [propext, Classical.choice, Quot.sound]
2026-09-26T10:27:37.2135228Z ℹ [3595/3600] Replayed OIBridge.ScalingFamily
2026-09-26T10:27:37.2136066Z info: OIBridge/ScalingFamily.lean:158:0: 'OIBridge.ScalingFamily.Bmat_one_eq' depends on axioms: [propext, Classical.choice, Quot.sound]
2026-09-26T10:27:37.2137069Z info: OIBridge/ScalingFamily.lean:159:0: 'OIBridge.ScalingFamily.Bmat_isRowStochastic' depends on axioms: [propext, Classical.choice, Quot.sound]
2026-09-26T10:27:37.2137966Z info: OIBridge/ScalingFamily.lean:160:0: 'OIBridge.ScalingFamily.Bmat_mul' depends on axioms: [propext, Classical.choice, Quot.sound]
2026-09-26T10:27:37.2138836Z info: OIBridge/ScalingFamily.lean:161:0: 'OIBridge.ScalingFamily.Bmat_factor' depends on axioms: [propext, Classical.choice, Quot.sound]
2026-09-26T10:27:37.2139681Z info: OIBridge/ScalingFamily.lean:162:0: 'OIBridge.ScalingFamily.tv_Bmat' depends on axioms: [propext, Classical.choice, Quot.sound]
2026-09-26T10:27:37.2140524Z info: OIBridge/ScalingFamily.lean:163:0: 'OIBridge.ScalingFamily.tv_Bmat_one' depends on axioms: [propext, Classical.choice, Quot.sound]
2026-09-26T10:27:37.2141391Z info: OIBridge/ScalingFamily.lean:164:0: 'OIBridge.ScalingFamily.tv_Bmat_lt_one' depends on axioms: [propext, Classical.choice, Quot.sound]
2026-09-26T10:27:37.2142281Z info: OIBridge/ScalingFamily.lean:165:0: 'OIBridge.ScalingFamily.pDivisible_below' depends on axioms: [propext, Classical.choice, Quot.sound]
2026-09-26T10:27:37.2143173Z info: OIBridge/ScalingFamily.lean:166:0: 'OIBridge.ScalingFamily.c4r_at_return' depends on axioms: [propext, Classical.choice, Quot.sound]
2026-09-26T10:27:37.2144102Z info: OIBridge/ScalingFamily.lean:167:0: 'OIBridge.ScalingFamily.pIndivisible_at_return' depends on axioms: [propext, Classical.choice, Quot.sound]
2026-09-26T10:27:37.2145003Z info: OIBridge/ScalingFamily.lean:168:0: 'OIBridge.ScalingFamily.tight_at' depends on axioms: [propext, Classical.choice, Quot.sound]
2026-09-26T10:27:37.2145683Z ⚠ [3596/3600] Replayed OIBridge.PhysicalC4Discharge
2026-09-26T10:27:37.2146507Z warning: OIBridge/PhysicalC4Discharge.lean:80:0: automatically included section variable(s) unused in theorem `OIBridge.PhysicalC4Discharge.routedReadback_mono`:
2026-09-26T10:27:37.2147198Z   [Fintype V]
2026-09-26T10:27:37.2147407Z   [DecidableEq H]
2026-09-26T10:27:37.2147873Z consider restructuring your `variable` declarations so that the variables are not in scope or explicitly omit them:
2026-09-26T10:27:37.2148424Z   omit [Fintype V] [DecidableEq H] in theorem ...
2026-09-26T10:27:37.2148648Z 
2026-09-26T10:27:37.2148876Z Note: This linter can be disabled with `set_option linter.unusedSectionVars false`
2026-09-26T10:27:37.2149728Z warning: OIBridge/PhysicalC4Discharge.lean:88:0: automatically included section variable(s) unused in theorem `OIBridge.PhysicalC4Discharge.routedReadback_overlap`:
2026-09-26T10:27:37.2150399Z   [Fintype V]
2026-09-26T10:27:37.2150611Z   [DecidableEq H]
2026-09-26T10:27:37.2151071Z consider restructuring your `variable` declarations so that the variables are not in scope or explicitly omit them:
2026-09-26T10:27:37.2151777Z   omit [Fintype V] [DecidableEq H] in theorem ...
2026-09-26T10:27:37.2151986Z 
2026-09-26T10:27:37.2152198Z Note: This linter can be disabled with `set_option linter.unusedSectionVars false`
2026-09-26T10:27:37.2152997Z warning: OIBridge/PhysicalC4Discharge.lean:594:0: automatically included section variable(s) unused in theorem `OIBridge.PhysicalC4Discharge.cutRealization_step`:
2026-09-26T10:27:37.2153715Z   [DecidableEq 𝒮.V]
2026-09-26T10:27:37.2154178Z consider restructuring your `variable` declarations so that the variables are not in scope or explicitly omit them:
2026-09-26T10:27:37.2154740Z   omit [DecidableEq 𝒮.V] in theorem ...
2026-09-26T10:27:37.2154926Z 
2026-09-26T10:27:37.2155145Z Note: This linter can be disabled with `set_option linter.unusedSectionVars false`
2026-09-26T10:27:37.2156196Z warning: OIBridge/PhysicalC4Discharge.lean:640:0: automatically included section variable(s) unused in theorem `OIBridge.PhysicalC4Discharge.latticeCutReadback_iff`:
2026-09-26T10:27:37.2156896Z   [NeZero L]
2026-09-26T10:27:37.2157101Z   [NeZero q]
2026-09-26T10:27:37.2157528Z consider restructuring your `variable` declarations so that the variables are not in scope or explicitly omit them:
2026-09-26T10:27:37.2158041Z   omit [NeZero L] [NeZero q] in theorem ...
2026-09-26T10:27:37.2158239Z 
2026-09-26T10:27:37.2158449Z Note: This linter can be disabled with `set_option linter.unusedSectionVars false`
2026-09-26T10:27:37.2159319Z warning: OIBridge/PhysicalC4Discharge.lean:650:0: automatically included section variable(s) unused in theorem `OIBridge.PhysicalC4Discharge.latticeCut_rootedMap_stochastic_periodic`:
2026-09-26T10:27:37.2160050Z   [NeZero L]
2026-09-26T10:27:37.2160238Z   [NeZero q]
2026-09-26T10:27:37.2160659Z consider restructuring your `variable` declarations so that the variables are not in scope or explicitly omit them:
2026-09-26T10:27:37.2161168Z   omit [NeZero L] [NeZero q] in theorem ...
2026-09-26T10:27:37.2161356Z 
2026-09-26T10:27:37.2161565Z Note: This linter can be disabled with `set_option linter.unusedSectionVars false`
2026-09-26T10:27:37.2162352Z info: OIBridge/PhysicalC4Discharge.lean:665:0: 'OIBridge.PhysicalC4Discharge.routedReadback_mono' depends on axioms: [propext, Classical.choice, Quot.sound]
2026-09-26T10:27:37.2163413Z info: OIBridge/PhysicalC4Discharge.lean:666:0: 'OIBridge.PhysicalC4Discharge.routedReadback_overlap' depends on axioms: [propext, Classical.choice, Quot.sound]
2026-09-26T10:27:37.2164417Z info: OIBridge/PhysicalC4Discharge.lean:667:0: 'OIBridge.PhysicalC4Discharge.routed_forces_return_indivisibility' depends on axioms: [propext,
2026-09-26T10:27:37.2165022Z  Classical.choice,
2026-09-26T10:27:37.2165234Z  Quot.sound]
2026-09-26T10:27:37.2165770Z info: OIBridge/PhysicalC4Discharge.lean:668:0: 'OIBridge.PhysicalC4Discharge.routed_forces_indivisible_somewhere' depends on axioms: [propext,
2026-09-26T10:27:37.2166471Z  Classical.choice,
2026-09-26T10:27:37.2166677Z  Quot.sound]
2026-09-26T10:27:37.2167274Z info: OIBridge/PhysicalC4Discharge.lean:669:0: 'OIBridge.PhysicalC4Discharge.core_realization_exists' depends on axioms: [propext, Classical.choice, Quot.sound]
2026-09-26T10:27:37.2168299Z info: OIBridge/PhysicalC4Discharge.lean:670:0: 'OIBridge.PhysicalC4Discharge.core_involutive' depends on axioms: [propext, Classical.choice, Quot.sound]
2026-09-26T10:27:37.2169299Z info: OIBridge/PhysicalC4Discharge.lean:671:0: 'OIBridge.PhysicalC4Discharge.core_rootedMap_even' depends on axioms: [propext, Classical.choice, Quot.sound]
2026-09-26T10:27:37.2170306Z info: OIBridge/PhysicalC4Discharge.lean:672:0: 'OIBridge.PhysicalC4Discharge.core_rootedMap_odd' depends on axioms: [propext, Classical.choice, Quot.sound]
2026-09-26T10:27:37.2171323Z info: OIBridge/PhysicalC4Discharge.lean:673:0: 'OIBridge.PhysicalC4Discharge.core_posterior_odd' depends on axioms: [propext, Classical.choice, Quot.sound]
2026-09-26T10:27:37.2172324Z info: OIBridge/PhysicalC4Discharge.lean:674:0: 'OIBridge.PhysicalC4Discharge.core_store_gap' depends on axioms: [propext, Classical.choice, Quot.sound]
2026-09-26T10:27:37.2173485Z info: OIBridge/PhysicalC4Discharge.lean:675:0: 'OIBridge.PhysicalC4Discharge.core_not_routedReadback' depends on axioms: [propext, Classical.choice, Quot.sound]
2026-09-26T10:27:37.2174516Z info: OIBridge/PhysicalC4Discharge.lean:676:0: 'OIBridge.PhysicalC4Discharge.core_c4e_two' depends on axioms: [propext, Classical.choice, Quot.sound]
2026-09-26T10:27:37.2175510Z info: OIBridge/PhysicalC4Discharge.lean:677:0: 'OIBridge.PhysicalC4Discharge.core_pIndivisible_two' depends on axioms: [propext, Classical.choice, Quot.sound]
2026-09-26T10:27:37.2176864Z info: OIBridge/PhysicalC4Discharge.lean:678:0: 'OIBridge.PhysicalC4Discharge.product_realization_exists' depends on axioms: [propext, Classical.choice, Quot.sound]
2026-09-26T10:27:37.2177914Z info: OIBridge/PhysicalC4Discharge.lean:679:0: 'OIBridge.PhysicalC4Discharge.product_iterate' depends on axioms: [propext, Classical.choice, Quot.sound]
2026-09-26T10:27:37.2179052Z info: OIBridge/PhysicalC4Discharge.lean:680:0: 'OIBridge.PhysicalC4Discharge.product_rootedMap' depends on axioms: [propext, Classical.choice, Quot.sound]
2026-09-26T10:27:37.2180109Z info: OIBridge/PhysicalC4Discharge.lean:681:0: 'OIBridge.PhysicalC4Discharge.product_not_routedReadback' depends on axioms: [propext, Classical.choice, Quot.sound]
2026-09-26T10:27:37.2181176Z info: OIBridge/PhysicalC4Discharge.lean:682:0: 'OIBridge.PhysicalC4Discharge.product_rootedMap_twelve' depends on axioms: [propext, Classical.choice, Quot.sound]
2026-09-26T10:27:37.2182210Z info: OIBridge/PhysicalC4Discharge.lean:683:0: 'OIBridge.PhysicalC4Discharge.product_pDivisible' depends on axioms: [propext, Classical.choice, Quot.sound]
2026-09-26T10:27:37.2183279Z info: OIBridge/PhysicalC4Discharge.lean:684:0: 'OIBridge.PhysicalC4Discharge.tapeLedger_realization_exists' depends on axioms: [propext, Classical.choice, Quot.sound]
2026-09-26T10:27:37.2184336Z info: OIBridge/PhysicalC4Discharge.lean:685:0: 'OIBridge.PhysicalC4Discharge.tapeLedger_step_eq' depends on axioms: [propext, Classical.choice, Quot.sound]
2026-09-26T10:27:37.2185368Z info: OIBridge/PhysicalC4Discharge.lean:686:0: 'OIBridge.PhysicalC4Discharge.tapeLedger_rootedMap_mid' depends on axioms: [propext, Classical.choice, Quot.sound]
2026-09-26T10:27:37.2186529Z info: OIBridge/PhysicalC4Discharge.lean:687:0: 'OIBridge.PhysicalC4Discharge.tapeLedger_rootedMap_four' depends on axioms: [propext, Classical.choice, Quot.sound]
2026-09-26T10:27:37.2187585Z info: OIBridge/PhysicalC4Discharge.lean:688:0: 'OIBridge.PhysicalC4Discharge.tapeLedger_write_store' depends on axioms: [propext, Classical.choice, Quot.sound]
2026-09-26T10:27:37.2188589Z info: OIBridge/PhysicalC4Discharge.lean:689:0: 'OIBridge.PhysicalC4Discharge.tapeLedger_not_routedReadback_three' depends on axioms: [propext,
2026-09-26T10:27:37.2189202Z  Classical.choice,
2026-09-26T10:27:37.2189415Z  Quot.sound]
2026-09-26T10:27:37.2190072Z info: OIBridge/PhysicalC4Discharge.lean:690:0: 'OIBridge.PhysicalC4Discharge.tapeLedger_pDivisible_three' depends on axioms: [propext, Classical.choice, Quot.sound]
2026-09-26T10:27:37.2191169Z info: OIBridge/PhysicalC4Discharge.lean:691:0: 'OIBridge.PhysicalC4Discharge.tapeLedger_history_identity' depends on axioms: [propext, Classical.choice, Quot.sound]
2026-09-26T10:27:37.2192258Z info: OIBridge/PhysicalC4Discharge.lean:692:0: 'OIBridge.PhysicalC4Discharge.tapeLedger_routedReadback_four' depends on axioms: [propext, Classical.choice, Quot.sound]
2026-09-26T10:27:37.2193319Z info: OIBridge/PhysicalC4Discharge.lean:693:0: 'OIBridge.PhysicalC4Discharge.tapeLedger_c4e_four' depends on axioms: [propext, Classical.choice, Quot.sound]
2026-09-26T10:27:37.2194365Z info: OIBridge/PhysicalC4Discharge.lean:694:0: 'OIBridge.PhysicalC4Discharge.tapeLedger_pIndivisible_four' depends on axioms: [propext, Classical.choice, Quot.sound]
2026-09-26T10:27:37.2195427Z info: OIBridge/PhysicalC4Discharge.lean:695:0: 'OIBridge.PhysicalC4Discharge.cutRealization_step' depends on axioms: [propext, Classical.choice, Quot.sound]
2026-09-26T10:27:37.2196656Z info: OIBridge/PhysicalC4Discharge.lean:696:0: 'OIBridge.PhysicalC4Discharge.cutRealization_rootedMap_isRowStochastic' depends on axioms: [propext,
2026-09-26T10:27:37.2197446Z  Classical.choice,
2026-09-26T10:27:37.2197660Z  Quot.sound]
2026-09-26T10:27:37.2198208Z info: OIBridge/PhysicalC4Discharge.lean:697:0: 'OIBridge.PhysicalC4Discharge.cutRealization_rootedMap_periodic' depends on axioms: [propext,
2026-09-26T10:27:37.2198818Z  Classical.choice,
2026-09-26T10:27:37.2199056Z  Quot.sound]
2026-09-26T10:27:37.2199663Z info: OIBridge/PhysicalC4Discharge.lean:698:0: 'OIBridge.PhysicalC4Discharge.latticeCutReadback_iff' depends on axioms: [propext, Classical.choice, Quot.sound]
2026-09-26T10:27:37.2200696Z info: OIBridge/PhysicalC4Discharge.lean:699:0: 'OIBridge.PhysicalC4Discharge.latticeCut_rootedMap_stochastic_periodic' depends on axioms: [propext,
2026-09-26T10:27:37.2201318Z  Classical.choice,
2026-09-26T10:27:37.2201527Z  Quot.sound]
2026-09-26T10:27:37.2202015Z ⚠ [3597/3600] Replayed OIBridge.PhysicalC4StorageReadback
2026-09-26T10:27:37.2202860Z warning: OIBridge/PhysicalC4StorageReadback.lean:81:0: automatically included section variable(s) unused in theorem `OIBridge.PhysicalC4StorageReadback.routedReadbackAtStorage_mono`:
2026-09-26T10:27:37.2203616Z   [Fintype V]
2026-09-26T10:27:37.2204075Z consider restructuring your `variable` declarations so that the variables are not in scope or explicitly omit them:
2026-09-26T10:27:37.2204588Z   omit [Fintype V] in theorem ...
2026-09-26T10:27:37.2204771Z 
2026-09-26T10:27:37.2205001Z Note: This linter can be disabled with `set_option linter.unusedSectionVars false`
2026-09-26T10:27:37.2206117Z warning: OIBridge/PhysicalC4StorageReadback.lean:91:0: automatically included section variable(s) unused in theorem `OIBridge.PhysicalC4StorageReadback.routedReadbackAtStorage_overlap`:
2026-09-26T10:27:37.2206908Z   [Fintype V]
2026-09-26T10:27:37.2207365Z consider restructuring your `variable` declarations so that the variables are not in scope or explicitly omit them:
2026-09-26T10:27:37.2207880Z   omit [Fintype V] in theorem ...
2026-09-26T10:27:37.2208047Z 
2026-09-26T10:27:37.2208270Z Note: This linter can be disabled with `set_option linter.unusedSectionVars false`
2026-09-26T10:27:37.2209113Z warning: OIBridge/PhysicalC4StorageReadback.lean:100:0: automatically included section variable(s) unused in theorem `OIBridge.PhysicalC4StorageReadback.storageWeight_sum`:
2026-09-26T10:27:37.2209823Z   [Fintype V]
2026-09-26T10:27:37.2210251Z consider restructuring your `variable` declarations so that the variables are not in scope or explicitly omit them:
2026-09-26T10:27:37.2210755Z   omit [Fintype V] in theorem ...
2026-09-26T10:27:37.2210918Z 
2026-09-26T10:27:37.2211125Z Note: This linter can be disabled with `set_option linter.unusedSectionVars false`
2026-09-26T10:27:37.2212012Z warning: OIBridge/PhysicalC4StorageReadback.lean:119:0: automatically included section variable(s) unused in theorem `OIBridge.PhysicalC4StorageReadback.storageWeight_eq_zero_of_root_ne`:
2026-09-26T10:27:37.2212768Z   [Fintype V]
2026-09-26T10:27:37.2213192Z consider restructuring your `variable` declarations so that the variables are not in scope or explicitly omit them:
2026-09-26T10:27:37.2213694Z   omit [Fintype V] in theorem ...
2026-09-26T10:27:37.2213851Z 
2026-09-26T10:27:37.2214061Z Note: This linter can be disabled with `set_option linter.unusedSectionVars false`
2026-09-26T10:27:37.2214928Z warning: OIBridge/PhysicalC4StorageReadback.lean:165:0: automatically included section variable(s) unused in theorem `OIBridge.PhysicalC4StorageReadback.rootedStatePosterior_marg_eq`:
2026-09-26T10:27:37.2215671Z   [Fintype V]
2026-09-26T10:27:37.2216360Z consider restructuring your `variable` declarations so that the variables are not in scope or explicitly omit them:
2026-09-26T10:27:37.2216864Z   omit [Fintype V] in theorem ...
2026-09-26T10:27:37.2217027Z 
2026-09-26T10:27:37.2217237Z Note: This linter can be disabled with `set_option linter.unusedSectionVars false`
2026-09-26T10:27:37.2218009Z info: OIBridge/PhysicalC4StorageReadback.lean:702:0: 'OIBridge.PhysicalC4StorageReadback.routedReadbackAtStorage_mono' depends on axioms: [propext,
2026-09-26T10:27:37.2218829Z  Classical.choice,
2026-09-26T10:27:37.2219041Z  Quot.sound]
2026-09-26T10:27:37.2219646Z info: OIBridge/PhysicalC4StorageReadback.lean:703:0: 'OIBridge.PhysicalC4StorageReadback.routedReadbackAtStorage_overlap' depends on axioms: [propext,
2026-09-26T10:27:37.2220313Z  Classical.choice,
2026-09-26T10:27:37.2220518Z  Quot.sound]
2026-09-26T10:27:37.2221157Z info: OIBridge/PhysicalC4StorageReadback.lean:704:0: 'OIBridge.PhysicalC4StorageReadback.storageWeight_sum' depends on axioms: [propext, Classical.choice, Quot.sound]
2026-09-26T10:27:37.2222245Z info: OIBridge/PhysicalC4StorageReadback.lean:705:0: 'OIBridge.PhysicalC4StorageReadback.storageWeight_eq_zero_of_root_ne' depends on axioms: [propext,
2026-09-26T10:27:37.2222895Z  Classical.choice,
2026-09-26T10:27:37.2223227Z  Quot.sound]
2026-09-26T10:27:37.2223898Z info: OIBridge/PhysicalC4StorageReadback.lean:706:0: 'OIBridge.PhysicalC4StorageReadback.rootedStatePosterior_ne' depends on axioms: [propext, Classical.choice, Quot.sound]
2026-09-26T10:27:37.2225019Z info: OIBridge/PhysicalC4StorageReadback.lean:707:0: 'OIBridge.PhysicalC4StorageReadback.rootedStatePosterior_marg_eq' depends on axioms: [propext,
2026-09-26T10:27:37.2225671Z  Classical.choice,
2026-09-26T10:27:37.2226049Z  Quot.sound]
2026-09-26T10:27:37.2226683Z info: OIBridge/PhysicalC4StorageReadback.lean:708:0: 'OIBridge.PhysicalC4StorageReadback.routedAtStorage_forces_return_indivisibility' depends on axioms: [propext,
2026-09-26T10:27:37.2227382Z  Classical.choice,
2026-09-26T10:27:37.2227585Z  Quot.sound]
2026-09-26T10:27:37.2228209Z info: OIBridge/PhysicalC4StorageReadback.lean:709:0: 'OIBridge.PhysicalC4StorageReadback.routedAtStorage_forces_indivisible_somewhere' depends on axioms: [propext,
2026-09-26T10:27:37.2228895Z  Classical.choice,
2026-09-26T10:27:37.2229121Z  Quot.sound]
2026-09-26T10:27:37.2229763Z info: OIBridge/PhysicalC4StorageReadback.lean:710:0: 'OIBridge.PhysicalC4StorageReadback.core_statePosterior_odd' depends on axioms: [propext, Classical.choice, Quot.sound]
2026-09-26T10:27:37.2230907Z info: OIBridge/PhysicalC4StorageReadback.lean:711:0: 'OIBridge.PhysicalC4StorageReadback.core_storage_contrast' depends on axioms: [propext, Classical.choice, Quot.sound]
2026-09-26T10:27:37.2231984Z info: OIBridge/PhysicalC4StorageReadback.lean:712:0: 'OIBridge.PhysicalC4StorageReadback.core_routedReadbackAtStorage_two' depends on axioms: [propext,
2026-09-26T10:27:37.2232636Z  Classical.choice,
2026-09-26T10:27:37.2232843Z  Quot.sound]
2026-09-26T10:27:37.2233439Z info: OIBridge/PhysicalC4StorageReadback.lean:713:0: 'OIBridge.PhysicalC4StorageReadback.product_not_routedReadbackAtStorage' depends on axioms: [propext,
2026-09-26T10:27:37.2234105Z  Classical.choice,
2026-09-26T10:27:37.2234313Z  Quot.sound]
2026-09-26T10:27:37.2234946Z info: OIBridge/PhysicalC4StorageReadback.lean:714:0: 'OIBridge.PhysicalC4StorageReadback.tapeLedger_not_routedReadbackAtStorage_three' depends on axioms: [propext,
2026-09-26T10:27:37.2235636Z  Classical.choice,
2026-09-26T10:27:37.2235950Z  Quot.sound]
2026-09-26T10:27:37.2236537Z info: OIBridge/PhysicalC4StorageReadback.lean:715:0: 'OIBridge.PhysicalC4StorageReadback.tapeLedger_statePosterior_one' depends on axioms: [propext,
2026-09-26T10:27:37.2237183Z  Classical.choice,
2026-09-26T10:27:37.2237386Z  Quot.sound]
2026-09-26T10:27:37.2238006Z info: OIBridge/PhysicalC4StorageReadback.lean:716:0: 'OIBridge.PhysicalC4StorageReadback.tapeLedger_routedReadbackAtStorage_four' depends on axioms: [propext,
2026-09-26T10:27:37.2238682Z  Classical.choice,
2026-09-26T10:27:37.2238888Z  Quot.sound]
2026-09-26T10:27:37.2247152Z info: OIBridge/PhysicalC4StorageReadback.lean:717:0: 'OIBridge.PhysicalC4StorageReadback.core_storageReadback_and_not_routedReadback' depends on axioms: [propext,
2026-09-26T10:27:37.2247951Z  Classical.choice,
2026-09-26T10:27:37.2248194Z  Quot.sound]
2026-09-26T10:27:37.2248873Z info: OIBridge/PhysicalC4StorageReadback.lean:718:0: 'OIBridge.PhysicalC4StorageReadback.storageReadback_not_implies_routedReadback' depends on axioms: [propext,
2026-09-26T10:27:37.2249789Z  Classical.choice,
2026-09-26T10:27:37.2250002Z  Quot.sound]
2026-09-26T10:27:37.2250663Z info: OIBridge/PhysicalC4StorageReadback.lean:719:0: 'OIBridge.PhysicalC4StorageReadback.sep_realization_exists' depends on axioms: [propext, Classical.choice, Quot.sound]
2026-09-26T10:27:37.2251794Z info: OIBridge/PhysicalC4StorageReadback.lean:720:0: 'OIBridge.PhysicalC4StorageReadback.sep_rootedMap' depends on axioms: [propext, Classical.choice, Quot.sound]
2026-09-26T10:27:37.2252921Z info: OIBridge/PhysicalC4StorageReadback.lean:721:0: 'OIBridge.PhysicalC4StorageReadback.sep_statePosterior' depends on axioms: [propext, Classical.choice, Quot.sound]
2026-09-26T10:27:37.2254437Z info: OIBridge/PhysicalC4StorageReadback.lean:722:0: 'OIBridge.PhysicalC4StorageReadback.sep_seedPosterior' depends on axioms: [propext, Classical.choice, Quot.sound]
2026-09-26T10:27:37.2256232Z info: OIBridge/PhysicalC4StorageReadback.lean:723:0: 'OIBridge.PhysicalC4StorageReadback.sep_read_collapse' depends on axioms: [propext, Classical.choice, Quot.sound]
2026-09-26T10:27:37.2257396Z info: OIBridge/PhysicalC4StorageReadback.lean:724:0: 'OIBridge.PhysicalC4StorageReadback.sep_routedReadback_two' depends on axioms: [propext, Classical.choice, Quot.sound]
2026-09-26T10:27:37.2258508Z info: OIBridge/PhysicalC4StorageReadback.lean:725:0: 'OIBridge.PhysicalC4StorageReadback.sep_not_routedReadbackAtStorage_two' depends on axioms: [propext,
2026-09-26T10:27:37.2259162Z  Classical.choice,
2026-09-26T10:27:37.2259384Z  Quot.sound]
2026-09-26T10:27:37.2260020Z info: OIBridge/PhysicalC4StorageReadback.lean:726:0: 'OIBridge.PhysicalC4StorageReadback.routedReadback_not_implies_storageReadback' depends on axioms: [propext,
2026-09-26T10:27:37.2260706Z  Classical.choice,
2026-09-26T10:27:37.2260934Z  Quot.sound]
2026-09-26T10:27:40.8912548Z ℹ [3598/3600] Built OIBridge.ProductOffLocusUniqueness (3.8s)
2026-09-26T10:27:40.8914062Z info: OIBridge/ProductOffLocusUniqueness.lean:19:0: ∀ (Γ₀ : Matrix (Fin 4) (Fin 4) ℝ),
2026-09-26T10:27:40.8915258Z   (Γ₀ = of fun x x_1 => 1 / 4) →
2026-09-26T10:27:40.8916410Z     ∀ (Γ : ℕ → Matrix (Fin 4 × Fin 4) (Fin 4 × Fin 4) ℝ),
2026-09-26T10:27:40.8917243Z       (Γ = fun x => of fun i j => Γ₀ i.1 j.1 * Γ₀ i.2 j.2) →
2026-09-26T10:27:40.8918216Z         ∀ (f₁ f₂ : (Fin 4 → Matrix (Fin 4) (Fin 4) ℂ) → Fin 4 → Matrix (Fin 4) (Fin 4) ℂ),
2026-09-26T10:27:40.8919311Z           f₁ = RelabelTransition (Equiv.swap 2 3) →
2026-09-26T10:27:40.8919858Z             (f₂ = fun G => G) →
2026-09-26T10:27:40.8920429Z               ∃ Φ Φ',
2026-09-26T10:27:40.8921344Z                 ((ProperAt (0, 0) Γ fun 𝔾 => ∀ (t : ℕ), GramPhaseEquiv (𝔾 (t + 1)) (Φ t (𝔾 t))) ∧
2026-09-26T10:27:40.8922742Z                     (PropagatesFrom (0, 0) Γ fun 𝔾 => ∀ (t : ℕ), GramPhaseEquiv (𝔾 (t + 1)) (Φ t (𝔾 t))) ∧
2026-09-26T10:27:40.8923705Z                       EvolvesTotally (Fin 1 × Fin 1) Γ Φ ∧
2026-09-26T10:27:40.8924508Z                         PreservesAdmissible (Fin 1 × Fin 1) Γ Φ ∧
2026-09-26T10:27:40.8925139Z                           (∃ Φh, ∀ (t : ℕ), Φ t = Φh) ∧
2026-09-26T10:27:40.8925989Z                             Reversible (Fin 1 × Fin 1) Γ Φ ∧
2026-09-26T10:27:40.8926780Z                               (∀ (t : ℕ) (G G' : Fin 4 × Fin 4 → Matrix (Fin 4 × Fin 4) (Fin 4 × Fin 4) ℂ),
2026-09-26T10:27:40.8927649Z                                   GramPhaseEquiv G G' → GramPhaseEquiv (Φ t G) (Φ t G')) ∧
2026-09-26T10:27:40.8928489Z                                 (∀ (t : ℕ),
2026-09-26T10:27:40.8929000Z                                     ∃ Ψ αL αR,
2026-09-26T10:27:40.8929461Z                                       (∀
2026-09-26T10:27:40.8929872Z                                           (U :
2026-09-26T10:27:40.8930700Z                                             Matrix ((Fin 4 × Fin 4) × Fin 1 × Fin 1) ((Fin 4 × Fin 4) × Fin 1 × Fin 1)
2026-09-26T10:27:40.8932101Z                                               ℂ),
2026-09-26T10:27:40.8932735Z                                           AdmissibleDilationAt (Γ t) (0, 0) U →
2026-09-26T10:27:40.8933515Z                                             FibreGram (0, 0) (Ψ U) = Φ t (FibreGram (0, 0) U)) ∧
2026-09-26T10:27:40.8934118Z                                         (∀
2026-09-26T10:27:40.8934572Z                                             (U :
2026-09-26T10:27:40.8935379Z                                               Matrix ((Fin 4 × Fin 4) × Fin 1 × Fin 1) ((Fin 4 × Fin 4) × Fin 1 × Fin 1)
2026-09-26T10:27:40.8936252Z                                                 ℂ),
2026-09-26T10:27:40.8936883Z                                             AdmissibleDilationAt (Γ t) (0, 0) U →
2026-09-26T10:27:40.8937662Z                                               AdmissibleDilationAt (Γ (t + 1)) (0, 0) (Ψ U)) ∧
2026-09-26T10:27:40.8938787Z                                           TwistedNatural (0, 0) αL αR Ψ) ∧
2026-09-26T10:27:40.8939754Z                                   FactorizesOnProduct (Fin 1 × Fin 1) (Fin 1) (Fin 1) (Equiv.refl (Fin 4 × Fin 4))
2026-09-26T10:27:40.8940629Z                                       (fun x => Γ₀) (fun x => Γ₀) Γ Φ ∧
2026-09-26T10:27:40.8941341Z                                     ∀ (t : ℕ) (G₁ G₂ : Fin 4 → Matrix (Fin 4) (Fin 4) ℂ),
2026-09-26T10:27:40.8942138Z                                       RealizableGram (Fin 1) Γ₀ G₁ →
2026-09-26T10:27:40.8942813Z                                         RealizableGram (Fin 1) Γ₀ G₂ →
2026-09-26T10:27:40.8943699Z                                           GramPhaseEquiv (Φ t fun i => of fun j k => G₁ i.1 j.1 k.1 * G₂ i.2 j.2 k.2)
2026-09-26T10:27:40.8944665Z                                             fun i => of fun j k => f₁ G₁ i.1 j.1 k.1 * f₂ G₂ i.2 j.2 k.2) ∧
2026-09-26T10:27:40.8945619Z                   ((ProperAt (0, 0) Γ fun 𝔾 => ∀ (t : ℕ), GramPhaseEquiv (𝔾 (t + 1)) (Φ' t (𝔾 t))) ∧
2026-09-26T10:27:40.8946799Z                       (PropagatesFrom (0, 0) Γ fun 𝔾 => ∀ (t : ℕ), GramPhaseEquiv (𝔾 (t + 1)) (Φ' t (𝔾 t))) ∧
2026-09-26T10:27:40.8947679Z                         EvolvesTotally (Fin 1 × Fin 1) Γ Φ' ∧
2026-09-26T10:27:40.8948347Z                           PreservesAdmissible (Fin 1 × Fin 1) Γ Φ' ∧
2026-09-26T10:27:40.8948967Z                             (∃ Φh, ∀ (t : ℕ), Φ' t = Φh) ∧
2026-09-26T10:27:40.8949560Z                               Reversible (Fin 1 × Fin 1) Γ Φ' ∧
2026-09-26T10:27:40.8950376Z                                 (∀ (t : ℕ) (G G' : Fin 4 × Fin 4 → Matrix (Fin 4 × Fin 4) (Fin 4 × Fin 4) ℂ),
2026-09-26T10:27:40.8951267Z                                     GramPhaseEquiv G G' → GramPhaseEquiv (Φ' t G) (Φ' t G')) ∧
2026-09-26T10:27:40.8952137Z                                   (∀ (t : ℕ),
2026-09-26T10:27:40.8952660Z                                       ∃ Ψ αL αR,
2026-09-26T10:27:40.8953125Z                                         (∀
2026-09-26T10:27:40.8953569Z                                             (U :
2026-09-26T10:27:40.8954381Z                                               Matrix ((Fin 4 × Fin 4) × Fin 1 × Fin 1) ((Fin 4 × Fin 4) × Fin 1 × Fin 1)
2026-09-26T10:27:40.8955128Z                                                 ℂ),
2026-09-26T10:27:40.8955769Z                                             AdmissibleDilationAt (Γ t) (0, 0) U →
2026-09-26T10:27:40.8956715Z                                               FibreGram (0, 0) (Ψ U) = Φ' t (FibreGram (0, 0) U)) ∧
2026-09-26T10:27:40.8957337Z                                           (∀
2026-09-26T10:27:40.8957767Z                                               (U :
2026-09-26T10:27:40.8958405Z                                                 Matrix ((Fin 4 × Fin 4) × Fin 1 × Fin 1)
2026-09-26T10:27:40.8959115Z                                                   ((Fin 4 × Fin 4) × Fin 1 × Fin 1) ℂ),
2026-09-26T10:27:40.8959872Z                                               AdmissibleDilationAt (Γ t) (0, 0) U →
2026-09-26T10:27:40.8960653Z                                                 AdmissibleDilationAt (Γ (t + 1)) (0, 0) (Ψ U)) ∧
2026-09-26T10:27:40.8961618Z                                             TwistedNatural (0, 0) αL αR Ψ) ∧
2026-09-26T10:27:40.8962543Z                                     FactorizesOnProduct (Fin 1 × Fin 1) (Fin 1) (Fin 1) (Equiv.refl (Fin 4 × Fin 4))
2026-09-26T10:27:40.8963413Z                                         (fun x => Γ₀) (fun x => Γ₀) Γ Φ' ∧
2026-09-26T10:27:40.8964131Z                                       ∀ (t : ℕ) (G₁ G₂ : Fin 4 → Matrix (Fin 4) (Fin 4) ℂ),
2026-09-26T10:27:40.8964830Z                                         RealizableGram (Fin 1) Γ₀ G₁ →
2026-09-26T10:27:40.8965517Z                                           RealizableGram (Fin 1) Γ₀ G₂ →
2026-09-26T10:27:40.8966585Z                                             GramPhaseEquiv (Φ' t fun i => of fun j k => G₁ i.1 j.1 k.1 * G₂ i.2 j.2 k.2)
2026-09-26T10:27:40.8967771Z                                               fun i => of fun j k => f₁ G₁ i.1 j.1 k.1 * f₂ G₂ i.2 j.2 k.2) ∧
2026-09-26T10:27:40.8968457Z                     ∃ G,
2026-09-26T10:27:40.8968971Z                       RealizableGram (Fin 1 × Fin 1) (Γ 0) G ∧
2026-09-26T10:27:40.8969608Z                         (∀ (X Y : Fin 4 → Matrix (Fin 4) (Fin 4) ℂ),
2026-09-26T10:27:40.8970219Z                             RealizableGram (Fin 1) Γ₀ X →
2026-09-26T10:27:40.8970811Z                               RealizableGram (Fin 1) Γ₀ Y →
2026-09-26T10:27:40.8971644Z                                 ¬GramPhaseEquiv (fun i => of fun j k => X i.1 j.1 k.1 * Y i.2 j.2 k.2) G) ∧
2026-09-26T10:27:40.8972661Z                           ¬GramPhaseEquiv (Φ 0 G) (Φ' 0 G) : Prop
2026-09-26T10:27:40.8973564Z info: OIBridge/ProductOffLocusUniqueness.lean:82:0: ∀ (Γ₀ : Matrix (Fin 4) (Fin 4) ℝ),
2026-09-26T10:27:40.8974342Z   (Γ₀ = of fun x x_1 => 1 / 4) →
2026-09-26T10:27:40.8974868Z     ∀ (Γ : ℕ → Matrix (Fin 4 × Fin 4) (Fin 4 × Fin 4) ℝ),
2026-09-26T10:27:40.8975500Z       (Γ = fun x => of fun i j => Γ₀ i.1 j.1 * Γ₀ i.2 j.2) →
2026-09-26T10:27:40.8976514Z         ∀ (f₁ f₂ : (Fin 4 → Matrix (Fin 4) (Fin 4) ℂ) → Fin 4 → Matrix (Fin 4) (Fin 4) ℂ),
2026-09-26T10:27:40.8977250Z           f₁ = RelabelTransition (Equiv.swap 2 3) →
2026-09-26T10:27:40.8977782Z             (f₂ = fun G => G) →
2026-09-26T10:27:40.8978168Z               ∀
2026-09-26T10:27:40.8978618Z                 (Φ Φ' :
2026-09-26T10:27:40.8978997Z                   ℕ →
2026-09-26T10:27:40.8979556Z                     (Fin 4 × Fin 4 → Matrix (Fin 4 × Fin 4) (Fin 4 × Fin 4) ℂ) →
2026-09-26T10:27:40.8980298Z                       Fin 4 × Fin 4 → Matrix (Fin 4 × Fin 4) (Fin 4 × Fin 4) ℂ),
2026-09-26T10:27:40.8981147Z                 ((ProperAt (0, 0) Γ fun 𝔾 => ∀ (t : ℕ), GramPhaseEquiv (𝔾 (t + 1)) (Φ t (𝔾 t))) ∧
2026-09-26T10:27:40.8982137Z                     (PropagatesFrom (0, 0) Γ fun 𝔾 => ∀ (t : ℕ), GramPhaseEquiv (𝔾 (t + 1)) (Φ t (𝔾 t))) ∧
2026-09-26T10:27:40.8982978Z                       EvolvesTotally (Fin 1 × Fin 1) Γ Φ ∧
2026-09-26T10:27:40.8983607Z                         PreservesAdmissible (Fin 1 × Fin 1) Γ Φ ∧
2026-09-26T10:27:40.8984410Z                           (∃ Φh, ∀ (t : ℕ), Φ t = Φh) ∧
2026-09-26T10:27:40.8984994Z                             Reversible (Fin 1 × Fin 1) Γ Φ ∧
2026-09-26T10:27:40.8986001Z                               (∀ (t : ℕ) (G G' : Fin 4 × Fin 4 → Matrix (Fin 4 × Fin 4) (Fin 4 × Fin 4) ℂ),
2026-09-26T10:27:40.8987006Z                                   GramPhaseEquiv G G' → GramPhaseEquiv (Φ t G) (Φ t G')) ∧
2026-09-26T10:27:40.8987682Z                                 (∀ (t : ℕ),
2026-09-26T10:27:40.8988216Z                                     ∃ Ψ αL αR,
2026-09-26T10:27:40.8988706Z                                       (∀
2026-09-26T10:27:40.8989119Z                                           (U :
2026-09-26T10:27:40.8989901Z                                             Matrix ((Fin 4 × Fin 4) × Fin 1 × Fin 1) ((Fin 4 × Fin 4) × Fin 1 × Fin 1)
2026-09-26T10:27:40.8990862Z                                               ℂ),
2026-09-26T10:27:40.8991479Z                                           AdmissibleDilationAt (Γ t) (0, 0) U →
2026-09-26T10:27:40.8992224Z                                             FibreGram (0, 0) (Ψ U) = Φ t (FibreGram (0, 0) U)) ∧
2026-09-26T10:27:40.8992798Z                                         (∀
2026-09-26T10:27:40.8993200Z                                             (U :
2026-09-26T10:27:40.8993961Z                                               Matrix ((Fin 4 × Fin 4) × Fin 1 × Fin 1) ((Fin 4 × Fin 4) × Fin 1 × Fin 1)
2026-09-26T10:27:40.8994675Z                                                 ℂ),
2026-09-26T10:27:40.8995271Z                                             AdmissibleDilationAt (Γ t) (0, 0) U →
2026-09-26T10:27:40.9003479Z                                               AdmissibleDilationAt (Γ (t + 1)) (0, 0) (Ψ U)) ∧
2026-09-26T10:27:40.9004314Z                                           TwistedNatural (0, 0) αL αR Ψ) ∧
2026-09-26T10:27:40.9005288Z                                   FactorizesOnProduct (Fin 1 × Fin 1) (Fin 1) (Fin 1) (Equiv.refl (Fin 4 × Fin 4))
2026-09-26T10:27:40.9006414Z                                       (fun x => Γ₀) (fun x => Γ₀) Γ Φ ∧
2026-09-26T10:27:40.9007160Z                                     ∀ (t : ℕ) (G₁ G₂ : Fin 4 → Matrix (Fin 4) (Fin 4) ℂ),
2026-09-26T10:27:40.9007888Z                                       RealizableGram (Fin 1) Γ₀ G₁ →
2026-09-26T10:27:40.9008545Z                                         RealizableGram (Fin 1) Γ₀ G₂ →
2026-09-26T10:27:40.9009449Z                                           GramPhaseEquiv (Φ t fun i => of fun j k => G₁ i.1 j.1 k.1 * G₂ i.2 j.2 k.2)
2026-09-26T10:27:40.9010439Z                                             fun i => of fun j k => f₁ G₁ i.1 j.1 k.1 * f₂ G₂ i.2 j.2 k.2) →
2026-09-26T10:27:40.9011396Z                   ((ProperAt (0, 0) Γ fun 𝔾 => ∀ (t : ℕ), GramPhaseEquiv (𝔾 (t + 1)) (Φ' t (𝔾 t))) ∧
2026-09-26T10:27:40.9012467Z                       (PropagatesFrom (0, 0) Γ fun 𝔾 => ∀ (t : ℕ), GramPhaseEquiv (𝔾 (t + 1)) (Φ' t (𝔾 t))) ∧
2026-09-26T10:27:40.9013330Z                         EvolvesTotally (Fin 1 × Fin 1) Γ Φ' ∧
2026-09-26T10:27:40.9013988Z                           PreservesAdmissible (Fin 1 × Fin 1) Γ Φ' ∧
2026-09-26T10:27:40.9014618Z                             (∃ Φh, ∀ (t : ℕ), Φ' t = Φh) ∧
2026-09-26T10:27:40.9015223Z                               Reversible (Fin 1 × Fin 1) Γ Φ' ∧
2026-09-26T10:27:40.9016185Z                                 (∀ (t : ℕ) (G G' : Fin 4 × Fin 4 → Matrix (Fin 4 × Fin 4) (Fin 4 × Fin 4) ℂ),
2026-09-26T10:27:40.9017164Z                                     GramPhaseEquiv G G' → GramPhaseEquiv (Φ' t G) (Φ' t G')) ∧
2026-09-26T10:27:40.9017875Z                                   (∀ (t : ℕ),
2026-09-26T10:27:40.9018395Z                                       ∃ Ψ αL αR,
2026-09-26T10:27:40.9018872Z                                         (∀
2026-09-26T10:27:40.9019295Z                                             (U :
2026-09-26T10:27:40.9020143Z                                               Matrix ((Fin 4 × Fin 4) × Fin 1 × Fin 1) ((Fin 4 × Fin 4) × Fin 1 × Fin 1)
2026-09-26T10:27:40.9021167Z                                                 ℂ),
2026-09-26T10:27:40.9021802Z                                             AdmissibleDilationAt (Γ t) (0, 0) U →
2026-09-26T10:27:40.9022591Z                                               FibreGram (0, 0) (Ψ U) = Φ' t (FibreGram (0, 0) U)) ∧
2026-09-26T10:27:40.9023215Z                                           (∀
2026-09-26T10:27:40.9023647Z                                               (U :
2026-09-26T10:27:40.9024284Z                                                 Matrix ((Fin 4 × Fin 4) × Fin 1 × Fin 1)
2026-09-26T10:27:40.9024999Z                                                   ((Fin 4 × Fin 4) × Fin 1 × Fin 1) ℂ),
2026-09-26T10:27:40.9025713Z                                               AdmissibleDilationAt (Γ t) (0, 0) U →
2026-09-26T10:27:40.9026898Z                                                 AdmissibleDilationAt (Γ (t + 1)) (0, 0) (Ψ U)) ∧
2026-09-26T10:27:40.9027682Z                                             TwistedNatural (0, 0) αL αR Ψ) ∧
2026-09-26T10:27:40.9028652Z                                     FactorizesOnProduct (Fin 1 × Fin 1) (Fin 1) (Fin 1) (Equiv.refl (Fin 4 × Fin 4))
2026-09-26T10:27:40.9029537Z                                         (fun x => Γ₀) (fun x => Γ₀) Γ Φ' ∧
2026-09-26T10:27:40.9030261Z                                       ∀ (t : ℕ) (G₁ G₂ : Fin 4 → Matrix (Fin 4) (Fin 4) ℂ),
2026-09-26T10:27:40.9030970Z                                         RealizableGram (Fin 1) Γ₀ G₁ →
2026-09-26T10:27:40.9031632Z                                           RealizableGram (Fin 1) Γ₀ G₂ →
2026-09-26T10:27:40.9032522Z                                             GramPhaseEquiv (Φ' t fun i => of fun j k => G₁ i.1 j.1 k.1 * G₂ i.2 j.2 k.2)
2026-09-26T10:27:40.9033526Z                                               fun i => of fun j k => f₁ G₁ i.1 j.1 k.1 * f₂ G₂ i.2 j.2 k.2) →
2026-09-26T10:27:40.9034378Z                     ∀ (G : Fin 4 × Fin 4 → Matrix (Fin 4 × Fin 4) (Fin 4 × Fin 4) ℂ),
2026-09-26T10:27:40.9035104Z                       RealizableGram (Fin 1 × Fin 1) (Γ 0) G →
2026-09-26T10:27:40.9035739Z                         (∀ (X Y : Fin 4 → Matrix (Fin 4) (Fin 4) ℂ),
2026-09-26T10:27:40.9036508Z                             RealizableGram (Fin 1) Γ₀ X →
2026-09-26T10:27:40.9037101Z                               RealizableGram (Fin 1) Γ₀ Y →
2026-09-26T10:27:40.9037941Z                                 ¬GramPhaseEquiv (fun i => of fun j k => X i.1 j.1 k.1 * Y i.2 j.2 k.2) G) →
2026-09-26T10:27:40.9038748Z                           GramPhaseEquiv (Φ 0 G) (Φ' 0 G) : Prop
2026-09-26T10:27:40.9039696Z info: OIBridge/ProductOffLocusUniqueness.lean:145:0: ∀ (Γ₀ : Matrix (Fin 4) (Fin 4) ℝ),
2026-09-26T10:27:40.9040487Z   (Γ₀ = of fun x x_1 => 1 / 4) →
2026-09-26T10:27:40.9041004Z     ∀ (Γ : ℕ → Matrix (Fin 4 × Fin 4) (Fin 4 × Fin 4) ℝ),
2026-09-26T10:27:40.9041640Z       (Γ = fun x => of fun i j => Γ₀ i.1 j.1 * Γ₀ i.2 j.2) →
2026-09-26T10:27:40.9042285Z         ∀ (X Y : Fin 4 → Matrix (Fin 4) (Fin 4) ℂ),
2026-09-26T10:27:40.9043173Z           X = FibreGram 0 (of fun p q => 1 / 2 * !![1, 1, 1, 1; 1, 1, -1, -1; 1, -1, 1, -1; 1, -1, -1, 1] p.1 q.1) →
2026-09-26T10:27:40.9043899Z             Y =
2026-09-26T10:27:40.9044216Z                 FibreGram 0
2026-09-26T10:27:40.9044588Z                   (of fun p q =>
2026-09-26T10:27:40.9044967Z                     1 / 2 *
2026-09-26T10:27:40.9045578Z                       !![1, 1, 1, 1; 1, Complex.I, -1, -Complex.I; 1, -1, 1, -1; 1, -Complex.I, -1, Complex.I] p.1
2026-09-26T10:27:40.9046426Z                         q.1) →
2026-09-26T10:27:40.9047091Z               ∀ (W W₂ : Fin 4 × Fin 4 → Matrix (Fin 4 × Fin 4) (Fin 4 × Fin 4) ℂ),
2026-09-26T10:27:40.9047642Z                 (W =
2026-09-26T10:27:40.9048565Z                     RelabelTransition (Equiv.swap (0, 1) (1, 0)) fun i => of fun j k => X i.1 j.1 k.1 * Y i.2 j.2 k.2) →
2026-09-26T10:27:40.9049402Z                   (W₂ =
2026-09-26T10:27:40.9050065Z                       RelabelTransition (Equiv.swap (0, 1) (1, 0)) fun i =>
2026-09-26T10:27:40.9050915Z                         of fun j k => X i.1 j.1 k.1 * RelabelTransition (Equiv.swap 2 3) Y i.2 j.2 k.2) →
2026-09-26T10:27:40.9051783Z                     RealizableGram (Fin 1 × Fin 1) (Γ 0) W ∧
2026-09-26T10:27:40.9052425Z                       RealizableGram (Fin 1 × Fin 1) (Γ 0) W₂ ∧
2026-09-26T10:27:40.9053083Z                         (∀ (X Y : Fin 4 → Matrix (Fin 4) (Fin 4) ℂ),
2026-09-26T10:27:40.9053735Z                             RealizableGram (Fin 1) Γ₀ X →
2026-09-26T10:27:40.9054334Z                               RealizableGram (Fin 1) Γ₀ Y →
2026-09-26T10:27:40.9055214Z                                 ¬GramPhaseEquiv (fun i => of fun j k => X i.1 j.1 k.1 * Y i.2 j.2 k.2) W) ∧
2026-09-26T10:27:40.9056262Z                           (∀ (X Y : Fin 4 → Matrix (Fin 4) (Fin 4) ℂ),
2026-09-26T10:27:40.9057110Z                               RealizableGram (Fin 1) Γ₀ X →
2026-09-26T10:27:40.9057742Z                                 RealizableGram (Fin 1) Γ₀ Y →
2026-09-26T10:27:40.9058587Z                                   ¬GramPhaseEquiv (fun i => of fun j k => X i.1 j.1 k.1 * Y i.2 j.2 k.2) W₂) ∧
2026-09-26T10:27:40.9059385Z                             ¬GramPhaseEquiv W W₂ : Prop
2026-09-26T10:27:40.9060255Z info: OIBridge/ProductOffLocusUniqueness.lean:169:0: ∀ (Γ₀ : Matrix (Fin 4) (Fin 4) ℝ),
2026-09-26T10:27:40.9061089Z   (Γ₀ = of fun x x_1 => 1 / 4) →
2026-09-26T10:27:40.9061654Z     ∀ (Γ : ℕ → Matrix (Fin 4 × Fin 4) (Fin 4 × Fin 4) ℝ),
2026-09-26T10:27:40.9062280Z       (Γ = fun x => of fun i j => Γ₀ i.1 j.1 * Γ₀ i.2 j.2) →
2026-09-26T10:27:40.9063001Z         ∀ (W W₂ : Fin 4 × Fin 4 → Matrix (Fin 4 × Fin 4) (Fin 4 × Fin 4) ℂ),
2026-09-26T10:27:40.9063668Z           RealizableGram (Fin 1 × Fin 1) (Γ 0) W →
2026-09-26T10:27:40.9064253Z             RealizableGram (Fin 1 × Fin 1) (Γ 0) W₂ →
2026-09-26T10:27:40.9064877Z               (∀ (X Y : Fin 4 → Matrix (Fin 4) (Fin 4) ℂ),
2026-09-26T10:27:40.9065472Z                   RealizableGram (Fin 1) Γ₀ X →
2026-09-26T10:27:40.9066175Z                     RealizableGram (Fin 1) Γ₀ Y →
2026-09-26T10:27:40.9066970Z                       ¬GramPhaseEquiv (fun i => of fun j k => X i.1 j.1 k.1 * Y i.2 j.2 k.2) W) →
2026-09-26T10:27:40.9067797Z                 (∀ (X Y : Fin 4 → Matrix (Fin 4) (Fin 4) ℂ),
2026-09-26T10:27:40.9068382Z                     RealizableGram (Fin 1) Γ₀ X →
2026-09-26T10:27:40.9068961Z                       RealizableGram (Fin 1) Γ₀ Y →
2026-09-26T10:27:40.9069756Z                         ¬GramPhaseEquiv (fun i => of fun j k => X i.1 j.1 k.1 * Y i.2 j.2 k.2) W₂) →
2026-09-26T10:27:40.9070492Z                   ¬GramPhaseEquiv W W₂ →
2026-09-26T10:27:40.9070958Z                     ∃ τ,
2026-09-26T10:27:40.9071539Z                       (∀ (G : Fin 4 × Fin 4 → Matrix (Fin 4 × Fin 4) (Fin 4 × Fin 4) ℂ),
2026-09-26T10:27:40.9072611Z                           RealizableGram (Fin 1 × Fin 1) (Γ 0) G → RealizableGram (Fin 1 × Fin 1) (Γ 0) (τ G)) ∧
2026-09-26T10:27:40.9073590Z                         (∀ (G G' : Fin 4 × Fin 4 → Matrix (Fin 4 × Fin 4) (Fin 4 × Fin 4) ℂ),
2026-09-26T10:27:40.9074387Z                             GramPhaseEquiv G G' → GramPhaseEquiv (τ G) (τ G')) ∧
2026-09-26T10:27:40.9075175Z                           (∀ (G : Fin 4 × Fin 4 → Matrix (Fin 4 × Fin 4) (Fin 4 × Fin 4) ℂ),
2026-09-26T10:27:40.9076008Z                               GramPhaseEquiv (τ (τ G)) G) ∧
2026-09-26T10:27:40.9076745Z                             (∀ (G : Fin 4 × Fin 4 → Matrix (Fin 4 × Fin 4) (Fin 4 × Fin 4) ℂ),
2026-09-26T10:27:40.9077381Z                                 (∃ X Y,
2026-09-26T10:27:40.9077943Z                                     RealizableGram (Fin 1) Γ₀ X ∧
2026-09-26T10:27:40.9078668Z                                       RealizableGram (Fin 1) Γ₀ Y ∧
2026-09-26T10:27:40.9079574Z                                         GramPhaseEquiv (fun i => of fun j k => X i.1 j.1 k.1 * Y i.2 j.2 k.2) G) →
2026-09-26T10:27:40.9080381Z                                   τ G = G) ∧
2026-09-26T10:27:40.9081173Z                               GramPhaseEquiv (τ W) W₂ : Prop
2026-09-26T10:27:40.9082026Z info: OIBridge/ProductOffLocusUniqueness.lean:190:0: ∀ (Γ₀ : Matrix (Fin 4) (Fin 4) ℝ),
2026-09-26T10:27:40.9082800Z   (Γ₀ = of fun x x_1 => 1 / 4) →
2026-09-26T10:27:40.9083312Z     ∀ (Γ : ℕ → Matrix (Fin 4 × Fin 4) (Fin 4 × Fin 4) ℝ),
2026-09-26T10:27:40.9083907Z       (Γ = fun x => of fun i j => Γ₀ i.1 j.1 * Γ₀ i.2 j.2) →
2026-09-26T10:27:40.9084641Z         ∀ (f₁ f₂ : (Fin 4 → Matrix (Fin 4) (Fin 4) ℂ) → Fin 4 → Matrix (Fin 4) (Fin 4) ℂ),
2026-09-26T10:27:40.9085358Z           f₁ = RelabelTransition (Equiv.swap 2 3) →
2026-09-26T10:27:40.9086026Z             (f₂ = fun G => G) →
2026-09-26T10:27:40.9086416Z               ∀
2026-09-26T10:27:40.9086756Z                 (Φ :
2026-09-26T10:27:40.9087116Z                   ℕ →
2026-09-26T10:27:40.9087927Z                     (Fin 4 × Fin 4 → Matrix (Fin 4 × Fin 4) (Fin 4 × Fin 4) ℂ) →
2026-09-26T10:27:40.9088708Z                       Fin 4 × Fin 4 → Matrix (Fin 4 × Fin 4) (Fin 4 × Fin 4) ℂ),
2026-09-26T10:27:40.9089349Z                 (EvolvesTotally (Fin 1 × Fin 1) Γ Φ ∧
2026-09-26T10:27:40.9089960Z                     PreservesAdmissible (Fin 1 × Fin 1) Γ Φ ∧
2026-09-26T10:27:40.9090535Z                       (∃ Φh, ∀ (t : ℕ), Φ t = Φh) ∧
2026-09-26T10:27:40.9091085Z                         Reversible (Fin 1 × Fin 1) Γ Φ ∧
2026-09-26T10:27:40.9091863Z                           (∀ (t : ℕ) (G G' : Fin 4 × Fin 4 → Matrix (Fin 4 × Fin 4) (Fin 4 × Fin 4) ℂ),
2026-09-26T10:27:40.9092697Z                               GramPhaseEquiv G G' → GramPhaseEquiv (Φ t G) (Φ t G')) ∧
2026-09-26T10:27:40.9093690Z                             FactorizesOnProduct (Fin 1 × Fin 1) (Fin 1) (Fin 1) (Equiv.refl (Fin 4 × Fin 4))
2026-09-26T10:27:40.9094582Z                                 (fun x => Γ₀) (fun x => Γ₀) Γ Φ ∧
2026-09-26T10:27:40.9095279Z                               ∀ (t : ℕ) (G₁ G₂ : Fin 4 → Matrix (Fin 4) (Fin 4) ℂ),
2026-09-26T10:27:40.9096115Z                                 RealizableGram (Fin 1) Γ₀ G₁ →
2026-09-26T10:27:40.9096727Z                                   RealizableGram (Fin 1) Γ₀ G₂ →
2026-09-26T10:27:40.9097598Z                                     GramPhaseEquiv (Φ t fun i => of fun j k => G₁ i.1 j.1 k.1 * G₂ i.2 j.2 k.2) fun i =>
2026-09-26T10:27:40.9098531Z                                       of fun j k => f₁ G₁ i.1 j.1 k.1 * f₂ G₂ i.2 j.2 k.2) →
2026-09-26T10:27:40.9099101Z                   ∀
2026-09-26T10:27:40.9099454Z                     (τ :
2026-09-26T10:27:40.9100042Z                       (Fin 4 × Fin 4 → Matrix (Fin 4 × Fin 4) (Fin 4 × Fin 4) ℂ) →
2026-09-26T10:27:40.9100779Z                         Fin 4 × Fin 4 → Matrix (Fin 4 × Fin 4) (Fin 4 × Fin 4) ℂ),
2026-09-26T10:27:40.9101545Z                     (∀ (G : Fin 4 × Fin 4 → Matrix (Fin 4 × Fin 4) (Fin 4 × Fin 4) ℂ),
2026-09-26T10:27:40.9102548Z                         RealizableGram (Fin 1 × Fin 1) (Γ 0) G → RealizableGram (Fin 1 × Fin 1) (Γ 0) (τ G)) →
2026-09-26T10:27:40.9103691Z                       (∀ (G G' : Fin 4 × Fin 4 → Matrix (Fin 4 × Fin 4) (Fin 4 × Fin 4) ℂ),
2026-09-26T10:27:40.9104540Z                           GramPhaseEquiv G G' → GramPhaseEquiv (τ G) (τ G')) →
2026-09-26T10:27:40.9105637Z                         (∀ (G : Fin 4 × Fin 4 → Matrix (Fin 4 × Fin 4) (Fin 4 × Fin 4) ℂ), GramPhaseEquiv (τ (τ G)) G) →
2026-09-26T10:27:40.9106823Z                           (∀ (G : Fin 4 × Fin 4 → Matrix (Fin 4 × Fin 4) (Fin 4 × Fin 4) ℂ),
2026-09-26T10:27:40.9107541Z                               (∃ X Y,
2026-09-26T10:27:40.9108172Z                                   RealizableGram (Fin 1) Γ₀ X ∧
2026-09-26T10:27:40.9108871Z                                     RealizableGram (Fin 1) Γ₀ Y ∧
2026-09-26T10:27:40.9109709Z                                       GramPhaseEquiv (fun i => of fun j k => X i.1 j.1 k.1 * Y i.2 j.2 k.2) G) →
2026-09-26T10:27:40.9110705Z                                 τ G = G) →
2026-09-26T10:27:40.9111424Z                             (EvolvesTotally (Fin 1 × Fin 1) Γ fun t G => Φ t (τ G)) ∧
2026-09-26T10:27:40.9112363Z                               (PreservesAdmissible (Fin 1 × Fin 1) Γ fun t G => Φ t (τ G)) ∧
2026-09-26T10:27:40.9113225Z                                 (∃ Φh, ∀ (t : ℕ), (fun t G => Φ t (τ G)) t = Φh) ∧
2026-09-26T10:27:40.9114067Z                                   (Reversible (Fin 1 × Fin 1) Γ fun t G => Φ t (τ G)) ∧
2026-09-26T10:27:40.9114999Z                                     (∀ (t : ℕ) (G G' : Fin 4 × Fin 4 → Matrix (Fin 4 × Fin 4) (Fin 4 × Fin 4) ℂ),
2026-09-26T10:27:40.9115756Z                                         GramPhaseEquiv G G' →
2026-09-26T10:27:40.9116845Z                                           GramPhaseEquiv ((fun t G => Φ t (τ G)) t G) ((fun t G => Φ t (τ G)) t G')) ∧
2026-09-26T10:27:40.9118056Z                                       (FactorizesOnProduct (Fin 1 × Fin 1) (Fin 1) (Fin 1) (Equiv.refl (Fin 4 × Fin 4))
2026-09-26T10:27:40.9119129Z                                           (fun x => Γ₀) (fun x => Γ₀) Γ fun t G => Φ t (τ G)) ∧
2026-09-26T10:27:40.9119972Z                                         ∀ (t : ℕ) (G₁ G₂ : Fin 4 → Matrix (Fin 4) (Fin 4) ℂ),
2026-09-26T10:27:40.9120736Z                                           RealizableGram (Fin 1) Γ₀ G₁ →
2026-09-26T10:27:40.9121456Z                                             RealizableGram (Fin 1) Γ₀ G₂ →
2026-09-26T10:27:40.9122050Z                                               GramPhaseEquiv
2026-09-26T10:27:40.9122734Z                                                 ((fun t G => Φ t (τ G)) t fun i =>
2026-09-26T10:27:40.9123526Z                                                   of fun j k => G₁ i.1 j.1 k.1 * G₂ i.2 j.2 k.2)
2026-09-26T10:27:40.9124487Z                                                 fun i => of fun j k => f₁ G₁ i.1 j.1 k.1 * f₂ G₂ i.2 j.2 k.2 : Prop
2026-09-26T10:27:40.9125636Z info: OIBridge/ProductOffLocusUniqueness.lean:231:0: (∀ (Γ₀ : Matrix (Fin 4) (Fin 4) ℝ),
2026-09-26T10:27:40.9126624Z     (Γ₀ = of fun x x_1 => 1 / 4) →
2026-09-26T10:27:40.9127226Z       ∀ (Γ : ℕ → Matrix (Fin 4 × Fin 4) (Fin 4 × Fin 4) ℝ),
2026-09-26T10:27:40.9127898Z         (Γ = fun x => of fun i j => Γ₀ i.1 j.1 * Γ₀ i.2 j.2) →
2026-09-26T10:27:40.9128726Z           ∀ (f₁ f₂ : (Fin 4 → Matrix (Fin 4) (Fin 4) ℂ) → Fin 4 → Matrix (Fin 4) (Fin 4) ℂ),
2026-09-26T10:27:40.9129542Z             f₁ = RelabelTransition (Equiv.swap 2 3) →
2026-09-26T10:27:40.9130140Z               (f₂ = fun G => G) →
2026-09-26T10:27:40.9130572Z                 ∃ Φ Φ',
2026-09-26T10:27:40.9131254Z                   ((ProperAt (0, 0) Γ fun 𝔾 => ∀ (t : ℕ), GramPhaseEquiv (𝔾 (t + 1)) (Φ t (𝔾 t))) ∧
2026-09-26T10:27:40.9132265Z                       (PropagatesFrom (0, 0) Γ fun 𝔾 => ∀ (t : ℕ), GramPhaseEquiv (𝔾 (t + 1)) (Φ t (𝔾 t))) ∧
2026-09-26T10:27:40.9133110Z                         EvolvesTotally (Fin 1 × Fin 1) Γ Φ ∧
2026-09-26T10:27:40.9133777Z                           PreservesAdmissible (Fin 1 × Fin 1) Γ Φ ∧
2026-09-26T10:27:40.9134409Z                             (∃ Φh, ∀ (t : ℕ), Φ t = Φh) ∧
2026-09-26T10:27:40.9135208Z                               Reversible (Fin 1 × Fin 1) Γ Φ ∧
2026-09-26T10:27:40.9136170Z                                 (∀ (t : ℕ) (G G' : Fin 4 × Fin 4 → Matrix (Fin 4 × Fin 4) (Fin 4 × Fin 4) ℂ),
2026-09-26T10:27:40.9137081Z                                     GramPhaseEquiv G G' → GramPhaseEquiv (Φ t G) (Φ t G')) ∧
2026-09-26T10:27:40.9137803Z                                   (∀ (t : ℕ),
2026-09-26T10:27:40.9138334Z                                       ∃ Ψ αL αR,
2026-09-26T10:27:40.9138806Z                                         (∀
2026-09-26T10:27:40.9139239Z                                             (U :
2026-09-26T10:27:40.9140032Z                                               Matrix ((Fin 4 × Fin 4) × Fin 1 × Fin 1) ((Fin 4 × Fin 4) × Fin 1 × Fin 1)
2026-09-26T10:27:40.9140773Z                                                 ℂ),
2026-09-26T10:27:40.9141621Z                                             AdmissibleDilationAt (Γ t) (0, 0) U →
2026-09-26T10:27:40.9142495Z                                               FibreGram (0, 0) (Ψ U) = Φ t (FibreGram (0, 0) U)) ∧
2026-09-26T10:27:40.9143133Z                                           (∀
2026-09-26T10:27:40.9143592Z                                               (U :
2026-09-26T10:27:40.9144229Z                                                 Matrix ((Fin 4 × Fin 4) × Fin 1 × Fin 1)
2026-09-26T10:27:40.9144965Z                                                   ((Fin 4 × Fin 4) × Fin 1 × Fin 1) ℂ),
2026-09-26T10:27:40.9145675Z                                               AdmissibleDilationAt (Γ t) (0, 0) U →
2026-09-26T10:27:40.9146627Z                                                 AdmissibleDilationAt (Γ (t + 1)) (0, 0) (Ψ U)) ∧
2026-09-26T10:27:40.9147416Z                                             TwistedNatural (0, 0) αL αR Ψ) ∧
2026-09-26T10:27:40.9148370Z                                     FactorizesOnProduct (Fin 1 × Fin 1) (Fin 1) (Fin 1) (Equiv.refl (Fin 4 × Fin 4))
2026-09-26T10:27:40.9149641Z                                         (fun x => Γ₀) (fun x => Γ₀) Γ Φ ∧
2026-09-26T10:27:40.9150372Z                                       ∀ (t : ℕ) (G₁ G₂ : Fin 4 → Matrix (Fin 4) (Fin 4) ℂ),
2026-09-26T10:27:40.9151080Z                                         RealizableGram (Fin 1) Γ₀ G₁ →
2026-09-26T10:27:40.9151774Z                                           RealizableGram (Fin 1) Γ₀ G₂ →
2026-09-26T10:27:40.9152693Z                                             GramPhaseEquiv (Φ t fun i => of fun j k => G₁ i.1 j.1 k.1 * G₂ i.2 j.2 k.2)
2026-09-26T10:27:40.9153694Z                                               fun i => of fun j k => f₁ G₁ i.1 j.1 k.1 * f₂ G₂ i.2 j.2 k.2) ∧
2026-09-26T10:27:40.9154627Z                     ((ProperAt (0, 0) Γ fun 𝔾 => ∀ (t : ℕ), GramPhaseEquiv (𝔾 (t + 1)) (Φ' t (𝔾 t))) ∧
2026-09-26T10:27:40.9155673Z                         (PropagatesFrom (0, 0) Γ fun 𝔾 => ∀ (t : ℕ), GramPhaseEquiv (𝔾 (t + 1)) (Φ' t (𝔾 t))) ∧
2026-09-26T10:27:40.9156728Z                           EvolvesTotally (Fin 1 × Fin 1) Γ Φ' ∧
2026-09-26T10:27:40.9157416Z                             PreservesAdmissible (Fin 1 × Fin 1) Γ Φ' ∧
2026-09-26T10:27:40.9158049Z                               (∃ Φh, ∀ (t : ℕ), Φ' t = Φh) ∧
2026-09-26T10:27:40.9158645Z                                 Reversible (Fin 1 × Fin 1) Γ Φ' ∧
2026-09-26T10:27:40.9159448Z                                   (∀ (t : ℕ) (G G' : Fin 4 × Fin 4 → Matrix (Fin 4 × Fin 4) (Fin 4 × Fin 4) ℂ),
2026-09-26T10:27:40.9160346Z                                       GramPhaseEquiv G G' → GramPhaseEquiv (Φ' t G) (Φ' t G')) ∧
2026-09-26T10:27:40.9161032Z                                     (∀ (t : ℕ),
2026-09-26T10:27:40.9161549Z                                         ∃ Ψ αL αR,
2026-09-26T10:27:40.9162033Z                                           (∀
2026-09-26T10:27:40.9162455Z                                               (U :
2026-09-26T10:27:40.9163111Z                                                 Matrix ((Fin 4 × Fin 4) × Fin 1 × Fin 1)
2026-09-26T10:27:40.9164060Z                                                   ((Fin 4 × Fin 4) × Fin 1 × Fin 1) ℂ),
2026-09-26T10:27:40.9164780Z                                               AdmissibleDilationAt (Γ t) (0, 0) U →
2026-09-26T10:27:40.9165575Z                                                 FibreGram (0, 0) (Ψ U) = Φ' t (FibreGram (0, 0) U)) ∧
2026-09-26T10:27:40.9166362Z                                             (∀
2026-09-26T10:27:40.9166823Z                                                 (U :
2026-09-26T10:27:40.9167475Z                                                   Matrix ((Fin 4 × Fin 4) × Fin 1 × Fin 1)
2026-09-26T10:27:40.9168208Z                                                     ((Fin 4 × Fin 4) × Fin 1 × Fin 1) ℂ),
2026-09-26T10:27:40.9168935Z                                                 AdmissibleDilationAt (Γ t) (0, 0) U →
2026-09-26T10:27:40.9169908Z                                                   AdmissibleDilationAt (Γ (t + 1)) (0, 0) (Ψ U)) ∧
2026-09-26T10:27:40.9170688Z                                               TwistedNatural (0, 0) αL αR Ψ) ∧
2026-09-26T10:27:40.9171627Z                                       FactorizesOnProduct (Fin 1 × Fin 1) (Fin 1) (Fin 1) (Equiv.refl (Fin 4 × Fin 4))
2026-09-26T10:27:40.9172579Z                                           (fun x => Γ₀) (fun x => Γ₀) Γ Φ' ∧
2026-09-26T10:27:40.9173320Z                                         ∀ (t : ℕ) (G₁ G₂ : Fin 4 → Matrix (Fin 4) (Fin 4) ℂ),
2026-09-26T10:27:40.9174033Z                                           RealizableGram (Fin 1) Γ₀ G₁ →
2026-09-26T10:27:40.9174701Z                                             RealizableGram (Fin 1) Γ₀ G₂ →
2026-09-26T10:27:40.9175259Z                                               GramPhaseEquiv
2026-09-26T10:27:40.9176204Z                                                 (Φ' t fun i => of fun j k => G₁ i.1 j.1 k.1 * G₂ i.2 j.2 k.2) fun i =>
2026-09-26T10:27:40.9177128Z                                                 of fun j k => f₁ G₁ i.1 j.1 k.1 * f₂ G₂ i.2 j.2 k.2) ∧
2026-09-26T10:27:40.9177757Z                       ∃ G,
2026-09-26T10:27:40.9178272Z                         RealizableGram (Fin 1 × Fin 1) (Γ 0) G ∧
2026-09-26T10:27:40.9178910Z                           (∀ (X Y : Fin 4 → Matrix (Fin 4) (Fin 4) ℂ),
2026-09-26T10:27:40.9179528Z                               RealizableGram (Fin 1) Γ₀ X →
2026-09-26T10:27:40.9180128Z                                 RealizableGram (Fin 1) Γ₀ Y →
2026-09-26T10:27:40.9180969Z                                   ¬GramPhaseEquiv (fun i => of fun j k => X i.1 j.1 k.1 * Y i.2 j.2 k.2) G) ∧
2026-09-26T10:27:40.9181775Z                             ¬GramPhaseEquiv (Φ 0 G) (Φ' 0 G)) →
2026-09-26T10:27:40.9182322Z   ¬∀ (Γ₀ : Matrix (Fin 4) (Fin 4) ℝ),
2026-09-26T10:27:40.9182796Z       (Γ₀ = of fun x x_1 => 1 / 4) →
2026-09-26T10:27:40.9183341Z         ∀ (Γ : ℕ → Matrix (Fin 4 × Fin 4) (Fin 4 × Fin 4) ℝ),
2026-09-26T10:27:40.9183984Z           (Γ = fun x => of fun i j => Γ₀ i.1 j.1 * Γ₀ i.2 j.2) →
2026-09-26T10:27:40.9184775Z             ∀ (f₁ f₂ : (Fin 4 → Matrix (Fin 4) (Fin 4) ℂ) → Fin 4 → Matrix (Fin 4) (Fin 4) ℂ),
2026-09-26T10:27:40.9185523Z               f₁ = RelabelTransition (Equiv.swap 2 3) →
2026-09-26T10:27:40.9186204Z                 (f₂ = fun G => G) →
2026-09-26T10:27:40.9186615Z                   ∀
2026-09-26T10:27:40.9186981Z                     (Φ Φ' :
2026-09-26T10:27:40.9187372Z                       ℕ →
2026-09-26T10:27:40.9187944Z                         (Fin 4 × Fin 4 → Matrix (Fin 4 × Fin 4) (Fin 4 × Fin 4) ℂ) →
2026-09-26T10:27:40.9188708Z                           Fin 4 × Fin 4 → Matrix (Fin 4 × Fin 4) (Fin 4 × Fin 4) ℂ),
2026-09-26T10:27:40.9189579Z                     ((ProperAt (0, 0) Γ fun 𝔾 => ∀ (t : ℕ), GramPhaseEquiv (𝔾 (t + 1)) (Φ t (𝔾 t))) ∧
2026-09-26T10:27:40.9190603Z                         (PropagatesFrom (0, 0) Γ fun 𝔾 => ∀ (t : ℕ), GramPhaseEquiv (𝔾 (t + 1)) (Φ t (𝔾 t))) ∧
2026-09-26T10:27:40.9191465Z                           EvolvesTotally (Fin 1 × Fin 1) Γ Φ ∧
2026-09-26T10:27:40.9192307Z                             PreservesAdmissible (Fin 1 × Fin 1) Γ Φ ∧
2026-09-26T10:27:40.9192929Z                               (∃ Φh, ∀ (t : ℕ), Φ t = Φh) ∧
2026-09-26T10:27:40.9193529Z                                 Reversible (Fin 1 × Fin 1) Γ Φ ∧
2026-09-26T10:27:40.9194320Z                                   (∀ (t : ℕ) (G G' : Fin 4 × Fin 4 → Matrix (Fin 4 × Fin 4) (Fin 4 × Fin 4) ℂ),
2026-09-26T10:27:40.9195206Z                                       GramPhaseEquiv G G' → GramPhaseEquiv (Φ t G) (Φ t G')) ∧
2026-09-26T10:27:40.9196019Z                                     (∀ (t : ℕ),
2026-09-26T10:27:40.9196562Z                                         ∃ Ψ αL αR,
2026-09-26T10:27:40.9197039Z                                           (∀
2026-09-26T10:27:40.9197460Z                                               (U :
2026-09-26T10:27:40.9198266Z                                                 Matrix ((Fin 4 × Fin 4) × Fin 1 × Fin 1)
2026-09-26T10:27:40.9199001Z                                                   ((Fin 4 × Fin 4) × Fin 1 × Fin 1) ℂ),
2026-09-26T10:27:40.9199745Z                                               AdmissibleDilationAt (Γ t) (0, 0) U →
2026-09-26T10:27:40.9200538Z                                                 FibreGram (0, 0) (Ψ U) = Φ t (FibreGram (0, 0) U)) ∧
2026-09-26T10:27:40.9201157Z                                             (∀
2026-09-26T10:27:40.9201603Z                                                 (U :
2026-09-26T10:27:40.9202246Z                                                   Matrix ((Fin 4 × Fin 4) × Fin 1 × Fin 1)
2026-09-26T10:27:40.9202972Z                                                     ((Fin 4 × Fin 4) × Fin 1 × Fin 1) ℂ),
2026-09-26T10:27:40.9203691Z                                                 AdmissibleDilationAt (Γ t) (0, 0) U →
2026-09-26T10:27:40.9204488Z                                                   AdmissibleDilationAt (Γ (t + 1)) (0, 0) (Ψ U)) ∧
2026-09-26T10:27:40.9205252Z                                               TwistedNatural (0, 0) αL αR Ψ) ∧
2026-09-26T10:27:40.9206367Z                                       FactorizesOnProduct (Fin 1 × Fin 1) (Fin 1) (Fin 1) (Equiv.refl (Fin 4 × Fin 4))
2026-09-26T10:27:40.9207259Z                                           (fun x => Γ₀) (fun x => Γ₀) Γ Φ ∧
2026-09-26T10:27:40.9207983Z                                         ∀ (t : ℕ) (G₁ G₂ : Fin 4 → Matrix (Fin 4) (Fin 4) ℂ),
2026-09-26T10:27:40.9208689Z                                           RealizableGram (Fin 1) Γ₀ G₁ →
2026-09-26T10:27:40.9209343Z                                             RealizableGram (Fin 1) Γ₀ G₂ →
2026-09-26T10:27:40.9209888Z                                               GramPhaseEquiv
2026-09-26T10:27:40.9210675Z                                                 (Φ t fun i => of fun j k => G₁ i.1 j.1 k.1 * G₂ i.2 j.2 k.2) fun i =>
2026-09-26T10:27:40.9211571Z                                                 of fun j k => f₁ G₁ i.1 j.1 k.1 * f₂ G₂ i.2 j.2 k.2) →
2026-09-26T10:27:40.9212481Z                       ((ProperAt (0, 0) Γ fun 𝔾 => ∀ (t : ℕ), GramPhaseEquiv (𝔾 (t + 1)) (Φ' t (𝔾 t))) ∧
2026-09-26T10:27:40.9213539Z                           (PropagatesFrom (0, 0) Γ fun 𝔾 => ∀ (t : ℕ), GramPhaseEquiv (𝔾 (t + 1)) (Φ' t (𝔾 t))) ∧
2026-09-26T10:27:40.9214367Z                             EvolvesTotally (Fin 1 × Fin 1) Γ Φ' ∧
2026-09-26T10:27:40.9215025Z                               PreservesAdmissible (Fin 1 × Fin 1) Γ Φ' ∧
2026-09-26T10:27:40.9215666Z                                 (∃ Φh, ∀ (t : ℕ), Φ' t = Φh) ∧
2026-09-26T10:27:40.9216458Z                                   Reversible (Fin 1 × Fin 1) Γ Φ' ∧
2026-09-26T10:27:40.9217266Z                                     (∀ (t : ℕ) (G G' : Fin 4 × Fin 4 → Matrix (Fin 4 × Fin 4) (Fin 4 × Fin 4) ℂ),
2026-09-26T10:27:40.9218172Z                                         GramPhaseEquiv G G' → GramPhaseEquiv (Φ' t G) (Φ' t G')) ∧
2026-09-26T10:27:40.9218903Z                                       (∀ (t : ℕ),
2026-09-26T10:27:40.9219435Z                                           ∃ Ψ αL αR,
2026-09-26T10:27:40.9220114Z                                             (∀
2026-09-26T10:27:40.9220549Z                                                 (U :
2026-09-26T10:27:40.9221195Z                                                   Matrix ((Fin 4 × Fin 4) × Fin 1 × Fin 1)
2026-09-26T10:27:40.9221922Z                                                     ((Fin 4 × Fin 4) × Fin 1 × Fin 1) ℂ),
2026-09-26T10:27:40.9222651Z                                                 AdmissibleDilationAt (Γ t) (0, 0) U →
2026-09-26T10:27:40.9223448Z                                                   FibreGram (0, 0) (Ψ U) = Φ' t (FibreGram (0, 0) U)) ∧
2026-09-26T10:27:40.9224083Z                                               (∀
2026-09-26T10:27:40.9224528Z                                                   (U :
2026-09-26T10:27:40.9225343Z                                                     Matrix ((Fin 4 × Fin 4) × Fin 1 × Fin 1)
2026-09-26T10:27:40.9226235Z                                                       ((Fin 4 × Fin 4) × Fin 1 × Fin 1) ℂ),
2026-09-26T10:27:40.9226998Z                                                   AdmissibleDilationAt (Γ t) (0, 0) U →
2026-09-26T10:27:40.9227793Z                                                     AdmissibleDilationAt (Γ (t + 1)) (0, 0) (Ψ U)) ∧
2026-09-26T10:27:40.9228555Z                                                 TwistedNatural (0, 0) αL αR Ψ) ∧
2026-09-26T10:27:40.9229506Z                                         FactorizesOnProduct (Fin 1 × Fin 1) (Fin 1) (Fin 1) (Equiv.refl (Fin 4 × Fin 4))
2026-09-26T10:27:40.9230396Z                                             (fun x => Γ₀) (fun x => Γ₀) Γ Φ' ∧
2026-09-26T10:27:40.9231130Z                                           ∀ (t : ℕ) (G₁ G₂ : Fin 4 → Matrix (Fin 4) (Fin 4) ℂ),
2026-09-26T10:27:40.9231844Z                                             RealizableGram (Fin 1) Γ₀ G₁ →
2026-09-26T10:27:40.9232537Z                                               RealizableGram (Fin 1) Γ₀ G₂ →
2026-09-26T10:27:40.9233098Z                                                 GramPhaseEquiv
2026-09-26T10:27:40.9233900Z                                                   (Φ' t fun i => of fun j k => G₁ i.1 j.1 k.1 * G₂ i.2 j.2 k.2) fun i =>
2026-09-26T10:27:40.9234793Z                                                   of fun j k => f₁ G₁ i.1 j.1 k.1 * f₂ G₂ i.2 j.2 k.2) →
2026-09-26T10:27:40.9235601Z                         ∀ (G : Fin 4 × Fin 4 → Matrix (Fin 4 × Fin 4) (Fin 4 × Fin 4) ℂ),
2026-09-26T10:27:40.9236469Z                           RealizableGram (Fin 1 × Fin 1) (Γ 0) G →
2026-09-26T10:27:40.9237121Z                             (∀ (X Y : Fin 4 → Matrix (Fin 4) (Fin 4) ℂ),
2026-09-26T10:27:40.9237753Z                                 RealizableGram (Fin 1) Γ₀ X →
2026-09-26T10:27:40.9238355Z                                   RealizableGram (Fin 1) Γ₀ Y →
2026-09-26T10:27:40.9239228Z                                     ¬GramPhaseEquiv (fun i => of fun j k => X i.1 j.1 k.1 * Y i.2 j.2 k.2) G) →
2026-09-26T10:27:40.9240240Z                               GramPhaseEquiv (Φ 0 G) (Φ' 0 G) : Prop
2026-09-26T10:27:47.9986555Z ℹ [3599/3600] Built OIBridge (7.1s)
2026-09-26T10:27:47.9987269Z info: OIBridge.lean:821:0: 'OIBridge.LinkJoin.char_two_subset_ne_link' depends on axioms: [propext, Classical.choice, Quot.sound]
2026-09-26T10:27:47.9988112Z info: OIBridge.lean:822:0: 'OIBridge.LinkJoin.char_multiset_collision' depends on axioms: [propext, Classical.choice, Quot.sound]
2026-09-26T10:27:47.9988925Z info: OIBridge.lean:823:0: 'OIBridge.LinkJoin.sum_sq_collision' depends on axioms: [propext, Classical.choice, Quot.sound]
2026-09-26T10:27:47.9989706Z info: OIBridge.lean:824:0: 'OIBridge.LinkJoin.sum_cube_collision' depends on axioms: [propext, Classical.choice, Quot.sound]
2026-09-26T10:27:47.9990488Z info: OIBridge.lean:825:0: 'OIBridge.LinkJoin.faceEquivLink_op' depends on axioms: [propext, Classical.choice, Quot.sound]
2026-09-26T10:27:47.9991672Z info: OIBridge.lean:826:0: 'OIBridge.LinkJoin.act_op' depends on axioms: [propext, Classical.choice, Quot.sound]
2026-09-26T10:27:47.9992417Z info: OIBridge.lean:827:0: 'OIBridge.LinkJoin.sym_linkHom' depends on axioms: [propext, Classical.choice, Quot.sound]
2026-09-26T10:27:47.9993153Z info: OIBridge.lean:828:0: 'OIBridge.LinkJoin.act_injective' depends on axioms: [propext, Classical.choice, Quot.sound]
2026-09-26T10:27:47.9993959Z info: OIBridge.lean:829:0: 'OIBridge.LinkJoin.linkHom_injective' depends on axioms: [propext, Classical.choice, Quot.sound]
2026-09-26T10:27:47.9994727Z info: OIBridge.lean:830:0: 'OIBridge.LinkJoin.character_rhoLink' depends on axioms: [propext, Classical.choice, Quot.sound]
2026-09-26T10:27:47.9995478Z info: OIBridge.lean:831:0: 'OIBridge.LinkJoin.rhoLink_comm_PT' depends on axioms: [propext, Classical.choice, Quot.sound]
2026-09-26T10:27:47.9996563Z info: OIBridge.lean:832:0: 'OIBridge.LinkJoin.character_restrict_PT' depends on axioms: [propext, Classical.choice, Quot.sound]
2026-09-26T10:27:47.9997692Z info: OIBridge.lean:833:0: 'OIBridge.LinkJoin.character_PA_eq_one' depends on axioms: [propext, Classical.choice, Quot.sound]
2026-09-26T10:27:47.9999043Z info: OIBridge.lean:834:0: 'OIBridge.LinkJoin.character_sum' depends on axioms: [propext, Classical.choice, Quot.sound]
2026-09-26T10:27:48.0000213Z info: OIBridge.lean:835:0: 'OIBridge.LinkJoin.character_rhoT' depends on axioms: [propext, Classical.choice, Quot.sound]
2026-09-26T10:27:48.0001172Z info: OIBridge.lean:836:0: 'OIBridge.LinkJoin.character_rhoE' depends on axioms: [propext, Classical.choice, Quot.sound]
2026-09-26T10:27:48.0002123Z info: OIBridge.lean:837:0: 'OIBridge.LinkJoin.character_rhoA' depends on axioms: [propext, Classical.choice, Quot.sound]
2026-09-26T10:27:48.0003102Z info: OIBridge.lean:838:0: 'OIBridge.LinkJoin.character_rhoA_eq_one' depends on axioms: [propext, Classical.choice, Quot.sound]
2026-09-26T10:27:48.0004131Z info: OIBridge.lean:839:0: 'OIBridge.LinkJoin.character_rhoLink_eq_sum' depends on axioms: [propext, Classical.choice, Quot.sound]
2026-09-26T10:27:48.0150336Z Build completed successfully (3600 jobs).
2026-09-26T10:27:48.0578219Z TIMING lake-exe-cache-get 90s
2026-09-26T10:27:48.0578576Z TIMING lake-rehash-build 15s
2026-09-26T10:27:48.0633479Z ##[group]Run python3 tools/release_gate.py
2026-09-26T10:27:48.0633826Z [36;1mpython3 tools/release_gate.py[0m
2026-09-26T10:27:48.0738118Z shell: /usr/bin/bash -e {0}
2026-09-26T10:27:48.0738407Z ##[endgroup]
2026-09-26T10:28:29.9414461Z release gate
2026-09-26T10:28:29.9414869Z ====================================================================
2026-09-26T10:28:29.9415557Z   PASS  toolchain        toolchain_check: OK (build entry present, unicode-fix.tex co
2026-09-26T10:28:29.9416554Z   PASS  staleness        staleness_check: OK (13 matched, 0 unstamped)
2026-09-26T10:28:29.9417263Z   PASS  baseline-label   baseline_label_check: OK (no baseline archives named)
2026-09-26T10:28:29.9417986Z   PASS  voice            voice_check: OK (no manuscript-voice history narration; 40 m
2026-09-26T10:28:29.9418698Z   PASS  voice-scope      voice_scope_test: OK (6 scope case(s); the checker scans the
2026-09-26T10:28:29.9420018Z   PASS  ci-gate-presence ci_gate_presence_test: OK (CI runs the real release gate)
2026-09-26T10:28:29.9420818Z   PASS  artifact-placement artifact_placement_check: OK (no unaccounted root artifact; 
2026-09-26T10:28:29.9421621Z   PASS  manifest-drift   build_migration_manifest --check: OK (91 artifacts; both gen
2026-09-26T10:28:29.9422417Z   PASS  claims           claims_check: OK (no withdrawn result asserted unconditional
2026-09-26T10:28:29.9423197Z   PASS  duplicate        duplicate_check: OK (no paragraph repeated within a file)
2026-09-26T10:28:29.9423915Z   PASS  mirror           mirror_check: 0 chapter line(s) absent from FULL.md
2026-09-26T10:28:29.9424624Z   PASS  citation         citation_check: 112 citation(s), 0 broken, 0 duplicate bib n
2026-09-26T10:28:29.9425406Z   PASS  architecture     architecture_check: 259 invariant(s), 0 violation(s), 0 self
2026-09-26T10:28:29.9426399Z   PASS  dependency-label dependency_label_check: OK (no stale dependency label, 41 fi
2026-09-26T10:28:29.9427218Z   PASS  coverage         coverage_check: OK (130 canonical statements, 19 unattached 
2026-09-26T10:28:29.9427976Z   PASS  lean-axioms      lean_axiom_check: OK (4213 named result(s) reported, no sorr
2026-09-26T10:28:29.9428754Z   PASS  lean-manuscript  lean_manuscript_census: OK (every cited identifier and path 
2026-09-26T10:28:29.9429570Z   PASS  legacy-records   LEGACY  303 record(s) in 75 closed namespace(s), all intact
2026-09-26T10:28:29.9430272Z   PASS  v3-self-test     v3_verifier: self-test OK
2026-09-26T10:28:29.9430876Z   PASS  v3-corpus        CORPUS  140 vector(s), exact and as expected
2026-09-26T10:28:29.9431495Z   PASS  v3-receipts      RECEIPTS  6 receipt(s), all hold
2026-09-26T10:28:29.9432017Z ====================================================================
2026-09-26T10:28:29.9432773Z release gate: PASS  (note: --label bNNN not given, so the baseline check ran in relative mode only)
2026-09-26T10:28:30.2546311Z Post job cleanup.
2026-09-26T10:28:30.3878703Z (node:21080) [DEP0040] DeprecationWarning: The `punycode` module is deprecated. Please use a userland alternative instead.
2026-09-26T10:28:30.3880095Z (Use `node --trace-deprecation ...` to show where the warning was created)
2026-09-26T10:28:30.4053251Z [command]/usr/bin/tar --posix -cf cache.tzst --exclude cache.tzst -P -C /home/runner/work/incompleteness/incompleteness --files-from manifest.txt --use-compress-program zstdmt
2026-09-26T10:28:31.4993338Z (node:21080) [DEP0169] DeprecationWarning: `url.parse()` behavior is not standardized and prone to errors that have security implications. Use the WHATWG URL API instead. CVEs are not issued for `url.parse()` vulnerabilities.
2026-09-26T10:28:32.4917374Z Sent 88981209 of 88981209 (100.0%), 84.9 MBs/sec
2026-09-26T10:28:32.6986416Z Cache saved with key: oibridge-Linux-324962b2357195e1544c06a1936656a7dafa7cf303e07c9c08c1e5a3b289622d-561ead0f50a8b634a6cc73f4c502242be6776cff442c7b00fb424772e8ac38f3
2026-09-26T10:28:32.7188239Z Post job cleanup.
2026-09-26T10:28:32.8197417Z [command]/usr/bin/git version
2026-09-26T10:28:32.8236093Z git version 2.55.0
2026-09-26T10:28:32.8273476Z Temporarily overriding HOME='/home/runner/work/_temp/614e1df3-321d-4444-831d-c98c75e62a3f' before making global git config changes
2026-09-26T10:28:32.8274825Z Adding repository directory to the temporary git global config as a safe directory
2026-09-26T10:28:32.8280106Z [command]/usr/bin/git config --global --add safe.directory /home/runner/work/incompleteness/incompleteness
2026-09-26T10:28:32.8322092Z [command]/usr/bin/git config --local --name-only --get-regexp core\.sshCommand
2026-09-26T10:28:32.8359978Z [command]/usr/bin/git submodule foreach --recursive sh -c "git config --local --name-only --get-regexp 'core\.sshCommand' && git config --local --unset-all 'core.sshCommand' || :"
2026-09-26T10:28:32.8639766Z [command]/usr/bin/git config --local --name-only --get-regexp http\.https\:\/\/github\.com\/\.extraheader
2026-09-26T10:28:32.8667858Z http.https://github.com/.extraheader
2026-09-26T10:28:32.8679096Z [command]/usr/bin/git config --local --unset-all http.https://github.com/.extraheader
2026-09-26T10:28:32.8719064Z [command]/usr/bin/git submodule foreach --recursive sh -c "git config --local --name-only --get-regexp 'http\.https\:\/\/github\.com\/\.extraheader' && git config --local --unset-all 'http.https://github.com/.extraheader' || :"
2026-09-26T10:28:32.9006941Z [command]/usr/bin/git config --local --name-only --get-regexp ^includeIf\.gitdir:
2026-09-26T10:28:32.9027334Z [command]/usr/bin/git submodule foreach --recursive git config --local --show-origin --name-only --get-regexp remote.origin.url
2026-09-26T10:28:32.9473658Z Cleaning up orphan processes
2026-09-26T10:28:32.9747915Z ##[warning]Node.js 20 is deprecated. The following actions target Node.js 20 but are being forced to run on Node.js 24: actions/cache@v4, actions/checkout@v4. For more information see: https://github.blog/changelog/2025-09-19-deprecation-of-node-20-on-github-actions-runners/