2026-10-07T22:21:00.1671738Z 
2026-10-07T22:21:00.1672067Z Note: This linter can be disabled with `set_option linter.unreachableTactic false`
2026-10-07T22:21:00.1673001Z info: OIBridge/DitaTorusLocus.lean:2389:0: 'OIBridge.DitaTorusLocus.a40_shared_gen_mr_split' depends on axioms: [propext, Classical.choice, Quot.sound]
2026-10-07T22:21:00.1673496Z warning: OIBridge/DitaTorusLocus.lean:2395:48: Unused tactic linter: `decide` does nothing
2026-10-07T22:21:00.1673502Z 
2026-10-07T22:21:00.1673808Z Note: This linter can be disabled with `set_option linter.unusedTactic false`
2026-10-07T22:21:00.1674422Z warning: OIBridge/DitaTorusLocus.lean:2395:57: Unused tactic linter: `(simp (config := { decide := true }) [a36_shared_div, a36_shared_mod,
2026-10-07T22:21:00.1674566Z     a40_shared_fpe])` does nothing
2026-10-07T22:21:00.1674572Z 
2026-10-07T22:21:00.1674876Z Note: This linter can be disabled with `set_option linter.unusedTactic false`
2026-10-07T22:21:00.1675185Z warning: OIBridge/DitaTorusLocus.lean:2395:48: this tactic is never executed
2026-10-07T22:21:00.1675191Z 
2026-10-07T22:21:00.1675528Z Note: This linter can be disabled with `set_option linter.unreachableTactic false`
2026-10-07T22:21:00.1675840Z warning: OIBridge/DitaTorusLocus.lean:2395:57: this tactic is never executed
2026-10-07T22:21:00.1675855Z 
2026-10-07T22:21:00.1676172Z Note: This linter can be disabled with `set_option linter.unreachableTactic false`
2026-10-07T22:21:00.1676886Z info: OIBridge/DitaTorusLocus.lean:2396:0: 'OIBridge.DitaTorusLocus.a40_shared_gen_mr_col' depends on axioms: [propext, Classical.choice, Quot.sound]
2026-10-07T22:21:00.1677296Z warning: OIBridge/DitaTorusLocus.lean:2401:55: This simp argument is unused:
2026-10-07T22:21:00.1677427Z   a36_shared_div
2026-10-07T22:21:00.1677432Z 
2026-10-07T22:21:00.1677599Z Hint: Omit it from the simp argument list.
2026-10-07T22:21:00.1677864Z   [apply] simp (config := { decide := true }) [a36_shared_mod, a40_shared_fpe]
2026-10-07T22:21:00.1677875Z 
2026-10-07T22:21:00.1678190Z Note: This linter can be disabled with `set_option linter.unusedSimpArgs false`
2026-10-07T22:21:00.1678506Z warning: OIBridge/DitaTorusLocus.lean:2401:71: This simp argument is unused:
2026-10-07T22:21:00.1678623Z   a36_shared_mod
2026-10-07T22:21:00.1678629Z 
2026-10-07T22:21:00.1678789Z Hint: Omit it from the simp argument list.
2026-10-07T22:21:00.1679137Z   [apply] simp (config := { decide := true }) [a36_shared_div, a40_shared_fpe]
2026-10-07T22:21:00.1679143Z 
2026-10-07T22:21:00.1679553Z Note: This linter can be disabled with `set_option linter.unusedSimpArgs false`
2026-10-07T22:21:00.1679880Z warning: OIBridge/DitaTorusLocus.lean:2401:87: This simp argument is unused:
2026-10-07T22:21:00.1680003Z   a40_shared_fpe
2026-10-07T22:21:00.1680007Z 
2026-10-07T22:21:00.1680157Z Hint: Omit it from the simp argument list.
2026-10-07T22:21:00.1680446Z   [apply] simp (config := { decide := true }) [a36_shared_div, a36_shared_mod]
2026-10-07T22:21:00.1680451Z 
2026-10-07T22:21:00.1680771Z Note: This linter can be disabled with `set_option linter.unusedSimpArgs false`
2026-10-07T22:21:00.1681490Z info: OIBridge/DitaTorusLocus.lean:2402:0: 'OIBridge.DitaTorusLocus.a40_shared_gen_mr_sig0' depends on axioms: [propext, Classical.choice, Quot.sound]
2026-10-07T22:21:00.1681820Z warning: OIBridge/DitaTorusLocus.lean:2407:55: This simp argument is unused:
2026-10-07T22:21:00.1681948Z   a36_shared_div
2026-10-07T22:21:00.1681953Z 
2026-10-07T22:21:00.1682105Z Hint: Omit it from the simp argument list.
2026-10-07T22:21:00.1682379Z   [apply] simp (config := { decide := true }) [a36_shared_mod, a40_shared_fpe]
2026-10-07T22:21:00.1682387Z 
2026-10-07T22:21:00.1683001Z Note: This linter can be disabled with `set_option linter.unusedSimpArgs false`
2026-10-07T22:21:00.1683330Z warning: OIBridge/DitaTorusLocus.lean:2407:71: This simp argument is unused:
2026-10-07T22:21:00.1683452Z   a36_shared_mod
2026-10-07T22:21:00.1683458Z 
2026-10-07T22:21:00.1683616Z Hint: Omit it from the simp argument list.
2026-10-07T22:21:00.1683880Z   [apply] simp (config := { decide := true }) [a36_shared_div, a40_shared_fpe]
2026-10-07T22:21:00.1683886Z 
2026-10-07T22:21:00.1684208Z Note: This linter can be disabled with `set_option linter.unusedSimpArgs false`
2026-10-07T22:21:00.1684558Z warning: OIBridge/DitaTorusLocus.lean:2407:87: This simp argument is unused:
2026-10-07T22:21:00.1684777Z   a40_shared_fpe
2026-10-07T22:21:00.1684782Z 
2026-10-07T22:21:00.1684942Z Hint: Omit it from the simp argument list.
2026-10-07T22:21:00.1685222Z   [apply] simp (config := { decide := true }) [a36_shared_div, a36_shared_mod]
2026-10-07T22:21:00.1685233Z 
2026-10-07T22:21:00.1685542Z Note: This linter can be disabled with `set_option linter.unusedSimpArgs false`
2026-10-07T22:21:00.1686261Z info: OIBridge/DitaTorusLocus.lean:2408:0: 'OIBridge.DitaTorusLocus.a40_shared_gen_mr_sig1' depends on axioms: [propext, Classical.choice, Quot.sound]
2026-10-07T22:21:00.1686966Z info: OIBridge/DitaTorusLocus.lean:2414:0: 'OIBridge.DitaTorusLocus.a40_shared_gen_mr_reps' depends on axioms: [propext, Classical.choice, Quot.sound]
2026-10-07T22:21:00.1687687Z info: OIBridge/DitaTorusLocus.lean:2423:0: 'OIBridge.DitaTorusLocus.a40_shared_gen_mr_row0' depends on axioms: [propext, Classical.choice, Quot.sound]
2026-10-07T22:21:00.1688420Z info: OIBridge/DitaTorusLocus.lean:2432:0: 'OIBridge.DitaTorusLocus.a40_shared_gen_mr_row1' depends on axioms: [propext, Classical.choice, Quot.sound]
2026-10-07T22:21:00.1689138Z info: OIBridge/DitaTorusLocus.lean:2442:0: 'OIBridge.DitaTorusLocus.a40_shared_gen_mr_row2' depends on axioms: [propext, Classical.choice, Quot.sound]
2026-10-07T22:21:00.1689942Z info: OIBridge/DitaTorusLocus.lean:2451:0: 'OIBridge.DitaTorusLocus.a40_shared_gen_mr_row3' depends on axioms: [propext, Classical.choice, Quot.sound]
2026-10-07T22:21:00.1690678Z info: OIBridge/DitaTorusLocus.lean:2460:0: 'OIBridge.DitaTorusLocus.a40_shared_gen_mr_row4' depends on axioms: [propext, Classical.choice, Quot.sound]
2026-10-07T22:21:00.1691382Z info: OIBridge/DitaTorusLocus.lean:2469:0: 'OIBridge.DitaTorusLocus.a40_shared_gen_mr_row5' depends on axioms: [propext, Classical.choice, Quot.sound]
2026-10-07T22:21:00.1692083Z info: OIBridge/DitaTorusLocus.lean:2478:0: 'OIBridge.DitaTorusLocus.a40_shared_gen_mr_row6' depends on axioms: [propext, Classical.choice, Quot.sound]
2026-10-07T22:21:00.1693004Z info: OIBridge/DitaTorusLocus.lean:2487:0: 'OIBridge.DitaTorusLocus.a40_shared_gen_mr_row7' depends on axioms: [propext, Classical.choice, Quot.sound]
2026-10-07T22:21:00.1693859Z info: OIBridge/DitaTorusLocus.lean:2496:0: 'OIBridge.DitaTorusLocus.a40_shared_gen_mr_row8' depends on axioms: [propext, Classical.choice, Quot.sound]
2026-10-07T22:21:00.1694583Z info: OIBridge/DitaTorusLocus.lean:2506:0: 'OIBridge.DitaTorusLocus.a40_shared_gen_mr_row9' depends on axioms: [propext, Classical.choice, Quot.sound]
2026-10-07T22:21:00.1695280Z info: OIBridge/DitaTorusLocus.lean:2516:0: 'OIBridge.DitaTorusLocus.a40_shared_gen_mr_row10' depends on axioms: [propext, Classical.choice, Quot.sound]
2026-10-07T22:21:00.1696010Z info: OIBridge/DitaTorusLocus.lean:2526:0: 'OIBridge.DitaTorusLocus.a40_shared_gen_mr_row11' depends on axioms: [propext, Classical.choice, Quot.sound]
2026-10-07T22:21:00.1696730Z info: OIBridge/DitaTorusLocus.lean:2536:0: 'OIBridge.DitaTorusLocus.a40_shared_gen_mr_row12' depends on axioms: [propext, Classical.choice, Quot.sound]
2026-10-07T22:21:00.1697460Z info: OIBridge/DitaTorusLocus.lean:2546:0: 'OIBridge.DitaTorusLocus.a40_shared_gen_mr_row13' depends on axioms: [propext, Classical.choice, Quot.sound]
2026-10-07T22:21:00.1698175Z info: OIBridge/DitaTorusLocus.lean:2556:0: 'OIBridge.DitaTorusLocus.a40_shared_gen_mr_row14' depends on axioms: [propext, Classical.choice, Quot.sound]
2026-10-07T22:21:00.1699040Z info: OIBridge/DitaTorusLocus.lean:2566:0: 'OIBridge.DitaTorusLocus.a40_shared_gen_mr_row15' depends on axioms: [propext, Classical.choice, Quot.sound]
2026-10-07T22:21:00.1699554Z warning: OIBridge/DitaTorusLocus.lean:2601:6: Unused tactic linter: `linear_combination e1 + e2` does nothing
2026-10-07T22:21:00.1699561Z 
2026-10-07T22:21:00.1699876Z Note: This linter can be disabled with `set_option linter.unusedTactic false`
2026-10-07T22:21:00.1700372Z warning: OIBridge/DitaTorusLocus.lean:2602:6: Unused tactic linter: `linear_combination -e1 + e2` does nothing
2026-10-07T22:21:00.1700468Z 
2026-10-07T22:21:00.1700824Z Note: This linter can be disabled with `set_option linter.unusedTactic false`
2026-10-07T22:21:00.1701312Z warning: OIBridge/DitaTorusLocus.lean:2603:6: Unused tactic linter: `linear_combination e1 - e2` does nothing
2026-10-07T22:21:00.1701318Z 
2026-10-07T22:21:00.1701637Z Note: This linter can be disabled with `set_option linter.unusedTactic false`
2026-10-07T22:21:00.1702133Z warning: OIBridge/DitaTorusLocus.lean:2617:6: Unused tactic linter: `linear_combination e1 - e2` does nothing
2026-10-07T22:21:00.1702145Z 
2026-10-07T22:21:00.1702438Z Note: This linter can be disabled with `set_option linter.unusedTactic false`
2026-10-07T22:21:00.1703123Z warning: OIBridge/DitaTorusLocus.lean:2618:6: Unused tactic linter: `linear_combination -e1 - e2` does nothing
2026-10-07T22:21:00.1703130Z 
2026-10-07T22:21:00.1703432Z Note: This linter can be disabled with `set_option linter.unusedTactic false`
2026-10-07T22:21:00.1703918Z warning: OIBridge/DitaTorusLocus.lean:2619:6: Unused tactic linter: `linear_combination e1 + e2` does nothing
2026-10-07T22:21:00.1703929Z 
2026-10-07T22:21:00.1704284Z Note: This linter can be disabled with `set_option linter.unusedTactic false`
2026-10-07T22:21:00.1704606Z warning: OIBridge/DitaTorusLocus.lean:2601:6: this tactic is never executed
2026-10-07T22:21:00.1704713Z 
2026-10-07T22:21:00.1705055Z Note: This linter can be disabled with `set_option linter.unreachableTactic false`
2026-10-07T22:21:00.1705372Z warning: OIBridge/DitaTorusLocus.lean:2602:6: this tactic is never executed
2026-10-07T22:21:00.1705377Z 
2026-10-07T22:21:00.1705702Z Note: This linter can be disabled with `set_option linter.unreachableTactic false`
2026-10-07T22:21:00.1706005Z warning: OIBridge/DitaTorusLocus.lean:2603:6: this tactic is never executed
2026-10-07T22:21:00.1706010Z 
2026-10-07T22:21:00.1706347Z Note: This linter can be disabled with `set_option linter.unreachableTactic false`
2026-10-07T22:21:00.1706679Z warning: OIBridge/DitaTorusLocus.lean:2617:6: this tactic is never executed
2026-10-07T22:21:00.1706691Z 
2026-10-07T22:21:00.1707015Z Note: This linter can be disabled with `set_option linter.unreachableTactic false`
2026-10-07T22:21:00.1707418Z warning: OIBridge/DitaTorusLocus.lean:2618:6: this tactic is never executed
2026-10-07T22:21:00.1707429Z 
2026-10-07T22:21:00.1707770Z Note: This linter can be disabled with `set_option linter.unreachableTactic false`
2026-10-07T22:21:00.1708089Z warning: OIBridge/DitaTorusLocus.lean:2619:6: this tactic is never executed
2026-10-07T22:21:00.1708094Z 
2026-10-07T22:21:00.1708421Z Note: This linter can be disabled with `set_option linter.unreachableTactic false`
2026-10-07T22:21:00.1709159Z info: OIBridge/DitaTorusLocus.lean:2675:0: 'OIBridge.DitaTorusLocus.a40_shared_gen_mr' depends on axioms: [propext, Classical.choice, Quot.sound]
2026-10-07T22:21:00.1709478Z warning: OIBridge/DitaTorusLocus.lean:2681:88: This simp argument is unused:
2026-10-07T22:21:00.1709599Z   a36_shared_div
2026-10-07T22:21:00.1709610Z 
2026-10-07T22:21:00.1709785Z Hint: Omit it from the simp argument list.
2026-10-07T22:21:00.1710154Z   [apply] simp (config := { decide := true }) [Matrix.of_apply, a36_shared_mod, a40_shared_fpe]
2026-10-07T22:21:00.1710159Z 
2026-10-07T22:21:00.1710505Z Note: This linter can be disabled with `set_option linter.unusedSimpArgs false`
2026-10-07T22:21:00.1710947Z warning: OIBridge/DitaTorusLocus.lean:2681:104: This simp argument is unused:
2026-10-07T22:21:00.1711072Z   a36_shared_mod
2026-10-07T22:21:00.1711077Z 
2026-10-07T22:21:00.1711251Z Hint: Omit it from the simp argument list.
2026-10-07T22:21:00.1711623Z   [apply] simp (config := { decide := true }) [Matrix.of_apply, a36_shared_div, a40_shared_fpe]
2026-10-07T22:21:00.1711628Z 
2026-10-07T22:21:00.1711950Z Note: This linter can be disabled with `set_option linter.unusedSimpArgs false`
2026-10-07T22:21:00.1712289Z warning: OIBridge/DitaTorusLocus.lean:2681:120: This simp argument is unused:
2026-10-07T22:21:00.1712418Z   a40_shared_fpe
2026-10-07T22:21:00.1712508Z 
2026-10-07T22:21:00.1712917Z Hint: Omit it from the simp argument list.
2026-10-07T22:21:00.1713290Z   [apply] simp (config := { decide := true }) [Matrix.of_apply, a36_shared_div, a36_shared_mod]
2026-10-07T22:21:00.1713297Z 
2026-10-07T22:21:00.1713643Z Note: This linter can be disabled with `set_option linter.unusedSimpArgs false`
2026-10-07T22:21:00.1713978Z warning: OIBridge/DitaTorusLocus.lean:2681:140: Unused tactic linter: `first
2026-10-07T22:21:00.1714094Z | done
2026-10-07T22:21:00.1714214Z | ring
2026-10-07T22:21:00.1714327Z | tauto
2026-10-07T22:21:00.1714472Z | (field_simp; ring)` does nothing
2026-10-07T22:21:00.1714477Z 
2026-10-07T22:21:00.1714779Z Note: This linter can be disabled with `set_option linter.unusedTactic false`
2026-10-07T22:21:00.1715110Z warning: OIBridge/DitaTorusLocus.lean:2681:140: this tactic is never executed
2026-10-07T22:21:00.1715115Z 
2026-10-07T22:21:00.1715451Z Note: This linter can be disabled with `set_option linter.unreachableTactic false`
2026-10-07T22:21:00.1716165Z info: OIBridge/DitaTorusLocus.lean:2682:0: 'OIBridge.DitaTorusLocus.a40_shared_face_1p_rel0' depends on axioms: [propext, Classical.choice, Quot.sound]
2026-10-07T22:21:00.1716490Z warning: OIBridge/DitaTorusLocus.lean:2688:88: This simp argument is unused:
2026-10-07T22:21:00.1716734Z   a36_shared_div
2026-10-07T22:21:00.1716739Z 
2026-10-07T22:21:00.1716910Z Hint: Omit it from the simp argument list.
2026-10-07T22:21:00.1717300Z   [apply] simp (config := { decide := true }) [Matrix.of_apply, a36_shared_mod, a40_shared_fpe]
2026-10-07T22:21:00.1717306Z 
2026-10-07T22:21:00.1717663Z Note: This linter can be disabled with `set_option linter.unusedSimpArgs false`
2026-10-07T22:21:00.1717978Z warning: OIBridge/DitaTorusLocus.lean:2688:104: This simp argument is unused:
2026-10-07T22:21:00.1718095Z   a36_shared_mod
2026-10-07T22:21:00.1718100Z 
2026-10-07T22:21:00.1718256Z Hint: Omit it from the simp argument list.
2026-10-07T22:21:00.1718604Z   [apply] simp (config := { decide := true }) [Matrix.of_apply, a36_shared_div, a40_shared_fpe]
2026-10-07T22:21:00.1718615Z 
2026-10-07T22:21:00.1718942Z Note: This linter can be disabled with `set_option linter.unusedSimpArgs false`
2026-10-07T22:21:00.1719361Z warning: OIBridge/DitaTorusLocus.lean:2688:120: This simp argument is unused:
2026-10-07T22:21:00.1719515Z   a40_shared_fpe
2026-10-07T22:21:00.1719521Z 
2026-10-07T22:21:00.1719714Z Hint: Omit it from the simp argument list.
2026-10-07T22:21:00.1720145Z   [apply] simp (config := { decide := true }) [Matrix.of_apply, a36_shared_div, a36_shared_mod]
2026-10-07T22:21:00.1720152Z 
2026-10-07T22:21:00.1720538Z Note: This linter can be disabled with `set_option linter.unusedSimpArgs false`
2026-10-07T22:21:00.1720924Z warning: OIBridge/DitaTorusLocus.lean:2688:140: Unused tactic linter: `first
2026-10-07T22:21:00.1721084Z | done
2026-10-07T22:21:00.1721199Z | ring
2026-10-07T22:21:00.1721343Z | tauto
2026-10-07T22:21:00.1721528Z | (field_simp; ring)` does nothing
2026-10-07T22:21:00.1721540Z 
2026-10-07T22:21:00.1721952Z Note: This linter can be disabled with `set_option linter.unusedTactic false`
2026-10-07T22:21:00.1722464Z warning: OIBridge/DitaTorusLocus.lean:2688:140: this tactic is never executed
2026-10-07T22:21:00.1722471Z 
2026-10-07T22:21:00.1723107Z Note: This linter can be disabled with `set_option linter.unreachableTactic false`
2026-10-07T22:21:00.1724095Z info: OIBridge/DitaTorusLocus.lean:2689:0: 'OIBridge.DitaTorusLocus.a40_shared_face_1p_rel1' depends on axioms: [propext, Classical.choice, Quot.sound]
2026-10-07T22:21:00.1724496Z warning: OIBridge/DitaTorusLocus.lean:2695:88: This simp argument is unused:
2026-10-07T22:21:00.1724646Z   a36_shared_div
2026-10-07T22:21:00.1724652Z 
2026-10-07T22:21:00.1724835Z Hint: Omit it from the simp argument list.
2026-10-07T22:21:00.1725288Z   [apply] simp (config := { decide := true }) [Matrix.of_apply, a36_shared_mod, a40_shared_fpe]
2026-10-07T22:21:00.1725295Z 
2026-10-07T22:21:00.1725700Z Note: This linter can be disabled with `set_option linter.unusedSimpArgs false`
2026-10-07T22:21:00.1726194Z warning: OIBridge/DitaTorusLocus.lean:2695:104: This simp argument is unused:
2026-10-07T22:21:00.1726342Z   a36_shared_mod
2026-10-07T22:21:00.1726348Z 
2026-10-07T22:21:00.1726539Z Hint: Omit it from the simp argument list.
2026-10-07T22:21:00.1726957Z   [apply] simp (config := { decide := true }) [Matrix.of_apply, a36_shared_div, a40_shared_fpe]
2026-10-07T22:21:00.1726965Z 
2026-10-07T22:21:00.1727365Z Note: This linter can be disabled with `set_option linter.unusedSimpArgs false`
2026-10-07T22:21:00.1727797Z warning: OIBridge/DitaTorusLocus.lean:2695:120: This simp argument is unused:
2026-10-07T22:21:00.1727946Z   a40_shared_fpe
2026-10-07T22:21:00.1727952Z 
2026-10-07T22:21:00.1728121Z Hint: Omit it from the simp argument list.
2026-10-07T22:21:00.1728499Z   [apply] simp (config := { decide := true }) [Matrix.of_apply, a36_shared_div, a36_shared_mod]
2026-10-07T22:21:00.1728505Z 
2026-10-07T22:21:00.1728818Z Note: This linter can be disabled with `set_option linter.unusedSimpArgs false`
2026-10-07T22:21:00.1729140Z warning: OIBridge/DitaTorusLocus.lean:2695:140: Unused tactic linter: `first
2026-10-07T22:21:00.1729253Z | done
2026-10-07T22:21:00.1729358Z | ring
2026-10-07T22:21:00.1729473Z | tauto
2026-10-07T22:21:00.1729612Z | (field_simp; ring)` does nothing
2026-10-07T22:21:00.1729715Z 
2026-10-07T22:21:00.1730020Z Note: This linter can be disabled with `set_option linter.unusedTactic false`
2026-10-07T22:21:00.1730334Z warning: OIBridge/DitaTorusLocus.lean:2695:140: this tactic is never executed
2026-10-07T22:21:00.1730339Z 
2026-10-07T22:21:00.1730698Z Note: This linter can be disabled with `set_option linter.unreachableTactic false`
2026-10-07T22:21:00.1731510Z info: OIBridge/DitaTorusLocus.lean:2696:0: 'OIBridge.DitaTorusLocus.a40_shared_face_1p_rel2' depends on axioms: [propext, Classical.choice, Quot.sound]
2026-10-07T22:21:00.1731837Z warning: OIBridge/DitaTorusLocus.lean:2702:88: This simp argument is unused:
2026-10-07T22:21:00.1731959Z   a36_shared_div
2026-10-07T22:21:00.1731964Z 
2026-10-07T22:21:00.1732126Z Hint: Omit it from the simp argument list.
2026-10-07T22:21:00.1732481Z   [apply] simp (config := { decide := true }) [Matrix.of_apply, a36_shared_mod, a40_shared_fpe]
2026-10-07T22:21:00.1732486Z 
2026-10-07T22:21:00.1733139Z Note: This linter can be disabled with `set_option linter.unusedSimpArgs false`
2026-10-07T22:21:00.1733507Z warning: OIBridge/DitaTorusLocus.lean:2702:104: This simp argument is unused:
2026-10-07T22:21:00.1733630Z   a36_shared_mod
2026-10-07T22:21:00.1733635Z 
2026-10-07T22:21:00.1733793Z Hint: Omit it from the simp argument list.
2026-10-07T22:21:00.1734161Z   [apply] simp (config := { decide := true }) [Matrix.of_apply, a36_shared_div, a40_shared_fpe]
2026-10-07T22:21:00.1734167Z 
2026-10-07T22:21:00.1734497Z Note: This linter can be disabled with `set_option linter.unusedSimpArgs false`
2026-10-07T22:21:00.1734831Z warning: OIBridge/DitaTorusLocus.lean:2702:120: This simp argument is unused:
2026-10-07T22:21:00.1734957Z   a40_shared_fpe
2026-10-07T22:21:00.1734962Z 
2026-10-07T22:21:00.1735124Z Hint: Omit it from the simp argument list.
2026-10-07T22:21:00.1735500Z   [apply] simp (config := { decide := true }) [Matrix.of_apply, a36_shared_div, a36_shared_mod]
2026-10-07T22:21:00.1735510Z 
2026-10-07T22:21:00.1735848Z Note: This linter can be disabled with `set_option linter.unusedSimpArgs false`
2026-10-07T22:21:00.1736301Z warning: OIBridge/DitaTorusLocus.lean:2702:140: Unused tactic linter: `first
2026-10-07T22:21:00.1736418Z | done
2026-10-07T22:21:00.1736534Z | ring
2026-10-07T22:21:00.1736646Z | tauto
2026-10-07T22:21:00.1736785Z | (field_simp; ring)` does nothing
2026-10-07T22:21:00.1736791Z 
2026-10-07T22:21:00.1737092Z Note: This linter can be disabled with `set_option linter.unusedTactic false`
2026-10-07T22:21:00.1737424Z warning: OIBridge/DitaTorusLocus.lean:2702:140: this tactic is never executed
2026-10-07T22:21:00.1737429Z 
2026-10-07T22:21:00.1737775Z Note: This linter can be disabled with `set_option linter.unreachableTactic false`
2026-10-07T22:21:00.1738657Z info: OIBridge/DitaTorusLocus.lean:2703:0: 'OIBridge.DitaTorusLocus.a40_shared_face_1p_rel3' depends on axioms: [propext, Classical.choice, Quot.sound]
2026-10-07T22:21:00.1738988Z warning: OIBridge/DitaTorusLocus.lean:2709:88: This simp argument is unused:
2026-10-07T22:21:00.1739107Z   a36_shared_div
2026-10-07T22:21:00.1739112Z 
2026-10-07T22:21:00.1739275Z Hint: Omit it from the simp argument list.
2026-10-07T22:21:00.1739618Z   [apply] simp (config := { decide := true }) [Matrix.of_apply, a36_shared_mod, a40_shared_fpe]
2026-10-07T22:21:00.1739623Z 
2026-10-07T22:21:00.1739937Z Note: This linter can be disabled with `set_option linter.unusedSimpArgs false`
2026-10-07T22:21:00.1740264Z warning: OIBridge/DitaTorusLocus.lean:2709:104: This simp argument is unused:
2026-10-07T22:21:00.1740386Z   a36_shared_mod
2026-10-07T22:21:00.1740394Z 
2026-10-07T22:21:00.1740561Z Hint: Omit it from the simp argument list.
2026-10-07T22:21:00.1740922Z   [apply] simp (config := { decide := true }) [Matrix.of_apply, a36_shared_div, a40_shared_fpe]
2026-10-07T22:21:00.1740927Z 
2026-10-07T22:21:00.1741250Z Note: This linter can be disabled with `set_option linter.unusedSimpArgs false`
2026-10-07T22:21:00.1741578Z warning: OIBridge/DitaTorusLocus.lean:2709:120: This simp argument is unused:
2026-10-07T22:21:00.1741802Z   a40_shared_fpe
2026-10-07T22:21:00.1741807Z 
2026-10-07T22:21:00.1741972Z Hint: Omit it from the simp argument list.
2026-10-07T22:21:00.1742315Z   [apply] simp (config := { decide := true }) [Matrix.of_apply, a36_shared_div, a36_shared_mod]
2026-10-07T22:21:00.1742320Z 
2026-10-07T22:21:00.1742850Z Note: This linter can be disabled with `set_option linter.unusedSimpArgs false`
2026-10-07T22:21:00.1743180Z warning: OIBridge/DitaTorusLocus.lean:2709:140: Unused tactic linter: `first
2026-10-07T22:21:00.1743312Z | done
2026-10-07T22:21:00.1743443Z | ring
2026-10-07T22:21:00.1743560Z | tauto
2026-10-07T22:21:00.1743701Z | (field_simp; ring)` does nothing
2026-10-07T22:21:00.1743711Z 
2026-10-07T22:21:00.1744015Z Note: This linter can be disabled with `set_option linter.unusedTactic false`
2026-10-07T22:21:00.1744325Z warning: OIBridge/DitaTorusLocus.lean:2709:140: this tactic is never executed
2026-10-07T22:21:00.1744429Z 
2026-10-07T22:21:00.1744794Z Note: This linter can be disabled with `set_option linter.unreachableTactic false`
2026-10-07T22:21:00.1745534Z info: OIBridge/DitaTorusLocus.lean:2710:0: 'OIBridge.DitaTorusLocus.a40_shared_face_1p_rel4' depends on axioms: [propext, Classical.choice, Quot.sound]
2026-10-07T22:21:00.1745875Z warning: OIBridge/DitaTorusLocus.lean:2716:88: This simp argument is unused:
2026-10-07T22:21:00.1745998Z   a36_shared_div
2026-10-07T22:21:00.1746003Z 
2026-10-07T22:21:00.1746158Z Hint: Omit it from the simp argument list.
2026-10-07T22:21:00.1746514Z   [apply] simp (config := { decide := true }) [Matrix.of_apply, a36_shared_mod, a40_shared_fpe]
2026-10-07T22:21:00.1746520Z 
2026-10-07T22:21:00.1746840Z Note: This linter can be disabled with `set_option linter.unusedSimpArgs false`
2026-10-07T22:21:00.1747172Z warning: OIBridge/DitaTorusLocus.lean:2716:104: This simp argument is unused:
2026-10-07T22:21:00.1747288Z   a36_shared_mod
2026-10-07T22:21:00.1747293Z 
2026-10-07T22:21:00.1747458Z Hint: Omit it from the simp argument list.
2026-10-07T22:21:00.1747813Z   [apply] simp (config := { decide := true }) [Matrix.of_apply, a36_shared_div, a40_shared_fpe]
2026-10-07T22:21:00.1747914Z 
2026-10-07T22:21:00.1748246Z Note: This linter can be disabled with `set_option linter.unusedSimpArgs false`
2026-10-07T22:21:00.1748616Z warning: OIBridge/DitaTorusLocus.lean:2716:120: This simp argument is unused:
2026-10-07T22:21:00.1748744Z   a40_shared_fpe
2026-10-07T22:21:00.1748750Z 
2026-10-07T22:21:00.1748899Z Hint: Omit it from the simp argument list.
2026-10-07T22:21:00.1749234Z   [apply] simp (config := { decide := true }) [Matrix.of_apply, a36_shared_div, a36_shared_mod]
2026-10-07T22:21:00.1749238Z 
2026-10-07T22:21:00.1749660Z Note: This linter can be disabled with `set_option linter.unusedSimpArgs false`
2026-10-07T22:21:00.1749978Z warning: OIBridge/DitaTorusLocus.lean:2716:140: Unused tactic linter: `first
2026-10-07T22:21:00.1750096Z | done
2026-10-07T22:21:00.1750211Z | ring
2026-10-07T22:21:00.1750334Z | tauto
2026-10-07T22:21:00.1750486Z | (field_simp; ring)` does nothing
2026-10-07T22:21:00.1750491Z 
2026-10-07T22:21:00.1750825Z Note: This linter can be disabled with `set_option linter.unusedTactic false`
2026-10-07T22:21:00.1751163Z warning: OIBridge/DitaTorusLocus.lean:2716:140: this tactic is never executed
2026-10-07T22:21:00.1751169Z 
2026-10-07T22:21:00.1751530Z Note: This linter can be disabled with `set_option linter.unreachableTactic false`
2026-10-07T22:21:00.1752262Z info: OIBridge/DitaTorusLocus.lean:2717:0: 'OIBridge.DitaTorusLocus.a40_shared_face_1p_rel5' depends on axioms: [propext, Classical.choice, Quot.sound]
2026-10-07T22:21:00.1752796Z warning: OIBridge/DitaTorusLocus.lean:2723:88: This simp argument is unused:
2026-10-07T22:21:00.1752934Z   a36_shared_div
2026-10-07T22:21:00.1752940Z 
2026-10-07T22:21:00.1753106Z Hint: Omit it from the simp argument list.
2026-10-07T22:21:00.1753460Z   [apply] simp (config := { decide := true }) [Matrix.of_apply, a36_shared_mod, a40_shared_fpe]
2026-10-07T22:21:00.1753572Z 
2026-10-07T22:21:00.1753917Z Note: This linter can be disabled with `set_option linter.unusedSimpArgs false`
2026-10-07T22:21:00.1754255Z warning: OIBridge/DitaTorusLocus.lean:2723:104: This simp argument is unused:
2026-10-07T22:21:00.1754369Z   a36_shared_mod
2026-10-07T22:21:00.1754373Z 
2026-10-07T22:21:00.1754532Z Hint: Omit it from the simp argument list.
2026-10-07T22:21:00.1754876Z   [apply] simp (config := { decide := true }) [Matrix.of_apply, a36_shared_div, a40_shared_fpe]
2026-10-07T22:21:00.1754887Z 
2026-10-07T22:21:00.1755195Z Note: This linter can be disabled with `set_option linter.unusedSimpArgs false`
2026-10-07T22:21:00.1755523Z warning: OIBridge/DitaTorusLocus.lean:2723:120: This simp argument is unused:
2026-10-07T22:21:00.1755645Z   a40_shared_fpe
2026-10-07T22:21:00.1755655Z 
2026-10-07T22:21:00.1755809Z Hint: Omit it from the simp argument list.
2026-10-07T22:21:00.1756265Z   [apply] simp (config := { decide := true }) [Matrix.of_apply, a36_shared_div, a36_shared_mod]
2026-10-07T22:21:00.1756277Z 
2026-10-07T22:21:00.1756600Z Note: This linter can be disabled with `set_option linter.unusedSimpArgs false`
2026-10-07T22:21:00.1756942Z warning: OIBridge/DitaTorusLocus.lean:2723:140: Unused tactic linter: `first
2026-10-07T22:21:00.1757057Z | done
2026-10-07T22:21:00.1757164Z | ring
2026-10-07T22:21:00.1757279Z | tauto
2026-10-07T22:21:00.1757419Z | (field_simp; ring)` does nothing
2026-10-07T22:21:00.1757424Z 
2026-10-07T22:21:00.1757723Z Note: This linter can be disabled with `set_option linter.unusedTactic false`
2026-10-07T22:21:00.1758050Z warning: OIBridge/DitaTorusLocus.lean:2723:140: this tactic is never executed
2026-10-07T22:21:00.1758055Z 
2026-10-07T22:21:00.1758392Z Note: This linter can be disabled with `set_option linter.unreachableTactic false`
2026-10-07T22:21:00.1759120Z info: OIBridge/DitaTorusLocus.lean:2724:0: 'OIBridge.DitaTorusLocus.a40_shared_face_1p_rel6' depends on axioms: [propext, Classical.choice, Quot.sound]
2026-10-07T22:21:00.1759448Z warning: OIBridge/DitaTorusLocus.lean:2730:88: This simp argument is unused:
2026-10-07T22:21:00.1759573Z   a36_shared_div
2026-10-07T22:21:00.1759578Z 
2026-10-07T22:21:00.1759826Z Hint: Omit it from the simp argument list.
2026-10-07T22:21:00.1760180Z   [apply] simp (config := { decide := true }) [Matrix.of_apply, a36_shared_mod, a40_shared_fpe]
2026-10-07T22:21:00.1760184Z 
2026-10-07T22:21:00.1760502Z Note: This linter can be disabled with `set_option linter.unusedSimpArgs false`
2026-10-07T22:21:00.1760810Z warning: OIBridge/DitaTorusLocus.lean:2730:104: This simp argument is unused:
2026-10-07T22:21:00.1760929Z   a36_shared_mod
2026-10-07T22:21:00.1760934Z 
2026-10-07T22:21:00.1761095Z Hint: Omit it from the simp argument list.
2026-10-07T22:21:00.1761546Z   [apply] simp (config := { decide := true }) [Matrix.of_apply, a36_shared_div, a40_shared_fpe]
2026-10-07T22:21:00.1761552Z 
2026-10-07T22:21:00.1761869Z Note: This linter can be disabled with `set_option linter.unusedSimpArgs false`
2026-10-07T22:21:00.1762194Z warning: OIBridge/DitaTorusLocus.lean:2730:120: This simp argument is unused:
2026-10-07T22:21:00.1762317Z   a40_shared_fpe
2026-10-07T22:21:00.1762324Z 
2026-10-07T22:21:00.1762485Z Hint: Omit it from the simp argument list.
2026-10-07T22:21:00.1763034Z   [apply] simp (config := { decide := true }) [Matrix.of_apply, a36_shared_div, a36_shared_mod]
2026-10-07T22:21:00.1763041Z 
2026-10-07T22:21:00.1763359Z Note: This linter can be disabled with `set_option linter.unusedSimpArgs false`
2026-10-07T22:21:00.1763678Z warning: OIBridge/DitaTorusLocus.lean:2730:140: Unused tactic linter: `first
2026-10-07T22:21:00.1763807Z | done
2026-10-07T22:21:00.1763916Z | ring
2026-10-07T22:21:00.1764033Z | tauto
2026-10-07T22:21:00.1764170Z | (field_simp; ring)` does nothing
2026-10-07T22:21:00.1764175Z 
2026-10-07T22:21:00.1764478Z Note: This linter can be disabled with `set_option linter.unusedTactic false`
2026-10-07T22:21:00.1764800Z warning: OIBridge/DitaTorusLocus.lean:2730:140: this tactic is never executed
2026-10-07T22:21:00.1764907Z 
2026-10-07T22:21:00.1765257Z Note: This linter can be disabled with `set_option linter.unreachableTactic false`
2026-10-07T22:21:00.1765999Z info: OIBridge/DitaTorusLocus.lean:2731:0: 'OIBridge.DitaTorusLocus.a40_shared_face_1p_rel7' depends on axioms: [propext, Classical.choice, Quot.sound]
2026-10-07T22:21:00.1766756Z info: OIBridge/DitaTorusLocus.lean:2737:0: 'OIBridge.DitaTorusLocus.a40_shared_face_1p_core' depends on axioms: [propext, Classical.choice, Quot.sound]
2026-10-07T22:21:00.1767081Z warning: OIBridge/DitaTorusLocus.lean:2743:88: This simp argument is unused:
2026-10-07T22:21:00.1767201Z   a36_shared_div
2026-10-07T22:21:00.1767205Z 
2026-10-07T22:21:00.1767363Z Hint: Omit it from the simp argument list.
2026-10-07T22:21:00.1767702Z   [apply] simp (config := { decide := true }) [Matrix.of_apply, a36_shared_mod, a40_shared_fpe]
2026-10-07T22:21:00.1767712Z 
2026-10-07T22:21:00.1768105Z Note: This linter can be disabled with `set_option linter.unusedSimpArgs false`
2026-10-07T22:21:00.1768437Z warning: OIBridge/DitaTorusLocus.lean:2743:104: This simp argument is unused:
2026-10-07T22:21:00.1768547Z   a36_shared_mod
2026-10-07T22:21:00.1768555Z 
2026-10-07T22:21:00.1768709Z Hint: Omit it from the simp argument list.
2026-10-07T22:21:00.1769049Z   [apply] simp (config := { decide := true }) [Matrix.of_apply, a36_shared_div, a40_shared_fpe]
2026-10-07T22:21:00.1769057Z 
2026-10-07T22:21:00.1769393Z Note: This linter can be disabled with `set_option linter.unusedSimpArgs false`
2026-10-07T22:21:00.1769734Z warning: OIBridge/DitaTorusLocus.lean:2743:120: This simp argument is unused:
2026-10-07T22:21:00.1769858Z   a40_shared_fpe
2026-10-07T22:21:00.1769863Z 
2026-10-07T22:21:00.1770027Z Hint: Omit it from the simp argument list.
2026-10-07T22:21:00.1770382Z   [apply] simp (config := { decide := true }) [Matrix.of_apply, a36_shared_div, a36_shared_mod]
2026-10-07T22:21:00.1770387Z 
2026-10-07T22:21:00.1770720Z Note: This linter can be disabled with `set_option linter.unusedSimpArgs false`
2026-10-07T22:21:00.1771040Z warning: OIBridge/DitaTorusLocus.lean:2743:140: Unused tactic linter: `first
2026-10-07T22:21:00.1771152Z | done
2026-10-07T22:21:00.1771355Z | ring
2026-10-07T22:21:00.1771469Z | tauto
2026-10-07T22:21:00.1771617Z | (field_simp; ring)` does nothing
2026-10-07T22:21:00.1771623Z 
2026-10-07T22:21:00.1771929Z Note: This linter can be disabled with `set_option linter.unusedTactic false`
2026-10-07T22:21:00.1772240Z warning: OIBridge/DitaTorusLocus.lean:2743:140: this tactic is never executed
2026-10-07T22:21:00.1772245Z 
2026-10-07T22:21:00.1772582Z Note: This linter can be disabled with `set_option linter.unreachableTactic false`
2026-10-07T22:21:00.1773506Z info: OIBridge/DitaTorusLocus.lean:2744:0: 'OIBridge.DitaTorusLocus.a40_shared_face_1m_rel0' depends on axioms: [propext, Classical.choice, Quot.sound]
2026-10-07T22:21:00.1773926Z warning: OIBridge/DitaTorusLocus.lean:2750:88: This simp argument is unused:
2026-10-07T22:21:00.1774053Z   a36_shared_div
2026-10-07T22:21:00.1774062Z 
2026-10-07T22:21:00.1774231Z Hint: Omit it from the simp argument list.
2026-10-07T22:21:00.1774577Z   [apply] simp (config := { decide := true }) [Matrix.of_apply, a36_shared_mod, a40_shared_fpe]
2026-10-07T22:21:00.1774583Z 
2026-10-07T22:21:00.1774898Z Note: This linter can be disabled with `set_option linter.unusedSimpArgs false`
2026-10-07T22:21:00.1775247Z warning: OIBridge/DitaTorusLocus.lean:2750:104: This simp argument is unused:
2026-10-07T22:21:00.1775365Z   a36_shared_mod
2026-10-07T22:21:00.1775370Z 
2026-10-07T22:21:00.1775534Z Hint: Omit it from the simp argument list.
2026-10-07T22:21:00.1775899Z   [apply] simp (config := { decide := true }) [Matrix.of_apply, a36_shared_div, a40_shared_fpe]
2026-10-07T22:21:00.1775909Z 
2026-10-07T22:21:00.1776228Z Note: This linter can be disabled with `set_option linter.unusedSimpArgs false`
2026-10-07T22:21:00.1776552Z warning: OIBridge/DitaTorusLocus.lean:2750:120: This simp argument is unused:
2026-10-07T22:21:00.1776675Z   a40_shared_fpe
2026-10-07T22:21:00.1776770Z 
2026-10-07T22:21:00.1776929Z Hint: Omit it from the simp argument list.
2026-10-07T22:21:00.1777292Z   [apply] simp (config := { decide := true }) [Matrix.of_apply, a36_shared_div, a36_shared_mod]
2026-10-07T22:21:00.1777298Z 
2026-10-07T22:21:00.1777708Z Note: This linter can be disabled with `set_option linter.unusedSimpArgs false`
2026-10-07T22:21:00.1778026Z warning: OIBridge/DitaTorusLocus.lean:2750:140: Unused tactic linter: `first
2026-10-07T22:21:00.1778144Z | done
2026-10-07T22:21:00.1778255Z | ring
2026-10-07T22:21:00.1778367Z | tauto
2026-10-07T22:21:00.1778514Z | (field_simp; ring)` does nothing
2026-10-07T22:21:00.1778519Z 
2026-10-07T22:21:00.1778826Z Note: This linter can be disabled with `set_option linter.unusedTactic false`
2026-10-07T22:21:00.1779156Z warning: OIBridge/DitaTorusLocus.lean:2750:140: this tactic is never executed
2026-10-07T22:21:00.1779162Z 
2026-10-07T22:21:00.1779593Z Note: This linter can be disabled with `set_option linter.unreachableTactic false`
2026-10-07T22:21:00.1780368Z info: OIBridge/DitaTorusLocus.lean:2751:0: 'OIBridge.DitaTorusLocus.a40_shared_face_1m_rel1' depends on axioms: [propext, Classical.choice, Quot.sound]
2026-10-07T22:21:00.1780691Z warning: OIBridge/DitaTorusLocus.lean:2757:88: This simp argument is unused:
2026-10-07T22:21:00.1780810Z   a36_shared_div
2026-10-07T22:21:00.1780815Z 
2026-10-07T22:21:00.1780971Z Hint: Omit it from the simp argument list.
2026-10-07T22:21:00.1781317Z   [apply] simp (config := { decide := true }) [Matrix.of_apply, a36_shared_mod, a40_shared_fpe]
2026-10-07T22:21:00.1781322Z 
2026-10-07T22:21:00.1781638Z Note: This linter can be disabled with `set_option linter.unusedSimpArgs false`
2026-10-07T22:21:00.1781967Z warning: OIBridge/DitaTorusLocus.lean:2757:104: This simp argument is unused:
2026-10-07T22:21:00.1782091Z   a36_shared_mod
2026-10-07T22:21:00.1782096Z 
2026-10-07T22:21:00.1782264Z Hint: Omit it from the simp argument list.
2026-10-07T22:21:00.1782820Z   [apply] simp (config := { decide := true }) [Matrix.of_apply, a36_shared_div, a40_shared_fpe]
2026-10-07T22:21:00.1782829Z 
2026-10-07T22:21:00.1783280Z Note: This linter can be disabled with `set_option linter.unusedSimpArgs false`
2026-10-07T22:21:00.1783610Z warning: OIBridge/DitaTorusLocus.lean:2757:120: This simp argument is unused:
2026-10-07T22:21:00.1783724Z   a40_shared_fpe
2026-10-07T22:21:00.1783729Z 
2026-10-07T22:21:00.1783889Z Hint: Omit it from the simp argument list.
2026-10-07T22:21:00.1784238Z   [apply] simp (config := { decide := true }) [Matrix.of_apply, a36_shared_div, a36_shared_mod]
2026-10-07T22:21:00.1784243Z 
2026-10-07T22:21:00.1784558Z Note: This linter can be disabled with `set_option linter.unusedSimpArgs false`
2026-10-07T22:21:00.1784976Z warning: OIBridge/DitaTorusLocus.lean:2757:140: Unused tactic linter: `first
2026-10-07T22:21:00.1785089Z | done
2026-10-07T22:21:00.1785198Z | ring
2026-10-07T22:21:00.1785319Z | tauto
2026-10-07T22:21:00.1785457Z | (field_simp; ring)` does nothing
2026-10-07T22:21:00.1785466Z 
2026-10-07T22:21:00.1785771Z Note: This linter can be disabled with `set_option linter.unusedTactic false`
2026-10-07T22:21:00.1786108Z warning: OIBridge/DitaTorusLocus.lean:2757:140: this tactic is never executed
2026-10-07T22:21:00.1786114Z 
2026-10-07T22:21:00.1786445Z Note: This linter can be disabled with `set_option linter.unreachableTactic false`
2026-10-07T22:21:00.1787168Z info: OIBridge/DitaTorusLocus.lean:2758:0: 'OIBridge.DitaTorusLocus.a40_shared_face_1m_rel2' depends on axioms: [propext, Classical.choice, Quot.sound]
2026-10-07T22:21:00.1787517Z warning: OIBridge/DitaTorusLocus.lean:2764:88: This simp argument is unused:
2026-10-07T22:21:00.1787646Z   a36_shared_div
2026-10-07T22:21:00.1787650Z 
2026-10-07T22:21:00.1787809Z Hint: Omit it from the simp argument list.
2026-10-07T22:21:00.1788158Z   [apply] simp (config := { decide := true }) [Matrix.of_apply, a36_shared_mod, a40_shared_fpe]
2026-10-07T22:21:00.1788163Z 
2026-10-07T22:21:00.1788484Z Note: This linter can be disabled with `set_option linter.unusedSimpArgs false`
2026-10-07T22:21:00.1788897Z warning: OIBridge/DitaTorusLocus.lean:2764:104: This simp argument is unused:
2026-10-07T22:21:00.1789027Z   a36_shared_mod
2026-10-07T22:21:00.1789032Z 
2026-10-07T22:21:00.1789206Z Hint: Omit it from the simp argument list.
2026-10-07T22:21:00.1789551Z   [apply] simp (config := { decide := true }) [Matrix.of_apply, a36_shared_div, a40_shared_fpe]
2026-10-07T22:21:00.1789556Z 
2026-10-07T22:21:00.1789876Z Note: This linter can be disabled with `set_option linter.unusedSimpArgs false`
2026-10-07T22:21:00.1790192Z warning: OIBridge/DitaTorusLocus.lean:2764:120: This simp argument is unused:
2026-10-07T22:21:00.1790306Z   a40_shared_fpe
2026-10-07T22:21:00.1790314Z 
2026-10-07T22:21:00.1790472Z Hint: Omit it from the simp argument list.
2026-10-07T22:21:00.1790811Z   [apply] simp (config := { decide := true }) [Matrix.of_apply, a36_shared_div, a36_shared_mod]
2026-10-07T22:21:00.1790816Z 
2026-10-07T22:21:00.1791218Z Note: This linter can be disabled with `set_option linter.unusedSimpArgs false`
2026-10-07T22:21:00.1791559Z warning: OIBridge/DitaTorusLocus.lean:2764:140: Unused tactic linter: `first
2026-10-07T22:21:00.1791673Z | done
2026-10-07T22:21:00.1791788Z | ring
2026-10-07T22:21:00.1791900Z | tauto
2026-10-07T22:21:00.1792034Z | (field_simp; ring)` does nothing
2026-10-07T22:21:00.1792039Z 
2026-10-07T22:21:00.1792350Z Note: This linter can be disabled with `set_option linter.unusedTactic false`
2026-10-07T22:21:00.1792873Z warning: OIBridge/DitaTorusLocus.lean:2764:140: this tactic is never executed
2026-10-07T22:21:00.1792880Z 
2026-10-07T22:21:00.1793217Z Note: This linter can be disabled with `set_option linter.unreachableTactic false`
2026-10-07T22:21:00.1793937Z info: OIBridge/DitaTorusLocus.lean:2765:0: 'OIBridge.DitaTorusLocus.a40_shared_face_1m_rel3' depends on axioms: [propext, Classical.choice, Quot.sound]
2026-10-07T22:21:00.1794253Z warning: OIBridge/DitaTorusLocus.lean:2771:88: This simp argument is unused:
2026-10-07T22:21:00.1794374Z   a36_shared_div
2026-10-07T22:21:00.1794382Z 
2026-10-07T22:21:00.1794549Z Hint: Omit it from the simp argument list.
2026-10-07T22:21:00.1794997Z   [apply] simp (config := { decide := true }) [Matrix.of_apply, a36_shared_mod, a40_shared_fpe]
2026-10-07T22:21:00.1795004Z 
2026-10-07T22:21:00.1795324Z Note: This linter can be disabled with `set_option linter.unusedSimpArgs false`
2026-10-07T22:21:00.1795655Z warning: OIBridge/DitaTorusLocus.lean:2771:104: This simp argument is unused:
2026-10-07T22:21:00.1795774Z   a36_shared_mod
2026-10-07T22:21:00.1795779Z 
2026-10-07T22:21:00.1795936Z Hint: Omit it from the simp argument list.
2026-10-07T22:21:00.1796300Z   [apply] simp (config := { decide := true }) [Matrix.of_apply, a36_shared_div, a40_shared_fpe]
2026-10-07T22:21:00.1796393Z 
2026-10-07T22:21:00.1796717Z Note: This linter can be disabled with `set_option linter.unusedSimpArgs false`
2026-10-07T22:21:00.1797045Z warning: OIBridge/DitaTorusLocus.lean:2771:120: This simp argument is unused:
2026-10-07T22:21:00.1797168Z   a40_shared_fpe
2026-10-07T22:21:00.1797177Z 
2026-10-07T22:21:00.1797341Z Hint: Omit it from the simp argument list.
2026-10-07T22:21:00.1797691Z   [apply] simp (config := { decide := true }) [Matrix.of_apply, a36_shared_div, a36_shared_mod]
2026-10-07T22:21:00.1797696Z 
2026-10-07T22:21:00.1798015Z Note: This linter can be disabled with `set_option linter.unusedSimpArgs false`
2026-10-07T22:21:00.1798335Z warning: OIBridge/DitaTorusLocus.lean:2771:140: Unused tactic linter: `first
2026-10-07T22:21:00.1798445Z | done
2026-10-07T22:21:00.1798557Z | ring
2026-10-07T22:21:00.1798672Z | tauto
2026-10-07T22:21:00.1798812Z | (field_simp; ring)` does nothing
2026-10-07T22:21:00.1798817Z 
2026-10-07T22:21:00.1799118Z Note: This linter can be disabled with `set_option linter.unusedTactic false`
2026-10-07T22:21:00.1799433Z warning: OIBridge/DitaTorusLocus.lean:2771:140: this tactic is never executed
2026-10-07T22:21:00.1799445Z 
2026-10-07T22:21:00.1799778Z Note: This linter can be disabled with `set_option linter.unreachableTactic false`
2026-10-07T22:21:00.1800592Z info: OIBridge/DitaTorusLocus.lean:2772:0: 'OIBridge.DitaTorusLocus.a40_shared_face_1m_rel4' depends on axioms: [propext, Classical.choice, Quot.sound]
2026-10-07T22:21:00.1800912Z warning: OIBridge/DitaTorusLocus.lean:2778:88: This simp argument is unused:
2026-10-07T22:21:00.1801026Z   a36_shared_div
2026-10-07T22:21:00.1801030Z 
2026-10-07T22:21:00.1801192Z Hint: Omit it from the simp argument list.
2026-10-07T22:21:00.1801528Z   [apply] simp (config := { decide := true }) [Matrix.of_apply, a36_shared_mod, a40_shared_fpe]
2026-10-07T22:21:00.1801538Z 
2026-10-07T22:21:00.1801850Z Note: This linter can be disabled with `set_option linter.unusedSimpArgs false`
2026-10-07T22:21:00.1802178Z warning: OIBridge/DitaTorusLocus.lean:2778:104: This simp argument is unused:
2026-10-07T22:21:00.1802289Z   a36_shared_mod
2026-10-07T22:21:00.1802300Z 
2026-10-07T22:21:00.1802449Z Hint: Omit it from the simp argument list.
2026-10-07T22:21:00.1803093Z   [apply] simp (config := { decide := true }) [Matrix.of_apply, a36_shared_div, a40_shared_fpe]
2026-10-07T22:21:00.1803104Z 
2026-10-07T22:21:00.1803435Z Note: This linter can be disabled with `set_option linter.unusedSimpArgs false`
2026-10-07T22:21:00.1803760Z warning: OIBridge/DitaTorusLocus.lean:2778:120: This simp argument is unused:
2026-10-07T22:21:00.1803882Z   a40_shared_fpe
2026-10-07T22:21:00.1803887Z 
2026-10-07T22:21:00.1804046Z Hint: Omit it from the simp argument list.
2026-10-07T22:21:00.1804403Z   [apply] simp (config := { decide := true }) [Matrix.of_apply, a36_shared_div, a36_shared_mod]
2026-10-07T22:21:00.1804408Z 
2026-10-07T22:21:00.1804725Z Note: This linter can be disabled with `set_option linter.unusedSimpArgs false`
2026-10-07T22:21:00.1805042Z warning: OIBridge/DitaTorusLocus.lean:2778:140: Unused tactic linter: `first
2026-10-07T22:21:00.1805152Z | done
2026-10-07T22:21:00.1805260Z | ring
2026-10-07T22:21:00.1805367Z | tauto
2026-10-07T22:21:00.1805513Z | (field_simp; ring)` does nothing
2026-10-07T22:21:00.1805521Z 
2026-10-07T22:21:00.1805834Z Note: This linter can be disabled with `set_option linter.unusedTactic false`
2026-10-07T22:21:00.1806252Z warning: OIBridge/DitaTorusLocus.lean:2778:140: this tactic is never executed
2026-10-07T22:21:00.1806260Z 
2026-10-07T22:21:00.1806634Z Note: This linter can be disabled with `set_option linter.unreachableTactic false`
2026-10-07T22:21:00.1807373Z info: OIBridge/DitaTorusLocus.lean:2779:0: 'OIBridge.DitaTorusLocus.a40_shared_face_1m_rel5' depends on axioms: [propext, Classical.choice, Quot.sound]
2026-10-07T22:21:00.1807698Z warning: OIBridge/DitaTorusLocus.lean:2785:88: This simp argument is unused:
2026-10-07T22:21:00.1807818Z   a36_shared_div
2026-10-07T22:21:00.1807908Z 
2026-10-07T22:21:00.1808072Z Hint: Omit it from the simp argument list.
2026-10-07T22:21:00.1808417Z   [apply] simp (config := { decide := true }) [Matrix.of_apply, a36_shared_mod, a40_shared_fpe]
2026-10-07T22:21:00.1808423Z 
2026-10-07T22:21:00.1808749Z Note: This linter can be disabled with `set_option linter.unusedSimpArgs false`
2026-10-07T22:21:00.1809074Z warning: OIBridge/DitaTorusLocus.lean:2785:104: This simp argument is unused:
2026-10-07T22:21:00.1809193Z   a36_shared_mod
2026-10-07T22:21:00.1809198Z 
2026-10-07T22:21:00.1809359Z Hint: Omit it from the simp argument list.
2026-10-07T22:21:00.1809715Z   [apply] simp (config := { decide := true }) [Matrix.of_apply, a36_shared_div, a40_shared_fpe]
2026-10-07T22:21:00.1809721Z 
2026-10-07T22:21:00.1810034Z Note: This linter can be disabled with `set_option linter.unusedSimpArgs false`
2026-10-07T22:21:00.1810359Z warning: OIBridge/DitaTorusLocus.lean:2785:120: This simp argument is unused:
2026-10-07T22:21:00.1810487Z   a40_shared_fpe
2026-10-07T22:21:00.1810495Z 
2026-10-07T22:21:00.1810658Z Hint: Omit it from the simp argument list.
2026-10-07T22:21:00.1811000Z   [apply] simp (config := { decide := true }) [Matrix.of_apply, a36_shared_div, a36_shared_mod]
2026-10-07T22:21:00.1811005Z 
2026-10-07T22:21:00.1811324Z Note: This linter can be disabled with `set_option linter.unusedSimpArgs false`
2026-10-07T22:21:00.1811738Z warning: OIBridge/DitaTorusLocus.lean:2785:140: Unused tactic linter: `first
2026-10-07T22:21:00.1811855Z | done
2026-10-07T22:21:00.1811971Z | ring
2026-10-07T22:21:00.1812081Z | tauto
2026-10-07T22:21:00.1812229Z | (field_simp; ring)` does nothing
2026-10-07T22:21:00.1812234Z 
2026-10-07T22:21:00.1812543Z Note: This linter can be disabled with `set_option linter.unusedTactic false`
2026-10-07T22:21:00.1813082Z warning: OIBridge/DitaTorusLocus.lean:2785:140: this tactic is never executed
2026-10-07T22:21:00.1813089Z 
2026-10-07T22:21:00.1813429Z Note: This linter can be disabled with `set_option linter.unreachableTactic false`
2026-10-07T22:21:00.1814135Z info: OIBridge/DitaTorusLocus.lean:2786:0: 'OIBridge.DitaTorusLocus.a40_shared_face_1m_rel6' depends on axioms: [propext, Classical.choice, Quot.sound]
2026-10-07T22:21:00.1814545Z warning: OIBridge/DitaTorusLocus.lean:2792:88: This simp argument is unused:
2026-10-07T22:21:00.1814673Z   a36_shared_div
2026-10-07T22:21:00.1814678Z 
2026-10-07T22:21:00.1814837Z Hint: Omit it from the simp argument list.
2026-10-07T22:21:00.1815184Z   [apply] simp (config := { decide := true }) [Matrix.of_apply, a36_shared_mod, a40_shared_fpe]
2026-10-07T22:21:00.1815189Z 
2026-10-07T22:21:00.1815519Z Note: This linter can be disabled with `set_option linter.unusedSimpArgs false`
2026-10-07T22:21:00.1815844Z warning: OIBridge/DitaTorusLocus.lean:2792:104: This simp argument is unused:
2026-10-07T22:21:00.1815960Z   a36_shared_mod
2026-10-07T22:21:00.1815964Z 
2026-10-07T22:21:00.1816136Z Hint: Omit it from the simp argument list.
2026-10-07T22:21:00.1816478Z   [apply] simp (config := { decide := true }) [Matrix.of_apply, a36_shared_div, a40_shared_fpe]
2026-10-07T22:21:00.1816489Z 
2026-10-07T22:21:00.1816824Z Note: This linter can be disabled with `set_option linter.unusedSimpArgs false`
2026-10-07T22:21:00.1817160Z warning: OIBridge/DitaTorusLocus.lean:2792:120: This simp argument is unused:
2026-10-07T22:21:00.1817274Z   a40_shared_fpe
2026-10-07T22:21:00.1817279Z 
2026-10-07T22:21:00.1817533Z Hint: Omit it from the simp argument list.
2026-10-07T22:21:00.1817893Z   [apply] simp (config := { decide := true }) [Matrix.of_apply, a36_shared_div, a36_shared_mod]
2026-10-07T22:21:00.1817899Z 
2026-10-07T22:21:00.1818214Z Note: This linter can be disabled with `set_option linter.unusedSimpArgs false`
2026-10-07T22:21:00.1818524Z warning: OIBridge/DitaTorusLocus.lean:2792:140: Unused tactic linter: `first
2026-10-07T22:21:00.1818633Z | done
2026-10-07T22:21:00.1818737Z | ring
2026-10-07T22:21:00.1818847Z | tauto
2026-10-07T22:21:00.1818986Z | (field_simp; ring)` does nothing
2026-10-07T22:21:00.1819080Z 
2026-10-07T22:21:00.1819377Z Note: This linter can be disabled with `set_option linter.unusedTactic false`
2026-10-07T22:21:00.1819707Z warning: OIBridge/DitaTorusLocus.lean:2792:140: this tactic is never executed
2026-10-07T22:21:00.1819713Z 
2026-10-07T22:21:00.1820063Z Note: This linter can be disabled with `set_option linter.unreachableTactic false`
2026-10-07T22:21:00.1820808Z info: OIBridge/DitaTorusLocus.lean:2793:0: 'OIBridge.DitaTorusLocus.a40_shared_face_1m_rel7' depends on axioms: [propext, Classical.choice, Quot.sound]
2026-10-07T22:21:00.1821539Z info: OIBridge/DitaTorusLocus.lean:2799:0: 'OIBridge.DitaTorusLocus.a40_shared_face_1m_core' depends on axioms: [propext, Classical.choice, Quot.sound]
2026-10-07T22:21:00.1821876Z warning: OIBridge/DitaTorusLocus.lean:2805:88: This simp argument is unused:
2026-10-07T22:21:00.1821991Z   a36_shared_div
2026-10-07T22:21:00.1821996Z 
2026-10-07T22:21:00.1822156Z Hint: Omit it from the simp argument list.
2026-10-07T22:21:00.1822504Z   [apply] simp (config := { decide := true }) [Matrix.of_apply, a36_shared_mod, a40_shared_fpe]
2026-10-07T22:21:00.1822513Z 
2026-10-07T22:21:00.1823029Z Note: This linter can be disabled with `set_option linter.unusedSimpArgs false`
2026-10-07T22:21:00.1823380Z warning: OIBridge/DitaTorusLocus.lean:2805:120: This simp argument is unused:
2026-10-07T22:21:00.1823603Z   a40_shared_fpe
2026-10-07T22:21:00.1823608Z 
2026-10-07T22:21:00.1823769Z Hint: Omit it from the simp argument list.
2026-10-07T22:21:00.1824119Z   [apply] simp (config := { decide := true }) [Matrix.of_apply, a36_shared_div, a36_shared_mod]
2026-10-07T22:21:00.1824125Z 
2026-10-07T22:21:00.1824441Z Note: This linter can be disabled with `set_option linter.unusedSimpArgs false`
2026-10-07T22:21:00.1824758Z warning: OIBridge/DitaTorusLocus.lean:2805:140: Unused tactic linter: `first
2026-10-07T22:21:00.1824874Z | done
2026-10-07T22:21:00.1824985Z | ring
2026-10-07T22:21:00.1825090Z | tauto
2026-10-07T22:21:00.1825226Z | (field_simp; ring)` does nothing
2026-10-07T22:21:00.1825235Z 
2026-10-07T22:21:00.1825560Z Note: This linter can be disabled with `set_option linter.unusedTactic false`
2026-10-07T22:21:00.1831797Z warning: OIBridge/DitaTorusLocus.lean:2805:140: this tactic is never executed
2026-10-07T22:21:00.1831976Z 
2026-10-07T22:21:00.1832363Z Note: This linter can be disabled with `set_option linter.unreachableTactic false`
2026-10-07T22:21:00.1833398Z info: OIBridge/DitaTorusLocus.lean:2806:0: 'OIBridge.DitaTorusLocus.a40_shared_face_2p_rel0' depends on axioms: [propext, Classical.choice, Quot.sound]
2026-10-07T22:21:00.1833751Z warning: OIBridge/DitaTorusLocus.lean:2812:88: This simp argument is unused:
2026-10-07T22:21:00.1833882Z   a36_shared_div
2026-10-07T22:21:00.1833887Z 
2026-10-07T22:21:00.1834048Z Hint: Omit it from the simp argument list.
2026-10-07T22:21:00.1834437Z   [apply] simp (config := { decide := true }) [Matrix.of_apply, a36_shared_mod, a40_shared_fpe]
2026-10-07T22:21:00.1834442Z 
2026-10-07T22:21:00.1834781Z Note: This linter can be disabled with `set_option linter.unusedSimpArgs false`
2026-10-07T22:21:00.1835116Z warning: OIBridge/DitaTorusLocus.lean:2812:120: This simp argument is unused:
2026-10-07T22:21:00.1835252Z   a40_shared_fpe
2026-10-07T22:21:00.1835258Z 
2026-10-07T22:21:00.1835427Z Hint: Omit it from the simp argument list.
2026-10-07T22:21:00.1835776Z   [apply] simp (config := { decide := true }) [Matrix.of_apply, a36_shared_div, a36_shared_mod]
2026-10-07T22:21:00.1835885Z 
2026-10-07T22:21:00.1836231Z Note: This linter can be disabled with `set_option linter.unusedSimpArgs false`
2026-10-07T22:21:00.1836561Z warning: OIBridge/DitaTorusLocus.lean:2812:140: Unused tactic linter: `first
2026-10-07T22:21:00.1836670Z | done
2026-10-07T22:21:00.1836788Z | ring
2026-10-07T22:21:00.1836903Z | tauto
2026-10-07T22:21:00.1837039Z | (field_simp; ring)` does nothing
2026-10-07T22:21:00.1837045Z 
2026-10-07T22:21:00.1837352Z Note: This linter can be disabled with `set_option linter.unusedTactic false`
2026-10-07T22:21:00.1837765Z warning: OIBridge/DitaTorusLocus.lean:2812:140: this tactic is never executed
2026-10-07T22:21:00.1837770Z 
2026-10-07T22:21:00.1838121Z Note: This linter can be disabled with `set_option linter.unreachableTactic false`
2026-10-07T22:21:00.1838858Z info: OIBridge/DitaTorusLocus.lean:2813:0: 'OIBridge.DitaTorusLocus.a40_shared_face_2p_rel1' depends on axioms: [propext, Classical.choice, Quot.sound]
2026-10-07T22:21:00.1839192Z warning: OIBridge/DitaTorusLocus.lean:2819:88: This simp argument is unused:
2026-10-07T22:21:00.1839311Z   a36_shared_div
2026-10-07T22:21:00.1839316Z 
2026-10-07T22:21:00.1839478Z Hint: Omit it from the simp argument list.
2026-10-07T22:21:00.1839829Z   [apply] simp (config := { decide := true }) [Matrix.of_apply, a36_shared_mod, a40_shared_fpe]
2026-10-07T22:21:00.1839834Z 
2026-10-07T22:21:00.1840157Z Note: This linter can be disabled with `set_option linter.unusedSimpArgs false`
2026-10-07T22:21:00.1840490Z warning: OIBridge/DitaTorusLocus.lean:2819:120: This simp argument is unused:
2026-10-07T22:21:00.1840621Z   a40_shared_fpe
2026-10-07T22:21:00.1840626Z 
2026-10-07T22:21:00.1840790Z Hint: Omit it from the simp argument list.
2026-10-07T22:21:00.1841146Z   [apply] simp (config := { decide := true }) [Matrix.of_apply, a36_shared_div, a36_shared_mod]
2026-10-07T22:21:00.1841152Z 
2026-10-07T22:21:00.1841575Z Note: This linter can be disabled with `set_option linter.unusedSimpArgs false`
2026-10-07T22:21:00.1841901Z warning: OIBridge/DitaTorusLocus.lean:2819:140: Unused tactic linter: `first
2026-10-07T22:21:00.1842031Z | done
2026-10-07T22:21:00.1842149Z | ring
2026-10-07T22:21:00.1842271Z | tauto
2026-10-07T22:21:00.1842422Z | (field_simp; ring)` does nothing
2026-10-07T22:21:00.1842428Z 
2026-10-07T22:21:00.1842947Z Note: This linter can be disabled with `set_option linter.unusedTactic false`
2026-10-07T22:21:00.1843283Z warning: OIBridge/DitaTorusLocus.lean:2819:140: this tactic is never executed
2026-10-07T22:21:00.1843289Z 
2026-10-07T22:21:00.1843634Z Note: This linter can be disabled with `set_option linter.unreachableTactic false`
2026-10-07T22:21:00.1844388Z info: OIBridge/DitaTorusLocus.lean:2820:0: 'OIBridge.DitaTorusLocus.a40_shared_face_2p_rel2' depends on axioms: [propext, Classical.choice, Quot.sound]
2026-10-07T22:21:00.1844821Z warning: OIBridge/DitaTorusLocus.lean:2826:88: This simp argument is unused:
2026-10-07T22:21:00.1844956Z   a36_shared_div
2026-10-07T22:21:00.1844961Z 
2026-10-07T22:21:00.1845122Z Hint: Omit it from the simp argument list.
2026-10-07T22:21:00.1845520Z   [apply] simp (config := { decide := true }) [Matrix.of_apply, a36_shared_mod, a40_shared_fpe]
2026-10-07T22:21:00.1845525Z 
2026-10-07T22:21:00.1845895Z Note: This linter can be disabled with `set_option linter.unusedSimpArgs false`
2026-10-07T22:21:00.1846267Z warning: OIBridge/DitaTorusLocus.lean:2826:120: This simp argument is unused:
2026-10-07T22:21:00.1846403Z   a40_shared_fpe
2026-10-07T22:21:00.1846408Z 
2026-10-07T22:21:00.1846578Z Hint: Omit it from the simp argument list.
2026-10-07T22:21:00.1846946Z   [apply] simp (config := { decide := true }) [Matrix.of_apply, a36_shared_div, a36_shared_mod]
2026-10-07T22:21:00.1846951Z 
2026-10-07T22:21:00.1847281Z Note: This linter can be disabled with `set_option linter.unusedSimpArgs false`
2026-10-07T22:21:00.1847611Z warning: OIBridge/DitaTorusLocus.lean:2826:140: Unused tactic linter: `first
2026-10-07T22:21:00.1847723Z | done
2026-10-07T22:21:00.1847840Z | ring
2026-10-07T22:21:00.1848061Z | tauto
2026-10-07T22:21:00.1848213Z | (field_simp; ring)` does nothing
2026-10-07T22:21:00.1848218Z 
2026-10-07T22:21:00.1848537Z Note: This linter can be disabled with `set_option linter.unusedTactic false`
2026-10-07T22:21:00.1848880Z warning: OIBridge/DitaTorusLocus.lean:2826:140: this tactic is never executed
2026-10-07T22:21:00.1848885Z 
2026-10-07T22:21:00.1849225Z Note: This linter can be disabled with `set_option linter.unreachableTactic false`
2026-10-07T22:21:00.1850009Z info: OIBridge/DitaTorusLocus.lean:2827:0: 'OIBridge.DitaTorusLocus.a40_shared_face_2p_rel3' depends on axioms: [propext, Classical.choice, Quot.sound]
2026-10-07T22:21:00.1850441Z warning: OIBridge/DitaTorusLocus.lean:2833:88: This simp argument is unused:
2026-10-07T22:21:00.1850557Z   a36_shared_div
2026-10-07T22:21:00.1850563Z 
2026-10-07T22:21:00.1850726Z Hint: Omit it from the simp argument list.
2026-10-07T22:21:00.1851081Z   [apply] simp (config := { decide := true }) [Matrix.of_apply, a36_shared_mod, a40_shared_fpe]
2026-10-07T22:21:00.1851086Z 
2026-10-07T22:21:00.1851420Z Note: This linter can be disabled with `set_option linter.unusedSimpArgs false`
2026-10-07T22:21:00.1851775Z warning: OIBridge/DitaTorusLocus.lean:2833:120: This simp argument is unused:
2026-10-07T22:21:00.1851898Z   a40_shared_fpe
2026-10-07T22:21:00.1851903Z 
2026-10-07T22:21:00.1852057Z Hint: Omit it from the simp argument list.
2026-10-07T22:21:00.1852412Z   [apply] simp (config := { decide := true }) [Matrix.of_apply, a36_shared_div, a36_shared_mod]
2026-10-07T22:21:00.1852417Z 
2026-10-07T22:21:00.1852939Z Note: This linter can be disabled with `set_option linter.unusedSimpArgs false`
2026-10-07T22:21:00.1853270Z warning: OIBridge/DitaTorusLocus.lean:2833:140: Unused tactic linter: `first
2026-10-07T22:21:00.1853390Z | done
2026-10-07T22:21:00.1853501Z | ring
2026-10-07T22:21:00.1853619Z | tauto
2026-10-07T22:21:00.1853861Z | (field_simp; ring)` does nothing
2026-10-07T22:21:00.1853867Z 
2026-10-07T22:21:00.1854184Z Note: This linter can be disabled with `set_option linter.unusedTactic false`
2026-10-07T22:21:00.1854522Z warning: OIBridge/DitaTorusLocus.lean:2833:140: this tactic is never executed
2026-10-07T22:21:00.1854528Z 
2026-10-07T22:21:00.1854870Z Note: This linter can be disabled with `set_option linter.unreachableTactic false`
2026-10-07T22:21:00.1855603Z info: OIBridge/DitaTorusLocus.lean:2834:0: 'OIBridge.DitaTorusLocus.a40_shared_face_2p_rel4' depends on axioms: [propext, Classical.choice, Quot.sound]
2026-10-07T22:21:00.1855936Z warning: OIBridge/DitaTorusLocus.lean:2840:88: This simp argument is unused:
2026-10-07T22:21:00.1856063Z   a36_shared_div
2026-10-07T22:21:00.1856067Z 
2026-10-07T22:21:00.1856221Z Hint: Omit it from the simp argument list.
2026-10-07T22:21:00.1856673Z   [apply] simp (config := { decide := true }) [Matrix.of_apply, a36_shared_mod, a40_shared_fpe]
2026-10-07T22:21:00.1856684Z 
2026-10-07T22:21:00.1857011Z Note: This linter can be disabled with `set_option linter.unusedSimpArgs false`
2026-10-07T22:21:00.1857360Z warning: OIBridge/DitaTorusLocus.lean:2840:120: This simp argument is unused:
2026-10-07T22:21:00.1857493Z   a40_shared_fpe
2026-10-07T22:21:00.1857498Z 
2026-10-07T22:21:00.1857667Z Hint: Omit it from the simp argument list.
2026-10-07T22:21:00.1858018Z   [apply] simp (config := { decide := true }) [Matrix.of_apply, a36_shared_div, a36_shared_mod]
2026-10-07T22:21:00.1858024Z 
2026-10-07T22:21:00.1858346Z Note: This linter can be disabled with `set_option linter.unusedSimpArgs false`
2026-10-07T22:21:00.1858667Z warning: OIBridge/DitaTorusLocus.lean:2840:140: Unused tactic linter: `first
2026-10-07T22:21:00.1858777Z | done
2026-10-07T22:21:00.1858913Z | ring
2026-10-07T22:21:00.1859060Z | tauto
2026-10-07T22:21:00.1859202Z | (field_simp; ring)` does nothing
2026-10-07T22:21:00.1859207Z 
2026-10-07T22:21:00.1859512Z Note: This linter can be disabled with `set_option linter.unusedTactic false`
2026-10-07T22:21:00.1859834Z warning: OIBridge/DitaTorusLocus.lean:2840:140: this tactic is never executed
2026-10-07T22:21:00.1859941Z 
2026-10-07T22:21:00.1860275Z Note: This linter can be disabled with `set_option linter.unreachableTactic false`
2026-10-07T22:21:00.1860987Z info: OIBridge/DitaTorusLocus.lean:2841:0: 'OIBridge.DitaTorusLocus.a40_shared_face_2p_rel5' depends on axioms: [propext, Classical.choice, Quot.sound]
2026-10-07T22:21:00.1861307Z warning: OIBridge/DitaTorusLocus.lean:2847:88: This simp argument is unused:
2026-10-07T22:21:00.1861426Z   a36_shared_div
2026-10-07T22:21:00.1861431Z 
2026-10-07T22:21:00.1861599Z Hint: Omit it from the simp argument list.
2026-10-07T22:21:00.1862051Z   [apply] simp (config := { decide := true }) [Matrix.of_apply, a36_shared_mod, a40_shared_fpe]
2026-10-07T22:21:00.1862057Z 
2026-10-07T22:21:00.1862378Z Note: This linter can be disabled with `set_option linter.unusedSimpArgs false`
2026-10-07T22:21:00.1862907Z warning: OIBridge/DitaTorusLocus.lean:2847:120: This simp argument is unused:
2026-10-07T22:21:00.1863102Z   a40_shared_fpe
2026-10-07T22:21:00.1863109Z 
2026-10-07T22:21:00.1863292Z Hint: Omit it from the simp argument list.
2026-10-07T22:21:00.1863654Z   [apply] simp (config := { decide := true }) [Matrix.of_apply, a36_shared_div, a36_shared_mod]
2026-10-07T22:21:00.1863660Z 
2026-10-07T22:21:00.1863974Z Note: This linter can be disabled with `set_option linter.unusedSimpArgs false`
2026-10-07T22:21:00.1864286Z warning: OIBridge/DitaTorusLocus.lean:2847:140: Unused tactic linter: `first
2026-10-07T22:21:00.1864407Z | done
2026-10-07T22:21:00.1864519Z | ring
2026-10-07T22:21:00.1864645Z | tauto
2026-10-07T22:21:00.1864803Z | (field_simp; ring)` does nothing
2026-10-07T22:21:00.1864808Z 
2026-10-07T22:21:00.1865121Z Note: This linter can be disabled with `set_option linter.unusedTactic false`
2026-10-07T22:21:00.1865450Z warning: OIBridge/DitaTorusLocus.lean:2847:140: this tactic is never executed
2026-10-07T22:21:00.1865455Z 
2026-10-07T22:21:00.1865899Z Note: This linter can be disabled with `set_option linter.unreachableTactic false`
2026-10-07T22:21:00.1866608Z info: OIBridge/DitaTorusLocus.lean:2848:0: 'OIBridge.DitaTorusLocus.a40_shared_face_2p_rel6' depends on axioms: [propext, Classical.choice, Quot.sound]
2026-10-07T22:21:00.1866934Z warning: OIBridge/DitaTorusLocus.lean:2854:88: This simp argument is unused:
2026-10-07T22:21:00.1867063Z   a36_shared_div
2026-10-07T22:21:00.1867069Z 
2026-10-07T22:21:00.1867226Z Hint: Omit it from the simp argument list.
2026-10-07T22:21:00.1867574Z   [apply] simp (config := { decide := true }) [Matrix.of_apply, a36_shared_mod, a40_shared_fpe]
2026-10-07T22:21:00.1867579Z 
2026-10-07T22:21:00.1867902Z Note: This linter can be disabled with `set_option linter.unusedSimpArgs false`
2026-10-07T22:21:00.1868236Z warning: OIBridge/DitaTorusLocus.lean:2854:120: This simp argument is unused:
2026-10-07T22:21:00.1868364Z   a40_shared_fpe
2026-10-07T22:21:00.1868461Z 
2026-10-07T22:21:00.1868641Z Hint: Omit it from the simp argument list.
2026-10-07T22:21:00.1868983Z   [apply] simp (config := { decide := true }) [Matrix.of_apply, a36_shared_div, a36_shared_mod]
2026-10-07T22:21:00.1868989Z 
2026-10-07T22:21:00.1869320Z Note: This linter can be disabled with `set_option linter.unusedSimpArgs false`
2026-10-07T22:21:00.1869656Z warning: OIBridge/DitaTorusLocus.lean:2854:140: Unused tactic linter: `first
2026-10-07T22:21:00.1869770Z | done
2026-10-07T22:21:00.1869886Z | ring
2026-10-07T22:21:00.1870006Z | tauto
2026-10-07T22:21:00.1870148Z | (field_simp; ring)` does nothing
2026-10-07T22:21:00.1870153Z 
2026-10-07T22:21:00.1870466Z Note: This linter can be disabled with `set_option linter.unusedTactic false`
2026-10-07T22:21:00.1870800Z warning: OIBridge/DitaTorusLocus.lean:2854:140: this tactic is never executed
2026-10-07T22:21:00.1870807Z 
2026-10-07T22:21:00.1871138Z Note: This linter can be disabled with `set_option linter.unreachableTactic false`
2026-10-07T22:21:00.1871852Z info: OIBridge/DitaTorusLocus.lean:2855:0: 'OIBridge.DitaTorusLocus.a40_shared_face_2p_rel7' depends on axioms: [propext, Classical.choice, Quot.sound]
2026-10-07T22:21:00.1872891Z info: OIBridge/DitaTorusLocus.lean:2861:0: 'OIBridge.DitaTorusLocus.a40_shared_face_2p_core' depends on axioms: [propext, Classical.choice, Quot.sound]
2026-10-07T22:21:00.1873239Z warning: OIBridge/DitaTorusLocus.lean:2868:88: This simp argument is unused:
2026-10-07T22:21:00.1873368Z   a36_shared_div
2026-10-07T22:21:00.1873374Z 
2026-10-07T22:21:00.1873556Z Hint: Omit it from the simp argument list.
2026-10-07T22:21:00.1873923Z   [apply] simp (config := { decide := true }) [Matrix.of_apply, a36_shared_mod, a40_shared_fpe]
2026-10-07T22:21:00.1874022Z 
2026-10-07T22:21:00.1874353Z Note: This linter can be disabled with `set_option linter.unusedSimpArgs false`
2026-10-07T22:21:00.1874676Z warning: OIBridge/DitaTorusLocus.lean:2868:120: This simp argument is unused:
2026-10-07T22:21:00.1874794Z   a40_shared_fpe
2026-10-07T22:21:00.1874803Z 
2026-10-07T22:21:00.1874966Z Hint: Omit it from the simp argument list.
2026-10-07T22:21:00.1875323Z   [apply] simp (config := { decide := true }) [Matrix.of_apply, a36_shared_div, a36_shared_mod]
2026-10-07T22:21:00.1875329Z 
2026-10-07T22:21:00.1875652Z Note: This linter can be disabled with `set_option linter.unusedSimpArgs false`
2026-10-07T22:21:00.1876090Z warning: OIBridge/DitaTorusLocus.lean:2868:140: Unused tactic linter: `first
2026-10-07T22:21:00.1876240Z | done
2026-10-07T22:21:00.1876345Z | ring
2026-10-07T22:21:00.1876464Z | tauto
2026-10-07T22:21:00.1876605Z | (field_simp; ring)` does nothing
2026-10-07T22:21:00.1876611Z 
2026-10-07T22:21:00.1876946Z Note: This linter can be disabled with `set_option linter.unusedTactic false`
2026-10-07T22:21:00.1877332Z warning: OIBridge/DitaTorusLocus.lean:2868:140: this tactic is never executed
2026-10-07T22:21:00.1877339Z 
2026-10-07T22:21:00.1877664Z Note: This linter can be disabled with `set_option linter.unreachableTactic false`
2026-10-07T22:21:00.1878388Z info: OIBridge/DitaTorusLocus.lean:2869:0: 'OIBridge.DitaTorusLocus.a40_shared_face_3p_rel0' depends on axioms: [propext, Classical.choice, Quot.sound]
2026-10-07T22:21:00.1878812Z warning: OIBridge/DitaTorusLocus.lean:2876:88: This simp argument is unused:
2026-10-07T22:21:00.1878923Z   a36_shared_div
2026-10-07T22:21:00.1878928Z 
2026-10-07T22:21:00.1879092Z Hint: Omit it from the simp argument list.
2026-10-07T22:21:00.1879464Z   [apply] simp (config := { decide := true }) [Matrix.of_apply, a36_shared_mod, a40_shared_fpe]
2026-10-07T22:21:00.1879471Z 
2026-10-07T22:21:00.1879788Z Note: This linter can be disabled with `set_option linter.unusedSimpArgs false`
2026-10-07T22:21:00.1880115Z warning: OIBridge/DitaTorusLocus.lean:2876:120: This simp argument is unused:
2026-10-07T22:21:00.1880248Z   a40_shared_fpe
2026-10-07T22:21:00.1880252Z 
2026-10-07T22:21:00.1880407Z Hint: Omit it from the simp argument list.
2026-10-07T22:21:00.1880848Z   [apply] simp (config := { decide := true }) [Matrix.of_apply, a36_shared_div, a36_shared_mod]
2026-10-07T22:21:00.1880859Z 
2026-10-07T22:21:00.1881262Z Note: This linter can be disabled with `set_option linter.unusedSimpArgs false`
2026-10-07T22:21:00.1881593Z warning: OIBridge/DitaTorusLocus.lean:2876:140: Unused tactic linter: `first
2026-10-07T22:21:00.1881715Z | done
2026-10-07T22:21:00.1881826Z | ring
2026-10-07T22:21:00.1881937Z | tauto
2026-10-07T22:21:00.1882083Z | (field_simp; ring)` does nothing
2026-10-07T22:21:00.1882088Z 
2026-10-07T22:21:00.1882399Z Note: This linter can be disabled with `set_option linter.unusedTactic false`
2026-10-07T22:21:00.1882934Z warning: OIBridge/DitaTorusLocus.lean:2876:140: this tactic is never executed
2026-10-07T22:21:00.1882947Z 
2026-10-07T22:21:00.1883291Z Note: This linter can be disabled with `set_option linter.unreachableTactic false`
2026-10-07T22:21:00.1884020Z info: OIBridge/DitaTorusLocus.lean:2877:0: 'OIBridge.DitaTorusLocus.a40_shared_face_3p_rel1' depends on axioms: [propext, Classical.choice, Quot.sound]
2026-10-07T22:21:00.1884342Z warning: OIBridge/DitaTorusLocus.lean:2884:88: This simp argument is unused:
2026-10-07T22:21:00.1884470Z   a36_shared_div
2026-10-07T22:21:00.1884573Z 
2026-10-07T22:21:00.1884739Z Hint: Omit it from the simp argument list.
2026-10-07T22:21:00.1885090Z   [apply] simp (config := { decide := true }) [Matrix.of_apply, a36_shared_mod, a40_shared_fpe]
2026-10-07T22:21:00.1885095Z 
2026-10-07T22:21:00.1885411Z Note: This linter can be disabled with `set_option linter.unusedSimpArgs false`
2026-10-07T22:21:00.1885731Z warning: OIBridge/DitaTorusLocus.lean:2884:120: This simp argument is unused:
2026-10-07T22:21:00.1885850Z   a40_shared_fpe
2026-10-07T22:21:00.1885855Z 
2026-10-07T22:21:00.1886126Z Hint: Omit it from the simp argument list.
2026-10-07T22:21:00.1886493Z   [apply] simp (config := { decide := true }) [Matrix.of_apply, a36_shared_div, a36_shared_mod]
2026-10-07T22:21:00.1886498Z 
2026-10-07T22:21:00.1886831Z Note: This linter can be disabled with `set_option linter.unusedSimpArgs false`
2026-10-07T22:21:00.1887191Z warning: OIBridge/DitaTorusLocus.lean:2884:140: Unused tactic linter: `first
2026-10-07T22:21:00.1887299Z | done
2026-10-07T22:21:00.1887411Z | ring
2026-10-07T22:21:00.1887519Z | tauto
2026-10-07T22:21:00.1887667Z | (field_simp; ring)` does nothing
2026-10-07T22:21:00.1887672Z 
2026-10-07T22:21:00.1887975Z Note: This linter can be disabled with `set_option linter.unusedTactic false`
2026-10-07T22:21:00.1888290Z warning: OIBridge/DitaTorusLocus.lean:2884:140: this tactic is never executed
2026-10-07T22:21:00.1888295Z 
2026-10-07T22:21:00.1888626Z Note: This linter can be disabled with `set_option linter.unreachableTactic false`
2026-10-07T22:21:00.1889325Z info: OIBridge/DitaTorusLocus.lean:2885:0: 'OIBridge.DitaTorusLocus.a40_shared_face_3p_rel2' depends on axioms: [propext, Classical.choice, Quot.sound]
2026-10-07T22:21:00.1889646Z warning: OIBridge/DitaTorusLocus.lean:2892:88: This simp argument is unused:
2026-10-07T22:21:00.1889772Z   a36_shared_div
2026-10-07T22:21:00.1889778Z 
2026-10-07T22:21:00.1890038Z Hint: Omit it from the simp argument list.
2026-10-07T22:21:00.1890388Z   [apply] simp (config := { decide := true }) [Matrix.of_apply, a36_shared_mod, a40_shared_fpe]
2026-10-07T22:21:00.1890393Z 
2026-10-07T22:21:00.1890719Z Note: This linter can be disabled with `set_option linter.unusedSimpArgs false`
2026-10-07T22:21:00.1891053Z warning: OIBridge/DitaTorusLocus.lean:2892:120: This simp argument is unused:
2026-10-07T22:21:00.1891181Z   a40_shared_fpe
2026-10-07T22:21:00.1891185Z 
2026-10-07T22:21:00.1891344Z Hint: Omit it from the simp argument list.
2026-10-07T22:21:00.1891680Z   [apply] simp (config := { decide := true }) [Matrix.of_apply, a36_shared_div, a36_shared_mod]
2026-10-07T22:21:00.1891689Z 
2026-10-07T22:21:00.1891994Z Note: This linter can be disabled with `set_option linter.unusedSimpArgs false`
2026-10-07T22:21:00.1892310Z warning: OIBridge/DitaTorusLocus.lean:2892:140: Unused tactic linter: `first
2026-10-07T22:21:00.1892510Z | done
2026-10-07T22:21:00.1892833Z | ring
2026-10-07T22:21:00.1892965Z | tauto
2026-10-07T22:21:00.1893114Z | (field_simp; ring)` does nothing
2026-10-07T22:21:00.1893120Z 
2026-10-07T22:21:00.1893437Z Note: This linter can be disabled with `set_option linter.unusedTactic false`
2026-10-07T22:21:00.1893768Z warning: OIBridge/DitaTorusLocus.lean:2892:140: this tactic is never executed
2026-10-07T22:21:00.1893773Z 
2026-10-07T22:21:00.1894107Z Note: This linter can be disabled with `set_option linter.unreachableTactic false`
2026-10-07T22:21:00.1894819Z info: OIBridge/DitaTorusLocus.lean:2893:0: 'OIBridge.DitaTorusLocus.a40_shared_face_3p_rel3' depends on axioms: [propext, Classical.choice, Quot.sound]
2026-10-07T22:21:00.1895136Z warning: OIBridge/DitaTorusLocus.lean:2900:88: This simp argument is unused:
2026-10-07T22:21:00.1895270Z   a36_shared_div
2026-10-07T22:21:00.1895275Z 
2026-10-07T22:21:00.1895433Z Hint: Omit it from the simp argument list.
2026-10-07T22:21:00.1895790Z   [apply] simp (config := { decide := true }) [Matrix.of_apply, a36_shared_mod, a40_shared_fpe]
2026-10-07T22:21:00.1895798Z 
2026-10-07T22:21:00.1896230Z Note: This linter can be disabled with `set_option linter.unusedSimpArgs false`
2026-10-07T22:21:00.1896556Z warning: OIBridge/DitaTorusLocus.lean:2900:120: This simp argument is unused:
2026-10-07T22:21:00.1896680Z   a40_shared_fpe
2026-10-07T22:21:00.1896686Z 
2026-10-07T22:21:00.1896848Z Hint: Omit it from the simp argument list.
2026-10-07T22:21:00.1897183Z   [apply] simp (config := { decide := true }) [Matrix.of_apply, a36_shared_div, a36_shared_mod]
2026-10-07T22:21:00.1897189Z 
2026-10-07T22:21:00.1897499Z Note: This linter can be disabled with `set_option linter.unusedSimpArgs false`
2026-10-07T22:21:00.1897947Z warning: OIBridge/DitaTorusLocus.lean:2900:140: Unused tactic linter: `first
2026-10-07T22:21:00.1898073Z | done
2026-10-07T22:21:00.1898202Z | ring
2026-10-07T22:21:00.1898314Z | tauto
2026-10-07T22:21:00.1898472Z | (field_simp; ring)` does nothing
2026-10-07T22:21:00.1898481Z 
2026-10-07T22:21:00.1898805Z Note: This linter can be disabled with `set_option linter.unusedTactic false`
2026-10-07T22:21:00.1899142Z warning: OIBridge/DitaTorusLocus.lean:2900:140: this tactic is never executed
2026-10-07T22:21:00.1899148Z 
2026-10-07T22:21:00.1899501Z Note: This linter can be disabled with `set_option linter.unreachableTactic false`
2026-10-07T22:21:00.1900256Z info: OIBridge/DitaTorusLocus.lean:2901:0: 'OIBridge.DitaTorusLocus.a40_shared_face_3p_rel4' depends on axioms: [propext, Classical.choice, Quot.sound]
2026-10-07T22:21:00.1900598Z warning: OIBridge/DitaTorusLocus.lean:2908:88: This simp argument is unused:
2026-10-07T22:21:00.1900722Z   a36_shared_div
2026-10-07T22:21:00.1900727Z 
2026-10-07T22:21:00.1900894Z Hint: Omit it from the simp argument list.
2026-10-07T22:21:00.1901256Z   [apply] simp (config := { decide := true }) [Matrix.of_apply, a36_shared_mod, a40_shared_fpe]
2026-10-07T22:21:00.1901262Z 
2026-10-07T22:21:00.1901613Z Note: This linter can be disabled with `set_option linter.unusedSimpArgs false`
2026-10-07T22:21:00.1902095Z warning: OIBridge/DitaTorusLocus.lean:2908:120: This simp argument is unused:
2026-10-07T22:21:00.1902223Z   a40_shared_fpe
2026-10-07T22:21:00.1902229Z 
2026-10-07T22:21:00.1902397Z Hint: Omit it from the simp argument list.
2026-10-07T22:21:00.1902986Z   [apply] simp (config := { decide := true }) [Matrix.of_apply, a36_shared_div, a36_shared_mod]
2026-10-07T22:21:00.1902992Z 
2026-10-07T22:21:00.1903315Z Note: This linter can be disabled with `set_option linter.unusedSimpArgs false`
2026-10-07T22:21:00.1903644Z warning: OIBridge/DitaTorusLocus.lean:2908:140: Unused tactic linter: `first
2026-10-07T22:21:00.1903764Z | done
2026-10-07T22:21:00.1903869Z | ring
2026-10-07T22:21:00.1903989Z | tauto
2026-10-07T22:21:00.1904132Z | (field_simp; ring)` does nothing
2026-10-07T22:21:00.1904137Z 
2026-10-07T22:21:00.1904489Z Note: This linter can be disabled with `set_option linter.unusedTactic false`
2026-10-07T22:21:00.1904930Z warning: OIBridge/DitaTorusLocus.lean:2908:140: this tactic is never executed
2026-10-07T22:21:00.1904941Z 
2026-10-07T22:21:00.1905289Z Note: This linter can be disabled with `set_option linter.unreachableTactic false`
2026-10-07T22:21:00.1906020Z info: OIBridge/DitaTorusLocus.lean:2909:0: 'OIBridge.DitaTorusLocus.a40_shared_face_3p_rel5' depends on axioms: [propext, Classical.choice, Quot.sound]
2026-10-07T22:21:00.1906359Z warning: OIBridge/DitaTorusLocus.lean:2916:88: This simp argument is unused:
2026-10-07T22:21:00.1906484Z   a36_shared_div
2026-10-07T22:21:00.1906489Z 
2026-10-07T22:21:00.1906649Z Hint: Omit it from the simp argument list.
2026-10-07T22:21:00.1907054Z   [apply] simp (config := { decide := true }) [Matrix.of_apply, a36_shared_mod, a40_shared_fpe]
2026-10-07T22:21:00.1907065Z 
2026-10-07T22:21:00.1907403Z Note: This linter can be disabled with `set_option linter.unusedSimpArgs false`
2026-10-07T22:21:00.1907733Z warning: OIBridge/DitaTorusLocus.lean:2916:120: This simp argument is unused:
2026-10-07T22:21:00.1907862Z   a40_shared_fpe
2026-10-07T22:21:00.1907870Z 
2026-10-07T22:21:00.1908036Z Hint: Omit it from the simp argument list.
2026-10-07T22:21:00.1908482Z   [apply] simp (config := { decide := true }) [Matrix.of_apply, a36_shared_div, a36_shared_mod]
2026-10-07T22:21:00.1908489Z 
2026-10-07T22:21:00.1908826Z Note: This linter can be disabled with `set_option linter.unusedSimpArgs false`
2026-10-07T22:21:00.1909148Z warning: OIBridge/DitaTorusLocus.lean:2916:140: Unused tactic linter: `first
2026-10-07T22:21:00.1909254Z | done
2026-10-07T22:21:00.1909369Z | ring
2026-10-07T22:21:00.1909485Z | tauto
2026-10-07T22:21:00.1909640Z | (field_simp; ring)` does nothing
2026-10-07T22:21:00.1909645Z 
2026-10-07T22:21:00.1909987Z Note: This linter can be disabled with `set_option linter.unusedTactic false`
2026-10-07T22:21:00.1910432Z warning: OIBridge/DitaTorusLocus.lean:2916:140: this tactic is never executed
2026-10-07T22:21:00.1910440Z 
2026-10-07T22:21:00.1910798Z Note: This linter can be disabled with `set_option linter.unreachableTactic false`
2026-10-07T22:21:00.1911518Z info: OIBridge/DitaTorusLocus.lean:2917:0: 'OIBridge.DitaTorusLocus.a40_shared_face_3p_rel6' depends on axioms: [propext, Classical.choice, Quot.sound]
2026-10-07T22:21:00.1911876Z warning: OIBridge/DitaTorusLocus.lean:2924:88: This simp argument is unused:
2026-10-07T22:21:00.1912007Z   a36_shared_div
2026-10-07T22:21:00.1912012Z 
2026-10-07T22:21:00.1912169Z Hint: Omit it from the simp argument list.
2026-10-07T22:21:00.1912505Z   [apply] simp (config := { decide := true }) [Matrix.of_apply, a36_shared_mod, a40_shared_fpe]
2026-10-07T22:21:00.1912509Z 
2026-10-07T22:21:00.1913069Z Note: This linter can be disabled with `set_option linter.unusedSimpArgs false`
2026-10-07T22:21:00.1913404Z warning: OIBridge/DitaTorusLocus.lean:2924:120: This simp argument is unused:
2026-10-07T22:21:00.1913518Z   a40_shared_fpe
2026-10-07T22:21:00.1913524Z 
2026-10-07T22:21:00.1913679Z Hint: Omit it from the simp argument list.
2026-10-07T22:21:00.1914038Z   [apply] simp (config := { decide := true }) [Matrix.of_apply, a36_shared_div, a36_shared_mod]
2026-10-07T22:21:00.1914150Z 
2026-10-07T22:21:00.1914480Z Note: This linter can be disabled with `set_option linter.unusedSimpArgs false`
2026-10-07T22:21:00.1914817Z warning: OIBridge/DitaTorusLocus.lean:2924:140: Unused tactic linter: `first
2026-10-07T22:21:00.1914962Z | done
2026-10-07T22:21:00.1915075Z | ring
2026-10-07T22:21:00.1915189Z | tauto
2026-10-07T22:21:00.1915331Z | (field_simp; ring)` does nothing
2026-10-07T22:21:00.1915336Z 
2026-10-07T22:21:00.1915646Z Note: This linter can be disabled with `set_option linter.unusedTactic false`
2026-10-07T22:21:00.1915968Z warning: OIBridge/DitaTorusLocus.lean:2924:140: this tactic is never executed
2026-10-07T22:21:00.1915978Z 
2026-10-07T22:21:00.1916315Z Note: This linter can be disabled with `set_option linter.unreachableTactic false`
2026-10-07T22:21:00.1917148Z info: OIBridge/DitaTorusLocus.lean:2925:0: 'OIBridge.DitaTorusLocus.a40_shared_face_3p_rel7' depends on axioms: [propext, Classical.choice, Quot.sound]
2026-10-07T22:21:00.1917887Z info: OIBridge/DitaTorusLocus.lean:2932:0: 'OIBridge.DitaTorusLocus.a40_shared_face_3p_core' depends on axioms: [propext, Classical.choice, Quot.sound]
2026-10-07T22:21:00.1918214Z warning: OIBridge/DitaTorusLocus.lean:2939:88: This simp argument is unused:
2026-10-07T22:21:00.1918330Z   a36_shared_div
2026-10-07T22:21:00.1918336Z 
2026-10-07T22:21:00.1918495Z Hint: Omit it from the simp argument list.
2026-10-07T22:21:00.1918849Z   [apply] simp (config := { decide := true }) [Matrix.of_apply, a36_shared_mod, a40_shared_fpe]
2026-10-07T22:21:00.1918854Z 
2026-10-07T22:21:00.1919187Z Note: This linter can be disabled with `set_option linter.unusedSimpArgs false`
2026-10-07T22:21:00.1919528Z warning: OIBridge/DitaTorusLocus.lean:2939:104: This simp argument is unused:
2026-10-07T22:21:00.1919650Z   a36_shared_mod
2026-10-07T22:21:00.1919655Z 
2026-10-07T22:21:00.1919815Z Hint: Omit it from the simp argument list.
2026-10-07T22:21:00.1920185Z   [apply] simp (config := { decide := true }) [Matrix.of_apply, a36_shared_div, a40_shared_fpe]
2026-10-07T22:21:00.1920193Z 
2026-10-07T22:21:00.1920602Z Note: This linter can be disabled with `set_option linter.unusedSimpArgs false`
2026-10-07T22:21:00.1920918Z warning: OIBridge/DitaTorusLocus.lean:2939:120: This simp argument is unused:
2026-10-07T22:21:00.1921041Z   a40_shared_fpe
2026-10-07T22:21:00.1921046Z 
2026-10-07T22:21:00.1921239Z Hint: Omit it from the simp argument list.
2026-10-07T22:21:00.1921602Z   [apply] simp (config := { decide := true }) [Matrix.of_apply, a36_shared_div, a36_shared_mod]
2026-10-07T22:21:00.1921609Z 
2026-10-07T22:21:00.1921928Z Note: This linter can be disabled with `set_option linter.unusedSimpArgs false`
2026-10-07T22:21:00.1922356Z warning: OIBridge/DitaTorusLocus.lean:2939:140: Unused tactic linter: `first
2026-10-07T22:21:00.1922474Z | done
2026-10-07T22:21:00.1922760Z | ring
2026-10-07T22:21:00.1922889Z | tauto
2026-10-07T22:21:00.1923044Z | (field_simp; ring)` does nothing
2026-10-07T22:21:00.1923054Z 
2026-10-07T22:21:00.1923397Z Note: This linter can be disabled with `set_option linter.unusedTactic false`
2026-10-07T22:21:00.1923767Z warning: OIBridge/DitaTorusLocus.lean:2939:140: this tactic is never executed
2026-10-07T22:21:00.1923773Z 
2026-10-07T22:21:00.1924145Z Note: This linter can be disabled with `set_option linter.unreachableTactic false`
2026-10-07T22:21:00.1924911Z info: OIBridge/DitaTorusLocus.lean:2940:0: 'OIBridge.DitaTorusLocus.a40_shared_face_3m_rel0' depends on axioms: [propext, Classical.choice, Quot.sound]
2026-10-07T22:21:00.1925242Z warning: OIBridge/DitaTorusLocus.lean:2947:88: This simp argument is unused:
2026-10-07T22:21:00.1925358Z   a36_shared_div
2026-10-07T22:21:00.1925367Z 
2026-10-07T22:21:00.1925527Z Hint: Omit it from the simp argument list.
2026-10-07T22:21:00.1925872Z   [apply] simp (config := { decide := true }) [Matrix.of_apply, a36_shared_mod, a40_shared_fpe]
2026-10-07T22:21:00.1925878Z 
2026-10-07T22:21:00.1926222Z Note: This linter can be disabled with `set_option linter.unusedSimpArgs false`
2026-10-07T22:21:00.1926752Z warning: OIBridge/DitaTorusLocus.lean:2947:104: This simp argument is unused:
2026-10-07T22:21:00.1926885Z   a36_shared_mod
2026-10-07T22:21:00.1926891Z 
2026-10-07T22:21:00.1927050Z Hint: Omit it from the simp argument list.
2026-10-07T22:21:00.1927404Z   [apply] simp (config := { decide := true }) [Matrix.of_apply, a36_shared_div, a40_shared_fpe]
2026-10-07T22:21:00.1927409Z 
2026-10-07T22:21:00.1927732Z Note: This linter can be disabled with `set_option linter.unusedSimpArgs false`
2026-10-07T22:21:00.1928099Z warning: OIBridge/DitaTorusLocus.lean:2947:120: This simp argument is unused:
2026-10-07T22:21:00.1928236Z   a40_shared_fpe
2026-10-07T22:21:00.1928246Z 
2026-10-07T22:21:00.1928432Z Hint: Omit it from the simp argument list.
2026-10-07T22:21:00.1928848Z   [apply] simp (config := { decide := true }) [Matrix.of_apply, a36_shared_div, a36_shared_mod]
2026-10-07T22:21:00.1928862Z 
2026-10-07T22:21:00.1929355Z Note: This linter can be disabled with `set_option linter.unusedSimpArgs false`
2026-10-07T22:21:00.1929774Z warning: OIBridge/DitaTorusLocus.lean:2947:140: Unused tactic linter: `first
2026-10-07T22:21:00.1929919Z | done
2026-10-07T22:21:00.1930068Z | ring
2026-10-07T22:21:00.1930213Z | tauto
2026-10-07T22:21:00.1930384Z | (field_simp; ring)` does nothing
2026-10-07T22:21:00.1930392Z 
2026-10-07T22:21:00.1930762Z Note: This linter can be disabled with `set_option linter.unusedTactic false`
2026-10-07T22:21:00.1931145Z warning: OIBridge/DitaTorusLocus.lean:2947:140: this tactic is never executed
2026-10-07T22:21:00.1931152Z 
2026-10-07T22:21:00.1931552Z Note: This linter can be disabled with `set_option linter.unreachableTactic false`
2026-10-07T22:21:00.1932469Z info: OIBridge/DitaTorusLocus.lean:2948:0: 'OIBridge.DitaTorusLocus.a40_shared_face_3m_rel1' depends on axioms: [propext, Classical.choice, Quot.sound]
2026-10-07T22:21:00.1933071Z warning: OIBridge/DitaTorusLocus.lean:2955:88: This simp argument is unused:
2026-10-07T22:21:00.1933220Z   a36_shared_div
2026-10-07T22:21:00.1933227Z 
2026-10-07T22:21:00.1933420Z Hint: Omit it from the simp argument list.
2026-10-07T22:21:00.1933944Z   [apply] simp (config := { decide := true }) [Matrix.of_apply, a36_shared_mod, a40_shared_fpe]
2026-10-07T22:21:00.1933952Z 
2026-10-07T22:21:00.1934334Z Note: This linter can be disabled with `set_option linter.unusedSimpArgs false`
2026-10-07T22:21:00.1934741Z warning: OIBridge/DitaTorusLocus.lean:2955:104: This simp argument is unused:
2026-10-07T22:21:00.1934914Z   a36_shared_mod
2026-10-07T22:21:00.1934921Z 
2026-10-07T22:21:00.1935117Z Hint: Omit it from the simp argument list.
2026-10-07T22:21:00.1935558Z   [apply] simp (config := { decide := true }) [Matrix.of_apply, a36_shared_div, a40_shared_fpe]
2026-10-07T22:21:00.1935666Z 
2026-10-07T22:21:00.1936081Z Note: This linter can be disabled with `set_option linter.unusedSimpArgs false`
2026-10-07T22:21:00.1936483Z warning: OIBridge/DitaTorusLocus.lean:2955:120: This simp argument is unused:
2026-10-07T22:21:00.1936633Z   a40_shared_fpe
2026-10-07T22:21:00.1936639Z 
2026-10-07T22:21:00.1936825Z Hint: Omit it from the simp argument list.
2026-10-07T22:21:00.1937235Z   [apply] simp (config := { decide := true }) [Matrix.of_apply, a36_shared_div, a36_shared_mod]
2026-10-07T22:21:00.1937242Z 
2026-10-07T22:21:00.1937629Z Note: This linter can be disabled with `set_option linter.unusedSimpArgs false`
2026-10-07T22:21:00.1938065Z warning: OIBridge/DitaTorusLocus.lean:2955:140: Unused tactic linter: `first
2026-10-07T22:21:00.1938229Z | done
2026-10-07T22:21:00.1938357Z | ring
2026-10-07T22:21:00.1938482Z | tauto
2026-10-07T22:21:00.1938618Z | (field_simp; ring)` does nothing
2026-10-07T22:21:00.1938627Z 
2026-10-07T22:21:00.1938949Z Note: This linter can be disabled with `set_option linter.unusedTactic false`
2026-10-07T22:21:00.1939283Z warning: OIBridge/DitaTorusLocus.lean:2955:140: this tactic is never executed
2026-10-07T22:21:00.1939294Z 
2026-10-07T22:21:00.1939649Z Note: This linter can be disabled with `set_option linter.unreachableTactic false`
2026-10-07T22:21:00.1940486Z info: OIBridge/DitaTorusLocus.lean:2956:0: 'OIBridge.DitaTorusLocus.a40_shared_face_3m_rel2' depends on axioms: [propext, Classical.choice, Quot.sound]
2026-10-07T22:21:00.1940807Z warning: OIBridge/DitaTorusLocus.lean:2963:88: This simp argument is unused:
2026-10-07T22:21:00.1940928Z   a36_shared_div
2026-10-07T22:21:00.1940933Z 
2026-10-07T22:21:00.1941089Z Hint: Omit it from the simp argument list.
2026-10-07T22:21:00.1941441Z   [apply] simp (config := { decide := true }) [Matrix.of_apply, a36_shared_mod, a40_shared_fpe]
2026-10-07T22:21:00.1941451Z 
2026-10-07T22:21:00.1941771Z Note: This linter can be disabled with `set_option linter.unusedSimpArgs false`
2026-10-07T22:21:00.1942101Z warning: OIBridge/DitaTorusLocus.lean:2963:104: This simp argument is unused:
2026-10-07T22:21:00.1942220Z   a36_shared_mod
2026-10-07T22:21:00.1942231Z 
2026-10-07T22:21:00.1942484Z Hint: Omit it from the simp argument list.
2026-10-07T22:21:00.1943043Z   [apply] simp (config := { decide := true }) [Matrix.of_apply, a36_shared_div, a40_shared_fpe]
2026-10-07T22:21:00.1943050Z 
2026-10-07T22:21:00.1943368Z Note: This linter can be disabled with `set_option linter.unusedSimpArgs false`
2026-10-07T22:21:00.1943689Z warning: OIBridge/DitaTorusLocus.lean:2963:120: This simp argument is unused:
2026-10-07T22:21:00.1943805Z   a40_shared_fpe
2026-10-07T22:21:00.1943810Z 
2026-10-07T22:21:00.1943964Z Hint: Omit it from the simp argument list.
2026-10-07T22:21:00.1944298Z   [apply] simp (config := { decide := true }) [Matrix.of_apply, a36_shared_div, a36_shared_mod]
2026-10-07T22:21:00.1944303Z 
2026-10-07T22:21:00.1944640Z Note: This linter can be disabled with `set_option linter.unusedSimpArgs false`
2026-10-07T22:21:00.1944984Z warning: OIBridge/DitaTorusLocus.lean:2963:140: Unused tactic linter: `first
2026-10-07T22:21:00.1945096Z | done
2026-10-07T22:21:00.1945207Z | ring
2026-10-07T22:21:00.1945324Z | tauto
2026-10-07T22:21:00.1945481Z | (field_simp; ring)` does nothing
2026-10-07T22:21:00.1945489Z 
2026-10-07T22:21:00.1945907Z Note: This linter can be disabled with `set_option linter.unusedTactic false`
2026-10-07T22:21:00.1946291Z warning: OIBridge/DitaTorusLocus.lean:2963:140: this tactic is never executed
2026-10-07T22:21:00.1946297Z 
2026-10-07T22:21:00.1946645Z Note: This linter can be disabled with `set_option linter.unreachableTactic false`
2026-10-07T22:21:00.1947356Z info: OIBridge/DitaTorusLocus.lean:2964:0: 'OIBridge.DitaTorusLocus.a40_shared_face_3m_rel3' depends on axioms: [propext, Classical.choice, Quot.sound]
2026-10-07T22:21:00.1947669Z warning: OIBridge/DitaTorusLocus.lean:2971:88: This simp argument is unused:
2026-10-07T22:21:00.1947897Z   a36_shared_div
2026-10-07T22:21:00.1947901Z 
2026-10-07T22:21:00.1948057Z Hint: Omit it from the simp argument list.
2026-10-07T22:21:00.1948391Z   [apply] simp (config := { decide := true }) [Matrix.of_apply, a36_shared_mod, a40_shared_fpe]
2026-10-07T22:21:00.1948400Z 
2026-10-07T22:21:00.1948715Z Note: This linter can be disabled with `set_option linter.unusedSimpArgs false`
2026-10-07T22:21:00.1949034Z warning: OIBridge/DitaTorusLocus.lean:2971:104: This simp argument is unused:
2026-10-07T22:21:00.1949156Z   a36_shared_mod
2026-10-07T22:21:00.1949162Z 
2026-10-07T22:21:00.1949322Z Hint: Omit it from the simp argument list.
2026-10-07T22:21:00.1949668Z   [apply] simp (config := { decide := true }) [Matrix.of_apply, a36_shared_div, a40_shared_fpe]
2026-10-07T22:21:00.1949673Z 
2026-10-07T22:21:00.1950020Z Note: This linter can be disabled with `set_option linter.unusedSimpArgs false`
2026-10-07T22:21:00.1950339Z warning: OIBridge/DitaTorusLocus.lean:2971:120: This simp argument is unused:
2026-10-07T22:21:00.1950467Z   a40_shared_fpe
2026-10-07T22:21:00.1950472Z 
2026-10-07T22:21:00.1950623Z Hint: Omit it from the simp argument list.
2026-10-07T22:21:00.1950965Z   [apply] simp (config := { decide := true }) [Matrix.of_apply, a36_shared_div, a36_shared_mod]
2026-10-07T22:21:00.1950973Z 
2026-10-07T22:21:00.1951388Z Note: This linter can be disabled with `set_option linter.unusedSimpArgs false`
2026-10-07T22:21:00.1951694Z warning: OIBridge/DitaTorusLocus.lean:2971:140: Unused tactic linter: `first
2026-10-07T22:21:00.1951807Z | done
2026-10-07T22:21:00.1951939Z | ring
2026-10-07T22:21:00.1952080Z | tauto
2026-10-07T22:21:00.1952255Z | (field_simp; ring)` does nothing
2026-10-07T22:21:00.1952262Z 
2026-10-07T22:21:00.1952760Z Note: This linter can be disabled with `set_option linter.unusedTactic false`
2026-10-07T22:21:00.1953091Z warning: OIBridge/DitaTorusLocus.lean:2971:140: this tactic is never executed
2026-10-07T22:21:00.1953096Z 
2026-10-07T22:21:00.1953471Z Note: This linter can be disabled with `set_option linter.unreachableTactic false`
2026-10-07T22:21:00.1954224Z info: OIBridge/DitaTorusLocus.lean:2972:0: 'OIBridge.DitaTorusLocus.a40_shared_face_3m_rel4' depends on axioms: [propext, Classical.choice, Quot.sound]
2026-10-07T22:21:00.1954659Z warning: OIBridge/DitaTorusLocus.lean:2979:88: This simp argument is unused:
2026-10-07T22:21:00.1954817Z   a36_shared_div
2026-10-07T22:21:00.1954826Z 
2026-10-07T22:21:00.1955011Z Hint: Omit it from the simp argument list.
2026-10-07T22:21:00.1955369Z   [apply] simp (config := { decide := true }) [Matrix.of_apply, a36_shared_mod, a40_shared_fpe]
2026-10-07T22:21:00.1955375Z 
2026-10-07T22:21:00.1955692Z Note: This linter can be disabled with `set_option linter.unusedSimpArgs false`
2026-10-07T22:21:00.1956009Z warning: OIBridge/DitaTorusLocus.lean:2979:104: This simp argument is unused:
2026-10-07T22:21:00.1956131Z   a36_shared_mod
2026-10-07T22:21:00.1956136Z 
2026-10-07T22:21:00.1956299Z Hint: Omit it from the simp argument list.
2026-10-07T22:21:00.1956648Z   [apply] simp (config := { decide := true }) [Matrix.of_apply, a36_shared_div, a40_shared_fpe]
2026-10-07T22:21:00.1956653Z 
2026-10-07T22:21:00.1957010Z Note: This linter can be disabled with `set_option linter.unusedSimpArgs false`
2026-10-07T22:21:00.1957341Z warning: OIBridge/DitaTorusLocus.lean:2979:120: This simp argument is unused:
2026-10-07T22:21:00.1957457Z   a40_shared_fpe
2026-10-07T22:21:00.1957462Z 
2026-10-07T22:21:00.1957716Z Hint: Omit it from the simp argument list.
2026-10-07T22:21:00.1958076Z   [apply] simp (config := { decide := true }) [Matrix.of_apply, a36_shared_div, a36_shared_mod]
2026-10-07T22:21:00.1958081Z 
2026-10-07T22:21:00.1958408Z Note: This linter can be disabled with `set_option linter.unusedSimpArgs false`
2026-10-07T22:21:00.1958730Z warning: OIBridge/DitaTorusLocus.lean:2979:140: Unused tactic linter: `first
2026-10-07T22:21:00.1958850Z | done
2026-10-07T22:21:00.1958962Z | ring
2026-10-07T22:21:00.1959082Z | tauto
2026-10-07T22:21:00.1959233Z | (field_simp; ring)` does nothing
2026-10-07T22:21:00.1959326Z 
2026-10-07T22:21:00.1959651Z Note: This linter can be disabled with `set_option linter.unusedTactic false`
2026-10-07T22:21:00.1960009Z warning: OIBridge/DitaTorusLocus.lean:2979:140: this tactic is never executed
2026-10-07T22:21:00.1960017Z 
2026-10-07T22:21:00.1960378Z Note: This linter can be disabled with `set_option linter.unreachableTactic false`
2026-10-07T22:21:00.1961107Z info: OIBridge/DitaTorusLocus.lean:2980:0: 'OIBridge.DitaTorusLocus.a40_shared_face_3m_rel5' depends on axioms: [propext, Classical.choice, Quot.sound]
2026-10-07T22:21:00.1961453Z warning: OIBridge/DitaTorusLocus.lean:2987:88: This simp argument is unused:
2026-10-07T22:21:00.1961582Z   a36_shared_div
2026-10-07T22:21:00.1961587Z 
2026-10-07T22:21:00.1961754Z Hint: Omit it from the simp argument list.
2026-10-07T22:21:00.1962130Z   [apply] simp (config := { decide := true }) [Matrix.of_apply, a36_shared_mod, a40_shared_fpe]
2026-10-07T22:21:00.1962135Z 
2026-10-07T22:21:00.1962456Z Note: This linter can be disabled with `set_option linter.unusedSimpArgs false`
2026-10-07T22:21:00.1962993Z warning: OIBridge/DitaTorusLocus.lean:2987:104: This simp argument is unused:
2026-10-07T22:21:00.1963119Z   a36_shared_mod
2026-10-07T22:21:00.1963124Z 
2026-10-07T22:21:00.1963298Z Hint: Omit it from the simp argument list.
2026-10-07T22:21:00.1963753Z   [apply] simp (config := { decide := true }) [Matrix.of_apply, a36_shared_div, a40_shared_fpe]
2026-10-07T22:21:00.1963759Z 
2026-10-07T22:21:00.1964088Z Note: This linter can be disabled with `set_option linter.unusedSimpArgs false`
2026-10-07T22:21:00.1964410Z warning: OIBridge/DitaTorusLocus.lean:2987:120: This simp argument is unused:
2026-10-07T22:21:00.1964533Z   a40_shared_fpe
2026-10-07T22:21:00.1964539Z 
2026-10-07T22:21:00.1964705Z Hint: Omit it from the simp argument list.
2026-10-07T22:21:00.1965059Z   [apply] simp (config := { decide := true }) [Matrix.of_apply, a36_shared_div, a36_shared_mod]
2026-10-07T22:21:00.1965063Z 
2026-10-07T22:21:00.1965376Z Note: This linter can be disabled with `set_option linter.unusedSimpArgs false`
2026-10-07T22:21:00.1965704Z warning: OIBridge/DitaTorusLocus.lean:2987:140: Unused tactic linter: `first
2026-10-07T22:21:00.1965826Z | done
2026-10-07T22:21:00.1965942Z | ring
2026-10-07T22:21:00.1966144Z | tauto
2026-10-07T22:21:00.1966288Z | (field_simp; ring)` does nothing
2026-10-07T22:21:00.1966293Z 
2026-10-07T22:21:00.1966630Z Note: This linter can be disabled with `set_option linter.unusedTactic false`
2026-10-07T22:21:00.1966971Z warning: OIBridge/DitaTorusLocus.lean:2987:140: this tactic is never executed
2026-10-07T22:21:00.1966976Z 
2026-10-07T22:21:00.1967321Z Note: This linter can be disabled with `set_option linter.unreachableTactic false`
2026-10-07T22:21:00.1968076Z info: OIBridge/DitaTorusLocus.lean:2988:0: 'OIBridge.DitaTorusLocus.a40_shared_face_3m_rel6' depends on axioms: [propext, Classical.choice, Quot.sound]
2026-10-07T22:21:00.1968403Z warning: OIBridge/DitaTorusLocus.lean:2995:88: This simp argument is unused:
2026-10-07T22:21:00.1968522Z   a36_shared_div
2026-10-07T22:21:00.1968527Z 
2026-10-07T22:21:00.1968690Z Hint: Omit it from the simp argument list.
2026-10-07T22:21:00.1969036Z   [apply] simp (config := { decide := true }) [Matrix.of_apply, a36_shared_mod, a40_shared_fpe]
2026-10-07T22:21:00.1969044Z 
2026-10-07T22:21:00.1969360Z Note: This linter can be disabled with `set_option linter.unusedSimpArgs false`
2026-10-07T22:21:00.1969780Z warning: OIBridge/DitaTorusLocus.lean:2995:104: This simp argument is unused:
2026-10-07T22:21:00.1969909Z   a36_shared_mod
2026-10-07T22:21:00.1969914Z 
2026-10-07T22:21:00.1970071Z Hint: Omit it from the simp argument list.
2026-10-07T22:21:00.1970413Z   [apply] simp (config := { decide := true }) [Matrix.of_apply, a36_shared_div, a40_shared_fpe]
2026-10-07T22:21:00.1970418Z 
2026-10-07T22:21:00.1970728Z Note: This linter can be disabled with `set_option linter.unusedSimpArgs false`
2026-10-07T22:21:00.1971071Z warning: OIBridge/DitaTorusLocus.lean:2995:120: This simp argument is unused:
2026-10-07T22:21:00.1971286Z   a40_shared_fpe
2026-10-07T22:21:00.1971291Z 
2026-10-07T22:21:00.1971465Z Hint: Omit it from the simp argument list.
2026-10-07T22:21:00.1971830Z   [apply] simp (config := { decide := true }) [Matrix.of_apply, a36_shared_div, a36_shared_mod]
2026-10-07T22:21:00.1971838Z 
2026-10-07T22:21:00.1972215Z Note: This linter can be disabled with `set_option linter.unusedSimpArgs false`
2026-10-07T22:21:00.1972536Z warning: OIBridge/DitaTorusLocus.lean:2995:140: Unused tactic linter: `first
2026-10-07T22:21:00.1972823Z | done
2026-10-07T22:21:00.1972937Z | ring
2026-10-07T22:21:00.1973048Z | tauto
2026-10-07T22:21:00.1973200Z | (field_simp; ring)` does nothing
2026-10-07T22:21:00.1973208Z 
2026-10-07T22:21:00.1973526Z Note: This linter can be disabled with `set_option linter.unusedTactic false`
2026-10-07T22:21:00.1973859Z warning: OIBridge/DitaTorusLocus.lean:2995:140: this tactic is never executed
2026-10-07T22:21:00.1973864Z 
2026-10-07T22:21:00.1974197Z Note: This linter can be disabled with `set_option linter.unreachableTactic false`
2026-10-07T22:21:00.1975000Z info: OIBridge/DitaTorusLocus.lean:2996:0: 'OIBridge.DitaTorusLocus.a40_shared_face_3m_rel7' depends on axioms: [propext, Classical.choice, Quot.sound]
2026-10-07T22:21:00.1975723Z info: OIBridge/DitaTorusLocus.lean:3003:0: 'OIBridge.DitaTorusLocus.a40_shared_face_3m_core' depends on axioms: [propext, Classical.choice, Quot.sound]
2026-10-07T22:21:00.1976243Z warning: OIBridge/DitaTorusLocus.lean:3011:6: Variable name `pt` is not explicitly referenced.
2026-10-07T22:21:00.1976249Z 
2026-10-07T22:21:00.1976966Z Hint: The binding can be removed (if unused) or named `_` (if used implicitly). Alternatively, prefix the name with `_` to silence this warning:
2026-10-07T22:21:00.1977101Z   [apply] _pt
2026-10-07T22:21:00.1977106Z 
2026-10-07T22:21:00.1977447Z Note: This linter can be disabled with `set_option linter.unusedVariables false`
2026-10-07T22:21:00.1977874Z warning: OIBridge/DitaTorusLocus.lean:3015:6: Variable name `S` is not explicitly referenced.
2026-10-07T22:21:00.1977886Z 
2026-10-07T22:21:00.1978563Z Hint: The binding can be removed (if unused) or named `_` (if used implicitly). Alternatively, prefix the name with `_` to silence this warning:
2026-10-07T22:21:00.1978786Z   [apply] _S
2026-10-07T22:21:00.1978796Z 
2026-10-07T22:21:00.1979133Z Note: This linter can be disabled with `set_option linter.unusedVariables false`
2026-10-07T22:21:00.1979551Z warning: OIBridge/DitaTorusLocus.lean:3016:6: Variable name `tor` is not explicitly referenced.
2026-10-07T22:21:00.1979557Z 
2026-10-07T22:21:00.1980235Z Hint: The binding can be removed (if unused) or named `_` (if used implicitly). Alternatively, prefix the name with `_` to silence this warning:
2026-10-07T22:21:00.1980362Z   [apply] _tor
2026-10-07T22:21:00.1980367Z 
2026-10-07T22:21:00.1980693Z Note: This linter can be disabled with `set_option linter.unusedVariables false`
2026-10-07T22:21:00.1981140Z warning: OIBridge/DitaTorusLocus.lean:3017:6: Variable name `adj` is not explicitly referenced.
2026-10-07T22:21:00.1981150Z 
2026-10-07T22:21:00.1981766Z Hint: The binding can be removed (if unused) or named `_` (if used implicitly). Alternatively, prefix the name with `_` to silence this warning:
2026-10-07T22:21:00.1981900Z   [apply] _adj
2026-10-07T22:21:00.1981908Z 
2026-10-07T22:21:00.1982221Z Note: This linter can be disabled with `set_option linter.unusedVariables false`
2026-10-07T22:21:00.1983258Z warning: OIBridge/DitaTorusLocus.lean:3018:6: Variable name `μ` is not explicitly referenced.
2026-10-07T22:21:00.1983266Z 
2026-10-07T22:21:00.1983887Z Hint: The binding can be removed (if unused) or named `_` (if used implicitly). Alternatively, prefix the name with `_` to silence this warning:
2026-10-07T22:21:00.1984036Z   [apply] _μ
2026-10-07T22:21:00.1984041Z 
2026-10-07T22:21:00.1984356Z Note: This linter can be disabled with `set_option linter.unusedVariables false`
2026-10-07T22:21:00.1984743Z warning: OIBridge/DitaTorusLocus.lean:3020:6: Variable name `N` is not explicitly referenced.
2026-10-07T22:21:00.1984841Z 
2026-10-07T22:21:00.1985501Z Hint: The binding can be removed (if unused) or named `_` (if used implicitly). Alternatively, prefix the name with `_` to silence this warning:
2026-10-07T22:21:00.1985637Z   [apply] _N
2026-10-07T22:21:00.1985648Z 
2026-10-07T22:21:00.1985983Z Note: This linter can be disabled with `set_option linter.unusedVariables false`
2026-10-07T22:21:00.1986505Z warning: OIBridge/DitaTorusLocus.lean:3025:6: Variable name `Δc` is not explicitly referenced.
2026-10-07T22:21:00.1986517Z 
2026-10-07T22:21:00.1987130Z Hint: The binding can be removed (if unused) or named `_` (if used implicitly). Alternatively, prefix the name with `_` to silence this warning:
2026-10-07T22:21:00.1987295Z   [apply] _Δc
2026-10-07T22:21:00.1987301Z 
2026-10-07T22:21:00.1987629Z Note: This linter can be disabled with `set_option linter.unusedVariables false`
2026-10-07T22:21:00.1988136Z warning: OIBridge/DitaTorusLocus.lean:3026:6: Variable name `Δr` is not explicitly referenced.
2026-10-07T22:21:00.1988147Z 
2026-10-07T22:21:00.1988786Z Hint: The binding can be removed (if unused) or named `_` (if used implicitly). Alternatively, prefix the name with `_` to silence this warning:
2026-10-07T22:21:00.1988951Z   [apply] _Δr
2026-10-07T22:21:00.1989050Z 
2026-10-07T22:21:00.1989365Z Note: This linter can be disabled with `set_option linter.unusedVariables false`
2026-10-07T22:21:00.1989780Z warning: OIBridge/DitaTorusLocus.lean:3029:6: Variable name `dgT` is not explicitly referenced.
2026-10-07T22:21:00.1989785Z 
2026-10-07T22:21:00.1990421Z Hint: The binding can be removed (if unused) or named `_` (if used implicitly). Alternatively, prefix the name with `_` to silence this warning:
2026-10-07T22:21:00.1990538Z   [apply] _dgT
2026-10-07T22:21:00.1990543Z 
2026-10-07T22:21:00.1990857Z Note: This linter can be disabled with `set_option linter.unusedVariables false`
2026-10-07T22:21:00.1991281Z warning: OIBridge/DitaTorusLocus.lean:3033:6: Variable name `dita28` is not explicitly referenced.
2026-10-07T22:21:00.1991292Z 
2026-10-07T22:21:00.1991879Z Hint: The binding can be removed (if unused) or named `_` (if used implicitly). Alternatively, prefix the name with `_` to silence this warning:
2026-10-07T22:21:00.1992087Z   [apply] _dita28
2026-10-07T22:21:00.1992098Z 
2026-10-07T22:21:00.1992417Z Note: This linter can be disabled with `set_option linter.unusedVariables false`
2026-10-07T22:21:00.1993054Z warning: OIBridge/DitaTorusLocus.lean:3036:6: Variable name `dita82` is not explicitly referenced.
2026-10-07T22:21:00.1993061Z 
2026-10-07T22:21:00.1993664Z Hint: The binding can be removed (if unused) or named `_` (if used implicitly). Alternatively, prefix the name with `_` to silence this warning:
2026-10-07T22:21:00.1993785Z   [apply] _dita82
2026-10-07T22:21:00.1993791Z 
2026-10-07T22:21:00.1994107Z Note: This linter can be disabled with `set_option linter.unusedVariables false`
2026-10-07T22:21:00.1994509Z warning: OIBridge/DitaTorusLocus.lean:3043:6: Variable name `P` is not explicitly referenced.
2026-10-07T22:21:00.1994518Z 
2026-10-07T22:21:00.1995113Z Hint: The binding can be removed (if unused) or named `_` (if used implicitly). Alternatively, prefix the name with `_` to silence this warning:
2026-10-07T22:21:00.1995229Z   [apply] _P
2026-10-07T22:21:00.1995236Z 
2026-10-07T22:21:00.1995551Z Note: This linter can be disabled with `set_option linter.unusedVariables false`
2026-10-07T22:21:00.1996065Z warning: OIBridge/DitaTorusLocus.lean:3046:6: Variable name `ditak1` is not explicitly referenced.
2026-10-07T22:21:00.1996071Z 
2026-10-07T22:21:00.1996687Z Hint: The binding can be removed (if unused) or named `_` (if used implicitly). Alternatively, prefix the name with `_` to silence this warning:
2026-10-07T22:21:00.1996807Z   [apply] _ditak1
2026-10-07T22:21:00.1996812Z 
2026-10-07T22:21:00.1997117Z Note: This linter can be disabled with `set_option linter.unusedVariables false`
2026-10-07T22:21:00.1997517Z warning: OIBridge/DitaTorusLocus.lean:3049:6: Variable name `ditak2` is not explicitly referenced.
2026-10-07T22:21:00.1997620Z 
2026-10-07T22:21:00.1998229Z Hint: The binding can be removed (if unused) or named `_` (if used implicitly). Alternatively, prefix the name with `_` to silence this warning:
2026-10-07T22:21:00.1998360Z   [apply] _ditak2
2026-10-07T22:21:00.1998367Z 
2026-10-07T22:21:00.1998681Z Note: This linter can be disabled with `set_option linter.unusedVariables false`
2026-10-07T22:21:00.1999085Z warning: OIBridge/DitaTorusLocus.lean:3052:6: Variable name `ditak3` is not explicitly referenced.
2026-10-07T22:21:00.1999090Z 
2026-10-07T22:21:00.1999681Z Hint: The binding can be removed (if unused) or named `_` (if used implicitly). Alternatively, prefix the name with `_` to silence this warning:
2026-10-07T22:21:00.1999800Z   [apply] _ditak3
2026-10-07T22:21:00.1999805Z 
2026-10-07T22:21:00.2000132Z Note: This linter can be disabled with `set_option linter.unusedVariables false`
2026-10-07T22:21:00.2000538Z warning: OIBridge/DitaTorusLocus.lean:3055:6: Variable name `ditak4` is not explicitly referenced.
2026-10-07T22:21:00.2000546Z 
2026-10-07T22:21:00.2001146Z Hint: The binding can be removed (if unused) or named `_` (if used implicitly). Alternatively, prefix the name with `_` to silence this warning:
2026-10-07T22:21:00.2001683Z   [apply] _ditak4
2026-10-07T22:21:00.2001687Z 
2026-10-07T22:21:00.2002061Z Note: This linter can be disabled with `set_option linter.unusedVariables false`
2026-10-07T22:21:00.2002942Z warning: OIBridge/DitaTorusLocus.lean:3058:6: Variable name `ditae1` is not explicitly referenced.
2026-10-07T22:21:00.2002955Z 
2026-10-07T22:21:00.2003671Z Hint: The binding can be removed (if unused) or named `_` (if used implicitly). Alternatively, prefix the name with `_` to silence this warning:
2026-10-07T22:21:00.2003814Z   [apply] _ditae1
2026-10-07T22:21:00.2003820Z 
2026-10-07T22:21:00.2004198Z Note: This linter can be disabled with `set_option linter.unusedVariables false`
2026-10-07T22:21:00.2004699Z warning: OIBridge/DitaTorusLocus.lean:3061:6: Variable name `ditae2` is not explicitly referenced.
2026-10-07T22:21:00.2004706Z 
2026-10-07T22:21:00.2005590Z Hint: The binding can be removed (if unused) or named `_` (if used implicitly). Alternatively, prefix the name with `_` to silence this warning:
2026-10-07T22:21:00.2005759Z   [apply] _ditae2
2026-10-07T22:21:00.2005766Z 
2026-10-07T22:21:00.2006169Z Note: This linter can be disabled with `set_option linter.unusedVariables false`
2026-10-07T22:21:00.2006692Z warning: OIBridge/DitaTorusLocus.lean:3067:6: Variable name `ditat3` is not explicitly referenced.
2026-10-07T22:21:00.2006700Z 
2026-10-07T22:21:00.2007498Z Hint: The binding can be removed (if unused) or named `_` (if used implicitly). Alternatively, prefix the name with `_` to silence this warning:
2026-10-07T22:21:00.2007648Z   [apply] _ditat3
2026-10-07T22:21:00.2007654Z 
2026-10-07T22:21:00.2008047Z Note: This linter can be disabled with `set_option linter.unusedVariables false`
2026-10-07T22:21:00.2008567Z warning: OIBridge/DitaTorusLocus.lean:3069:6: Variable name `Hu` is not explicitly referenced.
2026-10-07T22:21:00.2008577Z 
2026-10-07T22:21:00.2009328Z Hint: The binding can be removed (if unused) or named `_` (if used implicitly). Alternatively, prefix the name with `_` to silence this warning:
2026-10-07T22:21:00.2009460Z   [apply] _Hu
2026-10-07T22:21:00.2009465Z 
2026-10-07T22:21:00.2009913Z Note: This linter can be disabled with `set_option linter.unusedVariables false`
2026-10-07T22:21:00.2010398Z warning: OIBridge/DitaTorusLocus.lean:3076:6: Variable name `ditamc` is not explicitly referenced.
2026-10-07T22:21:00.2010404Z 
2026-10-07T22:21:00.2011048Z Hint: The binding can be removed (if unused) or named `_` (if used implicitly). Alternatively, prefix the name with `_` to silence this warning:
2026-10-07T22:21:00.2011185Z   [apply] _ditamc
2026-10-07T22:21:00.2011190Z 
2026-10-07T22:21:00.2011515Z Note: This linter can be disabled with `set_option linter.unusedVariables false`
2026-10-07T22:21:00.2012045Z warning: OIBridge/DitaTorusLocus.lean:3079:6: Variable name `ditamr` is not explicitly referenced.
2026-10-07T22:21:00.2012050Z 
2026-10-07T22:21:00.2013881Z Hint: The binding can be removed (if unused) or named `_` (if used implicitly). Alternatively, prefix the name with `_` to silence this warning:
2026-10-07T22:21:00.2014031Z   [apply] _ditamr
2026-10-07T22:21:00.2014043Z 
2026-10-07T22:21:00.2014392Z Note: This linter can be disabled with `set_option linter.unusedVariables false`
2026-10-07T22:21:00.2015075Z info: OIBridge/DitaTorusLocus.lean:3086:0: 'OIBridge.DitaTorusLocus.a40_shared_face_1p' depends on axioms: [propext, Classical.choice, Quot.sound]
2026-10-07T22:21:00.2015530Z warning: OIBridge/DitaTorusLocus.lean:3094:6: Variable name `pt` is not explicitly referenced.
2026-10-07T22:21:00.2015537Z 
2026-10-07T22:21:00.2016142Z Hint: The binding can be removed (if unused) or named `_` (if used implicitly). Alternatively, prefix the name with `_` to silence this warning:
2026-10-07T22:21:00.2016270Z   [apply] _pt
2026-10-07T22:21:00.2016274Z 
2026-10-07T22:21:00.2016597Z Note: This linter can be disabled with `set_option linter.unusedVariables false`
2026-10-07T22:21:00.2016995Z warning: OIBridge/DitaTorusLocus.lean:3098:6: Variable name `S` is not explicitly referenced.
2026-10-07T22:21:00.2017126Z 
2026-10-07T22:21:00.2017797Z Hint: The binding can be removed (if unused) or named `_` (if used implicitly). Alternatively, prefix the name with `_` to silence this warning:
2026-10-07T22:21:00.2017921Z   [apply] _S
2026-10-07T22:21:00.2017926Z 
2026-10-07T22:21:00.2018239Z Note: This linter can be disabled with `set_option linter.unusedVariables false`
2026-10-07T22:21:00.2018646Z warning: OIBridge/DitaTorusLocus.lean:3099:6: Variable name `tor` is not explicitly referenced.
2026-10-07T22:21:00.2018651Z 
2026-10-07T22:21:00.2019252Z Hint: The binding can be removed (if unused) or named `_` (if used implicitly). Alternatively, prefix the name with `_` to silence this warning:
2026-10-07T22:21:00.2019370Z   [apply] _tor
2026-10-07T22:21:00.2019375Z 
2026-10-07T22:21:00.2019687Z Note: This linter can be disabled with `set_option linter.unusedVariables false`
2026-10-07T22:21:00.2020223Z warning: OIBridge/DitaTorusLocus.lean:3100:6: Variable name `adj` is not explicitly referenced.
2026-10-07T22:21:00.2020235Z 
2026-10-07T22:21:00.2020837Z Hint: The binding can be removed (if unused) or named `_` (if used implicitly). Alternatively, prefix the name with `_` to silence this warning:
2026-10-07T22:21:00.2020956Z   [apply] _adj
2026-10-07T22:21:00.2020961Z 
2026-10-07T22:21:00.2021272Z Note: This linter can be disabled with `set_option linter.unusedVariables false`
2026-10-07T22:21:00.2021828Z warning: OIBridge/DitaTorusLocus.lean:3101:6: Variable name `μ` is not explicitly referenced.
2026-10-07T22:21:00.2021834Z 
2026-10-07T22:21:00.2022430Z Hint: The binding can be removed (if unused) or named `_` (if used implicitly). Alternatively, prefix the name with `_` to silence this warning:
2026-10-07T22:21:00.2022803Z   [apply] _μ
2026-10-07T22:21:00.2022809Z 
2026-10-07T22:21:00.2023146Z Note: This linter can be disabled with `set_option linter.unusedVariables false`
2026-10-07T22:21:00.2023542Z warning: OIBridge/DitaTorusLocus.lean:3103:6: Variable name `N` is not explicitly referenced.
2026-10-07T22:21:00.2023553Z 
2026-10-07T22:21:00.2024271Z Hint: The binding can be removed (if unused) or named `_` (if used implicitly). Alternatively, prefix the name with `_` to silence this warning:
2026-10-07T22:21:00.2024390Z   [apply] _N
2026-10-07T22:21:00.2024395Z 
2026-10-07T22:21:00.2024704Z Note: This linter can be disabled with `set_option linter.unusedVariables false`
2026-10-07T22:21:00.2025260Z warning: OIBridge/DitaTorusLocus.lean:3108:6: Variable name `Δc` is not explicitly referenced.
2026-10-07T22:21:00.2025266Z 
2026-10-07T22:21:00.2025868Z Hint: The binding can be removed (if unused) or named `_` (if used implicitly). Alternatively, prefix the name with `_` to silence this warning:
2026-10-07T22:21:00.2026176Z   [apply] _Δc
2026-10-07T22:21:00.2026181Z 
2026-10-07T22:21:00.2026500Z Note: This linter can be disabled with `set_option linter.unusedVariables false`
2026-10-07T22:21:00.2027027Z warning: OIBridge/DitaTorusLocus.lean:3109:6: Variable name `Δr` is not explicitly referenced.
2026-10-07T22:21:00.2027044Z 
2026-10-07T22:21:00.2027683Z Hint: The binding can be removed (if unused) or named `_` (if used implicitly). Alternatively, prefix the name with `_` to silence this warning:
2026-10-07T22:21:00.2027850Z   [apply] _Δr
2026-10-07T22:21:00.2027855Z 
2026-10-07T22:21:00.2028166Z Note: This linter can be disabled with `set_option linter.unusedVariables false`
2026-10-07T22:21:00.2028562Z warning: OIBridge/DitaTorusLocus.lean:3112:6: Variable name `dgT` is not explicitly referenced.
2026-10-07T22:21:00.2028567Z 
2026-10-07T22:21:00.2029179Z Hint: The binding can be removed (if unused) or named `_` (if used implicitly). Alternatively, prefix the name with `_` to silence this warning:
2026-10-07T22:21:00.2029307Z   [apply] _dgT
2026-10-07T22:21:00.2029312Z 
2026-10-07T22:21:00.2029643Z Note: This linter can be disabled with `set_option linter.unusedVariables false`
2026-10-07T22:21:00.2030073Z warning: OIBridge/DitaTorusLocus.lean:3116:6: Variable name `dita28` is not explicitly referenced.
2026-10-07T22:21:00.2030177Z 
2026-10-07T22:21:00.2030784Z Hint: The binding can be removed (if unused) or named `_` (if used implicitly). Alternatively, prefix the name with `_` to silence this warning:
2026-10-07T22:21:00.2030900Z   [apply] _dita28
2026-10-07T22:21:00.2030905Z 
2026-10-07T22:21:00.2031216Z Note: This linter can be disabled with `set_option linter.unusedVariables false`
2026-10-07T22:21:00.2031640Z warning: OIBridge/DitaTorusLocus.lean:3119:6: Variable name `dita82` is not explicitly referenced.
2026-10-07T22:21:00.2031646Z 
2026-10-07T22:21:00.2032254Z Hint: The binding can be removed (if unused) or named `_` (if used implicitly). Alternatively, prefix the name with `_` to silence this warning:
2026-10-07T22:21:00.2032386Z   [apply] _dita82
2026-10-07T22:21:00.2032391Z 
2026-10-07T22:21:00.2032917Z Note: This linter can be disabled with `set_option linter.unusedVariables false`
2026-10-07T22:21:00.2033549Z warning: OIBridge/DitaTorusLocus.lean:3126:6: Variable name `P` is not explicitly referenced.
2026-10-07T22:21:00.2033564Z 
2026-10-07T22:21:00.2034359Z Hint: The binding can be removed (if unused) or named `_` (if used implicitly). Alternatively, prefix the name with `_` to silence this warning:
2026-10-07T22:21:00.2034490Z   [apply] _P
2026-10-07T22:21:00.2034495Z 
2026-10-07T22:21:00.2034831Z Note: This linter can be disabled with `set_option linter.unusedVariables false`
2026-10-07T22:21:00.2035299Z warning: OIBridge/DitaTorusLocus.lean:3129:6: Variable name `ditak1` is not explicitly referenced.
2026-10-07T22:21:00.2035306Z 
2026-10-07T22:21:00.2036092Z Hint: The binding can be removed (if unused) or named `_` (if used implicitly). Alternatively, prefix the name with `_` to silence this warning:
2026-10-07T22:21:00.2036255Z   [apply] _ditak1
2026-10-07T22:21:00.2036262Z 
2026-10-07T22:21:00.2036627Z Note: This linter can be disabled with `set_option linter.unusedVariables false`
2026-10-07T22:21:00.2037048Z warning: OIBridge/DitaTorusLocus.lean:3132:6: Variable name `ditak2` is not explicitly referenced.
2026-10-07T22:21:00.2037057Z 
2026-10-07T22:21:00.2037778Z Hint: The binding can be removed (if unused) or named `_` (if used implicitly). Alternatively, prefix the name with `_` to silence this warning:
2026-10-07T22:21:00.2037914Z   [apply] _ditak2
2026-10-07T22:21:00.2037919Z 
2026-10-07T22:21:00.2038235Z Note: This linter can be disabled with `set_option linter.unusedVariables false`
2026-10-07T22:21:00.2038642Z warning: OIBridge/DitaTorusLocus.lean:3135:6: Variable name `ditak3` is not explicitly referenced.
2026-10-07T22:21:00.2038647Z 
2026-10-07T22:21:00.2039247Z Hint: The binding can be removed (if unused) or named `_` (if used implicitly). Alternatively, prefix the name with `_` to silence this warning:
2026-10-07T22:21:00.2039472Z   [apply] _ditak3
2026-10-07T22:21:00.2039478Z 
2026-10-07T22:21:00.2039789Z Note: This linter can be disabled with `set_option linter.unusedVariables false`
2026-10-07T22:21:00.2040207Z warning: OIBridge/DitaTorusLocus.lean:3138:6: Variable name `ditak4` is not explicitly referenced.
2026-10-07T22:21:00.2040215Z 
2026-10-07T22:21:00.2040812Z Hint: The binding can be removed (if unused) or named `_` (if used implicitly). Alternatively, prefix the name with `_` to silence this warning:
2026-10-07T22:21:00.2040935Z   [apply] _ditak4
2026-10-07T22:21:00.2040940Z 
2026-10-07T22:21:00.2041290Z Note: This linter can be disabled with `set_option linter.unusedVariables false`
2026-10-07T22:21:00.2041712Z warning: OIBridge/DitaTorusLocus.lean:3141:6: Variable name `ditae1` is not explicitly referenced.
2026-10-07T22:21:00.2041717Z 
2026-10-07T22:21:00.2042314Z Hint: The binding can be removed (if unused) or named `_` (if used implicitly). Alternatively, prefix the name with `_` to silence this warning:
2026-10-07T22:21:00.2042435Z   [apply] _ditae1
2026-10-07T22:21:00.2042440Z 
2026-10-07T22:21:00.2042970Z Note: This linter can be disabled with `set_option linter.unusedVariables false`
2026-10-07T22:21:00.2043396Z warning: OIBridge/DitaTorusLocus.lean:3144:6: Variable name `ditae2` is not explicitly referenced.
2026-10-07T22:21:00.2043499Z 
2026-10-07T22:21:00.2044101Z Hint: The binding can be removed (if unused) or named `_` (if used implicitly). Alternatively, prefix the name with `_` to silence this warning:
2026-10-07T22:21:00.2044248Z   [apply] _ditae2
2026-10-07T22:21:00.2044254Z 
2026-10-07T22:21:00.2044592Z Note: This linter can be disabled with `set_option linter.unusedVariables false`
2026-10-07T22:21:00.2045015Z warning: OIBridge/DitaTorusLocus.lean:3147:6: Variable name `ditat2` is not explicitly referenced.
2026-10-07T22:21:00.2045021Z 
2026-10-07T22:21:00.2045634Z Hint: The binding can be removed (if unused) or named `_` (if used implicitly). Alternatively, prefix the name with `_` to silence this warning:
2026-10-07T22:21:00.2045767Z   [apply] _ditat2
2026-10-07T22:21:00.2045772Z 
2026-10-07T22:21:00.2046085Z Note: This linter can be disabled with `set_option linter.unusedVariables false`
2026-10-07T22:21:00.2046592Z warning: OIBridge/DitaTorusLocus.lean:3150:6: Variable name `ditat3` is not explicitly referenced.
2026-10-07T22:21:00.2046603Z 
2026-10-07T22:21:00.2047243Z Hint: The binding can be removed (if unused) or named `_` (if used implicitly). Alternatively, prefix the name with `_` to silence this warning:
2026-10-07T22:21:00.2047361Z   [apply] _ditat3
2026-10-07T22:21:00.2047366Z 
2026-10-07T22:21:00.2047673Z Note: This linter can be disabled with `set_option linter.unusedVariables false`
2026-10-07T22:21:00.2048075Z warning: OIBridge/DitaTorusLocus.lean:3152:6: Variable name `Hu` is not explicitly referenced.
2026-10-07T22:21:00.2048080Z 
2026-10-07T22:21:00.2048676Z Hint: The binding can be removed (if unused) or named `_` (if used implicitly). Alternatively, prefix the name with `_` to silence this warning:
2026-10-07T22:21:00.2048802Z   [apply] _Hu
2026-10-07T22:21:00.2048807Z 
2026-10-07T22:21:00.2049115Z Note: This linter can be disabled with `set_option linter.unusedVariables false`
2026-10-07T22:21:00.2049560Z warning: OIBridge/DitaTorusLocus.lean:3162:6: Variable name `ditamr` is not explicitly referenced.
2026-10-07T22:21:00.2049568Z 
2026-10-07T22:21:00.2050277Z Hint: The binding can be removed (if unused) or named `_` (if used implicitly). Alternatively, prefix the name with `_` to silence this warning:
2026-10-07T22:21:00.2050405Z   [apply] _ditamr
2026-10-07T22:21:00.2050410Z 
2026-10-07T22:21:00.2050718Z Note: This linter can be disabled with `set_option linter.unusedVariables false`
2026-10-07T22:21:00.2051409Z info: OIBridge/DitaTorusLocus.lean:3169:0: 'OIBridge.DitaTorusLocus.a40_shared_face_1m' depends on axioms: [propext, Classical.choice, Quot.sound]
2026-10-07T22:21:00.2051822Z warning: OIBridge/DitaTorusLocus.lean:3177:6: Variable name `pt` is not explicitly referenced.
2026-10-07T22:21:00.2051914Z 
2026-10-07T22:21:00.2052540Z Hint: The binding can be removed (if unused) or named `_` (if used implicitly). Alternatively, prefix the name with `_` to silence this warning:
2026-10-07T22:21:00.2052848Z   [apply] _pt
2026-10-07T22:21:00.2052858Z 
2026-10-07T22:21:00.2053180Z Note: This linter can be disabled with `set_option linter.unusedVariables false`
2026-10-07T22:21:00.2053592Z warning: OIBridge/DitaTorusLocus.lean:3181:6: Variable name `S` is not explicitly referenced.
2026-10-07T22:21:00.2053605Z 
2026-10-07T22:21:00.2054231Z Hint: The binding can be removed (if unused) or named `_` (if used implicitly). Alternatively, prefix the name with `_` to silence this warning:
2026-10-07T22:21:00.2054354Z   [apply] _S
2026-10-07T22:21:00.2054360Z 
2026-10-07T22:21:00.2054724Z Note: This linter can be disabled with `set_option linter.unusedVariables false`
2026-10-07T22:21:00.2055155Z warning: OIBridge/DitaTorusLocus.lean:3182:6: Variable name `tor` is not explicitly referenced.
2026-10-07T22:21:00.2055164Z 
2026-10-07T22:21:00.2055812Z Hint: The binding can be removed (if unused) or named `_` (if used implicitly). Alternatively, prefix the name with `_` to silence this warning:
2026-10-07T22:21:00.2055947Z   [apply] _tor
2026-10-07T22:21:00.2055956Z 
2026-10-07T22:21:00.2056403Z Note: This linter can be disabled with `set_option linter.unusedVariables false`
2026-10-07T22:21:00.2056831Z warning: OIBridge/DitaTorusLocus.lean:3183:6: Variable name `adj` is not explicitly referenced.
2026-10-07T22:21:00.2056837Z 
2026-10-07T22:21:00.2057488Z Hint: The binding can be removed (if unused) or named `_` (if used implicitly). Alternatively, prefix the name with `_` to silence this warning:
2026-10-07T22:21:00.2057612Z   [apply] _adj
2026-10-07T22:21:00.2057618Z 
2026-10-07T22:21:00.2057964Z Note: This linter can be disabled with `set_option linter.unusedVariables false`
2026-10-07T22:21:00.2058542Z warning: OIBridge/DitaTorusLocus.lean:3184:6: Variable name `μ` is not explicitly referenced.
2026-10-07T22:21:00.2058554Z 
2026-10-07T22:21:00.2059199Z Hint: The binding can be removed (if unused) or named `_` (if used implicitly). Alternatively, prefix the name with `_` to silence this warning:
2026-10-07T22:21:00.2059352Z   [apply] _μ
2026-10-07T22:21:00.2059458Z 
2026-10-07T22:21:00.2059811Z Note: This linter can be disabled with `set_option linter.unusedVariables false`
2026-10-07T22:21:00.2060228Z warning: OIBridge/DitaTorusLocus.lean:3186:6: Variable name `N` is not explicitly referenced.
2026-10-07T22:21:00.2060234Z 
2026-10-07T22:21:00.2060874Z Hint: The binding can be removed (if unused) or named `_` (if used implicitly). Alternatively, prefix the name with `_` to silence this warning:
2026-10-07T22:21:00.2060995Z   [apply] _N
2026-10-07T22:21:00.2061000Z 
2026-10-07T22:21:00.2061317Z Note: This linter can be disabled with `set_option linter.unusedVariables false`
2026-10-07T22:21:00.2061857Z warning: OIBridge/DitaTorusLocus.lean:3191:6: Variable name `Δc` is not explicitly referenced.
2026-10-07T22:21:00.2061870Z 
2026-10-07T22:21:00.2062524Z Hint: The binding can be removed (if unused) or named `_` (if used implicitly). Alternatively, prefix the name with `_` to silence this warning:
2026-10-07T22:21:00.2062928Z   [apply] _Δc
2026-10-07T22:21:00.2062943Z 
2026-10-07T22:21:00.2063289Z Note: This linter can be disabled with `set_option linter.unusedVariables false`
2026-10-07T22:21:00.2063922Z warning: OIBridge/DitaTorusLocus.lean:3192:6: Variable name `Δr` is not explicitly referenced.
2026-10-07T22:21:00.2063930Z 
2026-10-07T22:21:00.2064582Z Hint: The binding can be removed (if unused) or named `_` (if used implicitly). Alternatively, prefix the name with `_` to silence this warning:
2026-10-07T22:21:00.2064758Z   [apply] _Δr
2026-10-07T22:21:00.2064764Z 
2026-10-07T22:21:00.2065095Z Note: This linter can be disabled with `set_option linter.unusedVariables false`
2026-10-07T22:21:00.2065515Z warning: OIBridge/DitaTorusLocus.lean:3195:6: Variable name `dgT` is not explicitly referenced.
2026-10-07T22:21:00.2065618Z 
2026-10-07T22:21:00.2066230Z Hint: The binding can be removed (if unused) or named `_` (if used implicitly). Alternatively, prefix the name with `_` to silence this warning:
2026-10-07T22:21:00.2066351Z   [apply] _dgT
2026-10-07T22:21:00.2066362Z 
2026-10-07T22:21:00.2066725Z Note: This linter can be disabled with `set_option linter.unusedVariables false`
2026-10-07T22:21:00.2067192Z warning: OIBridge/DitaTorusLocus.lean:3202:6: Variable name `dita82` is not explicitly referenced.
2026-10-07T22:21:00.2067198Z 
2026-10-07T22:21:00.2067912Z Hint: The binding can be removed (if unused) or named `_` (if used implicitly). Alternatively, prefix the name with `_` to silence this warning:
2026-10-07T22:21:00.2068056Z   [apply] _dita82
2026-10-07T22:21:00.2068061Z 
2026-10-07T22:21:00.2068420Z Note: This linter can be disabled with `set_option linter.unusedVariables false`
2026-10-07T22:21:00.2068842Z warning: OIBridge/DitaTorusLocus.lean:3209:6: Variable name `P` is not explicitly referenced.
2026-10-07T22:21:00.2068853Z 
2026-10-07T22:21:00.2069499Z Hint: The binding can be removed (if unused) or named `_` (if used implicitly). Alternatively, prefix the name with `_` to silence this warning:
2026-10-07T22:21:00.2069614Z   [apply] _P
2026-10-07T22:21:00.2069623Z 
2026-10-07T22:21:00.2070082Z Note: This linter can be disabled with `set_option linter.unusedVariables false`
2026-10-07T22:21:00.2070513Z warning: OIBridge/DitaTorusLocus.lean:3212:6: Variable name `ditak1` is not explicitly referenced.
2026-10-07T22:21:00.2070518Z 
2026-10-07T22:21:00.2071143Z Hint: The binding can be removed (if unused) or named `_` (if used implicitly). Alternatively, prefix the name with `_` to silence this warning:
2026-10-07T22:21:00.2071275Z   [apply] _ditak1
2026-10-07T22:21:00.2071280Z 
2026-10-07T22:21:00.2071601Z Note: This linter can be disabled with `set_option linter.unusedVariables false`
2026-10-07T22:21:00.2072011Z warning: OIBridge/DitaTorusLocus.lean:3215:6: Variable name `ditak2` is not explicitly referenced.
2026-10-07T22:21:00.2072020Z 
2026-10-07T22:21:00.2072918Z Hint: The binding can be removed (if unused) or named `_` (if used implicitly). Alternatively, prefix the name with `_` to silence this warning:
2026-10-07T22:21:00.2073158Z   [apply] _ditak2
2026-10-07T22:21:00.2073169Z 
2026-10-07T22:21:00.2073494Z Note: This linter can be disabled with `set_option linter.unusedVariables false`
2026-10-07T22:21:00.2073935Z warning: OIBridge/DitaTorusLocus.lean:3218:6: Variable name `ditak3` is not explicitly referenced.
2026-10-07T22:21:00.2073940Z 
2026-10-07T22:21:00.2074570Z Hint: The binding can be removed (if unused) or named `_` (if used implicitly). Alternatively, prefix the name with `_` to silence this warning:
2026-10-07T22:21:00.2074689Z   [apply] _ditak3
2026-10-07T22:21:00.2074694Z 
2026-10-07T22:21:00.2075037Z Note: This linter can be disabled with `set_option linter.unusedVariables false`
2026-10-07T22:21:00.2075472Z warning: OIBridge/DitaTorusLocus.lean:3221:6: Variable name `ditak4` is not explicitly referenced.
2026-10-07T22:21:00.2075483Z 
2026-10-07T22:21:00.2076084Z Hint: The binding can be removed (if unused) or named `_` (if used implicitly). Alternatively, prefix the name with `_` to silence this warning:
2026-10-07T22:21:00.2076216Z   [apply] _ditak4
2026-10-07T22:21:00.2076224Z 
2026-10-07T22:21:00.2076544Z Note: This linter can be disabled with `set_option linter.unusedVariables false`
2026-10-07T22:21:00.2077060Z warning: OIBridge/DitaTorusLocus.lean:3224:6: Variable name `ditae1` is not explicitly referenced.
2026-10-07T22:21:00.2077067Z 
2026-10-07T22:21:00.2077703Z Hint: The binding can be removed (if unused) or named `_` (if used implicitly). Alternatively, prefix the name with `_` to silence this warning:
2026-10-07T22:21:00.2077834Z   [apply] _ditae1
2026-10-07T22:21:00.2077840Z 
2026-10-07T22:21:00.2078179Z Note: This linter can be disabled with `set_option linter.unusedVariables false`
2026-10-07T22:21:00.2078629Z warning: OIBridge/DitaTorusLocus.lean:3227:6: Variable name `ditae2` is not explicitly referenced.
2026-10-07T22:21:00.2078736Z 
2026-10-07T22:21:00.2079381Z Hint: The binding can be removed (if unused) or named `_` (if used implicitly). Alternatively, prefix the name with `_` to silence this warning:
2026-10-07T22:21:00.2079504Z   [apply] _ditae2
2026-10-07T22:21:00.2079517Z 
2026-10-07T22:21:00.2079841Z Note: This linter can be disabled with `set_option linter.unusedVariables false`
2026-10-07T22:21:00.2080264Z warning: OIBridge/DitaTorusLocus.lean:3230:6: Variable name `ditat2` is not explicitly referenced.
2026-10-07T22:21:00.2080269Z 
2026-10-07T22:21:00.2080907Z Hint: The binding can be removed (if unused) or named `_` (if used implicitly). Alternatively, prefix the name with `_` to silence this warning:
2026-10-07T22:21:00.2081041Z   [apply] _ditat2
2026-10-07T22:21:00.2081046Z 
2026-10-07T22:21:00.2081406Z Note: This linter can be disabled with `set_option linter.unusedVariables false`
2026-10-07T22:21:00.2081839Z warning: OIBridge/DitaTorusLocus.lean:3233:6: Variable name `ditat3` is not explicitly referenced.
2026-10-07T22:21:00.2081848Z 
2026-10-07T22:21:00.2082453Z Hint: The binding can be removed (if unused) or named `_` (if used implicitly). Alternatively, prefix the name with `_` to silence this warning:
2026-10-07T22:21:00.2082576Z   [apply] _ditat3
2026-10-07T22:21:00.2082886Z 
2026-10-07T22:21:00.2083260Z Note: This linter can be disabled with `set_option linter.unusedVariables false`
2026-10-07T22:21:00.2083680Z warning: OIBridge/DitaTorusLocus.lean:3235:6: Variable name `Hu` is not explicitly referenced.
2026-10-07T22:21:00.2083685Z 
2026-10-07T22:21:00.2084314Z Hint: The binding can be removed (if unused) or named `_` (if used implicitly). Alternatively, prefix the name with `_` to silence this warning:
2026-10-07T22:21:00.2084433Z   [apply] _Hu
2026-10-07T22:21:00.2084437Z 
2026-10-07T22:21:00.2084761Z Note: This linter can be disabled with `set_option linter.unusedVariables false`
2026-10-07T22:21:00.2085215Z warning: OIBridge/DitaTorusLocus.lean:3242:6: Variable name `ditamc` is not explicitly referenced.
2026-10-07T22:21:00.2085224Z 
2026-10-07T22:21:00.2085941Z Hint: The binding can be removed (if unused) or named `_` (if used implicitly). Alternatively, prefix the name with `_` to silence this warning:
2026-10-07T22:21:00.2086072Z   [apply] _ditamc
2026-10-07T22:21:00.2086077Z 
2026-10-07T22:21:00.2086397Z Note: This linter can be disabled with `set_option linter.unusedVariables false`
2026-10-07T22:21:00.2086820Z warning: OIBridge/DitaTorusLocus.lean:3245:6: Variable name `ditamr` is not explicitly referenced.
2026-10-07T22:21:00.2086825Z 
2026-10-07T22:21:00.2087437Z Hint: The binding can be removed (if unused) or named `_` (if used implicitly). Alternatively, prefix the name with `_` to silence this warning:
2026-10-07T22:21:00.2087565Z   [apply] _ditamr
2026-10-07T22:21:00.2087571Z 
2026-10-07T22:21:00.2087899Z Note: This linter can be disabled with `set_option linter.unusedVariables false`
2026-10-07T22:21:00.2088615Z info: OIBridge/DitaTorusLocus.lean:3252:0: 'OIBridge.DitaTorusLocus.a40_shared_face_2p' depends on axioms: [propext, Classical.choice, Quot.sound]
2026-10-07T22:21:00.2089028Z warning: OIBridge/DitaTorusLocus.lean:3260:6: Variable name `pt` is not explicitly referenced.
2026-10-07T22:21:00.2089037Z 
2026-10-07T22:21:00.2089765Z Hint: The binding can be removed (if unused) or named `_` (if used implicitly). Alternatively, prefix the name with `_` to silence this warning:
2026-10-07T22:21:00.2089890Z   [apply] _pt
2026-10-07T22:21:00.2089895Z 
2026-10-07T22:21:00.2090218Z Note: This linter can be disabled with `set_option linter.unusedVariables false`
2026-10-07T22:21:00.2090621Z warning: OIBridge/DitaTorusLocus.lean:3264:6: Variable name `S` is not explicitly referenced.
2026-10-07T22:21:00.2090626Z 
2026-10-07T22:21:00.2091214Z Hint: The binding can be removed (if unused) or named `_` (if used implicitly). Alternatively, prefix the name with `_` to silence this warning:
2026-10-07T22:21:00.2091336Z   [apply] _S
2026-10-07T22:21:00.2091429Z 
2026-10-07T22:21:00.2091756Z Note: This linter can be disabled with `set_option linter.unusedVariables false`
2026-10-07T22:21:00.2092170Z warning: OIBridge/DitaTorusLocus.lean:3265:6: Variable name `tor` is not explicitly referenced.
2026-10-07T22:21:00.2092184Z 
2026-10-07T22:21:00.2093161Z Hint: The binding can be removed (if unused) or named `_` (if used implicitly). Alternatively, prefix the name with `_` to silence this warning:
2026-10-07T22:21:00.2093297Z   [apply] _tor
2026-10-07T22:21:00.2093303Z 
2026-10-07T22:21:00.2093636Z Note: This linter can be disabled with `set_option linter.unusedVariables false`
2026-10-07T22:21:00.2094037Z warning: OIBridge/DitaTorusLocus.lean:3266:6: Variable name `adj` is not explicitly referenced.
2026-10-07T22:21:00.2094042Z 
2026-10-07T22:21:00.2094679Z Hint: The binding can be removed (if unused) or named `_` (if used implicitly). Alternatively, prefix the name with `_` to silence this warning:
2026-10-07T22:21:00.2094804Z   [apply] _adj
2026-10-07T22:21:00.2094812Z 
2026-10-07T22:21:00.2095128Z Note: This linter can be disabled with `set_option linter.unusedVariables false`
2026-10-07T22:21:00.2095687Z warning: OIBridge/DitaTorusLocus.lean:3267:6: Variable name `μ` is not explicitly referenced.
2026-10-07T22:21:00.2095699Z 
2026-10-07T22:21:00.2096452Z Hint: The binding can be removed (if unused) or named `_` (if used implicitly). Alternatively, prefix the name with `_` to silence this warning:
2026-10-07T22:21:00.2096597Z   [apply] _μ
2026-10-07T22:21:00.2096604Z 
2026-10-07T22:21:00.2096929Z Note: This linter can be disabled with `set_option linter.unusedVariables false`
2026-10-07T22:21:00.2097335Z warning: OIBridge/DitaTorusLocus.lean:3269:6: Variable name `N` is not explicitly referenced.
2026-10-07T22:21:00.2097341Z 
2026-10-07T22:21:00.2097960Z Hint: The binding can be removed (if unused) or named `_` (if used implicitly). Alternatively, prefix the name with `_` to silence this warning:
2026-10-07T22:21:00.2098082Z   [apply] _N
2026-10-07T22:21:00.2098093Z 
2026-10-07T22:21:00.2098413Z Note: This linter can be disabled with `set_option linter.unusedVariables false`
2026-10-07T22:21:00.2098927Z warning: OIBridge/DitaTorusLocus.lean:3274:6: Variable name `Δc` is not explicitly referenced.
2026-10-07T22:21:00.2099024Z 
2026-10-07T22:21:00.2099689Z Hint: The binding can be removed (if unused) or named `_` (if used implicitly). Alternatively, prefix the name with `_` to silence this warning:
2026-10-07T22:21:00.2099864Z   [apply] _Δc
2026-10-07T22:21:00.2099869Z 
2026-10-07T22:21:00.2100193Z Note: This linter can be disabled with `set_option linter.unusedVariables false`
2026-10-07T22:21:00.2100723Z warning: OIBridge/DitaTorusLocus.lean:3275:6: Variable name `Δr` is not explicitly referenced.
2026-10-07T22:21:00.2100729Z 
2026-10-07T22:21:00.2101426Z Hint: The binding can be removed (if unused) or named `_` (if used implicitly). Alternatively, prefix the name with `_` to silence this warning:
2026-10-07T22:21:00.2101587Z   [apply] _Δr
2026-10-07T22:21:00.2101598Z 
2026-10-07T22:21:00.2101918Z Note: This linter can be disabled with `set_option linter.unusedVariables false`
2026-10-07T22:21:00.2102326Z warning: OIBridge/DitaTorusLocus.lean:3278:6: Variable name `dgT` is not explicitly referenced.
2026-10-07T22:21:00.2102337Z 
2026-10-07T22:21:00.2103312Z Hint: The binding can be removed (if unused) or named `_` (if used implicitly). Alternatively, prefix the name with `_` to silence this warning:
2026-10-07T22:21:00.2103444Z   [apply] _dgT
2026-10-07T22:21:00.2103450Z 
2026-10-07T22:21:00.2103768Z Note: This linter can be disabled with `set_option linter.unusedVariables false`
2026-10-07T22:21:00.2104199Z warning: OIBridge/DitaTorusLocus.lean:3285:6: Variable name `dita82` is not explicitly referenced.
2026-10-07T22:21:00.2104204Z 
2026-10-07T22:21:00.2104814Z Hint: The binding can be removed (if unused) or named `_` (if used implicitly). Alternatively, prefix the name with `_` to silence this warning:
2026-10-07T22:21:00.2104937Z   [apply] _dita82
2026-10-07T22:21:00.2105034Z 
2026-10-07T22:21:00.2105364Z Note: This linter can be disabled with `set_option linter.unusedVariables false`
2026-10-07T22:21:00.2105775Z warning: OIBridge/DitaTorusLocus.lean:3292:6: Variable name `P` is not explicitly referenced.
2026-10-07T22:21:00.2105783Z 
2026-10-07T22:21:00.2106413Z Hint: The binding can be removed (if unused) or named `_` (if used implicitly). Alternatively, prefix the name with `_` to silence this warning:
2026-10-07T22:21:00.2106534Z   [apply] _P
2026-10-07T22:21:00.2106546Z 
2026-10-07T22:21:00.2106868Z Note: This linter can be disabled with `set_option linter.unusedVariables false`
2026-10-07T22:21:00.2107300Z warning: OIBridge/DitaTorusLocus.lean:3295:6: Variable name `ditak1` is not explicitly referenced.
2026-10-07T22:21:00.2107305Z 
2026-10-07T22:21:00.2107919Z Hint: The binding can be removed (if unused) or named `_` (if used implicitly). Alternatively, prefix the name with `_` to silence this warning:
2026-10-07T22:21:00.2108038Z   [apply] _ditak1
2026-10-07T22:21:00.2108047Z 
2026-10-07T22:21:00.2108368Z Note: This linter can be disabled with `set_option linter.unusedVariables false`
2026-10-07T22:21:00.2108802Z warning: OIBridge/DitaTorusLocus.lean:3298:6: Variable name `ditak2` is not explicitly referenced.
2026-10-07T22:21:00.2108810Z 
2026-10-07T22:21:00.2109537Z Hint: The binding can be removed (if unused) or named `_` (if used implicitly). Alternatively, prefix the name with `_` to silence this warning:
2026-10-07T22:21:00.2109671Z   [apply] _ditak2
2026-10-07T22:21:00.2109675Z 
2026-10-07T22:21:00.2110003Z Note: This linter can be disabled with `set_option linter.unusedVariables false`
2026-10-07T22:21:00.2110423Z warning: OIBridge/DitaTorusLocus.lean:3301:6: Variable name `ditak3` is not explicitly referenced.
2026-10-07T22:21:00.2110428Z 
2026-10-07T22:21:00.2111065Z Hint: The binding can be removed (if unused) or named `_` (if used implicitly). Alternatively, prefix the name with `_` to silence this warning:
2026-10-07T22:21:00.2111197Z   [apply] _ditak3
2026-10-07T22:21:00.2111202Z 
2026-10-07T22:21:00.2111516Z Note: This linter can be disabled with `set_option linter.unusedVariables false`
2026-10-07T22:21:00.2112014Z warning: OIBridge/DitaTorusLocus.lean:3304:6: Variable name `ditak4` is not explicitly referenced.
2026-10-07T22:21:00.2112023Z 
2026-10-07T22:21:00.2112852Z Hint: The binding can be removed (if unused) or named `_` (if used implicitly). Alternatively, prefix the name with `_` to silence this warning:
2026-10-07T22:21:00.2112987Z   [apply] _ditak4
2026-10-07T22:21:00.2112992Z 
2026-10-07T22:21:00.2113323Z Note: This linter can be disabled with `set_option linter.unusedVariables false`
2026-10-07T22:21:00.2113751Z warning: OIBridge/DitaTorusLocus.lean:3307:6: Variable name `ditae1` is not explicitly referenced.
2026-10-07T22:21:00.2113756Z 
2026-10-07T22:21:00.2114361Z Hint: The binding can be removed (if unused) or named `_` (if used implicitly). Alternatively, prefix the name with `_` to silence this warning:
2026-10-07T22:21:00.2114493Z   [apply] _ditae1
2026-10-07T22:21:00.2114497Z 
2026-10-07T22:21:00.2114814Z Note: This linter can be disabled with `set_option linter.unusedVariables false`
2026-10-07T22:21:00.2115227Z warning: OIBridge/DitaTorusLocus.lean:3310:6: Variable name `ditae2` is not explicitly referenced.
2026-10-07T22:21:00.2115235Z 
2026-10-07T22:21:00.2115961Z Hint: The binding can be removed (if unused) or named `_` (if used implicitly). Alternatively, prefix the name with `_` to silence this warning:
2026-10-07T22:21:00.2116088Z   [apply] _ditae2
2026-10-07T22:21:00.2116093Z 
2026-10-07T22:21:00.2116407Z Note: This linter can be disabled with `set_option linter.unusedVariables false`
2026-10-07T22:21:00.2116832Z warning: OIBridge/DitaTorusLocus.lean:3313:6: Variable name `ditat2` is not explicitly referenced.
2026-10-07T22:21:00.2116837Z 
2026-10-07T22:21:00.2117451Z Hint: The binding can be removed (if unused) or named `_` (if used implicitly). Alternatively, prefix the name with `_` to silence this warning:
2026-10-07T22:21:00.2117693Z   [apply] _ditat2
2026-10-07T22:21:00.2117698Z 
2026-10-07T22:21:00.2118020Z Note: This linter can be disabled with `set_option linter.unusedVariables false`
2026-10-07T22:21:00.2118438Z warning: OIBridge/DitaTorusLocus.lean:3316:6: Variable name `ditat3` is not explicitly referenced.
2026-10-07T22:21:00.2118446Z 
2026-10-07T22:21:00.2119089Z Hint: The binding can be removed (if unused) or named `_` (if used implicitly). Alternatively, prefix the name with `_` to silence this warning:
2026-10-07T22:21:00.2119209Z   [apply] _ditat3
2026-10-07T22:21:00.2119214Z 
2026-10-07T22:21:00.2119531Z Note: This linter can be disabled with `set_option linter.unusedVariables false`
2026-10-07T22:21:00.2119931Z warning: OIBridge/DitaTorusLocus.lean:3318:6: Variable name `Hu` is not explicitly referenced.
2026-10-07T22:21:00.2119943Z 
2026-10-07T22:21:00.2120555Z Hint: The binding can be removed (if unused) or named `_` (if used implicitly). Alternatively, prefix the name with `_` to silence this warning:
2026-10-07T22:21:00.2120681Z   [apply] _Hu
2026-10-07T22:21:00.2120685Z 
2026-10-07T22:21:00.2121004Z Note: This linter can be disabled with `set_option linter.unusedVariables false`
2026-10-07T22:21:00.2121429Z warning: OIBridge/DitaTorusLocus.lean:3325:6: Variable name `ditamc` is not explicitly referenced.
2026-10-07T22:21:00.2121525Z 
2026-10-07T22:21:00.2122153Z Hint: The binding can be removed (if unused) or named `_` (if used implicitly). Alternatively, prefix the name with `_` to silence this warning:
2026-10-07T22:21:00.2122276Z   [apply] _ditamc
2026-10-07T22:21:00.2122282Z 
2026-10-07T22:21:00.2122799Z Note: This linter can be disabled with `set_option linter.unusedVariables false`
2026-10-07T22:21:00.2123245Z warning: OIBridge/DitaTorusLocus.lean:3328:6: Variable name `ditamr` is not explicitly referenced.
2026-10-07T22:21:00.2123252Z 
2026-10-07T22:21:00.2123869Z Hint: The binding can be removed (if unused) or named `_` (if used implicitly). Alternatively, prefix the name with `_` to silence this warning:
2026-10-07T22:21:00.2123996Z   [apply] _ditamr
2026-10-07T22:21:00.2124001Z 
2026-10-07T22:21:00.2124319Z Note: This linter can be disabled with `set_option linter.unusedVariables false`
2026-10-07T22:21:00.2125089Z info: OIBridge/DitaTorusLocus.lean:3335:0: 'OIBridge.DitaTorusLocus.a40_shared_face_3p' depends on axioms: [propext, Classical.choice, Quot.sound]
2026-10-07T22:21:00.2125517Z warning: OIBridge/DitaTorusLocus.lean:3343:6: Variable name `pt` is not explicitly referenced.
2026-10-07T22:21:00.2125523Z 
2026-10-07T22:21:00.2126128Z Hint: The binding can be removed (if unused) or named `_` (if used implicitly). Alternatively, prefix the name with `_` to silence this warning:
2026-10-07T22:21:00.2126249Z   [apply] _pt
2026-10-07T22:21:00.2126254Z 
2026-10-07T22:21:00.2126579Z Note: This linter can be disabled with `set_option linter.unusedVariables false`
2026-10-07T22:21:00.2126974Z warning: OIBridge/DitaTorusLocus.lean:3347:6: Variable name `S` is not explicitly referenced.
2026-10-07T22:21:00.2126984Z 
2026-10-07T22:21:00.2127603Z Hint: The binding can be removed (if unused) or named `_` (if used implicitly). Alternatively, prefix the name with `_` to silence this warning:
2026-10-07T22:21:00.2127721Z   [apply] _S
2026-10-07T22:21:00.2127726Z 
2026-10-07T22:21:00.2128052Z Note: This linter can be disabled with `set_option linter.unusedVariables false`
2026-10-07T22:21:00.2128600Z warning: OIBridge/DitaTorusLocus.lean:3348:6: Variable name `tor` is not explicitly referenced.
2026-10-07T22:21:00.2128607Z 
2026-10-07T22:21:00.2129218Z Hint: The binding can be removed (if unused) or named `_` (if used implicitly). Alternatively, prefix the name with `_` to silence this warning:
2026-10-07T22:21:00.2129341Z   [apply] _tor
2026-10-07T22:21:00.2129345Z 
2026-10-07T22:21:00.2129658Z Note: This linter can be disabled with `set_option linter.unusedVariables false`
2026-10-07T22:21:00.2130065Z warning: OIBridge/DitaTorusLocus.lean:3349:6: Variable name `adj` is not explicitly referenced.
2026-10-07T22:21:00.2130155Z 
2026-10-07T22:21:00.2130819Z Hint: The binding can be removed (if unused) or named `_` (if used implicitly). Alternatively, prefix the name with `_` to silence this warning:
2026-10-07T22:21:00.2130950Z   [apply] _adj
2026-10-07T22:21:00.2130955Z 
2026-10-07T22:21:00.2131272Z Note: This linter can be disabled with `set_option linter.unusedVariables false`
2026-10-07T22:21:00.2131822Z warning: OIBridge/DitaTorusLocus.lean:3350:6: Variable name `μ` is not explicitly referenced.
2026-10-07T22:21:00.2131828Z 
2026-10-07T22:21:00.2132437Z Hint: The binding can be removed (if unused) or named `_` (if used implicitly). Alternatively, prefix the name with `_` to silence this warning:
2026-10-07T22:21:00.2132583Z   [apply] _μ
2026-10-07T22:21:00.2132784Z 
2026-10-07T22:21:00.2133120Z Note: This linter can be disabled with `set_option linter.unusedVariables false`
2026-10-07T22:21:00.2133510Z warning: OIBridge/DitaTorusLocus.lean:3352:6: Variable name `N` is not explicitly referenced.
2026-10-07T22:21:00.2133523Z 
2026-10-07T22:21:00.2134134Z Hint: The binding can be removed (if unused) or named `_` (if used implicitly). Alternatively, prefix the name with `_` to silence this warning:
2026-10-07T22:21:00.2134254Z   [apply] _N
2026-10-07T22:21:00.2134259Z 
2026-10-07T22:21:00.2134588Z Note: This linter can be disabled with `set_option linter.unusedVariables false`
2026-10-07T22:21:00.2135252Z warning: OIBridge/DitaTorusLocus.lean:3357:6: Variable name `Δc` is not explicitly referenced.
2026-10-07T22:21:00.2135257Z 
2026-10-07T22:21:00.2135860Z Hint: The binding can be removed (if unused) or named `_` (if used implicitly). Alternatively, prefix the name with `_` to silence this warning:
2026-10-07T22:21:00.2136019Z   [apply] _Δc
2026-10-07T22:21:00.2136024Z 
2026-10-07T22:21:00.2136409Z Note: This linter can be disabled with `set_option linter.unusedVariables false`
2026-10-07T22:21:00.2137035Z warning: OIBridge/DitaTorusLocus.lean:3358:6: Variable name `Δr` is not explicitly referenced.
2026-10-07T22:21:00.2137053Z 
2026-10-07T22:21:00.2137796Z Hint: The binding can be removed (if unused) or named `_` (if used implicitly). Alternatively, prefix the name with `_` to silence this warning:
2026-10-07T22:21:00.2138125Z   [apply] _Δr
2026-10-07T22:21:00.2138132Z 
2026-10-07T22:21:00.2138673Z Note: This linter can be disabled with `set_option linter.unusedVariables false`
2026-10-07T22:21:00.2139240Z warning: OIBridge/DitaTorusLocus.lean:3361:6: Variable name `dgT` is not explicitly referenced.
2026-10-07T22:21:00.2139249Z 
2026-10-07T22:21:00.2140088Z Hint: The binding can be removed (if unused) or named `_` (if used implicitly). Alternatively, prefix the name with `_` to silence this warning:
2026-10-07T22:21:00.2140242Z   [apply] _dgT
2026-10-07T22:21:00.2140248Z 
2026-10-07T22:21:00.2140637Z Note: This linter can be disabled with `set_option linter.unusedVariables false`
2026-10-07T22:21:00.2141087Z warning: OIBridge/DitaTorusLocus.lean:3365:6: Variable name `dita28` is not explicitly referenced.
2026-10-07T22:21:00.2141101Z 
2026-10-07T22:21:00.2141818Z Hint: The binding can be removed (if unused) or named `_` (if used implicitly). Alternatively, prefix the name with `_` to silence this warning:
2026-10-07T22:21:00.2141983Z   [apply] _dita28
2026-10-07T22:21:00.2141989Z 
2026-10-07T22:21:00.2142389Z Note: This linter can be disabled with `set_option linter.unusedVariables false`
2026-10-07T22:21:00.2143277Z warning: OIBridge/DitaTorusLocus.lean:3368:6: Variable name `dita82` is not explicitly referenced.
2026-10-07T22:21:00.2143285Z 
2026-10-07T22:21:00.2144081Z Hint: The binding can be removed (if unused) or named `_` (if used implicitly). Alternatively, prefix the name with `_` to silence this warning:
2026-10-07T22:21:00.2144243Z   [apply] _dita82
2026-10-07T22:21:00.2144250Z 
2026-10-07T22:21:00.2144659Z Note: This linter can be disabled with `set_option linter.unusedVariables false`
2026-10-07T22:21:00.2145175Z warning: OIBridge/DitaTorusLocus.lean:3375:6: Variable name `P` is not explicitly referenced.
2026-10-07T22:21:00.2145279Z 
2026-10-07T22:21:00.2146026Z Hint: The binding can be removed (if unused) or named `_` (if used implicitly). Alternatively, prefix the name with `_` to silence this warning:
2026-10-07T22:21:00.2146233Z   [apply] _P
2026-10-07T22:21:00.2146243Z 
2026-10-07T22:21:00.2146649Z Note: This linter can be disabled with `set_option linter.unusedVariables false`
2026-10-07T22:21:00.2147090Z warning: OIBridge/DitaTorusLocus.lean:3378:6: Variable name `ditak1` is not explicitly referenced.
2026-10-07T22:21:00.2147095Z 
2026-10-07T22:21:00.2147706Z Hint: The binding can be removed (if unused) or named `_` (if used implicitly). Alternatively, prefix the name with `_` to silence this warning:
2026-10-07T22:21:00.2147830Z   [apply] _ditak1
2026-10-07T22:21:00.2147835Z 
2026-10-07T22:21:00.2148158Z Note: This linter can be disabled with `set_option linter.unusedVariables false`
2026-10-07T22:21:00.2148572Z warning: OIBridge/DitaTorusLocus.lean:3381:6: Variable name `ditak2` is not explicitly referenced.
2026-10-07T22:21:00.2148585Z 
2026-10-07T22:21:00.2149179Z Hint: The binding can be removed (if unused) or named `_` (if used implicitly). Alternatively, prefix the name with `_` to silence this warning:
2026-10-07T22:21:00.2149300Z   [apply] _ditak2
2026-10-07T22:21:00.2149308Z 
2026-10-07T22:21:00.2149736Z Note: This linter can be disabled with `set_option linter.unusedVariables false`
2026-10-07T22:21:00.2150164Z warning: OIBridge/DitaTorusLocus.lean:3384:6: Variable name `ditak3` is not explicitly referenced.
2026-10-07T22:21:00.2150170Z 
2026-10-07T22:21:00.2150778Z Hint: The binding can be removed (if unused) or named `_` (if used implicitly). Alternatively, prefix the name with `_` to silence this warning:
2026-10-07T22:21:00.2150898Z   [apply] _ditak3
2026-10-07T22:21:00.2150902Z 
2026-10-07T22:21:00.2151204Z Note: This linter can be disabled with `set_option linter.unusedVariables false`
2026-10-07T22:21:00.2151621Z warning: OIBridge/DitaTorusLocus.lean:3387:6: Variable name `ditak4` is not explicitly referenced.
2026-10-07T22:21:00.2151630Z 
2026-10-07T22:21:00.2152236Z Hint: The binding can be removed (if unused) or named `_` (if used implicitly). Alternatively, prefix the name with `_` to silence this warning:
2026-10-07T22:21:00.2152368Z   [apply] _ditak4
2026-10-07T22:21:00.2152517Z 
2026-10-07T22:21:00.2153055Z Note: This linter can be disabled with `set_option linter.unusedVariables false`
2026-10-07T22:21:00.2153488Z warning: OIBridge/DitaTorusLocus.lean:3390:6: Variable name `ditae1` is not explicitly referenced.
2026-10-07T22:21:00.2153493Z 
2026-10-07T22:21:00.2154098Z Hint: The binding can be removed (if unused) or named `_` (if used implicitly). Alternatively, prefix the name with `_` to silence this warning:
2026-10-07T22:21:00.2154222Z   [apply] _ditae1
2026-10-07T22:21:00.2154227Z 
2026-10-07T22:21:00.2154537Z Note: This linter can be disabled with `set_option linter.unusedVariables false`
2026-10-07T22:21:00.2154960Z warning: OIBridge/DitaTorusLocus.lean:3393:6: Variable name `ditae2` is not explicitly referenced.
2026-10-07T22:21:00.2154970Z 
2026-10-07T22:21:00.2155614Z Hint: The binding can be removed (if unused) or named `_` (if used implicitly). Alternatively, prefix the name with `_` to silence this warning:
2026-10-07T22:21:00.2155744Z   [apply] _ditae2
2026-10-07T22:21:00.2155752Z 
2026-10-07T22:21:00.2156079Z Note: This linter can be disabled with `set_option linter.unusedVariables false`
2026-10-07T22:21:00.2156589Z warning: OIBridge/DitaTorusLocus.lean:3396:6: Variable name `ditat2` is not explicitly referenced.
2026-10-07T22:21:00.2156595Z 
2026-10-07T22:21:00.2157233Z Hint: The binding can be removed (if unused) or named `_` (if used implicitly). Alternatively, prefix the name with `_` to silence this warning:
2026-10-07T22:21:00.2157355Z   [apply] _ditat2
2026-10-07T22:21:00.2157360Z 
2026-10-07T22:21:00.2157677Z Note: This linter can be disabled with `set_option linter.unusedVariables false`
2026-10-07T22:21:00.2158102Z warning: OIBridge/DitaTorusLocus.lean:3399:6: Variable name `ditat3` is not explicitly referenced.
2026-10-07T22:21:00.2158195Z 
2026-10-07T22:21:00.2158813Z Hint: The binding can be removed (if unused) or named `_` (if used implicitly). Alternatively, prefix the name with `_` to silence this warning:
2026-10-07T22:21:00.2158947Z   [apply] _ditat3
2026-10-07T22:21:00.2158955Z 
2026-10-07T22:21:00.2159274Z Note: This linter can be disabled with `set_option linter.unusedVariables false`
2026-10-07T22:21:00.2159681Z warning: OIBridge/DitaTorusLocus.lean:3401:6: Variable name `Hu` is not explicitly referenced.
2026-10-07T22:21:00.2159693Z 
2026-10-07T22:21:00.2160316Z Hint: The binding can be removed (if unused) or named `_` (if used implicitly). Alternatively, prefix the name with `_` to silence this warning:
2026-10-07T22:21:00.2160449Z   [apply] _Hu
2026-10-07T22:21:00.2160454Z 
2026-10-07T22:21:00.2160782Z Note: This linter can be disabled with `set_option linter.unusedVariables false`
2026-10-07T22:21:00.2161210Z warning: OIBridge/DitaTorusLocus.lean:3408:6: Variable name `ditamc` is not explicitly referenced.
2026-10-07T22:21:00.2161218Z 
2026-10-07T22:21:00.2161828Z Hint: The binding can be removed (if unused) or named `_` (if used implicitly). Alternatively, prefix the name with `_` to silence this warning:
2026-10-07T22:21:00.2161957Z   [apply] _ditamc
2026-10-07T22:21:00.2162053Z 
2026-10-07T22:21:00.2162371Z Note: This linter can be disabled with `set_option linter.unusedVariables false`
2026-10-07T22:21:00.2163252Z info: OIBridge/DitaTorusLocus.lean:3418:0: 'OIBridge.DitaTorusLocus.a40_shared_face_3m' depends on axioms: [propext, Classical.choice, Quot.sound]
2026-10-07T22:21:00.2163672Z warning: OIBridge/DitaTorusLocus.lean:3426:6: Variable name `pt` is not explicitly referenced.
2026-10-07T22:21:00.2163678Z 
2026-10-07T22:21:00.2164297Z Hint: The binding can be removed (if unused) or named `_` (if used implicitly). Alternatively, prefix the name with `_` to silence this warning:
2026-10-07T22:21:00.2164426Z   [apply] _pt
2026-10-07T22:21:00.2164434Z 
2026-10-07T22:21:00.2164746Z Note: This linter can be disabled with `set_option linter.unusedVariables false`
2026-10-07T22:21:00.2165140Z warning: OIBridge/DitaTorusLocus.lean:3430:6: Variable name `S` is not explicitly referenced.
2026-10-07T22:21:00.2165146Z 
2026-10-07T22:21:00.2165852Z Hint: The binding can be removed (if unused) or named `_` (if used implicitly). Alternatively, prefix the name with `_` to silence this warning:
2026-10-07T22:21:00.2165989Z   [apply] _S
2026-10-07T22:21:00.2165994Z 
2026-10-07T22:21:00.2166308Z Note: This linter can be disabled with `set_option linter.unusedVariables false`
2026-10-07T22:21:00.2166737Z warning: OIBridge/DitaTorusLocus.lean:3431:6: Variable name `tor` is not explicitly referenced.
2026-10-07T22:21:00.2166742Z 
2026-10-07T22:21:00.2167349Z Hint: The binding can be removed (if unused) or named `_` (if used implicitly). Alternatively, prefix the name with `_` to silence this warning:
2026-10-07T22:21:00.2167469Z   [apply] _tor
2026-10-07T22:21:00.2167479Z 
2026-10-07T22:21:00.2167797Z Note: This linter can be disabled with `set_option linter.unusedVariables false`
2026-10-07T22:21:00.2168208Z warning: OIBridge/DitaTorusLocus.lean:3432:6: Variable name `adj` is not explicitly referenced.
2026-10-07T22:21:00.2168213Z 
2026-10-07T22:21:00.2168845Z Hint: The binding can be removed (if unused) or named `_` (if used implicitly). Alternatively, prefix the name with `_` to silence this warning:
2026-10-07T22:21:00.2169065Z   [apply] _adj
2026-10-07T22:21:00.2169072Z 
2026-10-07T22:21:00.2169390Z Note: This linter can be disabled with `set_option linter.unusedVariables false`
2026-10-07T22:21:00.2169975Z warning: OIBridge/DitaTorusLocus.lean:3433:6: Variable name `μ` is not explicitly referenced.
2026-10-07T22:21:00.2169980Z 
2026-10-07T22:21:00.2170598Z Hint: The binding can be removed (if unused) or named `_` (if used implicitly). Alternatively, prefix the name with `_` to silence this warning:
2026-10-07T22:21:00.2170741Z   [apply] _μ
2026-10-07T22:21:00.2170746Z 
2026-10-07T22:21:00.2171178Z Note: This linter can be disabled with `set_option linter.unusedVariables false`
2026-10-07T22:21:00.2171672Z warning: OIBridge/DitaTorusLocus.lean:3435:6: Variable name `N` is not explicitly referenced.
2026-10-07T22:21:00.2171678Z 
2026-10-07T22:21:00.2172290Z Hint: The binding can be removed (if unused) or named `_` (if used implicitly). Alternatively, prefix the name with `_` to silence this warning:
2026-10-07T22:21:00.2172411Z   [apply] _N
2026-10-07T22:21:00.2172424Z 
2026-10-07T22:21:00.2172921Z Note: This linter can be disabled with `set_option linter.unusedVariables false`
2026-10-07T22:21:00.2173465Z warning: OIBridge/DitaTorusLocus.lean:3440:6: Variable name `Δc` is not explicitly referenced.
2026-10-07T22:21:00.2173471Z 
2026-10-07T22:21:00.2174086Z Hint: The binding can be removed (if unused) or named `_` (if used implicitly). Alternatively, prefix the name with `_` to silence this warning:
2026-10-07T22:21:00.2174247Z   [apply] _Δc
2026-10-07T22:21:00.2174252Z 
2026-10-07T22:21:00.2174592Z Note: This linter can be disabled with `set_option linter.unusedVariables false`
2026-10-07T22:21:00.2175098Z warning: OIBridge/DitaTorusLocus.lean:3441:6: Variable name `Δr` is not explicitly referenced.
2026-10-07T22:21:00.2175104Z 
2026-10-07T22:21:00.2175707Z Hint: The binding can be removed (if unused) or named `_` (if used implicitly). Alternatively, prefix the name with `_` to silence this warning:
2026-10-07T22:21:00.2175977Z   [apply] _Δr
2026-10-07T22:21:00.2175982Z 
2026-10-07T22:21:00.2176311Z Note: This linter can be disabled with `set_option linter.unusedVariables false`
2026-10-07T22:21:00.2176731Z warning: OIBridge/DitaTorusLocus.lean:3444:6: Variable name `dgT` is not explicitly referenced.
2026-10-07T22:21:00.2176735Z 
2026-10-07T22:21:00.2177366Z Hint: The binding can be removed (if unused) or named `_` (if used implicitly). Alternatively, prefix the name with `_` to silence this warning:
2026-10-07T22:21:00.2177492Z   [apply] _dgT
2026-10-07T22:21:00.2177497Z 
2026-10-07T22:21:00.2177833Z Note: This linter can be disabled with `set_option linter.unusedVariables false`
2026-10-07T22:21:00.2178274Z warning: OIBridge/DitaTorusLocus.lean:3448:6: Variable name `dita28` is not explicitly referenced.
2026-10-07T22:21:00.2178280Z 
2026-10-07T22:21:00.2178995Z Hint: The binding can be removed (if unused) or named `_` (if used implicitly). Alternatively, prefix the name with `_` to silence this warning:
2026-10-07T22:21:00.2179132Z   [apply] _dita28
2026-10-07T22:21:00.2179137Z 
2026-10-07T22:21:00.2179473Z Note: This linter can be disabled with `set_option linter.unusedVariables false`
2026-10-07T22:21:00.2179937Z warning: OIBridge/DitaTorusLocus.lean:3451:6: Variable name `dita82` is not explicitly referenced.
2026-10-07T22:21:00.2179942Z 
2026-10-07T22:21:00.2180583Z Hint: The binding can be removed (if unused) or named `_` (if used implicitly). Alternatively, prefix the name with `_` to silence this warning:
2026-10-07T22:21:00.2180713Z   [apply] _dita82
2026-10-07T22:21:00.2180722Z 
2026-10-07T22:21:00.2181042Z Note: This linter can be disabled with `set_option linter.unusedVariables false`
2026-10-07T22:21:00.2181496Z warning: OIBridge/DitaTorusLocus.lean:3458:6: Variable name `P` is not explicitly referenced.
2026-10-07T22:21:00.2181502Z 
2026-10-07T22:21:00.2182142Z Hint: The binding can be removed (if unused) or named `_` (if used implicitly). Alternatively, prefix the name with `_` to silence this warning:
2026-10-07T22:21:00.2182363Z   [apply] _P
2026-10-07T22:21:00.2182369Z 
2026-10-07T22:21:00.2182877Z Note: This linter can be disabled with `set_option linter.unusedVariables false`
2026-10-07T22:21:00.2183319Z warning: OIBridge/DitaTorusLocus.lean:3464:6: Variable name `ditak2` is not explicitly referenced.
2026-10-07T22:21:00.2183324Z 
2026-10-07T22:21:00.2183941Z Hint: The binding can be removed (if unused) or named `_` (if used implicitly). Alternatively, prefix the name with `_` to silence this warning:
2026-10-07T22:21:00.2184066Z   [apply] _ditak2
2026-10-07T22:21:00.2184170Z 
2026-10-07T22:21:00.2184539Z Note: This linter can be disabled with `set_option linter.unusedVariables false`
2026-10-07T22:21:00.2184996Z warning: OIBridge/DitaTorusLocus.lean:3467:6: Variable name `ditak3` is not explicitly referenced.
2026-10-07T22:21:00.2185006Z 
2026-10-07T22:21:00.2185643Z Hint: The binding can be removed (if unused) or named `_` (if used implicitly). Alternatively, prefix the name with `_` to silence this warning:
2026-10-07T22:21:00.2185783Z   [apply] _ditak3
2026-10-07T22:21:00.2185788Z 
2026-10-07T22:21:00.2186111Z Note: This linter can be disabled with `set_option linter.unusedVariables false`
2026-10-07T22:21:00.2186539Z warning: OIBridge/DitaTorusLocus.lean:3470:6: Variable name `ditak4` is not explicitly referenced.
2026-10-07T22:21:00.2186556Z 
2026-10-07T22:21:00.2187179Z Hint: The binding can be removed (if unused) or named `_` (if used implicitly). Alternatively, prefix the name with `_` to silence this warning:
2026-10-07T22:21:00.2187303Z   [apply] _ditak4
2026-10-07T22:21:00.2187311Z 
2026-10-07T22:21:00.2187638Z Note: This linter can be disabled with `set_option linter.unusedVariables false`
2026-10-07T22:21:00.2188062Z warning: OIBridge/DitaTorusLocus.lean:3473:6: Variable name `ditae1` is not explicitly referenced.
2026-10-07T22:21:00.2188071Z 
2026-10-07T22:21:00.2188780Z Hint: The binding can be removed (if unused) or named `_` (if used implicitly). Alternatively, prefix the name with `_` to silence this warning:
2026-10-07T22:21:00.2188910Z   [apply] _ditae1
2026-10-07T22:21:00.2188915Z 
2026-10-07T22:21:00.2189235Z Note: This linter can be disabled with `set_option linter.unusedVariables false`
2026-10-07T22:21:00.2189653Z warning: OIBridge/DitaTorusLocus.lean:3476:6: Variable name `ditae2` is not explicitly referenced.
2026-10-07T22:21:00.2189658Z 
2026-10-07T22:21:00.2190283Z Hint: The binding can be removed (if unused) or named `_` (if used implicitly). Alternatively, prefix the name with `_` to silence this warning:
2026-10-07T22:21:00.2190401Z   [apply] _ditae2
2026-10-07T22:21:00.2190410Z 
2026-10-07T22:21:00.2190734Z Note: This linter can be disabled with `set_option linter.unusedVariables false`
2026-10-07T22:21:00.2191178Z warning: OIBridge/DitaTorusLocus.lean:3479:6: Variable name `ditat2` is not explicitly referenced.
2026-10-07T22:21:00.2191324Z 
2026-10-07T22:21:00.2191966Z Hint: The binding can be removed (if unused) or named `_` (if used implicitly). Alternatively, prefix the name with `_` to silence this warning:
2026-10-07T22:21:00.2192089Z   [apply] _ditat2
2026-10-07T22:21:00.2192094Z 
2026-10-07T22:21:00.2192413Z Note: This linter can be disabled with `set_option linter.unusedVariables false`
2026-10-07T22:21:00.2193009Z warning: OIBridge/DitaTorusLocus.lean:3482:6: Variable name `ditat3` is not explicitly referenced.
2026-10-07T22:21:00.2193015Z 
2026-10-07T22:21:00.2193623Z Hint: The binding can be removed (if unused) or named `_` (if used implicitly). Alternatively, prefix the name with `_` to silence this warning:
2026-10-07T22:21:00.2193751Z   [apply] _ditat3
2026-10-07T22:21:00.2193756Z 
2026-10-07T22:21:00.2194075Z Note: This linter can be disabled with `set_option linter.unusedVariables false`
2026-10-07T22:21:00.2194481Z warning: OIBridge/DitaTorusLocus.lean:3484:6: Variable name `Hu` is not explicitly referenced.
2026-10-07T22:21:00.2194489Z 
2026-10-07T22:21:00.2195216Z Hint: The binding can be removed (if unused) or named `_` (if used implicitly). Alternatively, prefix the name with `_` to silence this warning:
2026-10-07T22:21:00.2195342Z   [apply] _Hu
2026-10-07T22:21:00.2195347Z 
2026-10-07T22:21:00.2195676Z Note: This linter can be disabled with `set_option linter.unusedVariables false`
2026-10-07T22:21:00.2196100Z warning: OIBridge/DitaTorusLocus.lean:3491:6: Variable name `ditamc` is not explicitly referenced.
2026-10-07T22:21:00.2196105Z 
2026-10-07T22:21:00.2196708Z Hint: The binding can be removed (if unused) or named `_` (if used implicitly). Alternatively, prefix the name with `_` to silence this warning:
2026-10-07T22:21:00.2196924Z   [apply] _ditamc
2026-10-07T22:21:00.2196928Z 
2026-10-07T22:21:00.2197252Z Note: This linter can be disabled with `set_option linter.unusedVariables false`
2026-10-07T22:21:00.2197687Z warning: OIBridge/DitaTorusLocus.lean:3494:6: Variable name `ditamr` is not explicitly referenced.
2026-10-07T22:21:00.2197704Z 
2026-10-07T22:21:00.2198312Z Hint: The binding can be removed (if unused) or named `_` (if used implicitly). Alternatively, prefix the name with `_` to silence this warning:
2026-10-07T22:21:00.2198437Z   [apply] _ditamr
2026-10-07T22:21:00.2198441Z 
2026-10-07T22:21:00.2198754Z Note: This linter can be disabled with `set_option linter.unusedVariables false`
2026-10-07T22:21:00.2199478Z info: OIBridge/DitaTorusLocus.lean:3501:0: 'OIBridge.DitaTorusLocus.a40_shared_excl_k1_c' depends on axioms: [propext, Classical.choice, Quot.sound]
2026-10-07T22:21:00.2199886Z warning: OIBridge/DitaTorusLocus.lean:3509:6: Variable name `pt` is not explicitly referenced.
2026-10-07T22:21:00.2199891Z 
2026-10-07T22:21:00.2200513Z Hint: The binding can be removed (if unused) or named `_` (if used implicitly). Alternatively, prefix the name with `_` to silence this warning:
2026-10-07T22:21:00.2200630Z   [apply] _pt
2026-10-07T22:21:00.2200635Z 
2026-10-07T22:21:00.2200957Z Note: This linter can be disabled with `set_option linter.unusedVariables false`
2026-10-07T22:21:00.2201467Z warning: OIBridge/DitaTorusLocus.lean:3513:6: Variable name `S` is not explicitly referenced.
2026-10-07T22:21:00.2201473Z 
2026-10-07T22:21:00.2202098Z Hint: The binding can be removed (if unused) or named `_` (if used implicitly). Alternatively, prefix the name with `_` to silence this warning:
2026-10-07T22:21:00.2202220Z   [apply] _S
2026-10-07T22:21:00.2202225Z 
2026-10-07T22:21:00.2202539Z Note: This linter can be disabled with `set_option linter.unusedVariables false`
2026-10-07T22:21:00.2203140Z warning: OIBridge/DitaTorusLocus.lean:3514:6: Variable name `tor` is not explicitly referenced.
2026-10-07T22:21:00.2203146Z 
2026-10-07T22:21:00.2203793Z Hint: The binding can be removed (if unused) or named `_` (if used implicitly). Alternatively, prefix the name with `_` to silence this warning:
2026-10-07T22:21:00.2203922Z   [apply] _tor
2026-10-07T22:21:00.2203927Z 
2026-10-07T22:21:00.2204347Z Note: This linter can be disabled with `set_option linter.unusedVariables false`
2026-10-07T22:21:00.2204783Z warning: OIBridge/DitaTorusLocus.lean:3515:6: Variable name `adj` is not explicitly referenced.
2026-10-07T22:21:00.2204788Z 
2026-10-07T22:21:00.2205412Z Hint: The binding can be removed (if unused) or named `_` (if used implicitly). Alternatively, prefix the name with `_` to silence this warning:
2026-10-07T22:21:00.2205530Z   [apply] _adj
2026-10-07T22:21:00.2205535Z 
2026-10-07T22:21:00.2205873Z Note: This linter can be disabled with `set_option linter.unusedVariables false`
2026-10-07T22:21:00.2206419Z warning: OIBridge/DitaTorusLocus.lean:3516:6: Variable name `μ` is not explicitly referenced.
2026-10-07T22:21:00.2206425Z 
2026-10-07T22:21:00.2207057Z Hint: The binding can be removed (if unused) or named `_` (if used implicitly). Alternatively, prefix the name with `_` to silence this warning:
2026-10-07T22:21:00.2207203Z   [apply] _μ
2026-10-07T22:21:00.2207209Z 
2026-10-07T22:21:00.2207536Z Note: This linter can be disabled with `set_option linter.unusedVariables false`
2026-10-07T22:21:00.2208032Z warning: OIBridge/DitaTorusLocus.lean:3518:6: Variable name `N` is not explicitly referenced.
2026-10-07T22:21:00.2208038Z 
2026-10-07T22:21:00.2208662Z Hint: The binding can be removed (if unused) or named `_` (if used implicitly). Alternatively, prefix the name with `_` to silence this warning:
2026-10-07T22:21:00.2208808Z   [apply] _N
2026-10-07T22:21:00.2208814Z 
2026-10-07T22:21:00.2209138Z Note: This linter can be disabled with `set_option linter.unusedVariables false`
2026-10-07T22:21:00.2209676Z warning: OIBridge/DitaTorusLocus.lean:3523:6: Variable name `Δc` is not explicitly referenced.
2026-10-07T22:21:00.2209681Z 
2026-10-07T22:21:00.2210413Z Hint: The binding can be removed (if unused) or named `_` (if used implicitly). Alternatively, prefix the name with `_` to silence this warning:
2026-10-07T22:21:00.2210569Z   [apply] _Δc
2026-10-07T22:21:00.2210574Z 
2026-10-07T22:21:00.2210927Z Note: This linter can be disabled with `set_option linter.unusedVariables false`
2026-10-07T22:21:00.2211461Z warning: OIBridge/DitaTorusLocus.lean:3524:6: Variable name `Δr` is not explicitly referenced.
2026-10-07T22:21:00.2211466Z 
2026-10-07T22:21:00.2212095Z Hint: The binding can be removed (if unused) or named `_` (if used implicitly). Alternatively, prefix the name with `_` to silence this warning:
2026-10-07T22:21:00.2212266Z   [apply] _Δr
2026-10-07T22:21:00.2212271Z 
2026-10-07T22:21:00.2212861Z Note: This linter can be disabled with `set_option linter.unusedVariables false`
2026-10-07T22:21:00.2213299Z warning: OIBridge/DitaTorusLocus.lean:3527:6: Variable name `dgT` is not explicitly referenced.
2026-10-07T22:21:00.2213311Z 
2026-10-07T22:21:00.2213989Z Hint: The binding can be removed (if unused) or named `_` (if used implicitly). Alternatively, prefix the name with `_` to silence this warning:
2026-10-07T22:21:00.2214124Z   [apply] _dgT
2026-10-07T22:21:00.2214129Z 
2026-10-07T22:21:00.2214473Z Note: This linter can be disabled with `set_option linter.unusedVariables false`
2026-10-07T22:21:00.2215046Z warning: OIBridge/DitaTorusLocus.lean:3531:6: Variable name `dita28` is not explicitly referenced.
2026-10-07T22:21:00.2215053Z 
2026-10-07T22:21:00.2215783Z Hint: The binding can be removed (if unused) or named `_` (if used implicitly). Alternatively, prefix the name with `_` to silence this warning:
2026-10-07T22:21:00.2215927Z   [apply] _dita28
2026-10-07T22:21:00.2215933Z 
2026-10-07T22:21:00.2216278Z Note: This linter can be disabled with `set_option linter.unusedVariables false`
2026-10-07T22:21:00.2216731Z warning: OIBridge/DitaTorusLocus.lean:3534:6: Variable name `dita82` is not explicitly referenced.
2026-10-07T22:21:00.2216736Z 
2026-10-07T22:21:00.2217375Z Hint: The binding can be removed (if unused) or named `_` (if used implicitly). Alternatively, prefix the name with `_` to silence this warning:
2026-10-07T22:21:00.2217501Z   [apply] _dita82
2026-10-07T22:21:00.2217506Z 
2026-10-07T22:21:00.2217930Z Note: This linter can be disabled with `set_option linter.unusedVariables false`
2026-10-07T22:21:00.2218417Z warning: OIBridge/DitaTorusLocus.lean:3541:6: Variable name `P` is not explicitly referenced.
2026-10-07T22:21:00.2218423Z 
2026-10-07T22:21:00.2219056Z Hint: The binding can be removed (if unused) or named `_` (if used implicitly). Alternatively, prefix the name with `_` to silence this warning:
2026-10-07T22:21:00.2219191Z   [apply] _P
2026-10-07T22:21:00.2219197Z 
2026-10-07T22:21:00.2219575Z Note: This linter can be disabled with `set_option linter.unusedVariables false`
2026-10-07T22:21:00.2220025Z warning: OIBridge/DitaTorusLocus.lean:3547:6: Variable name `ditak2` is not explicitly referenced.
2026-10-07T22:21:00.2220036Z 
2026-10-07T22:21:00.2220647Z Hint: The binding can be removed (if unused) or named `_` (if used implicitly). Alternatively, prefix the name with `_` to silence this warning:
2026-10-07T22:21:00.2220788Z   [apply] _ditak2
2026-10-07T22:21:00.2220793Z 
2026-10-07T22:21:00.2221106Z Note: This linter can be disabled with `set_option linter.unusedVariables false`
2026-10-07T22:21:00.2221633Z warning: OIBridge/DitaTorusLocus.lean:3550:6: Variable name `ditak3` is not explicitly referenced.
2026-10-07T22:21:00.2221640Z 
2026-10-07T22:21:00.2222318Z Hint: The binding can be removed (if unused) or named `_` (if used implicitly). Alternatively, prefix the name with `_` to silence this warning:
2026-10-07T22:21:00.2222442Z   [apply] _ditak3
2026-10-07T22:21:00.2222447Z 
2026-10-07T22:21:00.2223245Z Note: This linter can be disabled with `set_option linter.unusedVariables false`
2026-10-07T22:21:00.2223691Z warning: OIBridge/DitaTorusLocus.lean:3553:6: Variable name `ditak4` is not explicitly referenced.
2026-10-07T22:21:00.2223800Z 
2026-10-07T22:21:00.2224431Z Hint: The binding can be removed (if unused) or named `_` (if used implicitly). Alternatively, prefix the name with `_` to silence this warning:
2026-10-07T22:21:00.2224560Z   [apply] _ditak4
2026-10-07T22:21:00.2224565Z 
2026-10-07T22:21:00.2224903Z Note: This linter can be disabled with `set_option linter.unusedVariables false`
2026-10-07T22:21:00.2225331Z warning: OIBridge/DitaTorusLocus.lean:3556:6: Variable name `ditae1` is not explicitly referenced.
2026-10-07T22:21:00.2225342Z 
2026-10-07T22:21:00.2226001Z Hint: The binding can be removed (if unused) or named `_` (if used implicitly). Alternatively, prefix the name with `_` to silence this warning:
2026-10-07T22:21:00.2226126Z   [apply] _ditae1
2026-10-07T22:21:00.2226131Z 
2026-10-07T22:21:00.2226470Z Note: This linter can be disabled with `set_option linter.unusedVariables false`
2026-10-07T22:21:00.2226893Z warning: OIBridge/DitaTorusLocus.lean:3559:6: Variable name `ditae2` is not explicitly referenced.
2026-10-07T22:21:00.2226904Z 
2026-10-07T22:21:00.2227517Z Hint: The binding can be removed (if unused) or named `_` (if used implicitly). Alternatively, prefix the name with `_` to silence this warning:
2026-10-07T22:21:00.2227645Z   [apply] _ditae2
2026-10-07T22:21:00.2227653Z 
2026-10-07T22:21:00.2227958Z Note: This linter can be disabled with `set_option linter.unusedVariables false`
2026-10-07T22:21:00.2228490Z warning: OIBridge/DitaTorusLocus.lean:3562:6: Variable name `ditat2` is not explicitly referenced.
2026-10-07T22:21:00.2228496Z 
2026-10-07T22:21:00.2229161Z Hint: The binding can be removed (if unused) or named `_` (if used implicitly). Alternatively, prefix the name with `_` to silence this warning:
2026-10-07T22:21:00.2229286Z   [apply] _ditat2
2026-10-07T22:21:00.2229291Z 
2026-10-07T22:21:00.2229642Z Note: This linter can be disabled with `set_option linter.unusedVariables false`
2026-10-07T22:21:00.2230066Z warning: OIBridge/DitaTorusLocus.lean:3565:6: Variable name `ditat3` is not explicitly referenced.
2026-10-07T22:21:00.2230079Z 
2026-10-07T22:21:00.2230698Z Hint: The binding can be removed (if unused) or named `_` (if used implicitly). Alternatively, prefix the name with `_` to silence this warning:
2026-10-07T22:21:00.2230825Z   [apply] _ditat3
2026-10-07T22:21:00.2230967Z 
2026-10-07T22:21:00.2231303Z Note: This linter can be disabled with `set_option linter.unusedVariables false`
2026-10-07T22:21:00.2231704Z warning: OIBridge/DitaTorusLocus.lean:3567:6: Variable name `Hu` is not explicitly referenced.
2026-10-07T22:21:00.2231709Z 
2026-10-07T22:21:00.2232346Z Hint: The binding can be removed (if unused) or named `_` (if used implicitly). Alternatively, prefix the name with `_` to silence this warning:
2026-10-07T22:21:00.2232470Z   [apply] _Hu
2026-10-07T22:21:00.2232475Z 
2026-10-07T22:21:00.2232972Z Note: This linter can be disabled with `set_option linter.unusedVariables false`
2026-10-07T22:21:00.2233400Z warning: OIBridge/DitaTorusLocus.lean:3574:6: Variable name `ditamc` is not explicitly referenced.
2026-10-07T22:21:00.2233409Z 
2026-10-07T22:21:00.2234007Z Hint: The binding can be removed (if unused) or named `_` (if used implicitly). Alternatively, prefix the name with `_` to silence this warning:
2026-10-07T22:21:00.2234121Z   [apply] _ditamc
2026-10-07T22:21:00.2234129Z 
2026-10-07T22:21:00.2234447Z Note: This linter can be disabled with `set_option linter.unusedVariables false`
2026-10-07T22:21:00.2235004Z warning: OIBridge/DitaTorusLocus.lean:3577:6: Variable name `ditamr` is not explicitly referenced.
2026-10-07T22:21:00.2235013Z 
2026-10-07T22:21:00.2235662Z Hint: The binding can be removed (if unused) or named `_` (if used implicitly). Alternatively, prefix the name with `_` to silence this warning:
2026-10-07T22:21:00.2235794Z   [apply] _ditamr
2026-10-07T22:21:00.2235799Z 
2026-10-07T22:21:00.2236128Z Note: This linter can be disabled with `set_option linter.unusedVariables false`
2026-10-07T22:21:00.2236844Z info: OIBridge/DitaTorusLocus.lean:3584:0: 'OIBridge.DitaTorusLocus.a40_shared_excl_k1_r' depends on axioms: [propext, Classical.choice, Quot.sound]
2026-10-07T22:21:00.2237350Z warning: OIBridge/DitaTorusLocus.lean:3592:6: Variable name `pt` is not explicitly referenced.
2026-10-07T22:21:00.2237356Z 
2026-10-07T22:21:00.2237991Z Hint: The binding can be removed (if unused) or named `_` (if used implicitly). Alternatively, prefix the name with `_` to silence this warning:
2026-10-07T22:21:00.2238124Z   [apply] _pt
2026-10-07T22:21:00.2238134Z 
2026-10-07T22:21:00.2238450Z Note: This linter can be disabled with `set_option linter.unusedVariables false`
2026-10-07T22:21:00.2238844Z warning: OIBridge/DitaTorusLocus.lean:3596:6: Variable name `S` is not explicitly referenced.
2026-10-07T22:21:00.2238849Z 
2026-10-07T22:21:00.2239491Z Hint: The binding can be removed (if unused) or named `_` (if used implicitly). Alternatively, prefix the name with `_` to silence this warning:
2026-10-07T22:21:00.2239606Z   [apply] _S
2026-10-07T22:21:00.2239612Z 
2026-10-07T22:21:00.2239983Z Note: This linter can be disabled with `set_option linter.unusedVariables false`
2026-10-07T22:21:00.2240405Z warning: OIBridge/DitaTorusLocus.lean:3597:6: Variable name `tor` is not explicitly referenced.
2026-10-07T22:21:00.2240410Z 
2026-10-07T22:21:00.2241029Z Hint: The binding can be removed (if unused) or named `_` (if used implicitly). Alternatively, prefix the name with `_` to silence this warning:
2026-10-07T22:21:00.2241260Z   [apply] _tor
2026-10-07T22:21:00.2241268Z 
2026-10-07T22:21:00.2241585Z Note: This linter can be disabled with `set_option linter.unusedVariables false`
2026-10-07T22:21:00.2241997Z warning: OIBridge/DitaTorusLocus.lean:3598:6: Variable name `adj` is not explicitly referenced.
2026-10-07T22:21:00.2242002Z 
2026-10-07T22:21:00.2242771Z Hint: The binding can be removed (if unused) or named `_` (if used implicitly). Alternatively, prefix the name with `_` to silence this warning:
2026-10-07T22:21:00.2242910Z   [apply] _adj
2026-10-07T22:21:00.2242916Z 
2026-10-07T22:21:00.2243297Z Note: This linter can be disabled with `set_option linter.unusedVariables false`
2026-10-07T22:21:00.2243855Z warning: OIBridge/DitaTorusLocus.lean:3599:6: Variable name `μ` is not explicitly referenced.
2026-10-07T22:21:00.2243860Z 
2026-10-07T22:21:00.2244597Z Hint: The binding can be removed (if unused) or named `_` (if used implicitly). Alternatively, prefix the name with `_` to silence this warning:
2026-10-07T22:21:00.2244755Z   [apply] _μ
2026-10-07T22:21:00.2244764Z 
2026-10-07T22:21:00.2245126Z Note: This linter can be disabled with `set_option linter.unusedVariables false`
2026-10-07T22:21:00.2245545Z warning: OIBridge/DitaTorusLocus.lean:3601:6: Variable name `N` is not explicitly referenced.
2026-10-07T22:21:00.2245550Z 
2026-10-07T22:21:00.2246174Z Hint: The binding can be removed (if unused) or named `_` (if used implicitly). Alternatively, prefix the name with `_` to silence this warning:
2026-10-07T22:21:00.2246298Z   [apply] _N
2026-10-07T22:21:00.2246303Z 
2026-10-07T22:21:00.2246622Z Note: This linter can be disabled with `set_option linter.unusedVariables false`
2026-10-07T22:21:00.2247150Z warning: OIBridge/DitaTorusLocus.lean:3606:6: Variable name `Δc` is not explicitly referenced.
2026-10-07T22:21:00.2247156Z 
2026-10-07T22:21:00.2247813Z Hint: The binding can be removed (if unused) or named `_` (if used implicitly). Alternatively, prefix the name with `_` to silence this warning:
2026-10-07T22:21:00.2247985Z   [apply] _Δc
2026-10-07T22:21:00.2248085Z 
2026-10-07T22:21:00.2248415Z Note: This linter can be disabled with `set_option linter.unusedVariables false`
2026-10-07T22:21:00.2248964Z warning: OIBridge/DitaTorusLocus.lean:3607:6: Variable name `Δr` is not explicitly referenced.
2026-10-07T22:21:00.2248970Z 
2026-10-07T22:21:00.2249606Z Hint: The binding can be removed (if unused) or named `_` (if used implicitly). Alternatively, prefix the name with `_` to silence this warning:
2026-10-07T22:21:00.2249768Z   [apply] _Δr
2026-10-07T22:21:00.2249773Z 
2026-10-07T22:21:00.2250099Z Note: This linter can be disabled with `set_option linter.unusedVariables false`
2026-10-07T22:21:00.2250604Z warning: OIBridge/DitaTorusLocus.lean:3610:6: Variable name `dgT` is not explicitly referenced.
2026-10-07T22:21:00.2250609Z 
2026-10-07T22:21:00.2251243Z Hint: The binding can be removed (if unused) or named `_` (if used implicitly). Alternatively, prefix the name with `_` to silence this warning:
2026-10-07T22:21:00.2251374Z   [apply] _dgT
2026-10-07T22:21:00.2251383Z 
2026-10-07T22:21:00.2251744Z Note: This linter can be disabled with `set_option linter.unusedVariables false`
2026-10-07T22:21:00.2252222Z warning: OIBridge/DitaTorusLocus.lean:3614:6: Variable name `dita28` is not explicitly referenced.
2026-10-07T22:21:00.2252236Z 
2026-10-07T22:21:00.2253082Z Hint: The binding can be removed (if unused) or named `_` (if used implicitly). Alternatively, prefix the name with `_` to silence this warning:
2026-10-07T22:21:00.2253223Z   [apply] _dita28
2026-10-07T22:21:00.2253228Z 
2026-10-07T22:21:00.2253570Z Note: This linter can be disabled with `set_option linter.unusedVariables false`
2026-10-07T22:21:00.2253993Z warning: OIBridge/DitaTorusLocus.lean:3617:6: Variable name `dita82` is not explicitly referenced.
2026-10-07T22:21:00.2253998Z 
2026-10-07T22:21:00.2254636Z Hint: The binding can be removed (if unused) or named `_` (if used implicitly). Alternatively, prefix the name with `_` to silence this warning:
2026-10-07T22:21:00.2254901Z   [apply] _dita82
2026-10-07T22:21:00.2254908Z 
2026-10-07T22:21:00.2255233Z Note: This linter can be disabled with `set_option linter.unusedVariables false`
2026-10-07T22:21:00.2255648Z warning: OIBridge/DitaTorusLocus.lean:3624:6: Variable name `P` is not explicitly referenced.
2026-10-07T22:21:00.2255653Z 
2026-10-07T22:21:00.2256290Z Hint: The binding can be removed (if unused) or named `_` (if used implicitly). Alternatively, prefix the name with `_` to silence this warning:
2026-10-07T22:21:00.2256407Z   [apply] _P
2026-10-07T22:21:00.2256412Z 
2026-10-07T22:21:00.2256747Z Note: This linter can be disabled with `set_option linter.unusedVariables false`
2026-10-07T22:21:00.2257214Z warning: OIBridge/DitaTorusLocus.lean:3627:6: Variable name `ditak1` is not explicitly referenced.
2026-10-07T22:21:00.2257220Z 
2026-10-07T22:21:00.2257956Z Hint: The binding can be removed (if unused) or named `_` (if used implicitly). Alternatively, prefix the name with `_` to silence this warning:
2026-10-07T22:21:00.2258104Z   [apply] _ditak1
2026-10-07T22:21:00.2258109Z 
2026-10-07T22:21:00.2258450Z Note: This linter can be disabled with `set_option linter.unusedVariables false`
2026-10-07T22:21:00.2258880Z warning: OIBridge/DitaTorusLocus.lean:3633:6: Variable name `ditak3` is not explicitly referenced.
2026-10-07T22:21:00.2258885Z 
2026-10-07T22:21:00.2259507Z Hint: The binding can be removed (if unused) or named `_` (if used implicitly). Alternatively, prefix the name with `_` to silence this warning:
2026-10-07T22:21:00.2259636Z   [apply] _ditak3
2026-10-07T22:21:00.2259641Z 
2026-10-07T22:21:00.2259975Z Note: This linter can be disabled with `set_option linter.unusedVariables false`
2026-10-07T22:21:00.2260453Z warning: OIBridge/DitaTorusLocus.lean:3636:6: Variable name `ditak4` is not explicitly referenced.
2026-10-07T22:21:00.2260459Z 
2026-10-07T22:21:00.2261132Z Hint: The binding can be removed (if unused) or named `_` (if used implicitly). Alternatively, prefix the name with `_` to silence this warning:
2026-10-07T22:21:00.2261365Z   [apply] _ditak4
2026-10-07T22:21:00.2261372Z 
2026-10-07T22:21:00.2261705Z Note: This linter can be disabled with `set_option linter.unusedVariables false`
2026-10-07T22:21:00.2262134Z warning: OIBridge/DitaTorusLocus.lean:3639:6: Variable name `ditae1` is not explicitly referenced.
2026-10-07T22:21:00.2262140Z 
2026-10-07T22:21:00.2262924Z Hint: The binding can be removed (if unused) or named `_` (if used implicitly). Alternatively, prefix the name with `_` to silence this warning:
2026-10-07T22:21:00.2263049Z   [apply] _ditae1
2026-10-07T22:21:00.2263151Z 
2026-10-07T22:21:00.2263532Z Note: This linter can be disabled with `set_option linter.unusedVariables false`
2026-10-07T22:21:00.2263968Z warning: OIBridge/DitaTorusLocus.lean:3642:6: Variable name `ditae2` is not explicitly referenced.
2026-10-07T22:21:00.2263974Z 
2026-10-07T22:21:00.2264604Z Hint: The binding can be removed (if unused) or named `_` (if used implicitly). Alternatively, prefix the name with `_` to silence this warning:
2026-10-07T22:21:00.2264736Z   [apply] _ditae2
2026-10-07T22:21:00.2264741Z 
2026-10-07T22:21:00.2265058Z Note: This linter can be disabled with `set_option linter.unusedVariables false`
2026-10-07T22:21:00.2265474Z warning: OIBridge/DitaTorusLocus.lean:3645:6: Variable name `ditat2` is not explicitly referenced.
2026-10-07T22:21:00.2265479Z 
2026-10-07T22:21:00.2266116Z Hint: The binding can be removed (if unused) or named `_` (if used implicitly). Alternatively, prefix the name with `_` to silence this warning:
2026-10-07T22:21:00.2266249Z   [apply] _ditat2
2026-10-07T22:21:00.2266258Z 
2026-10-07T22:21:00.2266589Z Note: This linter can be disabled with `set_option linter.unusedVariables false`
2026-10-07T22:21:00.2267024Z warning: OIBridge/DitaTorusLocus.lean:3648:6: Variable name `ditat3` is not explicitly referenced.
2026-10-07T22:21:00.2267031Z 
2026-10-07T22:21:00.2267763Z Hint: The binding can be removed (if unused) or named `_` (if used implicitly). Alternatively, prefix the name with `_` to silence this warning:
2026-10-07T22:21:00.2267895Z   [apply] _ditat3
2026-10-07T22:21:00.2267901Z 
2026-10-07T22:21:00.2268276Z Note: This linter can be disabled with `set_option linter.unusedVariables false`
2026-10-07T22:21:00.2268717Z warning: OIBridge/DitaTorusLocus.lean:3650:6: Variable name `Hu` is not explicitly referenced.
2026-10-07T22:21:00.2268723Z 
2026-10-07T22:21:00.2269354Z Hint: The binding can be removed (if unused) or named `_` (if used implicitly). Alternatively, prefix the name with `_` to silence this warning:
2026-10-07T22:21:00.2269475Z   [apply] _Hu
2026-10-07T22:21:00.2269483Z 
2026-10-07T22:21:00.2269875Z Note: This linter can be disabled with `set_option linter.unusedVariables false`
2026-10-07T22:21:00.2270313Z warning: OIBridge/DitaTorusLocus.lean:3657:6: Variable name `ditamc` is not explicitly referenced.
2026-10-07T22:21:00.2270424Z 
2026-10-07T22:21:00.2271078Z Hint: The binding can be removed (if unused) or named `_` (if used implicitly). Alternatively, prefix the name with `_` to silence this warning:
2026-10-07T22:21:00.2271235Z   [apply] _ditamc
2026-10-07T22:21:00.2271240Z 
2026-10-07T22:21:00.2271578Z Note: This linter can be disabled with `set_option linter.unusedVariables false`
2026-10-07T22:21:00.2272019Z warning: OIBridge/DitaTorusLocus.lean:3660:6: Variable name `ditamr` is not explicitly referenced.
2026-10-07T22:21:00.2272024Z 
2026-10-07T22:21:00.2272822Z Hint: The binding can be removed (if unused) or named `_` (if used implicitly). Alternatively, prefix the name with `_` to silence this warning:
2026-10-07T22:21:00.2272959Z   [apply] _ditamr
2026-10-07T22:21:00.2272968Z 
2026-10-07T22:21:00.2273308Z Note: This linter can be disabled with `set_option linter.unusedVariables false`
2026-10-07T22:21:00.2274013Z info: OIBridge/DitaTorusLocus.lean:3667:0: 'OIBridge.DitaTorusLocus.a40_shared_excl_k2_c' depends on axioms: [propext, Classical.choice, Quot.sound]
2026-10-07T22:21:00.2274436Z warning: OIBridge/DitaTorusLocus.lean:3675:6: Variable name `pt` is not explicitly referenced.
2026-10-07T22:21:00.2274538Z 
2026-10-07T22:21:00.2275201Z Hint: The binding can be removed (if unused) or named `_` (if used implicitly). Alternatively, prefix the name with `_` to silence this warning:
2026-10-07T22:21:00.2275330Z   [apply] _pt
2026-10-07T22:21:00.2275335Z 
2026-10-07T22:21:00.2275663Z Note: This linter can be disabled with `set_option linter.unusedVariables false`
2026-10-07T22:21:00.2276077Z warning: OIBridge/DitaTorusLocus.lean:3679:6: Variable name `S` is not explicitly referenced.
2026-10-07T22:21:00.2276082Z 
2026-10-07T22:21:00.2276689Z Hint: The binding can be removed (if unused) or named `_` (if used implicitly). Alternatively, prefix the name with `_` to silence this warning:
2026-10-07T22:21:00.2276915Z   [apply] _S
2026-10-07T22:21:00.2276921Z 
2026-10-07T22:21:00.2277274Z Note: This linter can be disabled with `set_option linter.unusedVariables false`
2026-10-07T22:21:00.2277717Z warning: OIBridge/DitaTorusLocus.lean:3680:6: Variable name `tor` is not explicitly referenced.
2026-10-07T22:21:00.2277725Z 
2026-10-07T22:21:00.2278414Z Hint: The binding can be removed (if unused) or named `_` (if used implicitly). Alternatively, prefix the name with `_` to silence this warning:
2026-10-07T22:21:00.2278544Z   [apply] _tor
2026-10-07T22:21:00.2278549Z 
2026-10-07T22:21:00.2278881Z Note: This linter can be disabled with `set_option linter.unusedVariables false`
2026-10-07T22:21:00.2279293Z warning: OIBridge/DitaTorusLocus.lean:3681:6: Variable name `adj` is not explicitly referenced.
2026-10-07T22:21:00.2279305Z 
2026-10-07T22:21:00.2279959Z Hint: The binding can be removed (if unused) or named `_` (if used implicitly). Alternatively, prefix the name with `_` to silence this warning:
2026-10-07T22:21:00.2280113Z   [apply] _adj
2026-10-07T22:21:00.2280118Z 
2026-10-07T22:21:00.2288985Z Note: This linter can be disabled with `set_option linter.unusedVariables false`
2026-10-07T22:21:00.2289750Z warning: OIBridge/DitaTorusLocus.lean:3682:6: Variable name `μ` is not explicitly referenced.
2026-10-07T22:21:00.2289765Z 
2026-10-07T22:21:00.2290410Z Hint: The binding can be removed (if unused) or named `_` (if used implicitly). Alternatively, prefix the name with `_` to silence this warning:
2026-10-07T22:21:00.2290560Z   [apply] _μ
2026-10-07T22:21:00.2290566Z 
2026-10-07T22:21:00.2290907Z Note: This linter can be disabled with `set_option linter.unusedVariables false`
2026-10-07T22:21:00.2291342Z warning: OIBridge/DitaTorusLocus.lean:3684:6: Variable name `N` is not explicitly referenced.
2026-10-07T22:21:00.2291348Z 
2026-10-07T22:21:00.2292036Z Hint: The binding can be removed (if unused) or named `_` (if used implicitly). Alternatively, prefix the name with `_` to silence this warning:
2026-10-07T22:21:00.2292187Z   [apply] _N
2026-10-07T22:21:00.2292193Z 
2026-10-07T22:21:00.2292868Z Note: This linter can be disabled with `set_option linter.unusedVariables false`
2026-10-07T22:21:00.2293472Z warning: OIBridge/DitaTorusLocus.lean:3689:6: Variable name `Δc` is not explicitly referenced.
2026-10-07T22:21:00.2293486Z 
2026-10-07T22:21:00.2294111Z Hint: The binding can be removed (if unused) or named `_` (if used implicitly). Alternatively, prefix the name with `_` to silence this warning:
2026-10-07T22:21:00.2294271Z   [apply] _Δc
2026-10-07T22:21:00.2294284Z 
2026-10-07T22:21:00.2294610Z Note: This linter can be disabled with `set_option linter.unusedVariables false`
2026-10-07T22:21:00.2295147Z warning: OIBridge/DitaTorusLocus.lean:3690:6: Variable name `Δr` is not explicitly referenced.
2026-10-07T22:21:00.2295153Z 
2026-10-07T22:21:00.2295774Z Hint: The binding can be removed (if unused) or named `_` (if used implicitly). Alternatively, prefix the name with `_` to silence this warning:
2026-10-07T22:21:00.2295933Z   [apply] _Δr
2026-10-07T22:21:00.2295938Z 
2026-10-07T22:21:00.2296322Z Note: This linter can be disabled with `set_option linter.unusedVariables false`
2026-10-07T22:21:00.2296770Z warning: OIBridge/DitaTorusLocus.lean:3693:6: Variable name `dgT` is not explicitly referenced.
2026-10-07T22:21:00.2296885Z 
2026-10-07T22:21:00.2297508Z Hint: The binding can be removed (if unused) or named `_` (if used implicitly). Alternatively, prefix the name with `_` to silence this warning:
2026-10-07T22:21:00.2297633Z   [apply] _dgT
2026-10-07T22:21:00.2297638Z 
2026-10-07T22:21:00.2297959Z Note: This linter can be disabled with `set_option linter.unusedVariables false`
2026-10-07T22:21:00.2298397Z warning: OIBridge/DitaTorusLocus.lean:3697:6: Variable name `dita28` is not explicitly referenced.
2026-10-07T22:21:00.2298402Z 
2026-10-07T22:21:00.2299005Z Hint: The binding can be removed (if unused) or named `_` (if used implicitly). Alternatively, prefix the name with `_` to silence this warning:
2026-10-07T22:21:00.2299231Z   [apply] _dita28
2026-10-07T22:21:00.2299238Z 
2026-10-07T22:21:00.2299556Z Note: This linter can be disabled with `set_option linter.unusedVariables false`
2026-10-07T22:21:00.2299981Z warning: OIBridge/DitaTorusLocus.lean:3700:6: Variable name `dita82` is not explicitly referenced.
2026-10-07T22:21:00.2299989Z 
2026-10-07T22:21:00.2300653Z Hint: The binding can be removed (if unused) or named `_` (if used implicitly). Alternatively, prefix the name with `_` to silence this warning:
2026-10-07T22:21:00.2300785Z   [apply] _dita82
2026-10-07T22:21:00.2300791Z 
2026-10-07T22:21:00.2301133Z Note: This linter can be disabled with `set_option linter.unusedVariables false`
2026-10-07T22:21:00.2301554Z warning: OIBridge/DitaTorusLocus.lean:3707:6: Variable name `P` is not explicitly referenced.
2026-10-07T22:21:00.2301561Z 
2026-10-07T22:21:00.2302169Z Hint: The binding can be removed (if unused) or named `_` (if used implicitly). Alternatively, prefix the name with `_` to silence this warning:
2026-10-07T22:21:00.2302299Z   [apply] _P
2026-10-07T22:21:00.2302305Z 
2026-10-07T22:21:00.2302811Z Note: This linter can be disabled with `set_option linter.unusedVariables false`
2026-10-07T22:21:00.2303568Z warning: OIBridge/DitaTorusLocus.lean:3710:6: Variable name `ditak1` is not explicitly referenced.
2026-10-07T22:21:00.2303577Z 
2026-10-07T22:21:00.2304243Z Hint: The binding can be removed (if unused) or named `_` (if used implicitly). Alternatively, prefix the name with `_` to silence this warning:
2026-10-07T22:21:00.2304377Z   [apply] _ditak1
2026-10-07T22:21:00.2304383Z 
2026-10-07T22:21:00.2304725Z Note: This linter can be disabled with `set_option linter.unusedVariables false`
2026-10-07T22:21:00.2305178Z warning: OIBridge/DitaTorusLocus.lean:3716:6: Variable name `ditak3` is not explicitly referenced.
2026-10-07T22:21:00.2305185Z 
2026-10-07T22:21:00.2305845Z Hint: The binding can be removed (if unused) or named `_` (if used implicitly). Alternatively, prefix the name with `_` to silence this warning:
2026-10-07T22:21:00.2305971Z   [apply] _ditak3
2026-10-07T22:21:00.2305977Z 
2026-10-07T22:21:00.2306418Z Note: This linter can be disabled with `set_option linter.unusedVariables false`
2026-10-07T22:21:00.2306875Z warning: OIBridge/DitaTorusLocus.lean:3719:6: Variable name `ditak4` is not explicitly referenced.
2026-10-07T22:21:00.2306881Z 
2026-10-07T22:21:00.2307523Z Hint: The binding can be removed (if unused) or named `_` (if used implicitly). Alternatively, prefix the name with `_` to silence this warning:
2026-10-07T22:21:00.2307653Z   [apply] _ditak4
2026-10-07T22:21:00.2307658Z 
2026-10-07T22:21:00.2308009Z Note: This linter can be disabled with `set_option linter.unusedVariables false`
2026-10-07T22:21:00.2308474Z warning: OIBridge/DitaTorusLocus.lean:3722:6: Variable name `ditae1` is not explicitly referenced.
2026-10-07T22:21:00.2308488Z 
2026-10-07T22:21:00.2309215Z Hint: The binding can be removed (if unused) or named `_` (if used implicitly). Alternatively, prefix the name with `_` to silence this warning:
2026-10-07T22:21:00.2309354Z   [apply] _ditae1
2026-10-07T22:21:00.2309359Z 
2026-10-07T22:21:00.2309725Z Note: This linter can be disabled with `set_option linter.unusedVariables false`
2026-10-07T22:21:00.2310300Z warning: OIBridge/DitaTorusLocus.lean:3725:6: Variable name `ditae2` is not explicitly referenced.
2026-10-07T22:21:00.2310308Z 
2026-10-07T22:21:00.2310961Z Hint: The binding can be removed (if unused) or named `_` (if used implicitly). Alternatively, prefix the name with `_` to silence this warning:
2026-10-07T22:21:00.2311086Z   [apply] _ditae2
2026-10-07T22:21:00.2311092Z 
2026-10-07T22:21:00.2311408Z Note: This linter can be disabled with `set_option linter.unusedVariables false`
2026-10-07T22:21:00.2311830Z warning: OIBridge/DitaTorusLocus.lean:3728:6: Variable name `ditat2` is not explicitly referenced.
2026-10-07T22:21:00.2311924Z 
2026-10-07T22:21:00.2312557Z Hint: The binding can be removed (if unused) or named `_` (if used implicitly). Alternatively, prefix the name with `_` to silence this warning:
2026-10-07T22:21:00.2312905Z   [apply] _ditat2
2026-10-07T22:21:00.2312912Z 
2026-10-07T22:21:00.2313265Z Note: This linter can be disabled with `set_option linter.unusedVariables false`
2026-10-07T22:21:00.2313729Z warning: OIBridge/DitaTorusLocus.lean:3731:6: Variable name `ditat3` is not explicitly referenced.
2026-10-07T22:21:00.2313735Z 
2026-10-07T22:21:00.2314364Z Hint: The binding can be removed (if unused) or named `_` (if used implicitly). Alternatively, prefix the name with `_` to silence this warning:
2026-10-07T22:21:00.2314506Z   [apply] _ditat3
2026-10-07T22:21:00.2314511Z 
2026-10-07T22:21:00.2314852Z Note: This linter can be disabled with `set_option linter.unusedVariables false`
2026-10-07T22:21:00.2315275Z warning: OIBridge/DitaTorusLocus.lean:3733:6: Variable name `Hu` is not explicitly referenced.
2026-10-07T22:21:00.2315284Z 
2026-10-07T22:21:00.2315933Z Hint: The binding can be removed (if unused) or named `_` (if used implicitly). Alternatively, prefix the name with `_` to silence this warning:
2026-10-07T22:21:00.2316058Z   [apply] _Hu
2026-10-07T22:21:00.2316063Z 
2026-10-07T22:21:00.2316392Z Note: This linter can be disabled with `set_option linter.unusedVariables false`
2026-10-07T22:21:00.2316956Z warning: OIBridge/DitaTorusLocus.lean:3740:6: Variable name `ditamc` is not explicitly referenced.
2026-10-07T22:21:00.2316962Z 
2026-10-07T22:21:00.2317598Z Hint: The binding can be removed (if unused) or named `_` (if used implicitly). Alternatively, prefix the name with `_` to silence this warning:
2026-10-07T22:21:00.2317718Z   [apply] _ditamc
2026-10-07T22:21:00.2317722Z 
2026-10-07T22:21:00.2318084Z Note: This linter can be disabled with `set_option linter.unusedVariables false`
2026-10-07T22:21:00.2318538Z warning: OIBridge/DitaTorusLocus.lean:3743:6: Variable name `ditamr` is not explicitly referenced.
2026-10-07T22:21:00.2318547Z 
2026-10-07T22:21:00.2319155Z Hint: The binding can be removed (if unused) or named `_` (if used implicitly). Alternatively, prefix the name with `_` to silence this warning:
2026-10-07T22:21:00.2319291Z   [apply] _ditamr
2026-10-07T22:21:00.2319395Z 
2026-10-07T22:21:00.2319731Z Note: This linter can be disabled with `set_option linter.unusedVariables false`
2026-10-07T22:21:00.2320476Z info: OIBridge/DitaTorusLocus.lean:3750:0: 'OIBridge.DitaTorusLocus.a40_shared_excl_k2_r' depends on axioms: [propext, Classical.choice, Quot.sound]
2026-10-07T22:21:00.2320940Z warning: OIBridge/DitaTorusLocus.lean:3758:6: Variable name `pt` is not explicitly referenced.
2026-10-07T22:21:00.2320947Z 
2026-10-07T22:21:00.2321604Z Hint: The binding can be removed (if unused) or named `_` (if used implicitly). Alternatively, prefix the name with `_` to silence this warning:
2026-10-07T22:21:00.2321731Z   [apply] _pt
2026-10-07T22:21:00.2321744Z 
2026-10-07T22:21:00.2322111Z Note: This linter can be disabled with `set_option linter.unusedVariables false`
2026-10-07T22:21:00.2322544Z warning: OIBridge/DitaTorusLocus.lean:3762:6: Variable name `S` is not explicitly referenced.
2026-10-07T22:21:00.2322551Z 
2026-10-07T22:21:00.2323489Z Hint: The binding can be removed (if unused) or named `_` (if used implicitly). Alternatively, prefix the name with `_` to silence this warning:
2026-10-07T22:21:00.2323618Z   [apply] _S
2026-10-07T22:21:00.2323735Z 
2026-10-07T22:21:00.2324088Z Note: This linter can be disabled with `set_option linter.unusedVariables false`
2026-10-07T22:21:00.2324516Z warning: OIBridge/DitaTorusLocus.lean:3763:6: Variable name `tor` is not explicitly referenced.
2026-10-07T22:21:00.2324521Z 
2026-10-07T22:21:00.2325149Z Hint: The binding can be removed (if unused) or named `_` (if used implicitly). Alternatively, prefix the name with `_` to silence this warning:
2026-10-07T22:21:00.2325280Z   [apply] _tor
2026-10-07T22:21:00.2325285Z 
2026-10-07T22:21:00.2325716Z Note: This linter can be disabled with `set_option linter.unusedVariables false`
2026-10-07T22:21:00.2326282Z warning: OIBridge/DitaTorusLocus.lean:3764:6: Variable name `adj` is not explicitly referenced.
2026-10-07T22:21:00.2326289Z 
2026-10-07T22:21:00.2326951Z Hint: The binding can be removed (if unused) or named `_` (if used implicitly). Alternatively, prefix the name with `_` to silence this warning:
2026-10-07T22:21:00.2327083Z   [apply] _adj
2026-10-07T22:21:00.2327092Z 
2026-10-07T22:21:00.2327420Z Note: This linter can be disabled with `set_option linter.unusedVariables false`
2026-10-07T22:21:00.2328007Z warning: OIBridge/DitaTorusLocus.lean:3765:6: Variable name `μ` is not explicitly referenced.
2026-10-07T22:21:00.2328013Z 
2026-10-07T22:21:00.2328674Z Hint: The binding can be removed (if unused) or named `_` (if used implicitly). Alternatively, prefix the name with `_` to silence this warning:
2026-10-07T22:21:00.2328830Z   [apply] _μ
2026-10-07T22:21:00.2328837Z 
2026-10-07T22:21:00.2329181Z Note: This linter can be disabled with `set_option linter.unusedVariables false`
2026-10-07T22:21:00.2329594Z warning: OIBridge/DitaTorusLocus.lean:3767:6: Variable name `N` is not explicitly referenced.
2026-10-07T22:21:00.2329600Z 
2026-10-07T22:21:00.2330274Z Hint: The binding can be removed (if unused) or named `_` (if used implicitly). Alternatively, prefix the name with `_` to silence this warning:
2026-10-07T22:21:00.2330519Z   [apply] _N
2026-10-07T22:21:00.2330526Z 
2026-10-07T22:21:00.2330858Z Note: This linter can be disabled with `set_option linter.unusedVariables false`
2026-10-07T22:21:00.2331408Z warning: OIBridge/DitaTorusLocus.lean:3772:6: Variable name `Δc` is not explicitly referenced.
2026-10-07T22:21:00.2331418Z 
2026-10-07T22:21:00.2332097Z Hint: The binding can be removed (if unused) or named `_` (if used implicitly). Alternatively, prefix the name with `_` to silence this warning:
2026-10-07T22:21:00.2332272Z   [apply] _Δc
2026-10-07T22:21:00.2332277Z 
2026-10-07T22:21:00.2332805Z Note: This linter can be disabled with `set_option linter.unusedVariables false`
2026-10-07T22:21:00.2333450Z warning: OIBridge/DitaTorusLocus.lean:3773:6: Variable name `Δr` is not explicitly referenced.
2026-10-07T22:21:00.2333457Z 
2026-10-07T22:21:00.2334261Z Hint: The binding can be removed (if unused) or named `_` (if used implicitly). Alternatively, prefix the name with `_` to silence this warning:
2026-10-07T22:21:00.2334454Z   [apply] _Δr
2026-10-07T22:21:00.2334460Z 
2026-10-07T22:21:00.2334814Z Note: This linter can be disabled with `set_option linter.unusedVariables false`
2026-10-07T22:21:00.2335295Z warning: OIBridge/DitaTorusLocus.lean:3776:6: Variable name `dgT` is not explicitly referenced.
2026-10-07T22:21:00.2335302Z 
2026-10-07T22:21:00.2336378Z Hint: The binding can be removed (if unused) or named `_` (if used implicitly). Alternatively, prefix the name with `_` to silence this warning:
2026-10-07T22:21:00.2336578Z   [apply] _dgT
2026-10-07T22:21:00.2336584Z 
2026-10-07T22:21:00.2336928Z Note: This linter can be disabled with `set_option linter.unusedVariables false`
2026-10-07T22:21:00.2337383Z warning: OIBridge/DitaTorusLocus.lean:3780:6: Variable name `dita28` is not explicitly referenced.
2026-10-07T22:21:00.2337395Z 
2026-10-07T22:21:00.2338044Z Hint: The binding can be removed (if unused) or named `_` (if used implicitly). Alternatively, prefix the name with `_` to silence this warning:
2026-10-07T22:21:00.2338185Z   [apply] _dita28
2026-10-07T22:21:00.2338309Z 
2026-10-07T22:21:00.2338682Z Note: This linter can be disabled with `set_option linter.unusedVariables false`
2026-10-07T22:21:00.2339133Z warning: OIBridge/DitaTorusLocus.lean:3783:6: Variable name `dita82` is not explicitly referenced.
2026-10-07T22:21:00.2339138Z 
2026-10-07T22:21:00.2339829Z Hint: The binding can be removed (if unused) or named `_` (if used implicitly). Alternatively, prefix the name with `_` to silence this warning:
2026-10-07T22:21:00.2339969Z   [apply] _dita82
2026-10-07T22:21:00.2339974Z 
2026-10-07T22:21:00.2340296Z Note: This linter can be disabled with `set_option linter.unusedVariables false`
2026-10-07T22:21:00.2340917Z warning: OIBridge/DitaTorusLocus.lean:3790:6: Variable name `P` is not explicitly referenced.
2026-10-07T22:21:00.2340923Z 
2026-10-07T22:21:00.2341575Z Hint: The binding can be removed (if unused) or named `_` (if used implicitly). Alternatively, prefix the name with `_` to silence this warning:
2026-10-07T22:21:00.2341695Z   [apply] _P
2026-10-07T22:21:00.2341703Z 
2026-10-07T22:21:00.2342068Z Note: This linter can be disabled with `set_option linter.unusedVariables false`
2026-10-07T22:21:00.2342557Z warning: OIBridge/DitaTorusLocus.lean:3793:6: Variable name `ditak1` is not explicitly referenced.
2026-10-07T22:21:00.2342563Z 
2026-10-07T22:21:00.2343384Z Hint: The binding can be removed (if unused) or named `_` (if used implicitly). Alternatively, prefix the name with `_` to silence this warning:
2026-10-07T22:21:00.2343536Z   [apply] _ditak1
2026-10-07T22:21:00.2343542Z 
2026-10-07T22:21:00.2344125Z Note: This linter can be disabled with `set_option linter.unusedVariables false`
2026-10-07T22:21:00.2344579Z warning: OIBridge/DitaTorusLocus.lean:3796:6: Variable name `ditak2` is not explicitly referenced.
2026-10-07T22:21:00.2344585Z 
2026-10-07T22:21:00.2345251Z Hint: The binding can be removed (if unused) or named `_` (if used implicitly). Alternatively, prefix the name with `_` to silence this warning:
2026-10-07T22:21:00.2345496Z   [apply] _ditak2
2026-10-07T22:21:00.2345505Z 
2026-10-07T22:21:00.2345868Z Note: This linter can be disabled with `set_option linter.unusedVariables false`
2026-10-07T22:21:00.2346305Z warning: OIBridge/DitaTorusLocus.lean:3802:6: Variable name `ditak4` is not explicitly referenced.
2026-10-07T22:21:00.2346313Z 
2026-10-07T22:21:00.2347757Z Hint: The binding can be removed (if unused) or named `_` (if used implicitly). Alternatively, prefix the name with `_` to silence this warning:
2026-10-07T22:21:00.2347902Z   [apply] _ditak4
2026-10-07T22:21:00.2347909Z 
2026-10-07T22:21:00.2348261Z Note: This linter can be disabled with `set_option linter.unusedVariables false`
2026-10-07T22:21:00.2348723Z warning: OIBridge/DitaTorusLocus.lean:3805:6: Variable name `ditae1` is not explicitly referenced.
2026-10-07T22:21:00.2348730Z 
2026-10-07T22:21:00.2349531Z Hint: The binding can be removed (if unused) or named `_` (if used implicitly). Alternatively, prefix the name with `_` to silence this warning:
2026-10-07T22:21:00.2349690Z   [apply] _ditae1
2026-10-07T22:21:00.2349695Z 
2026-10-07T22:21:00.2350062Z Note: This linter can be disabled with `set_option linter.unusedVariables false`
2026-10-07T22:21:00.2350519Z warning: OIBridge/DitaTorusLocus.lean:3808:6: Variable name `ditae2` is not explicitly referenced.
2026-10-07T22:21:00.2350533Z 
2026-10-07T22:21:00.2351221Z Hint: The binding can be removed (if unused) or named `_` (if used implicitly). Alternatively, prefix the name with `_` to silence this warning:
2026-10-07T22:21:00.2351381Z   [apply] _ditae2
2026-10-07T22:21:00.2351387Z 
2026-10-07T22:21:00.2351728Z Note: This linter can be disabled with `set_option linter.unusedVariables false`
2026-10-07T22:21:00.2352170Z warning: OIBridge/DitaTorusLocus.lean:3811:6: Variable name `ditat2` is not explicitly referenced.
2026-10-07T22:21:00.2352176Z 
2026-10-07T22:21:00.2352993Z Hint: The binding can be removed (if unused) or named `_` (if used implicitly). Alternatively, prefix the name with `_` to silence this warning:
2026-10-07T22:21:00.2353229Z   [apply] _ditat2
2026-10-07T22:21:00.2353236Z 
2026-10-07T22:21:00.2353564Z Note: This linter can be disabled with `set_option linter.unusedVariables false`
2026-10-07T22:21:00.2354021Z warning: OIBridge/DitaTorusLocus.lean:3814:6: Variable name `ditat3` is not explicitly referenced.
2026-10-07T22:21:00.2354026Z 
2026-10-07T22:21:00.2354682Z Hint: The binding can be removed (if unused) or named `_` (if used implicitly). Alternatively, prefix the name with `_` to silence this warning:
2026-10-07T22:21:00.2354807Z   [apply] _ditat3
2026-10-07T22:21:00.2354813Z 
2026-10-07T22:21:00.2355248Z Note: This linter can be disabled with `set_option linter.unusedVariables false`
2026-10-07T22:21:00.2355683Z warning: OIBridge/DitaTorusLocus.lean:3816:6: Variable name `Hu` is not explicitly referenced.
2026-10-07T22:21:00.2355689Z 
2026-10-07T22:21:00.2356356Z Hint: The binding can be removed (if unused) or named `_` (if used implicitly). Alternatively, prefix the name with `_` to silence this warning:
2026-10-07T22:21:00.2356513Z   [apply] _Hu
2026-10-07T22:21:00.2356519Z 
2026-10-07T22:21:00.2356882Z Note: This linter can be disabled with `set_option linter.unusedVariables false`
2026-10-07T22:21:00.2357332Z warning: OIBridge/DitaTorusLocus.lean:3823:6: Variable name `ditamc` is not explicitly referenced.
2026-10-07T22:21:00.2357338Z 
2026-10-07T22:21:00.2358033Z Hint: The binding can be removed (if unused) or named `_` (if used implicitly). Alternatively, prefix the name with `_` to silence this warning:
2026-10-07T22:21:00.2358171Z   [apply] _ditamc
2026-10-07T22:21:00.2358181Z 
2026-10-07T22:21:00.2358509Z Note: This linter can be disabled with `set_option linter.unusedVariables false`
2026-10-07T22:21:00.2358940Z warning: OIBridge/DitaTorusLocus.lean:3826:6: Variable name `ditamr` is not explicitly referenced.
2026-10-07T22:21:00.2358945Z 
2026-10-07T22:21:00.2359684Z Hint: The binding can be removed (if unused) or named `_` (if used implicitly). Alternatively, prefix the name with `_` to silence this warning:
2026-10-07T22:21:00.2359949Z   [apply] _ditamr
2026-10-07T22:21:00.2359955Z 
2026-10-07T22:21:00.2360296Z Note: This linter can be disabled with `set_option linter.unusedVariables false`
2026-10-07T22:21:00.2361078Z info: OIBridge/DitaTorusLocus.lean:3833:0: 'OIBridge.DitaTorusLocus.a40_shared_excl_k3_c' depends on axioms: [propext, Classical.choice, Quot.sound]
2026-10-07T22:21:00.2361517Z warning: OIBridge/DitaTorusLocus.lean:3841:6: Variable name `pt` is not explicitly referenced.
2026-10-07T22:21:00.2361522Z 
2026-10-07T22:21:00.2362168Z Hint: The binding can be removed (if unused) or named `_` (if used implicitly). Alternatively, prefix the name with `_` to silence this warning:
2026-10-07T22:21:00.2362327Z   [apply] _pt
2026-10-07T22:21:00.2362332Z 
2026-10-07T22:21:00.2362926Z Note: This linter can be disabled with `set_option linter.unusedVariables false`
2026-10-07T22:21:00.2363435Z warning: OIBridge/DitaTorusLocus.lean:3845:6: Variable name `S` is not explicitly referenced.
2026-10-07T22:21:00.2363443Z 
2026-10-07T22:21:00.2364075Z Hint: The binding can be removed (if unused) or named `_` (if used implicitly). Alternatively, prefix the name with `_` to silence this warning:
2026-10-07T22:21:00.2364199Z   [apply] _S
2026-10-07T22:21:00.2364204Z 
2026-10-07T22:21:00.2364544Z Note: This linter can be disabled with `set_option linter.unusedVariables false`
2026-10-07T22:21:00.2365009Z warning: OIBridge/DitaTorusLocus.lean:3846:6: Variable name `tor` is not explicitly referenced.
2026-10-07T22:21:00.2365016Z 
2026-10-07T22:21:00.2365673Z Hint: The binding can be removed (if unused) or named `_` (if used implicitly). Alternatively, prefix the name with `_` to silence this warning:
2026-10-07T22:21:00.2365809Z   [apply] _tor
2026-10-07T22:21:00.2365814Z 
2026-10-07T22:21:00.2366143Z Note: This linter can be disabled with `set_option linter.unusedVariables false`
2026-10-07T22:21:00.2366601Z warning: OIBridge/DitaTorusLocus.lean:3847:6: Variable name `adj` is not explicitly referenced.
2026-10-07T22:21:00.2366608Z 
2026-10-07T22:21:00.2367375Z Hint: The binding can be removed (if unused) or named `_` (if used implicitly). Alternatively, prefix the name with `_` to silence this warning:
2026-10-07T22:21:00.2367537Z   [apply] _adj
2026-10-07T22:21:00.2367544Z 
2026-10-07T22:21:00.2367875Z Note: This linter can be disabled with `set_option linter.unusedVariables false`
2026-10-07T22:21:00.2368524Z warning: OIBridge/DitaTorusLocus.lean:3848:6: Variable name `μ` is not explicitly referenced.
2026-10-07T22:21:00.2368532Z 
2026-10-07T22:21:00.2369176Z Hint: The binding can be removed (if unused) or named `_` (if used implicitly). Alternatively, prefix the name with `_` to silence this warning:
2026-10-07T22:21:00.2369477Z   [apply] _μ
2026-10-07T22:21:00.2369485Z 
2026-10-07T22:21:00.2369825Z Note: This linter can be disabled with `set_option linter.unusedVariables false`
2026-10-07T22:21:00.2370279Z warning: OIBridge/DitaTorusLocus.lean:3850:6: Variable name `N` is not explicitly referenced.
2026-10-07T22:21:00.2370285Z 
2026-10-07T22:21:00.2370959Z Hint: The binding can be removed (if unused) or named `_` (if used implicitly). Alternatively, prefix the name with `_` to silence this warning:
2026-10-07T22:21:00.2371100Z   [apply] _N
2026-10-07T22:21:00.2371106Z 
2026-10-07T22:21:00.2371485Z Note: This linter can be disabled with `set_option linter.unusedVariables false`
2026-10-07T22:21:00.2372137Z warning: OIBridge/DitaTorusLocus.lean:3855:6: Variable name `Δc` is not explicitly referenced.
2026-10-07T22:21:00.2372146Z 
2026-10-07T22:21:00.2373262Z Hint: The binding can be removed (if unused) or named `_` (if used implicitly). Alternatively, prefix the name with `_` to silence this warning:
2026-10-07T22:21:00.2373629Z   [apply] _Δc
2026-10-07T22:21:00.2373648Z 
2026-10-07T22:21:00.2374074Z Note: This linter can be disabled with `set_option linter.unusedVariables false`
2026-10-07T22:21:00.2374908Z warning: OIBridge/DitaTorusLocus.lean:3856:6: Variable name `Δr` is not explicitly referenced.
2026-10-07T22:21:00.2374924Z 
2026-10-07T22:21:00.2375704Z Hint: The binding can be removed (if unused) or named `_` (if used implicitly). Alternatively, prefix the name with `_` to silence this warning:
2026-10-07T22:21:00.2375924Z   [apply] _Δr
2026-10-07T22:21:00.2375930Z 
2026-10-07T22:21:00.2376321Z Note: This linter can be disabled with `set_option linter.unusedVariables false`
2026-10-07T22:21:00.2376895Z warning: OIBridge/DitaTorusLocus.lean:3859:6: Variable name `dgT` is not explicitly referenced.
2026-10-07T22:21:00.2376908Z 
2026-10-07T22:21:00.2377552Z Hint: The binding can be removed (if unused) or named `_` (if used implicitly). Alternatively, prefix the name with `_` to silence this warning:
2026-10-07T22:21:00.2377695Z   [apply] _dgT
2026-10-07T22:21:00.2377700Z 
2026-10-07T22:21:00.2378130Z Note: This linter can be disabled with `set_option linter.unusedVariables false`
2026-10-07T22:21:00.2378562Z warning: OIBridge/DitaTorusLocus.lean:3863:6: Variable name `dita28` is not explicitly referenced.
2026-10-07T22:21:00.2378567Z 
2026-10-07T22:21:00.2379190Z Hint: The binding can be removed (if unused) or named `_` (if used implicitly). Alternatively, prefix the name with `_` to silence this warning:
2026-10-07T22:21:00.2379323Z   [apply] _dita28
2026-10-07T22:21:00.2379329Z 
2026-10-07T22:21:00.2379657Z Note: This linter can be disabled with `set_option linter.unusedVariables false`
2026-10-07T22:21:00.2380085Z warning: OIBridge/DitaTorusLocus.lean:3866:6: Variable name `dita82` is not explicitly referenced.
2026-10-07T22:21:00.2380090Z 
2026-10-07T22:21:00.2380708Z Hint: The binding can be removed (if unused) or named `_` (if used implicitly). Alternatively, prefix the name with `_` to silence this warning:
2026-10-07T22:21:00.2380831Z   [apply] _dita82
2026-10-07T22:21:00.2380843Z 
2026-10-07T22:21:00.2381168Z Note: This linter can be disabled with `set_option linter.unusedVariables false`
2026-10-07T22:21:00.2381607Z warning: OIBridge/DitaTorusLocus.lean:3873:6: Variable name `P` is not explicitly referenced.
2026-10-07T22:21:00.2382184Z 
2026-10-07T22:21:00.2383094Z Hint: The binding can be removed (if unused) or named `_` (if used implicitly). Alternatively, prefix the name with `_` to silence this warning:
2026-10-07T22:21:00.2383229Z   [apply] _P
2026-10-07T22:21:00.2383236Z 
2026-10-07T22:21:00.2383629Z Note: This linter can be disabled with `set_option linter.unusedVariables false`
2026-10-07T22:21:00.2384130Z warning: OIBridge/DitaTorusLocus.lean:3876:6: Variable name `ditak1` is not explicitly referenced.
2026-10-07T22:21:00.2384136Z 
2026-10-07T22:21:00.2384805Z Hint: The binding can be removed (if unused) or named `_` (if used implicitly). Alternatively, prefix the name with `_` to silence this warning:
2026-10-07T22:21:00.2385134Z   [apply] _ditak1
2026-10-07T22:21:00.2385142Z 
2026-10-07T22:21:00.2385487Z Note: This linter can be disabled with `set_option linter.unusedVariables false`
2026-10-07T22:21:00.2385903Z warning: OIBridge/DitaTorusLocus.lean:3879:6: Variable name `ditak2` is not explicitly referenced.
2026-10-07T22:21:00.2385912Z 
2026-10-07T22:21:00.2386561Z Hint: The binding can be removed (if unused) or named `_` (if used implicitly). Alternatively, prefix the name with `_` to silence this warning:
2026-10-07T22:21:00.2386693Z   [apply] _ditak2
2026-10-07T22:21:00.2386698Z 
2026-10-07T22:21:00.2387043Z Note: This linter can be disabled with `set_option linter.unusedVariables false`
2026-10-07T22:21:00.2387484Z warning: OIBridge/DitaTorusLocus.lean:3885:6: Variable name `ditak4` is not explicitly referenced.
2026-10-07T22:21:00.2387490Z 
2026-10-07T22:21:00.2388102Z Hint: The binding can be removed (if unused) or named `_` (if used implicitly). Alternatively, prefix the name with `_` to silence this warning:
2026-10-07T22:21:00.2388221Z   [apply] _ditak4
2026-10-07T22:21:00.2388226Z 
2026-10-07T22:21:00.2388554Z Note: This linter can be disabled with `set_option linter.unusedVariables false`
2026-10-07T22:21:00.2389176Z warning: OIBridge/DitaTorusLocus.lean:3888:6: Variable name `ditae1` is not explicitly referenced.
2026-10-07T22:21:00.2389186Z 
2026-10-07T22:21:00.2389888Z Hint: The binding can be removed (if unused) or named `_` (if used implicitly). Alternatively, prefix the name with `_` to silence this warning:
2026-10-07T22:21:00.2390041Z   [apply] _ditae1
2026-10-07T22:21:00.2390047Z 
2026-10-07T22:21:00.2390398Z Note: This linter can be disabled with `set_option linter.unusedVariables false`
2026-10-07T22:21:00.2390784Z warning: OIBridge/DitaTorusLocus.lean:3891:6: Variable name `ditae2` is not explicitly referenced.
2026-10-07T22:21:00.2390789Z 
2026-10-07T22:21:00.2391222Z Hint: The binding can be removed (if unused) or named `_` (if used implicitly). Alternatively, prefix the name with `_` to silence this warning:
2026-10-07T22:21:00.2391308Z   [apply] _ditae2
2026-10-07T22:21:00.2391312Z 
2026-10-07T22:21:00.2391623Z Note: This linter can be disabled with `set_option linter.unusedVariables false`
2026-10-07T22:21:00.2391920Z warning: OIBridge/DitaTorusLocus.lean:3894:6: Variable name `ditat2` is not explicitly referenced.
2026-10-07T22:21:00.2391924Z 
2026-10-07T22:21:00.2392341Z Hint: The binding can be removed (if unused) or named `_` (if used implicitly). Alternatively, prefix the name with `_` to silence this warning:
2026-10-07T22:21:00.2392420Z   [apply] _ditat2
2026-10-07T22:21:00.2392424Z 
2026-10-07T22:21:00.2392929Z Note: This linter can be disabled with `set_option linter.unusedVariables false`
2026-10-07T22:21:00.2393453Z warning: OIBridge/DitaTorusLocus.lean:3897:6: Variable name `ditat3` is not explicitly referenced.
2026-10-07T22:21:00.2393461Z 
2026-10-07T22:21:00.2394081Z Hint: The binding can be removed (if unused) or named `_` (if used implicitly). Alternatively, prefix the name with `_` to silence this warning:
2026-10-07T22:21:00.2394202Z   [apply] _ditat3
2026-10-07T22:21:00.2394208Z 
2026-10-07T22:21:00.2394430Z Note: This linter can be disabled with `set_option linter.unusedVariables false`
2026-10-07T22:21:00.2394805Z warning: OIBridge/DitaTorusLocus.lean:3899:6: Variable name `Hu` is not explicitly referenced.
2026-10-07T22:21:00.2394815Z 
2026-10-07T22:21:00.2395218Z Hint: The binding can be removed (if unused) or named `_` (if used implicitly). Alternatively, prefix the name with `_` to silence this warning:
2026-10-07T22:21:00.2395302Z   [apply] _Hu
2026-10-07T22:21:00.2395306Z 
2026-10-07T22:21:00.2395517Z Note: This linter can be disabled with `set_option linter.unusedVariables false`
2026-10-07T22:21:00.2395788Z warning: OIBridge/DitaTorusLocus.lean:3906:6: Variable name `ditamc` is not explicitly referenced.
2026-10-07T22:21:00.2395792Z 
2026-10-07T22:21:00.2396675Z Hint: The binding can be removed (if unused) or named `_` (if used implicitly). Alternatively, prefix the name with `_` to silence this warning:
2026-10-07T22:21:00.2396845Z   [apply] _ditamc
2026-10-07T22:21:00.2396852Z 
2026-10-07T22:21:00.2397112Z Note: This linter can be disabled with `set_option linter.unusedVariables false`
2026-10-07T22:21:00.2397403Z warning: OIBridge/DitaTorusLocus.lean:3909:6: Variable name `ditamr` is not explicitly referenced.
2026-10-07T22:21:00.2397407Z 
2026-10-07T22:21:00.2397865Z Hint: The binding can be removed (if unused) or named `_` (if used implicitly). Alternatively, prefix the name with `_` to silence this warning:
2026-10-07T22:21:00.2397945Z   [apply] _ditamr
2026-10-07T22:21:00.2397949Z 
2026-10-07T22:21:00.2398169Z Note: This linter can be disabled with `set_option linter.unusedVariables false`
2026-10-07T22:21:00.2398737Z info: OIBridge/DitaTorusLocus.lean:3916:0: 'OIBridge.DitaTorusLocus.a40_shared_excl_k3_r' depends on axioms: [propext, Classical.choice, Quot.sound]
2026-10-07T22:21:00.2399247Z warning: OIBridge/DitaTorusLocus.lean:3924:6: Variable name `pt` is not explicitly referenced.
2026-10-07T22:21:00.2399254Z 
2026-10-07T22:21:00.2399808Z Hint: The binding can be removed (if unused) or named `_` (if used implicitly). Alternatively, prefix the name with `_` to silence this warning:
2026-10-07T22:21:00.2400027Z   [apply] _pt
2026-10-07T22:21:00.2400033Z 
2026-10-07T22:21:00.2400247Z Note: This linter can be disabled with `set_option linter.unusedVariables false`
2026-10-07T22:21:00.2400515Z warning: OIBridge/DitaTorusLocus.lean:3928:6: Variable name `S` is not explicitly referenced.
2026-10-07T22:21:00.2400520Z 
2026-10-07T22:21:00.2401023Z Hint: The binding can be removed (if unused) or named `_` (if used implicitly). Alternatively, prefix the name with `_` to silence this warning:
2026-10-07T22:21:00.2401105Z   [apply] _S
2026-10-07T22:21:00.2401109Z 
2026-10-07T22:21:00.2401410Z Note: This linter can be disabled with `set_option linter.unusedVariables false`
2026-10-07T22:21:00.2401941Z warning: OIBridge/DitaTorusLocus.lean:3929:6: Variable name `tor` is not explicitly referenced.
2026-10-07T22:21:00.2401949Z 
2026-10-07T22:21:00.2402828Z Hint: The binding can be removed (if unused) or named `_` (if used implicitly). Alternatively, prefix the name with `_` to silence this warning:
2026-10-07T22:21:00.2402968Z   [apply] _tor
2026-10-07T22:21:00.2402973Z 
2026-10-07T22:21:00.2403202Z Note: This linter can be disabled with `set_option linter.unusedVariables false`
2026-10-07T22:21:00.2403472Z warning: OIBridge/DitaTorusLocus.lean:3930:6: Variable name `adj` is not explicitly referenced.
2026-10-07T22:21:00.2403476Z 
2026-10-07T22:21:00.2403883Z Hint: The binding can be removed (if unused) or named `_` (if used implicitly). Alternatively, prefix the name with `_` to silence this warning:
2026-10-07T22:21:00.2403969Z   [apply] _adj
2026-10-07T22:21:00.2403973Z 
2026-10-07T22:21:00.2404179Z Note: This linter can be disabled with `set_option linter.unusedVariables false`
2026-10-07T22:21:00.2404618Z warning: OIBridge/DitaTorusLocus.lean:3931:6: Variable name `μ` is not explicitly referenced.
2026-10-07T22:21:00.2404624Z 
2026-10-07T22:21:00.2405039Z Hint: The binding can be removed (if unused) or named `_` (if used implicitly). Alternatively, prefix the name with `_` to silence this warning:
2026-10-07T22:21:00.2405137Z   [apply] _μ
2026-10-07T22:21:00.2405146Z 
2026-10-07T22:21:00.2405443Z Note: This linter can be disabled with `set_option linter.unusedVariables false`
2026-10-07T22:21:00.2405714Z warning: OIBridge/DitaTorusLocus.lean:3933:6: Variable name `N` is not explicitly referenced.
2026-10-07T22:21:00.2405719Z 
2026-10-07T22:21:00.2406122Z Hint: The binding can be removed (if unused) or named `_` (if used implicitly). Alternatively, prefix the name with `_` to silence this warning:
2026-10-07T22:21:00.2406200Z   [apply] _N
2026-10-07T22:21:00.2406204Z 
2026-10-07T22:21:00.2406413Z Note: This linter can be disabled with `set_option linter.unusedVariables false`
2026-10-07T22:21:00.2407104Z warning: OIBridge/DitaTorusLocus.lean:3938:6: Variable name `Δc` is not explicitly referenced.
2026-10-07T22:21:00.2407114Z 
2026-10-07T22:21:00.2407780Z Hint: The binding can be removed (if unused) or named `_` (if used implicitly). Alternatively, prefix the name with `_` to silence this warning:
2026-10-07T22:21:00.2407918Z   [apply] _Δc
2026-10-07T22:21:00.2407923Z 
2026-10-07T22:21:00.2408149Z Note: This linter can be disabled with `set_option linter.unusedVariables false`
2026-10-07T22:21:00.2408492Z warning: OIBridge/DitaTorusLocus.lean:3939:6: Variable name `Δr` is not explicitly referenced.
2026-10-07T22:21:00.2408496Z 
2026-10-07T22:21:00.2408937Z Hint: The binding can be removed (if unused) or named `_` (if used implicitly). Alternatively, prefix the name with `_` to silence this warning:
2026-10-07T22:21:00.2409044Z   [apply] _Δr
2026-10-07T22:21:00.2409047Z 
2026-10-07T22:21:00.2409254Z Note: This linter can be disabled with `set_option linter.unusedVariables false`
2026-10-07T22:21:00.2409528Z warning: OIBridge/DitaTorusLocus.lean:3942:6: Variable name `dgT` is not explicitly referenced.
2026-10-07T22:21:00.2409532Z 
2026-10-07T22:21:00.2409940Z Hint: The binding can be removed (if unused) or named `_` (if used implicitly). Alternatively, prefix the name with `_` to silence this warning:
2026-10-07T22:21:00.2410148Z   [apply] _dgT
2026-10-07T22:21:00.2410153Z 
2026-10-07T22:21:00.2410397Z Note: This linter can be disabled with `set_option linter.unusedVariables false`
2026-10-07T22:21:00.2410681Z warning: OIBridge/DitaTorusLocus.lean:3946:6: Variable name `dita28` is not explicitly referenced.
2026-10-07T22:21:00.2410685Z 
2026-10-07T22:21:00.2411108Z Hint: The binding can be removed (if unused) or named `_` (if used implicitly). Alternatively, prefix the name with `_` to silence this warning:
2026-10-07T22:21:00.2411195Z   [apply] _dita28
2026-10-07T22:21:00.2411199Z 
2026-10-07T22:21:00.2411409Z Note: This linter can be disabled with `set_option linter.unusedVariables false`
2026-10-07T22:21:00.2411682Z warning: OIBridge/DitaTorusLocus.lean:3949:6: Variable name `dita82` is not explicitly referenced.
2026-10-07T22:21:00.2411685Z 
2026-10-07T22:21:00.2412170Z Hint: The binding can be removed (if unused) or named `_` (if used implicitly). Alternatively, prefix the name with `_` to silence this warning:
2026-10-07T22:21:00.2412259Z   [apply] _dita82
2026-10-07T22:21:00.2412262Z 
2026-10-07T22:21:00.2412470Z Note: This linter can be disabled with `set_option linter.unusedVariables false`
2026-10-07T22:21:00.2413120Z warning: OIBridge/DitaTorusLocus.lean:3956:6: Variable name `P` is not explicitly referenced.
2026-10-07T22:21:00.2413128Z 
2026-10-07T22:21:00.2413555Z Hint: The binding can be removed (if unused) or named `_` (if used implicitly). Alternatively, prefix the name with `_` to silence this warning:
2026-10-07T22:21:00.2413634Z   [apply] _P
2026-10-07T22:21:00.2413638Z 
2026-10-07T22:21:00.2413852Z Note: This linter can be disabled with `set_option linter.unusedVariables false`
2026-10-07T22:21:00.2414142Z warning: OIBridge/DitaTorusLocus.lean:3959:6: Variable name `ditak1` is not explicitly referenced.
2026-10-07T22:21:00.2414145Z 
2026-10-07T22:21:00.2414551Z Hint: The binding can be removed (if unused) or named `_` (if used implicitly). Alternatively, prefix the name with `_` to silence this warning:
2026-10-07T22:21:00.2414730Z   [apply] _ditak1
2026-10-07T22:21:00.2414736Z 
2026-10-07T22:21:00.2415261Z Note: This linter can be disabled with `set_option linter.unusedVariables false`
2026-10-07T22:21:00.2415794Z warning: OIBridge/DitaTorusLocus.lean:3962:6: Variable name `ditak2` is not explicitly referenced.
2026-10-07T22:21:00.2415801Z 
2026-10-07T22:21:00.2416218Z Hint: The binding can be removed (if unused) or named `_` (if used implicitly). Alternatively, prefix the name with `_` to silence this warning:
2026-10-07T22:21:00.2416301Z   [apply] _ditak2
2026-10-07T22:21:00.2416304Z 
2026-10-07T22:21:00.2416518Z Note: This linter can be disabled with `set_option linter.unusedVariables false`
2026-10-07T22:21:00.2416919Z warning: OIBridge/DitaTorusLocus.lean:3965:6: Variable name `ditak3` is not explicitly referenced.
2026-10-07T22:21:00.2416924Z 
2026-10-07T22:21:00.2417333Z Hint: The binding can be removed (if unused) or named `_` (if used implicitly). Alternatively, prefix the name with `_` to silence this warning:
2026-10-07T22:21:00.2417421Z   [apply] _ditak3
2026-10-07T22:21:00.2417425Z 
2026-10-07T22:21:00.2417827Z Note: This linter can be disabled with `set_option linter.unusedVariables false`
2026-10-07T22:21:00.2418232Z warning: OIBridge/DitaTorusLocus.lean:3971:6: Variable name `ditae1` is not explicitly referenced.
2026-10-07T22:21:00.2418237Z 
2026-10-07T22:21:00.2418647Z Hint: The binding can be removed (if unused) or named `_` (if used implicitly). Alternatively, prefix the name with `_` to silence this warning:
2026-10-07T22:21:00.2418733Z   [apply] _ditae1
2026-10-07T22:21:00.2418736Z 
2026-10-07T22:21:00.2418948Z Note: This linter can be disabled with `set_option linter.unusedVariables false`
2026-10-07T22:21:00.2419237Z warning: OIBridge/DitaTorusLocus.lean:3974:6: Variable name `ditae2` is not explicitly referenced.
2026-10-07T22:21:00.2419241Z 
2026-10-07T22:21:00.2419656Z Hint: The binding can be removed (if unused) or named `_` (if used implicitly). Alternatively, prefix the name with `_` to silence this warning:
2026-10-07T22:21:00.2419838Z   [apply] _ditae2
2026-10-07T22:21:00.2419844Z 
2026-10-07T22:21:00.2420247Z Note: This linter can be disabled with `set_option linter.unusedVariables false`
2026-10-07T22:21:00.2420775Z warning: OIBridge/DitaTorusLocus.lean:3977:6: Variable name `ditat2` is not explicitly referenced.
2026-10-07T22:21:00.2420782Z 
2026-10-07T22:21:00.2421285Z Hint: The binding can be removed (if unused) or named `_` (if used implicitly). Alternatively, prefix the name with `_` to silence this warning:
2026-10-07T22:21:00.2421375Z   [apply] _ditat2
2026-10-07T22:21:00.2421411Z 
2026-10-07T22:21:00.2421638Z Note: This linter can be disabled with `set_option linter.unusedVariables false`
2026-10-07T22:21:00.2421922Z warning: OIBridge/DitaTorusLocus.lean:3980:6: Variable name `ditat3` is not explicitly referenced.
2026-10-07T22:21:00.2421926Z 
2026-10-07T22:21:00.2422485Z Hint: The binding can be removed (if unused) or named `_` (if used implicitly). Alternatively, prefix the name with `_` to silence this warning:
2026-10-07T22:21:00.2422837Z   [apply] _ditat3
2026-10-07T22:21:00.2422850Z 
2026-10-07T22:21:00.2423275Z Note: This linter can be disabled with `set_option linter.unusedVariables false`
2026-10-07T22:21:00.2423711Z warning: OIBridge/DitaTorusLocus.lean:3982:6: Variable name `Hu` is not explicitly referenced.
2026-10-07T22:21:00.2423718Z 
2026-10-07T22:21:00.2424137Z Hint: The binding can be removed (if unused) or named `_` (if used implicitly). Alternatively, prefix the name with `_` to silence this warning:
2026-10-07T22:21:00.2424220Z   [apply] _Hu
2026-10-07T22:21:00.2424230Z 
2026-10-07T22:21:00.2424471Z Note: This linter can be disabled with `set_option linter.unusedVariables false`
2026-10-07T22:21:00.2424763Z warning: OIBridge/DitaTorusLocus.lean:3989:6: Variable name `ditamc` is not explicitly referenced.
2026-10-07T22:21:00.2424766Z 
2026-10-07T22:21:00.2425351Z Hint: The binding can be removed (if unused) or named `_` (if used implicitly). Alternatively, prefix the name with `_` to silence this warning:
2026-10-07T22:21:00.2425668Z   [apply] _ditamc
2026-10-07T22:21:00.2425677Z 
2026-10-07T22:21:00.2426095Z Note: This linter can be disabled with `set_option linter.unusedVariables false`
2026-10-07T22:21:00.2426528Z warning: OIBridge/DitaTorusLocus.lean:3992:6: Variable name `ditamr` is not explicitly referenced.
2026-10-07T22:21:00.2426532Z 
2026-10-07T22:21:00.2427001Z Hint: The binding can be removed (if unused) or named `_` (if used implicitly). Alternatively, prefix the name with `_` to silence this warning:
2026-10-07T22:21:00.2427091Z   [apply] _ditamr
2026-10-07T22:21:00.2427095Z 
2026-10-07T22:21:00.2427421Z Note: This linter can be disabled with `set_option linter.unusedVariables false`
2026-10-07T22:21:00.2427888Z info: OIBridge/DitaTorusLocus.lean:3999:0: 'OIBridge.DitaTorusLocus.a40_shared_excl_k4_c' depends on axioms: [propext, Classical.choice, Quot.sound]
2026-10-07T22:21:00.2428223Z warning: OIBridge/DitaTorusLocus.lean:4007:6: Variable name `pt` is not explicitly referenced.
2026-10-07T22:21:00.2428234Z 
2026-10-07T22:21:00.2429015Z Hint: The binding can be removed (if unused) or named `_` (if used implicitly). Alternatively, prefix the name with `_` to silence this warning:
2026-10-07T22:21:00.2429167Z   [apply] _pt
2026-10-07T22:21:00.2429173Z 
2026-10-07T22:21:00.2429403Z Note: This linter can be disabled with `set_option linter.unusedVariables false`
2026-10-07T22:21:00.2429709Z warning: OIBridge/DitaTorusLocus.lean:4011:6: Variable name `S` is not explicitly referenced.
2026-10-07T22:21:00.2429713Z 
2026-10-07T22:21:00.2430119Z Hint: The binding can be removed (if unused) or named `_` (if used implicitly). Alternatively, prefix the name with `_` to silence this warning:
2026-10-07T22:21:00.2430208Z   [apply] _S
2026-10-07T22:21:00.2430211Z 
2026-10-07T22:21:00.2430457Z Note: This linter can be disabled with `set_option linter.unusedVariables false`
2026-10-07T22:21:00.2430846Z warning: OIBridge/DitaTorusLocus.lean:4012:6: Variable name `tor` is not explicitly referenced.
2026-10-07T22:21:00.2431003Z 
2026-10-07T22:21:00.2431791Z Hint: The binding can be removed (if unused) or named `_` (if used implicitly). Alternatively, prefix the name with `_` to silence this warning:
2026-10-07T22:21:00.2431887Z   [apply] _tor
2026-10-07T22:21:00.2431891Z 
2026-10-07T22:21:00.2432110Z Note: This linter can be disabled with `set_option linter.unusedVariables false`
2026-10-07T22:21:00.2432390Z warning: OIBridge/DitaTorusLocus.lean:4013:6: Variable name `adj` is not explicitly referenced.
2026-10-07T22:21:00.2432394Z 
2026-10-07T22:21:00.2432960Z Hint: The binding can be removed (if unused) or named `_` (if used implicitly). Alternatively, prefix the name with `_` to silence this warning:
2026-10-07T22:21:00.2433047Z   [apply] _adj
2026-10-07T22:21:00.2433050Z 
2026-10-07T22:21:00.2433409Z Note: This linter can be disabled with `set_option linter.unusedVariables false`
2026-10-07T22:21:00.2434272Z warning: OIBridge/DitaTorusLocus.lean:4014:6: Variable name `μ` is not explicitly referenced.
2026-10-07T22:21:00.2434291Z 
2026-10-07T22:21:00.2434772Z Hint: The binding can be removed (if unused) or named `_` (if used implicitly). Alternatively, prefix the name with `_` to silence this warning:
2026-10-07T22:21:00.2434890Z   [apply] _μ
2026-10-07T22:21:00.2434894Z 
2026-10-07T22:21:00.2435128Z Note: This linter can be disabled with `set_option linter.unusedVariables false`
2026-10-07T22:21:00.2435400Z warning: OIBridge/DitaTorusLocus.lean:4016:6: Variable name `N` is not explicitly referenced.
2026-10-07T22:21:00.2435410Z 
2026-10-07T22:21:00.2436104Z Hint: The binding can be removed (if unused) or named `_` (if used implicitly). Alternatively, prefix the name with `_` to silence this warning:
2026-10-07T22:21:00.2436265Z   [apply] _N
2026-10-07T22:21:00.2436272Z 
2026-10-07T22:21:00.2436682Z Note: This linter can be disabled with `set_option linter.unusedVariables false`
2026-10-07T22:21:00.2437186Z warning: OIBridge/DitaTorusLocus.lean:4021:6: Variable name `Δc` is not explicitly referenced.
2026-10-07T22:21:00.2437195Z 
2026-10-07T22:21:00.2437757Z Hint: The binding can be removed (if unused) or named `_` (if used implicitly). Alternatively, prefix the name with `_` to silence this warning:
2026-10-07T22:21:00.2437878Z   [apply] _Δc
2026-10-07T22:21:00.2437882Z 
2026-10-07T22:21:00.2438203Z Note: This linter can be disabled with `set_option linter.unusedVariables false`
2026-10-07T22:21:00.2438810Z warning: OIBridge/DitaTorusLocus.lean:4022:6: Variable name `Δr` is not explicitly referenced.
2026-10-07T22:21:00.2438818Z 
2026-10-07T22:21:00.2439308Z Hint: The binding can be removed (if unused) or named `_` (if used implicitly). Alternatively, prefix the name with `_` to silence this warning:
2026-10-07T22:21:00.2439534Z   [apply] _Δr
2026-10-07T22:21:00.2439538Z 
2026-10-07T22:21:00.2439755Z Note: This linter can be disabled with `set_option linter.unusedVariables false`
2026-10-07T22:21:00.2440036Z warning: OIBridge/DitaTorusLocus.lean:4025:6: Variable name `dgT` is not explicitly referenced.
2026-10-07T22:21:00.2440045Z 
2026-10-07T22:21:00.2440489Z Hint: The binding can be removed (if unused) or named `_` (if used implicitly). Alternatively, prefix the name with `_` to silence this warning:
2026-10-07T22:21:00.2440578Z   [apply] _dgT
2026-10-07T22:21:00.2440582Z 
2026-10-07T22:21:00.2440919Z Note: This linter can be disabled with `set_option linter.unusedVariables false`
2026-10-07T22:21:00.2441440Z warning: OIBridge/DitaTorusLocus.lean:4029:6: Variable name `dita28` is not explicitly referenced.
2026-10-07T22:21:00.2441448Z 
2026-10-07T22:21:00.2442010Z Hint: The binding can be removed (if unused) or named `_` (if used implicitly). Alternatively, prefix the name with `_` to silence this warning:
2026-10-07T22:21:00.2442108Z   [apply] _dita28
2026-10-07T22:21:00.2442112Z 
2026-10-07T22:21:00.2442323Z Note: This linter can be disabled with `set_option linter.unusedVariables false`
2026-10-07T22:21:00.2442879Z warning: OIBridge/DitaTorusLocus.lean:4032:6: Variable name `dita82` is not explicitly referenced.
2026-10-07T22:21:00.2442997Z 
2026-10-07T22:21:00.2443748Z Hint: The binding can be removed (if unused) or named `_` (if used implicitly). Alternatively, prefix the name with `_` to silence this warning:
2026-10-07T22:21:00.2443901Z   [apply] _dita82
2026-10-07T22:21:00.2443909Z 
2026-10-07T22:21:00.2444153Z Note: This linter can be disabled with `set_option linter.unusedVariables false`
2026-10-07T22:21:00.2444435Z warning: OIBridge/DitaTorusLocus.lean:4039:6: Variable name `P` is not explicitly referenced.
2026-10-07T22:21:00.2444438Z 
2026-10-07T22:21:00.2445118Z Hint: The binding can be removed (if unused) or named `_` (if used implicitly). Alternatively, prefix the name with `_` to silence this warning:
2026-10-07T22:21:00.2445218Z   [apply] _P
2026-10-07T22:21:00.2445223Z 
2026-10-07T22:21:00.2445441Z Note: This linter can be disabled with `set_option linter.unusedVariables false`
2026-10-07T22:21:00.2445857Z warning: OIBridge/DitaTorusLocus.lean:4042:6: Variable name `ditak1` is not explicitly referenced.
2026-10-07T22:21:00.2445870Z 
2026-10-07T22:21:00.2446632Z Hint: The binding can be removed (if unused) or named `_` (if used implicitly). Alternatively, prefix the name with `_` to silence this warning:
2026-10-07T22:21:00.2446796Z   [apply] _ditak1
2026-10-07T22:21:00.2446802Z 
2026-10-07T22:21:00.2447036Z Note: This linter can be disabled with `set_option linter.unusedVariables false`
2026-10-07T22:21:00.2447330Z warning: OIBridge/DitaTorusLocus.lean:4045:6: Variable name `ditak2` is not explicitly referenced.
2026-10-07T22:21:00.2447334Z 
2026-10-07T22:21:00.2447752Z Hint: The binding can be removed (if unused) or named `_` (if used implicitly). Alternatively, prefix the name with `_` to silence this warning:
2026-10-07T22:21:00.2447834Z   [apply] _ditak2
2026-10-07T22:21:00.2447844Z 
2026-10-07T22:21:00.2448052Z Note: This linter can be disabled with `set_option linter.unusedVariables false`
2026-10-07T22:21:00.2448522Z warning: OIBridge/DitaTorusLocus.lean:4048:6: Variable name `ditak3` is not explicitly referenced.
2026-10-07T22:21:00.2448529Z 
2026-10-07T22:21:00.2449206Z Hint: The binding can be removed (if unused) or named `_` (if used implicitly). Alternatively, prefix the name with `_` to silence this warning:
2026-10-07T22:21:00.2449302Z   [apply] _ditak3
2026-10-07T22:21:00.2449307Z 
2026-10-07T22:21:00.2449530Z Note: This linter can be disabled with `set_option linter.unusedVariables false`
2026-10-07T22:21:00.2449822Z warning: OIBridge/DitaTorusLocus.lean:4054:6: Variable name `ditae1` is not explicitly referenced.
2026-10-07T22:21:00.2449827Z 
2026-10-07T22:21:00.2450233Z Hint: The binding can be removed (if unused) or named `_` (if used implicitly). Alternatively, prefix the name with `_` to silence this warning:
2026-10-07T22:21:00.2450387Z   [apply] _ditae1
2026-10-07T22:21:00.2450391Z 
2026-10-07T22:21:00.2450606Z Note: This linter can be disabled with `set_option linter.unusedVariables false`
2026-10-07T22:21:00.2451026Z warning: OIBridge/DitaTorusLocus.lean:4057:6: Variable name `ditae2` is not explicitly referenced.
2026-10-07T22:21:00.2451036Z 
2026-10-07T22:21:00.2451734Z Hint: The binding can be removed (if unused) or named `_` (if used implicitly). Alternatively, prefix the name with `_` to silence this warning:
2026-10-07T22:21:00.2451827Z   [apply] _ditae2
2026-10-07T22:21:00.2451831Z 
2026-10-07T22:21:00.2452048Z Note: This linter can be disabled with `set_option linter.unusedVariables false`
2026-10-07T22:21:00.2452328Z warning: OIBridge/DitaTorusLocus.lean:4060:6: Variable name `ditat2` is not explicitly referenced.
2026-10-07T22:21:00.2452332Z 
2026-10-07T22:21:00.2453142Z Hint: The binding can be removed (if unused) or named `_` (if used implicitly). Alternatively, prefix the name with `_` to silence this warning:
2026-10-07T22:21:00.2453296Z   [apply] _ditat2
2026-10-07T22:21:00.2453304Z 
2026-10-07T22:21:00.2453657Z Note: This linter can be disabled with `set_option linter.unusedVariables false`
2026-10-07T22:21:00.2454328Z warning: OIBridge/DitaTorusLocus.lean:4063:6: Variable name `ditat3` is not explicitly referenced.
2026-10-07T22:21:00.2454341Z 
2026-10-07T22:21:00.2454869Z Hint: The binding can be removed (if unused) or named `_` (if used implicitly). Alternatively, prefix the name with `_` to silence this warning:
2026-10-07T22:21:00.2454959Z   [apply] _ditat3
2026-10-07T22:21:00.2454963Z 
2026-10-07T22:21:00.2455184Z Note: This linter can be disabled with `set_option linter.unusedVariables false`
2026-10-07T22:21:00.2455456Z warning: OIBridge/DitaTorusLocus.lean:4065:6: Variable name `Hu` is not explicitly referenced.
2026-10-07T22:21:00.2455459Z 
2026-10-07T22:21:00.2456155Z Hint: The binding can be removed (if unused) or named `_` (if used implicitly). Alternatively, prefix the name with `_` to silence this warning:
2026-10-07T22:21:00.2456313Z   [apply] _Hu
2026-10-07T22:21:00.2456319Z 
2026-10-07T22:21:00.2456842Z Note: This linter can be disabled with `set_option linter.unusedVariables false`
2026-10-07T22:21:00.2457336Z warning: OIBridge/DitaTorusLocus.lean:4072:6: Variable name `ditamc` is not explicitly referenced.
2026-10-07T22:21:00.2457348Z 
2026-10-07T22:21:00.2457773Z Hint: The binding can be removed (if unused) or named `_` (if used implicitly). Alternatively, prefix the name with `_` to silence this warning:
2026-10-07T22:21:00.2457855Z   [apply] _ditamc
2026-10-07T22:21:00.2457864Z 
2026-10-07T22:21:00.2458077Z Note: This linter can be disabled with `set_option linter.unusedVariables false`
2026-10-07T22:21:00.2458359Z warning: OIBridge/DitaTorusLocus.lean:4075:6: Variable name `ditamr` is not explicitly referenced.
2026-10-07T22:21:00.2458362Z 
2026-10-07T22:21:00.2459081Z Hint: The binding can be removed (if unused) or named `_` (if used implicitly). Alternatively, prefix the name with `_` to silence this warning:
2026-10-07T22:21:00.2459231Z   [apply] _ditamr
2026-10-07T22:21:00.2459238Z 
2026-10-07T22:21:00.2459584Z Note: This linter can be disabled with `set_option linter.unusedVariables false`
2026-10-07T22:21:00.2460225Z info: OIBridge/DitaTorusLocus.lean:4082:0: 'OIBridge.DitaTorusLocus.a40_shared_excl_k4_r' depends on axioms: [propext, Classical.choice, Quot.sound]
2026-10-07T22:21:00.2460540Z warning: OIBridge/DitaTorusLocus.lean:4090:6: Variable name `pt` is not explicitly referenced.
2026-10-07T22:21:00.2460544Z 
2026-10-07T22:21:00.2461127Z Hint: The binding can be removed (if unused) or named `_` (if used implicitly). Alternatively, prefix the name with `_` to silence this warning:
2026-10-07T22:21:00.2461289Z   [apply] _pt
2026-10-07T22:21:00.2461293Z 
2026-10-07T22:21:00.2461638Z Note: This linter can be disabled with `set_option linter.unusedVariables false`
2026-10-07T22:21:00.2462259Z warning: OIBridge/DitaTorusLocus.lean:4094:6: Variable name `S` is not explicitly referenced.
2026-10-07T22:21:00.2462267Z 
2026-10-07T22:21:00.2463077Z Hint: The binding can be removed (if unused) or named `_` (if used implicitly). Alternatively, prefix the name with `_` to silence this warning:
2026-10-07T22:21:00.2463169Z   [apply] _S
2026-10-07T22:21:00.2463174Z 
2026-10-07T22:21:00.2463398Z Note: This linter can be disabled with `set_option linter.unusedVariables false`
2026-10-07T22:21:00.2463688Z warning: OIBridge/DitaTorusLocus.lean:4095:6: Variable name `tor` is not explicitly referenced.
2026-10-07T22:21:00.2463692Z 
2026-10-07T22:21:00.2464384Z Hint: The binding can be removed (if unused) or named `_` (if used implicitly). Alternatively, prefix the name with `_` to silence this warning:
2026-10-07T22:21:00.2464548Z   [apply] _tor
2026-10-07T22:21:00.2464556Z 
2026-10-07T22:21:00.2464959Z Note: This linter can be disabled with `set_option linter.unusedVariables false`
2026-10-07T22:21:00.2465376Z warning: OIBridge/DitaTorusLocus.lean:4096:6: Variable name `adj` is not explicitly referenced.
2026-10-07T22:21:00.2465380Z 
2026-10-07T22:21:00.2465799Z Hint: The binding can be removed (if unused) or named `_` (if used implicitly). Alternatively, prefix the name with `_` to silence this warning:
2026-10-07T22:21:00.2466069Z   [apply] _adj
2026-10-07T22:21:00.2466076Z 
2026-10-07T22:21:00.2466297Z Note: This linter can be disabled with `set_option linter.unusedVariables false`
2026-10-07T22:21:00.2466864Z warning: OIBridge/DitaTorusLocus.lean:4097:6: Variable name `μ` is not explicitly referenced.
2026-10-07T22:21:00.2466869Z 
2026-10-07T22:21:00.2467403Z Hint: The binding can be removed (if unused) or named `_` (if used implicitly). Alternatively, prefix the name with `_` to silence this warning:
2026-10-07T22:21:00.2467549Z   [apply] _μ
2026-10-07T22:21:00.2467554Z 
2026-10-07T22:21:00.2467999Z Note: This linter can be disabled with `set_option linter.unusedVariables false`
2026-10-07T22:21:00.2468342Z warning: OIBridge/DitaTorusLocus.lean:4099:6: Variable name `N` is not explicitly referenced.
2026-10-07T22:21:00.2468346Z 
2026-10-07T22:21:00.2468914Z Hint: The binding can be removed (if unused) or named `_` (if used implicitly). Alternatively, prefix the name with `_` to silence this warning:
2026-10-07T22:21:00.2469022Z   [apply] _N
2026-10-07T22:21:00.2469026Z 
2026-10-07T22:21:00.2469317Z Note: This linter can be disabled with `set_option linter.unusedVariables false`
2026-10-07T22:21:00.2469804Z warning: OIBridge/DitaTorusLocus.lean:4104:6: Variable name `Δc` is not explicitly referenced.
2026-10-07T22:21:00.2469812Z 
2026-10-07T22:21:00.2470465Z Hint: The binding can be removed (if unused) or named `_` (if used implicitly). Alternatively, prefix the name with `_` to silence this warning:
2026-10-07T22:21:00.2470674Z   [apply] _Δc
2026-10-07T22:21:00.2470681Z 
2026-10-07T22:21:00.2471020Z Note: This linter can be disabled with `set_option linter.unusedVariables false`
2026-10-07T22:21:00.2471396Z warning: OIBridge/DitaTorusLocus.lean:4105:6: Variable name `Δr` is not explicitly referenced.
2026-10-07T22:21:00.2471400Z 
2026-10-07T22:21:00.2471810Z Hint: The binding can be removed (if unused) or named `_` (if used implicitly). Alternatively, prefix the name with `_` to silence this warning:
2026-10-07T22:21:00.2471914Z   [apply] _Δr
2026-10-07T22:21:00.2471926Z 
2026-10-07T22:21:00.2472232Z Note: This linter can be disabled with `set_option linter.unusedVariables false`
2026-10-07T22:21:00.2472515Z warning: OIBridge/DitaTorusLocus.lean:4108:6: Variable name `dgT` is not explicitly referenced.
2026-10-07T22:21:00.2472519Z 
2026-10-07T22:21:00.2473473Z Hint: The binding can be removed (if unused) or named `_` (if used implicitly). Alternatively, prefix the name with `_` to silence this warning:
2026-10-07T22:21:00.2473631Z   [apply] _dgT
2026-10-07T22:21:00.2473638Z 
2026-10-07T22:21:00.2474014Z Note: This linter can be disabled with `set_option linter.unusedVariables false`
2026-10-07T22:21:00.2474417Z warning: OIBridge/DitaTorusLocus.lean:4112:6: Variable name `dita28` is not explicitly referenced.
2026-10-07T22:21:00.2474422Z 
2026-10-07T22:21:00.2474905Z Hint: The binding can be removed (if unused) or named `_` (if used implicitly). Alternatively, prefix the name with `_` to silence this warning:
2026-10-07T22:21:00.2475031Z   [apply] _dita28
2026-10-07T22:21:00.2475035Z 
2026-10-07T22:21:00.2475369Z Note: This linter can be disabled with `set_option linter.unusedVariables false`
2026-10-07T22:21:00.2475842Z warning: OIBridge/DitaTorusLocus.lean:4115:6: Variable name `dita82` is not explicitly referenced.
2026-10-07T22:21:00.2475850Z 
2026-10-07T22:21:00.2476603Z Hint: The binding can be removed (if unused) or named `_` (if used implicitly). Alternatively, prefix the name with `_` to silence this warning:
2026-10-07T22:21:00.2476720Z   [apply] _dita82
2026-10-07T22:21:00.2476725Z 
2026-10-07T22:21:00.2476942Z Note: This linter can be disabled with `set_option linter.unusedVariables false`
2026-10-07T22:21:00.2477229Z warning: OIBridge/DitaTorusLocus.lean:4122:6: Variable name `P` is not explicitly referenced.
2026-10-07T22:21:00.2477233Z 
2026-10-07T22:21:00.2477658Z Hint: The binding can be removed (if unused) or named `_` (if used implicitly). Alternatively, prefix the name with `_` to silence this warning:
2026-10-07T22:21:00.2477838Z   [apply] _P
2026-10-07T22:21:00.2477841Z 
2026-10-07T22:21:00.2478168Z Note: This linter can be disabled with `set_option linter.unusedVariables false`
2026-10-07T22:21:00.2478696Z warning: OIBridge/DitaTorusLocus.lean:4125:6: Variable name `ditak1` is not explicitly referenced.
2026-10-07T22:21:00.2478703Z 
2026-10-07T22:21:00.2479205Z Hint: The binding can be removed (if unused) or named `_` (if used implicitly). Alternatively, prefix the name with `_` to silence this warning:
2026-10-07T22:21:00.2479296Z   [apply] _ditak1
2026-10-07T22:21:00.2479300Z 
2026-10-07T22:21:00.2479515Z Note: This linter can be disabled with `set_option linter.unusedVariables false`
2026-10-07T22:21:00.2479866Z warning: OIBridge/DitaTorusLocus.lean:4128:6: Variable name `ditak2` is not explicitly referenced.
2026-10-07T22:21:00.2479873Z 
2026-10-07T22:21:00.2480686Z Hint: The binding can be removed (if unused) or named `_` (if used implicitly). Alternatively, prefix the name with `_` to silence this warning:
2026-10-07T22:21:00.2480886Z   [apply] _ditak2
2026-10-07T22:21:00.2480893Z 
2026-10-07T22:21:00.2481275Z Note: This linter can be disabled with `set_option linter.unusedVariables false`
2026-10-07T22:21:00.2481720Z warning: OIBridge/DitaTorusLocus.lean:4131:6: Variable name `ditak3` is not explicitly referenced.
2026-10-07T22:21:00.2481724Z 
2026-10-07T22:21:00.2482138Z Hint: The binding can be removed (if unused) or named `_` (if used implicitly). Alternatively, prefix the name with `_` to silence this warning:
2026-10-07T22:21:00.2482217Z   [apply] _ditak3
2026-10-07T22:21:00.2482228Z 
2026-10-07T22:21:00.2482530Z Note: This linter can be disabled with `set_option linter.unusedVariables false`
2026-10-07T22:21:00.2483214Z warning: OIBridge/DitaTorusLocus.lean:4134:6: Variable name `ditak4` is not explicitly referenced.
2026-10-07T22:21:00.2483222Z 
2026-10-07T22:21:00.2483982Z Hint: The binding can be removed (if unused) or named `_` (if used implicitly). Alternatively, prefix the name with `_` to silence this warning:
2026-10-07T22:21:00.2484138Z   [apply] _ditak4
2026-10-07T22:21:00.2484147Z 
2026-10-07T22:21:00.2484556Z Note: This linter can be disabled with `set_option linter.unusedVariables false`
2026-10-07T22:21:00.2484894Z warning: OIBridge/DitaTorusLocus.lean:4140:6: Variable name `ditae2` is not explicitly referenced.
2026-10-07T22:21:00.2484899Z 
2026-10-07T22:21:00.2485530Z Hint: The binding can be removed (if unused) or named `_` (if used implicitly). Alternatively, prefix the name with `_` to silence this warning:
2026-10-07T22:21:00.2485620Z   [apply] _ditae2
2026-10-07T22:21:00.2485623Z 
2026-10-07T22:21:00.2486017Z Note: This linter can be disabled with `set_option linter.unusedVariables false`
2026-10-07T22:21:00.2486671Z warning: OIBridge/DitaTorusLocus.lean:4143:6: Variable name `ditat2` is not explicitly referenced.
2026-10-07T22:21:00.2486680Z 
2026-10-07T22:21:00.2487191Z Hint: The binding can be removed (if unused) or named `_` (if used implicitly). Alternatively, prefix the name with `_` to silence this warning:
2026-10-07T22:21:00.2487287Z   [apply] _ditat2
2026-10-07T22:21:00.2487291Z 
2026-10-07T22:21:00.2487511Z Note: This linter can be disabled with `set_option linter.unusedVariables false`
2026-10-07T22:21:00.2487843Z warning: OIBridge/DitaTorusLocus.lean:4146:6: Variable name `ditat3` is not explicitly referenced.
2026-10-07T22:21:00.2487852Z 
2026-10-07T22:21:00.2488400Z Hint: The binding can be removed (if unused) or named `_` (if used implicitly). Alternatively, prefix the name with `_` to silence this warning:
2026-10-07T22:21:00.2488483Z   [apply] _ditat3
2026-10-07T22:21:00.2488487Z 
2026-10-07T22:21:00.2488878Z Note: This linter can be disabled with `set_option linter.unusedVariables false`
2026-10-07T22:21:00.2489399Z warning: OIBridge/DitaTorusLocus.lean:4148:6: Variable name `Hu` is not explicitly referenced.
2026-10-07T22:21:00.2489406Z 
2026-10-07T22:21:00.2489848Z Hint: The binding can be removed (if unused) or named `_` (if used implicitly). Alternatively, prefix the name with `_` to silence this warning:
2026-10-07T22:21:00.2490037Z   [apply] _Hu
2026-10-07T22:21:00.2490041Z 
2026-10-07T22:21:00.2490257Z Note: This linter can be disabled with `set_option linter.unusedVariables false`
2026-10-07T22:21:00.2490639Z warning: OIBridge/DitaTorusLocus.lean:4155:6: Variable name `ditamc` is not explicitly referenced.
2026-10-07T22:21:00.2490643Z 
2026-10-07T22:21:00.2491171Z Hint: The binding can be removed (if unused) or named `_` (if used implicitly). Alternatively, prefix the name with `_` to silence this warning:
2026-10-07T22:21:00.2491327Z   [apply] _ditamc
2026-10-07T22:21:00.2491333Z 
2026-10-07T22:21:00.2491703Z Note: This linter can be disabled with `set_option linter.unusedVariables false`
2026-10-07T22:21:00.2492104Z warning: OIBridge/DitaTorusLocus.lean:4158:6: Variable name `ditamr` is not explicitly referenced.
2026-10-07T22:21:00.2492109Z 
2026-10-07T22:21:00.2492829Z Hint: The binding can be removed (if unused) or named `_` (if used implicitly). Alternatively, prefix the name with `_` to silence this warning:
2026-10-07T22:21:00.2493036Z   [apply] _ditamr
2026-10-07T22:21:00.2493048Z 
2026-10-07T22:21:00.2493392Z Note: This linter can be disabled with `set_option linter.unusedVariables false`
2026-10-07T22:21:00.2494150Z info: OIBridge/DitaTorusLocus.lean:4165:0: 'OIBridge.DitaTorusLocus.a40_shared_excl_e1_c' depends on axioms: [propext, Classical.choice, Quot.sound]
2026-10-07T22:21:00.2494434Z warning: OIBridge/DitaTorusLocus.lean:4173:6: Variable name `pt` is not explicitly referenced.
2026-10-07T22:21:00.2494444Z 
2026-10-07T22:21:00.2494859Z Hint: The binding can be removed (if unused) or named `_` (if used implicitly). Alternatively, prefix the name with `_` to silence this warning:
2026-10-07T22:21:00.2495021Z   [apply] _pt
2026-10-07T22:21:00.2495028Z 
2026-10-07T22:21:00.2495268Z Note: This linter can be disabled with `set_option linter.unusedVariables false`
2026-10-07T22:21:00.2495607Z warning: OIBridge/DitaTorusLocus.lean:4177:6: Variable name `S` is not explicitly referenced.
2026-10-07T22:21:00.2495613Z 
2026-10-07T22:21:00.2496469Z Hint: The binding can be removed (if unused) or named `_` (if used implicitly). Alternatively, prefix the name with `_` to silence this warning:
2026-10-07T22:21:00.2496639Z   [apply] _S
2026-10-07T22:21:00.2496648Z 
2026-10-07T22:21:00.2496891Z Note: This linter can be disabled with `set_option linter.unusedVariables false`
2026-10-07T22:21:00.2497173Z warning: OIBridge/DitaTorusLocus.lean:4178:6: Variable name `tor` is not explicitly referenced.
2026-10-07T22:21:00.2497177Z 
2026-10-07T22:21:00.2497680Z Hint: The binding can be removed (if unused) or named `_` (if used implicitly). Alternatively, prefix the name with `_` to silence this warning:
2026-10-07T22:21:00.2497861Z   [apply] _tor
2026-10-07T22:21:00.2497865Z 
2026-10-07T22:21:00.2498251Z Note: This linter can be disabled with `set_option linter.unusedVariables false`
2026-10-07T22:21:00.2498533Z warning: OIBridge/DitaTorusLocus.lean:4179:6: Variable name `adj` is not explicitly referenced.
2026-10-07T22:21:00.2498544Z 
2026-10-07T22:21:00.2499272Z Hint: The binding can be removed (if unused) or named `_` (if used implicitly). Alternatively, prefix the name with `_` to silence this warning:
2026-10-07T22:21:00.2499407Z   [apply] _adj
2026-10-07T22:21:00.2499412Z 
2026-10-07T22:21:00.2499628Z Note: This linter can be disabled with `set_option linter.unusedVariables false`
2026-10-07T22:21:00.2500001Z warning: OIBridge/DitaTorusLocus.lean:4180:6: Variable name `μ` is not explicitly referenced.
2026-10-07T22:21:00.2500005Z 
2026-10-07T22:21:00.2500501Z Hint: The binding can be removed (if unused) or named `_` (if used implicitly). Alternatively, prefix the name with `_` to silence this warning:
2026-10-07T22:21:00.2500608Z   [apply] _μ
2026-10-07T22:21:00.2500612Z 
2026-10-07T22:21:00.2500882Z Note: This linter can be disabled with `set_option linter.unusedVariables false`
2026-10-07T22:21:00.2501385Z warning: OIBridge/DitaTorusLocus.lean:4182:6: Variable name `N` is not explicitly referenced.
2026-10-07T22:21:00.2501503Z 
2026-10-07T22:21:00.2502147Z Hint: The binding can be removed (if unused) or named `_` (if used implicitly). Alternatively, prefix the name with `_` to silence this warning:
2026-10-07T22:21:00.2502231Z   [apply] _N
2026-10-07T22:21:00.2502235Z 
2026-10-07T22:21:00.2502460Z Note: This linter can be disabled with `set_option linter.unusedVariables false`
2026-10-07T22:21:00.2503167Z warning: OIBridge/DitaTorusLocus.lean:4187:6: Variable name `Δc` is not explicitly referenced.
2026-10-07T22:21:00.2503178Z 
2026-10-07T22:21:00.2503869Z Hint: The binding can be removed (if unused) or named `_` (if used implicitly). Alternatively, prefix the name with `_` to silence this warning:
2026-10-07T22:21:00.2504085Z   [apply] _Δc
2026-10-07T22:21:00.2504091Z 
2026-10-07T22:21:00.2504488Z Note: This linter can be disabled with `set_option linter.unusedVariables false`
2026-10-07T22:21:00.2505071Z warning: OIBridge/DitaTorusLocus.lean:4188:6: Variable name `Δr` is not explicitly referenced.
2026-10-07T22:21:00.2505082Z 
2026-10-07T22:21:00.2505507Z Hint: The binding can be removed (if unused) or named `_` (if used implicitly). Alternatively, prefix the name with `_` to silence this warning:
2026-10-07T22:21:00.2505623Z   [apply] _Δr
2026-10-07T22:21:00.2505631Z 
2026-10-07T22:21:00.2506045Z Note: This linter can be disabled with `set_option linter.unusedVariables false`
2026-10-07T22:21:00.2506409Z warning: OIBridge/DitaTorusLocus.lean:4191:6: Variable name `dgT` is not explicitly referenced.
2026-10-07T22:21:00.2506414Z 
2026-10-07T22:21:00.2506903Z Hint: The binding can be removed (if unused) or named `_` (if used implicitly). Alternatively, prefix the name with `_` to silence this warning:
2026-10-07T22:21:00.2506992Z   [apply] _dgT
2026-10-07T22:21:00.2507002Z 
2026-10-07T22:21:00.2507219Z Note: This linter can be disabled with `set_option linter.unusedVariables false`
2026-10-07T22:21:00.2507658Z warning: OIBridge/DitaTorusLocus.lean:4195:6: Variable name `dita28` is not explicitly referenced.
2026-10-07T22:21:00.2507669Z 
2026-10-07T22:21:00.2508435Z Hint: The binding can be removed (if unused) or named `_` (if used implicitly). Alternatively, prefix the name with `_` to silence this warning:
2026-10-07T22:21:00.2508534Z   [apply] _dita28
2026-10-07T22:21:00.2508538Z 
2026-10-07T22:21:00.2508762Z Note: This linter can be disabled with `set_option linter.unusedVariables false`
2026-10-07T22:21:00.2509046Z warning: OIBridge/DitaTorusLocus.lean:4198:6: Variable name `dita82` is not explicitly referenced.
2026-10-07T22:21:00.2509050Z 
2026-10-07T22:21:00.2509449Z Hint: The binding can be removed (if unused) or named `_` (if used implicitly). Alternatively, prefix the name with `_` to silence this warning:
2026-10-07T22:21:00.2509606Z   [apply] _dita82
2026-10-07T22:21:00.2509610Z 
2026-10-07T22:21:00.2509824Z Note: This linter can be disabled with `set_option linter.unusedVariables false`
2026-10-07T22:21:00.2510220Z warning: OIBridge/DitaTorusLocus.lean:4205:6: Variable name `P` is not explicitly referenced.
2026-10-07T22:21:00.2510227Z 
2026-10-07T22:21:00.2510967Z Hint: The binding can be removed (if unused) or named `_` (if used implicitly). Alternatively, prefix the name with `_` to silence this warning:
2026-10-07T22:21:00.2511062Z   [apply] _P
2026-10-07T22:21:00.2511067Z 
2026-10-07T22:21:00.2511292Z Note: This linter can be disabled with `set_option linter.unusedVariables false`
2026-10-07T22:21:00.2511580Z warning: OIBridge/DitaTorusLocus.lean:4208:6: Variable name `ditak1` is not explicitly referenced.
2026-10-07T22:21:00.2511584Z 
2026-10-07T22:21:00.2512000Z Hint: The binding can be removed (if unused) or named `_` (if used implicitly). Alternatively, prefix the name with `_` to silence this warning:
2026-10-07T22:21:00.2512082Z   [apply] _ditak1
2026-10-07T22:21:00.2512086Z 
2026-10-07T22:21:00.2512301Z Note: This linter can be disabled with `set_option linter.unusedVariables false`
2026-10-07T22:21:00.2512812Z warning: OIBridge/DitaTorusLocus.lean:4211:6: Variable name `ditak2` is not explicitly referenced.
2026-10-07T22:21:00.2512910Z 
2026-10-07T22:21:00.2513511Z Hint: The binding can be removed (if unused) or named `_` (if used implicitly). Alternatively, prefix the name with `_` to silence this warning:
2026-10-07T22:21:00.2513677Z   [apply] _ditak2
2026-10-07T22:21:00.2513684Z 
2026-10-07T22:21:00.2514075Z Note: This linter can be disabled with `set_option linter.unusedVariables false`
2026-10-07T22:21:00.2514599Z warning: OIBridge/DitaTorusLocus.lean:4214:6: Variable name `ditak3` is not explicitly referenced.
2026-10-07T22:21:00.2514609Z 
2026-10-07T22:21:00.2515132Z Hint: The binding can be removed (if unused) or named `_` (if used implicitly). Alternatively, prefix the name with `_` to silence this warning:
2026-10-07T22:21:00.2515226Z   [apply] _ditak3
2026-10-07T22:21:00.2515229Z 
2026-10-07T22:21:00.2515439Z Note: This linter can be disabled with `set_option linter.unusedVariables false`
2026-10-07T22:21:00.2515810Z warning: OIBridge/DitaTorusLocus.lean:4217:6: Variable name `ditak4` is not explicitly referenced.
2026-10-07T22:21:00.2515817Z 
2026-10-07T22:21:00.2516231Z Hint: The binding can be removed (if unused) or named `_` (if used implicitly). Alternatively, prefix the name with `_` to silence this warning:
2026-10-07T22:21:00.2516351Z   [apply] _ditak4
2026-10-07T22:21:00.2516357Z 
2026-10-07T22:21:00.2516705Z Note: This linter can be disabled with `set_option linter.unusedVariables false`
2026-10-07T22:21:00.2517052Z warning: OIBridge/DitaTorusLocus.lean:4223:6: Variable name `ditae2` is not explicitly referenced.
2026-10-07T22:21:00.2517056Z 
2026-10-07T22:21:00.2517466Z Hint: The binding can be removed (if unused) or named `_` (if used implicitly). Alternatively, prefix the name with `_` to silence this warning:
2026-10-07T22:21:00.2517553Z   [apply] _ditae2
2026-10-07T22:21:00.2517557Z 
2026-10-07T22:21:00.2517770Z Note: This linter can be disabled with `set_option linter.unusedVariables false`
2026-10-07T22:21:00.2518129Z warning: OIBridge/DitaTorusLocus.lean:4226:6: Variable name `ditat2` is not explicitly referenced.
2026-10-07T22:21:00.2518144Z 
2026-10-07T22:21:00.2518736Z Hint: The binding can be removed (if unused) or named `_` (if used implicitly). Alternatively, prefix the name with `_` to silence this warning:
2026-10-07T22:21:00.2518896Z   [apply] _ditat2
2026-10-07T22:21:00.2518903Z 
2026-10-07T22:21:00.2519332Z Note: This linter can be disabled with `set_option linter.unusedVariables false`
2026-10-07T22:21:00.2519790Z warning: OIBridge/DitaTorusLocus.lean:4229:6: Variable name `ditat3` is not explicitly referenced.
2026-10-07T22:21:00.2519795Z 
2026-10-07T22:21:00.2520208Z Hint: The binding can be removed (if unused) or named `_` (if used implicitly). Alternatively, prefix the name with `_` to silence this warning:
2026-10-07T22:21:00.2520385Z   [apply] _ditat3
2026-10-07T22:21:00.2520389Z 
2026-10-07T22:21:00.2520604Z Note: This linter can be disabled with `set_option linter.unusedVariables false`
2026-10-07T22:21:00.2520888Z warning: OIBridge/DitaTorusLocus.lean:4231:6: Variable name `Hu` is not explicitly referenced.
2026-10-07T22:21:00.2520892Z 
2026-10-07T22:21:00.2521302Z Hint: The binding can be removed (if unused) or named `_` (if used implicitly). Alternatively, prefix the name with `_` to silence this warning:
2026-10-07T22:21:00.2521381Z   [apply] _Hu
2026-10-07T22:21:00.2521384Z 
2026-10-07T22:21:00.2521793Z Note: This linter can be disabled with `set_option linter.unusedVariables false`
2026-10-07T22:21:00.2522264Z warning: OIBridge/DitaTorusLocus.lean:4238:6: Variable name `ditamc` is not explicitly referenced.
2026-10-07T22:21:00.2522271Z 
2026-10-07T22:21:00.2523070Z Hint: The binding can be removed (if unused) or named `_` (if used implicitly). Alternatively, prefix the name with `_` to silence this warning:
2026-10-07T22:21:00.2523181Z   [apply] _ditamc
2026-10-07T22:21:00.2523185Z 
2026-10-07T22:21:00.2523405Z Note: This linter can be disabled with `set_option linter.unusedVariables false`
2026-10-07T22:21:00.2523787Z warning: OIBridge/DitaTorusLocus.lean:4241:6: Variable name `ditamr` is not explicitly referenced.
2026-10-07T22:21:00.2523793Z 
2026-10-07T22:21:00.2524322Z Hint: The binding can be removed (if unused) or named `_` (if used implicitly). Alternatively, prefix the name with `_` to silence this warning:
2026-10-07T22:21:00.2524413Z   [apply] _ditamr
2026-10-07T22:21:00.2524417Z 
2026-10-07T22:21:00.2524788Z Note: This linter can be disabled with `set_option linter.unusedVariables false`
2026-10-07T22:21:00.2525324Z info: OIBridge/DitaTorusLocus.lean:4248:0: 'OIBridge.DitaTorusLocus.a40_shared_excl_e1_r' depends on axioms: [propext, Classical.choice, Quot.sound]
2026-10-07T22:21:00.2525602Z warning: OIBridge/DitaTorusLocus.lean:4256:6: Variable name `pt` is not explicitly referenced.
2026-10-07T22:21:00.2525606Z 
2026-10-07T22:21:00.2526226Z Hint: The binding can be removed (if unused) or named `_` (if used implicitly). Alternatively, prefix the name with `_` to silence this warning:
2026-10-07T22:21:00.2526321Z   [apply] _pt
2026-10-07T22:21:00.2526325Z 
2026-10-07T22:21:00.2526667Z Note: This linter can be disabled with `set_option linter.unusedVariables false`
2026-10-07T22:21:00.2527210Z warning: OIBridge/DitaTorusLocus.lean:4260:6: Variable name `S` is not explicitly referenced.
2026-10-07T22:21:00.2527225Z 
2026-10-07T22:21:00.2527831Z Hint: The binding can be removed (if unused) or named `_` (if used implicitly). Alternatively, prefix the name with `_` to silence this warning:
2026-10-07T22:21:00.2527932Z   [apply] _S
2026-10-07T22:21:00.2527937Z 
2026-10-07T22:21:00.2528154Z Note: This linter can be disabled with `set_option linter.unusedVariables false`
2026-10-07T22:21:00.2528461Z warning: OIBridge/DitaTorusLocus.lean:4261:6: Variable name `tor` is not explicitly referenced.
2026-10-07T22:21:00.2528487Z 
2026-10-07T22:21:00.2528913Z Hint: The binding can be removed (if unused) or named `_` (if used implicitly). Alternatively, prefix the name with `_` to silence this warning:
2026-10-07T22:21:00.2529003Z   [apply] _tor
2026-10-07T22:21:00.2529007Z 
2026-10-07T22:21:00.2529513Z Note: This linter can be disabled with `set_option linter.unusedVariables false`
2026-10-07T22:21:00.2530027Z warning: OIBridge/DitaTorusLocus.lean:4262:6: Variable name `adj` is not explicitly referenced.
2026-10-07T22:21:00.2530035Z 
2026-10-07T22:21:00.2530606Z Hint: The binding can be removed (if unused) or named `_` (if used implicitly). Alternatively, prefix the name with `_` to silence this warning:
2026-10-07T22:21:00.2530691Z   [apply] _adj
2026-10-07T22:21:00.2530701Z 
2026-10-07T22:21:00.2530912Z Note: This linter can be disabled with `set_option linter.unusedVariables false`
2026-10-07T22:21:00.2531507Z warning: OIBridge/DitaTorusLocus.lean:4263:6: Variable name `μ` is not explicitly referenced.
2026-10-07T22:21:00.2531512Z 
2026-10-07T22:21:00.2532114Z Hint: The binding can be removed (if unused) or named `_` (if used implicitly). Alternatively, prefix the name with `_` to silence this warning:
2026-10-07T22:21:00.2532283Z   [apply] _μ
2026-10-07T22:21:00.2532289Z 
2026-10-07T22:21:00.2532884Z Note: This linter can be disabled with `set_option linter.unusedVariables false`
2026-10-07T22:21:00.2533166Z warning: OIBridge/DitaTorusLocus.lean:4265:6: Variable name `N` is not explicitly referenced.
2026-10-07T22:21:00.2533170Z 
2026-10-07T22:21:00.2533577Z Hint: The binding can be removed (if unused) or named `_` (if used implicitly). Alternatively, prefix the name with `_` to silence this warning:
2026-10-07T22:21:00.2533662Z   [apply] _N
2026-10-07T22:21:00.2533665Z 
2026-10-07T22:21:00.2533877Z Note: This linter can be disabled with `set_option linter.unusedVariables false`
2026-10-07T22:21:00.2534318Z warning: OIBridge/DitaTorusLocus.lean:4270:6: Variable name `Δc` is not explicitly referenced.
2026-10-07T22:21:00.2534333Z 
2026-10-07T22:21:00.2534922Z Hint: The binding can be removed (if unused) or named `_` (if used implicitly). Alternatively, prefix the name with `_` to silence this warning:
2026-10-07T22:21:00.2535254Z   [apply] _Δc
2026-10-07T22:21:00.2535263Z 
2026-10-07T22:21:00.2535551Z Note: This linter can be disabled with `set_option linter.unusedVariables false`
2026-10-07T22:21:00.2535897Z warning: OIBridge/DitaTorusLocus.lean:4271:6: Variable name `Δr` is not explicitly referenced.
2026-10-07T22:21:00.2535901Z 
2026-10-07T22:21:00.2536308Z Hint: The binding can be removed (if unused) or named `_` (if used implicitly). Alternatively, prefix the name with `_` to silence this warning:
2026-10-07T22:21:00.2536409Z   [apply] _Δr
2026-10-07T22:21:00.2536413Z 
2026-10-07T22:21:00.2536624Z Note: This linter can be disabled with `set_option linter.unusedVariables false`
2026-10-07T22:21:00.2536906Z warning: OIBridge/DitaTorusLocus.lean:4274:6: Variable name `dgT` is not explicitly referenced.
2026-10-07T22:21:00.2536953Z 
2026-10-07T22:21:00.2537657Z Hint: The binding can be removed (if unused) or named `_` (if used implicitly). Alternatively, prefix the name with `_` to silence this warning:
2026-10-07T22:21:00.2537800Z   [apply] _dgT
2026-10-07T22:21:00.2537804Z 
2026-10-07T22:21:00.2538149Z Note: This linter can be disabled with `set_option linter.unusedVariables false`
2026-10-07T22:21:00.2538603Z warning: OIBridge/DitaTorusLocus.lean:4278:6: Variable name `dita28` is not explicitly referenced.
2026-10-07T22:21:00.2538608Z 
2026-10-07T22:21:00.2539253Z Hint: The binding can be removed (if unused) or named `_` (if used implicitly). Alternatively, prefix the name with `_` to silence this warning:
2026-10-07T22:21:00.2539388Z   [apply] _dita28
2026-10-07T22:21:00.2539394Z 
2026-10-07T22:21:00.2539728Z Note: This linter can be disabled with `set_option linter.unusedVariables false`
2026-10-07T22:21:00.2540181Z warning: OIBridge/DitaTorusLocus.lean:4281:6: Variable name `dita82` is not explicitly referenced.
2026-10-07T22:21:00.2540186Z 
2026-10-07T22:21:00.2540822Z Hint: The binding can be removed (if unused) or named `_` (if used implicitly). Alternatively, prefix the name with `_` to silence this warning:
2026-10-07T22:21:00.2540943Z   [apply] _dita82
2026-10-07T22:21:00.2540948Z 
2026-10-07T22:21:00.2541349Z Note: This linter can be disabled with `set_option linter.unusedVariables false`
2026-10-07T22:21:00.2541835Z warning: OIBridge/DitaTorusLocus.lean:4288:6: Variable name `P` is not explicitly referenced.
2026-10-07T22:21:00.2541841Z 
2026-10-07T22:21:00.2542478Z Hint: The binding can be removed (if unused) or named `_` (if used implicitly). Alternatively, prefix the name with `_` to silence this warning:
2026-10-07T22:21:00.2542566Z   [apply] _P
2026-10-07T22:21:00.2542570Z 
2026-10-07T22:21:00.2543173Z Note: This linter can be disabled with `set_option linter.unusedVariables false`
2026-10-07T22:21:00.2543598Z warning: OIBridge/DitaTorusLocus.lean:4291:6: Variable name `ditak1` is not explicitly referenced.
2026-10-07T22:21:00.2543603Z 
2026-10-07T22:21:00.2544013Z Hint: The binding can be removed (if unused) or named `_` (if used implicitly). Alternatively, prefix the name with `_` to silence this warning:
2026-10-07T22:21:00.2544180Z   [apply] _ditak1
2026-10-07T22:21:00.2544186Z 
2026-10-07T22:21:00.2544593Z Note: This linter can be disabled with `set_option linter.unusedVariables false`
2026-10-07T22:21:00.2545138Z warning: OIBridge/DitaTorusLocus.lean:4294:6: Variable name `ditak2` is not explicitly referenced.
2026-10-07T22:21:00.2545147Z 
2026-10-07T22:21:00.2545611Z Hint: The binding can be removed (if unused) or named `_` (if used implicitly). Alternatively, prefix the name with `_` to silence this warning:
2026-10-07T22:21:00.2545696Z   [apply] _ditak2
2026-10-07T22:21:00.2545700Z 
2026-10-07T22:21:00.2545906Z Note: This linter can be disabled with `set_option linter.unusedVariables false`
2026-10-07T22:21:00.2546185Z warning: OIBridge/DitaTorusLocus.lean:4297:6: Variable name `ditak3` is not explicitly referenced.
2026-10-07T22:21:00.2546188Z 
2026-10-07T22:21:00.2546624Z Hint: The binding can be removed (if unused) or named `_` (if used implicitly). Alternatively, prefix the name with `_` to silence this warning:
2026-10-07T22:21:00.2546824Z   [apply] _ditak3
2026-10-07T22:21:00.2546861Z 
2026-10-07T22:21:00.2547267Z Note: This linter can be disabled with `set_option linter.unusedVariables false`
2026-10-07T22:21:00.2547779Z warning: OIBridge/DitaTorusLocus.lean:4300:6: Variable name `ditak4` is not explicitly referenced.
2026-10-07T22:21:00.2547786Z 
2026-10-07T22:21:00.2548284Z Hint: The binding can be removed (if unused) or named `_` (if used implicitly). Alternatively, prefix the name with `_` to silence this warning:
2026-10-07T22:21:00.2548371Z   [apply] _ditak4
2026-10-07T22:21:00.2548374Z 
2026-10-07T22:21:00.2548591Z Note: This linter can be disabled with `set_option linter.unusedVariables false`
2026-10-07T22:21:00.2548861Z warning: OIBridge/DitaTorusLocus.lean:4303:6: Variable name `ditae1` is not explicitly referenced.
2026-10-07T22:21:00.2548865Z 
2026-10-07T22:21:00.2549398Z Hint: The binding can be removed (if unused) or named `_` (if used implicitly). Alternatively, prefix the name with `_` to silence this warning:
2026-10-07T22:21:00.2549557Z   [apply] _ditae1
2026-10-07T22:21:00.2549563Z 
2026-10-07T22:21:00.2549977Z Note: This linter can be disabled with `set_option linter.unusedVariables false`
2026-10-07T22:21:00.2550506Z warning: OIBridge/DitaTorusLocus.lean:4309:6: Variable name `ditat2` is not explicitly referenced.
2026-10-07T22:21:00.2550517Z 
2026-10-07T22:21:00.2550954Z Hint: The binding can be removed (if unused) or named `_` (if used implicitly). Alternatively, prefix the name with `_` to silence this warning:
2026-10-07T22:21:00.2551036Z   [apply] _ditat2
2026-10-07T22:21:00.2551040Z 
2026-10-07T22:21:00.2551259Z Note: This linter can be disabled with `set_option linter.unusedVariables false`
2026-10-07T22:21:00.2551541Z warning: OIBridge/DitaTorusLocus.lean:4312:6: Variable name `ditat3` is not explicitly referenced.
2026-10-07T22:21:00.2551545Z 
2026-10-07T22:21:00.2552033Z Hint: The binding can be removed (if unused) or named `_` (if used implicitly). Alternatively, prefix the name with `_` to silence this warning:
2026-10-07T22:21:00.2552148Z   [apply] _ditat3
2026-10-07T22:21:00.2552152Z 
2026-10-07T22:21:00.2552545Z Note: This linter can be disabled with `set_option linter.unusedVariables false`
2026-10-07T22:21:00.2553111Z warning: OIBridge/DitaTorusLocus.lean:4314:6: Variable name `Hu` is not explicitly referenced.
2026-10-07T22:21:00.2553122Z 
2026-10-07T22:21:00.2553527Z Hint: The binding can be removed (if unused) or named `_` (if used implicitly). Alternatively, prefix the name with `_` to silence this warning:
2026-10-07T22:21:00.2553610Z   [apply] _Hu
2026-10-07T22:21:00.2553614Z 
2026-10-07T22:21:00.2553828Z Note: This linter can be disabled with `set_option linter.unusedVariables false`
2026-10-07T22:21:00.2554198Z warning: OIBridge/DitaTorusLocus.lean:4321:6: Variable name `ditamc` is not explicitly referenced.
2026-10-07T22:21:00.2554202Z 
2026-10-07T22:21:00.2554609Z Hint: The binding can be removed (if unused) or named `_` (if used implicitly). Alternatively, prefix the name with `_` to silence this warning:
2026-10-07T22:21:00.2554791Z   [apply] _ditamc
2026-10-07T22:21:00.2554798Z 
2026-10-07T22:21:00.2555194Z Note: This linter can be disabled with `set_option linter.unusedVariables false`
2026-10-07T22:21:00.2555707Z warning: OIBridge/DitaTorusLocus.lean:4324:6: Variable name `ditamr` is not explicitly referenced.
2026-10-07T22:21:00.2555716Z 
2026-10-07T22:21:00.2556184Z Hint: The binding can be removed (if unused) or named `_` (if used implicitly). Alternatively, prefix the name with `_` to silence this warning:
2026-10-07T22:21:00.2556264Z   [apply] _ditamr
2026-10-07T22:21:00.2556268Z 
2026-10-07T22:21:00.2556477Z Note: This linter can be disabled with `set_option linter.unusedVariables false`
2026-10-07T22:21:00.2556965Z info: OIBridge/DitaTorusLocus.lean:4331:0: 'OIBridge.DitaTorusLocus.a40_shared_excl_e2_c' depends on axioms: [propext, Classical.choice, Quot.sound]
2026-10-07T22:21:00.2557234Z warning: OIBridge/DitaTorusLocus.lean:4339:6: Variable name `pt` is not explicitly referenced.
2026-10-07T22:21:00.2557334Z 
2026-10-07T22:21:00.2557876Z Hint: The binding can be removed (if unused) or named `_` (if used implicitly). Alternatively, prefix the name with `_` to silence this warning:
2026-10-07T22:21:00.2557965Z   [apply] _pt
2026-10-07T22:21:00.2557969Z 
2026-10-07T22:21:00.2558367Z Note: This linter can be disabled with `set_option linter.unusedVariables false`
2026-10-07T22:21:00.2558678Z warning: OIBridge/DitaTorusLocus.lean:4343:6: Variable name `S` is not explicitly referenced.
2026-10-07T22:21:00.2558683Z 
2026-10-07T22:21:00.2559113Z Hint: The binding can be removed (if unused) or named `_` (if used implicitly). Alternatively, prefix the name with `_` to silence this warning:
2026-10-07T22:21:00.2559195Z   [apply] _S
2026-10-07T22:21:00.2559199Z 
2026-10-07T22:21:00.2559411Z Note: This linter can be disabled with `set_option linter.unusedVariables false`
2026-10-07T22:21:00.2559769Z warning: OIBridge/DitaTorusLocus.lean:4344:6: Variable name `tor` is not explicitly referenced.
2026-10-07T22:21:00.2559777Z 
2026-10-07T22:21:00.2560181Z Hint: The binding can be removed (if unused) or named `_` (if used implicitly). Alternatively, prefix the name with `_` to silence this warning:
2026-10-07T22:21:00.2560367Z   [apply] _tor
2026-10-07T22:21:00.2560375Z 
2026-10-07T22:21:00.2560772Z Note: This linter can be disabled with `set_option linter.unusedVariables false`
2026-10-07T22:21:00.2561254Z warning: OIBridge/DitaTorusLocus.lean:4345:6: Variable name `adj` is not explicitly referenced.
2026-10-07T22:21:00.2561259Z 
2026-10-07T22:21:00.2561669Z Hint: The binding can be removed (if unused) or named `_` (if used implicitly). Alternatively, prefix the name with `_` to silence this warning:
2026-10-07T22:21:00.2561757Z   [apply] _adj
2026-10-07T22:21:00.2561760Z 
2026-10-07T22:21:00.2561964Z Note: This linter can be disabled with `set_option linter.unusedVariables false`
2026-10-07T22:21:00.2562343Z warning: OIBridge/DitaTorusLocus.lean:4346:6: Variable name `μ` is not explicitly referenced.
2026-10-07T22:21:00.2562350Z 
2026-10-07T22:21:00.2563199Z Hint: The binding can be removed (if unused) or named `_` (if used implicitly). Alternatively, prefix the name with `_` to silence this warning:
2026-10-07T22:21:00.2563403Z   [apply] _μ
2026-10-07T22:21:00.2563418Z 
2026-10-07T22:21:00.2563802Z Note: This linter can be disabled with `set_option linter.unusedVariables false`
2026-10-07T22:21:00.2564243Z warning: OIBridge/DitaTorusLocus.lean:4348:6: Variable name `N` is not explicitly referenced.
2026-10-07T22:21:00.2564252Z 
2026-10-07T22:21:00.2564679Z Hint: The binding can be removed (if unused) or named `_` (if used implicitly). Alternatively, prefix the name with `_` to silence this warning:
2026-10-07T22:21:00.2564856Z   [apply] _N
2026-10-07T22:21:00.2564860Z 
2026-10-07T22:21:00.2565073Z Note: This linter can be disabled with `set_option linter.unusedVariables false`
2026-10-07T22:21:00.2565444Z warning: OIBridge/DitaTorusLocus.lean:4353:6: Variable name `Δc` is not explicitly referenced.
2026-10-07T22:21:00.2565451Z 
2026-10-07T22:21:00.2566062Z Hint: The binding can be removed (if unused) or named `_` (if used implicitly). Alternatively, prefix the name with `_` to silence this warning:
2026-10-07T22:21:00.2566269Z   [apply] _Δc
2026-10-07T22:21:00.2566276Z 
2026-10-07T22:21:00.2566549Z Note: This linter can be disabled with `set_option linter.unusedVariables false`
2026-10-07T22:21:00.2566897Z warning: OIBridge/DitaTorusLocus.lean:4354:6: Variable name `Δr` is not explicitly referenced.
2026-10-07T22:21:00.2566901Z 
2026-10-07T22:21:00.2567309Z Hint: The binding can be removed (if unused) or named `_` (if used implicitly). Alternatively, prefix the name with `_` to silence this warning:
2026-10-07T22:21:00.2567419Z   [apply] _Δr
2026-10-07T22:21:00.2567423Z 
2026-10-07T22:21:00.2567630Z Note: This linter can be disabled with `set_option linter.unusedVariables false`
2026-10-07T22:21:00.2567939Z warning: OIBridge/DitaTorusLocus.lean:4357:6: Variable name `dgT` is not explicitly referenced.
2026-10-07T22:21:00.2568075Z 
2026-10-07T22:21:00.2568865Z Hint: The binding can be removed (if unused) or named `_` (if used implicitly). Alternatively, prefix the name with `_` to silence this warning:
2026-10-07T22:21:00.2569020Z   [apply] _dgT
2026-10-07T22:21:00.2569027Z 
2026-10-07T22:21:00.2569330Z Note: This linter can be disabled with `set_option linter.unusedVariables false`
2026-10-07T22:21:00.2569619Z warning: OIBridge/DitaTorusLocus.lean:4361:6: Variable name `dita28` is not explicitly referenced.
2026-10-07T22:21:00.2569623Z 
2026-10-07T22:21:00.2570036Z Hint: The binding can be removed (if unused) or named `_` (if used implicitly). Alternatively, prefix the name with `_` to silence this warning:
2026-10-07T22:21:00.2570127Z   [apply] _dita28
2026-10-07T22:21:00.2570131Z 
2026-10-07T22:21:00.2570346Z Note: This linter can be disabled with `set_option linter.unusedVariables false`
2026-10-07T22:21:00.2570989Z warning: OIBridge/DitaTorusLocus.lean:4364:6: Variable name `dita82` is not explicitly referenced.
2026-10-07T22:21:00.2571032Z 
2026-10-07T22:21:00.2571812Z Hint: The binding can be removed (if unused) or named `_` (if used implicitly). Alternatively, prefix the name with `_` to silence this warning:
2026-10-07T22:21:00.2571980Z   [apply] _dita82
2026-10-07T22:21:00.2571988Z 
2026-10-07T22:21:00.2572212Z Note: This linter can be disabled with `set_option linter.unusedVariables false`
2026-10-07T22:21:00.2572496Z warning: OIBridge/DitaTorusLocus.lean:4371:6: Variable name `P` is not explicitly referenced.
2026-10-07T22:21:00.2572500Z 
2026-10-07T22:21:00.2573175Z Hint: The binding can be removed (if unused) or named `_` (if used implicitly). Alternatively, prefix the name with `_` to silence this warning:
2026-10-07T22:21:00.2573264Z   [apply] _P
2026-10-07T22:21:00.2573269Z 
2026-10-07T22:21:00.2573484Z Note: This linter can be disabled with `set_option linter.unusedVariables false`
2026-10-07T22:21:00.2573886Z warning: OIBridge/DitaTorusLocus.lean:4374:6: Variable name `ditak1` is not explicitly referenced.
2026-10-07T22:21:00.2573893Z 
2026-10-07T22:21:00.2574731Z Hint: The binding can be removed (if unused) or named `_` (if used implicitly). Alternatively, prefix the name with `_` to silence this warning:
2026-10-07T22:21:00.2574838Z   [apply] _ditak1
2026-10-07T22:21:00.2574843Z 
2026-10-07T22:21:00.2575068Z Note: This linter can be disabled with `set_option linter.unusedVariables false`
2026-10-07T22:21:00.2575347Z warning: OIBridge/DitaTorusLocus.lean:4377:6: Variable name `ditak2` is not explicitly referenced.
2026-10-07T22:21:00.2575360Z 
2026-10-07T22:21:00.2575766Z Hint: The binding can be removed (if unused) or named `_` (if used implicitly). Alternatively, prefix the name with `_` to silence this warning:
2026-10-07T22:21:00.2575922Z   [apply] _ditak2
2026-10-07T22:21:00.2575925Z 
2026-10-07T22:21:00.2576139Z Note: This linter can be disabled with `set_option linter.unusedVariables false`
2026-10-07T22:21:00.2576634Z warning: OIBridge/DitaTorusLocus.lean:4380:6: Variable name `ditak3` is not explicitly referenced.
2026-10-07T22:21:00.2576645Z 
2026-10-07T22:21:00.2577283Z Hint: The binding can be removed (if unused) or named `_` (if used implicitly). Alternatively, prefix the name with `_` to silence this warning:
2026-10-07T22:21:00.2577379Z   [apply] _ditak3
2026-10-07T22:21:00.2577384Z 
2026-10-07T22:21:00.2577596Z Note: This linter can be disabled with `set_option linter.unusedVariables false`
2026-10-07T22:21:00.2577881Z warning: OIBridge/DitaTorusLocus.lean:4383:6: Variable name `ditak4` is not explicitly referenced.
2026-10-07T22:21:00.2577885Z 
2026-10-07T22:21:00.2578382Z Hint: The binding can be removed (if unused) or named `_` (if used implicitly). Alternatively, prefix the name with `_` to silence this warning:
2026-10-07T22:21:00.2578530Z   [apply] _ditak4
2026-10-07T22:21:00.2578536Z 
2026-10-07T22:21:00.2578794Z Note: This linter can be disabled with `set_option linter.unusedVariables false`
2026-10-07T22:21:00.2579074Z warning: OIBridge/DitaTorusLocus.lean:4386:6: Variable name `ditae1` is not explicitly referenced.
2026-10-07T22:21:00.2579177Z 
2026-10-07T22:21:00.2579912Z Hint: The binding can be removed (if unused) or named `_` (if used implicitly). Alternatively, prefix the name with `_` to silence this warning:
2026-10-07T22:21:00.2580073Z   [apply] _ditae1
2026-10-07T22:21:00.2580080Z 
2026-10-07T22:21:00.2580337Z Note: This linter can be disabled with `set_option linter.unusedVariables false`
2026-10-07T22:21:00.2580613Z warning: OIBridge/DitaTorusLocus.lean:4392:6: Variable name `ditat2` is not explicitly referenced.
2026-10-07T22:21:00.2580617Z 
2026-10-07T22:21:00.2581025Z Hint: The binding can be removed (if unused) or named `_` (if used implicitly). Alternatively, prefix the name with `_` to silence this warning:
2026-10-07T22:21:00.2581113Z   [apply] _ditat2
2026-10-07T22:21:00.2581117Z 
2026-10-07T22:21:00.2581322Z Note: This linter can be disabled with `set_option linter.unusedVariables false`
2026-10-07T22:21:00.2581688Z warning: OIBridge/DitaTorusLocus.lean:4395:6: Variable name `ditat3` is not explicitly referenced.
2026-10-07T22:21:00.2581696Z 
2026-10-07T22:21:00.2582284Z Hint: The binding can be removed (if unused) or named `_` (if used implicitly). Alternatively, prefix the name with `_` to silence this warning:
2026-10-07T22:21:00.2582420Z   [apply] _ditat3
2026-10-07T22:21:00.2582426Z 
2026-10-07T22:21:00.2582977Z Note: This linter can be disabled with `set_option linter.unusedVariables false`
2026-10-07T22:21:00.2583420Z warning: OIBridge/DitaTorusLocus.lean:4397:6: Variable name `Hu` is not explicitly referenced.
2026-10-07T22:21:00.2583426Z 
2026-10-07T22:21:00.2584061Z Hint: The binding can be removed (if unused) or named `_` (if used implicitly). Alternatively, prefix the name with `_` to silence this warning:
2026-10-07T22:21:00.2584190Z   [apply] _Hu
2026-10-07T22:21:00.2584194Z 
2026-10-07T22:21:00.2584526Z Note: This linter can be disabled with `set_option linter.unusedVariables false`
2026-10-07T22:21:00.2584982Z warning: OIBridge/DitaTorusLocus.lean:4404:6: Variable name `ditamc` is not explicitly referenced.
2026-10-07T22:21:00.2584996Z 
2026-10-07T22:21:00.2585767Z Hint: The binding can be removed (if unused) or named `_` (if used implicitly). Alternatively, prefix the name with `_` to silence this warning:
2026-10-07T22:21:00.2585902Z   [apply] _ditamc
2026-10-07T22:21:00.2585906Z 
2026-10-07T22:21:00.2586245Z Note: This linter can be disabled with `set_option linter.unusedVariables false`
2026-10-07T22:21:00.2586678Z warning: OIBridge/DitaTorusLocus.lean:4407:6: Variable name `ditamr` is not explicitly referenced.
2026-10-07T22:21:00.2586684Z 
2026-10-07T22:21:00.2587315Z Hint: The binding can be removed (if unused) or named `_` (if used implicitly). Alternatively, prefix the name with `_` to silence this warning:
2026-10-07T22:21:00.2587541Z   [apply] _ditamr
2026-10-07T22:21:00.2587546Z 
2026-10-07T22:21:00.2587873Z Note: This linter can be disabled with `set_option linter.unusedVariables false`
2026-10-07T22:21:00.2588613Z info: OIBridge/DitaTorusLocus.lean:4414:0: 'OIBridge.DitaTorusLocus.a40_shared_excl_e2_r' depends on axioms: [propext, Classical.choice, Quot.sound]
2026-10-07T22:21:00.2589047Z warning: OIBridge/DitaTorusLocus.lean:4422:6: Variable name `pt` is not explicitly referenced.
2026-10-07T22:21:00.2589053Z 
2026-10-07T22:21:00.2589703Z Hint: The binding can be removed (if unused) or named `_` (if used implicitly). Alternatively, prefix the name with `_` to silence this warning:
2026-10-07T22:21:00.2589829Z   [apply] _pt
2026-10-07T22:21:00.2589834Z 
2026-10-07T22:21:00.2590172Z Note: This linter can be disabled with `set_option linter.unusedVariables false`
2026-10-07T22:21:00.2590580Z warning: OIBridge/DitaTorusLocus.lean:4426:6: Variable name `S` is not explicitly referenced.
2026-10-07T22:21:00.2590588Z 
2026-10-07T22:21:00.2591226Z Hint: The binding can be removed (if unused) or named `_` (if used implicitly). Alternatively, prefix the name with `_` to silence this warning:
2026-10-07T22:21:00.2591355Z   [apply] _S
2026-10-07T22:21:00.2591450Z 
2026-10-07T22:21:00.2591790Z Note: This linter can be disabled with `set_option linter.unusedVariables false`
2026-10-07T22:21:00.2592272Z warning: OIBridge/DitaTorusLocus.lean:4427:6: Variable name `tor` is not explicitly referenced.
2026-10-07T22:21:00.2592278Z 
2026-10-07T22:21:00.2593113Z Hint: The binding can be removed (if unused) or named `_` (if used implicitly). Alternatively, prefix the name with `_` to silence this warning:
2026-10-07T22:21:00.2593241Z   [apply] _tor
2026-10-07T22:21:00.2593247Z 
2026-10-07T22:21:00.2593583Z Note: This linter can be disabled with `set_option linter.unusedVariables false`
2026-10-07T22:21:00.2594013Z warning: OIBridge/DitaTorusLocus.lean:4428:6: Variable name `adj` is not explicitly referenced.
2026-10-07T22:21:00.2594023Z 
2026-10-07T22:21:00.2594654Z Hint: The binding can be removed (if unused) or named `_` (if used implicitly). Alternatively, prefix the name with `_` to silence this warning:
2026-10-07T22:21:00.2594880Z   [apply] _adj
2026-10-07T22:21:00.2594890Z 
2026-10-07T22:21:00.2595231Z Note: This linter can be disabled with `set_option linter.unusedVariables false`
2026-10-07T22:21:00.2595791Z warning: OIBridge/DitaTorusLocus.lean:4429:6: Variable name `μ` is not explicitly referenced.
2026-10-07T22:21:00.2595797Z 
2026-10-07T22:21:00.2596436Z Hint: The binding can be removed (if unused) or named `_` (if used implicitly). Alternatively, prefix the name with `_` to silence this warning:
2026-10-07T22:21:00.2596580Z   [apply] _μ
2026-10-07T22:21:00.2596585Z 
2026-10-07T22:21:00.2596906Z Note: This linter can be disabled with `set_option linter.unusedVariables false`
2026-10-07T22:21:00.2597316Z warning: OIBridge/DitaTorusLocus.lean:4431:6: Variable name `N` is not explicitly referenced.
2026-10-07T22:21:00.2597327Z 
2026-10-07T22:21:00.2597960Z Hint: The binding can be removed (if unused) or named `_` (if used implicitly). Alternatively, prefix the name with `_` to silence this warning:
2026-10-07T22:21:00.2598083Z   [apply] _N
2026-10-07T22:21:00.2598099Z 
2026-10-07T22:21:00.2598434Z Note: This linter can be disabled with `set_option linter.unusedVariables false`
2026-10-07T22:21:00.2599099Z warning: OIBridge/DitaTorusLocus.lean:4436:6: Variable name `Δc` is not explicitly referenced.
2026-10-07T22:21:00.2599106Z 
2026-10-07T22:21:00.2599784Z Hint: The binding can be removed (if unused) or named `_` (if used implicitly). Alternatively, prefix the name with `_` to silence this warning:
2026-10-07T22:21:00.2599971Z   [apply] _Δc
2026-10-07T22:21:00.2599978Z 
2026-10-07T22:21:00.2600342Z Note: This linter can be disabled with `set_option linter.unusedVariables false`
2026-10-07T22:21:00.2600949Z warning: OIBridge/DitaTorusLocus.lean:4437:6: Variable name `Δr` is not explicitly referenced.
2026-10-07T22:21:00.2601052Z 
2026-10-07T22:21:00.2601746Z Hint: The binding can be removed (if unused) or named `_` (if used implicitly). Alternatively, prefix the name with `_` to silence this warning:
2026-10-07T22:21:00.2601930Z   [apply] _Δr
2026-10-07T22:21:00.2601939Z 
2026-10-07T22:21:00.2602287Z Note: This linter can be disabled with `set_option linter.unusedVariables false`
2026-10-07T22:21:00.2602962Z warning: OIBridge/DitaTorusLocus.lean:4440:6: Variable name `dgT` is not explicitly referenced.
2026-10-07T22:21:00.2602970Z 
2026-10-07T22:21:00.2603661Z Hint: The binding can be removed (if unused) or named `_` (if used implicitly). Alternatively, prefix the name with `_` to silence this warning:
2026-10-07T22:21:00.2603812Z   [apply] _dgT
2026-10-07T22:21:00.2603818Z 
2026-10-07T22:21:00.2604190Z Note: This linter can be disabled with `set_option linter.unusedVariables false`
2026-10-07T22:21:00.2604704Z warning: OIBridge/DitaTorusLocus.lean:4447:6: Variable name `dita82` is not explicitly referenced.
2026-10-07T22:21:00.2604723Z 
2026-10-07T22:21:00.2605474Z Hint: The binding can be removed (if unused) or named `_` (if used implicitly). Alternatively, prefix the name with `_` to silence this warning:
2026-10-07T22:21:00.2605635Z   [apply] _dita82
2026-10-07T22:21:00.2605755Z 
2026-10-07T22:21:00.2606150Z Note: This linter can be disabled with `set_option linter.unusedVariables false`
2026-10-07T22:21:00.2606636Z warning: OIBridge/DitaTorusLocus.lean:4454:6: Variable name `P` is not explicitly referenced.
2026-10-07T22:21:00.2606643Z 
2026-10-07T22:21:00.2607382Z Hint: The binding can be removed (if unused) or named `_` (if used implicitly). Alternatively, prefix the name with `_` to silence this warning:
2026-10-07T22:21:00.2607559Z   [apply] _P
2026-10-07T22:21:00.2607566Z 
2026-10-07T22:21:00.2607974Z Note: This linter can be disabled with `set_option linter.unusedVariables false`
2026-10-07T22:21:00.2608494Z warning: OIBridge/DitaTorusLocus.lean:4457:6: Variable name `ditak1` is not explicitly referenced.
2026-10-07T22:21:00.2608507Z 
2026-10-07T22:21:00.2609278Z Hint: The binding can be removed (if unused) or named `_` (if used implicitly). Alternatively, prefix the name with `_` to silence this warning:
2026-10-07T22:21:00.2609531Z   [apply] _ditak1
2026-10-07T22:21:00.2609545Z 
2026-10-07T22:21:00.2609956Z Note: This linter can be disabled with `set_option linter.unusedVariables false`
2026-10-07T22:21:00.2610486Z warning: OIBridge/DitaTorusLocus.lean:4460:6: Variable name `ditak2` is not explicitly referenced.
2026-10-07T22:21:00.2610493Z 
2026-10-07T22:21:00.2611283Z Hint: The binding can be removed (if unused) or named `_` (if used implicitly). Alternatively, prefix the name with `_` to silence this warning:
2026-10-07T22:21:00.2611508Z   [apply] _ditak2
2026-10-07T22:21:00.2611515Z 
2026-10-07T22:21:00.2611932Z Note: This linter can be disabled with `set_option linter.unusedVariables false`
2026-10-07T22:21:00.2612435Z warning: OIBridge/DitaTorusLocus.lean:4463:6: Variable name `ditak3` is not explicitly referenced.
2026-10-07T22:21:00.2612444Z 
2026-10-07T22:21:00.2613324Z Hint: The binding can be removed (if unused) or named `_` (if used implicitly). Alternatively, prefix the name with `_` to silence this warning:
2026-10-07T22:21:00.2613463Z   [apply] _ditak3
2026-10-07T22:21:00.2613469Z 
2026-10-07T22:21:00.2613920Z Note: This linter can be disabled with `set_option linter.unusedVariables false`
2026-10-07T22:21:00.2614367Z warning: OIBridge/DitaTorusLocus.lean:4466:6: Variable name `ditak4` is not explicitly referenced.
2026-10-07T22:21:00.2614378Z 
2026-10-07T22:21:00.2615020Z Hint: The binding can be removed (if unused) or named `_` (if used implicitly). Alternatively, prefix the name with `_` to silence this warning:
2026-10-07T22:21:00.2615152Z   [apply] _ditak4
2026-10-07T22:21:00.2615157Z 
2026-10-07T22:21:00.2615502Z Note: This linter can be disabled with `set_option linter.unusedVariables false`
2026-10-07T22:21:00.2615971Z warning: OIBridge/DitaTorusLocus.lean:4469:6: Variable name `ditae1` is not explicitly referenced.
2026-10-07T22:21:00.2616071Z 
2026-10-07T22:21:00.2616756Z Hint: The binding can be removed (if unused) or named `_` (if used implicitly). Alternatively, prefix the name with `_` to silence this warning:
2026-10-07T22:21:00.2616893Z   [apply] _ditae1
2026-10-07T22:21:00.2616898Z 
2026-10-07T22:21:00.2617241Z Note: This linter can be disabled with `set_option linter.unusedVariables false`
2026-10-07T22:21:00.2617693Z warning: OIBridge/DitaTorusLocus.lean:4472:6: Variable name `ditae2` is not explicitly referenced.
2026-10-07T22:21:00.2617699Z 
2026-10-07T22:21:00.2618379Z Hint: The binding can be removed (if unused) or named `_` (if used implicitly). Alternatively, prefix the name with `_` to silence this warning:
2026-10-07T22:21:00.2618513Z   [apply] _ditae2
2026-10-07T22:21:00.2618518Z 
2026-10-07T22:21:00.2618860Z Note: This linter can be disabled with `set_option linter.unusedVariables false`
2026-10-07T22:21:00.2619320Z warning: OIBridge/DitaTorusLocus.lean:4475:6: Variable name `ditat2` is not explicitly referenced.
2026-10-07T22:21:00.2619326Z 
2026-10-07T22:21:00.2620007Z Hint: The binding can be removed (if unused) or named `_` (if used implicitly). Alternatively, prefix the name with `_` to silence this warning:
2026-10-07T22:21:00.2620282Z   [apply] _ditat2
2026-10-07T22:21:00.2620287Z 
2026-10-07T22:21:00.2620636Z Note: This linter can be disabled with `set_option linter.unusedVariables false`
2026-10-07T22:21:00.2621095Z warning: OIBridge/DitaTorusLocus.lean:4478:6: Variable name `ditat3` is not explicitly referenced.
2026-10-07T22:21:00.2621101Z 
2026-10-07T22:21:00.2621767Z Hint: The binding can be removed (if unused) or named `_` (if used implicitly). Alternatively, prefix the name with `_` to silence this warning:
2026-10-07T22:21:00.2621897Z   [apply] _ditat3
2026-10-07T22:21:00.2621902Z 
2026-10-07T22:21:00.2622228Z Note: This linter can be disabled with `set_option linter.unusedVariables false`
2026-10-07T22:21:00.2622822Z warning: OIBridge/DitaTorusLocus.lean:4480:6: Variable name `Hu` is not explicitly referenced.
2026-10-07T22:21:00.2622828Z 
2026-10-07T22:21:00.2623550Z Hint: The binding can be removed (if unused) or named `_` (if used implicitly). Alternatively, prefix the name with `_` to silence this warning:
2026-10-07T22:21:00.2623713Z   [apply] _Hu
2026-10-07T22:21:00.2623719Z 
2026-10-07T22:21:00.2624045Z Note: This linter can be disabled with `set_option linter.unusedVariables false`
2026-10-07T22:21:00.2624475Z warning: OIBridge/DitaTorusLocus.lean:4487:6: Variable name `ditamc` is not explicitly referenced.
2026-10-07T22:21:00.2624481Z 
2026-10-07T22:21:00.2625113Z Hint: The binding can be removed (if unused) or named `_` (if used implicitly). Alternatively, prefix the name with `_` to silence this warning:
2026-10-07T22:21:00.2625243Z   [apply] _ditamc
2026-10-07T22:21:00.2625247Z 
2026-10-07T22:21:00.2625577Z Note: This linter can be disabled with `set_option linter.unusedVariables false`
2026-10-07T22:21:00.2626009Z warning: OIBridge/DitaTorusLocus.lean:4490:6: Variable name `ditamr` is not explicitly referenced.
2026-10-07T22:21:00.2626019Z 
2026-10-07T22:21:00.2626667Z Hint: The binding can be removed (if unused) or named `_` (if used implicitly). Alternatively, prefix the name with `_` to silence this warning:
2026-10-07T22:21:00.2626795Z   [apply] _ditamr
2026-10-07T22:21:00.2626801Z 
2026-10-07T22:21:00.2627220Z Note: This linter can be disabled with `set_option linter.unusedVariables false`
2026-10-07T22:21:00.2627970Z info: OIBridge/DitaTorusLocus.lean:4497:0: 'OIBridge.DitaTorusLocus.a40_shared_excl_t1_c' depends on axioms: [propext, Classical.choice, Quot.sound]
2026-10-07T22:21:00.2628390Z warning: OIBridge/DitaTorusLocus.lean:4505:6: Variable name `pt` is not explicitly referenced.
2026-10-07T22:21:00.2628396Z 
2026-10-07T22:21:00.2629041Z Hint: The binding can be removed (if unused) or named `_` (if used implicitly). Alternatively, prefix the name with `_` to silence this warning:
2026-10-07T22:21:00.2629255Z   [apply] _pt
2026-10-07T22:21:00.2629260Z 
2026-10-07T22:21:00.2629590Z Note: This linter can be disabled with `set_option linter.unusedVariables false`
2026-10-07T22:21:00.2630011Z warning: OIBridge/DitaTorusLocus.lean:4509:6: Variable name `S` is not explicitly referenced.
2026-10-07T22:21:00.2630020Z 
2026-10-07T22:21:00.2630656Z Hint: The binding can be removed (if unused) or named `_` (if used implicitly). Alternatively, prefix the name with `_` to silence this warning:
2026-10-07T22:21:00.2630777Z   [apply] _S
2026-10-07T22:21:00.2630782Z 
2026-10-07T22:21:00.2631115Z Note: This linter can be disabled with `set_option linter.unusedVariables false`
2026-10-07T22:21:00.2631545Z warning: OIBridge/DitaTorusLocus.lean:4510:6: Variable name `tor` is not explicitly referenced.
2026-10-07T22:21:00.2631551Z 
2026-10-07T22:21:00.2632196Z Hint: The binding can be removed (if unused) or named `_` (if used implicitly). Alternatively, prefix the name with `_` to silence this warning:
2026-10-07T22:21:00.2632366Z   [apply] _tor
2026-10-07T22:21:00.2632374Z 
2026-10-07T22:21:00.2632854Z Note: This linter can be disabled with `set_option linter.unusedVariables false`
2026-10-07T22:21:00.2633284Z warning: OIBridge/DitaTorusLocus.lean:4511:6: Variable name `adj` is not explicitly referenced.
2026-10-07T22:21:00.2633382Z 
2026-10-07T22:21:00.2634034Z Hint: The binding can be removed (if unused) or named `_` (if used implicitly). Alternatively, prefix the name with `_` to silence this warning:
2026-10-07T22:21:00.2634182Z   [apply] _adj
2026-10-07T22:21:00.2634188Z 
2026-10-07T22:21:00.2634520Z Note: This linter can be disabled with `set_option linter.unusedVariables false`
2026-10-07T22:21:00.2635087Z warning: OIBridge/DitaTorusLocus.lean:4512:6: Variable name `μ` is not explicitly referenced.
2026-10-07T22:21:00.2635094Z 
2026-10-07T22:21:00.2635701Z Hint: The binding can be removed (if unused) or named `_` (if used implicitly). Alternatively, prefix the name with `_` to silence this warning:
2026-10-07T22:21:00.2635859Z   [apply] _μ
2026-10-07T22:21:00.2635864Z 
2026-10-07T22:21:00.2636203Z Note: This linter can be disabled with `set_option linter.unusedVariables false`
2026-10-07T22:21:00.2636693Z warning: OIBridge/DitaTorusLocus.lean:4514:6: Variable name `N` is not explicitly referenced.
2026-10-07T22:21:00.2636706Z 
2026-10-07T22:21:00.2637346Z Hint: The binding can be removed (if unused) or named `_` (if used implicitly). Alternatively, prefix the name with `_` to silence this warning:
2026-10-07T22:21:00.2637466Z   [apply] _N
2026-10-07T22:21:00.2637471Z 
2026-10-07T22:21:00.2637768Z Note: This linter can be disabled with `set_option linter.unusedVariables false`
2026-10-07T22:21:00.2638264Z warning: OIBridge/DitaTorusLocus.lean:4519:6: Variable name `Δc` is not explicitly referenced.
2026-10-07T22:21:00.2638269Z 
2026-10-07T22:21:00.2638910Z Hint: The binding can be removed (if unused) or named `_` (if used implicitly). Alternatively, prefix the name with `_` to silence this warning:
2026-10-07T22:21:00.2639067Z   [apply] _Δc
2026-10-07T22:21:00.2639072Z 
2026-10-07T22:21:00.2639374Z Note: This linter can be disabled with `set_option linter.unusedVariables false`
2026-10-07T22:21:00.2639861Z warning: OIBridge/DitaTorusLocus.lean:4520:6: Variable name `Δr` is not explicitly referenced.
2026-10-07T22:21:00.2639870Z 
2026-10-07T22:21:00.2640545Z Hint: The binding can be removed (if unused) or named `_` (if used implicitly). Alternatively, prefix the name with `_` to silence this warning:
2026-10-07T22:21:00.2640698Z   [apply] _Δr
2026-10-07T22:21:00.2640703Z 
2026-10-07T22:21:00.2641011Z Note: This linter can be disabled with `set_option linter.unusedVariables false`
2026-10-07T22:21:00.2641402Z warning: OIBridge/DitaTorusLocus.lean:4523:6: Variable name `dgT` is not explicitly referenced.
2026-10-07T22:21:00.2641412Z 
2026-10-07T22:21:00.2642052Z Hint: The binding can be removed (if unused) or named `_` (if used implicitly). Alternatively, prefix the name with `_` to silence this warning:
2026-10-07T22:21:00.2642280Z   [apply] _dgT
2026-10-07T22:21:00.2642285Z 
2026-10-07T22:21:00.2642818Z Note: This linter can be disabled with `set_option linter.unusedVariables false`
2026-10-07T22:21:00.2643232Z warning: OIBridge/DitaTorusLocus.lean:4530:6: Variable name `dita82` is not explicitly referenced.
2026-10-07T22:21:00.2643241Z 
2026-10-07T22:21:00.2643826Z Hint: The binding can be removed (if unused) or named `_` (if used implicitly). Alternatively, prefix the name with `_` to silence this warning:
2026-10-07T22:21:00.2643945Z   [apply] _dita82
2026-10-07T22:21:00.2643950Z 
2026-10-07T22:21:00.2644249Z Note: This linter can be disabled with `set_option linter.unusedVariables false`
2026-10-07T22:21:00.2644705Z warning: OIBridge/DitaTorusLocus.lean:4537:6: Variable name `P` is not explicitly referenced.
2026-10-07T22:21:00.2644715Z 
2026-10-07T22:21:00.2645298Z Hint: The binding can be removed (if unused) or named `_` (if used implicitly). Alternatively, prefix the name with `_` to silence this warning:
2026-10-07T22:21:00.2645411Z   [apply] _P
2026-10-07T22:21:00.2645416Z 
2026-10-07T22:21:00.2645721Z Note: This linter can be disabled with `set_option linter.unusedVariables false`
2026-10-07T22:21:00.2646123Z warning: OIBridge/DitaTorusLocus.lean:4540:6: Variable name `ditak1` is not explicitly referenced.
2026-10-07T22:21:00.2646227Z 
2026-10-07T22:21:00.2646808Z Hint: The binding can be removed (if unused) or named `_` (if used implicitly). Alternatively, prefix the name with `_` to silence this warning:
2026-10-07T22:21:00.2646927Z   [apply] _ditak1
2026-10-07T22:21:00.2646931Z 
2026-10-07T22:21:00.2647233Z Note: This linter can be disabled with `set_option linter.unusedVariables false`
2026-10-07T22:21:00.2647626Z warning: OIBridge/DitaTorusLocus.lean:4543:6: Variable name `ditak2` is not explicitly referenced.
2026-10-07T22:21:00.2647631Z 
2026-10-07T22:21:00.2648207Z Hint: The binding can be removed (if unused) or named `_` (if used implicitly). Alternatively, prefix the name with `_` to silence this warning:
2026-10-07T22:21:00.2648328Z   [apply] _ditak2
2026-10-07T22:21:00.2648332Z 
2026-10-07T22:21:00.2648628Z Note: This linter can be disabled with `set_option linter.unusedVariables false`
2026-10-07T22:21:00.2649128Z warning: OIBridge/DitaTorusLocus.lean:4546:6: Variable name `ditak3` is not explicitly referenced.
2026-10-07T22:21:00.2649139Z 
2026-10-07T22:21:00.2649773Z Hint: The binding can be removed (if unused) or named `_` (if used implicitly). Alternatively, prefix the name with `_` to silence this warning:
2026-10-07T22:21:00.2649894Z   [apply] _ditak3
2026-10-07T22:21:00.2649899Z 
2026-10-07T22:21:00.2650231Z Note: This linter can be disabled with `set_option linter.unusedVariables false`
2026-10-07T22:21:00.2650659Z warning: OIBridge/DitaTorusLocus.lean:4549:6: Variable name `ditak4` is not explicitly referenced.
2026-10-07T22:21:00.2650664Z 
2026-10-07T22:21:00.2651293Z Hint: The binding can be removed (if unused) or named `_` (if used implicitly). Alternatively, prefix the name with `_` to silence this warning:
2026-10-07T22:21:00.2651428Z   [apply] _ditak4
2026-10-07T22:21:00.2651434Z 
2026-10-07T22:21:00.2651767Z Note: This linter can be disabled with `set_option linter.unusedVariables false`
2026-10-07T22:21:00.2652203Z warning: OIBridge/DitaTorusLocus.lean:4552:6: Variable name `ditae1` is not explicitly referenced.
2026-10-07T22:21:00.2652216Z 
2026-10-07T22:21:00.2653071Z Hint: The binding can be removed (if unused) or named `_` (if used implicitly). Alternatively, prefix the name with `_` to silence this warning:
2026-10-07T22:21:00.2653203Z   [apply] _ditae1
2026-10-07T22:21:00.2653207Z 
2026-10-07T22:21:00.2653513Z Note: This linter can be disabled with `set_option linter.unusedVariables false`
2026-10-07T22:21:00.2653910Z warning: OIBridge/DitaTorusLocus.lean:4555:6: Variable name `ditae2` is not explicitly referenced.
2026-10-07T22:21:00.2653915Z 
2026-10-07T22:21:00.2654528Z Hint: The binding can be removed (if unused) or named `_` (if used implicitly). Alternatively, prefix the name with `_` to silence this warning:
2026-10-07T22:21:00.2654741Z   [apply] _ditae2
2026-10-07T22:21:00.2654745Z 
2026-10-07T22:21:00.2655043Z Note: This linter can be disabled with `set_option linter.unusedVariables false`
2026-10-07T22:21:00.2655440Z warning: OIBridge/DitaTorusLocus.lean:4558:6: Variable name `ditat2` is not explicitly referenced.
2026-10-07T22:21:00.2655448Z 
2026-10-07T22:21:00.2656029Z Hint: The binding can be removed (if unused) or named `_` (if used implicitly). Alternatively, prefix the name with `_` to silence this warning:
2026-10-07T22:21:00.2656142Z   [apply] _ditat2
2026-10-07T22:21:00.2656146Z 
2026-10-07T22:21:00.2656447Z Note: This linter can be disabled with `set_option linter.unusedVariables false`
2026-10-07T22:21:00.2656842Z warning: OIBridge/DitaTorusLocus.lean:4561:6: Variable name `ditat3` is not explicitly referenced.
2026-10-07T22:21:00.2656847Z 
2026-10-07T22:21:00.2657419Z Hint: The binding can be removed (if unused) or named `_` (if used implicitly). Alternatively, prefix the name with `_` to silence this warning:
2026-10-07T22:21:00.2657543Z   [apply] _ditat3
2026-10-07T22:21:00.2657548Z 
2026-10-07T22:21:00.2657863Z Note: This linter can be disabled with `set_option linter.unusedVariables false`
2026-10-07T22:21:00.2658256Z warning: OIBridge/DitaTorusLocus.lean:4563:6: Variable name `Hu` is not explicitly referenced.
2026-10-07T22:21:00.2658360Z 
2026-10-07T22:21:00.2659043Z Hint: The binding can be removed (if unused) or named `_` (if used implicitly). Alternatively, prefix the name with `_` to silence this warning:
2026-10-07T22:21:00.2659197Z   [apply] _Hu
2026-10-07T22:21:00.2659203Z 
2026-10-07T22:21:00.2659590Z Note: This linter can be disabled with `set_option linter.unusedVariables false`
2026-10-07T22:21:00.2660107Z warning: OIBridge/DitaTorusLocus.lean:4570:6: Variable name `ditamc` is not explicitly referenced.
2026-10-07T22:21:00.2660114Z 
2026-10-07T22:21:00.2660803Z Hint: The binding can be removed (if unused) or named `_` (if used implicitly). Alternatively, prefix the name with `_` to silence this warning:
2026-10-07T22:21:00.2660943Z   [apply] _ditamc
2026-10-07T22:21:00.2660948Z 
2026-10-07T22:21:00.2661319Z Note: This linter can be disabled with `set_option linter.unusedVariables false`
2026-10-07T22:21:00.2661919Z warning: OIBridge/DitaTorusLocus.lean:4573:6: Variable name `ditamr` is not explicitly referenced.
2026-10-07T22:21:00.2661932Z 
2026-10-07T22:21:00.2662848Z Hint: The binding can be removed (if unused) or named `_` (if used implicitly). Alternatively, prefix the name with `_` to silence this warning:
2026-10-07T22:21:00.2663019Z   [apply] _ditamr
2026-10-07T22:21:00.2663026Z 
2026-10-07T22:21:00.2663429Z Note: This linter can be disabled with `set_option linter.unusedVariables false`
2026-10-07T22:21:00.2664392Z info: OIBridge/DitaTorusLocus.lean:4580:0: 'OIBridge.DitaTorusLocus.a40_shared_excl_t1_r' depends on axioms: [propext, Classical.choice, Quot.sound]
2026-10-07T22:21:00.2665089Z warning: OIBridge/DitaTorusLocus.lean:4588:6: Variable name `pt` is not explicitly referenced.
2026-10-07T22:21:00.2665110Z 
2026-10-07T22:21:00.2666022Z Hint: The binding can be removed (if unused) or named `_` (if used implicitly). Alternatively, prefix the name with `_` to silence this warning:
2026-10-07T22:21:00.2666235Z   [apply] _pt
2026-10-07T22:21:00.2666252Z 
2026-10-07T22:21:00.2666628Z Note: This linter can be disabled with `set_option linter.unusedVariables false`
2026-10-07T22:21:00.2667285Z warning: OIBridge/DitaTorusLocus.lean:4592:6: Variable name `S` is not explicitly referenced.
2026-10-07T22:21:00.2667294Z 
2026-10-07T22:21:00.2668106Z Hint: The binding can be removed (if unused) or named `_` (if used implicitly). Alternatively, prefix the name with `_` to silence this warning:
2026-10-07T22:21:00.2668285Z   [apply] _S
2026-10-07T22:21:00.2668291Z 
2026-10-07T22:21:00.2668675Z Note: This linter can be disabled with `set_option linter.unusedVariables false`
2026-10-07T22:21:00.2669187Z warning: OIBridge/DitaTorusLocus.lean:4593:6: Variable name `tor` is not explicitly referenced.
2026-10-07T22:21:00.2669304Z 
2026-10-07T22:21:00.2670060Z Hint: The binding can be removed (if unused) or named `_` (if used implicitly). Alternatively, prefix the name with `_` to silence this warning:
2026-10-07T22:21:00.2670216Z   [apply] _tor
2026-10-07T22:21:00.2670225Z 
2026-10-07T22:21:00.2670613Z Note: This linter can be disabled with `set_option linter.unusedVariables false`
2026-10-07T22:21:00.2671141Z warning: OIBridge/DitaTorusLocus.lean:4594:6: Variable name `adj` is not explicitly referenced.
2026-10-07T22:21:00.2671147Z 
2026-10-07T22:21:00.2671865Z Hint: The binding can be removed (if unused) or named `_` (if used implicitly). Alternatively, prefix the name with `_` to silence this warning:
2026-10-07T22:21:00.2672033Z   [apply] _adj
2026-10-07T22:21:00.2672039Z 
2026-10-07T22:21:00.2672375Z Note: This linter can be disabled with `set_option linter.unusedVariables false`
2026-10-07T22:21:00.2673299Z warning: OIBridge/DitaTorusLocus.lean:4595:6: Variable name `μ` is not explicitly referenced.
2026-10-07T22:21:00.2673311Z 
2026-10-07T22:21:00.2674041Z Hint: The binding can be removed (if unused) or named `_` (if used implicitly). Alternatively, prefix the name with `_` to silence this warning:
2026-10-07T22:21:00.2674214Z   [apply] _μ
2026-10-07T22:21:00.2674219Z 
2026-10-07T22:21:00.2674728Z Note: This linter can be disabled with `set_option linter.unusedVariables false`
2026-10-07T22:21:00.2675209Z warning: OIBridge/DitaTorusLocus.lean:4597:6: Variable name `N` is not explicitly referenced.
2026-10-07T22:21:00.2675216Z 
2026-10-07T22:21:00.2675944Z Hint: The binding can be removed (if unused) or named `_` (if used implicitly). Alternatively, prefix the name with `_` to silence this warning:
2026-10-07T22:21:00.2676087Z   [apply] _N
2026-10-07T22:21:00.2676093Z 
2026-10-07T22:21:00.2676471Z Note: This linter can be disabled with `set_option linter.unusedVariables false`
2026-10-07T22:21:00.2677088Z warning: OIBridge/DitaTorusLocus.lean:4602:6: Variable name `Δc` is not explicitly referenced.
2026-10-07T22:21:00.2677099Z 
2026-10-07T22:21:00.2677831Z Hint: The binding can be removed (if unused) or named `_` (if used implicitly). Alternatively, prefix the name with `_` to silence this warning:
2026-10-07T22:21:00.2678903Z   [apply] _Δc
2026-10-07T22:21:00.2678911Z 
2026-10-07T22:21:00.2679300Z Note: This linter can be disabled with `set_option linter.unusedVariables false`
2026-10-07T22:21:00.2680276Z warning: OIBridge/DitaTorusLocus.lean:4603:6: Variable name `Δr` is not explicitly referenced.
2026-10-07T22:21:00.2680284Z 
2026-10-07T22:21:00.2681159Z Hint: The binding can be removed (if unused) or named `_` (if used implicitly). Alternatively, prefix the name with `_` to silence this warning:
2026-10-07T22:21:00.2681348Z   [apply] _Δr
2026-10-07T22:21:00.2681354Z 
2026-10-07T22:21:00.2681740Z Note: This linter can be disabled with `set_option linter.unusedVariables false`
2026-10-07T22:21:00.2682229Z warning: OIBridge/DitaTorusLocus.lean:4606:6: Variable name `dgT` is not explicitly referenced.
2026-10-07T22:21:00.2682242Z 
2026-10-07T22:21:00.2683309Z Hint: The binding can be removed (if unused) or named `_` (if used implicitly). Alternatively, prefix the name with `_` to silence this warning:
2026-10-07T22:21:00.2683467Z   [apply] _dgT
2026-10-07T22:21:00.2683474Z 
2026-10-07T22:21:00.2683860Z Note: This linter can be disabled with `set_option linter.unusedVariables false`
2026-10-07T22:21:00.2684516Z warning: OIBridge/DitaTorusLocus.lean:4610:6: Variable name `dita28` is not explicitly referenced.
2026-10-07T22:21:00.2684532Z 
2026-10-07T22:21:00.2685339Z Hint: The binding can be removed (if unused) or named `_` (if used implicitly). Alternatively, prefix the name with `_` to silence this warning:
2026-10-07T22:21:00.2685507Z   [apply] _dita28
2026-10-07T22:21:00.2685515Z 
2026-10-07T22:21:00.2685916Z Note: This linter can be disabled with `set_option linter.unusedVariables false`
2026-10-07T22:21:00.2686431Z warning: OIBridge/DitaTorusLocus.lean:4613:6: Variable name `dita82` is not explicitly referenced.
2026-10-07T22:21:00.2686577Z 
2026-10-07T22:21:00.2687339Z Hint: The binding can be removed (if unused) or named `_` (if used implicitly). Alternatively, prefix the name with `_` to silence this warning:
2026-10-07T22:21:00.2687496Z   [apply] _dita82
2026-10-07T22:21:00.2687506Z 
2026-10-07T22:21:00.2687888Z Note: This linter can be disabled with `set_option linter.unusedVariables false`
2026-10-07T22:21:00.2688463Z warning: OIBridge/DitaTorusLocus.lean:4620:6: Variable name `P` is not explicitly referenced.
2026-10-07T22:21:00.2688474Z 
2026-10-07T22:21:00.2689187Z Hint: The binding can be removed (if unused) or named `_` (if used implicitly). Alternatively, prefix the name with `_` to silence this warning:
2026-10-07T22:21:00.2689323Z   [apply] _P
2026-10-07T22:21:00.2689329Z 
2026-10-07T22:21:00.2689693Z Note: This linter can be disabled with `set_option linter.unusedVariables false`
2026-10-07T22:21:00.2690186Z warning: OIBridge/DitaTorusLocus.lean:4623:6: Variable name `ditak1` is not explicitly referenced.
2026-10-07T22:21:00.2690195Z 
2026-10-07T22:21:00.2690886Z Hint: The binding can be removed (if unused) or named `_` (if used implicitly). Alternatively, prefix the name with `_` to silence this warning:
2026-10-07T22:21:00.2691029Z   [apply] _ditak1
2026-10-07T22:21:00.2691752Z 
2026-10-07T22:21:00.2692141Z Note: This linter can be disabled with `set_option linter.unusedVariables false`
2026-10-07T22:21:00.2692884Z warning: OIBridge/DitaTorusLocus.lean:4626:6: Variable name `ditak2` is not explicitly referenced.
2026-10-07T22:21:00.2692892Z 
2026-10-07T22:21:00.2693656Z Hint: The binding can be removed (if unused) or named `_` (if used implicitly). Alternatively, prefix the name with `_` to silence this warning:
2026-10-07T22:21:00.2693806Z   [apply] _ditak2
2026-10-07T22:21:00.2693812Z 
2026-10-07T22:21:00.2694170Z Note: This linter can be disabled with `set_option linter.unusedVariables false`
2026-10-07T22:21:00.2694654Z warning: OIBridge/DitaTorusLocus.lean:4629:6: Variable name `ditak3` is not explicitly referenced.
2026-10-07T22:21:00.2694706Z 
2026-10-07T22:21:00.2695419Z Hint: The binding can be removed (if unused) or named `_` (if used implicitly). Alternatively, prefix the name with `_` to silence this warning:
2026-10-07T22:21:00.2696373Z   [apply] _ditak3
2026-10-07T22:21:00.2696387Z 
2026-10-07T22:21:00.2696823Z Note: This linter can be disabled with `set_option linter.unusedVariables false`
2026-10-07T22:21:00.2697343Z warning: OIBridge/DitaTorusLocus.lean:4632:6: Variable name `ditak4` is not explicitly referenced.
2026-10-07T22:21:00.2697350Z 
2026-10-07T22:21:00.2698069Z Hint: The binding can be removed (if unused) or named `_` (if used implicitly). Alternatively, prefix the name with `_` to silence this warning:
2026-10-07T22:21:00.2698209Z   [apply] _ditak4
2026-10-07T22:21:00.2698214Z 
2026-10-07T22:21:00.2698580Z Note: This linter can be disabled with `set_option linter.unusedVariables false`
2026-10-07T22:21:00.2699079Z warning: OIBridge/DitaTorusLocus.lean:4635:6: Variable name `ditae1` is not explicitly referenced.
2026-10-07T22:21:00.2699097Z 
2026-10-07T22:21:00.2699856Z Hint: The binding can be removed (if unused) or named `_` (if used implicitly). Alternatively, prefix the name with `_` to silence this warning:
2026-10-07T22:21:00.2700017Z   [apply] _ditae1
2026-10-07T22:21:00.2700025Z 
2026-10-07T22:21:00.2700521Z Note: This linter can be disabled with `set_option linter.unusedVariables false`
2026-10-07T22:21:00.2701074Z warning: OIBridge/DitaTorusLocus.lean:4638:6: Variable name `ditae2` is not explicitly referenced.
2026-10-07T22:21:00.2701085Z 
2026-10-07T22:21:00.2701835Z Hint: The binding can be removed (if unused) or named `_` (if used implicitly). Alternatively, prefix the name with `_` to silence this warning:
2026-10-07T22:21:00.2701999Z   [apply] _ditae2
2026-10-07T22:21:00.2702005Z 
2026-10-07T22:21:00.2702397Z Note: This linter can be disabled with `set_option linter.unusedVariables false`
2026-10-07T22:21:00.2703259Z warning: OIBridge/DitaTorusLocus.lean:4644:6: Variable name `ditat3` is not explicitly referenced.
2026-10-07T22:21:00.2703413Z 
2026-10-07T22:21:00.2704272Z Hint: The binding can be removed (if unused) or named `_` (if used implicitly). Alternatively, prefix the name with `_` to silence this warning:
2026-10-07T22:21:00.2704433Z   [apply] _ditat3
2026-10-07T22:21:00.2704440Z 
2026-10-07T22:21:00.2704836Z Note: This linter can be disabled with `set_option linter.unusedVariables false`
2026-10-07T22:21:00.2705318Z warning: OIBridge/DitaTorusLocus.lean:4646:6: Variable name `Hu` is not explicitly referenced.
2026-10-07T22:21:00.2705324Z 
2026-10-07T22:21:00.2706053Z Hint: The binding can be removed (if unused) or named `_` (if used implicitly). Alternatively, prefix the name with `_` to silence this warning:
2026-10-07T22:21:00.2706199Z   [apply] _Hu
2026-10-07T22:21:00.2706205Z 
2026-10-07T22:21:00.2706607Z Note: This linter can be disabled with `set_option linter.unusedVariables false`
2026-10-07T22:21:00.2707167Z warning: OIBridge/DitaTorusLocus.lean:4653:6: Variable name `ditamc` is not explicitly referenced.
2026-10-07T22:21:00.2707183Z 
2026-10-07T22:21:00.2707935Z Hint: The binding can be removed (if unused) or named `_` (if used implicitly). Alternatively, prefix the name with `_` to silence this warning:
2026-10-07T22:21:00.2708236Z   [apply] _ditamc
2026-10-07T22:21:00.2708244Z 
2026-10-07T22:21:00.2708676Z Note: This linter can be disabled with `set_option linter.unusedVariables false`
2026-10-07T22:21:00.2709209Z warning: OIBridge/DitaTorusLocus.lean:4656:6: Variable name `ditamr` is not explicitly referenced.
2026-10-07T22:21:00.2709216Z 
2026-10-07T22:21:00.2709963Z Hint: The binding can be removed (if unused) or named `_` (if used implicitly). Alternatively, prefix the name with `_` to silence this warning:
2026-10-07T22:21:00.2710111Z   [apply] _ditamr
2026-10-07T22:21:00.2710116Z 
2026-10-07T22:21:00.2710502Z Note: This linter can be disabled with `set_option linter.unusedVariables false`
2026-10-07T22:21:00.2711358Z info: OIBridge/DitaTorusLocus.lean:4663:0: 'OIBridge.DitaTorusLocus.a40_shared_excl_t2_c' depends on axioms: [propext, Classical.choice, Quot.sound]
2026-10-07T22:21:00.2711958Z warning: OIBridge/DitaTorusLocus.lean:4671:6: Variable name `pt` is not explicitly referenced.
2026-10-07T22:21:00.2711966Z 
2026-10-07T22:21:00.2712913Z Hint: The binding can be removed (if unused) or named `_` (if used implicitly). Alternatively, prefix the name with `_` to silence this warning:
2026-10-07T22:21:00.2713067Z   [apply] _pt
2026-10-07T22:21:00.2713073Z 
2026-10-07T22:21:00.2713451Z Note: This linter can be disabled with `set_option linter.unusedVariables false`
2026-10-07T22:21:00.2713975Z warning: OIBridge/DitaTorusLocus.lean:4675:6: Variable name `S` is not explicitly referenced.
2026-10-07T22:21:00.2713983Z 
2026-10-07T22:21:00.2714723Z Hint: The binding can be removed (if unused) or named `_` (if used implicitly). Alternatively, prefix the name with `_` to silence this warning:
2026-10-07T22:21:00.2714876Z   [apply] _S
2026-10-07T22:21:00.2714882Z 
2026-10-07T22:21:00.2715230Z Note: This linter can be disabled with `set_option linter.unusedVariables false`
2026-10-07T22:21:00.2715734Z warning: OIBridge/DitaTorusLocus.lean:4676:6: Variable name `tor` is not explicitly referenced.
2026-10-07T22:21:00.2715741Z 
2026-10-07T22:21:00.2716575Z Hint: The binding can be removed (if unused) or named `_` (if used implicitly). Alternatively, prefix the name with `_` to silence this warning:
2026-10-07T22:21:00.2716715Z   [apply] _tor
2026-10-07T22:21:00.2716722Z 
2026-10-07T22:21:00.2717091Z Note: This linter can be disabled with `set_option linter.unusedVariables false`
2026-10-07T22:21:00.2717599Z warning: OIBridge/DitaTorusLocus.lean:4677:6: Variable name `adj` is not explicitly referenced.
2026-10-07T22:21:00.2717628Z 
2026-10-07T22:21:00.2718377Z Hint: The binding can be removed (if unused) or named `_` (if used implicitly). Alternatively, prefix the name with `_` to silence this warning:
2026-10-07T22:21:00.2718743Z   [apply] _adj
2026-10-07T22:21:00.2718749Z 
2026-10-07T22:21:00.2719161Z Note: This linter can be disabled with `set_option linter.unusedVariables false`
2026-10-07T22:21:00.2719999Z warning: OIBridge/DitaTorusLocus.lean:4678:6: Variable name `μ` is not explicitly referenced.
2026-10-07T22:21:00.2720014Z 
2026-10-07T22:21:00.2720765Z Hint: The binding can be removed (if unused) or named `_` (if used implicitly). Alternatively, prefix the name with `_` to silence this warning:
2026-10-07T22:21:00.2720972Z   [apply] _μ
2026-10-07T22:21:00.2720979Z 
2026-10-07T22:21:00.2721356Z Note: This linter can be disabled with `set_option linter.unusedVariables false`
2026-10-07T22:21:00.2721836Z warning: OIBridge/DitaTorusLocus.lean:4680:6: Variable name `N` is not explicitly referenced.
2026-10-07T22:21:00.2721842Z 
2026-10-07T22:21:00.2722558Z Hint: The binding can be removed (if unused) or named `_` (if used implicitly). Alternatively, prefix the name with `_` to silence this warning:
2026-10-07T22:21:00.2722938Z   [apply] _N
2026-10-07T22:21:00.2722952Z 
2026-10-07T22:21:00.2723341Z Note: This linter can be disabled with `set_option linter.unusedVariables false`
2026-10-07T22:21:00.2723975Z warning: OIBridge/DitaTorusLocus.lean:4685:6: Variable name `Δc` is not explicitly referenced.
2026-10-07T22:21:00.2723998Z 
2026-10-07T22:21:00.2725017Z Hint: The binding can be removed (if unused) or named `_` (if used implicitly). Alternatively, prefix the name with `_` to silence this warning:
2026-10-07T22:21:00.2725246Z   [apply] _Δc
2026-10-07T22:21:00.2725254Z 
2026-10-07T22:21:00.2725652Z Note: This linter can be disabled with `set_option linter.unusedVariables false`
2026-10-07T22:21:00.2726277Z warning: OIBridge/DitaTorusLocus.lean:4686:6: Variable name `Δr` is not explicitly referenced.
2026-10-07T22:21:00.2726284Z 
2026-10-07T22:21:00.2727034Z Hint: The binding can be removed (if unused) or named `_` (if used implicitly). Alternatively, prefix the name with `_` to silence this warning:
2026-10-07T22:21:00.2727227Z   [apply] _Δr
2026-10-07T22:21:00.2727240Z 
2026-10-07T22:21:00.2727620Z Note: This linter can be disabled with `set_option linter.unusedVariables false`
2026-10-07T22:21:00.2728122Z warning: OIBridge/DitaTorusLocus.lean:4689:6: Variable name `dgT` is not explicitly referenced.
2026-10-07T22:21:00.2728240Z 
2026-10-07T22:21:00.2729004Z Hint: The binding can be removed (if unused) or named `_` (if used implicitly). Alternatively, prefix the name with `_` to silence this warning:
2026-10-07T22:21:00.2729151Z   [apply] _dgT
2026-10-07T22:21:00.2729157Z 
2026-10-07T22:21:00.2729540Z Note: This linter can be disabled with `set_option linter.unusedVariables false`
2026-10-07T22:21:00.2730058Z warning: OIBridge/DitaTorusLocus.lean:4693:6: Variable name `dita28` is not explicitly referenced.
2026-10-07T22:21:00.2730065Z 
2026-10-07T22:21:00.2730811Z Hint: The binding can be removed (if unused) or named `_` (if used implicitly). Alternatively, prefix the name with `_` to silence this warning:
2026-10-07T22:21:00.2730966Z   [apply] _dita28
2026-10-07T22:21:00.2730972Z 
2026-10-07T22:21:00.2731391Z Note: This linter can be disabled with `set_option linter.unusedVariables false`
2026-10-07T22:21:00.2731911Z warning: OIBridge/DitaTorusLocus.lean:4696:6: Variable name `dita82` is not explicitly referenced.
2026-10-07T22:21:00.2731927Z 
2026-10-07T22:21:00.2732930Z Hint: The binding can be removed (if unused) or named `_` (if used implicitly). Alternatively, prefix the name with `_` to silence this warning:
2026-10-07T22:21:00.2733080Z   [apply] _dita82
2026-10-07T22:21:00.2733086Z 
2026-10-07T22:21:00.2733442Z Note: This linter can be disabled with `set_option linter.unusedVariables false`
2026-10-07T22:21:00.2733894Z warning: OIBridge/DitaTorusLocus.lean:4703:6: Variable name `P` is not explicitly referenced.
2026-10-07T22:21:00.2733900Z 
2026-10-07T22:21:00.2734592Z Hint: The binding can be removed (if unused) or named `_` (if used implicitly). Alternatively, prefix the name with `_` to silence this warning:
2026-10-07T22:21:00.2734877Z   [apply] _P
2026-10-07T22:21:00.2734882Z 
2026-10-07T22:21:00.2735230Z Note: This linter can be disabled with `set_option linter.unusedVariables false`
2026-10-07T22:21:00.2735718Z warning: OIBridge/DitaTorusLocus.lean:4706:6: Variable name `ditak1` is not explicitly referenced.
2026-10-07T22:21:00.2735726Z 
2026-10-07T22:21:00.2736434Z Hint: The binding can be removed (if unused) or named `_` (if used implicitly). Alternatively, prefix the name with `_` to silence this warning:
2026-10-07T22:21:00.2736563Z   [apply] _ditak1
2026-10-07T22:21:00.2736568Z 
2026-10-07T22:21:00.2736922Z Note: This linter can be disabled with `set_option linter.unusedVariables false`
2026-10-07T22:21:00.2737391Z warning: OIBridge/DitaTorusLocus.lean:4709:6: Variable name `ditak2` is not explicitly referenced.
2026-10-07T22:21:00.2737397Z 
2026-10-07T22:21:00.2738078Z Hint: The binding can be removed (if unused) or named `_` (if used implicitly). Alternatively, prefix the name with `_` to silence this warning:
2026-10-07T22:21:00.2738220Z   [apply] _ditak2
2026-10-07T22:21:00.2738225Z 
2026-10-07T22:21:00.2738582Z Note: This linter can be disabled with `set_option linter.unusedVariables false`
2026-10-07T22:21:00.2739055Z warning: OIBridge/DitaTorusLocus.lean:4712:6: Variable name `ditak3` is not explicitly referenced.
2026-10-07T22:21:00.2739741Z 
2026-10-07T22:21:00.2740467Z Hint: The binding can be removed (if unused) or named `_` (if used implicitly). Alternatively, prefix the name with `_` to silence this warning:
2026-10-07T22:21:00.2740605Z   [apply] _ditak3
2026-10-07T22:21:00.2740610Z 
2026-10-07T22:21:00.2740953Z Note: This linter can be disabled with `set_option linter.unusedVariables false`
2026-10-07T22:21:00.2741417Z warning: OIBridge/DitaTorusLocus.lean:4715:6: Variable name `ditak4` is not explicitly referenced.
2026-10-07T22:21:00.2741422Z 
2026-10-07T22:21:00.2742110Z Hint: The binding can be removed (if unused) or named `_` (if used implicitly). Alternatively, prefix the name with `_` to silence this warning:
2026-10-07T22:21:00.2742243Z   [apply] _ditak4
2026-10-07T22:21:00.2742248Z 
2026-10-07T22:21:00.2742913Z Note: This linter can be disabled with `set_option linter.unusedVariables false`
2026-10-07T22:21:00.2743511Z warning: OIBridge/DitaTorusLocus.lean:4718:6: Variable name `ditae1` is not explicitly referenced.
2026-10-07T22:21:00.2743523Z 
2026-10-07T22:21:00.2744215Z Hint: The binding can be removed (if unused) or named `_` (if used implicitly). Alternatively, prefix the name with `_` to silence this warning:
2026-10-07T22:21:00.2744350Z   [apply] _ditae1
2026-10-07T22:21:00.2744356Z 
2026-10-07T22:21:00.2744707Z Note: This linter can be disabled with `set_option linter.unusedVariables false`
2026-10-07T22:21:00.2745163Z warning: OIBridge/DitaTorusLocus.lean:4721:6: Variable name `ditae2` is not explicitly referenced.
2026-10-07T22:21:00.2745168Z 
2026-10-07T22:21:00.2745833Z Hint: The binding can be removed (if unused) or named `_` (if used implicitly). Alternatively, prefix the name with `_` to silence this warning:
2026-10-07T22:21:00.2745969Z   [apply] _ditae2
2026-10-07T22:21:00.2745974Z 
2026-10-07T22:21:00.2746317Z Note: This linter can be disabled with `set_option linter.unusedVariables false`
2026-10-07T22:21:00.2746796Z warning: OIBridge/DitaTorusLocus.lean:4727:6: Variable name `ditat3` is not explicitly referenced.
2026-10-07T22:21:00.2746810Z 
2026-10-07T22:21:00.2747649Z Hint: The binding can be removed (if unused) or named `_` (if used implicitly). Alternatively, prefix the name with `_` to silence this warning:
2026-10-07T22:21:00.2747817Z   [apply] _ditat3
2026-10-07T22:21:00.2747833Z 
2026-10-07T22:21:00.2748171Z Note: This linter can be disabled with `set_option linter.unusedVariables false`
2026-10-07T22:21:00.2748627Z warning: OIBridge/DitaTorusLocus.lean:4729:6: Variable name `Hu` is not explicitly referenced.
2026-10-07T22:21:00.2748633Z 
2026-10-07T22:21:00.2749307Z Hint: The binding can be removed (if unused) or named `_` (if used implicitly). Alternatively, prefix the name with `_` to silence this warning:
2026-10-07T22:21:00.2749530Z   [apply] _Hu
2026-10-07T22:21:00.2749535Z 
2026-10-07T22:21:00.2749887Z Note: This linter can be disabled with `set_option linter.unusedVariables false`
2026-10-07T22:21:00.2750352Z warning: OIBridge/DitaTorusLocus.lean:4736:6: Variable name `ditamc` is not explicitly referenced.
2026-10-07T22:21:00.2750361Z 
2026-10-07T22:21:00.2751032Z Hint: The binding can be removed (if unused) or named `_` (if used implicitly). Alternatively, prefix the name with `_` to silence this warning:
2026-10-07T22:21:00.2751167Z   [apply] _ditamc
2026-10-07T22:21:00.2751172Z 
2026-10-07T22:21:00.2751527Z Note: This linter can be disabled with `set_option linter.unusedVariables false`
2026-10-07T22:21:00.2751983Z warning: OIBridge/DitaTorusLocus.lean:4739:6: Variable name `ditamr` is not explicitly referenced.
2026-10-07T22:21:00.2751988Z 
2026-10-07T22:21:00.2752904Z Hint: The binding can be removed (if unused) or named `_` (if used implicitly). Alternatively, prefix the name with `_` to silence this warning:
2026-10-07T22:21:00.2753062Z   [apply] _ditamr
2026-10-07T22:21:00.2753067Z 
2026-10-07T22:21:00.2753420Z Note: This linter can be disabled with `set_option linter.unusedVariables false`
2026-10-07T22:21:00.2754209Z info: OIBridge/DitaTorusLocus.lean:4746:0: 'OIBridge.DitaTorusLocus.a40_shared_excl_t2_r' depends on axioms: [propext, Classical.choice, Quot.sound]
2026-10-07T22:21:00.2754765Z warning: OIBridge/DitaTorusLocus.lean:4754:6: Variable name `pt` is not explicitly referenced.
2026-10-07T22:21:00.2754772Z 
2026-10-07T22:21:00.2755443Z Hint: The binding can be removed (if unused) or named `_` (if used implicitly). Alternatively, prefix the name with `_` to silence this warning:
2026-10-07T22:21:00.2755574Z   [apply] _pt
2026-10-07T22:21:00.2755579Z 
2026-10-07T22:21:00.2755924Z Note: This linter can be disabled with `set_option linter.unusedVariables false`
2026-10-07T22:21:00.2756373Z warning: OIBridge/DitaTorusLocus.lean:4758:6: Variable name `S` is not explicitly referenced.
2026-10-07T22:21:00.2756382Z 
2026-10-07T22:21:00.2757047Z Hint: The binding can be removed (if unused) or named `_` (if used implicitly). Alternatively, prefix the name with `_` to silence this warning:
2026-10-07T22:21:00.2757173Z   [apply] _S
2026-10-07T22:21:00.2757269Z 
2026-10-07T22:21:00.2757616Z Note: This linter can be disabled with `set_option linter.unusedVariables false`
2026-10-07T22:21:00.2758066Z warning: OIBridge/DitaTorusLocus.lean:4759:6: Variable name `tor` is not explicitly referenced.
2026-10-07T22:21:00.2758073Z 
2026-10-07T22:21:00.2758802Z Hint: The binding can be removed (if unused) or named `_` (if used implicitly). Alternatively, prefix the name with `_` to silence this warning:
2026-10-07T22:21:00.2758944Z   [apply] _tor
2026-10-07T22:21:00.2758949Z 
2026-10-07T22:21:00.2759297Z Note: This linter can be disabled with `set_option linter.unusedVariables false`
2026-10-07T22:21:00.2759750Z warning: OIBridge/DitaTorusLocus.lean:4760:6: Variable name `adj` is not explicitly referenced.
2026-10-07T22:21:00.2759762Z 
2026-10-07T22:21:00.2760429Z Hint: The binding can be removed (if unused) or named `_` (if used implicitly). Alternatively, prefix the name with `_` to silence this warning:
2026-10-07T22:21:00.2760562Z   [apply] _adj
2026-10-07T22:21:00.2760573Z 
2026-10-07T22:21:00.2760921Z Note: This linter can be disabled with `set_option linter.unusedVariables false`
2026-10-07T22:21:00.2761755Z warning: OIBridge/DitaTorusLocus.lean:4761:6: Variable name `μ` is not explicitly referenced.
2026-10-07T22:21:00.2761781Z 
2026-10-07T22:21:00.2762455Z Hint: The binding can be removed (if unused) or named `_` (if used implicitly). Alternatively, prefix the name with `_` to silence this warning:
2026-10-07T22:21:00.2762830Z   [apply] _μ
2026-10-07T22:21:00.2762838Z 
2026-10-07T22:21:00.2763232Z Note: This linter can be disabled with `set_option linter.unusedVariables false`
2026-10-07T22:21:00.2763685Z warning: OIBridge/DitaTorusLocus.lean:4763:6: Variable name `N` is not explicitly referenced.
2026-10-07T22:21:00.2763800Z 
2026-10-07T22:21:00.2764477Z Hint: The binding can be removed (if unused) or named `_` (if used implicitly). Alternatively, prefix the name with `_` to silence this warning:
2026-10-07T22:21:00.2764607Z   [apply] _N
2026-10-07T22:21:00.2764617Z 
2026-10-07T22:21:00.2764964Z Note: This linter can be disabled with `set_option linter.unusedVariables false`
2026-10-07T22:21:00.2765547Z warning: OIBridge/DitaTorusLocus.lean:4768:6: Variable name `Δc` is not explicitly referenced.
2026-10-07T22:21:00.2765553Z 
2026-10-07T22:21:00.2766221Z Hint: The binding can be removed (if unused) or named `_` (if used implicitly). Alternatively, prefix the name with `_` to silence this warning:
2026-10-07T22:21:00.2766386Z   [apply] _Δc
2026-10-07T22:21:00.2766391Z 
2026-10-07T22:21:00.2766741Z Note: This linter can be disabled with `set_option linter.unusedVariables false`
2026-10-07T22:21:00.2767341Z warning: OIBridge/DitaTorusLocus.lean:4769:6: Variable name `Δr` is not explicitly referenced.
2026-10-07T22:21:00.2767429Z 
2026-10-07T22:21:00.2768091Z Hint: The binding can be removed (if unused) or named `_` (if used implicitly). Alternatively, prefix the name with `_` to silence this warning:
2026-10-07T22:21:00.2768272Z   [apply] _Δr
2026-10-07T22:21:00.2768282Z 
2026-10-07T22:21:00.2768648Z Note: This linter can be disabled with `set_option linter.unusedVariables false`
2026-10-07T22:21:00.2769235Z warning: OIBridge/DitaTorusLocus.lean:4772:6: Variable name `dgT` is not explicitly referenced.
2026-10-07T22:21:00.2769241Z 
2026-10-07T22:21:00.2769924Z Hint: The binding can be removed (if unused) or named `_` (if used implicitly). Alternatively, prefix the name with `_` to silence this warning:
2026-10-07T22:21:00.2770054Z   [apply] _dgT
2026-10-07T22:21:00.2770059Z 
2026-10-07T22:21:00.2770402Z Note: This linter can be disabled with `set_option linter.unusedVariables false`
2026-10-07T22:21:00.2770869Z warning: OIBridge/DitaTorusLocus.lean:4776:6: Variable name `dita28` is not explicitly referenced.
2026-10-07T22:21:00.2770880Z 
2026-10-07T22:21:00.2771562Z Hint: The binding can be removed (if unused) or named `_` (if used implicitly). Alternatively, prefix the name with `_` to silence this warning:
2026-10-07T22:21:00.2771686Z   [apply] _dita28
2026-10-07T22:21:00.2771792Z 
2026-10-07T22:21:00.2772157Z Note: This linter can be disabled with `set_option linter.unusedVariables false`
2026-10-07T22:21:00.2772857Z warning: OIBridge/DitaTorusLocus.lean:4779:6: Variable name `dita82` is not explicitly referenced.
2026-10-07T22:21:00.2772864Z 
2026-10-07T22:21:00.2773531Z Hint: The binding can be removed (if unused) or named `_` (if used implicitly). Alternatively, prefix the name with `_` to silence this warning:
2026-10-07T22:21:00.2773715Z   [apply] _dita82
2026-10-07T22:21:00.2773723Z 
2026-10-07T22:21:00.2774076Z Note: This linter can be disabled with `set_option linter.unusedVariables false`
2026-10-07T22:21:00.2774514Z warning: OIBridge/DitaTorusLocus.lean:4786:6: Variable name `P` is not explicitly referenced.
2026-10-07T22:21:00.2774526Z 
2026-10-07T22:21:00.2775212Z Hint: The binding can be removed (if unused) or named `_` (if used implicitly). Alternatively, prefix the name with `_` to silence this warning:
2026-10-07T22:21:00.2775348Z   [apply] _P
2026-10-07T22:21:00.2775364Z 
2026-10-07T22:21:00.2775715Z Note: This linter can be disabled with `set_option linter.unusedVariables false`
2026-10-07T22:21:00.2776309Z warning: OIBridge/DitaTorusLocus.lean:4789:6: Variable name `ditak1` is not explicitly referenced.
2026-10-07T22:21:00.2776315Z 
2026-10-07T22:21:00.2777045Z Hint: The binding can be removed (if unused) or named `_` (if used implicitly). Alternatively, prefix the name with `_` to silence this warning:
2026-10-07T22:21:00.2777176Z   [apply] _ditak1
2026-10-07T22:21:00.2777188Z 
2026-10-07T22:21:00.2777533Z Note: This linter can be disabled with `set_option linter.unusedVariables false`
2026-10-07T22:21:00.2777986Z warning: OIBridge/DitaTorusLocus.lean:4792:6: Variable name `ditak2` is not explicitly referenced.
2026-10-07T22:21:00.2778087Z 
2026-10-07T22:21:00.2778746Z Hint: The binding can be removed (if unused) or named `_` (if used implicitly). Alternatively, prefix the name with `_` to silence this warning:
2026-10-07T22:21:00.2778869Z   [apply] _ditak2
2026-10-07T22:21:00.2778878Z 
2026-10-07T22:21:00.2779240Z Note: This linter can be disabled with `set_option linter.unusedVariables false`
2026-10-07T22:21:00.2779702Z warning: OIBridge/DitaTorusLocus.lean:4795:6: Variable name `ditak3` is not explicitly referenced.
2026-10-07T22:21:00.2779708Z 
2026-10-07T22:21:00.2780377Z Hint: The binding can be removed (if unused) or named `_` (if used implicitly). Alternatively, prefix the name with `_` to silence this warning:
2026-10-07T22:21:00.2788469Z   [apply] _ditak3
2026-10-07T22:21:00.2788484Z 
2026-10-07T22:21:00.2788947Z Note: This linter can be disabled with `set_option linter.unusedVariables false`
2026-10-07T22:21:00.2789465Z warning: OIBridge/DitaTorusLocus.lean:4798:6: Variable name `ditak4` is not explicitly referenced.
2026-10-07T22:21:00.2789481Z 
2026-10-07T22:21:00.2790217Z Hint: The binding can be removed (if unused) or named `_` (if used implicitly). Alternatively, prefix the name with `_` to silence this warning:
2026-10-07T22:21:00.2790422Z   [apply] _ditak4
2026-10-07T22:21:00.2791130Z 
2026-10-07T22:21:00.2791535Z Note: This linter can be disabled with `set_option linter.unusedVariables false`
2026-10-07T22:21:00.2792040Z warning: OIBridge/DitaTorusLocus.lean:4801:6: Variable name `ditae1` is not explicitly referenced.
2026-10-07T22:21:00.2792046Z 
2026-10-07T22:21:00.2793034Z Hint: The binding can be removed (if unused) or named `_` (if used implicitly). Alternatively, prefix the name with `_` to silence this warning:
2026-10-07T22:21:00.2793169Z   [apply] _ditae1
2026-10-07T22:21:00.2793174Z 
2026-10-07T22:21:00.2793557Z Note: This linter can be disabled with `set_option linter.unusedVariables false`
2026-10-07T22:21:00.2794053Z warning: OIBridge/DitaTorusLocus.lean:4804:6: Variable name `ditae2` is not explicitly referenced.
2026-10-07T22:21:00.2794063Z 
2026-10-07T22:21:00.2794799Z Hint: The binding can be removed (if unused) or named `_` (if used implicitly). Alternatively, prefix the name with `_` to silence this warning:
2026-10-07T22:21:00.2795044Z   [apply] _ditae2
2026-10-07T22:21:00.2795056Z 
2026-10-07T22:21:00.2795435Z Note: This linter can be disabled with `set_option linter.unusedVariables false`
2026-10-07T22:21:00.2795923Z warning: OIBridge/DitaTorusLocus.lean:4807:6: Variable name `ditat2` is not explicitly referenced.
2026-10-07T22:21:00.2795929Z 
2026-10-07T22:21:00.2796726Z Hint: The binding can be removed (if unused) or named `_` (if used implicitly). Alternatively, prefix the name with `_` to silence this warning:
2026-10-07T22:21:00.2796861Z   [apply] _ditat2
2026-10-07T22:21:00.2796866Z 
2026-10-07T22:21:00.2797239Z Note: This linter can be disabled with `set_option linter.unusedVariables false`
2026-10-07T22:21:00.2797714Z warning: OIBridge/DitaTorusLocus.lean:4812:6: Variable name `Hu` is not explicitly referenced.
2026-10-07T22:21:00.2797724Z 
2026-10-07T22:21:00.2798445Z Hint: The binding can be removed (if unused) or named `_` (if used implicitly). Alternatively, prefix the name with `_` to silence this warning:
2026-10-07T22:21:00.2798576Z   [apply] _Hu
2026-10-07T22:21:00.2798584Z 
2026-10-07T22:21:00.2798965Z Note: This linter can be disabled with `set_option linter.unusedVariables false`
2026-10-07T22:21:00.2799556Z warning: OIBridge/DitaTorusLocus.lean:4819:6: Variable name `ditamc` is not explicitly referenced.
2026-10-07T22:21:00.2799563Z 
2026-10-07T22:21:00.2800339Z Hint: The binding can be removed (if unused) or named `_` (if used implicitly). Alternatively, prefix the name with `_` to silence this warning:
2026-10-07T22:21:00.2800479Z   [apply] _ditamc
2026-10-07T22:21:00.2800484Z 
2026-10-07T22:21:00.2800859Z Note: This linter can be disabled with `set_option linter.unusedVariables false`
2026-10-07T22:21:00.2801346Z warning: OIBridge/DitaTorusLocus.lean:4822:6: Variable name `ditamr` is not explicitly referenced.
2026-10-07T22:21:00.2801457Z 
2026-10-07T22:21:00.2802155Z Hint: The binding can be removed (if unused) or named `_` (if used implicitly). Alternatively, prefix the name with `_` to silence this warning:
2026-10-07T22:21:00.2802331Z   [apply] _ditamr
2026-10-07T22:21:00.2802340Z 
2026-10-07T22:21:00.2802906Z Note: This linter can be disabled with `set_option linter.unusedVariables false`
2026-10-07T22:21:00.2803734Z info: OIBridge/DitaTorusLocus.lean:4829:0: 'OIBridge.DitaTorusLocus.a40_shared_excl_t3_c' depends on axioms: [propext, Classical.choice, Quot.sound]
2026-10-07T22:21:00.2804222Z warning: OIBridge/DitaTorusLocus.lean:4837:6: Variable name `pt` is not explicitly referenced.
2026-10-07T22:21:00.2804229Z 
2026-10-07T22:21:00.2805002Z Hint: The binding can be removed (if unused) or named `_` (if used implicitly). Alternatively, prefix the name with `_` to silence this warning:
2026-10-07T22:21:00.2805136Z   [apply] _pt
2026-10-07T22:21:00.2805149Z 
2026-10-07T22:21:00.2805524Z Note: This linter can be disabled with `set_option linter.unusedVariables false`
2026-10-07T22:21:00.2806001Z warning: OIBridge/DitaTorusLocus.lean:4841:6: Variable name `S` is not explicitly referenced.
2026-10-07T22:21:00.2806010Z 
2026-10-07T22:21:00.2806743Z Hint: The binding can be removed (if unused) or named `_` (if used implicitly). Alternatively, prefix the name with `_` to silence this warning:
2026-10-07T22:21:00.2806994Z   [apply] _S
2026-10-07T22:21:00.2807000Z 
2026-10-07T22:21:00.2807377Z Note: This linter can be disabled with `set_option linter.unusedVariables false`
2026-10-07T22:21:00.2807867Z warning: OIBridge/DitaTorusLocus.lean:4842:6: Variable name `tor` is not explicitly referenced.
2026-10-07T22:21:00.2807873Z 
2026-10-07T22:21:00.2808606Z Hint: The binding can be removed (if unused) or named `_` (if used implicitly). Alternatively, prefix the name with `_` to silence this warning:
2026-10-07T22:21:00.2808745Z   [apply] _tor
2026-10-07T22:21:00.2808754Z 
2026-10-07T22:21:00.2809132Z Note: This linter can be disabled with `set_option linter.unusedVariables false`
2026-10-07T22:21:00.2809662Z warning: OIBridge/DitaTorusLocus.lean:4843:6: Variable name `adj` is not explicitly referenced.
2026-10-07T22:21:00.2809768Z 
2026-10-07T22:21:00.2810512Z Hint: The binding can be removed (if unused) or named `_` (if used implicitly). Alternatively, prefix the name with `_` to silence this warning:
2026-10-07T22:21:00.2810649Z   [apply] _adj
2026-10-07T22:21:00.2810653Z 
2026-10-07T22:21:00.2811043Z Note: This linter can be disabled with `set_option linter.unusedVariables false`
2026-10-07T22:21:00.2811763Z warning: OIBridge/DitaTorusLocus.lean:4844:6: Variable name `μ` is not explicitly referenced.
2026-10-07T22:21:00.2811769Z 
2026-10-07T22:21:00.2812490Z Hint: The binding can be removed (if unused) or named `_` (if used implicitly). Alternatively, prefix the name with `_` to silence this warning:
2026-10-07T22:21:00.2812878Z   [apply] _μ
2026-10-07T22:21:00.2812893Z 
2026-10-07T22:21:00.2813283Z Note: This linter can be disabled with `set_option linter.unusedVariables false`
2026-10-07T22:21:00.2813763Z warning: OIBridge/DitaTorusLocus.lean:4846:6: Variable name `N` is not explicitly referenced.
2026-10-07T22:21:00.2813769Z 
2026-10-07T22:21:00.2814492Z Hint: The binding can be removed (if unused) or named `_` (if used implicitly). Alternatively, prefix the name with `_` to silence this warning:
2026-10-07T22:21:00.2814742Z   [apply] _N
2026-10-07T22:21:00.2814751Z 
2026-10-07T22:21:00.2815134Z Note: This linter can be disabled with `set_option linter.unusedVariables false`
2026-10-07T22:21:00.2815747Z warning: OIBridge/DitaTorusLocus.lean:4851:6: Variable name `Δc` is not explicitly referenced.
2026-10-07T22:21:00.2815753Z 
2026-10-07T22:21:00.2816496Z Hint: The binding can be removed (if unused) or named `_` (if used implicitly). Alternatively, prefix the name with `_` to silence this warning:
2026-10-07T22:21:00.2816669Z   [apply] _Δc
2026-10-07T22:21:00.2816790Z 
2026-10-07T22:21:00.2817171Z Note: This linter can be disabled with `set_option linter.unusedVariables false`
2026-10-07T22:21:00.2817779Z warning: OIBridge/DitaTorusLocus.lean:4852:6: Variable name `Δr` is not explicitly referenced.
2026-10-07T22:21:00.2817786Z 
2026-10-07T22:21:00.2818529Z Hint: The binding can be removed (if unused) or named `_` (if used implicitly). Alternatively, prefix the name with `_` to silence this warning:
2026-10-07T22:21:00.2818709Z   [apply] _Δr
2026-10-07T22:21:00.2818714Z 
2026-10-07T22:21:00.2819088Z Note: This linter can be disabled with `set_option linter.unusedVariables false`
2026-10-07T22:21:00.2819575Z warning: OIBridge/DitaTorusLocus.lean:4855:6: Variable name `dgT` is not explicitly referenced.
2026-10-07T22:21:00.2819581Z 
2026-10-07T22:21:00.2820297Z Hint: The binding can be removed (if unused) or named `_` (if used implicitly). Alternatively, prefix the name with `_` to silence this warning:
2026-10-07T22:21:00.2820432Z   [apply] _dgT
2026-10-07T22:21:00.2820442Z 
2026-10-07T22:21:00.2820827Z Note: This linter can be disabled with `set_option linter.unusedVariables false`
2026-10-07T22:21:00.2821325Z warning: OIBridge/DitaTorusLocus.lean:4859:6: Variable name `dita28` is not explicitly referenced.
2026-10-07T22:21:00.2821338Z 
2026-10-07T22:21:00.2822077Z Hint: The binding can be removed (if unused) or named `_` (if used implicitly). Alternatively, prefix the name with `_` to silence this warning:
2026-10-07T22:21:00.2822329Z   [apply] _dita28
2026-10-07T22:21:00.2822335Z 
2026-10-07T22:21:00.2822926Z Note: This linter can be disabled with `set_option linter.unusedVariables false`
2026-10-07T22:21:00.2823437Z warning: OIBridge/DitaTorusLocus.lean:4862:6: Variable name `dita82` is not explicitly referenced.
2026-10-07T22:21:00.2823442Z 
2026-10-07T22:21:00.2824176Z Hint: The binding can be removed (if unused) or named `_` (if used implicitly). Alternatively, prefix the name with `_` to silence this warning:
2026-10-07T22:21:00.2824306Z   [apply] _dita82
2026-10-07T22:21:00.2824319Z 
2026-10-07T22:21:00.2824703Z Note: This linter can be disabled with `set_option linter.unusedVariables false`
2026-10-07T22:21:00.2825190Z warning: OIBridge/DitaTorusLocus.lean:4869:6: Variable name `P` is not explicitly referenced.
2026-10-07T22:21:00.2825312Z 
2026-10-07T22:21:00.2826093Z Hint: The binding can be removed (if unused) or named `_` (if used implicitly). Alternatively, prefix the name with `_` to silence this warning:
2026-10-07T22:21:00.2826237Z   [apply] _P
2026-10-07T22:21:00.2826244Z 
2026-10-07T22:21:00.2826621Z Note: This linter can be disabled with `set_option linter.unusedVariables false`
2026-10-07T22:21:00.2827113Z warning: OIBridge/DitaTorusLocus.lean:4872:6: Variable name `ditak1` is not explicitly referenced.
2026-10-07T22:21:00.2827118Z 
2026-10-07T22:21:00.2827841Z Hint: The binding can be removed (if unused) or named `_` (if used implicitly). Alternatively, prefix the name with `_` to silence this warning:
2026-10-07T22:21:00.2827979Z   [apply] _ditak1
2026-10-07T22:21:00.2827988Z 
2026-10-07T22:21:00.2828369Z Note: This linter can be disabled with `set_option linter.unusedVariables false`
2026-10-07T22:21:00.2828869Z warning: OIBridge/DitaTorusLocus.lean:4875:6: Variable name `ditak2` is not explicitly referenced.
2026-10-07T22:21:00.2828879Z 
2026-10-07T22:21:00.2829727Z Hint: The binding can be removed (if unused) or named `_` (if used implicitly). Alternatively, prefix the name with `_` to silence this warning:
2026-10-07T22:21:00.2829866Z   [apply] _ditak2
2026-10-07T22:21:00.2829871Z 
2026-10-07T22:21:00.2830248Z Note: This linter can be disabled with `set_option linter.unusedVariables false`
2026-10-07T22:21:00.2830740Z warning: OIBridge/DitaTorusLocus.lean:4878:6: Variable name `ditak3` is not explicitly referenced.
2026-10-07T22:21:00.2830745Z 
2026-10-07T22:21:00.2831500Z Hint: The binding can be removed (if unused) or named `_` (if used implicitly). Alternatively, prefix the name with `_` to silence this warning:
2026-10-07T22:21:00.2831644Z   [apply] _ditak3
2026-10-07T22:21:00.2831743Z 
2026-10-07T22:21:00.2832168Z Note: This linter can be disabled with `set_option linter.unusedVariables false`
2026-10-07T22:21:00.2832869Z warning: OIBridge/DitaTorusLocus.lean:4881:6: Variable name `ditak4` is not explicitly referenced.
2026-10-07T22:21:00.2832885Z 
2026-10-07T22:21:00.2833614Z Hint: The binding can be removed (if unused) or named `_` (if used implicitly). Alternatively, prefix the name with `_` to silence this warning:
2026-10-07T22:21:00.2833751Z   [apply] _ditak4
2026-10-07T22:21:00.2833756Z 
2026-10-07T22:21:00.2834131Z Note: This linter can be disabled with `set_option linter.unusedVariables false`
2026-10-07T22:21:00.2834622Z warning: OIBridge/DitaTorusLocus.lean:4884:6: Variable name `ditae1` is not explicitly referenced.
2026-10-07T22:21:00.2834628Z 
2026-10-07T22:21:00.2835348Z Hint: The binding can be removed (if unused) or named `_` (if used implicitly). Alternatively, prefix the name with `_` to silence this warning:
2026-10-07T22:21:00.2835492Z   [apply] _ditae1
2026-10-07T22:21:00.2835498Z 
2026-10-07T22:21:00.2835869Z Note: This linter can be disabled with `set_option linter.unusedVariables false`
2026-10-07T22:21:00.2836364Z warning: OIBridge/DitaTorusLocus.lean:4887:6: Variable name `ditae2` is not explicitly referenced.
2026-10-07T22:21:00.2836467Z 
2026-10-07T22:21:00.2837201Z Hint: The binding can be removed (if unused) or named `_` (if used implicitly). Alternatively, prefix the name with `_` to silence this warning:
2026-10-07T22:21:00.2837327Z   [apply] _ditae2
2026-10-07T22:21:00.2837332Z 
2026-10-07T22:21:00.2837714Z Note: This linter can be disabled with `set_option linter.unusedVariables false`
2026-10-07T22:21:00.2838220Z warning: OIBridge/DitaTorusLocus.lean:4890:6: Variable name `ditat2` is not explicitly referenced.
2026-10-07T22:21:00.2838226Z 
2026-10-07T22:21:00.2838999Z Hint: The binding can be removed (if unused) or named `_` (if used implicitly). Alternatively, prefix the name with `_` to silence this warning:
2026-10-07T22:21:00.2839148Z   [apply] _ditat2
2026-10-07T22:21:00.2839153Z 
2026-10-07T22:21:00.2839569Z Note: This linter can be disabled with `set_option linter.unusedVariables false`
2026-10-07T22:21:00.2840163Z warning: OIBridge/DitaTorusLocus.lean:4895:6: Variable name `Hu` is not explicitly referenced.
2026-10-07T22:21:00.2840177Z 
2026-10-07T22:21:00.2840907Z Hint: The binding can be removed (if unused) or named `_` (if used implicitly). Alternatively, prefix the name with `_` to silence this warning:
2026-10-07T22:21:00.2841045Z   [apply] _Hu
2026-10-07T22:21:00.2841050Z 
2026-10-07T22:21:00.2841432Z Note: This linter can be disabled with `set_option linter.unusedVariables false`
2026-10-07T22:21:00.2841926Z warning: OIBridge/DitaTorusLocus.lean:4902:6: Variable name `ditamc` is not explicitly referenced.
2026-10-07T22:21:00.2841933Z 
2026-10-07T22:21:00.2842862Z Hint: The binding can be removed (if unused) or named `_` (if used implicitly). Alternatively, prefix the name with `_` to silence this warning:
2026-10-07T22:21:00.2843005Z   [apply] _ditamc
2026-10-07T22:21:00.2843012Z 
2026-10-07T22:21:00.2843401Z Note: This linter can be disabled with `set_option linter.unusedVariables false`
2026-10-07T22:21:00.2843900Z warning: OIBridge/DitaTorusLocus.lean:4905:6: Variable name `ditamr` is not explicitly referenced.
2026-10-07T22:21:00.2843909Z 
2026-10-07T22:21:00.2844732Z Hint: The binding can be removed (if unused) or named `_` (if used implicitly). Alternatively, prefix the name with `_` to silence this warning:
2026-10-07T22:21:00.2844881Z   [apply] _ditamr
2026-10-07T22:21:00.2844885Z 
2026-10-07T22:21:00.2845267Z Note: This linter can be disabled with `set_option linter.unusedVariables false`
2026-10-07T22:21:00.2846135Z info: OIBridge/DitaTorusLocus.lean:4912:0: 'OIBridge.DitaTorusLocus.a40_shared_excl_t3_r' depends on axioms: [propext, Classical.choice, Quot.sound]
2026-10-07T22:21:00.2846629Z warning: OIBridge/DitaTorusLocus.lean:4920:6: Variable name `pt` is not explicitly referenced.
2026-10-07T22:21:00.2846735Z 
2026-10-07T22:21:00.2847521Z Hint: The binding can be removed (if unused) or named `_` (if used implicitly). Alternatively, prefix the name with `_` to silence this warning:
2026-10-07T22:21:00.2847652Z   [apply] _pt
2026-10-07T22:21:00.2847665Z 
2026-10-07T22:21:00.2848041Z Note: This linter can be disabled with `set_option linter.unusedVariables false`
2026-10-07T22:21:00.2848525Z warning: OIBridge/DitaTorusLocus.lean:4924:6: Variable name `S` is not explicitly referenced.
2026-10-07T22:21:00.2848531Z 
2026-10-07T22:21:00.2849267Z Hint: The binding can be removed (if unused) or named `_` (if used implicitly). Alternatively, prefix the name with `_` to silence this warning:
2026-10-07T22:21:00.2849394Z   [apply] _S
2026-10-07T22:21:00.2849400Z 
2026-10-07T22:21:00.2849782Z Note: This linter can be disabled with `set_option linter.unusedVariables false`
2026-10-07T22:21:00.2850268Z warning: OIBridge/DitaTorusLocus.lean:4925:6: Variable name `tor` is not explicitly referenced.
2026-10-07T22:21:00.2850277Z 
2026-10-07T22:21:00.2850995Z Hint: The binding can be removed (if unused) or named `_` (if used implicitly). Alternatively, prefix the name with `_` to silence this warning:
2026-10-07T22:21:00.2851129Z   [apply] _tor
2026-10-07T22:21:00.2851134Z 
2026-10-07T22:21:00.2851510Z Note: This linter can be disabled with `set_option linter.unusedVariables false`
2026-10-07T22:21:00.2852104Z warning: OIBridge/DitaTorusLocus.lean:4926:6: Variable name `adj` is not explicitly referenced.
2026-10-07T22:21:00.2852110Z 
2026-10-07T22:21:00.2853083Z Hint: The binding can be removed (if unused) or named `_` (if used implicitly). Alternatively, prefix the name with `_` to silence this warning:
2026-10-07T22:21:00.2853226Z   [apply] _adj
2026-10-07T22:21:00.2853231Z 
2026-10-07T22:21:00.2853608Z Note: This linter can be disabled with `set_option linter.unusedVariables false`
2026-10-07T22:21:00.2854305Z warning: OIBridge/DitaTorusLocus.lean:4927:6: Variable name `μ` is not explicitly referenced.
2026-10-07T22:21:00.2854319Z 
2026-10-07T22:21:00.2855053Z Hint: The binding can be removed (if unused) or named `_` (if used implicitly). Alternatively, prefix the name with `_` to silence this warning:
2026-10-07T22:21:00.2855204Z   [apply] _μ
2026-10-07T22:21:00.2855210Z 
2026-10-07T22:21:00.2855703Z Note: This linter can be disabled with `set_option linter.unusedVariables false`
2026-10-07T22:21:00.2856189Z warning: OIBridge/DitaTorusLocus.lean:4929:6: Variable name `N` is not explicitly referenced.
2026-10-07T22:21:00.2856195Z 
2026-10-07T22:21:00.2856914Z Hint: The binding can be removed (if unused) or named `_` (if used implicitly). Alternatively, prefix the name with `_` to silence this warning:
2026-10-07T22:21:00.2857044Z   [apply] _N
2026-10-07T22:21:00.2857049Z 
2026-10-07T22:21:00.2857428Z Note: This linter can be disabled with `set_option linter.unusedVariables false`
2026-10-07T22:21:00.2858024Z warning: OIBridge/DitaTorusLocus.lean:4934:6: Variable name `Δc` is not explicitly referenced.
2026-10-07T22:21:00.2858035Z 
2026-10-07T22:21:00.2858765Z Hint: The binding can be removed (if unused) or named `_` (if used implicitly). Alternatively, prefix the name with `_` to silence this warning:
2026-10-07T22:21:00.2858986Z   [apply] _Δc
2026-10-07T22:21:00.2858996Z 
2026-10-07T22:21:00.2859385Z Note: This linter can be disabled with `set_option linter.unusedVariables false`
2026-10-07T22:21:00.2860230Z warning: OIBridge/DitaTorusLocus.lean:4935:6: Variable name `Δr` is not explicitly referenced.
2026-10-07T22:21:00.2860244Z 
2026-10-07T22:21:00.2860980Z Hint: The binding can be removed (if unused) or named `_` (if used implicitly). Alternatively, prefix the name with `_` to silence this warning:
2026-10-07T22:21:00.2861148Z   [apply] _Δr
2026-10-07T22:21:00.2861153Z 
2026-10-07T22:21:00.2861532Z Note: This linter can be disabled with `set_option linter.unusedVariables false`
2026-10-07T22:21:00.2862020Z warning: OIBridge/DitaTorusLocus.lean:4938:6: Variable name `dgT` is not explicitly referenced.
2026-10-07T22:21:00.2862128Z 
2026-10-07T22:21:00.2863086Z Hint: The binding can be removed (if unused) or named `_` (if used implicitly). Alternatively, prefix the name with `_` to silence this warning:
2026-10-07T22:21:00.2863228Z   [apply] _dgT
2026-10-07T22:21:00.2863234Z 
2026-10-07T22:21:00.2863623Z Note: This linter can be disabled with `set_option linter.unusedVariables false`
2026-10-07T22:21:00.2864122Z warning: OIBridge/DitaTorusLocus.lean:4942:6: Variable name `dita28` is not explicitly referenced.
2026-10-07T22:21:00.2864137Z 
2026-10-07T22:21:00.2864857Z Hint: The binding can be removed (if unused) or named `_` (if used implicitly). Alternatively, prefix the name with `_` to silence this warning:
2026-10-07T22:21:00.2864994Z   [apply] _dita28
2026-10-07T22:21:00.2864999Z 
2026-10-07T22:21:00.2865373Z Note: This linter can be disabled with `set_option linter.unusedVariables false`
2026-10-07T22:21:00.2865861Z warning: OIBridge/DitaTorusLocus.lean:4945:6: Variable name `dita82` is not explicitly referenced.
2026-10-07T22:21:00.2865872Z 
2026-10-07T22:21:00.2866592Z Hint: The binding can be removed (if unused) or named `_` (if used implicitly). Alternatively, prefix the name with `_` to silence this warning:
2026-10-07T22:21:00.2866731Z   [apply] _dita82
2026-10-07T22:21:00.2866736Z 
2026-10-07T22:21:00.2867107Z Note: This linter can be disabled with `set_option linter.unusedVariables false`
2026-10-07T22:21:00.2867763Z warning: OIBridge/DitaTorusLocus.lean:4952:6: Variable name `P` is not explicitly referenced.
2026-10-07T22:21:00.2867769Z 
2026-10-07T22:21:00.2868497Z Hint: The binding can be removed (if unused) or named `_` (if used implicitly). Alternatively, prefix the name with `_` to silence this warning:
2026-10-07T22:21:00.2868619Z   [apply] _P
2026-10-07T22:21:00.2868625Z 
2026-10-07T22:21:00.2869014Z Note: This linter can be disabled with `set_option linter.unusedVariables false`
2026-10-07T22:21:00.2869519Z warning: OIBridge/DitaTorusLocus.lean:4955:6: Variable name `ditak1` is not explicitly referenced.
2026-10-07T22:21:00.2869527Z 
2026-10-07T22:21:00.2870262Z Hint: The binding can be removed (if unused) or named `_` (if used implicitly). Alternatively, prefix the name with `_` to silence this warning:
2026-10-07T22:21:00.2870401Z   [apply] _ditak1
2026-10-07T22:21:00.2870406Z 
2026-10-07T22:21:00.2870869Z Note: This linter can be disabled with `set_option linter.unusedVariables false`
2026-10-07T22:21:00.2871377Z warning: OIBridge/DitaTorusLocus.lean:4958:6: Variable name `ditak2` is not explicitly referenced.
2026-10-07T22:21:00.2871384Z 
2026-10-07T22:21:00.2872121Z Hint: The binding can be removed (if unused) or named `_` (if used implicitly). Alternatively, prefix the name with `_` to silence this warning:
2026-10-07T22:21:00.2872252Z   [apply] _ditak2
2026-10-07T22:21:00.2872257Z 
2026-10-07T22:21:00.2872851Z Note: This linter can be disabled with `set_option linter.unusedVariables false`
2026-10-07T22:21:00.2873356Z warning: OIBridge/DitaTorusLocus.lean:4961:6: Variable name `ditak3` is not explicitly referenced.
2026-10-07T22:21:00.2873366Z 
2026-10-07T22:21:00.2874089Z Hint: The binding can be removed (if unused) or named `_` (if used implicitly). Alternatively, prefix the name with `_` to silence this warning:
2026-10-07T22:21:00.2874247Z   [apply] _ditak3
2026-10-07T22:21:00.2874256Z 
2026-10-07T22:21:00.2874648Z Note: This linter can be disabled with `set_option linter.unusedVariables false`
2026-10-07T22:21:00.2875259Z warning: OIBridge/DitaTorusLocus.lean:4964:6: Variable name `ditak4` is not explicitly referenced.
2026-10-07T22:21:00.2875266Z 
2026-10-07T22:21:00.2876009Z Hint: The binding can be removed (if unused) or named `_` (if used implicitly). Alternatively, prefix the name with `_` to silence this warning:
2026-10-07T22:21:00.2876146Z   [apply] _ditak4
2026-10-07T22:21:00.2876152Z 
2026-10-07T22:21:00.2876519Z Note: This linter can be disabled with `set_option linter.unusedVariables false`
2026-10-07T22:21:00.2877025Z warning: OIBridge/DitaTorusLocus.lean:4967:6: Variable name `ditae1` is not explicitly referenced.
2026-10-07T22:21:00.2877121Z 
2026-10-07T22:21:00.2877859Z Hint: The binding can be removed (if unused) or named `_` (if used implicitly). Alternatively, prefix the name with `_` to silence this warning:
2026-10-07T22:21:00.2878000Z   [apply] _ditae1
2026-10-07T22:21:00.2878016Z 
2026-10-07T22:21:00.2878447Z Note: This linter can be disabled with `set_option linter.unusedVariables false`
2026-10-07T22:21:00.2878948Z warning: OIBridge/DitaTorusLocus.lean:4970:6: Variable name `ditae2` is not explicitly referenced.
2026-10-07T22:21:00.2878953Z 
2026-10-07T22:21:00.2879680Z Hint: The binding can be removed (if unused) or named `_` (if used implicitly). Alternatively, prefix the name with `_` to silence this warning:
2026-10-07T22:21:00.2879814Z   [apply] _ditae2
2026-10-07T22:21:00.2879819Z 
2026-10-07T22:21:00.2880208Z Note: This linter can be disabled with `set_option linter.unusedVariables false`
2026-10-07T22:21:00.2880713Z warning: OIBridge/DitaTorusLocus.lean:4973:6: Variable name `ditat2` is not explicitly referenced.
2026-10-07T22:21:00.2880723Z 
2026-10-07T22:21:00.2881499Z Hint: The binding can be removed (if unused) or named `_` (if used implicitly). Alternatively, prefix the name with `_` to silence this warning:
2026-10-07T22:21:00.2881642Z   [apply] _ditat2
2026-10-07T22:21:00.2881647Z 
2026-10-07T22:21:00.2882178Z Note: This linter can be disabled with `set_option linter.unusedVariables false`
2026-10-07T22:21:00.2882870Z warning: OIBridge/DitaTorusLocus.lean:4976:6: Variable name `ditat3` is not explicitly referenced.
2026-10-07T22:21:00.2882877Z 
2026-10-07T22:21:00.2883611Z Hint: The binding can be removed (if unused) or named `_` (if used implicitly). Alternatively, prefix the name with `_` to silence this warning:
2026-10-07T22:21:00.2883750Z   [apply] _ditat3
2026-10-07T22:21:00.2883757Z 
2026-10-07T22:21:00.2884128Z Note: This linter can be disabled with `set_option linter.unusedVariables false`
2026-10-07T22:21:00.2884607Z warning: OIBridge/DitaTorusLocus.lean:4978:6: Variable name `Hu` is not explicitly referenced.
2026-10-07T22:21:00.2884616Z 
2026-10-07T22:21:00.2885387Z Hint: The binding can be removed (if unused) or named `_` (if used implicitly). Alternatively, prefix the name with `_` to silence this warning:
2026-10-07T22:21:00.2885622Z   [apply] _Hu
2026-10-07T22:21:00.2885632Z 
2026-10-07T22:21:00.2886011Z Note: This linter can be disabled with `set_option linter.unusedVariables false`
2026-10-07T22:21:00.2886522Z warning: OIBridge/DitaTorusLocus.lean:4988:6: Variable name `ditamr` is not explicitly referenced.
2026-10-07T22:21:00.2886531Z 
2026-10-07T22:21:00.2887245Z Hint: The binding can be removed (if unused) or named `_` (if used implicitly). Alternatively, prefix the name with `_` to silence this warning:
2026-10-07T22:21:00.2887375Z   [apply] _ditamr
2026-10-07T22:21:00.2887379Z 
2026-10-07T22:21:00.2887749Z Note: This linter can be disabled with `set_option linter.unusedVariables false`
2026-10-07T22:21:00.2888618Z info: OIBridge/DitaTorusLocus.lean:4995:0: 'OIBridge.DitaTorusLocus.a40_shared_excl_mc_c' depends on axioms: [propext, Classical.choice, Quot.sound]
2026-10-07T22:21:00.2889109Z warning: OIBridge/DitaTorusLocus.lean:5003:6: Variable name `pt` is not explicitly referenced.
2026-10-07T22:21:00.2889115Z 
2026-10-07T22:21:00.2889850Z Hint: The binding can be removed (if unused) or named `_` (if used implicitly). Alternatively, prefix the name with `_` to silence this warning:
2026-10-07T22:21:00.2890120Z   [apply] _pt
2026-10-07T22:21:00.2890127Z 
2026-10-07T22:21:00.2890510Z Note: This linter can be disabled with `set_option linter.unusedVariables false`
2026-10-07T22:21:00.2890980Z warning: OIBridge/DitaTorusLocus.lean:5007:6: Variable name `S` is not explicitly referenced.
2026-10-07T22:21:00.2890986Z 
2026-10-07T22:21:00.2891712Z Hint: The binding can be removed (if unused) or named `_` (if used implicitly). Alternatively, prefix the name with `_` to silence this warning:
2026-10-07T22:21:00.2891854Z   [apply] _S
2026-10-07T22:21:00.2891859Z 
2026-10-07T22:21:00.2892339Z Note: This linter can be disabled with `set_option linter.unusedVariables false`
2026-10-07T22:21:00.2893041Z warning: OIBridge/DitaTorusLocus.lean:5008:6: Variable name `tor` is not explicitly referenced.
2026-10-07T22:21:00.2893055Z 
2026-10-07T22:21:00.2893787Z Hint: The binding can be removed (if unused) or named `_` (if used implicitly). Alternatively, prefix the name with `_` to silence this warning:
2026-10-07T22:21:00.2893922Z   [apply] _tor
2026-10-07T22:21:00.2893929Z 
2026-10-07T22:21:00.2894304Z Note: This linter can be disabled with `set_option linter.unusedVariables false`
2026-10-07T22:21:00.2894790Z warning: OIBridge/DitaTorusLocus.lean:5009:6: Variable name `adj` is not explicitly referenced.
2026-10-07T22:21:00.2894795Z 
2026-10-07T22:21:00.2895519Z Hint: The binding can be removed (if unused) or named `_` (if used implicitly). Alternatively, prefix the name with `_` to silence this warning:
2026-10-07T22:21:00.2895653Z   [apply] _adj
2026-10-07T22:21:00.2895658Z 
2026-10-07T22:21:00.2896033Z Note: This linter can be disabled with `set_option linter.unusedVariables false`
2026-10-07T22:21:00.2896675Z warning: OIBridge/DitaTorusLocus.lean:5010:6: Variable name `μ` is not explicitly referenced.
2026-10-07T22:21:00.2896681Z 
2026-10-07T22:21:00.2897405Z Hint: The binding can be removed (if unused) or named `_` (if used implicitly). Alternatively, prefix the name with `_` to silence this warning:
2026-10-07T22:21:00.2897673Z   [apply] _μ
2026-10-07T22:21:00.2897679Z 
2026-10-07T22:21:00.2898110Z Note: This linter can be disabled with `set_option linter.unusedVariables false`
2026-10-07T22:21:00.2898582Z warning: OIBridge/DitaTorusLocus.lean:5012:6: Variable name `N` is not explicitly referenced.
2026-10-07T22:21:00.2898587Z 
2026-10-07T22:21:00.2899306Z Hint: The binding can be removed (if unused) or named `_` (if used implicitly). Alternatively, prefix the name with `_` to silence this warning:
2026-10-07T22:21:00.2899439Z   [apply] _N
2026-10-07T22:21:00.2899444Z 
2026-10-07T22:21:00.2899825Z Note: This linter can be disabled with `set_option linter.unusedVariables false`
2026-10-07T22:21:00.2900445Z warning: OIBridge/DitaTorusLocus.lean:5017:6: Variable name `Δc` is not explicitly referenced.
2026-10-07T22:21:00.2900452Z 
2026-10-07T22:21:00.2901279Z Hint: The binding can be removed (if unused) or named `_` (if used implicitly). Alternatively, prefix the name with `_` to silence this warning:
2026-10-07T22:21:00.2901471Z   [apply] _Δc
2026-10-07T22:21:00.2901477Z 
2026-10-07T22:21:00.2901857Z Note: This linter can be disabled with `set_option linter.unusedVariables false`
2026-10-07T22:21:00.2902447Z warning: OIBridge/DitaTorusLocus.lean:5018:6: Variable name `Δr` is not explicitly referenced.
2026-10-07T22:21:00.2902453Z 
2026-10-07T22:21:00.2903395Z Hint: The binding can be removed (if unused) or named `_` (if used implicitly). Alternatively, prefix the name with `_` to silence this warning:
2026-10-07T22:21:00.2903559Z   [apply] _Δr
2026-10-07T22:21:00.2903564Z 
2026-10-07T22:21:00.2903958Z Note: This linter can be disabled with `set_option linter.unusedVariables false`
2026-10-07T22:21:00.2904453Z warning: OIBridge/DitaTorusLocus.lean:5021:6: Variable name `dgT` is not explicitly referenced.
2026-10-07T22:21:00.2904460Z 
2026-10-07T22:21:00.2905200Z Hint: The binding can be removed (if unused) or named `_` (if used implicitly). Alternatively, prefix the name with `_` to silence this warning:
2026-10-07T22:21:00.2905558Z   [apply] _dgT
2026-10-07T22:21:00.2905567Z 
2026-10-07T22:21:00.2906097Z Note: This linter can be disabled with `set_option linter.unusedVariables false`
2026-10-07T22:21:00.2906614Z warning: OIBridge/DitaTorusLocus.lean:5025:6: Variable name `dita28` is not explicitly referenced.
2026-10-07T22:21:00.2906621Z 
2026-10-07T22:21:00.2907344Z Hint: The binding can be removed (if unused) or named `_` (if used implicitly). Alternatively, prefix the name with `_` to silence this warning:
2026-10-07T22:21:00.2907480Z   [apply] _dita28
2026-10-07T22:21:00.2907486Z 
2026-10-07T22:21:00.2907965Z Note: This linter can be disabled with `set_option linter.unusedVariables false`
2026-10-07T22:21:00.2908474Z warning: OIBridge/DitaTorusLocus.lean:5028:6: Variable name `dita82` is not explicitly referenced.
2026-10-07T22:21:00.2908480Z 
2026-10-07T22:21:00.2909198Z Hint: The binding can be removed (if unused) or named `_` (if used implicitly). Alternatively, prefix the name with `_` to silence this warning:
2026-10-07T22:21:00.2909336Z   [apply] _dita82
2026-10-07T22:21:00.2909349Z 
2026-10-07T22:21:00.2909728Z Note: This linter can be disabled with `set_option linter.unusedVariables false`
2026-10-07T22:21:00.2910206Z warning: OIBridge/DitaTorusLocus.lean:5035:6: Variable name `P` is not explicitly referenced.
2026-10-07T22:21:00.2910211Z 
2026-10-07T22:21:00.2910916Z Hint: The binding can be removed (if unused) or named `_` (if used implicitly). Alternatively, prefix the name with `_` to silence this warning:
2026-10-07T22:21:00.2911049Z   [apply] _P
2026-10-07T22:21:00.2911054Z 
2026-10-07T22:21:00.2911441Z Note: This linter can be disabled with `set_option linter.unusedVariables false`
2026-10-07T22:21:00.2911937Z warning: OIBridge/DitaTorusLocus.lean:5038:6: Variable name `ditak1` is not explicitly referenced.
2026-10-07T22:21:00.2911942Z 
2026-10-07T22:21:00.2912858Z Hint: The binding can be removed (if unused) or named `_` (if used implicitly). Alternatively, prefix the name with `_` to silence this warning:
2026-10-07T22:21:00.2913107Z   [apply] _ditak1
2026-10-07T22:21:00.2913114Z 
2026-10-07T22:21:00.2913498Z Note: This linter can be disabled with `set_option linter.unusedVariables false`
2026-10-07T22:21:00.2913986Z warning: OIBridge/DitaTorusLocus.lean:5041:6: Variable name `ditak2` is not explicitly referenced.
2026-10-07T22:21:00.2913992Z 
2026-10-07T22:21:00.2914717Z Hint: The binding can be removed (if unused) or named `_` (if used implicitly). Alternatively, prefix the name with `_` to silence this warning:
2026-10-07T22:21:00.2914859Z   [apply] _ditak2
2026-10-07T22:21:00.2914868Z 
2026-10-07T22:21:00.2915243Z Note: This linter can be disabled with `set_option linter.unusedVariables false`
2026-10-07T22:21:00.2915734Z warning: OIBridge/DitaTorusLocus.lean:5044:6: Variable name `ditak3` is not explicitly referenced.
2026-10-07T22:21:00.2915740Z 
2026-10-07T22:21:00.2916557Z Hint: The binding can be removed (if unused) or named `_` (if used implicitly). Alternatively, prefix the name with `_` to silence this warning:
2026-10-07T22:21:00.2916705Z   [apply] _ditak3
2026-10-07T22:21:00.2916710Z 
2026-10-07T22:21:00.2917085Z Note: This linter can be disabled with `set_option linter.unusedVariables false`
2026-10-07T22:21:00.2917586Z warning: OIBridge/DitaTorusLocus.lean:5047:6: Variable name `ditak4` is not explicitly referenced.
2026-10-07T22:21:00.2917591Z 
2026-10-07T22:21:00.2918313Z Hint: The binding can be removed (if unused) or named `_` (if used implicitly). Alternatively, prefix the name with `_` to silence this warning:
2026-10-07T22:21:00.2918451Z   [apply] _ditak4
2026-10-07T22:21:00.2918460Z 
2026-10-07T22:21:00.2918837Z Note: This linter can be disabled with `set_option linter.unusedVariables false`
2026-10-07T22:21:00.2919318Z warning: OIBridge/DitaTorusLocus.lean:5050:6: Variable name `ditae1` is not explicitly referenced.
2026-10-07T22:21:00.2919327Z 
2026-10-07T22:21:00.2920160Z Hint: The binding can be removed (if unused) or named `_` (if used implicitly). Alternatively, prefix the name with `_` to silence this warning:
2026-10-07T22:21:00.2920302Z   [apply] _ditae1
2026-10-07T22:21:00.2920307Z 
2026-10-07T22:21:00.2920687Z Note: This linter can be disabled with `set_option linter.unusedVariables false`
2026-10-07T22:21:00.2921182Z warning: OIBridge/DitaTorusLocus.lean:5053:6: Variable name `ditae2` is not explicitly referenced.
2026-10-07T22:21:00.2921187Z 
2026-10-07T22:21:00.2921916Z Hint: The binding can be removed (if unused) or named `_` (if used implicitly). Alternatively, prefix the name with `_` to silence this warning:
2026-10-07T22:21:00.2922048Z   [apply] _ditae2
2026-10-07T22:21:00.2922142Z 
2026-10-07T22:21:00.2922525Z Note: This linter can be disabled with `set_option linter.unusedVariables false`
2026-10-07T22:21:00.2923220Z warning: OIBridge/DitaTorusLocus.lean:5056:6: Variable name `ditat2` is not explicitly referenced.
2026-10-07T22:21:00.2923232Z 
2026-10-07T22:21:00.2923975Z Hint: The binding can be removed (if unused) or named `_` (if used implicitly). Alternatively, prefix the name with `_` to silence this warning:
2026-10-07T22:21:00.2924113Z   [apply] _ditat2
2026-10-07T22:21:00.2924118Z 
2026-10-07T22:21:00.2924490Z Note: This linter can be disabled with `set_option linter.unusedVariables false`
2026-10-07T22:21:00.2924975Z warning: OIBridge/DitaTorusLocus.lean:5059:6: Variable name `ditat3` is not explicitly referenced.
2026-10-07T22:21:00.2924988Z 
2026-10-07T22:21:00.2925699Z Hint: The binding can be removed (if unused) or named `_` (if used implicitly). Alternatively, prefix the name with `_` to silence this warning:
2026-10-07T22:21:00.2925833Z   [apply] _ditat3
2026-10-07T22:21:00.2925838Z 
2026-10-07T22:21:00.2926216Z Note: This linter can be disabled with `set_option linter.unusedVariables false`
2026-10-07T22:21:00.2926685Z warning: OIBridge/DitaTorusLocus.lean:5061:6: Variable name `Hu` is not explicitly referenced.
2026-10-07T22:21:00.2926692Z 
2026-10-07T22:21:00.2928292Z Hint: The binding can be removed (if unused) or named `_` (if used implicitly). Alternatively, prefix the name with `_` to silence this warning:
2026-10-07T22:21:00.2928426Z   [apply] _Hu
2026-10-07T22:21:00.2928431Z 
2026-10-07T22:21:00.2928803Z Note: This linter can be disabled with `set_option linter.unusedVariables false`
2026-10-07T22:21:00.2929301Z warning: OIBridge/DitaTorusLocus.lean:5068:6: Variable name `ditamc` is not explicitly referenced.
2026-10-07T22:21:00.2929307Z 
2026-10-07T22:21:00.2930092Z Hint: The binding can be removed (if unused) or named `_` (if used implicitly). Alternatively, prefix the name with `_` to silence this warning:
2026-10-07T22:21:00.2930238Z   [apply] _ditamc
2026-10-07T22:21:00.2930244Z 
2026-10-07T22:21:00.2930621Z Note: This linter can be disabled with `set_option linter.unusedVariables false`
2026-10-07T22:21:00.2932076Z info: OIBridge/DitaTorusLocus.lean:5078:0: 'OIBridge.DitaTorusLocus.a40_shared_excl_mr_r' depends on axioms: [propext, Classical.choice, Quot.sound]
2026-10-07T22:21:00.2932576Z warning: OIBridge/DitaTorusLocus.lean:5086:6: Variable name `pt` is not explicitly referenced.
2026-10-07T22:21:00.2932794Z 
2026-10-07T22:21:00.2933522Z Hint: The binding can be removed (if unused) or named `_` (if used implicitly). Alternatively, prefix the name with `_` to silence this warning:
2026-10-07T22:21:00.2933656Z   [apply] _pt
2026-10-07T22:21:00.2933661Z 
2026-10-07T22:21:00.2934028Z Note: This linter can be disabled with `set_option linter.unusedVariables false`
2026-10-07T22:21:00.2934507Z warning: OIBridge/DitaTorusLocus.lean:5090:6: Variable name `S` is not explicitly referenced.
2026-10-07T22:21:00.2934513Z 
2026-10-07T22:21:00.2935272Z Hint: The binding can be removed (if unused) or named `_` (if used implicitly). Alternatively, prefix the name with `_` to silence this warning:
2026-10-07T22:21:00.2935408Z   [apply] _S
2026-10-07T22:21:00.2935414Z 
2026-10-07T22:21:00.2935789Z Note: This linter can be disabled with `set_option linter.unusedVariables false`
2026-10-07T22:21:00.2936419Z warning: OIBridge/DitaTorusLocus.lean:5091:6: Variable name `tor` is not explicitly referenced.
2026-10-07T22:21:00.2936429Z 
2026-10-07T22:21:00.2937172Z Hint: The binding can be removed (if unused) or named `_` (if used implicitly). Alternatively, prefix the name with `_` to silence this warning:
2026-10-07T22:21:00.2937306Z   [apply] _tor
2026-10-07T22:21:00.2937312Z 
2026-10-07T22:21:00.2937688Z Note: This linter can be disabled with `set_option linter.unusedVariables false`
2026-10-07T22:21:00.2938165Z warning: OIBridge/DitaTorusLocus.lean:5092:6: Variable name `adj` is not explicitly referenced.
2026-10-07T22:21:00.2938171Z 
2026-10-07T22:21:00.2938988Z Hint: The binding can be removed (if unused) or named `_` (if used implicitly). Alternatively, prefix the name with `_` to silence this warning:
2026-10-07T22:21:00.2939112Z   [apply] _adj
2026-10-07T22:21:00.2939118Z 
2026-10-07T22:21:00.2939495Z Note: This linter can be disabled with `set_option linter.unusedVariables false`
2026-10-07T22:21:00.2940129Z warning: OIBridge/DitaTorusLocus.lean:5093:6: Variable name `μ` is not explicitly referenced.
2026-10-07T22:21:00.2940141Z 
2026-10-07T22:21:00.2940869Z Hint: The binding can be removed (if unused) or named `_` (if used implicitly). Alternatively, prefix the name with `_` to silence this warning:
2026-10-07T22:21:00.2941031Z   [apply] _μ
2026-10-07T22:21:00.2941036Z 
2026-10-07T22:21:00.2941413Z Note: This linter can be disabled with `set_option linter.unusedVariables false`
2026-10-07T22:21:00.2941871Z warning: OIBridge/DitaTorusLocus.lean:5095:6: Variable name `N` is not explicitly referenced.
2026-10-07T22:21:00.2941876Z 
2026-10-07T22:21:00.2942809Z Hint: The binding can be removed (if unused) or named `_` (if used implicitly). Alternatively, prefix the name with `_` to silence this warning:
2026-10-07T22:21:00.2942948Z   [apply] _N
2026-10-07T22:21:00.2942955Z 
2026-10-07T22:21:00.2943335Z Note: This linter can be disabled with `set_option linter.unusedVariables false`
2026-10-07T22:21:00.2944059Z warning: OIBridge/DitaTorusLocus.lean:5100:6: Variable name `Δc` is not explicitly referenced.
2026-10-07T22:21:00.2944065Z 
2026-10-07T22:21:00.2944800Z Hint: The binding can be removed (if unused) or named `_` (if used implicitly). Alternatively, prefix the name with `_` to silence this warning:
2026-10-07T22:21:00.2944967Z   [apply] _Δc
2026-10-07T22:21:00.2944973Z 
2026-10-07T22:21:00.2945355Z Note: This linter can be disabled with `set_option linter.unusedVariables false`
2026-10-07T22:21:00.2945944Z warning: OIBridge/DitaTorusLocus.lean:5101:6: Variable name `Δr` is not explicitly referenced.
2026-10-07T22:21:00.2945949Z 
2026-10-07T22:21:00.2946730Z Hint: The binding can be removed (if unused) or named `_` (if used implicitly). Alternatively, prefix the name with `_` to silence this warning:
2026-10-07T22:21:00.2946909Z   [apply] _Δr
2026-10-07T22:21:00.2946915Z 
2026-10-07T22:21:00.2947487Z Note: This linter can be disabled with `set_option linter.unusedVariables false`
2026-10-07T22:21:00.2948007Z warning: OIBridge/DitaTorusLocus.lean:5104:6: Variable name `dgT` is not explicitly referenced.
2026-10-07T22:21:00.2948013Z 
2026-10-07T22:21:00.2948748Z Hint: The binding can be removed (if unused) or named `_` (if used implicitly). Alternatively, prefix the name with `_` to silence this warning:
2026-10-07T22:21:00.2948883Z   [apply] _dgT
2026-10-07T22:21:00.2948889Z 
2026-10-07T22:21:00.2949268Z Note: This linter can be disabled with `set_option linter.unusedVariables false`
2026-10-07T22:21:00.2949760Z warning: OIBridge/DitaTorusLocus.lean:5111:6: Variable name `dita82` is not explicitly referenced.
2026-10-07T22:21:00.2949765Z 
2026-10-07T22:21:00.2950495Z Hint: The binding can be removed (if unused) or named `_` (if used implicitly). Alternatively, prefix the name with `_` to silence this warning:
2026-10-07T22:21:00.2950624Z   [apply] _dita82
2026-10-07T22:21:00.2950629Z 
2026-10-07T22:21:00.2951013Z Note: This linter can be disabled with `set_option linter.unusedVariables false`
2026-10-07T22:21:00.2951573Z warning: OIBridge/DitaTorusLocus.lean:5118:6: Variable name `P` is not explicitly referenced.
2026-10-07T22:21:00.2951580Z 
2026-10-07T22:21:00.2952312Z Hint: The binding can be removed (if unused) or named `_` (if used implicitly). Alternatively, prefix the name with `_` to silence this warning:
2026-10-07T22:21:00.2952445Z   [apply] _P
2026-10-07T22:21:00.2952450Z 
2026-10-07T22:21:00.2953141Z Note: This linter can be disabled with `set_option linter.unusedVariables false`
2026-10-07T22:21:00.2953617Z warning: OIBridge/DitaTorusLocus.lean:5144:6: Variable name `Hu` is not explicitly referenced.
2026-10-07T22:21:00.2953630Z 
2026-10-07T22:21:00.2954441Z Hint: The binding can be removed (if unused) or named `_` (if used implicitly). Alternatively, prefix the name with `_` to silence this warning:
2026-10-07T22:21:00.2954580Z   [apply] _Hu
2026-10-07T22:21:00.2954585Z 
2026-10-07T22:21:00.2954966Z Note: This linter can be disabled with `set_option linter.unusedVariables false`
2026-10-07T22:21:00.2955788Z info: OIBridge/DitaTorusLocus.lean:5232:0: 'OIBridge.DitaTorusLocus.a40_locus_kernel' depends on axioms: [propext, Classical.choice, Quot.sound]
2026-10-07T22:21:00.2956261Z warning: OIBridge/DitaTorusLocus.lean:5240:6: Variable name `pt` is not explicitly referenced.
2026-10-07T22:21:00.2956267Z 
2026-10-07T22:21:00.2956985Z Hint: The binding can be removed (if unused) or named `_` (if used implicitly). Alternatively, prefix the name with `_` to silence this warning:
2026-10-07T22:21:00.2957111Z   [apply] _pt
2026-10-07T22:21:00.2957115Z 
2026-10-07T22:21:00.2957492Z Note: This linter can be disabled with `set_option linter.unusedVariables false`
2026-10-07T22:21:00.2957962Z warning: OIBridge/DitaTorusLocus.lean:5244:6: Variable name `S` is not explicitly referenced.
2026-10-07T22:21:00.2957968Z 
2026-10-07T22:21:00.2958692Z Hint: The binding can be removed (if unused) or named `_` (if used implicitly). Alternatively, prefix the name with `_` to silence this warning:
2026-10-07T22:21:00.2958918Z   [apply] _S
2026-10-07T22:21:00.2958923Z 
2026-10-07T22:21:00.2959309Z Note: This linter can be disabled with `set_option linter.unusedVariables false`
2026-10-07T22:21:00.2959795Z warning: OIBridge/DitaTorusLocus.lean:5245:6: Variable name `tor` is not explicitly referenced.
2026-10-07T22:21:00.2959801Z 
2026-10-07T22:21:00.2960539Z Hint: The binding can be removed (if unused) or named `_` (if used implicitly). Alternatively, prefix the name with `_` to silence this warning:
2026-10-07T22:21:00.2960675Z   [apply] _tor
2026-10-07T22:21:00.2960679Z 
2026-10-07T22:21:00.2961049Z Note: This linter can be disabled with `set_option linter.unusedVariables false`
2026-10-07T22:21:00.2961535Z warning: OIBridge/DitaTorusLocus.lean:5246:6: Variable name `adj` is not explicitly referenced.
2026-10-07T22:21:00.2961541Z 
2026-10-07T22:21:00.2963122Z Hint: The binding can be removed (if unused) or named `_` (if used implicitly). Alternatively, prefix the name with `_` to silence this warning:
2026-10-07T22:21:00.2963287Z   [apply] _adj
2026-10-07T22:21:00.2963293Z 
2026-10-07T22:21:00.2963678Z Note: This linter can be disabled with `set_option linter.unusedVariables false`
2026-10-07T22:21:00.2964298Z warning: OIBridge/DitaTorusLocus.lean:5247:6: Variable name `μ` is not explicitly referenced.
2026-10-07T22:21:00.2964304Z 
2026-10-07T22:21:00.2965040Z Hint: The binding can be removed (if unused) or named `_` (if used implicitly). Alternatively, prefix the name with `_` to silence this warning:
2026-10-07T22:21:00.2965200Z   [apply] _μ
2026-10-07T22:21:00.2965206Z 
2026-10-07T22:21:00.2965582Z Note: This linter can be disabled with `set_option linter.unusedVariables false`
2026-10-07T22:21:00.2966055Z warning: OIBridge/DitaTorusLocus.lean:5249:6: Variable name `N` is not explicitly referenced.
2026-10-07T22:21:00.2966060Z 
2026-10-07T22:21:00.2966793Z Hint: The binding can be removed (if unused) or named `_` (if used implicitly). Alternatively, prefix the name with `_` to silence this warning:
2026-10-07T22:21:00.2966936Z   [apply] _N
2026-10-07T22:21:00.2966941Z 
2026-10-07T22:21:00.2967501Z Note: This linter can be disabled with `set_option linter.unusedVariables false`
2026-10-07T22:21:00.2968106Z warning: OIBridge/DitaTorusLocus.lean:5254:6: Variable name `Δc` is not explicitly referenced.
2026-10-07T22:21:00.2968113Z 
2026-10-07T22:21:00.2968883Z Hint: The binding can be removed (if unused) or named `_` (if used implicitly). Alternatively, prefix the name with `_` to silence this warning:
2026-10-07T22:21:00.2969067Z   [apply] _Δc
2026-10-07T22:21:00.2969073Z 
2026-10-07T22:21:00.2969460Z Note: This linter can be disabled with `set_option linter.unusedVariables false`
2026-10-07T22:21:00.2970170Z warning: OIBridge/DitaTorusLocus.lean:5255:6: Variable name `Δr` is not explicitly referenced.
2026-10-07T22:21:00.2970176Z 
2026-10-07T22:21:00.2970911Z Hint: The binding can be removed (if unused) or named `_` (if used implicitly). Alternatively, prefix the name with `_` to silence this warning:
2026-10-07T22:21:00.2971093Z   [apply] _Δr
2026-10-07T22:21:00.2971099Z 
2026-10-07T22:21:00.2971487Z Note: This linter can be disabled with `set_option linter.unusedVariables false`
2026-10-07T22:21:00.2971971Z warning: OIBridge/DitaTorusLocus.lean:5258:6: Variable name `dgT` is not explicitly referenced.
2026-10-07T22:21:00.2971983Z 
2026-10-07T22:21:00.2972977Z Hint: The binding can be removed (if unused) or named `_` (if used implicitly). Alternatively, prefix the name with `_` to silence this warning:
2026-10-07T22:21:00.2973120Z   [apply] _dgT
2026-10-07T22:21:00.2973125Z 
2026-10-07T22:21:00.2973514Z Note: This linter can be disabled with `set_option linter.unusedVariables false`
2026-10-07T22:21:00.2974020Z warning: OIBridge/DitaTorusLocus.lean:5265:6: Variable name `dita82` is not explicitly referenced.
2026-10-07T22:21:00.2974026Z 
2026-10-07T22:21:00.2974759Z Hint: The binding can be removed (if unused) or named `_` (if used implicitly). Alternatively, prefix the name with `_` to silence this warning:
2026-10-07T22:21:00.2975022Z   [apply] _dita82
2026-10-07T22:21:00.2975027Z 
2026-10-07T22:21:00.2975404Z Note: This linter can be disabled with `set_option linter.unusedVariables false`
2026-10-07T22:21:00.2975878Z warning: OIBridge/DitaTorusLocus.lean:5272:6: Variable name `P` is not explicitly referenced.
2026-10-07T22:21:00.2975883Z 
2026-10-07T22:21:00.2976610Z Hint: The binding can be removed (if unused) or named `_` (if used implicitly). Alternatively, prefix the name with `_` to silence this warning:
2026-10-07T22:21:00.2976746Z   [apply] _P
2026-10-07T22:21:00.2976752Z 
2026-10-07T22:21:00.2977129Z Note: This linter can be disabled with `set_option linter.unusedVariables false`
2026-10-07T22:21:00.2977608Z warning: OIBridge/DitaTorusLocus.lean:5298:6: Variable name `Hu` is not explicitly referenced.
2026-10-07T22:21:00.2977614Z 
2026-10-07T22:21:00.2978504Z Hint: The binding can be removed (if unused) or named `_` (if used implicitly). Alternatively, prefix the name with `_` to silence this warning:
2026-10-07T22:21:00.2978655Z   [apply] _Hu
2026-10-07T22:21:00.2978660Z 
2026-10-07T22:21:00.2979109Z Note: This linter can be disabled with `set_option linter.unusedVariables false`
2026-10-07T22:21:00.2979584Z warning: OIBridge/DitaTorusLocus.lean:5363:6: Variable name `pt` is not explicitly referenced.
2026-10-07T22:21:00.2979589Z 
2026-10-07T22:21:00.2980314Z Hint: The binding can be removed (if unused) or named `_` (if used implicitly). Alternatively, prefix the name with `_` to silence this warning:
2026-10-07T22:21:00.2980450Z   [apply] _pt
2026-10-07T22:21:00.2980456Z 
2026-10-07T22:21:00.2980828Z Note: This linter can be disabled with `set_option linter.unusedVariables false`
2026-10-07T22:21:00.2981311Z warning: OIBridge/DitaTorusLocus.lean:5367:6: Variable name `S` is not explicitly referenced.
2026-10-07T22:21:00.2981316Z 
2026-10-07T22:21:00.2982038Z Hint: The binding can be removed (if unused) or named `_` (if used implicitly). Alternatively, prefix the name with `_` to silence this warning:
2026-10-07T22:21:00.2982162Z   [apply] _S
2026-10-07T22:21:00.2982167Z 
2026-10-07T22:21:00.2982821Z Note: This linter can be disabled with `set_option linter.unusedVariables false`
2026-10-07T22:21:00.2983340Z warning: OIBridge/DitaTorusLocus.lean:5368:6: Variable name `tor` is not explicitly referenced.
2026-10-07T22:21:00.2983347Z 
2026-10-07T22:21:00.2984057Z Hint: The binding can be removed (if unused) or named `_` (if used implicitly). Alternatively, prefix the name with `_` to silence this warning:
2026-10-07T22:21:00.2984189Z   [apply] _tor
2026-10-07T22:21:00.2984194Z 
2026-10-07T22:21:00.2984565Z Note: This linter can be disabled with `set_option linter.unusedVariables false`
2026-10-07T22:21:00.2985141Z warning: OIBridge/DitaTorusLocus.lean:5369:6: Variable name `adj` is not explicitly referenced.
2026-10-07T22:21:00.2985147Z 
2026-10-07T22:21:00.2985884Z Hint: The binding can be removed (if unused) or named `_` (if used implicitly). Alternatively, prefix the name with `_` to silence this warning:
2026-10-07T22:21:00.2986023Z   [apply] _adj
2026-10-07T22:21:00.2986029Z 
2026-10-07T22:21:00.2986399Z Note: This linter can be disabled with `set_option linter.unusedVariables false`
2026-10-07T22:21:00.2987018Z warning: OIBridge/DitaTorusLocus.lean:5370:6: Variable name `μ` is not explicitly referenced.
2026-10-07T22:21:00.2987025Z 
2026-10-07T22:21:00.2987749Z Hint: The binding can be removed (if unused) or named `_` (if used implicitly). Alternatively, prefix the name with `_` to silence this warning:
2026-10-07T22:21:00.2987901Z   [apply] _μ
2026-10-07T22:21:00.2987913Z 
2026-10-07T22:21:00.2988288Z Note: This linter can be disabled with `set_option linter.unusedVariables false`
2026-10-07T22:21:00.2988765Z warning: OIBridge/DitaTorusLocus.lean:5372:6: Variable name `N` is not explicitly referenced.
2026-10-07T22:21:00.2988771Z 
2026-10-07T22:21:00.2989499Z Hint: The binding can be removed (if unused) or named `_` (if used implicitly). Alternatively, prefix the name with `_` to silence this warning:
2026-10-07T22:21:00.2989718Z   [apply] _N
2026-10-07T22:21:00.2989723Z 
2026-10-07T22:21:00.2990106Z Note: This linter can be disabled with `set_option linter.unusedVariables false`
2026-10-07T22:21:00.2990703Z warning: OIBridge/DitaTorusLocus.lean:5377:6: Variable name `Δc` is not explicitly referenced.
2026-10-07T22:21:00.2990709Z 
2026-10-07T22:21:00.2991430Z Hint: The binding can be removed (if unused) or named `_` (if used implicitly). Alternatively, prefix the name with `_` to silence this warning:
2026-10-07T22:21:00.2991592Z   [apply] _Δc
2026-10-07T22:21:00.2991597Z 
2026-10-07T22:21:00.2991970Z Note: This linter can be disabled with `set_option linter.unusedVariables false`
2026-10-07T22:21:00.2992555Z warning: OIBridge/DitaTorusLocus.lean:5378:6: Variable name `Δr` is not explicitly referenced.
2026-10-07T22:21:00.2992561Z 
2026-10-07T22:21:00.2993581Z Hint: The binding can be removed (if unused) or named `_` (if used implicitly). Alternatively, prefix the name with `_` to silence this warning:
2026-10-07T22:21:00.2993778Z   [apply] _Δr
2026-10-07T22:21:00.2993786Z 
2026-10-07T22:21:00.2994164Z Note: This linter can be disabled with `set_option linter.unusedVariables false`
2026-10-07T22:21:00.2994645Z warning: OIBridge/DitaTorusLocus.lean:5381:6: Variable name `dgT` is not explicitly referenced.
2026-10-07T22:21:00.2994650Z 
2026-10-07T22:21:00.2995405Z Hint: The binding can be removed (if unused) or named `_` (if used implicitly). Alternatively, prefix the name with `_` to silence this warning:
2026-10-07T22:21:00.2995535Z   [apply] _dgT
2026-10-07T22:21:00.2995540Z 
2026-10-07T22:21:00.2995915Z Note: This linter can be disabled with `set_option linter.unusedVariables false`
2026-10-07T22:21:00.2996417Z warning: OIBridge/DitaTorusLocus.lean:5388:6: Variable name `dita82` is not explicitly referenced.
2026-10-07T22:21:00.2996423Z 
2026-10-07T22:21:00.2997137Z Hint: The binding can be removed (if unused) or named `_` (if used implicitly). Alternatively, prefix the name with `_` to silence this warning:
2026-10-07T22:21:00.2997279Z   [apply] _dita82
2026-10-07T22:21:00.2997284Z 
2026-10-07T22:21:00.2997753Z Note: This linter can be disabled with `set_option linter.unusedVariables false`
2026-10-07T22:21:00.2998233Z warning: OIBridge/DitaTorusLocus.lean:5395:6: Variable name `P` is not explicitly referenced.
2026-10-07T22:21:00.2998239Z 
2026-10-07T22:21:00.2998961Z Hint: The binding can be removed (if unused) or named `_` (if used implicitly). Alternatively, prefix the name with `_` to silence this warning:
2026-10-07T22:21:00.2999091Z   [apply] _P
2026-10-07T22:21:00.2999096Z 
2026-10-07T22:21:00.2999470Z Note: This linter can be disabled with `set_option linter.unusedVariables false`
2026-10-07T22:21:00.3000035Z warning: OIBridge/DitaTorusLocus.lean:5421:6: Variable name `Hu` is not explicitly referenced.
2026-10-07T22:21:00.3000041Z 
2026-10-07T22:21:00.3000760Z Hint: The binding can be removed (if unused) or named `_` (if used implicitly). Alternatively, prefix the name with `_` to silence this warning:
2026-10-07T22:21:00.3000890Z   [apply] _Hu
2026-10-07T22:21:00.3000895Z 
2026-10-07T22:21:00.3001281Z Note: This linter can be disabled with `set_option linter.unusedVariables false`
2026-10-07T22:21:00.3002073Z info: OIBridge/DitaTorusLocus.lean:5512:0: 'OIBridge.DitaTorusLocus.a40_c_exclusive' depends on axioms: [propext, Classical.choice, Quot.sound]
2026-10-07T22:21:10.2854065Z ℹ [3638/3643] Built OIBridge.RelcSelectParity (11s)
2026-10-07T22:21:10.2884489Z info: OIBridge/RelcSelectParity.lean:365:0: 'OIBridge.RelcSelect.finrank_plus_eq_finrank_minus_relC' depends on axioms: [propext, Classical.choice, Quot.sound]
2026-10-07T22:21:10.2914413Z info: OIBridge/RelcSelectParity.lean:366:0: 'OIBridge.RelcSelect.not_even_of_relC' depends on axioms: [propext, Classical.choice, Quot.sound]
2026-10-07T22:21:17.8972351Z ℹ [3639/3643] Built OIBridge.RelcSelectC5 (19s)
2026-10-07T22:21:17.8974233Z info: OIBridge/RelcSelectC5.lean:404:0: 'OIBridge.RelcSelect.isNot_nC5' depends on axioms: [propext, Classical.choice, Quot.sound]
2026-10-07T22:21:17.8976416Z info: OIBridge/RelcSelectC5.lean:405:0: 'OIBridge.RelcSelect.gC5_frame' depends on axioms: [propext, Classical.choice, Quot.sound]
2026-10-07T22:21:17.8978212Z info: OIBridge/RelcSelectC5.lean:406:0: 'OIBridge.RelcSelect.gC5_relT' depends on axioms: [propext, Classical.choice, Quot.sound]
2026-10-07T22:21:17.8980180Z info: OIBridge/RelcSelectC5.lean:407:0: 'OIBridge.RelcSelect.gC5_not_relC' depends on axioms: [propext, Classical.choice, Quot.sound]
2026-10-07T22:21:17.8982114Z info: OIBridge/RelcSelectC5.lean:408:0: 'OIBridge.RelcSelect.selC5_target' depends on axioms: [propext, Classical.choice, Quot.sound]
2026-10-07T22:21:17.8984334Z info: OIBridge/RelcSelectC5.lean:409:0: 'OIBridge.RelcSelect.selC5_core' depends on axioms: [propext, Classical.choice, Quot.sound]
2026-10-07T22:21:17.8986786Z info: OIBridge/RelcSelectC5.lean:410:0: 'OIBridge.RelcSelect.prodEffVal_gC5_prodState' depends on axioms: [propext, Classical.choice, Quot.sound]
2026-10-07T22:21:17.8989111Z info: OIBridge/RelcSelectC5.lean:411:0: 'OIBridge.RelcSelect.gC5_posFwd' depends on axioms: [propext, Classical.choice, Quot.sound]
2026-10-07T22:21:17.8991169Z info: OIBridge/RelcSelectC5.lean:412:0: 'OIBridge.RelcSelect.gC5_posInv' depends on axioms: [propext, Classical.choice, Quot.sound]
2026-10-07T22:21:17.8993426Z info: OIBridge/RelcSelectC5.lean:413:0: 'OIBridge.RelcSelect.c5_sep' depends on axioms: [propext, Classical.choice, Quot.sound]
2026-10-07T22:21:17.8995509Z info: OIBridge/RelcSelectC5.lean:414:0: 'OIBridge.RelcSelect.not_nativeGate_gC5' depends on axioms: [propext, Classical.choice, Quot.sound]
2026-10-07T22:21:17.8997581Z info: OIBridge/RelcSelectC5.lean:415:0: 'OIBridge.RelcSelect.not_dim_of_relT' depends on axioms: [propext, Classical.choice, Quot.sound]
2026-10-07T22:21:19.1980731Z ℹ [3640/3643] Built OIBridge.RelcSelectSqueeze (20s)
2026-10-07T22:21:19.1994554Z info: OIBridge/RelcSelectSqueeze.lean:571:0: 'OIBridge.RelcSelect.frame_symm' depends on axioms: [propext, Classical.choice, Quot.sound]
2026-10-07T22:21:19.2024847Z info: OIBridge/RelcSelectSqueeze.lean:572:0: 'OIBridge.RelcSelect.relT_symm' depends on axioms: [propext, Classical.choice, Quot.sound]
2026-10-07T22:21:19.2054478Z info: OIBridge/RelcSelectSqueeze.lean:573:0: 'OIBridge.RelcSelect.relC_symm' depends on axioms: [propext, Classical.choice, Quot.sound]
2026-10-07T22:21:19.2084470Z info: OIBridge/RelcSelectSqueeze.lean:574:0: 'OIBridge.RelcSelect.gateRel_symm' depends on axioms: [propext, Classical.choice, Quot.sound]
2026-10-07T22:21:19.2114423Z info: OIBridge/RelcSelectSqueeze.lean:575:0: 'OIBridge.RelcSelect.gSq_frame' depends on axioms: [propext, Classical.choice, Quot.sound]
2026-10-07T22:21:19.2120865Z info: OIBridge/RelcSelectSqueeze.lean:576:0: 'OIBridge.RelcSelect.gateRel_gSq' depends on axioms: [propext, Classical.choice, Quot.sound]
2026-10-07T22:21:19.2123795Z info: OIBridge/RelcSelectSqueeze.lean:577:0: 'OIBridge.RelcSelect.pairVal_gSq_prodState' depends on axioms: [propext, Classical.choice, Quot.sound]
2026-10-07T22:21:19.2126192Z info: OIBridge/RelcSelectSqueeze.lean:578:0: 'OIBridge.RelcSelect.gSq_core' depends on axioms: [propext, Classical.choice, Quot.sound]
2026-10-07T22:21:19.2128441Z info: OIBridge/RelcSelectSqueeze.lean:579:0: 'OIBridge.RelcSelect.gSq_posFwd' depends on axioms: [propext, Classical.choice, Quot.sound]
2026-10-07T22:21:19.2130688Z info: OIBridge/RelcSelectSqueeze.lean:580:0: 'OIBridge.RelcSelect.gSq_symm_value' depends on axioms: [propext, Classical.choice, Quot.sound]
2026-10-07T22:21:19.2133234Z info: OIBridge/RelcSelectSqueeze.lean:581:0: 'OIBridge.RelcSelect.gSq_not_posInv' depends on axioms: [propext, Classical.choice, Quot.sound]
2026-10-07T22:21:19.2135533Z info: OIBridge/RelcSelectSqueeze.lean:582:0: 'OIBridge.RelcSelect.not_nativeGate_gSq' depends on axioms: [propext, Classical.choice, Quot.sound]
2026-10-07T22:21:19.2137908Z info: OIBridge/RelcSelectSqueeze.lean:583:0: 'OIBridge.RelcSelect.not_nativeGate_gSqInv' depends on axioms: [propext, Classical.choice, Quot.sound]
2026-10-07T22:21:19.2140521Z info: OIBridge/RelcSelectSqueeze.lean:584:0: 'OIBridge.RelcSelect.gSqInv_posInv' depends on axioms: [propext, Classical.choice, Quot.sound]
2026-10-07T22:21:19.2142939Z info: OIBridge/RelcSelectSqueeze.lean:585:0: 'OIBridge.RelcSelect.gSq_sep' depends on axioms: [propext, Classical.choice, Quot.sound]
2026-10-07T22:21:19.2145122Z info: OIBridge/RelcSelectSqueeze.lean:586:0: 'OIBridge.RelcSelect.gSqInv_sep' depends on axioms: [propext, Classical.choice, Quot.sound]
2026-10-07T22:21:19.2147352Z info: OIBridge/RelcSelectSqueeze.lean:587:0: 'OIBridge.RelcSelect.gCtl_value' depends on axioms: [propext, Classical.choice, Quot.sound]
2026-10-07T22:21:19.2149506Z info: OIBridge/RelcSelectSqueeze.lean:588:0: 'OIBridge.RelcSelect.gSq_ctl_test_value' depends on axioms: [propext, Classical.choice, Quot.sound]
2026-10-07T22:21:19.2151893Z info: OIBridge/RelcSelectSqueeze.lean:589:0: 'OIBridge.RelcSelect.gCtl_not_posFwd' depends on axioms: [propext, Classical.choice, Quot.sound]
2026-10-07T22:21:21.9058175Z ⚠ [3641/3643] Built OIBridge.RelcSelectBlock (11s)
2026-10-07T22:21:21.9059482Z warning: OIBridge/RelcSelectBlock.lean:602:23: This simp argument is unused:
2026-10-07T22:21:21.9060317Z   LinearMap.map_add₂
2026-10-07T22:21:21.9060584Z 
2026-10-07T22:21:21.9060839Z Hint: Omit it from the simp argument list.
2026-10-07T22:21:21.9062115Z   [apply] simp only [ht, map_add, LinearMap.map_smul₂, map_smul, LinearMap.add_apply, LinearMap.smul_apply, smul_eq_mul,
2026-10-07T22:21:21.9063466Z     hd00, hd0, hd0', hvv', eq_self_iff_true, if_true]
2026-10-07T22:21:21.9063866Z 
2026-10-07T22:21:21.9064287Z Note: This linter can be disabled with `set_option linter.unusedSimpArgs false`
2026-10-07T22:21:21.9065293Z warning: OIBridge/RelcSelectBlock.lean:602:52: This simp argument is unused:
2026-10-07T22:21:21.9066088Z   LinearMap.map_smul₂
2026-10-07T22:21:21.9066422Z 
2026-10-07T22:21:21.9066576Z Hint: Omit it from the simp argument list.
2026-10-07T22:21:21.9067357Z   [apply] simp only [ht, LinearMap.map_add₂, map_add, map_smul, LinearMap.add_apply, LinearMap.smul_apply, smul_eq_mul,
2026-10-07T22:21:21.9068248Z     hd00, hd0, hd0', hvv', eq_self_iff_true, if_true]
2026-10-07T22:21:21.9068527Z 
2026-10-07T22:21:21.9068805Z Note: This linter can be disabled with `set_option linter.unusedSimpArgs false`
2026-10-07T22:21:21.9069462Z warning: OIBridge/RelcSelectBlock.lean:604:10: This simp argument is unused:
2026-10-07T22:21:21.9069935Z   eq_self_iff_true
2026-10-07T22:21:21.9070095Z 
2026-10-07T22:21:21.9070226Z Hint: Omit it from the simp argument list.
2026-10-07T22:21:21.9070907Z   [apply] simp only [ht, LinearMap.map_add₂, map_add, LinearMap.map_smul₂, map_smul, LinearMap.add_apply,
2026-10-07T22:21:21.9071696Z     LinearMap.smul_apply, smul_eq_mul, hd00, hd0, hd0', hvv', if_true]
2026-10-07T22:21:21.9072030Z 
2026-10-07T22:21:21.9072302Z Note: This linter can be disabled with `set_option linter.unusedSimpArgs false`
2026-10-07T22:21:21.9073242Z warning: OIBridge/RelcSelectBlock.lean:618:25: This simp argument is unused:
2026-10-07T22:21:21.9073760Z   LinearMap.map_add₂
2026-10-07T22:21:21.9073930Z 
2026-10-07T22:21:21.9074071Z Hint: Omit it from the simp argument list.
2026-10-07T22:21:21.9074786Z   [apply] simp only [ht, hf, map_add, LinearMap.map_smul₂, map_smul, LinearMap.add_apply, LinearMap.smul_apply,
2026-10-07T22:21:21.9075404Z     smul_eq_mul, hd00, hd0, hd0', hS0', hS1']
2026-10-07T22:21:21.9075638Z 
2026-10-07T22:21:21.9075909Z Note: This linter can be disabled with `set_option linter.unusedSimpArgs false`
2026-10-07T22:21:21.9076550Z warning: OIBridge/RelcSelectBlock.lean:618:54: This simp argument is unused:
2026-10-07T22:21:21.9077044Z   LinearMap.map_smul₂
2026-10-07T22:21:21.9077215Z 
2026-10-07T22:21:21.9077353Z Hint: Omit it from the simp argument list.
2026-10-07T22:21:21.9078030Z   [apply] simp only [ht, hf, LinearMap.map_add₂, map_add, map_smul, LinearMap.add_apply, LinearMap.smul_apply,
2026-10-07T22:21:21.9078627Z     smul_eq_mul, hd00, hd0, hd0', hS0', hS1']
2026-10-07T22:21:21.9078864Z 
2026-10-07T22:21:21.9079253Z Note: This linter can be disabled with `set_option linter.unusedSimpArgs false`
2026-10-07T22:21:21.9079902Z warning: OIBridge/RelcSelectBlock.lean:619:70: This simp argument is unused:
2026-10-07T22:21:21.9080353Z   hd0
2026-10-07T22:21:21.9080482Z 
2026-10-07T22:21:21.9080613Z Hint: Omit it from the simp argument list.
2026-10-07T22:21:21.9081291Z   [apply] simp only [ht, hf, LinearMap.map_add₂, map_add, LinearMap.map_smul₂, map_smul, LinearMap.add_apply,
2026-10-07T22:21:21.9081952Z     LinearMap.smul_apply, smul_eq_mul, hd00, hd0', hS0', hS1']
2026-10-07T22:21:21.9082264Z 
2026-10-07T22:21:21.9082527Z Note: This linter can be disabled with `set_option linter.unusedSimpArgs false`
2026-10-07T22:21:21.9083497Z warning: OIBridge/RelcSelectBlock.lean:619:93: Used `tac1 <;> tac2` where `(tac1; tac2)` would suffice
2026-10-07T22:21:21.9083963Z 
2026-10-07T22:21:21.9084257Z Note: This linter can be disabled with `set_option linter.unnecessarySeqFocus false`
2026-10-07T22:21:21.9085317Z info: OIBridge/RelcSelectBlock.lean:761:0: 'OIBridge.RelcSelect.ctrlGate_of_nativeGate' depends on axioms: [propext, Classical.choice, Quot.sound]
2026-10-07T22:21:21.9086551Z info: OIBridge/RelcSelectBlock.lean:762:0: 'OIBridge.RelcSelect.actT_slice_ctrl' depends on axioms: [propext, Classical.choice, Quot.sound]
2026-10-07T22:21:21.9087757Z info: OIBridge/RelcSelectBlock.lean:763:0: 'OIBridge.RelcSelect.blockData_of_ctrlGate' depends on axioms: [propext, Classical.choice, Quot.sound]
2026-10-07T22:21:21.9088951Z info: OIBridge/RelcSelectBlock.lean:764:0: 'OIBridge.RelcSelect.dim_of_ctrlGate' depends on axioms: [propext, Classical.choice, Quot.sound]
2026-10-07T22:21:21.9090115Z info: OIBridge/RelcSelectBlock.lean:765:0: 'OIBridge.RelcSelect.three_of_ctrlGate' depends on axioms: [propext, Classical.choice, Quot.sound]
2026-10-07T22:21:29.7160996Z ℹ [3642/3643] Built OIBridge (7.8s)
2026-10-07T22:21:29.7162367Z info: OIBridge.lean:853:0: 'OIBridge.LinkJoin.char_two_subset_ne_link' depends on axioms: [propext, Classical.choice, Quot.sound]
2026-10-07T22:21:29.7164977Z info: OIBridge.lean:854:0: 'OIBridge.LinkJoin.char_multiset_collision' depends on axioms: [propext, Classical.choice, Quot.sound]
2026-10-07T22:21:29.7166617Z info: OIBridge.lean:855:0: 'OIBridge.LinkJoin.sum_sq_collision' depends on axioms: [propext, Classical.choice, Quot.sound]
2026-10-07T22:21:29.7167996Z info: OIBridge.lean:856:0: 'OIBridge.LinkJoin.sum_cube_collision' depends on axioms: [propext, Classical.choice, Quot.sound]
2026-10-07T22:21:29.7169538Z info: OIBridge.lean:857:0: 'OIBridge.LinkJoin.faceEquivLink_op' depends on axioms: [propext, Classical.choice, Quot.sound]
2026-10-07T22:21:29.7170755Z info: OIBridge.lean:858:0: 'OIBridge.LinkJoin.act_op' depends on axioms: [propext, Classical.choice, Quot.sound]
2026-10-07T22:21:29.7172316Z info: OIBridge.lean:859:0: 'OIBridge.LinkJoin.sym_linkHom' depends on axioms: [propext, Classical.choice, Quot.sound]
2026-10-07T22:21:29.7173962Z info: OIBridge.lean:860:0: 'OIBridge.LinkJoin.act_injective' depends on axioms: [propext, Classical.choice, Quot.sound]
2026-10-07T22:21:29.7175871Z info: OIBridge.lean:861:0: 'OIBridge.LinkJoin.linkHom_injective' depends on axioms: [propext, Classical.choice, Quot.sound]
2026-10-07T22:21:29.7177338Z info: OIBridge.lean:862:0: 'OIBridge.LinkJoin.character_rhoLink' depends on axioms: [propext, Classical.choice, Quot.sound]
2026-10-07T22:21:29.7178592Z info: OIBridge.lean:863:0: 'OIBridge.LinkJoin.rhoLink_comm_PT' depends on axioms: [propext, Classical.choice, Quot.sound]
2026-10-07T22:21:29.7179853Z info: OIBridge.lean:864:0: 'OIBridge.LinkJoin.character_restrict_PT' depends on axioms: [propext, Classical.choice, Quot.sound]
2026-10-07T22:21:29.7181116Z info: OIBridge.lean:865:0: 'OIBridge.LinkJoin.character_PA_eq_one' depends on axioms: [propext, Classical.choice, Quot.sound]
2026-10-07T22:21:29.7182347Z info: OIBridge.lean:866:0: 'OIBridge.LinkJoin.character_sum' depends on axioms: [propext, Classical.choice, Quot.sound]
2026-10-07T22:21:29.7213837Z info: OIBridge.lean:867:0: 'OIBridge.LinkJoin.character_rhoT' depends on axioms: [propext, Classical.choice, Quot.sound]
2026-10-07T22:21:29.7215235Z info: OIBridge.lean:868:0: 'OIBridge.LinkJoin.character_rhoE' depends on axioms: [propext, Classical.choice, Quot.sound]
2026-10-07T22:21:29.7216445Z info: OIBridge.lean:869:0: 'OIBridge.LinkJoin.character_rhoA' depends on axioms: [propext, Classical.choice, Quot.sound]
2026-10-07T22:21:29.7217696Z info: OIBridge.lean:870:0: 'OIBridge.LinkJoin.character_rhoA_eq_one' depends on axioms: [propext, Classical.choice, Quot.sound]
2026-10-07T22:21:29.7218989Z info: OIBridge.lean:871:0: 'OIBridge.LinkJoin.character_rhoLink_eq_sum' depends on axioms: [propext, Classical.choice, Quot.sound]
2026-10-07T22:21:29.7301453Z Build completed successfully (3643 jobs).
2026-10-07T22:21:29.7693642Z TIMING lake-exe-cache-get 88s
2026-10-07T22:21:29.7694447Z TIMING lake-rehash-build 37s
2026-10-07T22:21:29.7741008Z ##[group]Run python3 tools/release_gate.py
2026-10-07T22:21:29.7741371Z [36;1mpython3 tools/release_gate.py[0m
2026-10-07T22:21:29.7850527Z shell: /usr/bin/bash -e {0}
2026-10-07T22:21:29.7850796Z ##[endgroup]
2026-10-07T22:22:16.9472183Z release gate
2026-10-07T22:22:16.9472517Z ====================================================================
2026-10-07T22:22:16.9473549Z   PASS  toolchain        toolchain_check: OK (build entry present, unicode-fix.tex co
2026-10-07T22:22:16.9474426Z   PASS  staleness        staleness_check: OK (13 matched, 0 unstamped)
2026-10-07T22:22:16.9475313Z   PASS  baseline-label   baseline_label_check: OK (no baseline archives named)
2026-10-07T22:22:16.9475946Z   PASS  voice            voice_check: OK (no manuscript-voice history narration; 40 m
2026-10-07T22:22:16.9476661Z   PASS  voice-scope      voice_scope_test: OK (6 scope case(s); the checker scans the
2026-10-07T22:22:16.9477611Z   PASS  ci-gate-presence ci_gate_presence_test: OK (CI runs the real release gate)
2026-10-07T22:22:16.9478200Z   PASS  artifact-placement artifact_placement_check: OK (no unaccounted root artifact; 
2026-10-07T22:22:16.9478814Z   PASS  manifest-drift   build_migration_manifest --check: OK (91 artifacts; both gen
2026-10-07T22:22:16.9479386Z   PASS  claims           claims_check: OK (no withdrawn result asserted unconditional
2026-10-07T22:22:16.9479914Z   PASS  duplicate        duplicate_check: OK (no paragraph repeated within a file)
2026-10-07T22:22:16.9480427Z   PASS  mirror           mirror_check: 0 chapter line(s) absent from FULL.md
2026-10-07T22:22:16.9480933Z   PASS  citation         citation_check: 112 citation(s), 0 broken, 0 duplicate bib n
2026-10-07T22:22:16.9481486Z   PASS  architecture     architecture_check: 259 invariant(s), 0 violation(s), 0 self
2026-10-07T22:22:16.9487013Z   PASS  dependency-label dependency_label_check: OK (no stale dependency label, 41 fi
2026-10-07T22:22:16.9487659Z   PASS  coverage         coverage_check: OK (129 canonical statements, 19 unattached 
2026-10-07T22:22:16.9488196Z   PASS  lean-axioms      lean_axiom_check: OK (5864 named result(s) reported, no sorr
2026-10-07T22:22:16.9488762Z   PASS  lean-manuscript  lean_manuscript_census: OK (every cited identifier and path 
2026-10-07T22:22:16.9489320Z   PASS  legacy-records   LEGACY  303 record(s) in 75 closed namespace(s), all intact
2026-10-07T22:22:16.9489779Z   PASS  v3-self-test     v3_verifier: self-test OK
2026-10-07T22:22:16.9490181Z   PASS  v3-corpus        CORPUS  140 vector(s), exact and as expected
2026-10-07T22:22:16.9490596Z   PASS  v3-receipts      RECEIPTS  41 receipt(s), all hold
2026-10-07T22:22:16.9490944Z ====================================================================
2026-10-07T22:22:16.9491442Z release gate: PASS  (note: --label bNNN not given, so the baseline check ran in relative mode only)
2026-10-07T22:22:17.4210015Z Post job cleanup.
2026-10-07T22:22:17.6387671Z (node:24768) [DEP0040] DeprecationWarning: The `punycode` module is deprecated. Please use a userland alternative instead.
2026-10-07T22:22:17.6388446Z (Use `node --trace-deprecation ...` to show where the warning was created)
2026-10-07T22:22:17.6576738Z [command]/usr/bin/tar --posix -cf cache.tzst --exclude cache.tzst -P -C /home/runner/work/incompleteness/incompleteness --files-from manifest.txt --use-compress-program zstdmt
2026-10-07T22:22:19.7304610Z (node:24768) [DEP0169] DeprecationWarning: `url.parse()` behavior is not standardized and prone to errors that have security implications. Use the WHATWG URL API instead. CVEs are not issued for `url.parse()` vulnerabilities.
2026-10-07T22:22:20.7207600Z Sent 75361179 of 142470043 (52.9%), 71.8 MBs/sec
2026-10-07T22:22:21.0480025Z Sent 142470043 of 142470043 (100.0%), 102.3 MBs/sec
2026-10-07T22:22:21.2180000Z Cache saved with key: oibridge-Linux-324962b2357195e1544c06a1936656a7dafa7cf303e07c9c08c1e5a3b289622d-a8bad5231751d756711c3f1ade04ab9f9732b91c66a6461e29df4eb210574a29
2026-10-07T22:22:21.2356507Z Post job cleanup.
2026-10-07T22:22:21.3250683Z [command]/usr/bin/git version
2026-10-07T22:22:21.3296503Z git version 2.55.0
2026-10-07T22:22:21.3338558Z Temporarily overriding HOME='/home/runner/work/_temp/9926cd0a-9021-46cc-833c-d9096211c1a5' before making global git config changes
2026-10-07T22:22:21.3340095Z Adding repository directory to the temporary git global config as a safe directory
2026-10-07T22:22:21.3346997Z [command]/usr/bin/git config --global --add safe.directory /home/runner/work/incompleteness/incompleteness
2026-10-07T22:22:21.3385095Z [command]/usr/bin/git config --local --name-only --get-regexp core\.sshCommand
2026-10-07T22:22:21.3420017Z [command]/usr/bin/git submodule foreach --recursive sh -c "git config --local --name-only --get-regexp 'core\.sshCommand' && git config --local --unset-all 'core.sshCommand' || :"
2026-10-07T22:22:21.3687734Z [command]/usr/bin/git config --local --name-only --get-regexp http\.https\:\/\/github\.com\/\.extraheader
2026-10-07T22:22:21.3717194Z http.https://github.com/.extraheader
2026-10-07T22:22:21.3729036Z [command]/usr/bin/git config --local --unset-all http.https://github.com/.extraheader
2026-10-07T22:22:21.3772236Z [command]/usr/bin/git submodule foreach --recursive sh -c "git config --local --name-only --get-regexp 'http\.https\:\/\/github\.com\/\.extraheader' && git config --local --unset-all 'http.https://github.com/.extraheader' || :"
2026-10-07T22:22:21.4038394Z [command]/usr/bin/git config --local --name-only --get-regexp ^includeIf\.gitdir:
2026-10-07T22:22:21.4076318Z [command]/usr/bin/git submodule foreach --recursive git config --local --show-origin --name-only --get-regexp remote.origin.url
2026-10-07T22:22:21.4491042Z Cleaning up orphan processes
2026-10-07T22:22:21.4802098Z ##[warning]Node.js 20 is deprecated. The following actions target Node.js 20 but are being forced to run on Node.js 24: actions/cache@v4, actions/checkout@v4. For more information see: https://github.blog/changelog/2025-09-19-deprecation-of-node-20-on-github-actions-runners/